-2.5943,-2.2082,-1.7343,-1.3263,-1.061,-0.7639,-0.52274,-0.376,-0.22012,-0.11919,-0.055949,-0.015174,-0.0010307,-0.00038934,-0.0018766,0.0015542,0.019461,0.043617,0.082248,0.14784,0.23555,0.30503,0.40604,0.52716,0.62089,0.73815,0.86278,0.94674,1.0435,1.1272,1.1864,1.2181,1.2393,1.2283,1.2067,1.1559,1.0658,0.93259,0.81849,0.62515,0.39971,0.21045,-0.066818,-0.38612,-0.65113,-1.0403,-1.456,-1.8961,-2.2409,-2.682,-3.1123,-3.4229,-3.7997,-4.1422,-4.3847,-4.6378,-4.8738,-5.0907,-5.2371,-5.4802,-5.76,-6.0082,-6.4214,-6.9385,-7.5441,-8.0942,-9.0085,-10.095,-11.105,-12.609,-14.508,-16.239,-18.951,-21.654,-22.731,-21.412,-18.809,-16.311,-14.707,-12.809,-11.152,-9.9988,-8.5633,-7.2069,-5.9217,-5.0118,-3.8423,-2.7365,-1.9437,-0.91206,0.06278,0.99228,1.6602,2.5083,3.3088,3.8681,4.5825,5.2397,5.6961,6.2688,6.7883,7.26,7.5811,7.9653,8.3028,8.5206,8.7688,8.9633,9.074,9.1697,9.2137,9.189,9.1344,9.0136,8.8296,8.6515,8.3586,8.0051,7.5885,7.2383,6.7304,6.1943,5.784,5.2378,4.7258,4.3902,4.0134,3.7449,3.5829,3.5254,3.499,3.5338,3.5722,3.6219,3.6512,3.6579,3.6308,3.564,3.4628,3.3626,3.2249,3.0925,3.006,2.9287,2.9415,3.0498,3.197,3.4863,3.8407,4.1198,4.5182,4.9154,5.2104,5.5867,5.9497,6.3001,6.5558,6.8813,7.1907,7.4224,7.7186,8.0033,8.2096,8.4853,8.7583,9.0371,9.2538,9.5456,9.853,10.091,10.419,10.749,11.084,11.344,11.682,12.015,12.26,12.573,12.867,13.072,13.321,13.539,13.72,13.829,13.941,14.01,14.031,14.02,13.951,13.865,13.697,13.467,13.17,12.904,12.485,11.987,11.559,10.914,10.18,9.3461
1.8398,2.1415,2.4239,2.5766,2.6087,2.5251,2.2865,2.0115,1.4954,0.79424,-0.11257,-0.94771,-2.2798,-3.8883,-5.2593,-7.1414,-8.4629,-8.5486,-7.4325,-5.7342,-4.0955,-3.034,-1.8393,-0.88082,-0.30875,0.29917,0.74446,0.98203,1.1808,1.2592,1.2148,1.118,0.90774,0.61336,0.35046,-0.042503,-0.46625,-0.88739,-1.1851,-1.5505,-1.8714,-2.0907,-2.365,-2.6744,-2.948,-3.4194,-4.0547,-4.9465,-5.8127,-7.3447,-9.5114,-11.808,-16.681,-29.353,-24.707,-15.266,-10.99,-8.3168,-6.8819,-5.4715,-4.4831,-3.958,-3.4906,-3.2608,-3.257,-3.3688,-3.671,-4.1163,-4.5416,-5.225,-6.0124,-6.6417,-7.5407,-8.4992,-9.5431,-10.437,-11.872,-13.779,-15.694,-19.548,-25.214,-23.964,-17.513,-13.109,-9.9635,-8.1231,-6.0945,-4.4262,-3.3468,-2.0796,-0.93899,0.089926,0.82389,1.7783,2.7059,3.3968,4.3101,5.2093,5.8641,6.7019,7.4949,8.2253,8.7319,9.3476,9.8877,10.243,10.654,10.99,11.195,11.408,11.56,11.655,11.693,11.705,11.681,11.643,11.572,11.483,11.384,11.305,11.197,11.09,11.01,10.908,10.811,10.739,10.646,10.549,10.448,10.361,10.231,10.081,9.9519,9.7519,9.5217,9.3296,9.0453,8.7376,8.4162,8.1719,7.8546,7.5653,7.3786,7.1869,7.0775,7.0623,7.1159,7.2659,7.4964,7.7061,8.0251,8.3636,8.6154,8.9379,9.2356,9.4908,9.6541,9.8191,9.9216,9.9545,9.9326,9.8301,9.7027,9.4613,9.1427,8.7572,8.4396,8.0097,7.6233,7.4165,7.3229,7.4904,7.9447,8.4311,9.2031,10.037,10.664,11.455,12.171,12.65,13.207,13.667,14.033,14.249,14.463,14.596,14.648,14.656,14.602,14.523,14.368,14.16,13.899,13.666,13.309,12.893,12.539,12.005,11.394,10.702
3.1266,3.316,3.464,3.4916,3.4176,3.2105,2.8634,2.5104,1.9162,1.1565,0.25596,-0.51204,-1.6313,-2.8068,-3.6675,-4.6611,-5.2837,-5.4531,-5.2932,-4.8246,-4.2191,-3.7321,-3.145,-2.6299,-2.3034,-1.9643,-1.7516,-1.6605,-1.6728,-1.8562,-2.214,-2.6189,-3.3647,-4.3984,-5.412,-7.1759,-9.6296,-13.309,-17.736,-31.658,-19.554,-14.68,-10.937,-8.6016,-7.3531,-6.1714,-5.3816,-4.8712,-4.6306,-4.4591,-4.3984,-4.3573,-4.2916,-4.1402,-3.9476,-3.5688,-3.0951,-2.5675,-2.1683,-1.6647,-1.2228,-0.93119,-0.62348,-0.41064,-0.29413,-0.26642,-0.29085,-0.38343,-0.49671,-0.68113,-0.91666,-1.1148,-1.395,-1.7023,-2.004,-2.2484,-2.5496,-2.832,-3.0196,-3.2317,-3.3783,-3.4553,-3.4717,-3.4272,-3.3505,-3.2936,-3.2863,-3.4276,-3.6376,-4.1707,-5.0642,-6.4719,-7.9912,-10.801,-13.209,-11.83,-7.6315,-3.9877,-1.8227,0.49499,2.3361,3.8109,4.7157,5.6984,6.4526,6.8832,7.2893,7.5221,7.5887,7.539,7.353,7.0444,6.7475,6.2881,5.8094,5.4702,5.108,4.9088,4.9224,5.0603,5.3944,5.8354,6.1961,6.6747,7.1164,7.4099,7.7333,7.9776,8.136,8.1958,8.1923,8.0894,7.947,7.6595,7.2457,6.8455,6.1912,5.3708,4.3573,3.4505,2.0072,0.22355,-1.3817,-3.8962,-6.3648,-6.9973,-5.6816,-3.1926,-0.92182,0.49992,2.0611,3.3204,4.1093,4.9827,5.6914,6.2644,6.603,6.9424,7.1678,7.2601,7.2785,7.1642,6.9903,6.6164,6.0557,5.2711,4.4968,3.1649,1.3994,-0.22848,-2.5759,-3.6443,-1.8845,0.18897,2.7483,4.8185,6.0703,7.4063,8.424,9.0074,9.5679,9.9168,10.061,10.049,9.8825,9.5627,9.2361,8.7089,8.1329,7.7043,7.2093,6.8591,6.6998,6.7026,6.8255,7.0213,7.1751,7.3428,7.4433,7.464
3.4825,3.6115,3.7231,3.7381,3.6812,3.5132,3.2367,2.9634,2.5029,1.9374,1.2725,0.70699,-0.12441,-1.0271,-1.751,-2.7656,-3.8205,-4.6211,-5.6729,-6.6271,-7.3293,-7.6095,-7.5683,-7.0989,-6.5805,-5.837,-5.1407,-4.697,-4.2773,-4.0383,-3.9933,-4.0715,-4.3114,-4.7163,-5.106,-5.7021,-6.3039,-6.8457,-7.1167,-7.2441,-7.071,-6.7661,-6.2104,-5.5616,-5.0437,-4.4074,-3.841,-3.344,-3.0132,-2.6581,-2.3662,-2.179,-1.965,-1.781,-1.6365,-1.4594,-1.2788,-1.0989,-0.96346,-0.79937,-0.63899,-0.52793,-0.39639,-0.29365,-0.21481,-0.17956,-0.1527,-0.1462,-0.16243,-0.20103,-0.25554,-0.30303,-0.36352,-0.41487,-0.46631,-0.49337,-0.51732,-0.51915,-0.50861,-0.46843,-0.41101,-0.3533,-0.2601,-0.1602,-0.079418,-0.030363,-0.016952,-0.06664,-0.15176,-0.31827,-0.55905,-0.83366,-1.0379,-1.2363,-1.2289,-1.0162,-0.44528,0.40032,1.1303,2.1421,3.0864,3.9128,4.4349,4.9805,5.3466,5.4925,5.5272,5.3583,5.0947,4.545,3.7455,2.6579,1.6011,-0.20225,-2.6625,-5.1833,-10.509,-26.209,-14.221,-8.6338,-4.529,-1.8949,-0.43013,1.0915,2.2847,2.9995,3.769,4.366,4.8137,5.0607,5.2726,5.35,5.3258,5.1854,4.9112,4.6152,4.108,3.4554,2.6619,1.9796,0.9637,-0.15154,-1.0016,-2.0513,-2.7983,-3.0357,-2.849,-2.2467,-1.4391,-0.81425,-0.03654,0.64351,1.0871,1.5798,1.9971,2.3336,2.552,2.8114,3.0617,3.2666,3.5381,3.8126,4.0229,4.277,4.4982,4.669,4.7721,4.8793,4.9841,5.0798,5.2656,5.5484,5.9285,6.2764,6.7828,7.3016,7.6686,8.0784,8.3848,8.5185,8.5513,8.393,8.0233,7.5843,6.76,5.6061,4.478,2.5075,-0.21404,-3.0756,-9.2639,-20.131,-9.0223,-4.9015,-1.6337,0.44022,1.5397,2.6054,3.3401,3.8312
2.7265,3.0213,3.3121,3.4878,3.5324,3.4951,3.347,3.1705,2.8482,2.4405,1.9329,1.4854,0.79302,-0.045536,-0.76968,-1.9017,-3.2893,-4.5369,-6.6177,-9.2008,-12.249,-13.92,-13.09,-10.404,-8.5397,-6.6434,-5.2781,-4.5465,-3.9021,-3.5651,-3.5226,-3.6564,-4.0141,-4.5452,-5.0369,-5.7676,-6.467,-7.0198,-7.2577,-7.2693,-6.9336,-6.4914,-5.8093,-5.0544,-4.5009,-3.8274,-3.2753,-2.8462,-2.6008,-2.3927,-2.3018,-2.3102,-2.3941,-2.5439,-2.6771,-2.8456,-2.9846,-3.0596,-3.0618,-3.0172,-2.929,-2.8425,-2.7535,-2.6737,-2.5974,-2.5669,-2.545,-2.5379,-2.5509,-2.5813,-2.6141,-2.6451,-2.7008,-2.7736,-2.8369,-2.8572,-2.8364,-2.7305,-2.5863,-2.2815,-1.8522,-1.4784,-0.91624,-0.33736,0.22129,0.61218,1.0959,1.5223,1.8076,2.1461,2.4514,2.7407,2.9442,3.228,3.5235,3.7683,4.1034,4.4607,4.7335,5.0819,5.3931,5.65,5.8032,5.9201,5.9265,5.8495,5.6362,5.2816,4.9151,4.2926,3.506,2.5644,1.7469,0.55528,-0.68168,-1.5895,-2.6463,-3.3929,-3.7192,-3.7006,-3.3746,-2.8053,-2.2961,-1.4815,-0.64604,-0.031379,0.72856,1.3968,1.9503,2.2916,2.6379,2.8613,2.941,2.9739,2.8996,2.7822,2.5511,2.2449,1.8668,1.5693,1.129,0.67699,0.34983,-0.054223,-0.41914,-0.69269,-0.8551,-1.0007,-1.091,-1.1248,-1.2322,-1.3706,-1.5405,-1.8969,-2.4626,-3.2134,-3.8991,-4.7888,-5.352,-5.2666,-4.3654,-2.9179,-1.7362,-0.23243,1.0793,2.2083,2.9542,3.8255,4.597,5.1316,5.7938,6.4118,6.9879,7.392,7.8834,8.3268,8.6049,8.9109,9.1184,9.2011,9.1965,9.0429,8.7405,8.4055,7.8153,7.0579,6.388,5.3936,4.3277,3.5354,2.572,1.8204,1.2797,0.99597,0.71854,0.49779,0.38407,0.3065,0.38197,0.64747
0.83064,1.2879,1.6678,1.8134,1.7804,1.6144,1.3216,1.07,0.72833,0.44279,0.22868,0.13822,0.064235,0.00092483,-0.061819,-0.20975,-0.41531,-0.61464,-0.9104,-1.1721,-1.3874,-1.4712,-1.4775,-1.3871,-1.2748,-1.1061,-0.99091,-0.96137,-1.0479,-1.3039,-1.7892,-2.3181,-3.272,-4.5698,-5.8258,-8.0202,-11.229,-16.523,-24.366,-21.499,-13.963,-10.818,-8.0619,-6.1655,-5.0999,-4.0445,-3.3313,-2.9288,-2.8,-2.9121,-3.315,-3.8294,-4.8142,-6.2217,-7.5861,-9.7281,-11.826,-12.599,-11.87,-10.224,-8.7703,-7.9708,-7.3913,-7.2854,-7.5633,-7.9659,-8.6346,-9.1437,-9.2522,-8.9585,-8.3962,-7.9919,-7.6385,-7.6756,-8.1952,-8.953,-10.522,-12.602,-13.697,-12.664,-9.7862,-7.6837,-5.3763,-3.5997,-2.2505,-1.4693,-0.62543,0.044036,0.46287,0.93488,1.364,1.7702,2.0758,2.4967,2.9169,3.2346,3.6505,4.0275,4.2782,4.553,4.7627,4.8952,4.945,4.9318,4.829,4.702,4.4502,4.103,3.7689,3.246,2.5954,1.8195,1.1423,0.16105,-0.9848,-1.9776,-3.4826,-5.2729,-7.4459,-9.3514,-11.973,-12.903,-11.599,-8.9066,-6.5244,-5.0804,-3.5584,-2.5021,-1.7907,-1.4528,-1.2408,-1.2422,-1.3233,-1.4761,-1.6012,-1.6405,-1.6213,-1.5634,-1.5551,-1.6081,-1.798,-2.1545,-2.5206,-3.134,-3.9088,-4.7403,-5.3018,-5.8207,-5.9037,-5.6657,-5.1775,-4.7058,-4.5018,-4.4755,-4.876,-5.7408,-6.7215,-8.4154,-10.191,-10.623,-9.2536,-6.7822,-5.1081,-3.2675,-1.8566,-0.79101,-0.1301,0.65547,1.4361,2.0109,2.8256,3.6732,4.5275,5.1576,5.9477,6.6696,7.1516,7.7117,8.1514,8.403,8.6454,8.7628,8.7552,8.6642,8.4431,8.109,7.7835,7.2591,6.6108,6.0466,5.1817,4.1766,2.953,1.8593,0.03278,-2.419,-4.9899,-10.427,-26.216,-12.934
1.1326,1.3655,1.3239,0.88514,0.27498,-0.98982,-2.8755,-4.7944,-8.0967,-10.751,-9.1452,-6.7481,-4.0835,-2.1837,-1.129,-0.1167,0.56296,0.90735,1.2143,1.3826,1.4586,1.4753,1.4826,1.4591,1.4335,1.4077,1.335,1.2475,1.0744,0.80452,0.41465,0.040065,-0.56977,-1.3134,-1.94,-2.8212,-3.677,-4.3945,-4.7509,-4.9183,-4.7866,-4.4822,-3.9373,-3.3269,-2.8819,-2.3554,-1.9433,-1.6778,-1.591,-1.6749,-1.9901,-2.4084,-3.2357,-4.3898,-5.4413,-6.9768,-8.248,-8.6339,-8.2674,-7.3362,-6.5015,-6.0951,-5.9602,-6.3819,-7.4532,-8.7773,-11.303,-14.363,-15.209,-12.785,-9.8233,-8.2147,-6.7751,-6.0468,-5.9175,-6.1293,-6.7041,-7.34,-7.5872,-7.2565,-6.2037,-5.216,-3.9874,-3.0609,-2.4826,-2.2772,-2.2802,-2.587,-2.9676,-3.5385,-3.9813,-3.9631,-3.5186,-2.5486,-1.4041,-0.58147,0.36687,1.0688,1.4847,1.8414,2.0083,1.9924,1.9022,1.6898,1.4229,1.2261,0.96815,0.77034,0.63515,0.45614,0.23835,-0.03435,-0.33023,-0.84658,-1.5547,-2.2113,-3.2311,-4.4372,-5.7785,-6.7815,-7.8568,-8.2198,-7.8067,-6.7161,-5.4405,-4.6179,-3.7755,-3.3159,-3.2663,-3.536,-4.3568,-5.8239,-7.4433,-10.613,-14.679,-15.334,-11.543,-8.1266,-5.8962,-4.8036,-3.9435,-3.7194,-3.9136,-4.7257,-6.1822,-8.547,-11.159,-15.694,-14.993,-11.333,-7.6192,-5.1242,-3.8425,-2.6513,-1.9156,-1.493,-1.2983,-1.2059,-1.2549,-1.2981,-1.3615,-1.4189,-1.5355,-1.8783,-2.4877,-3.4587,-4.4684,-6.1945,-7.8001,-7.9452,-6.086,-3.4444,-1.0822,0.40706,2.0498,3.3514,4.1427,4.9878,5.6495,6.0439,6.468,6.8009,7.0742,7.2359,7.4083,7.5176,7.539,7.4849,7.3171,7.1076,6.6972,6.1421,5.4171,4.7909,3.8138,2.7509,1.9629,1.0394,0.40112,0.14094
2.9195,2.8901,2.6343,2.1143,1.5455,0.57238,-0.63035,-1.6032,-2.7914,-3.4453,-3.2692,-2.7147,-1.7502,-0.83982,-0.28376,0.24627,0.55172,0.62715,0.55142,0.31056,-0.054289,-0.3803,-0.79381,-1.089,-1.1823,-1.1455,-0.92865,-0.71345,-0.43368,-0.2067,-0.093942,-0.10817,-0.28427,-0.63277,-0.99352,-1.6059,-2.3277,-3.1215,-3.7554,-4.5693,-5.2407,-5.5546,-5.6509,-5.316,-4.8511,-4.0365,-3.1963,-2.418,-1.9342,-1.4052,-1.0472,-0.8813,-0.77102,-0.75826,-0.79053,-0.86984,-0.90962,-0.89969,-0.86596,-0.79381,-0.72945,-0.7056,-0.74677,-0.86358,-1.0553,-1.2257,-1.4326,-1.5551,-1.5598,-1.4261,-1.165,-0.93078,-0.63353,-0.38475,-0.22865,-0.15952,-0.13354,-0.14025,-0.15599,-0.18035,-0.204,-0.2528,-0.39241,-0.67735,-1.1525,-1.6713,-2.7006,-4.2412,-5.8217,-8.8012,-13.095,-15.718,-12.961,-8.7939,-5.9672,-4.4862,-3.1165,-2.2779,-1.946,-1.8734,-2.1743,-2.8954,-3.7219,-5.244,-7.1567,-8.6281,-9.7104,-8.9994,-7.8088,-6.1562,-4.9244,-4.1332,-3.8118,-3.6518,-3.7282,-3.889,-4.1922,-4.4864,-4.7084,-4.7569,-4.685,-4.4319,-4.1307,-3.6559,-3.1419,-2.7884,-2.4318,-2.2592,-2.3103,-2.5037,-2.9748,-3.7043,-4.397,-5.3792,-6.0002,-5.9906,-5.4017,-4.4984,-3.6028,-2.989,-2.3436,-1.9224,-1.7561,-1.7021,-1.7753,-1.8986,-1.9583,-1.8979,-1.6412,-1.3077,-0.74147,-0.10303,0.37046,0.95063,1.4022,1.7066,1.819,1.8469,1.7637,1.6196,1.3028,0.81305,0.31331,-0.51179,-1.5796,-2.8968,-4.0703,-5.7375,-7.0774,-7.332,-6.4825,-4.9058,-3.2716,-2.1971,-1.0193,-0.14445,0.29363,0.60633,0.65338,0.56586,0.41502,0.4132,0.76152,1.2968,2.2413,3.2839,4.0176,4.8589,5.4971,5.8353,6.1006,6.1556,6.0272,5.8226,5.4201,4.8934,4.4245,3.7093,2.9195,2.0492
3.7172,3.6162,3.3948,3.0866,2.8026,2.3793,1.9363,1.6233,1.2536,0.97402,0.78445,0.70196,0.63035,0.56629,0.47595,0.2713,-0.10569,-0.52575,-1.3332,-2.4948,-4.1462,-5.8182,-8.8918,-13.248,-15.643,-12.35,-8.3402,-6.1473,-4.0897,-2.7073,-1.8356,-1.4412,-1.2311,-1.3411,-1.6398,-2.3073,-3.3186,-4.7492,-6.1831,-8.7304,-12.688,-17.798,-36.701,-16.741,-12.273,-8.7236,-6.3773,-4.7039,-3.7399,-2.7305,-1.9442,-1.476,-0.9671,-0.5494,-0.28069,0.039065,0.30924,0.55336,0.7281,0.94556,1.1352,1.252,1.389,1.4958,1.5827,1.6452,1.72,1.7943,1.8524,1.9405,2.0266,2.0811,2.1402,2.1819,2.192,2.1745,2.111,2.0068,1.893,1.7097,1.4794,1.2615,0.90896,0.48551,-0.029637,-0.48043,-1.1743,-1.9453,-2.5343,-3.2796,-3.8829,-4.2692,-4.3846,-4.3386,-4.1624,-4.0141,-3.8625,-3.8024,-3.8408,-4.0816,-4.5696,-5.3633,-6.1913,-7.6401,-9.4782,-10.864,-11.775,-10.893,-9.6161,-7.9688,-6.7881,-6.1302,-5.9953,-6.2225,-6.9504,-7.7776,-9.3377,-11.079,-12.207,-11.928,-10.172,-8.0825,-6.6616,-5.0898,-3.8724,-3.1648,-2.4335,-1.9153,-1.5982,-1.4697,-1.4333,-1.4941,-1.5795,-1.7023,-1.8049,-1.8399,-1.8107,-1.7181,-1.5872,-1.4773,-1.3276,-1.1599,-1.0433,-0.87131,-0.6799,-0.4662,-0.26898,0.010829,0.36564,0.65694,1.0802,1.4961,1.7944,2.1443,2.4415,2.6395,2.716,2.7119,2.5716,2.3796,1.9819,1.4196,0.90154,0.087316,-0.86437,-1.8764,-2.6418,-3.5487,-4.2573,-4.5801,-4.7265,-4.5119,-4.0086,-3.5441,-2.9796,-2.6438,-2.6107,-2.9494,-3.8502,-5.0481,-7.8724,-13.704,-21.214,-11.741,-5.4628,-1.8253,0.091805,1.9683,3.2914,4.0149,4.6641,5.0352,5.1486,5.1045,4.8645,4.4341,3.9949,3.251,2.3198,1.1586
3.459,3.2664,2.9546,2.5671,2.2482,1.8125,1.3922,1.0964,0.7613,0.51922,0.36192,0.29696,0.23898,0.18848,0.12682,-0.011034,-0.26352,-0.54677,-1.0798,-1.8232,-2.7565,-3.5826,-4.7187,-5.6053,-5.8182,-5.3513,-4.3016,-3.3918,-2.2462,-1.3206,-0.66841,-0.35326,-0.1619,-0.20232,-0.38749,-0.84684,-1.538,-2.4195,-3.1926,-4.2951,-5.3876,-6.0484,-6.5489,-6.539,-6.2444,-5.678,-5.0527,-4.4857,-4.1096,-3.6605,-3.2746,-2.9884,-2.5893,-2.1601,-1.832,-1.3628,-0.88755,-0.42792,-0.10068,0.29877,0.66469,0.91323,1.1998,1.4436,1.6626,1.8065,1.9771,2.1306,2.2297,2.3482,2.4433,2.4958,2.5393,2.5294,2.4819,2.4092,2.2622,2.0602,1.8726,1.5871,1.2558,0.99421,0.62437,0.23866,-0.16442,-0.47645,-0.8842,-1.2953,-1.6126,-2.0598,-2.5523,-3.0727,-3.4768,-4.0567,-4.675,-5.1371,-5.6727,-6.0387,-6.1446,-6.1012,-5.8293,-5.4796,-5.2251,-4.9426,-4.7097,-4.5359,-4.2743,-3.991,-3.7616,-3.4959,-3.3821,-3.4551,-3.671,-4.2258,-5.1663,-6.1581,-7.8665,-9.7793,-11.03,-10.753,-8.9879,-6.8904,-5.5163,-4.0284,-2.8991,-2.2536,-1.6282,-1.2217,-0.99407,-0.9292,-0.96116,-1.0837,-1.2166,-1.4144,-1.6693,-1.8854,-2.1732,-2.4288,-2.6318,-2.7555,-2.929,-3.051,-3.0911,-3.058,-2.9,-2.6384,-2.3195,-1.7874,-1.1628,-0.65803,0.041378,0.73731,1.2326,1.8144,2.3021,2.6769,2.8763,3.0138,2.9873,2.8305,2.4562,1.877,1.2989,0.30101,-0.99931,-2.6802,-4.2424,-6.9071,-10.438,-13.497,-14.532,-11.021,-7.75,-5.9328,-4.1331,-2.8958,-2.2398,-1.6799,-1.3948,-1.3287,-1.3279,-1.2414,-0.86424,-0.35718,0.55773,1.5826,2.3238,3.2157,3.9182,4.3189,4.6716,4.8279,4.7996,4.6636,4.3424,3.8947,3.4826,2.8417,2.1014,1.277
2.5436,2.1524,1.4972,0.72404,0.064585,-0.89138,-1.8792,-2.565,-3.2341,-3.4971,-3.3311,-2.9692,-2.352,-1.6938,-1.2471,-0.73272,-0.35372,-0.15395,0.011238,0.084664,0.090068,0.077832,0.089607,0.16857,0.2776,0.49982,0.81948,1.0953,1.4602,1.7831,2.0233,2.132,2.1653,2.0723,1.9084,1.5838,1.1418,0.60972,0.15161,-0.47806,-1.1139,-1.5723,-2.154,-2.6896,-3.0763,-3.5838,-4.1361,-4.746,-5.2645,-5.9822,-6.6426,-6.9715,-7.0128,-6.5316,-5.8962,-4.8616,-3.8141,-2.8746,-2.2557,-1.591,-1.0689,-0.75422,-0.41734,-0.14854,0.072956,0.22758,0.42763,0.64276,0.80856,1.0326,1.2363,1.3693,1.5029,1.5628,1.5294,1.4352,1.2199,0.88958,0.56497,0.039839,-0.56613,-1.0332,-1.6239,-2.1037,-2.4046,-2.4989,-2.4698,-2.368,-2.332,-2.3738,-2.5803,-3.0253,-3.5739,-4.6653,-6.2966,-8.029,-11.486,-16.876,-19.003,-13.44,-9.0429,-6.1381,-4.5656,-2.9852,-1.822,-1.1394,-0.4373,0.091461,0.38251,0.65653,0.80842,0.83647,0.7732,0.58198,0.28029,0.023846,-0.29977,-0.58639,-0.76469,-0.79553,-0.6941,-0.48721,-0.30817,-0.099895,0.047547,0.094602,0.074249,-0.094152,-0.39594,-0.69684,-1.1972,-1.7824,-2.2646,-2.9221,-3.6031,-4.1062,-4.7288,-5.3245,-5.8946,-6.3244,-6.9669,-7.6376,-8.1919,-8.8566,-9.2375,-8.9888,-8.3618,-7.0764,-5.5067,-4.2942,-2.7349,-1.3093,-0.33152,0.8287,1.8017,2.5933,3.0812,3.5607,3.8238,3.8925,3.8221,3.5323,3.1665,2.4481,1.4911,0.27308,-0.80782,-2.4016,-3.9486,-4.8258,-5.1781,-4.4647,-3.157,-2.1463,-0.9401,0.081595,0.75756,1.5361,2.1774,2.592,3.0826,3.5251,3.9432,4.2506,4.6406,4.9892,5.2045,5.4229,5.5216,5.5098,5.3641,5.0706,4.635,4.2219,3.5721,2.8297,2.2543,1.502,0.83706,0.31952
1.1441,0.56847,-0.34877,-1.5267,-2.6312,-4.5257,-7.1704,-9.9853,-16.144,-20.872,-12.983,-9.3574,-6.2274,-4.1078,-2.959,-1.7983,-0.93035,-0.43008,0.10988,0.53641,0.91099,1.163,1.5082,1.8533,2.1234,2.4917,2.8675,3.1333,3.4466,3.6958,3.8739,3.9464,3.9388,3.8003,3.6118,3.2545,2.7813,2.2049,1.7154,1.0162,0.28252,-0.2841,-1.0464,-1.8118,-2.4009,-3.2703,-4.3022,-5.6289,-6.9222,-9.2761,-13.032,-17.957,-39.494,-16.718,-12.216,-8.6919,-6.4774,-5.0123,-4.2691,-3.6246,-3.2966,-3.2242,-3.2815,-3.4503,-3.6159,-3.6911,-3.6181,-3.3049,-2.9388,-2.3387,-1.7017,-1.2504,-0.73197,-0.3792,-0.19232,-0.1888,-0.37627,-0.8208,-1.3403,-2.3294,-3.7413,-5.1313,-7.518,-10.166,-11.116,-9.7364,-7.0681,-4.8415,-3.5704,-2.3284,-1.5559,-1.1977,-1.1767,-1.4704,-2.076,-2.6915,-3.5863,-4.199,-4.2071,-3.5051,-2.2628,-0.91157,0.024907,1.0973,1.9769,2.5163,3.087,3.5287,3.7821,4.0338,4.2008,4.2975,4.3309,4.3206,4.2756,4.214,4.0936,3.9389,3.7692,3.6269,3.4161,3.1618,2.9306,2.5671,2.126,1.7275,1.0936,0.34148,-0.54438,-1.3004,-2.4686,-3.84,-5.0294,-6.7148,-8.3539,-9.4196,-10.414,-10.871,-11.051,-11.187,-11.566,-12.483,-13.742,-16.563,-22.118,-38.495,-22.46,-15.148,-10.908,-8.4885,-5.8407,-3.5892,-2.1019,-0.32221,1.2366,2.5574,3.3862,4.2862,4.9763,5.3529,5.6779,5.782,5.7257,5.4991,5.1266,4.6182,4.1789,3.5704,2.9909,2.623,2.2588,2.0927,2.0927,2.1999,2.4798,2.9092,3.3028,3.8777,4.4662,4.8999,5.4621,5.971,6.3898,6.6302,6.8628,6.9838,6.9893,6.8684,6.5953,6.29,5.7365,4.9908,4.0561,3.2087,1.8558,0.21423,-1.2314,-3.3887,-5.4332,-6.2359
-0.82749,-1.2596,-1.7846,-2.326,-2.8251,-3.6307,-4.6282,-5.4022,-6.2293,-6.3946,-5.798,-5.0394,-3.9443,-2.9775,-2.3808,-1.7643,-1.3234,-1.0726,-0.80164,-0.51805,-0.19644,0.09942,0.55805,1.108,1.5778,2.2562,2.9392,3.4358,4.0333,4.5302,4.896,5.058,5.1252,5.0081,4.7908,4.3155,3.635,2.7484,1.9582,0.76959,-0.49599,-1.3996,-2.4111,-3.0516,-3.329,-3.507,-3.6744,-3.9742,-4.3116,-4.9454,-5.6499,-6.0881,-6.3165,-6.0259,-5.5563,-4.8152,-4.2166,-3.8806,-3.8484,-4.0699,-4.615,-5.2707,-6.4985,-8.1969,-10.424,-12.28,-13.883,-12.593,-10.468,-7.7475,-5.6004,-4.3433,-3.0656,-2.1186,-1.4977,-1.218,-1.0828,-1.2152,-1.4941,-2.1212,-3.1,-4.0932,-5.7047,-7.2317,-7.52,-6.4539,-4.2111,-2.0621,-0.66425,0.86819,2.026,2.8632,3.322,3.7589,4.0245,4.1563,4.2825,4.4029,4.5194,4.7247,4.9932,5.2691,5.4595,5.6828,5.8422,5.9264,5.9908,6.0256,6.039,6.0732,6.1307,6.2096,6.2882,6.4031,6.5056,6.5495,6.5557,6.4807,6.3169,6.1203,5.7437,5.2421,4.7897,4.0694,3.2192,2.4978,1.4384,0.2822,-0.98747,-2.0316,-3.5803,-5.4063,-7.0877,-10.08,-14.526,-20.202,-29.679,-18.541,-14.246,-12.59,-11.476,-11.243,-11.375,-11.988,-12.644,-13.214,-13.173,-12.731,-11.685,-10.379,-8.0448,-5.3609,-3.3678,-0.91509,1.2326,3.0835,4.2766,5.609,6.6683,7.2964,7.901,8.272,8.4232,8.4537,8.2954,7.9685,7.6192,7.02,6.2916,5.6643,4.7586,3.7746,2.8037,2.225,1.8428,2.0858,2.6169,3.6239,4.7523,5.5784,6.5427,7.3265,7.9169,8.2257,8.4568,8.4786,8.3659,8.0203,7.4874,6.9567,6.09,5.0547,3.857,2.8567,1.3696,-0.36237,-1.8933,-4.3259,-7.0394,-8.063
-7.2942,-6.7164,-4.6792,-2.8775,-1.9024,-1.0307,-0.53381,-0.32025,-0.17436,-0.11078,-0.10018,-0.1086,-0.21946,-0.46759,-0.77552,-1.3458,-2.0586,-2.6421,-3.3722,-3.8619,-4.0338,-3.9152,-3.3273,-2.3269,-1.3621,0.16711,1.7303,2.8523,4.1953,5.2995,6.1261,6.5579,6.8869,6.9178,6.7419,6.2142,5.3472,4.0607,2.7826,0.49894,-2.7365,-6.204,-13.224,-12.697,-8.0821,-4.3595,-2.1518,-0.79336,-0.14731,0.40115,0.69068,0.79893,0.8461,0.80267,0.68697,0.41307,-0.033264,-0.68181,-1.347,-2.4707,-3.8819,-5.0976,-6.8849,-8.8668,-10.963,-12.558,-13.661,-12.324,-10.412,-7.8263,-5.702,-4.4404,-3.1484,-2.2188,-1.5741,-1.2021,-0.80769,-0.47552,-0.26723,0.0068767,0.2676,0.48292,0.81463,1.2575,1.9035,2.5159,3.4495,4.4806,5.2751,6.3007,7.217,8.015,8.534,9.111,9.5562,9.8178,10.072,10.224,10.279,10.277,10.167,9.9627,9.7305,9.3202,8.7824,8.2938,7.5709,6.8111,6.2878,5.7929,5.6656,5.9191,6.3022,6.9207,7.53,7.9163,8.2954,8.4933,8.4761,8.3134,7.8868,7.2139,6.5422,5.4059,4.0074,2.7988,1.0403,-0.72488,-2.2543,-3.1242,-3.8445,-4.2946,-4.6436,-5.2603,-5.8966,-6.1547,-6.2531,-6.1332,-5.6769,-5.2913,-4.9815,-4.9532,-5.1352,-5.6271,-6.4845,-7.7912,-9.2289,-12.315,-18.738,-23.34,-12.013,-5.8995,-2.6914,0.67586,3.3445,5.48,6.8186,8.3185,9.5198,10.234,10.967,11.482,11.72,11.845,11.739,11.423,11.039,10.323,9.3324,8.3744,6.7384,4.5188,1.3417,-2.3177,-13.101,-9.0112,-2.3291,2.2838,5.1666,6.7484,8.3169,9.4234,10.179,10.538,10.765,10.68,10.428,9.8379,8.9477,8.0729,6.6619,4.9926,3.223,2.0216,0.8923,0.52483,0.62993,1.058,1.693,2.5172
-4.0085,-3.5916,-1.9886,-0.45028,0.45371,1.3235,1.8624,2.1051,2.2829,2.2627,2.0789,1.8023,1.2063,0.25532,-0.74572,-2.5835,-5.284,-8.0816,-13.106,-17.205,-15.346,-14.221,-15.242,-16.355,-12.297,-6.2092,-1.7699,0.7273,3.3007,5.1812,6.5383,7.2601,7.8722,8.1303,8.1023,7.7863,7.1592,6.2189,5.3234,3.894,2.2814,1.0994,-0.024522,-0.22826,0.21639,1.2243,2.2619,3.1479,3.6879,4.2108,4.5374,4.6565,4.6417,4.4471,4.1638,3.5594,2.6808,1.472,0.30547,-1.7304,-4.3633,-6.8127,-10.671,-13.671,-12.776,-10.942,-8.7498,-7,-5.9223,-4.7394,-3.9229,-3.5311,-3.3387,-3.4713,-3.8803,-4.1963,-4.3498,-3.8472,-3.058,-1.7315,-0.34233,0.66279,1.9203,3.072,4.1666,4.9626,6.0105,7.0633,7.8447,8.8203,9.7317,10.567,11.127,11.766,12.275,12.566,12.828,12.95,12.935,12.776,12.435,11.904,11.369,10.435,9.208,8.05,6.0891,3.4364,0.75858,-4.0097,-6.1064,-1.4816,1.5191,4.3474,6.2845,7.3459,8.3542,8.9631,9.1917,9.1475,8.7953,8.0873,7.294,5.8436,3.8852,1.9694,-1.4894,-6.8766,-19.368,-17.957,-8.4321,-4.8188,-3.1907,-1.7612,-0.87823,-0.42397,0.024598,0.39636,0.59807,0.686,0.66699,0.50431,0.28834,-0.10917,-0.63118,-1.1986,-1.6114,-1.9734,-1.9308,-1.5391,-0.44395,1.1988,2.5766,4.4197,6.177,7.7813,8.8638,10.122,11.174,11.818,12.518,13.039,13.29,13.449,13.425,13.202,12.907,12.331,11.551,10.822,9.6879,8.4232,7.0849,6.1717,5.4272,5.4774,5.9834,7.0518,8.2969,9.1839,10.238,11.092,11.713,12.008,12.163,12.034,11.728,11.014,9.8901,8.7471,6.6986,3.834,-0.44736,-5.7747,-17.65,-5.04,-1.0019,2.2155,4.3624,5.9703
2.7573,2.3209,1.8481,1.4583,1.1626,0.77151,0.43621,0.25268,0.15126,0.20453,0.28178,0.26573,0.061863,-0.4439,-1.0749,-2.3156,-4.0204,-5.5422,-7.5238,-8.7612,-8.9204,-8.7026,-8.326,-7.434,-6.0582,-3.5436,-0.95909,0.80058,2.7672,4.2886,5.3984,6.0024,6.5252,6.7537,6.7547,6.564,6.1772,5.6416,5.1773,4.5241,3.8899,3.4763,3.0649,2.8481,2.8307,2.9564,3.2062,3.5235,3.7655,4.062,4.2882,4.3929,4.4113,4.2709,4.0452,3.5582,2.8156,1.7643,0.77416,-0.8858,-2.965,-4.7654,-7.1961,-8.7089,-8.3831,-7.3781,-5.957,-4.882,-4.3177,-3.9144,-3.9085,-4.2211,-5.1125,-6.7287,-9.4308,-12.827,-23.247,-19.247,-12.548,-7.8929,-5.0332,-3.4724,-1.8817,-0.55653,0.61418,1.4685,2.6497,3.8819,4.8087,6.0319,7.2097,8.2823,8.9947,9.8142,10.467,10.843,11.18,11.327,11.311,11.107,10.709,10.088,9.4733,8.4465,7.1732,6.0489,4.3251,2.3961,0.91591,-0.69486,-1.1424,-0.1785,1.0429,2.7521,4.2848,5.2688,6.3033,7.0147,7.4355,7.5385,7.4033,6.9369,6.3788,5.3608,4.0036,2.8167,1.0703,-0.6259,-1.9006,-2.3643,-2.2821,-1.7101,-1.1934,-0.41874,0.33946,0.81215,1.3448,1.7728,2.0146,2.0556,1.9494,1.6745,1.3293,0.72407,0.038004,-0.65896,-1.0793,-1.3356,-1.1343,-0.64883,0.34597,1.5759,2.5814,3.934,5.2069,6.3803,7.1798,8.1322,8.959,9.5066,10.128,10.607,10.877,11.115,11.204,11.122,10.948,10.566,10.03,9.5408,8.7876,7.9656,7.1646,6.6432,6.1176,5.8705,5.9125,6.2945,6.9547,7.5541,8.401,9.223,9.9148,10.314,10.632,10.709,10.585,10.171,9.4713,8.7632,7.5864,6.2369,4.8661,3.995,3.2775,3.1955,3.4872,4.1632,5.0033,5.8932
3.1367,2.4186,1.2774,-0.1669,-1.5193,-3.7924,-6.5945,-8.5157,-8.7707,-6.449,-4.1019,-2.7554,-1.5084,-0.76686,-0.50097,-0.41403,-0.54294,-0.7164,-0.96551,-1.1299,-1.1578,-1.0628,-0.7745,-0.3088,0.1622,0.89083,1.6908,2.2826,2.9813,3.5482,3.9508,4.1255,4.1843,4.0531,3.8402,3.4173,2.8658,2.2304,1.7219,1.0425,0.4294,0.03858,-0.3549,-0.57726,-0.64085,-0.59684,-0.39547,-0.08025,0.21841,0.67753,1.153,1.4821,1.873,2.1252,2.2161,2.2008,2.0005,1.6159,1.2182,0.58477,-0.15301,-0.71483,-1.3974,-1.9302,-2.2778,-2.442,-2.5803,-2.7024,-2.8276,-3.109,-3.5369,-3.9781,-4.7668,-5.7474,-6.8086,-7.5837,-8.3134,-8.4483,-8.2169,-7.6795,-7.1752,-6.9352,-6.8821,-7.0452,-7.1216,-6.8513,-5.6567,-3.7058,-2.083,0.055237,1.9707,3.5909,4.6122,5.7454,6.6292,7.1243,7.589,7.8181,7.8385,7.6745,7.285,6.6624,6.0534,5.0561,3.8617,2.8625,1.4504,0.069615,-0.82312,-1.6526,-1.8942,-1.501,-0.88433,0.23437,1.4641,2.3573,3.4104,4.2643,4.8981,5.2004,5.3602,5.2611,5.0072,4.4355,3.6168,2.8706,1.7145,0.43378,-0.88153,-1.8237,-2.8786,-3.3632,-3.25,-2.5587,-1.4994,-0.65612,0.34343,1.061,1.5092,1.648,1.5461,1.067,0.45515,-0.76873,-2.5818,-5.175,-7.8314,-12.062,-11.519,-8.2835,-4.692,-2.1763,-0.77804,0.64118,1.6958,2.4734,2.9371,3.4947,4.0328,4.4699,5.0797,5.6618,6.0838,6.5487,6.8452,6.9553,6.9011,6.6464,6.1711,5.6782,4.8205,3.7225,2.426,1.3014,-0.36149,-1.8936,-2.4586,-1.8719,-0.12208,1.4318,3.3937,5.0383,6.3468,7.1172,7.8826,8.337,8.4928,8.4696,8.2055,7.8519,7.2091,6.405,5.4809,4.732,3.709,2.6981,2.0061,1.3168,1.1277,1.6216
1.7484,1.1676,0.17941,-1.123,-2.3543,-4.3851,-6.7489,-8.2146,-8.283,-6.3683,-4.219,-2.8627,-1.4539,-0.45704,0.080521,0.57387,0.86757,0.98575,1.0773,1.1164,1.1388,1.1579,1.1991,1.2617,1.3234,1.4087,1.4919,1.5349,1.5233,1.4311,1.2323,0.98522,0.52487,-0.089682,-0.6644,-1.6042,-2.7254,-3.9932,-5.0135,-6.3558,-7.4973,-8.1425,-8.6142,-8.7938,-8.8109,-8.737,-8.5177,-7.9781,-7.3157,-6.1657,-4.8478,-3.8665,-2.694,-1.7013,-1.1052,-0.51334,-0.13901,0.03447,0.049258,-0.074768,-0.31135,-0.54836,-0.9205,-1.325,-1.7523,-2.0847,-2.5473,-3.0108,-3.3713,-3.8865,-4.439,-4.85,-5.434,-6.0218,-6.614,-7.0076,-7.5005,-7.9494,-8.2615,-8.7527,-9.4094,-10.112,-11.483,-13.802,-18.088,-24.275,-20.526,-12.942,-9.4382,-6.0169,-3.4504,-1.4874,-0.29875,0.98285,1.9586,2.5071,3.0217,3.3027,3.3651,3.2406,2.8798,2.273,1.6474,0.57578,-0.8197,-2.1012,-4.1972,-6.8928,-9.4462,-13.559,-15.036,-11.473,-8.7112,-5.7683,-3.4689,-2.0651,-0.5087,0.75154,1.7331,2.2857,2.8066,3.06,3.0719,2.8418,2.322,1.7172,0.60271,-0.96086,-3.1376,-5.441,-10.286,-22.62,-19.455,-9.3662,-5.0473,-2.9753,-1.0189,0.2392,0.9925,1.2941,1.3448,1.0123,0.53514,-0.45037,-1.8276,-3.5497,-4.9497,-6.3839,-6.4937,-5.7222,-4.3841,-3.2172,-2.6248,-2.2615,-2.3566,-2.8879,-3.5455,-4.5249,-5.0525,-4.734,-3.4864,-1.8602,-0.73455,0.45946,1.2525,1.7048,1.8263,1.7056,1.2763,0.77402,-0.14649,-1.3517,-2.9428,-4.4841,-7.1187,-10.865,-14.019,-12.065,-7.0743,-4.1778,-1.1819,1.07,2.7786,3.7848,4.8151,5.5157,5.8505,6.0533,5.9973,5.7958,5.3165,4.5879,3.5963,2.6495,1.0312,-1.1784,-3.462,-8.2777,-20.57,-12.358
0.087998,0.033902,-0.16343,-0.46994,-0.74914,-1.132,-1.4317,-1.538,-1.4646,-1.1574,-0.68018,-0.27334,0.24563,0.69732,0.97028,1.2245,1.3648,1.4018,1.3662,1.2475,1.07,0.90534,0.66165,0.39482,0.17613,-0.13276,-0.4761,-0.76709,-1.1932,-1.6908,-2.2948,-2.8129,-3.6144,-4.5872,-5.4493,-6.8403,-8.6046,-10.894,-13.131,-17.114,-22.642,-24.861,-21.577,-19.036,-18.302,-18.815,-21.211,-24.663,-22.205,-16.186,-11.875,-9.4985,-7.067,-5.2606,-4.2085,-3.1512,-2.4104,-1.9284,-1.7268,-1.6367,-1.7222,-1.892,-2.2469,-2.7246,-3.3105,-3.8002,-4.4966,-5.2398,-5.8062,-6.5228,-7.1895,-7.6513,-8.1713,-8.6207,-9.0046,-9.2813,-9.6372,-10.012,-10.29,-10.698,-11.141,-11.493,-11.974,-12.412,-12.648,-12.533,-11.8,-10.544,-9.3994,-7.785,-6.2888,-4.9698,-4.0974,-3.114,-2.3376,-1.8643,-1.4062,-1.1259,-1.0317,-1.075,-1.3202,-1.7627,-2.2517,-3.1329,-4.2798,-5.3416,-7.0706,-9.1424,-10.861,-12.877,-13.5,-12.288,-10.817,-8.7582,-6.8217,-5.4935,-3.8499,-2.3653,-1.0783,-0.24722,0.66828,1.3363,1.677,1.913,1.8906,1.6952,1.2115,0.46943,-0.4875,-1.2814,-2.2773,-2.839,-2.7559,-2.056,-0.96963,-0.12466,0.84865,1.6115,2.1351,2.3584,2.4559,2.3556,2.1438,1.7221,1.1885,0.60153,0.17433,-0.32923,-0.70868,-0.92208,-1.1728,-1.51,-1.8761,-2.6141,-3.8066,-5.6279,-7.6084,-11.621,-17.443,-16.54,-10.916,-7.2443,-5.4277,-3.8278,-2.8529,-2.3664,-2.2877,-2.4968,-3.023,-3.6117,-4.573,-5.6639,-6.7398,-7.3754,-7.9024,-7.9627,-7.5718,-6.5265,-5.0676,-3.7946,-2.0776,-0.49547,0.87582,1.7427,2.6679,3.3457,3.6962,3.9614,3.9976,3.8886,3.5669,3.0499,2.3396,1.6839,0.65941,-0.51167,-1.4387,-2.5239,-3.0622,-2.7184
-1.3443,-0.87158,-0.39829,-0.071184,0.11276,0.3163,0.49975,0.64195,0.84662,1.0751,1.3169,1.4861,1.6808,1.812,1.8537,1.8222,1.6827,1.5063,1.1648,0.71879,0.1809,-0.26396,-0.89958,-1.5425,-2.0199,-2.6342,-3.2515,-3.7279,-4.389,-5.1396,-5.967,-6.6241,-7.5385,-8.4713,-9.1828,-10.179,-11.322,-12.731,-13.994,-15.926,-17.63,-18.223,-17.89,-17.147,-16.779,-16.681,-16.891,-16.707,-15.774,-13.596,-11.155,-9.4721,-7.5462,-6.0165,-5.0915,-4.1157,-3.4064,-2.95,-2.751,-2.6788,-2.8248,-3.0699,-3.5744,-4.2891,-5.1969,-6.0125,-7.257,-8.645,-9.721,-11.051,-12.079,-12.576,-12.839,-12.833,-12.742,-12.727,-12.789,-12.953,-13.141,-13.37,-13.522,-13.536,-13.401,-13.05,-12.531,-12.033,-11.291,-10.502,-9.8759,-9.0327,-8.2927,-7.6047,-7.1368,-6.5846,-6.1019,-5.7702,-5.3787,-5.0521,-4.8712,-4.7126,-4.6768,-4.8107,-5.0093,-5.4323,-6.0407,-6.605,-7.4732,-8.4476,-9.1628,-10.081,-10.831,-11.31,-11.424,-11.106,-10.119,-8.9439,-6.9923,-4.9718,-3.1001,-1.8273,-0.38254,0.79242,1.5011,2.2262,2.721,2.9616,3.1269,3.1551,3.0894,3.0239,2.9482,2.9445,3.0178,3.2008,3.4606,3.6852,3.9619,4.1941,4.3516,4.4059,4.3949,4.2873,4.1467,3.9001,3.5962,3.2461,2.97,2.5923,2.1902,1.8659,1.3943,0.83287,0.33907,-0.43538,-1.363,-2.4188,-3.2393,-4.2488,-4.9478,-5.1642,-5.0914,-4.7092,-4.3981,-4.0701,-3.8924,-3.9657,-4.2064,-4.7988,-5.7377,-6.7365,-8.5212,-10.913,-13.877,-15.807,-15.37,-12.342,-10.043,-7.4565,-5.3245,-3.9148,-2.2816,-0.9024,0.25586,0.97945,1.7407,2.2914,2.5658,2.7625,2.7798,2.6846,2.4342,2.073,1.6338,1.2806,0.81068,0.40502,0.17958,0.018373,0.058096,0.31569
-1.7241,-1.1383,-0.49708,0.03246,0.37953,0.7956,1.1777,1.4444,1.7732,2.0719,2.3269,2.4788,2.6179,2.657,2.6085,2.4188,2.0616,1.6653,0.96234,0.043546,-1.0867,-2.0518,-3.4391,-4.785,-5.6329,-6.4374,-6.9197,-7.2112,-7.7398,-8.5588,-9.7843,-10.973,-12.71,-13.957,-14.116,-13.418,-12.416,-11.657,-11.279,-10.96,-10.761,-10.625,-10.426,-10.206,-10.013,-9.7452,-9.4292,-9.0078,-8.5892,-7.8957,-7.0963,-6.4682,-5.643,-4.8557,-4.3282,-3.7225,-3.2515,-2.9513,-2.8364,-2.8576,-3.0927,-3.4185,-4.0706,-5.0011,-6.2535,-7.4388,-9.4359,-12.054,-14.601,-19.225,-25.068,-24.759,-20.426,-17.647,-16.177,-15.643,-15.538,-15.991,-16.676,-17.86,-18.874,-18.996,-18.036,-16.342,-14.674,-13.573,-12.417,-11.547,-11.062,-10.668,-10.475,-10.421,-10.451,-10.497,-10.423,-10.262,-9.8606,-9.2947,-8.8145,-8.1944,-7.6497,-7.2702,-7.0976,-7.0165,-7.1328,-7.3388,-7.7645,-8.3674,-8.9519,-9.9687,-11.388,-13.515,-16.004,-22.552,-25.001,-16.706,-10.562,-6.5629,-3.6103,-1.8279,0.10822,1.6433,2.5863,3.5982,4.373,4.8301,5.2964,5.6314,5.8732,6.0036,6.1458,6.2553,6.3244,6.4115,6.479,6.5101,6.5303,6.5004,6.4137,6.3176,6.1423,5.9169,5.7323,5.4703,5.1982,4.9317,4.7315,4.4633,4.1799,3.9444,3.5834,3.1611,2.7831,2.1994,1.5345,0.79555,0.21884,-0.55908,-1.299,-1.8159,-2.4043,-2.9037,-3.2271,-3.5546,-3.8571,-4.1851,-4.4662,-5.0015,-5.7938,-6.583,-8.0401,-9.9391,-12.194,-13.41,-12.844,-10.371,-8.3341,-5.985,-4.0125,-2.7643,-1.3823,-0.24134,0.67291,1.208,1.752,2.0929,2.2162,2.2101,2.0297,1.7891,1.344,0.79934,0.22104,-0.18464,-0.61328,-0.84514,-0.85012,-0.64957,-0.25911,0.26619
-1.601,-1.4035,-1.0707,-0.63679,-0.26275,0.25877,0.78192,1.1634,1.6545,2.1157,2.5366,2.8154,3.1201,3.3102,3.3516,3.2391,2.8871,2.4376,1.5418,0.23428,-1.6037,-3.4488,-6.8067,-11.838,-16.803,-16.08,-11.712,-9.8804,-8.8236,-8.9077,-10.09,-11.819,-15.65,-21.192,-19.773,-14.277,-10.762,-8.5305,-7.3833,-6.2922,-5.5713,-5.1944,-4.8387,-4.6078,-4.5103,-4.4618,-4.4666,-4.5047,-4.5495,-4.6022,-4.6119,-4.5563,-4.4137,-4.1349,-3.8541,-3.4221,-3.0103,-2.6631,-2.5031,-2.4413,-2.5845,-2.8476,-3.4213,-4.263,-5.4031,-6.4638,-8.1696,-10.222,-11.983,-14.39,-16.172,-16.551,-15.953,-15.017,-14.397,-14.238,-14.545,-15.555,-16.893,-19.845,-24.83,-27.388,-22.021,-17.4,-14.561,-13.161,-11.955,-11.331,-11.22,-11.553,-12.286,-13.525,-14.748,-16.602,-18.184,-18.552,-17.388,-15.348,-13.79,-11.948,-10.492,-9.3514,-8.7218,-8.1644,-7.8604,-7.7879,-7.8514,-8.0334,-8.2447,-8.5592,-8.9266,-9.3532,-9.6317,-9.6075,-8.7057,-7.3513,-5.0149,-2.6415,-0.47055,0.95831,2.5939,3.9437,4.7859,5.7047,6.4279,6.8582,7.3036,7.6432,7.8992,8.0492,8.2062,8.3223,8.378,8.4151,8.4002,8.3441,8.2103,7.9945,7.6949,7.4176,6.9886,6.5214,6.1744,5.7458,5.4143,5.2129,5.147,5.1347,5.1649,5.181,5.1377,4.9956,4.805,4.4122,3.8645,3.1522,2.5021,1.4876,0.30675,-0.66994,-2.0589,-3.4415,-4.2888,-5.021,-5.1904,-4.9265,-4.6451,-4.3196,-4.1644,-4.165,-4.2804,-4.4804,-4.5983,-4.5391,-4.2451,-3.6087,-2.9917,-2.0882,-1.1237,-0.42585,0.41613,1.1421,1.7158,2.0347,2.3042,2.3777,2.3041,2.0188,1.5008,0.95449,-0.001971,-1.2324,-2.7246,-3.9583,-5.4416,-6.078,-5.7063,-4.4015,-2.8372,-1.4371
-4.5461,-5.1389,-5.0543,-4.2074,-3.401,-2.4172,-1.645,-1.1615,-0.56591,0.091021,0.85325,1.4864,2.3192,3.0434,3.46,3.8024,3.8605,3.7012,3.1868,2.3078,1.027,-0.20306,-2.1519,-4.1887,-5.3276,-5.6944,-5.0146,-4.3831,-3.7525,-3.5451,-3.6864,-3.9495,-4.3479,-4.5235,-4.388,-3.8682,-3.1035,-2.3268,-1.8009,-1.2353,-0.83532,-0.63246,-0.50454,-0.53321,-0.66572,-0.97629,-1.4677,-2.167,-2.8351,-3.9179,-5.1586,-6.0858,-6.9543,-7.0158,-6.4704,-5.3639,-4.2386,-3.3234,-2.8186,-2.4211,-2.3036,-2.399,-2.7519,-3.3396,-4.1414,-4.8523,-5.9414,-7.1108,-7.9544,-9.0019,-9.7837,-10.183,-10.462,-10.494,-10.44,-10.384,-10.418,-10.625,-10.847,-11.205,-11.415,-11.34,-10.907,-10.199,-9.4962,-9.1319,-8.9208,-9.1266,-9.6071,-10.627,-12.296,-14.665,-16.997,-21.262,-26.557,-28.574,-24.705,-20.38,-17.698,-14.723,-12.492,-10.781,-9.8877,-9.1541,-8.8791,-8.9394,-9.2506,-9.5948,-9.621,-9.0937,-7.9817,-6.5362,-5.3876,-3.818,-2.2483,-1.0664,0.50276,1.9895,3.3722,4.2899,5.348,6.2102,6.7163,7.2326,7.5903,7.7646,7.9161,8.0124,8.0902,8.1609,8.2659,8.3925,8.4818,8.5623,8.5742,8.5179,8.3195,7.9693,7.4407,6.9066,6.0115,4.91,3.9771,2.7565,1.8898,1.7649,2.1896,3.1322,4.1265,4.7714,5.4169,5.7846,5.8879,5.782,5.3975,4.7298,4.0227,2.7754,1.1155,-0.48116,-3.293,-7.3404,-12.038,-19.388,-12.242,-7.6548,-5.6505,-3.899,-2.8293,-2.3328,-1.9215,-1.7206,-1.6046,-1.5456,-1.4312,-1.2003,-0.95763,-0.51806,0.019129,0.43636,1.0094,1.5245,1.9158,2.123,2.233,2.1411,1.9397,1.4742,0.76734,0.056522,-1.1802,-2.8588,-5.2006,-7.6585,-12.822,-19.077,-14.034,-8.2754,-4.8825,-2.7287
-13.066,-22.037,-16.165,-10.223,-8.1105,-6.7832,-6.6304,-7.1338,-8.2217,-8.4158,-6.4336,-4.3222,-1.7639,0.22993,1.3643,2.4503,3.1275,3.4009,3.502,3.3447,2.9868,2.6262,2.1006,1.6051,1.3038,1.039,0.92943,0.9117,0.92072,0.90957,0.85395,0.79169,0.69555,0.61832,0.58813,0.59986,0.6468,0.71198,0.75796,0.79677,0.8022,0.76261,0.63406,0.38999,0.11904,-0.40686,-1.1837,-2.292,-3.4097,-5.4354,-8.4356,-11.888,-20.974,-21.666,-14.212,-9.6459,-7.0927,-5.5771,-4.8634,-4.3173,-4.1449,-4.1993,-4.4818,-4.9818,-5.6667,-6.3052,-7.2867,-8.3948,-9.2841,-10.428,-11.346,-11.744,-11.767,-11.295,-10.506,-9.8822,-9.0897,-8.4036,-7.9882,-7.5162,-7.1318,-6.8851,-6.5868,-6.4112,-6.3632,-6.4412,-6.7642,-7.406,-8.0983,-9.4034,-11.162,-13.42,-15.529,-18.924,-23.304,-27.867,-31.101,-24.326,-20.316,-16.476,-13.755,-11.912,-10.991,-10.353,-10.479,-11.132,-13.072,-17.329,-25.01,-21.111,-12.414,-7.7358,-5.2359,-2.644,-0.58039,0.72499,2.1803,3.3964,4.3712,4.9467,5.5127,5.8364,5.9206,5.8263,5.4989,5.1345,4.5525,3.9673,3.5637,3.4661,3.6499,4.0704,4.4515,4.9222,5.2571,5.3908,5.3805,5.1252,4.5794,3.9487,2.7277,0.89368,-1.0834,-5.1932,-14.389,-14.879,-6.8559,-1.9244,0.93682,2.3778,3.7087,4.534,4.8765,5.0359,4.872,4.4022,3.8593,2.8708,1.5641,0.37448,-1.4533,-3.4665,-4.8144,-5.8666,-5.6775,-4.7406,-3.9956,-3.1883,-2.6516,-2.4387,-2.4191,-2.6223,-3.0536,-3.4783,-4.0472,-4.5451,-4.6834,-4.4163,-3.7522,-3.0988,-2.2087,-1.4587,-0.91418,-0.67684,-0.57445,-0.71084,-0.97553,-1.5012,-2.1862,-2.7858,-3.6221,-4.4718,-5.2845,-5.8078,-6.237,-6.1582,-5.7311,-4.7819,-3.721,-2.8291
-4.6168,-5.3324,-5.7921,-5.8521,-5.9047,-6.287,-7.3028,-8.6464,-11.25,-12.847,-9.9235,-6.9965,-3.8857,-1.6455,-0.39747,0.81442,1.6264,2.0345,2.3622,2.5082,2.5347,2.5068,2.4371,2.3685,2.3318,2.3026,2.2909,2.2899,2.2649,2.2144,2.1135,1.9944,1.7885,1.5173,1.2779,0.91523,0.51495,0.10981,-0.18254,-0.52321,-0.7781,-0.92309,-1.0504,-1.1591,-1.2785,-1.5502,-1.9981,-2.6714,-3.3425,-4.4662,-5.7839,-6.7951,-7.8355,-8.277,-8.163,-7.7265,-7.2737,-7.0027,-6.97,-7.096,-7.407,-7.7027,-8.155,-8.6744,-9.3017,-9.9057,-10.95,-12.397,-13.873,-16.592,-20.829,-24.479,-22.458,-17.468,-13.969,-12.091,-10.142,-8.6563,-7.7851,-6.8518,-6.1453,-5.753,-5.3793,-5.1942,-5.1954,-5.3287,-5.6939,-6.2918,-6.8985,-7.9751,-9.285,-10.916,-12.296,-14.333,-16.372,-17.546,-18.061,-17.13,-15.857,-14.04,-12.404,-11.1,-10.365,-9.6852,-9.3734,-9.3568,-9.5668,-9.7911,-9.6568,-8.6637,-6.8689,-4.7651,-3.2376,-1.4036,0.16521,1.163,2.2559,3.0961,3.6755,3.9434,4.0716,3.9034,3.5739,2.8131,1.6109,0.36473,-1.9145,-5.05,-8.6835,-9.5359,-6.8857,-3.9836,-2.4022,-0.91631,0.029142,0.47089,0.80962,0.90041,0.77314,0.54126,0.020605,-0.72052,-1.3865,-2.3139,-2.9138,-2.7453,-2.0826,-0.83869,0.43954,1.2731,2.1456,2.7559,3.0397,3.2046,3.1446,2.8688,2.5332,1.9287,1.1737,0.5283,-0.37935,-1.2683,-1.8535,-2.4999,-2.9082,-3.1764,-3.2913,-3.4264,-3.624,-3.8696,-4.3893,-5.2334,-6.5394,-7.9206,-10.59,-14.712,-18.53,-17.148,-12.265,-9.6456,-7.327,-5.8985,-5.0718,-4.7992,-4.813,-5.2028,-5.7383,-6.71,-7.8785,-8.7994,-9.7532,-10.04,-9.5673,-8.8822,-7.7648,-6.5986,-5.7626,-4.7285,-3.8704,-3.2386
-1.0155,-1.292,-1.6144,-1.9035,-2.116,-2.4214,-2.7573,-2.9839,-3.1569,-3.0393,-2.5653,-2.0361,-1.2467,-0.50593,-0.044831,0.40931,0.67423,0.76203,0.77129,0.72464,0.68587,0.70051,0.79648,0.98155,1.1673,1.4398,1.6955,1.86,2.0078,2.0557,1.9836,1.839,1.5135,1.0167,0.52836,-0.30207,-1.3302,-2.5243,-3.4659,-4.5975,-5.2798,-5.3161,-4.8363,-4.0942,-3.5616,-3.0049,-2.6824,-2.6107,-2.7103,-3.0131,-3.4657,-3.8625,-4.4306,-5.0129,-5.4752,-6.1438,-6.9656,-7.9945,-8.918,-10.369,-11.877,-12.869,-13.637,-13.677,-13.405,-13.235,-13.305,-13.824,-14.503,-15.762,-17.185,-17.753,-17.043,-15.048,-12.839,-11.351,-9.6248,-8.2149,-7.3221,-6.3359,-5.5563,-5.101,-4.6677,-4.3902,-4.2906,-4.3444,-4.5692,-4.9645,-5.3925,-6.0744,-6.9367,-7.8918,-8.6476,-9.6477,-10.542,-11.083,-11.507,-11.572,-11.39,-10.913,-10.2,-9.3829,-8.7234,-7.8761,-7.0704,-6.4991,-5.7594,-4.9916,-4.3725,-3.4621,-2.4487,-1.3816,-0.58244,0.41932,1.3132,1.8845,2.5083,2.9477,3.187,3.2321,3.0833,2.6882,2.2017,1.2745,-0.016993,-1.2877,-3.4408,-6.0834,-8.5907,-9.2716,-8.1425,-6.4585,-5.4528,-4.6055,-4.1754,-4.0313,-3.9028,-3.6917,-3.3106,-2.9433,-2.441,-1.9783,-1.7015,-1.3727,-1.0497,-0.68662,-0.3909,0.031849,0.43436,0.71249,1.0142,1.2202,1.3225,1.356,1.288,1.1057,0.88802,0.48094,-0.047612,-0.51958,-1.2286,-1.9851,-2.5807,-3.3199,-3.9665,-4.4787,-4.7454,-4.9817,-5.1871,-5.3645,-5.719,-6.3278,-7.235,-8.2087,-9.8102,-11.547,-12.474,-12.25,-10.861,-9.6596,-8.3861,-7.5656,-7.2298,-7.2773,-7.7284,-8.6453,-9.6292,-11.451,-14.09,-16.973,-24.277,-29.206,-18.245,-14.282,-10.772,-8.273,-6.8032,-5.2274,-4.0238,-3.1186
0.59838,0.58949,0.55648,0.51422,0.48998,0.46929,0.47014,0.48676,0.53827,0.62278,0.72843,0.7919,0.83728,0.78083,0.63367,0.27168,-0.3062,-0.882,-1.7863,-2.7255,-3.4334,-3.6177,-3.277,-2.4535,-1.7108,-0.73826,0.10819,0.61571,1.1311,1.4347,1.5279,1.4581,1.1517,0.58609,-0.041663,-1.1971,-2.8373,-5.185,-7.6756,-12.992,-24.713,-17.914,-10.596,-6.9657,-5.2218,-3.6434,-2.6499,-2.071,-1.8485,-1.7758,-1.9205,-2.1497,-2.6284,-3.2723,-3.8892,-4.9229,-6.261,-8.0349,-9.7452,-12.848,-17.674,-24.256,-32.588,-20.382,-16.301,-14.611,-13.289,-12.599,-12.353,-12.199,-12.047,-11.84,-11.384,-10.698,-9.8306,-9.0998,-8.1192,-7.1537,-6.4738,-5.6591,-4.9553,-4.5001,-4.0089,-3.6604,-3.4576,-3.3974,-3.4546,-3.6718,-3.9267,-4.4027,-5.0183,-5.7522,-6.3863,-7.2954,-8.2874,-9.0395,-10.01,-10.793,-11.15,-11.134,-10.505,-9.3822,-8.362,-6.9738,-5.6458,-4.7206,-3.5825,-2.5456,-1.8248,-0.92976,-0.099758,0.65245,1.1634,1.765,2.2524,2.5398,2.8092,2.9402,2.9396,2.8434,2.5916,2.203,1.8182,1.1829,0.41503,-0.23198,-1.154,-2.0743,-2.8909,-3.4007,-3.9423,-4.5079,-5.032,-6.0539,-7.6371,-9.238,-11.675,-12.353,-10.006,-7.8591,-5.4657,-3.7132,-2.7374,-1.767,-1.1134,-0.70883,-0.53698,-0.45713,-0.51848,-0.63581,-0.81999,-1.0002,-1.1,-1.147,-1.1378,-1.1238,-1.162,-1.333,-1.707,-2.1338,-2.9333,-4.0232,-4.9918,-6.4524,-7.9384,-8.9022,-9.0932,-8.6304,-7.7797,-7.1602,-6.5376,-6.1729,-6.0745,-6.124,-6.2891,-6.5112,-6.6147,-6.6944,-6.6436,-6.6016,-6.6383,-6.8338,-7.3117,-7.8442,-8.8219,-10.059,-11.117,-12.588,-14.015,-14.921,-15.528,-15.007,-13.333,-11.69,-9.4348,-7.3948,-6.0468,-4.5135,-3.2446,-2.2425
0.78225,0.89595,1.0181,1.1515,1.2715,1.4715,1.7106,1.8951,2.1219,2.2879,2.3496,2.3128,2.1135,1.7005,1.2215,0.29885,-1.0277,-2.3672,-4.8083,-8.4879,-14.786,-20.262,-12.891,-7.7809,-5.3722,-3.1159,-1.536,-0.65438,0.21236,0.79187,1.117,1.2031,1.1174,0.79417,0.38376,-0.39346,-1.4546,-2.7906,-3.9252,-5.3685,-6.1995,-6.0752,-5.1214,-3.8592,-2.9777,-2.0174,-1.324,-0.87421,-0.67934,-0.59135,-0.67602,-0.84998,-1.2154,-1.7561,-2.2745,-3.1456,-4.2284,-5.5647,-6.7325,-8.4715,-10.23,-11.342,-12.15,-12.074,-11.564,-11.145,-10.69,-10.403,-10.291,-10.223,-10.164,-10.111,-9.9395,-9.6208,-9.157,-8.6967,-8.0006,-7.2208,-6.6177,-5.818,-5.0571,-4.5387,-3.9226,-3.4421,-3.093,-2.9164,-2.8082,-2.8482,-2.9678,-3.2806,-3.7304,-4.3775,-4.987,-6.0229,-7.3549,-8.626,-10.872,-14.116,-17.569,-21.271,-16.653,-11.989,-9.4614,-6.8733,-4.8739,-3.6543,-2.2848,-1.1492,-0.42144,0.40905,1.0975,1.6541,1.9832,2.3101,2.503,2.5624,2.5229,2.3627,2.0979,1.8464,1.4831,1.0989,0.83125,0.49643,0.18551,-0.030346,-0.31973,-0.63389,-0.99975,-1.3321,-1.8987,-2.6483,-3.4153,-4.7705,-6.682,-8.5354,-11.295,-12.23,-9.7953,-7.57,-5.15,-3.3848,-2.4015,-1.4989,-0.99184,-0.85333,-0.9732,-1.4454,-2.2581,-3.0968,-4.4343,-5.722,-6.3327,-6.2323,-5.3509,-4.3145,-3.6801,-3.153,-3.047,-3.2648,-3.9956,-5.2846,-6.7186,-9.598,-14.395,-27.082,-23.985,-14.15,-10.072,-8.199,-6.5345,-5.4662,-4.8116,-4.4766,-4.2346,-4.1046,-4.074,-4.1194,-4.2573,-4.4561,-4.8617,-5.5297,-6.4951,-7.4752,-9.1689,-11.383,-13.39,-16.173,-17.614,-16.917,-14.736,-12.494,-10.433,-9.0021,-7.2456,-5.6595,-4.5716,-3.2778,-2.1427,-1.1826
-0.40505,-0.52964,-0.7079,-0.70713,-0.49974,0.063667,0.8225,1.4268,2.1515,2.7019,3.0381,3.1341,3.0216,2.631,2.152,1.2465,0.0099031,-1.1306,-2.936,-4.9471,-6.7048,-7.356,-6.9565,-5.6709,-4.5961,-3.2508,-2.1208,-1.393,-0.60485,0.0053984,0.46177,0.69722,0.88595,0.92564,0.87011,0.68322,0.40902,0.07063,-0.18682,-0.47833,-0.65233,-0.6849,-0.61649,-0.45881,-0.31838,-0.15777,-0.051607,-0.01959,-0.038679,-0.11099,-0.2417,-0.37115,-0.58293,-0.88107,-1.1651,-1.635,-2.2134,-2.9049,-3.4809,-4.2869,-5.0938,-5.6637,-6.3339,-6.9097,-7.4185,-7.7981,-8.3428,-8.9668,-9.4653,-10.166,-10.881,-11.342,-11.782,-11.915,-11.697,-11.314,-10.534,-9.5613,-8.7453,-7.6096,-6.5123,-5.7664,-4.885,-4.1646,-3.6034,-3.3017,-3.0258,-2.8838,-2.8688,-2.9458,-3.1446,-3.5011,-3.8642,-4.5485,-5.465,-6.3685,-7.8529,-9.5948,-10.831,-11.475,-10.357,-8.273,-6.7324,-4.8956,-3.3718,-2.4042,-1.3094,-0.40721,0.16907,0.81728,1.3191,1.6819,1.8485,1.9282,1.8273,1.6345,1.2115,0.61853,-0.13313,-0.75646,-1.5813,-2.2449,-2.5411,-2.5744,-2.2414,-1.8606,-1.317,-0.84531,-0.51891,-0.38632,-0.41032,-0.61057,-0.90834,-1.4293,-2.053,-2.5028,-2.9438,-3.0751,-2.8146,-2.4419,-1.7849,-1.1433,-0.72266,-0.33233,-0.17793,-0.32538,-0.67762,-1.5475,-2.9897,-4.5732,-7.7839,-13.5,-23.099,-16.281,-9.5877,-6.3067,-4.7933,-3.5505,-2.93,-2.8027,-3.0115,-3.5847,-4.2881,-5.4068,-6.5987,-7.3488,-7.4134,-6.8429,-5.9323,-5.2494,-4.4925,-3.9632,-3.6219,-3.4465,-3.2966,-3.1475,-3.0661,-2.9457,-2.9347,-3.0053,-3.2665,-3.7982,-4.6574,-5.5935,-7.2698,-9.6006,-11.874,-15.634,-17.8,-16.119,-12.773,-10.182,-8.2559,-7.105,-5.8068,-4.6618,-3.8441,-2.7825,-1.7435,-0.74809
-1.9686,-3.2865,-5.8713,-8.6662,-8.4441,-5.0496,-1.8397,-0.023653,1.745,2.9348,3.6648,3.9452,4.0171,3.7757,3.4037,2.6782,1.7358,0.90795,-0.28901,-1.484,-2.5444,-3.1828,-3.7377,-3.9505,-3.9053,-3.6248,-3.1522,-2.7375,-2.1518,-1.5743,-1.0509,-0.69321,-0.27844,0.080745,0.32139,0.60391,0.83916,1.0231,1.1269,1.213,1.2389,1.2052,1.0845,0.86847,0.64228,0.24927,-0.22017,-0.71147,-1.0444,-1.3733,-1.5178,-1.5206,-1.4307,-1.2995,-1.2257,-1.2,-1.2951,-1.4951,-1.7257,-2.1169,-2.6165,-3.0391,-3.693,-4.4491,-5.3335,-6.1037,-7.3049,-8.7637,-10.056,-12.06,-14.388,-16.164,-18.292,-19.385,-19.142,-18.417,-16.792,-14.739,-13.085,-10.947,-9.0735,-7.864,-6.5679,-5.5743,-4.8734,-4.5135,-4.2186,-4.0318,-3.9356,-3.778,-3.615,-3.4121,-3.2959,-3.2075,-3.2431,-3.3395,-3.5455,-3.7679,-3.8773,-3.8726,-3.6504,-3.246,-2.8932,-2.3834,-1.8883,-1.5159,-1.0458,-0.57846,-0.23369,0.21065,0.58647,0.84465,0.93456,0.87715,0.58587,0.17553,-0.62999,-1.7941,-3.3717,-4.8868,-7.5021,-10.696,-12.529,-11.308,-7.9643,-5.7709,-3.4471,-1.735,-0.50871,0.15678,0.73952,1.0075,1.0468,0.90158,0.61448,0.33392,-0.038005,-0.32384,-0.47065,-0.43975,-0.24463,0.10493,0.39303,0.7492,0.96057,0.95814,0.78017,0.29087,-0.52167,-1.296,-2.5093,-3.6162,-4.1562,-4.2034,-3.6368,-2.8267,-2.2528,-1.6471,-1.2551,-1.0883,-1.0172,-1.0983,-1.2203,-1.4102,-1.6273,-1.8078,-1.9166,-2.0061,-2.0884,-2.2127,-2.5073,-2.9766,-3.5555,-4.0225,-4.4188,-4.3933,-4.0584,-3.3433,-2.5902,-2.1135,-1.7092,-1.5822,-1.7501,-2.0722,-2.7344,-3.545,-4.2013,-4.984,-5.4772,-5.5931,-5.5058,-5.3331,-5.2405,-5.2663,-5.4158,-5.5007,-5.3203,-4.4974,-3.126,-1.5544
-0.54919,-1.7436,-3.832,-5.6345,-5.4832,-3.227,-0.67482,0.89285,2.47,3.5381,4.1677,4.3933,4.4102,4.1184,3.7057,2.9169,1.8799,0.94774,-0.47544,-2.0561,-3.7409,-5.012,-6.5878,-7.8129,-8.3154,-8.3962,-7.8879,-7.3098,-6.4404,-5.6235,-4.9668,-4.5414,-4.0262,-3.4596,-2.9721,-2.2058,-1.3928,-0.60942,-0.10404,0.40794,0.69216,0.74131,0.5705,0.091735,-0.49373,-1.5856,-3.0608,-4.8498,-6.233,-7.5492,-7.5055,-6.7191,-5.406,-4.2207,-3.5179,-2.8362,-2.4047,-2.1885,-2.1455,-2.2457,-2.4946,-2.791,-3.3371,-4.0698,-5.0255,-5.9171,-7.3964,-9.2686,-11.05,-14.035,-18.142,-22.466,-32.292,-37.474,-32.249,-32.849,-31.651,-23.599,-19.156,-14.918,-11.884,-10.218,-8.6046,-7.5912,-7.1301,-7.0861,-7.3952,-7.969,-8.3047,-8.2593,-7.3791,-6.0149,-4.9894,-3.7836,-2.8773,-2.3684,-1.9148,-1.6663,-1.5828,-1.5951,-1.7064,-1.9424,-2.1738,-2.5948,-3.0849,-3.4578,-3.8124,-3.8331,-3.5936,-3.0198,-2.3209,-1.7281,-1.4254,-1.2918,-1.5036,-1.9114,-2.8187,-4.1516,-5.9348,-7.582,-10.122,-12.849,-14.1,-12.753,-9.4403,-7.0175,-4.284,-2.1552,-0.5399,0.34522,1.1745,1.5946,1.6812,1.4815,0.95058,0.33869,-0.72565,-1.9689,-3.0796,-3.483,-3.1719,-2.0831,-1.1299,0.024571,0.89164,1.4289,1.6253,1.6422,1.4332,1.1513,0.69222,0.19919,-0.12981,-0.5013,-0.76515,-0.92697,-0.99992,-1.0439,-1.0465,-1.0114,-0.9166,-0.78126,-0.61393,-0.42391,-0.2167,-0.098956,-0.06393,-0.16459,-0.49083,-0.93437,-1.8787,-3.3657,-5.7002,-8.3048,-13.645,-15.153,-10.548,-6.1548,-3.3867,-1.9684,-0.69355,0.084983,0.47609,0.58623,0.52651,0.28649,0.033626,-0.33907,-0.7466,-1.0766,-1.6227,-2.3509,-3.4217,-4.5989,-7.028,-11.463,-18.201,-15.585,-7.7165,-3.4971
2.0212,1.7757,1.4599,1.3048,1.3651,1.6869,2.1824,2.5861,3.0657,3.4063,3.5561,3.5363,3.2971,2.8064,2.2675,1.3023,0.00811,-1.1864,-3.113,-5.4995,-8.4477,-11.103,-15.515,-21.08,-24.588,-22.128,-18.073,-15.734,-13.471,-12.097,-11.457,-11.48,-11.94,-12.27,-11.666,-9.5795,-7.0717,-4.9131,-3.6402,-2.3982,-1.6499,-1.3903,-1.4441,-1.962,-2.6842,-4.1688,-6.4055,-9.7737,-13.58,-21.589,-18.263,-13.823,-10.341,-8.3237,-7.3229,-6.4057,-5.7747,-5.3693,-5.164,-5.0204,-5.0129,-5.1219,-5.3995,-5.8736,-6.5647,-7.2367,-8.3696,-9.8157,-11.113,-13.172,-15.51,-17.358,-19.756,-21.684,-22.937,-23.253,-22.434,-19.885,-17.642,-14.928,-12.703,-11.371,-10.081,-9.3748,-9.3118,-9.7712,-11.241,-14.329,-19.072,-36.646,-16.229,-10.547,-7.9638,-5.6299,-4.0753,-3.2826,-2.5971,-2.2553,-2.197,-2.3503,-2.7834,-3.5037,-4.2686,-5.6696,-7.6684,-9.7433,-13.376,-16.009,-14.168,-10.448,-7.7131,-5.9209,-5.0768,-4.4829,-4.4477,-4.7381,-5.5978,-6.9646,-8.8588,-10.518,-12.878,-14.195,-13.708,-11.552,-8.8221,-6.8305,-4.4707,-2.4861,-0.95067,-0.06911,0.73292,1.1466,1.1746,0.85,0.028801,-0.95486,-2.9599,-6.1769,-12.174,-24.878,-13.737,-6.9586,-4.2209,-1.8514,-0.3519,0.55101,0.93121,1.1102,0.996,0.74104,0.25384,-0.39098,-0.93224,-1.7087,-2.4931,-3.2828,-3.8559,-4.563,-5.1176,-5.3652,-5.3145,-4.7502,-4.1094,-3.1082,-2.1328,-1.3185,-0.86601,-0.5271,-0.51383,-0.71956,-1.3135,-2.3029,-3.6947,-4.9051,-6.3148,-6.4594,-5.5036,-3.7153,-2.0045,-0.99353,0.036872,0.69787,1.0582,1.1658,1.1527,0.99055,0.81809,0.53893,0.22741,-0.044525,-0.44807,-0.96271,-1.6494,-2.3126,-3.3811,-4.4202,-4.8433,-4.3694,-2.9069,-1.1927
3.4653,3.4009,3.2779,3.1488,3.0676,2.9851,2.9265,2.8799,2.803,2.6849,2.504,2.3095,1.929,1.3882,0.85144,-0.087447,-1.3442,-2.5384,-4.5389,-7.1065,-10.399,-13.438,-18.437,-24.283,-27.872,-27.73,-22.973,-19.771,-16.571,-14.785,-14.159,-14.578,-16.641,-20.855,-20.902,-14.607,-10.009,-6.9133,-5.2592,-3.7005,-2.7286,-2.3275,-2.1923,-2.4722,-2.9323,-3.8912,-5.1855,-6.7009,-7.8454,-9.1078,-9.8047,-10.023,-10.098,-10.116,-10.143,-10.133,-9.9597,-9.6372,-9.3074,-8.8424,-8.4767,-8.2755,-8.1462,-8.1841,-8.3996,-8.6697,-9.1749,-9.8498,-10.445,-11.4,-12.396,-13.181,-14.162,-14.949,-15.401,-15.507,-15.29,-14.584,-13.826,-12.647,-11.423,-10.54,-9.5371,-8.8348,-8.4425,-8.4044,-8.6811,-9.1527,-9.4446,-9.2757,-8.3232,-6.8931,-5.803,-4.586,-3.6855,-3.2356,-2.9095,-2.8546,-2.9782,-3.3378,-3.9109,-4.6942,-5.4844,-6.8217,-8.5814,-10.175,-12.453,-13.622,-12.882,-10.753,-8.7454,-7.2766,-6.5139,-5.9202,-5.78,-5.9452,-6.5538,-7.6692,-9.466,-11.438,-15.228,-19.182,-16.922,-11.763,-7.938,-5.7266,-3.4015,-1.6141,-0.26124,0.52311,1.2309,1.6234,1.6894,1.5065,0.99084,0.41457,-0.62634,-1.811,-2.8947,-3.3142,-3.116,-2.2371,-1.4246,-0.43569,0.2817,0.69876,0.81424,0.69156,0.26176,-0.25663,-1.1966,-2.4077,-3.4496,-4.9676,-6.4991,-7.9623,-9.0172,-10.596,-12.841,-15.181,-17.739,-14.217,-10.678,-7.0277,-4.4463,-2.5898,-1.5883,-0.64487,-0.072669,0.1537,0.21268,0.0933,-0.12844,-0.28637,-0.37326,-0.29026,-0.070199,0.31605,0.77795,1.0652,1.3567,1.4463,1.3504,1.1288,0.69202,0.16886,-0.21905,-0.64772,-0.85069,-0.83434,-0.62461,-0.33322,-0.052832,0.12536,0.33082,0.5444,0.7613,1.1426,1.6199,2.1371
4.4375,4.2763,4.0039,3.6803,3.406,3.0117,2.5923,2.2734,1.8567,1.4751,1.1393,0.92972,0.69924,0.46533,0.23395,-0.21582,-0.8886,-1.5984,-2.8772,-4.5739,-6.7382,-8.6682,-11.708,-15.032,-17.038,-17.421,-15.312,-13.438,-11.372,-9.9213,-9.0428,-8.6534,-8.3308,-7.9141,-7.4076,-6.3519,-5.0338,-3.739,-2.8897,-1.9802,-1.3441,-1.0469,-0.88957,-1.0052,-1.2697,-1.8275,-2.6111,-3.5916,-4.4299,-5.6529,-7.0346,-8.1744,-9.9997,-12.227,-14.145,-16.527,-17.285,-15.753,-14.377,-12.85,-11.78,-11.192,-10.651,-10.23,-9.909,-9.7415,-9.5932,-9.5557,-9.6168,-9.8271,-10.202,-10.559,-11.107,-11.725,-12.347,-12.786,-13.086,-13.077,-12.692,-11.71,-10.318,-9.2154,-7.7978,-6.58,-5.5687,-4.9537,-4.3159,-3.8268,-3.4935,-3.0777,-2.6336,-2.2411,-1.9798,-1.751,-1.7026,-1.8147,-2.1397,-2.6736,-3.1711,-3.893,-4.5828,-5.1772,-5.5363,-5.9478,-6.3159,-6.5709,-6.8291,-6.9184,-6.8286,-6.5324,-6.17,-5.8287,-5.6067,-5.367,-5.1503,-5.0697,-4.9871,-5.0565,-5.2111,-5.3823,-5.4498,-5.1433,-4.5851,-3.4536,-2.0863,-1.0458,0.22084,1.3011,2.1723,2.6742,3.1738,3.4526,3.5484,3.513,3.3448,3.1384,2.8173,2.4748,2.2009,2.0618,2.0132,2.0732,2.174,2.2837,2.3153,2.2031,1.9847,1.4918,0.70669,-0.098401,-1.5737,-3.5651,-5.5256,-8.868,-13.119,-15.974,-15.281,-13.65,-13.059,-13.225,-12.899,-10.593,-8.2066,-5.1904,-2.809,-0.99605,-0.0014754,0.98695,1.6403,1.9455,2.1952,2.3074,2.3741,2.4217,2.5375,2.7036,2.8556,3.0699,3.2234,3.2775,3.1817,2.8639,2.2525,1.5621,0.26666,-1.506,-3.1379,-5.2057,-5.6668,-4.4899,-2.2923,-0.32881,1.1963,2.0917,3.0164,3.697,4.0864,4.4739,4.7521,4.923
4.4461,4.0767,3.5232,2.9012,2.3877,1.6305,0.77743,0.080952,-0.90669,-1.8527,-2.5107,-2.6398,-2.2419,-1.4513,-0.81146,-0.093878,0.34914,0.46728,0.34543,-0.083235,-0.76312,-1.3858,-2.2615,-3.0598,-3.48,-3.732,-3.6087,-3.3594,-2.9352,-2.4981,-2.1547,-1.9496,-1.725,-1.5087,-1.3308,-1.0535,-0.72559,-0.372,-0.09627,0.25584,0.55765,0.72046,0.83819,0.80532,0.66117,0.30779,-0.24983,-1.0311,-1.7749,-3.0044,-4.5671,-5.9811,-8.3365,-11.411,-14.412,-19.152,-20.761,-17.893,-16.094,-14.725,-14.121,-14.01,-13.906,-13.522,-12.64,-11.777,-10.638,-9.6854,-9.1687,-8.7035,-8.5815,-8.6783,-9.1002,-9.9172,-11.23,-12.615,-15.288,-18.729,-19.347,-15.232,-11.025,-8.546,-5.9698,-3.95,-2.3982,-1.465,-0.46151,0.28963,0.71938,1.1232,1.3651,1.4257,1.3346,1.0212,0.43618,-0.19805,-1.3572,-2.9035,-4.3101,-6.3728,-8.0849,-8.4984,-7.8649,-6.6333,-5.5418,-4.9543,-4.4435,-4.2075,-4.1903,-4.3786,-4.7854,-5.3358,-5.7665,-6.0881,-5.8329,-5.2164,-4.0999,-2.8906,-1.7735,-1.0047,-0.11525,0.70308,1.2888,2.0562,2.7798,3.2777,3.8586,4.3332,4.6809,4.8605,5.0141,5.0719,5.0752,5.0317,4.9557,4.8725,4.7652,4.6429,4.5356,4.4588,4.3633,4.2734,4.1885,4.0539,3.8781,3.612,3.3279,2.8118,2.0922,1.3814,0.13662,-1.5294,-3.1525,-5.8586,-8.9113,-10.526,-9.7431,-7.6296,-5.7096,-4.5246,-3.1497,-1.7629,-0.74588,0.58814,1.7218,2.6179,3.1149,3.5351,3.6793,3.6404,3.456,3.2089,3.039,3.0371,3.2273,3.6519,4.0264,4.5429,4.9338,5.1163,5.1338,4.8645,4.2225,3.4629,1.9724,-0.26545,-2.604,-6.6773,-7.8798,-4.8438,-0.97732,1.7587,3.6847,4.7474,5.7809,6.4693,6.7894,7.004,7.0015,6.8175
0.93373,0.29622,-0.55774,-1.4225,-2.0871,-3.0515,-4.1894,-5.2673,-7.2286,-10.367,-15.906,-19.317,-11.973,-6.735,-4.1186,-1.632,0.071626,0.98623,1.8325,2.3333,2.5694,2.6095,2.5582,2.4339,2.3198,2.1849,2.0622,1.9747,1.8432,1.6707,1.4479,1.2299,0.87523,0.44083,0.098482,-0.37495,-0.81809,-1.1393,-1.2566,-1.2174,-0.98934,-0.74549,-0.41773,-0.16528,-0.061803,-0.10143,-0.35269,-0.82618,-1.3385,-2.2462,-3.4084,-4.4431,-5.9925,-7.7133,-9.0025,-10.563,-11.901,-12.933,-13.683,-14.933,-16.887,-19.221,-24.427,-28.677,-21.007,-17.193,-13.835,-11.611,-10.404,-9.3157,-8.6543,-8.4468,-8.5289,-8.9894,-9.8765,-10.858,-12.533,-13.995,-13.944,-11.741,-8.7121,-6.6528,-4.318,-2.4076,-0.88199,0.041814,1.029,1.7602,2.1446,2.4684,2.5551,2.4349,2.1825,1.6151,0.7521,-0.12699,-1.6924,-3.8495,-6.056,-10.326,-17.306,-16.991,-12.09,-8.2195,-5.9718,-4.9039,-4.0588,-3.755,-3.8657,-4.4855,-5.7279,-7.8881,-10.525,-16.907,-18.425,-11.854,-6.6767,-3.3824,-1.0993,0.22563,1.5768,2.5855,3.1647,3.7489,4.123,4.2777,4.3373,4.2348,4.001,3.7748,3.4196,3.1068,2.9044,2.7395,2.6541,2.6495,2.6511,2.6746,2.662,2.6412,2.5624,2.4493,2.3312,2.1631,1.9717,1.7861,1.6649,1.4941,1.295,1.1005,0.78423,0.36272,-0.0060548,-0.50128,-0.87369,-0.93603,-0.75581,-0.24984,0.44719,1.0399,1.8375,2.5939,3.1081,3.6865,4.117,4.3241,4.3318,4.0602,3.4415,2.7219,1.3482,-0.44753,-2.3301,-3.0689,-2.2392,-0.21752,1.2871,2.9117,4.0948,4.6911,5.1771,5.3144,5.1562,4.8663,4.3013,3.6279,3.1457,2.7311,2.7732,3.1464,3.9434,4.8896,5.7815,6.3411,6.894,7.1945,7.2439,7.059,6.5579,5.728
-6.6797,-7.7102,-8.8153,-9.6928,-10.27,-10.894,-11.288,-11.473,-11.72,-12.044,-12.162,-11.578,-9.4994,-6.7413,-4.7528,-2.4613,-0.60493,0.5146,1.6893,2.5623,3.1774,3.4967,3.7541,3.8594,3.8478,3.7286,3.495,3.2508,2.8261,2.2682,1.5711,0.94246,-0.058468,-1.2704,-2.3383,-3.9817,-5.8335,-7.6333,-8.5556,-8.5883,-7.4613,-6.3544,-5.0034,-3.9568,-3.3937,-2.9323,-2.7801,-2.9086,-3.1732,-3.7265,-4.4771,-5.1832,-6.2425,-7.4192,-8.3492,-9.623,-10.905,-12.214,-13.268,-14.781,-16.502,-17.796,-19.314,-19.649,-18.328,-16.812,-14.792,-13.064,-11.981,-10.871,-10.069,-9.6591,-9.3226,-9.1739,-9.1423,-9.1378,-9.0262,-8.6816,-8.1915,-7.2092,-5.9681,-4.9449,-3.567,-2.293,-1.1807,-0.46775,0.29121,0.84347,1.1159,1.2973,1.2661,1.0276,0.72997,0.16188,-0.5822,-1.2584,-2.3042,-3.5047,-4.453,-5.6408,-6.4662,-6.6526,-6.3934,-5.7482,-5.0575,-4.6126,-4.2317,-4.1285,-4.2433,-4.6527,-5.3911,-6.4272,-7.3012,-8.1122,-7.7338,-6.5429,-4.4706,-2.4207,-0.69826,0.3377,1.4375,2.208,2.5856,2.814,2.7549,2.5193,1.9467,1.0777,-0.05877,-1.0494,-2.4462,-3.6714,-4.2678,-4.4995,-4.2308,-3.8859,-3.4513,-3.1198,-2.9347,-2.8894,-2.9301,-3.1148,-3.3147,-3.688,-4.0894,-4.3332,-4.2934,-3.8777,-3.1466,-2.5111,-1.6909,-0.97781,-0.51051,0.017629,0.48199,0.91977,1.2614,1.7321,2.2122,2.5674,3.0276,3.4217,3.6685,3.8786,3.9513,3.8373,3.5878,3.0042,2.0624,1.043,-0.89676,-3.8059,-8.1872,-11.255,-8.2769,-3.8316,-1.4663,0.72456,2.1913,2.9338,3.5657,3.8687,3.9394,3.8803,3.7211,3.5541,3.4712,3.4873,3.6702,3.9065,4.3358,4.82,5.2774,5.5593,5.8019,5.8403,5.7103,5.2721,4.4804,3.2349
-19.834,-21.518,-20.071,-19.697,-20.765,-23.6,-23.334,-19.8,-15.698,-12.733,-10.433,-8.8757,-6.9091,-5.009,-3.6401,-1.9483,-0.44235,0.55925,1.694,2.6032,3.2942,3.6789,4.0147,4.1594,4.1524,3.9847,3.6483,3.2828,2.6415,1.8222,0.79744,-0.1141,-1.5471,-3.2753,-4.8378,-7.4079,-10.857,-16.221,-23.246,-21.122,-14.24,-11.374,-8.8497,-7.2002,-6.3626,-5.617,-5.2388,-5.1799,-5.3147,-5.6991,-6.2866,-6.8443,-7.7285,-8.7195,-9.5347,-10.693,-11.865,-13.067,-13.98,-15.17,-16.188,-16.784,-17.23,-17.185,-16.672,-16.007,-14.932,-13.804,-13.056,-12.167,-11.506,-11.113,-10.718,-10.433,-10.161,-9.8977,-9.4187,-8.7458,-8.0973,-7.0762,-5.956,-5.0847,-3.9547,-2.9228,-2.0271,-1.4688,-0.8998,-0.54323,-0.41115,-0.42837,-0.63031,-1.0205,-1.4087,-2.0057,-2.6604,-3.1443,-3.746,-4.2484,-4.5424,-4.8153,-4.9502,-4.9403,-4.882,-4.7361,-4.5818,-4.5,-4.4546,-4.4736,-4.5103,-4.565,-4.5847,-4.5031,-4.3252,-3.8944,-3.2325,-2.5739,-1.5729,-0.54207,0.40832,1.0056,1.6204,1.9825,2.0691,1.9116,1.4284,0.83105,-0.32407,-1.9492,-4.1744,-6.417,-10.489,-17.024,-22.675,-17.497,-13.278,-11.623,-10.36,-9.8222,-9.5725,-9.5042,-9.4653,-9.612,-9.9583,-10.964,-12.808,-15.601,-16.942,-14.077,-9.9943,-7.5529,-5.092,-3.2599,-2.199,-1.0692,-0.1819,0.52027,0.96363,1.4759,1.9196,2.2086,2.5378,2.8046,2.9576,3.0895,3.1009,2.99,2.8006,2.4139,1.8501,1.3106,0.49829,-0.33402,-0.98923,-1.1911,-0.96833,-0.32623,0.28993,1.0745,1.6913,2.008,2.1976,2.1514,1.8844,1.5824,1.1283,0.7441,0.60288,0.68387,1.0863,1.5386,2.2422,2.928,3.5126,3.8523,4.1461,4.2412,4.1684,3.8764,3.3575,2.6061
-16.538,-17.816,-17.909,-17.963,-18.473,-19.369,-18.703,-16.808,-13.879,-11.272,-9.047,-7.5746,-5.8014,-4.151,-2.9881,-1.5272,-0.18612,0.7243,1.7997,2.6886,3.3799,3.7615,4.0947,4.2176,4.174,3.9375,3.496,3.0275,2.222,1.2137,0.0051239,-1.0319,-2.5804,-4.2928,-5.6718,-7.5722,-9.4211,-10.943,-11.655,-11.823,-11.181,-10.418,-9.3486,-8.4222,-7.8665,-7.3492,-7.0891,-7.081,-7.2403,-7.668,-8.3333,-8.9283,-9.8766,-10.938,-11.771,-12.927,-14.111,-15.384,-16.36,-17.761,-19.227,-20.255,-21.022,-20.627,-19.3,-18.072,-16.453,-15.064,-14.219,-13.386,-12.881,-12.729,-12.785,-13.058,-13.38,-13.47,-13.132,-12.082,-10.963,-9.2945,-7.623,-6.4676,-5.1006,-3.9618,-3.0537,-2.5404,-2.0726,-1.8739,-1.9013,-2.174,-2.7172,-3.4964,-4.2323,-5.3235,-6.3931,-7.037,-7.4859,-7.4161,-7.125,-6.5973,-6.0633,-5.6322,-5.3886,-5.2128,-5.2076,-5.3237,-5.5911,-5.9233,-6.1429,-6.2586,-5.9959,-5.3167,-4.5923,-3.4752,-2.2951,-1.4375,-0.35215,0.5856,1.3511,1.7973,2.1749,2.2934,2.1965,1.8204,1.125,0.38085,-0.91962,-2.6046,-4.7066,-6.5766,-9.3511,-12.083,-13.503,-14.099,-13.977,-14.025,-14.718,-16.14,-17.822,-18.185,-16.897,-15.042,-14.163,-13.77,-14.381,-15.553,-15.783,-13.637,-10.343,-8.1819,-5.8434,-4.0867,-3.0609,-2.0065,-1.2136,-0.60159,-0.23948,0.1548,0.48118,0.69888,0.95663,1.1937,1.3437,1.5223,1.6444,1.6925,1.6915,1.6105,1.4532,1.3061,1.1008,0.92418,0.8319,0.82434,0.93205,1.1265,1.2875,1.4764,1.5495,1.4874,1.1917,0.5862,-0.40782,-1.4496,-3.2749,-5.4544,-6.7875,-6.7029,-4.6816,-2.9633,-1.0353,0.41373,1.4439,1.9854,2.4504,2.6728,2.709,2.6293,2.4341,2.1695
-7.5798,-8.3311,-9.115,-9.6691,-9.9232,-10.075,-9.9269,-9.5927,-8.9836,-8.2269,-7.3383,-6.5978,-5.5092,-4.2523,-3.2258,-1.8031,-0.40408,0.55902,1.7037,2.655,3.3886,3.7873,4.1131,4.2072,4.1222,3.8066,3.2588,2.6948,1.7382,0.54234,-0.8828,-2.0976,-3.8919,-5.8327,-7.3056,-9.1441,-10.6,-11.429,-11.629,-11.462,-10.974,-10.52,-9.8878,-9.3288,-8.9812,-8.6866,-8.5866,-8.715,-8.9761,-9.5788,-10.483,-11.345,-12.734,-14.274,-15.41,-16.681,-17.665,-18.498,-19.19,-20.665,-23.19,-26.509,-37.674,-31.799,-23.493,-20.178,-17.265,-15.382,-14.412,-13.646,-13.392,-13.584,-14.414,-16.044,-18.988,-22.732,-27.46,-20.361,-16.148,-12.274,-9.4856,-7.8547,-6.1246,-4.7967,-3.826,-3.3138,-2.9114,-2.821,-2.9759,-3.4835,-4.4105,-5.7959,-7.2001,-9.7592,-13.355,-16.734,-18.296,-14.516,-11.92,-9.4174,-7.7654,-6.6945,-6.1893,-5.9109,-6.0492,-6.4431,-7.3979,-8.9593,-10.576,-12.896,-13.034,-10.093,-7.5865,-4.7601,-2.5113,-1.142,0.33486,1.4613,2.2849,2.7156,3.033,3.0688,2.9037,2.4327,1.672,0.91261,-0.33498,-1.8264,-3.4991,-4.812,-6.5116,-8.1129,-9.1382,-10.311,-11.44,-12.377,-14.149,-16.781,-20.501,-21.83,-18.254,-14.5,-12.536,-10.718,-9.5298,-8.585,-7.9182,-6.954,-5.9025,-5.1372,-4.2235,-3.4982,-3.0705,-2.6801,-2.4484,-2.3358,-2.2877,-2.2561,-2.2142,-2.148,-1.9927,-1.7642,-1.5541,-1.2198,-0.86689,-0.55826,-0.35994,-0.17897,-0.079907,-0.037013,-0.019087,0.018362,0.12272,0.24531,0.4709,0.74963,0.94648,1.1623,1.2368,1.1644,0.83602,0.15283,-0.97726,-2.2164,-4.6054,-8.2003,-11.446,-11.331,-7.0757,-4.5423,-2.1951,-0.67078,0.27165,0.68683,0.9344,0.92683,0.81941,0.62084,0.44294,0.37021
-2.603,-3.0506,-3.6211,-4.148,-4.5203,-4.9946,-5.4739,-5.8719,-6.4703,-7.1984,-8.0281,-8.5192,-8.466,-7.2098,-5.6839,-3.4612,-1.4051,-0.068046,1.4096,2.5541,3.3813,3.8084,4.1242,4.1709,4.0336,3.6273,2.9721,2.3189,1.2317,-0.13048,-1.7896,-3.2545,-5.5685,-8.4102,-10.982,-15.176,-19.383,-19.148,-17.017,-14.614,-13.022,-12.203,-11.435,-10.887,-10.584,-10.29,-10.128,-10.17,-10.38,-10.972,-12.03,-13.269,-15.602,-19.063,-22.696,-27.234,-24.591,-21.319,-19.983,-19.173,-19.079,-19.22,-19.169,-18.388,-16.953,-15.759,-14.287,-13.139,-12.517,-12.041,-11.953,-12.153,-12.789,-13.856,-15.234,-16.161,-16.49,-15.076,-13.404,-11.111,-9.0376,-7.6996,-6.1972,-4.9732,-4.0672,-3.5752,-3.1964,-3.1254,-3.2917,-3.8174,-4.7044,-6.019,-7.2842,-9.4101,-11.943,-13.702,-14.39,-12.694,-10.991,-8.9876,-7.4583,-6.3739,-5.8325,-5.4913,-5.5567,-5.8927,-6.8161,-8.3853,-10.061,-12.653,-12.846,-9.3972,-6.6484,-3.632,-1.2785,0.13767,1.6308,2.761,3.5552,3.9484,4.211,4.1847,3.9728,3.4266,2.5788,1.7481,0.36844,-1.2784,-3.1651,-4.657,-6.59,-8.1464,-8.883,-9.3474,-9.4212,-9.4015,-9.4135,-9.476,-9.3613,-9.0691,-8.2945,-7.2673,-6.4672,-5.4292,-4.5606,-3.8663,-3.4437,-3.0183,-2.7574,-2.6658,-2.72,-2.9698,-3.2925,-3.8684,-4.5704,-5.3235,-5.8515,-6.454,-6.9254,-7.1902,-7.3172,-7.0823,-6.5929,-5.7085,-4.7107,-3.8449,-3.356,-2.9431,-2.7889,-2.8258,-2.9816,-3.099,-3.0169,-2.7253,-2.0985,-1.2842,-0.66296,0.087048,0.67569,0.96089,1.141,1.0619,0.73547,0.34289,-0.30613,-0.93091,-1.2272,-1.2583,-0.89898,-0.48937,0.01618,0.33584,0.35765,0.1468,-0.44636,-1.3755,-2.2472,-3.4551,-4.2657,-4.2153
0.073906,-0.20736,-0.62035,-1.0866,-1.4889,-2.1054,-2.8775,-3.624,-4.928,-6.8374,-9.9127,-13.871,-27.609,-14.618,-9.1837,-4.8127,-1.9117,-0.28594,1.3609,2.5353,3.3218,3.6847,3.8996,3.82,3.585,3.049,2.2735,1.5453,0.38518,-0.98152,-2.5709,-3.9356,-6.0372,-8.5681,-10.797,-14.178,-17.144,-17.371,-16.195,-14.72,-13.872,-13.62,-13.681,-13.882,-13.887,-13.428,-12.612,-11.802,-11.394,-11.236,-11.615,-12.304,-13.76,-15.86,-17.597,-19.042,-18.441,-16.821,-15.712,-14.577,-13.814,-13.385,-12.881,-12.363,-11.777,-11.324,-10.765,-10.279,-9.9962,-9.7602,-9.736,-9.8323,-10.09,-10.471,-10.85,-11.05,-11.114,-10.811,-10.358,-9.4909,-8.4049,-7.5293,-6.3503,-5.2815,-4.3794,-3.8587,-3.3992,-3.2478,-3.3284,-3.7128,-4.3662,-5.2471,-6.0375,-7.1158,-8.0586,-8.546,-8.7505,-8.4614,-7.9712,-7.1132,-6.1998,-5.394,-4.9187,-4.4495,-4.1965,-4.1436,-4.2063,-4.3189,-4.354,-4.1829,-3.5876,-2.5572,-1.5769,-0.15268,1.2382,2.1835,3.2806,4.1607,4.7956,5.1056,5.298,5.2185,4.9775,4.3993,3.5052,2.6036,1.0586,-0.9742,-3.6424,-6.2149,-11.001,-17.872,-17.925,-12.44,-9.0577,-7.4262,-5.8653,-4.7525,-3.8725,-3.28,-2.5587,-1.8831,-1.4199,-0.89957,-0.48279,-0.22967,-0.15865,-0.23985,-0.55841,-0.97565,-1.8015,-2.9913,-4.1762,-6.1511,-8.5585,-11.079,-12.638,-13.767,-14.447,-15.366,-17.678,-19.252,-16.85,-12.498,-9.2891,-7.1932,-6.2553,-5.6724,-5.8433,-6.4789,-7.9783,-10.142,-11.676,-10.817,-7.9472,-5.206,-3.5188,-1.7676,-0.42351,0.3617,1.1586,1.7236,2.0763,2.2277,2.3287,2.3528,2.3376,2.2985,2.2315,2.1292,1.8949,1.4778,0.79682,0.059034,-1.3278,-3.3709,-5.5822,-10.267,-21.905,-16.477
0.50845,0.35433,0.10882,-0.18736,-0.44606,-0.8598,-1.3752,-1.8387,-2.6004,-3.4968,-4.4278,-4.9846,-5.1647,-4.4223,-3.3859,-1.7856,-0.26508,0.72503,1.7866,2.5469,3.0076,3.1581,3.1103,2.7815,2.3581,1.5738,0.55881,-0.32387,-1.6103,-2.9376,-4.2387,-5.1715,-6.3531,-7.4839,-8.3147,-9.3188,-10.163,-10.811,-11.198,-11.802,-12.775,-13.95,-16.532,-21.41,-27.367,-22.448,-16.449,-13.095,-11.505,-10.203,-9.5692,-9.3906,-9.4916,-9.8034,-10.078,-10.341,-10.433,-10.334,-10.19,-9.9942,-9.8294,-9.7357,-9.6368,-9.5381,-9.4201,-9.2969,-9.1045,-8.9018,-8.7737,-8.6594,-8.6493,-8.7374,-9.0007,-9.4118,-9.9777,-10.503,-11.219,-11.912,-12.211,-12.007,-11.031,-9.9032,-8.2381,-6.7152,-5.4492,-4.7238,-4.0561,-3.7498,-3.7522,-4.054,-4.7164,-5.6925,-6.6074,-7.9922,-9.3592,-10.142,-10.475,-9.8727,-9.0146,-7.7241,-6.5132,-5.5231,-4.9419,-4.341,-3.9272,-3.6961,-3.403,-3.0657,-2.7359,-2.1402,-1.3656,-0.43803,0.3285,1.3876,2.4119,3.134,3.9903,4.6912,5.2225,5.4933,5.6756,5.6351,5.4512,4.9881,4.2602,3.521,2.2699,0.66924,-1.3039,-3.016,-5.4624,-7.3086,-7.5716,-6.4937,-4.8603,-3.7034,-2.4021,-1.3147,-0.41913,0.15843,0.80772,1.3404,1.6704,1.9756,2.1329,2.1237,1.9859,1.6073,0.97746,0.29607,-0.92475,-2.6064,-4.263,-7.1901,-11.425,-18.351,-26.971,-21.308,-17.379,-16.492,-16.723,-16.715,-15.045,-11.894,-9.1973,-7.3438,-6.5081,-6.0635,-6.4146,-7.2119,-9.1068,-12.07,-14.743,-13.644,-10.043,-7.0461,-5.2761,-3.4015,-1.8801,-0.88231,0.26239,1.2319,2.0187,2.4916,2.9605,3.2464,3.3434,3.3311,3.1606,2.9236,2.4666,1.8307,1.0194,0.29045,-0.85847,-2.2122,-3.3294,-4.7955,-5.7491,-5.6316
-0.73152,-0.79951,-0.88118,-0.92909,-0.9388,-0.94553,-0.95686,-0.97154,-1.0121,-1.0438,-1.0205,-0.9436,-0.69257,-0.26322,0.15835,0.79331,1.435,1.8757,2.3497,2.6472,2.7292,2.6364,2.2756,1.6345,0.94737,-0.26259,-1.8139,-3.2028,-5.2766,-7.3156,-8.7346,-9.0914,-8.844,-8.3156,-7.9866,-7.7185,-7.6322,-7.735,-7.9563,-8.4457,-9.2301,-10.049,-11.397,-12.763,-13.305,-12.648,-10.934,-9.1594,-8.0426,-6.9042,-6.1522,-5.8063,-5.5759,-5.5343,-5.5988,-5.779,-6.0133,-6.3103,-6.5739,-6.9916,-7.473,-7.8739,-8.4346,-8.9654,-9.386,-9.5686,-9.5707,-9.3608,-9.1298,-8.8258,-8.6054,-8.5657,-8.7355,-9.2002,-10.052,-11.014,-12.955,-16.157,-20.253,-28.218,-18.953,-14.372,-10.483,-7.8668,-6.0528,-5.084,-4.2262,-3.7909,-3.7414,-4.0258,-4.7445,-5.9794,-7.306,-9.8486,-13.981,-19.505,-26.953,-15.849,-12.02,-8.9139,-6.9827,-5.7794,-5.2213,-4.8701,-4.8413,-4.9281,-5.0333,-4.8942,-4.5014,-3.5773,-2.364,-1.0364,-0.065153,1.1422,2.2209,2.9404,3.7747,4.458,4.9958,5.3008,5.5608,5.6579,5.6137,5.3936,4.9853,4.5635,3.8417,2.9812,2.0286,1.2971,0.41733,-0.21356,-0.4735,-0.50424,-0.2298,0.10979,0.6763,1.3037,1.9304,2.3697,2.9075,3.348,3.5997,3.8342,3.9064,3.8158,3.6301,3.208,2.5716,1.9431,0.88542,-0.43304,-1.5896,-3.3576,-5.257,-6.9857,-7.951,-8.5405,-8.4952,-8.2714,-7.7743,-7.1479,-6.5323,-5.5908,-4.6927,-3.9791,-3.6017,-3.4253,-3.5849,-3.9123,-4.5774,-5.3091,-5.8864,-6.1339,-6.1693,-6.0049,-5.7639,-5.1178,-4.0604,-3.0071,-1.4634,0.009009,1.2883,2.0644,2.8365,3.3122,3.4886,3.483,3.2145,2.8656,2.2094,1.3986,0.50969,-0.14344,-0.89644,-1.4464,-1.7025,-1.8335,-1.7378,-1.4738
-3.2696,-3.4723,-3.5421,-3.2895,-2.9233,-2.299,-1.6529,-1.2163,-0.68627,-0.2321,0.17674,0.47774,0.88387,1.3051,1.6236,2.0386,2.4131,2.634,2.838,2.9,2.7878,2.569,2.0668,1.2842,0.47758,-0.95557,-2.9089,-4.8589,-8.5096,-14.695,-38.957,-18.923,-11.996,-8.7973,-7.3048,-6.0234,-5.24,-4.7831,-4.6064,-4.5216,-4.5643,-4.6439,-4.7527,-4.7647,-4.6615,-4.3386,-3.8258,-3.2208,-2.7793,-2.265,-1.8861,-1.7234,-1.6412,-1.7237,-1.8794,-2.2113,-2.6735,-3.2848,-3.8517,-4.7619,-5.8999,-6.9332,-8.5831,-10.541,-12.54,-13.557,-13.421,-12.004,-10.779,-9.4111,-8.4714,-8.0294,-7.7629,-7.876,-8.3368,-8.9019,-9.9425,-11.204,-12.047,-12.298,-11.114,-9.6125,-7.5486,-5.7685,-4.3732,-3.5786,-2.8412,-2.4406,-2.3499,-2.5134,-2.9735,-3.7487,-4.555,-5.8999,-7.3887,-8.3196,-8.6707,-7.7784,-6.7298,-5.3791,-4.4136,-3.918,-3.8911,-4.391,-5.5661,-7.0071,-9.8432,-12.777,-12.128,-8.2886,-4.9078,-2.4206,-0.98423,0.51163,1.6852,2.4004,3.2119,3.9009,4.4797,4.8531,5.2582,5.5496,5.6856,5.7497,5.6717,5.5225,5.2014,4.7575,4.2202,3.7761,3.1794,2.6037,2.2315,1.875,1.723,1.7758,2.0839,2.5906,3.2193,3.7095,4.3231,4.8356,5.1224,5.3779,5.474,5.4001,5.2407,4.8914,4.3855,3.9277,3.2001,2.3717,1.7153,0.8137,-0.043765,-0.77908,-1.2043,-1.5743,-1.7098,-1.6784,-1.4923,-1.1535,-0.8674,-0.43392,-0.028616,0.28627,0.43546,0.48244,0.34632,0.10891,-0.38311,-1.0711,-1.9771,-2.8701,-4.462,-6.7454,-9.2226,-13.082,-11.228,-7.458,-3.4748,-0.67711,1.3076,2.3973,3.4134,4.0049,4.1899,4.1014,3.6318,3.0229,1.8644,0.31181,-1.5484,-2.9327,-4.1149,-3.9018,-3.0652,-1.7279,-0.54651,0.37562
-7.4309,-9.3497,-10.97,-9.3043,-7.1859,-4.7781,-3.053,-2.1141,-1.1958,-0.52404,0.019323,0.40426,0.89683,1.3855,1.7417,2.1789,2.5446,2.7522,2.9216,2.9617,2.8639,2.6866,2.3142,1.749,1.1912,0.24058,-0.99076,-2.0788,-3.6699,-5.1988,-6.0857,-6.0652,-5.3411,-4.3418,-3.6382,-2.8264,-2.2061,-1.7319,-1.4286,-1.0824,-0.75362,-0.50062,-0.15379,0.21643,0.51449,0.91483,1.3041,1.6572,1.8792,2.0824,2.1666,2.1505,2.0015,1.705,1.3906,0.85936,0.18228,-0.62853,-1.3384,-2.4568,-3.8545,-5.1497,-7.3923,-10.565,-15.523,-20.942,-18.523,-12.962,-10.377,-8.1708,-6.8348,-6.2251,-5.7818,-5.6463,-5.6965,-5.7992,-5.8946,-5.8677,-5.718,-5.2948,-4.6018,-3.9587,-3.0498,-2.1663,-1.4316,-0.98801,-0.56205,-0.33263,-0.26132,-0.28327,-0.41105,-0.59461,-0.74574,-0.947,-1.0739,-1.0845,-0.95897,-0.66304,-0.38989,-0.048562,0.15334,0.097908,-0.18602,-0.9278,-2.2239,-3.6283,-6.012,-8.0297,-7.7659,-5.4215,-3.0031,-1.219,-0.26043,0.62699,1.2194,1.5724,2.0169,2.5515,3.1856,3.6906,4.3663,4.9591,5.332,5.7167,5.9663,6.0512,6.0428,5.8641,5.5018,5.104,4.3781,3.4171,2.5603,1.3205,0.27021,-0.051015,0.42238,1.6619,3.1024,4.0966,5.1762,5.9684,6.3869,6.7026,6.8051,6.717,6.5459,6.2083,5.7781,5.4039,4.8672,4.3064,3.8828,3.3604,2.8986,2.5217,2.327,2.1841,2.1858,2.2911,2.5222,2.8566,3.1406,3.5171,3.8733,4.1615,4.2929,4.3709,4.2833,4.1042,3.7096,3.0959,2.2272,1.3878,-0.053556,-1.9124,-3.468,-5.0197,-4.3355,-2.5817,-0.043187,2.076,3.6834,4.5945,5.4491,5.925,6.0335,5.852,5.2734,4.5328,3.0629,0.83244,-2.6158,-6.7775,-17.048,-9.0398,-4.3706,-0.80564,1.3318,2.6692
-5.7295,-8.087,-10.402,-8.5545,-6.3118,-4.0855,-2.7445,-2.1642,-1.8392,-1.7608,-1.6581,-1.448,-0.90485,-0.15327,0.44193,1.1536,1.6877,1.9822,2.2047,2.2755,2.2424,2.1832,2.0773,1.9482,1.8241,1.5937,1.2788,0.99721,0.60153,0.23376,-0.032036,-0.14204,-0.17546,-0.12302,-0.0743,-0.0048942,0.081129,0.21047,0.38261,0.75461,1.2977,1.7952,2.5335,3.277,3.8055,4.4361,4.9476,5.3147,5.4887,5.5739,5.4819,5.3043,4.9109,4.362,3.8548,3.0802,2.223,1.3353,0.67024,-0.23263,-1.1562,-1.8886,-2.9459,-4.0538,-4.9866,-5.4071,-5.4352,-4.9053,-4.3872,-3.7725,-3.4019,-3.325,-3.4941,-3.8605,-4.2757,-4.4742,-4.415,-3.8845,-3.2495,-2.2602,-1.2387,-0.54615,0.24494,0.83478,1.2049,1.3308,1.3218,1.1631,1.0003,0.84774,0.85401,1.0799,1.3903,1.9252,2.507,2.9452,3.5026,3.9919,4.3097,4.635,4.8335,4.8585,4.7574,4.4529,3.9725,3.55,2.9779,2.5501,2.3935,2.3517,2.3617,2.2159,1.8983,1.1449,-0.019985,-1.0068,-1.9387,-1.6409,-0.23496,0.97949,2.4201,3.5517,4.2159,4.9322,5.5149,5.8837,6.2701,6.492,6.4647,6.2302,5.5323,4.2757,2.8115,-0.28701,-6.3205,-20.559,-6.9075,-0.20009,3.2594,4.9336,6.4272,7.3111,7.6784,7.8467,7.7172,7.3826,7.033,6.4942,5.935,5.5044,4.9743,4.4922,4.1529,3.7602,3.4402,3.2216,3.1335,3.158,3.3665,3.6452,4.1738,4.7936,5.311,5.9762,6.5789,7.0762,7.3651,7.6149,7.7052,7.6708,7.4872,7.1564,6.6945,6.2868,5.707,5.146,4.8203,4.6395,4.8205,5.1746,5.8564,6.6216,7.3451,7.8037,8.2795,8.5517,8.6172,8.506,8.1516,7.7225,6.9119,5.8762,4.7194,3.9416,3.3785,3.6092,4.1944,5.1567,6.0232,6.625
2.3772,1.7944,1.1431,0.73387,0.51593,0.17873,-0.45668,-1.2735,-2.9328,-5.4131,-8.3245,-9.1604,-6.853,-3.9702,-2.3345,-0.85448,-0.041051,0.20432,0.17322,-0.15023,-0.54065,-0.68621,-0.5417,0.0034331,0.52605,1.2071,1.7755,2.0718,2.2977,2.3925,2.3529,2.2445,2.0021,1.6288,1.2579,0.57231,-0.2787,-1.1403,-1.5738,-1.3706,-0.17126,1.0906,2.8294,4.3822,5.3526,6.3907,7.1442,7.6246,7.8076,7.8308,7.5958,7.2385,6.5389,5.5853,4.7164,3.3894,2.0157,0.78096,0.10093,-0.35015,-0.36921,-0.25127,-0.03991,0.13189,0.25757,0.35137,0.46484,0.54903,0.53958,0.38095,-0.049365,-0.61046,-1.7886,-3.6416,-6.3875,-8.8823,-10.067,-6.7854,-4.1202,-1.3751,0.56691,1.6141,2.569,3.0402,3.0857,2.8148,2.0358,0.79267,-0.40599,-1.9986,-2.4965,-1.2646,0.21404,2.1626,3.7931,4.7978,5.9002,6.7629,7.2891,7.8528,8.2689,8.5535,8.689,8.7459,8.7009,8.5995,8.3888,8.0977,7.8132,7.3228,6.6291,5.6312,4.5855,2.5885,-0.47801,-4.0672,-13.052,-10.344,-3.7878,-1.2467,0.62367,1.5665,1.9528,2.3821,3.097,3.9147,5.1542,6.3211,7.1913,7.5789,7.7226,7.4221,6.9193,5.9686,5.039,4.744,5.2089,6.3859,7.609,8.3368,8.9511,9.1388,8.9923,8.4847,7.6331,6.5323,5.6307,4.4618,3.4596,2.8992,2.3321,1.9054,1.6493,1.3047,0.97885,0.68372,0.48466,0.38509,0.68138,1.2572,2.4899,3.9836,5.1086,6.4952,7.6452,8.5406,9.0634,9.5366,9.8092,9.8912,9.8575,9.7094,9.4869,9.2897,9.023,8.8098,8.6958,8.6323,8.6846,8.7917,8.9964,9.258,9.5426,9.7515,10.003,10.206,10.32,10.402,10.393,10.333,10.192,10.008,9.83,9.7435,9.7222,9.8274,9.973,10.201,10.398,10.474
6.3884,5.8552,5.0703,4.1972,3.4721,2.3376,0.89131,-0.48159,-2.7607,-5.7802,-9.0725,-10.123,-8.1967,-5.6406,-4.2242,-3.0716,-2.6789,-2.8976,-3.9343,-5.9626,-9.395,-12.489,-11.493,-7.0255,-4.535,-2.2175,-0.70993,0.025649,0.61869,0.89845,0.94108,0.85105,0.56606,0.073852,-0.48297,-1.667,-3.6579,-7.278,-12.777,-21.574,-7.2384,-2.9615,0.70227,3.1739,4.5323,5.8674,6.7576,7.2789,7.4497,7.3939,7.0206,6.512,5.5189,4.1049,2.7106,0.25869,-3.079,-7.6131,-10.516,-8.358,-4.7351,-2.7962,-0.95237,0.28841,1.1148,1.5469,1.9383,2.1042,2.0907,1.8768,1.3831,0.78384,-0.37893,-2.0807,-4.3959,-6.2446,-6.933,-4.5972,-2.4202,-0.010729,1.7219,2.6434,3.4194,3.701,3.4879,2.982,1.7506,-0.32613,-2.7054,-7.8065,-12.551,-6.076,-2.3974,0.81528,2.9707,4.1534,5.3613,6.2899,6.8696,7.5407,8.1233,8.6466,8.9963,9.3776,9.656,9.7795,9.8236,9.7083,9.4999,9.0589,8.3988,7.5012,6.6571,5.3043,3.7667,2.6042,1.3603,0.74004,0.61962,0.5599,0.028437,-1.3749,-3.3853,-8.1479,-9.2595,-3.9987,1.0174,4.2332,6.3934,7.5402,8.6048,9.2615,9.5595,9.7742,9.9107,10.014,10.173,10.343,10.432,10.378,10.071,9.4076,8.6159,7.1121,5.02,2.219,-0.32155,-3.8835,-5.9982,-5.9204,-5.4262,-5.3166,-5.43,-5.6188,-5.7594,-6.1472,-6.9194,-9.1824,-12.491,-10.891,-4.964,-0.53074,1.9259,4.3627,6.0883,7.3059,7.9456,8.4706,8.7059,8.7301,8.6073,8.3619,8.0746,7.8622,7.619,7.4692,7.401,7.3522,7.34,7.3473,7.346,7.3577,7.4094,7.4874,7.638,7.8826,8.1145,8.4577,8.8157,9.0796,9.4158,9.7197,10.007,10.214,10.473,10.723,10.898,11.094,11.232,11.263
7.1992,6.5971,5.686,4.6592,3.799,2.5238,1.1363,0.034005,-1.461,-2.8505,-3.9535,-4.4735,-4.7006,-4.5959,-4.4457,-4.3405,-4.4801,-4.8468,-5.7985,-7.3379,-9.3299,-10.492,-10.109,-7.9425,-6.2774,-4.5377,-3.4666,-3.0084,-2.7568,-2.8876,-3.1766,-3.3581,-3.4637,-3.429,-3.3918,-3.4143,-3.704,-4.1508,-4.3373,-3.8707,-2.4249,-1.0162,0.81918,2.3854,3.3391,4.3174,4.9784,5.3404,5.4314,5.3001,4.888,4.3828,3.4203,2.0883,0.81153,-1.3055,-3.9368,-6.7497,-8.0596,-7.3778,-5.3073,-3.8291,-2.222,-1.0018,-0.09453,0.40888,0.89378,1.1944,1.3266,1.3693,1.2616,1.0973,0.77329,0.40892,0.10412,0.016324,0.18423,0.70402,1.262,2.0805,2.8156,3.2568,3.627,3.7328,3.5389,3.204,2.5165,1.5976,0.8494,0.0027245,-0.33714,-0.023601,0.48038,1.2828,1.9921,2.3994,2.7838,3.092,3.3432,3.8179,4.5248,5.4103,6.108,7.0064,7.7563,8.1843,8.5678,8.7273,8.6997,8.4746,8.0511,7.451,6.908,6.1145,5.2819,4.6615,3.9185,3.2489,2.6119,2.0725,1.2125,0.028608,-0.99955,-2.1782,-1.8941,-0.4788,1.9641,4.2219,6.0713,7.2068,8.3943,9.2944,9.8175,10.355,10.733,10.916,11.055,11.034,10.832,10.525,9.8676,8.8558,7.8149,5.9301,3.3653,-0.13672,-3.597,-9.5021,-12.904,-11.732,-11.031,-12.847,-16.269,-21.189,-15.194,-11.364,-10.043,-9.5568,-9.1466,-7.781,-4.6139,-1.4099,0.57092,2.6474,4.1073,5.0407,5.4293,5.6258,5.4357,5.0828,4.4047,3.5603,2.7156,2.2161,1.8535,1.8248,1.9567,2.1455,2.2251,2.1677,1.9533,1.577,1.1552,0.92976,0.89354,1.2715,1.7834,2.6456,3.5897,4.2741,5.118,5.8658,6.5238,6.9578,7.4807,7.9563,8.279,8.6761,9.0081,9.2673
7.4225,6.7461,5.7444,4.6141,3.6863,2.3363,0.89107,-0.2388,-1.7727,-3.1966,-4.3697,-4.9433,-5.3233,-5.2908,-5.1235,-4.8481,-4.6759,-4.6346,-4.7189,-4.9412,-5.1177,-5.1455,-5.002,-4.6538,-4.3308,-4.0188,-3.9799,-4.2216,-5.032,-6.5428,-8.8478,-10.758,-11.114,-8.4575,-6.3359,-4.1331,-2.5653,-1.4184,-0.73072,0.086992,0.88969,1.4744,2.1968,2.7978,3.1658,3.5259,3.7605,3.8686,3.8594,3.7235,3.4098,3.0557,2.3963,1.522,0.75076,-0.37392,-1.5099,-2.4577,-2.9478,-3.1988,-3.0361,-2.7166,-2.1791,-1.6051,-1.0629,-0.70314,-0.31882,0.0069133,0.21221,0.45516,0.69924,0.89215,1.1637,1.4563,1.7863,2.0611,2.4651,2.904,3.2341,3.6544,4.0159,4.2184,4.3814,4.4083,4.2996,4.1267,3.8016,3.4163,3.11,2.7298,2.4269,2.1933,2.0299,1.7555,1.2997,0.77654,-0.25696,-1.7088,-2.8825,-3.5207,-1.9666,0.62256,2.4478,4.4685,5.9672,6.7939,7.5419,7.9315,8.0242,7.9004,7.5457,7.0095,6.5304,5.8426,5.1809,4.7444,4.2586,3.9005,3.6317,3.4633,3.285,3.1619,3.1416,3.2862,3.7135,4.2327,5.1188,6.1149,7.1254,7.8368,8.7101,9.4861,9.9927,10.576,11.034,11.295,11.518,11.577,11.444,11.203,10.658,9.8371,9.0224,7.652,5.9554,3.969,2.37,0.28139,-1.6043,-2.8921,-4.5466,-6.3318,-7.6472,-8.4038,-7.5158,-5.8245,-4.6163,-3.18,-1.8941,-0.92163,0.4051,1.7151,2.5754,3.5045,4.1343,4.3965,4.3332,3.8993,3.0297,2.0483,0.23853,-2.2477,-5.4782,-7.9385,-8.6204,-6.4355,-4.8105,-3.3461,-2.721,-2.766,-3.4573,-4.9218,-7.2549,-9.4453,-11.16,-9.3539,-7.1385,-4.5147,-2.4832,-1.2254,0.17374,1.3252,2.2563,2.8449,3.5307,4.1353,4.5816,5.2047,5.868,6.564
7.4848,6.7514,5.677,4.4735,3.4843,2.0195,0.32101,-1.1335,-3.4063,-6.0796,-8.9271,-10.429,-10.16,-8.2902,-6.8789,-5.395,-4.4036,-3.9209,-3.5207,-3.3007,-3.1683,-3.0803,-2.8997,-2.6879,-2.5349,-2.4255,-2.495,-2.7839,-3.6444,-5.1617,-7.5949,-9.6906,-9.9685,-6.6282,-4.0952,-1.4983,0.3474,1.6466,2.3421,2.9864,3.3457,3.4583,3.4282,3.2297,3.0013,2.6676,2.4002,2.2831,2.2813,2.3364,2.3304,2.2233,1.9053,1.3668,0.82246,-0.051242,-1.0326,-1.9858,-2.6045,-3.2094,-3.4575,-3.4022,-3.0989,-2.6905,-2.3136,-2.0913,-1.8851,-1.7594,-1.6672,-1.4122,-0.91621,-0.39229,0.46261,1.3602,2.2168,2.7953,3.4775,4.0428,4.3888,4.7415,4.9871,5.0967,5.1605,5.124,5.0087,4.8747,4.6435,4.3737,4.158,3.8586,3.5407,3.1891,2.8994,2.3815,1.6333,0.82727,-0.76634,-3.3456,-6.3128,-10.177,-5.7175,-0.74617,1.8874,4.4212,6.1698,7.1,7.9022,8.2704,8.2855,7.9903,7.3588,6.444,5.6136,4.4283,3.3856,2.8776,2.6612,2.9147,3.4051,3.8236,4.32,4.782,5.0841,5.4925,5.8997,6.2213,6.6973,7.2168,7.77,8.1994,8.8212,9.466,9.9569,10.603,11.212,11.632,12.086,12.411,12.564,12.557,12.371,11.969,11.528,10.77,9.8264,8.7396,7.8576,6.6445,5.4358,4.573,3.5071,2.6184,2.102,1.7172,1.6923,1.9776,2.3317,2.9164,3.5616,4.0499,4.6711,5.1971,5.4968,5.7132,5.6947,5.3972,4.9782,4.0718,2.7969,1.5582,-0.5577,-3.3384,-6.8932,-9.5866,-10.294,-7.805,-6.0773,-4.516,-3.8728,-3.9462,-4.8375,-6.6361,-9.4047,-12.14,-14.838,-13.218,-11.165,-8.8088,-6.9632,-5.718,-4.1699,-2.8123,-1.7704,-1.2181,-0.79273,-0.60958,-0.42462,0.18559,1.4483,3.1219
6.6639,5.8584,4.7167,3.5534,2.6406,1.373,-0.077778,-1.376,-3.5878,-6.6519,-11.008,-14.281,-12.48,-8.4781,-6.3715,-4.5535,-3.4414,-2.996,-2.7897,-2.8482,-3.0607,-3.1732,-3.0658,-2.571,-2.0162,-1.1589,-0.3918,0.05315,0.44544,0.64296,0.78959,0.98641,1.507,2.3553,3.1013,4.11,4.964,5.5731,5.8464,5.9385,5.6776,5.2365,4.2846,2.8964,1.5587,-0.46373,-2.1212,-2.2932,-1.4923,-0.18787,0.81184,1.2301,1.3613,1.0397,0.50463,-0.58897,-2.1048,-4.0588,-5.7221,-7.7695,-8.5001,-7.8641,-6.3447,-5.0139,-4.2197,-4.0321,-4.3049,-5.2221,-6.1734,-7.0924,-6.2777,-4.5827,-2.0706,0.083192,1.7442,2.7037,3.6661,4.3181,4.6474,4.9053,4.9946,4.9862,4.8923,4.735,4.5237,4.3473,4.0867,3.7905,3.5659,3.2804,3.0335,2.8541,2.7569,2.6732,2.5966,2.4972,2.3056,2.1358,2.1188,2.496,3.4563,4.8096,5.9033,7.2215,8.3014,8.8983,9.3787,9.4892,9.3032,8.6824,7.576,5.8898,4.1497,0.98415,-3.4303,-6.3523,-4.3399,-0.70168,1.7939,3.0842,4.2789,5.0687,5.4881,5.8753,6.1326,6.2561,6.3581,6.4335,6.5263,6.6764,7.0249,7.6087,8.219,9.1837,10.233,10.994,11.925,12.699,13.291,13.602,13.845,13.886,13.791,13.506,13.057,12.476,11.96,11.196,10.384,9.7745,8.9641,8.2215,7.745,7.2291,6.9077,6.7816,6.8188,6.9911,7.2754,7.5113,7.7987,7.9814,8.0268,7.9159,7.5469,6.9037,6.2257,5.0764,3.6429,2.4589,0.7955,-0.72871,-1.92,-2.4667,-2.6713,-2.3909,-2.0137,-1.6231,-1.4988,-1.6536,-2.2444,-3.2907,-4.7182,-5.9531,-7.5779,-9.3651,-10.795,-12.947,-13.406,-11.72,-8.6748,-6.2386,-4.7195,-4.2295,-4.5822,-6.4156,-9.5245,-15.558,-7.0871,-1.0212
3.9993,2.8143,1.257,0.036081,-0.50099,-0.80632,-0.93804,-1.1189,-1.4953,-2.0705,-2.5951,-2.8395,-2.7885,-2.3653,-1.9953,-1.6388,-1.5783,-1.7787,-2.4801,-3.8125,-5.9022,-7.9348,-9.7617,-7.4164,-4.6547,-1.5185,0.84594,2.2302,3.7029,4.8259,5.7372,6.3186,7.016,7.6525,8.0835,8.5476,8.868,8.9857,8.9161,8.5656,7.8858,7.1126,5.6315,3.4699,1.2135,-3.2304,-10.572,-9.4417,-4.8885,-1.4168,0.37906,1.0769,1.3596,1.0365,0.44627,-0.82946,-2.6935,-5.4267,-8.3514,-14.274,-17.369,-12.62,-8.2513,-5.8334,-4.619,-4.3427,-4.8594,-6.5155,-8.8096,-13.524,-11.866,-7.3343,-3.0857,-0.30872,1.5489,2.5106,3.3157,3.6991,3.7551,3.6016,3.2516,2.9259,2.4749,2.0896,1.7764,1.5602,1.2442,0.83877,0.45121,-0.11612,-0.56275,-0.62522,-0.34479,0.47391,1.5371,2.3681,3.4281,4.4164,5.1386,6.0942,7.0614,8.0208,8.7127,9.5387,10.211,10.568,10.823,10.777,10.531,9.8696,8.79,7.2144,5.6734,3.0791,0.17754,-1.2823,-0.85455,0.93437,2.5062,3.3273,4.0541,4.42,4.5491,4.548,4.4161,4.2297,3.8038,3.1339,2.2167,1.4462,0.67322,1.1463,2.4829,4.8224,7.1263,8.6422,10.369,11.757,12.848,13.49,14.134,14.558,14.741,14.81,14.704,14.429,14.125,13.592,12.926,12.339,11.47,10.524,9.8032,8.885,8.1362,7.6983,7.6236,7.8411,8.2766,8.6475,9.0744,9.34,9.3861,9.212,8.7275,7.8883,6.9995,5.4831,3.5319,1.7796,-0.78509,-2.9979,-3.6658,-3.0798,-1.7445,-0.44117,0.33725,1.0114,1.3008,1.267,0.92111,0.20579,-0.88635,-1.9258,-3.7154,-6.068,-8.3544,-12.085,-13.887,-11.989,-8.52,-5.9619,-4.2783,-3.521,-3.0668,-3.12,-3.2526,-2.747,-0.7421,2.0158
-1.054,-3.435,-8.096,-14.311,-12.387,-7.2547,-4.2228,-2.804,-1.5979,-0.88739,-0.49215,-0.32996,-0.1966,-0.17539,-0.23242,-0.4183,-0.85469,-1.3557,-2.3294,-3.7866,-5.8258,-7.7033,-9.2586,-6.9261,-4.1304,-0.81898,1.7638,3.3332,5.0306,6.3967,7.4795,8.1432,8.8684,9.4195,9.732,10.009,10.115,10.039,9.8454,9.394,8.7103,8.0333,6.9078,5.5311,4.3715,2.8429,1.639,1.0639,1.0272,1.2232,1.3737,1.3371,1.0212,0.37959,-0.2934,-1.4036,-2.7103,-4.0851,-5.0379,-5.9727,-6.2151,-5.9284,-5.0904,-4.1619,-3.421,-3.0519,-2.8486,-2.8749,-2.9657,-2.8754,-2.2979,-1.5718,-0.45924,0.56385,1.3045,1.6216,1.6872,1.3388,0.78966,-0.31856,-1.7851,-3.0426,-4.5558,-5.3545,-5.2589,-4.9533,-4.7134,-4.9606,-5.6319,-7.4001,-10.515,-13.809,-11.815,-6.8715,-3.1348,-1.0116,1.2284,2.9947,4.1228,5.4314,6.5627,7.5664,8.2304,9.0136,9.6246,9.9644,10.244,10.294,10.177,9.8033,9.1802,8.3286,7.5585,6.4554,5.3901,4.6971,4.0008,3.4931,3.0124,2.5967,1.939,1.2001,0.63918,0.035538,-0.40569,-0.67879,-1.1511,-2.0564,-3.799,-6.177,-12.389,-14.851,-6.9928,-1.0912,2.6757,4.8033,7.0341,8.7857,10.174,11.021,11.92,12.6,12.98,13.325,13.483,13.45,13.3,12.918,12.305,11.674,10.59,9.1578,7.8124,5.6336,3.122,1.2756,1.4007,3.2257,5.2527,6.4814,7.6698,8.3889,8.6374,8.6091,8.2043,7.3994,6.5245,4.9023,2.6586,0.37799,-3.9135,-10.939,-11.572,-6.5151,-2.4488,-0.031328,1.1358,2.1592,2.6847,2.7994,2.6208,2.1194,1.3194,0.52742,-0.74741,-2.1731,-3.2638,-4.5207,-5.2708,-5.4154,-5.0811,-4.292,-3.2388,-2.3818,-1.1971,-0.06073,0.8121,2.0663,3.4568,4.8799
-3.7839,-5.1434,-7.1799,-8.5468,-8.2367,-6.5328,-4.6881,-3.5145,-2.3321,-1.5114,-1.0215,-0.81177,-0.73947,-0.88311,-1.1035,-1.5239,-2.0332,-2.4516,-2.9686,-3.3512,-3.5093,-3.3752,-2.7955,-1.7193,-0.63932,0.95642,2.5419,3.6556,4.9753,6.0962,7.0173,7.5883,8.1907,8.6207,8.8328,8.9887,8.9874,8.8373,8.6281,8.2253,7.6763,7.1763,6.4235,5.5924,4.9459,4.0912,3.3035,2.6023,2.1256,1.4908,0.8127,0.21263,-0.7366,-1.8705,-2.8423,-4.1998,-5.5278,-6.5307,-6.9585,-7.0056,-6.5659,-6.0152,-5.1667,-4.2779,-3.447,-2.9095,-2.2795,-1.7823,-1.4577,-1.0492,-0.64735,-0.35699,-0.036988,0.14966,0.11392,-0.11169,-0.70546,-1.7325,-2.8409,-4.9127,-7.9769,-11.347,-19.458,-27.55,-15.768,-12.612,-10.468,-9.6657,-9.6868,-10.471,-11.834,-12.54,-11.488,-8.5989,-5.7364,-3.9092,-1.8808,-0.21577,0.86337,2.1494,3.2986,4.3494,5.067,5.9321,6.6598,7.1152,7.5717,7.8602,7.9472,7.9023,7.6656,7.2529,6.834,6.1587,5.3608,4.6799,3.6549,2.4455,0.96302,-0.37753,-2.6435,-5.5084,-7.9927,-10.36,-9.7412,-8.3987,-6.9374,-6.1464,-5.9235,-5.9423,-5.8468,-5.0816,-3.9927,-2.0918,-0.10521,1.2983,3.0069,4.4799,5.7544,6.5834,7.5419,8.3566,8.8778,9.4644,9.9016,10.174,10.242,10.133,9.7581,9.2826,8.3185,6.8963,5.4277,2.7308,-1.2423,-5.9294,-5.056,-0.53262,2.6814,4.2976,5.7443,6.5815,6.8933,6.9562,6.6593,6.0599,5.4246,4.3598,3.0855,2.0537,0.74277,-0.18992,-0.40679,-0.080257,0.74049,1.6143,2.1845,2.755,3.0662,3.118,2.934,2.4781,1.7624,1.0624,-0.058552,-1.381,-2.4943,-4.1531,-5.9299,-7.1486,-8.1895,-7.8197,-6.1668,-4.5892,-2.5256,-0.67991,0.56435,2.0528,3.3881,4.5679
-4.1086,-4.3149,-4.4961,-4.4758,-4.2488,-3.7557,-3.074,-2.5389,-1.8857,-1.4049,-1.1206,-1.0662,-1.2394,-1.6819,-2.2078,-3.1675,-4.2814,-5.095,-5.7935,-5.6598,-4.7071,-3.6775,-2.1355,-0.60177,0.51286,1.8933,3.1649,4.0189,5.0221,5.8487,6.5173,6.9169,7.3106,7.5651,7.6644,7.6759,7.5643,7.3348,7.0955,6.694,6.2113,5.8084,5.2273,4.6252,4.1704,3.5463,2.9063,2.2358,1.6949,0.88362,-0.078283,-0.93542,-2.3169,-4.0391,-5.6226,-8.248,-11.49,-14.589,-15.023,-12.724,-10.015,-8.3084,-6.4792,-5.0202,-3.8302,-3.075,-2.2273,-1.5319,-1.0823,-0.60072,-0.26077,-0.097668,-0.0069406,-0.10739,-0.4288,-0.83795,-1.6464,-2.7913,-3.8799,-5.6479,-7.7495,-9.4395,-11.433,-12.483,-12.355,-11.78,-10.855,-10.049,-9.5569,-9.0205,-8.5338,-7.9634,-7.3944,-6.5112,-5.5685,-4.8714,-4.0241,-3.2159,-2.6035,-1.7122,-0.66683,0.46174,1.3248,2.4086,3.4048,4.0634,4.8014,5.378,5.6961,5.9633,6.0502,5.9521,5.7666,5.3417,4.719,4.1127,3.0854,1.7611,0.07693,-1.5142,-4.1614,-7.7182,-11.039,-14.679,-13.136,-10.942,-8.8503,-7.5898,-6.8572,-6.4504,-6.0095,-5.4372,-4.885,-3.9169,-2.8023,-1.8958,-0.74328,0.32933,1.2557,1.8951,2.7476,3.6178,4.3029,5.2232,6.115,6.895,7.3585,7.7765,7.9382,7.8789,7.5451,6.9525,6.358,5.4501,4.5981,4.0883,4.0593,4.4636,5.1138,5.6056,6.1153,6.3824,6.4173,6.2447,5.8306,5.2341,4.7045,3.9785,3.3144,2.9044,2.526,2.3732,2.4656,2.6636,3.0322,3.4221,3.686,3.9278,4.0033,3.9405,3.6882,3.2197,2.5362,1.8823,0.78407,-0.60142,-1.8924,-4.0438,-7.1157,-10.537,-19.379,-18.202,-9.8062,-6.3841,-3.2916,-1.0367,0.29441,1.7598,2.933,3.9298
-5.0017,-4.81,-4.4875,-4.0472,-3.6753,-3.0827,-2.4232,-1.9363,-1.3554,-0.90574,-0.64663,-0.63232,-0.88466,-1.5234,-2.3329,-3.9951,-6.6756,-9.8686,-18.085,-16.321,-8.5472,-5.2332,-2.2011,-0.0042981,1.2866,2.6746,3.7688,4.4285,5.1295,5.6602,6.032,6.2138,6.35,6.3705,6.3188,6.1483,5.8768,5.5043,5.1635,4.6463,4.0972,3.6896,3.1634,2.6939,2.3772,2.0009,1.6234,1.1998,0.81424,0.18624,-0.6457,-1.4225,-2.7273,-4.4178,-5.9972,-8.6676,-12.131,-15.779,-16.27,-13.379,-10.363,-8.5807,-6.6943,-5.1971,-3.9732,-3.1724,-2.2554,-1.4627,-0.9617,-0.42421,-0.044342,0.12323,0.18321,0.039059,-0.31861,-0.72973,-1.495,-2.4988,-3.4064,-4.8098,-6.3541,-7.5638,-9.1314,-10.472,-11.3,-11.45,-11.006,-10.029,-9.183,-8.0809,-7.1407,-6.4151,-6.0172,-5.732,-5.7298,-5.9641,-6.584,-7.4257,-7.9391,-7.8176,-6.4574,-4.5192,-3.0618,-1.3604,0.091448,1.0162,2.0941,2.9804,3.5505,4.1609,4.5996,4.8455,4.8946,4.7704,4.4201,4.0114,3.2552,2.2605,1.0237,-0.052018,-1.628,-3.2388,-4.3601,-5.5387,-6.2703,-6.5437,-6.7542,-7.0237,-7.4257,-7.8365,-8.3911,-8.7884,-8.7249,-8.0228,-6.7966,-5.8032,-4.6731,-3.8834,-3.5135,-3.4456,-3.3775,-2.8214,-1.8028,0.11378,2.138,3.9043,5.0016,6.1392,6.9248,7.3006,7.5814,7.6487,7.6054,7.4683,7.3199,7.2194,7.1971,7.2245,7.2787,7.2966,7.2248,6.9927,6.6832,6.0641,5.2216,4.1673,3.3105,2.2131,1.4501,1.2552,1.5027,2.1477,2.9274,3.4965,4.1553,4.6811,4.9614,5.1709,5.1901,5.0824,4.7889,4.3343,3.729,3.1749,2.3161,1.3043,0.45642,-0.79603,-2.1392,-3.0867,-3.9081,-3.8399,-2.9244,-1.9674,-0.68666,0.45107,1.171,1.9667,2.614,3.1896
