0.62729,0.89941,1.2057,1.4391,1.582,1.7192,1.777,1.7778,1.726,1.6094,1.4167,1.2251,0.89944,0.4875,0.13028,-0.41279,-0.99389,-1.5059,-2.2325,-2.9555,-3.5908,-3.9483,-4.158,-3.9693,-3.5617,-2.7796,-1.8348,-1.1348,-0.26244,0.53493,1.2409,1.7081,2.2441,2.6761,2.9294,3.1904,3.343,3.399,3.3771,3.264,3.0371,2.7739,2.2807,1.6093,0.98528,-0.03343,-1.2879,-2.6917,-3.7032,-4.5178,-4.2712,-3.4494,-1.9991,-0.58453,0.33023,1.3371,2.0879,2.5868,2.8,2.8867,2.7686,2.5623,2.1867,1.8122,1.6415,1.787,2.4497,3.5581,4.5504,5.9261,7.2393,8.1445,9.2277,10.164,10.956,11.456,12.005,12.456,12.724,12.981,13.117,13.151,13.113,12.987,12.793,12.614,12.345,12.062,11.854,11.609,11.426,11.341,11.353,11.489,11.753,12.039,12.531,13.13,13.638,14.373,15.157,15.97,16.587,17.409,18.215,18.799,19.541,20.235,20.718,21.31,21.838,22.298,22.597,22.932,23.194,23.341,23.471,23.526,23.508,23.447,23.3,23.079,22.866,22.519,22.099,21.736,21.188,20.569,19.881,19.318,18.507,17.629,16.931,15.948,14.911,14.101,12.985,11.836,10.666,9.7853,8.6214,7.4753,6.6415,5.5745,4.5694,3.6423,2.9987,2.2075,1.4825,0.97513,0.31518,-0.34185,-0.84869,-1.5398,-2.3833,-3.3597,-4.0861,-4.9381,-5.5513,-5.7896,-5.8211,-5.5788,-5.2755,-4.7936,-4.3004,-3.8724,-3.6022,-3.3378,-3.2164,-3.2176,-3.361,-3.6304,-4.0689,-4.518,-5.2774,-6.2642,-7.089,-8.2762,-9.4203,-10.126,-10.667,-10.694,-10.157,-9.5498,-8.7549,-8.1749,-7.9018,-7.801,-7.9329,-8.1667,-8.6477,-9.1003,-9.309,-9.1928,-8.624,-7.8374,-7.2568,-6.6074,-6.2157,-6.1295
-1.0923,-0.72023,-0.2746,0.091357,0.30238,0.48874,0.55516,0.52066,0.36122,0.062395,-0.37648,-0.79002,-1.4356,-2.1672,-2.7313,-3.4241,-3.9233,-4.089,-3.968,-3.4941,-2.7765,-2.156,-1.278,-0.39296,0.24913,1.0613,1.8183,2.3446,2.9842,3.5498,4.0353,4.3458,4.6859,4.9472,5.0889,5.2081,5.2481,5.2105,5.1334,4.964,4.7213,4.4948,4.1301,3.7002,3.3396,2.8258,2.317,1.8749,1.6327,1.4962,1.6176,1.8725,2.3752,2.9858,3.4607,4.0575,4.5669,4.957,5.1609,5.306,5.3028,5.2082,4.9739,4.6586,4.3491,4.1974,4.2211,4.5867,5.0824,5.949,6.9179,7.6384,8.5246,9.2847,9.8968,10.253,10.588,10.764,10.793,10.693,10.434,10.139,9.5952,8.8766,7.9814,7.1889,5.9537,4.4842,3.1934,1.1448,-1.4835,-5.2168,-9.7084,-27.325,-10.359,-5.0096,-0.53561,2.7028,4.7105,7.0245,9.0464,10.852,12.09,13.604,14.979,15.925,17.082,18.122,18.828,19.671,20.405,21.032,21.432,21.872,22.205,22.386,22.536,22.58,22.519,22.405,22.16,21.809,21.476,20.938,20.291,19.733,18.89,17.929,16.847,15.952,14.639,13.182,11.986,10.235,8.2811,6.6621,4.2602,1.5271,-1.5503,-3.9505,-6.4703,-6.8211,-5.9307,-4.4619,-3.2456,-2.3661,-1.8964,-1.4866,-1.2823,-1.2372,-1.3283,-1.6173,-1.9598,-2.5631,-3.3035,-4.1287,-4.7603,-5.5126,-5.9984,-6.0874,-5.795,-5.1137,-4.4499,-3.4953,-2.5564,-1.7043,-1.1365,-0.48438,0.054645,0.38693,0.74279,0.99706,1.1617,1.2367,1.282,1.2766,1.2453,1.1806,1.1014,1.04,0.9559,0.8718,0.78403,0.7069,0.58419,0.43004,0.27851,0.02593,-0.28338,-0.53476,-0.85427,-1.1048,-1.2067,-1.144,-0.84926,-0.3488,0.12467,0.82601,1.5523,2.254
-5.563,-4.1695,-2.705,-1.5773,-0.91946,-0.26298,0.16784,0.35067,0.41702,0.27085,-0.074546,-0.47174,-1.1773,-2.0774,-2.8511,-3.9109,-4.7878,-5.1133,-4.8813,-3.9681,-2.7129,-1.7328,-0.50507,0.58044,1.2967,2.1117,2.7767,3.1842,3.6111,3.9132,4.0911,4.1486,4.1242,3.9916,3.8244,3.5144,3.1189,2.6574,2.2795,1.7629,1.2683,0.93845,0.58984,0.37105,0.29789,0.32848,0.48428,0.74007,0.98022,1.3501,1.7697,2.1111,2.5939,3.1025,3.4957,4.0305,4.5626,5.0765,5.4455,5.9113,6.3426,6.6399,7.0073,7.3461,7.6603,7.8863,8.1808,8.4699,8.6812,8.9545,9.2089,9.377,9.5589,9.6795,9.7218,9.6923,9.5642,9.3228,9.06,8.5905,7.975,7.4093,6.5059,5.4147,4.1083,2.9755,1.2137,-0.90693,-2.7861,-5.7918,-9.6446,-15.099,-21.503,-21.912,-14.298,-10.56,-6.6643,-3.3712,-1.1568,1.5206,3.9306,6.1051,7.5983,9.4233,11.074,12.206,13.584,14.816,15.646,16.633,17.485,18.205,18.659,19.151,19.515,19.703,19.842,19.852,19.735,19.563,19.222,18.755,18.322,17.635,16.825,16.137,15.114,13.973,12.717,11.7,10.251,8.7014,7.4787,5.7811,4.031,2.7108,0.99224,-0.57647,-1.8667,-2.5881,-3.1909,-3.4245,-3.4214,-3.2802,-3.0667,-2.8429,-2.7046,-2.5657,-2.4359,-2.3497,-2.2615,-2.219,-2.218,-2.2548,-2.3287,-2.4187,-2.4878,-2.5546,-2.5834,-2.564,-2.4709,-2.2999,-2.1142,-1.7994,-1.4123,-0.97413,-0.62522,-0.15388,0.31448,0.65027,1.0655,1.4252,1.7251,1.9091,2.0993,2.2309,2.2896,2.3198,2.302,2.2639,2.1865,2.0877,1.9762,1.8991,1.8088,1.7441,1.7203,1.7218,1.7677,1.8372,1.9722,2.1494,2.3555,2.525,2.7677,3.0217,3.2168,3.4778,3.7328,3.9791
-4.1525,-3.5946,-2.8755,-2.2167,-1.7764,-1.2647,-0.85003,-0.59912,-0.3489,-0.18511,-0.096582,-0.069057,-0.073611,-0.10285,-0.1291,-0.14912,-0.13471,-0.095003,0.00523,0.16294,0.36788,0.54185,0.78416,1.0174,1.1747,1.3484,1.4617,1.4979,1.4739,1.3495,1.1122,0.851,0.37795,-0.25686,-0.85845,-1.8562,-3.1199,-4.7189,-6.2172,-8.7893,-12.426,-16.443,-23.875,-18.932,-14.774,-11.353,-9.2038,-7.7752,-7.0365,-6.3714,-5.9663,-5.7643,-5.5463,-5.2806,-4.9804,-4.3735,-3.5294,-2.5177,-1.7084,-0.62165,0.40743,1.1203,1.9814,2.7334,3.3793,3.7962,4.2691,4.6512,4.8813,5.1163,5.2736,5.339,5.3546,5.2942,5.1536,4.995,4.714,4.3526,4.0282,3.526,2.9464,2.463,1.758,0.99116,0.15918,-0.49294,-1.3809,-2.2612,-2.866,-3.5625,-4.1207,-4.5185,-4.6959,-4.7644,-4.6053,-4.3247,-3.7502,-2.9652,-2.2521,-1.1552,0.08338,1.4259,2.4804,3.9175,5.3496,6.4034,7.7545,9.0212,9.9028,10.972,11.909,12.706,13.208,13.746,14.132,14.32,14.436,14.395,14.198,13.946,13.471,12.837,12.257,11.346,10.279,9.38,8.0566,6.6041,5.0434,3.8223,2.1567,0.50042,-0.69839,-2.1982,-3.5502,-4.4603,-5.5497,-6.5248,-7.41,-8.0483,-8.8703,-9.6412,-10.165,-10.735,-10.988,-10.909,-10.684,-10.222,-9.649,-9.2012,-8.649,-8.1916,-7.9332,-7.716,-7.6667,-7.8035,-8.0341,-8.5204,-9.2208,-9.8754,-10.875,-11.886,-12.444,-12.53,-11.67,-10.18,-8.9472,-7.3754,-5.9869,-5.0768,-4.0496,-3.2285,-2.6,-2.2475,-1.9305,-1.7835,-1.7831,-1.9323,-2.2536,-2.6108,-3.2382,-4.0509,-5.0335,-5.8541,-6.9599,-7.8702,-8.2169,-8.0273,-7.199,-6.345,-5.1383,-4.0076,-3.0341,-2.4192,-1.7527,-1.2548,-0.98868,-0.77858,-0.73763,-0.87542
-3.073,-2.6371,-2.0851,-1.5836,-1.2471,-0.85643,-0.54055,-0.35489,-0.17309,-0.059329,0.00017769,0.015717,0.01541,0.0036426,-0.0040821,0.0030345,0.043326,0.096582,0.19713,0.32971,0.48088,0.59739,0.74628,0.87487,0.94845,1.0077,1.0107,0.96879,0.85013,0.65276,0.37193,0.10408,-0.32895,-0.85631,-1.3134,-2.0049,-2.7777,-3.6243,-4.2935,-5.1966,-6.0101,-6.4915,-6.8724,-6.9192,-6.7795,-6.4828,-6.2041,-6.0802,-6.1516,-6.5456,-7.3485,-8.3026,-10.256,-13.484,-17.34,-20.747,-14.22,-9.392,-6.8666,-4.3369,-2.4488,-1.3296,-0.13993,0.77129,1.4581,1.8482,2.2269,2.4683,2.5716,2.626,2.598,2.5282,2.3753,2.1541,1.8599,1.5859,1.1465,0.6226,0.17664,-0.47782,-1.1776,-1.7091,-2.3817,-2.9679,-3.4274,-3.6794,-3.8961,-4.0268,-4.0819,-4.1369,-4.2392,-4.3956,-4.553,-4.8385,-5.2219,-5.587,-6.198,-6.9419,-7.5358,-8.1273,-7.9207,-6.4757,-4.7785,-2.2568,0.19016,1.884,3.9227,5.7195,6.916,8.3185,9.5116,10.505,11.121,11.773,12.233,12.454,12.581,12.516,12.259,11.939,11.338,10.533,9.7912,8.6073,7.1863,5.9526,4.0528,1.8101,-0.86301,-3.2408,-7.1228,-12.269,-17.104,-19.01,-15.22,-13.283,-11.84,-11.252,-11.27,-11.633,-12.566,-14.044,-15.645,-18.569,-22.819,-25.824,-22.426,-17.647,-14.387,-12.621,-10.88,-9.647,-8.9742,-8.3498,-8.0053,-7.9279,-8.0377,-8.4108,-9.0497,-9.7034,-10.791,-12.03,-12.857,-13.285,-12.5,-10.847,-9.4436,-7.6813,-6.1561,-5.1795,-4.0905,-3.238,-2.5943,-2.2442,-1.9436,-1.8326,-1.8718,-2.0922,-2.5121,-2.9608,-3.7571,-4.8002,-6.1305,-7.3257,-9.159,-11,-11.878,-11.537,-9.8276,-8.3154,-6.4502,-4.878,-3.6135,-2.8347,-2.0068,-1.3871,-1.0533,-0.77947,-0.70091,-0.82848
-2.3821,-1.6363,-0.79425,-0.12521,0.26905,0.647,0.85554,0.90104,0.82377,0.59282,0.22207,-0.13126,-0.67026,-1.2265,-1.5987,-1.9392,-2.0182,-1.896,-1.529,-1.0056,-0.43951,-0.032879,0.44448,0.83013,1.0436,1.2256,1.2888,1.2608,1.1294,0.90286,0.5856,0.30534,-0.096327,-0.51272,-0.80503,-1.1373,-1.3696,-1.4897,-1.5059,-1.4512,-1.3,-1.1406,-0.88706,-0.6085,-0.402,-0.15345,0.044197,0.17106,0.21207,0.19253,0.10847,0.0076084,-0.15627,-0.29812,-0.33063,-0.20815,0.12355,0.62662,1.0577,1.6429,2.1674,2.4876,2.7818,2.9101,2.8611,2.7078,2.3528,1.8585,1.4296,0.84842,0.33954,0.056192,-0.16269,-0.24828,-0.30688,-0.40727,-0.6988,-1.2509,-1.8847,-3.0878,-4.8102,-6.5182,-9.4639,-12.833,-13.604,-11.639,-8.7205,-6.5288,-5.3254,-4.1827,-3.5033,-3.1183,-2.9623,-2.9371,-3.1316,-3.4349,-4.0589,-4.9399,-5.7408,-6.8233,-7.3488,-6.3889,-4.7317,-2.0182,0.68804,2.5648,4.8165,6.7855,8.0886,9.6071,10.891,11.955,12.613,13.308,13.798,14.033,14.169,14.103,13.837,13.506,12.891,12.077,11.338,10.18,8.8254,7.6832,5.9916,4.1266,2.1273,0.58825,-1.4041,-3.1358,-4.1345,-5.0075,-5.4747,-5.6752,-5.8829,-6.1096,-6.3968,-6.6672,-7.081,-7.5893,-7.9756,-8.3039,-8.3542,-8.1907,-7.9553,-7.4937,-6.8831,-6.374,-5.688,-5.0672,-4.6654,-4.2299,-3.9223,-3.7303,-3.6519,-3.6197,-3.6456,-3.683,-3.7213,-3.7091,-3.6449,-3.444,-3.1068,-2.6475,-2.2395,-1.6461,-1.0384,-0.59643,-0.051711,0.4082,0.76814,0.96653,1.1306,1.1705,1.119,0.94566,0.66454,0.39308,-0.039615,-0.52909,-1.04,-1.4035,-1.8228,-2.104,-2.1945,-2.1306,-1.8708,-1.5624,-1.0401,-0.44056,0.17462,0.62714,1.1964,1.7077,2.0378,2.3869,2.6311,2.7745
-0.83736,0.11505,1.1397,1.9115,2.332,2.6835,2.7943,2.7106,2.3667,1.7209,0.71216,-0.33223,-2.2337,-5.0119,-8.0664,-15.134,-19.248,-11.954,-6.8945,-3.9631,-2.0591,-1.0399,-0.065507,0.58271,0.89824,1.1329,1.171,1.0834,0.80863,0.3347,-0.36396,-1.0468,-2.1911,-3.6026,-4.7626,-6.1179,-6.4867,-5.4504,-4.1542,-2.3336,-0.67461,0.39838,1.6031,2.5928,3.2137,3.9023,4.461,4.9157,5.1983,5.5097,5.757,5.907,6.0748,6.2224,6.3301,6.4731,6.6129,6.7416,6.813,6.8601,6.8255,6.7211,6.4445,5.9755,5.2536,4.5094,3.17,1.2845,-0.66407,-4.4717,-11.431,-19.254,-9.3438,-4.2843,-1.5745,-0.33345,0.6436,1.0318,1.0025,0.59704,-0.18911,-0.96225,-2.0745,-2.9309,-3.1385,-2.842,-2.1086,-1.3315,-0.84064,-0.36659,-0.11146,0.0060984,0.017569,-0.10708,-0.34265,-0.54487,-0.76433,-0.85458,-0.78584,-0.45078,0.20403,1.2122,2.1836,3.6912,5.3327,6.5956,8.2622,9.854,10.976,12.347,13.551,14.571,15.209,15.883,16.352,16.57,16.683,16.595,16.306,15.96,15.33,14.512,13.781,12.661,11.395,10.367,8.9197,7.428,5.937,4.8477,3.4726,2.2215,1.3808,0.38563,-0.48094,-1.0697,-1.8195,-2.5543,-3.2803,-3.8219,-4.4387,-4.9137,-5.1784,-5.2847,-5.051,-4.5485,-4.0639,-3.3539,-2.6582,-2.178,-1.6179,-1.1671,-0.90648,-0.67325,-0.58094,-0.61489,-0.71004,-0.90555,-1.1411,-1.3062,-1.4501,-1.4505,-1.3291,-1.0014,-0.51123,0.083705,0.56054,1.198,1.8005,2.212,2.6896,3.0678,3.3426,3.4797,3.5613,3.5232,3.4198,3.1829,2.8249,2.4754,1.9116,1.2568,0.53665,-0.021044,-0.72441,-1.2816,-1.5461,-1.6115,-1.3206,-0.90074,-0.16684,0.6722,1.5178,2.1212,2.873,3.5247,3.9413,4.4032,4.7734,5.0541
-0.48454,0.26675,1.1596,1.9008,2.3447,2.7659,2.9843,3.0112,2.8608,2.4778,1.8619,1.2556,0.2802,-0.8033,-1.6076,-2.4712,-2.8948,-2.8894,-2.6069,-2.218,-1.9087,-1.7782,-1.7372,-1.8277,-1.9585,-2.1443,-2.2934,-2.368,-2.4489,-2.5846,-2.8653,-3.2542,-4.0814,-5.3233,-6.534,-8.2289,-8.7456,-7.0738,-5.1672,-2.7336,-0.70467,0.5322,1.856,2.8857,3.5074,4.1738,4.6927,5.1023,5.354,5.6373,5.8785,6.0396,6.2538,6.4748,6.6387,6.8438,7.0274,7.1858,7.2791,7.3653,7.3913,7.3571,7.2229,6.9691,6.5727,6.1778,5.5165,4.7192,4.0629,3.2289,2.6175,2.4353,2.6091,3.1219,3.7543,4.1963,4.6723,4.9737,5.081,5.08,4.931,4.7488,4.4493,4.1164,3.7735,3.5102,3.1335,2.694,2.314,1.727,1.0013,0.11881,-0.69785,-1.9717,-3.3482,-4.403,-5.7854,-7.0332,-7.6829,-7.648,-6.1478,-3.6593,-1.5853,1.1511,3.7163,5.4892,7.6433,9.5586,10.84,12.349,13.637,14.704,15.36,16.041,16.502,16.703,16.779,16.636,16.274,15.859,15.111,14.141,13.266,11.904,10.32,8.9906,7.0386,4.9206,2.7313,1.1621,-0.59209,-1.735,-2.196,-2.4869,-2.6959,-2.9309,-3.4676,-4.3435,-5.6416,-6.9765,-9.3088,-12.613,-15.747,-16.177,-11.909,-8.4214,-6.4693,-4.4592,-2.9474,-2.0783,-1.2238,-0.65961,-0.41738,-0.33562,-0.53548,-1.0404,-1.6423,-2.7895,-4.4125,-5.9902,-8.5402,-10.625,-10.411,-7.9937,-5.3647,-3.2536,-2.0041,-0.70471,0.26333,0.81089,1.3473,1.7038,1.9206,2.0022,2.0207,1.9447,1.8232,1.5632,1.1628,0.74958,0.0096517,-0.99153,-2.3626,-3.7187,-6.1741,-9.9054,-14.302,-19.469,-12.382,-8.5772,-5.2323,-2.9384,-1.2836,-0.3288,0.65997,1.3779,1.7787,2.1847,2.494,2.7276
-2.257,-1.2593,-0.076489,0.91652,1.5301,2.185,2.6597,2.8984,3.0635,3.0706,2.9376,2.7564,2.4231,2.0106,1.6598,1.164,0.63632,0.20755,-0.43014,-1.1902,-2.1403,-3.0145,-4.5018,-6.4891,-8.3729,-11.279,-13.027,-11.982,-9.1888,-6.7244,-4.8641,-3.829,-2.7998,-2.0431,-1.5839,-1.0266,-0.46282,0.16381,0.66397,1.3436,1.9621,2.3389,2.7178,2.941,3.0028,2.9604,2.8046,2.5891,2.4347,2.3092,2.3248,2.4382,2.7071,3.0473,3.3104,3.6519,3.9788,4.3084,4.5656,4.9274,5.3003,5.5832,5.9487,6.2794,6.5435,6.6928,6.8298,6.9141,6.9577,7.0176,7.0893,7.1557,7.271,7.419,7.5858,7.7055,7.8373,7.9085,7.91,7.8469,7.709,7.5516,7.2599,6.8672,6.3634,5.9092,5.1876,4.3114,3.5246,2.2577,0.7019,-1.2655,-3.0491,-5.8307,-9.2522,-12.245,-15.814,-16.968,-17.014,-16.912,-14.309,-9.0646,-5.2782,-1.0614,2.3582,4.532,7.0291,9.1663,10.564,12.171,13.507,14.587,15.236,15.898,16.332,16.51,16.547,16.354,15.929,15.458,14.621,13.539,12.559,11.004,9.1279,7.4755,4.8692,1.6454,-2.5402,-6.7723,-13.988,-11.583,-8.1119,-5.4205,-4.0233,-3.4926,-3.2538,-3.4346,-3.9443,-4.5606,-5.4594,-6.251,-6.7111,-6.8083,-6.0428,-4.7658,-3.7561,-2.5364,-1.5228,-0.89662,-0.23558,0.21487,0.41139,0.47411,0.30568,-0.11659,-0.61897,-1.5524,-2.7827,-3.8792,-5.3731,-6.3561,-6.3417,-5.3589,-3.9744,-2.7185,-1.9817,-1.2938,-0.93358,-0.86352,-0.99183,-1.3091,-1.7071,-1.9876,-2.2286,-2.2465,-2.1299,-1.8913,-1.6739,-1.5943,-1.6554,-1.9557,-2.5091,-3.0761,-3.9789,-4.8889,-5.4018,-5.6389,-5.262,-4.6742,-3.7373,-2.8565,-2.1629,-1.8027,-1.5453,-1.553,-1.6966,-2.0268,-2.432,-2.7612
-4.0783,-2.7255,-1.282,-0.1457,0.54026,1.2754,1.8458,2.1819,2.5156,2.7435,2.8704,2.8937,2.8251,2.6467,2.4372,2.05,1.5287,1.0476,0.28084,-0.6495,-1.754,-2.7097,-4.1759,-5.8131,-7.0984,-8.6152,-9.1794,-8.6301,-6.9816,-5.0541,-3.2538,-2.0622,-0.68942,0.4489,1.1699,1.9812,2.6388,3.1567,3.4533,3.7131,3.7965,3.7201,3.4307,2.8717,2.2304,1.0163,-0.69938,-3.0111,-5.1041,-7.5808,-7.5069,-5.9756,-3.9035,-2.4925,-1.8756,-1.5079,-1.5081,-1.65,-1.6243,-1.124,-0.049306,0.98348,2.4006,3.6861,4.7749,5.4509,6.1753,6.7342,7.0668,7.4237,7.7107,7.8912,8.1005,8.2892,8.4602,8.5729,8.6967,8.7779,8.8074,8.7892,8.7011,8.5811,8.3411,8.0014,7.5517,7.1361,6.47,5.653,4.9212,3.7764,2.4441,0.88826,-0.41008,-2.4648,-4.7843,-6.2556,-7.1883,-6.8885,-6.0801,-4.5099,-2.572,-0.52253,1.0445,3.1688,5.2666,6.7734,8.6475,10.34,11.487,12.847,14.007,14.962,15.538,16.122,16.493,16.631,16.625,16.401,15.961,15.491,14.676,13.652,12.75,11.375,9.8191,8.553,6.7679,4.9472,3.2028,2.0439,0.82553,0.052394,-0.27091,-0.46184,-0.5233,-0.547,-0.58727,-0.68503,-0.85476,-1.0474,-1.3128,-1.408,-1.4082,-1.389,-1.303,-1.1022,-0.86553,-0.47848,-0.064639,0.24652,0.65045,1.019,1.249,1.4821,1.6325,1.6826,1.656,1.5516,1.3833,1.239,1.0542,0.92557,0.87398,0.84418,0.81372,0.72242,0.56411,0.16411,-0.52278,-1.2836,-2.727,-4.8503,-8.0566,-11.682,-18.034,-13.989,-9.9617,-6.5628,-4.4402,-3.3523,-2.3871,-1.8419,-1.5849,-1.526,-1.572,-1.6954,-1.8077,-1.9464,-2.0251,-2.045,-2.0456,-2.0727,-2.1768,-2.3464,-2.7669,-3.4906,-4.2978,-6.0042,-8.9334,-14.549
-2.2689,-1.6589,-0.99924,-0.51574,-0.23823,0.068294,0.35073,0.58369,0.94488,1.3706,1.7987,2.0867,2.3863,2.5423,2.5482,2.3851,2.0095,1.5867,0.83037,-0.14236,-1.2929,-2.2234,-3.4372,-4.4307,-4.897,-5.0004,-4.497,-3.8108,-2.6449,-1.33,-0.02189,0.90743,2.0546,3.0722,3.7345,4.4931,5.0987,5.5517,5.7875,5.9556,5.9435,5.8071,5.4467,4.818,4.1463,2.9497,1.3857,-0.53908,-2.0945,-3.7118,-3.8783,-3.1872,-2.1108,-1.5063,-1.4786,-2.0913,-3.7172,-6.9858,-11.34,-14.046,-6.5711,-2.9266,0.31793,2.4762,3.9547,4.7608,5.5258,6.0218,6.2554,6.431,6.5332,6.6109,6.7501,6.9451,7.1864,7.3911,7.6778,7.9583,8.1496,8.3395,8.4419,8.452,8.3781,8.2153,7.9589,7.7025,7.2766,6.7758,6.3545,5.7405,5.0939,4.4253,3.9119,3.2481,2.7897,2.5715,2.4162,2.4753,2.6998,3.1868,3.8881,4.8213,5.6411,6.8364,8.1117,9.106,10.466,11.808,12.762,13.928,14.95,15.809,16.338,16.873,17.199,17.304,17.258,17.002,16.537,16.051,15.222,14.196,13.307,11.983,10.518,9.3447,7.7107,6.066,4.5044,3.4545,2.2747,1.3891,0.93216,0.59937,0.50404,0.51741,0.56153,0.55819,0.5426,0.46235,0.18956,-0.13491,-0.35879,-0.64386,-0.9444,-1.2164,-1.3391,-1.3481,-1.1544,-0.87564,-0.37875,0.20117,0.6695,1.2941,1.8864,2.4232,2.7845,3.2034,3.5466,3.7579,3.9734,4.1152,4.1678,4.1521,4.0334,3.7867,3.5031,2.969,2.2335,1.5382,0.41581,-0.90928,-2.3116,-3.2444,-4.0127,-3.9687,-3.4969,-2.6201,-1.7616,-1.2268,-0.70104,-0.39258,-0.27029,-0.30091,-0.50657,-0.86732,-1.2132,-1.7264,-2.2326,-2.5839,-2.9129,-3.0327,-2.9569,-2.8168,-2.6282,-2.5244,-2.5623,-2.7747,-3.0556,-3.1888
0.41716,0.27627,-0.13218,-0.8447,-1.5985,-2.8649,-4.175,-4.6881,-4.0699,-2.3345,-0.44821,0.78731,2.095,2.9994,3.4264,3.6684,3.5566,3.2372,2.4782,1.2854,-0.42387,-2.1702,-5.4525,-11.012,-19.131,-13.847,-6.9398,-3.9236,-1.0961,0.98324,2.6248,3.6364,4.7661,5.687,6.2668,6.9115,7.4358,7.8494,8.0959,8.3391,8.496,8.5486,8.5103,8.3544,8.1753,7.8583,7.4704,7.0541,6.7545,6.4419,6.2415,6.1317,5.9956,5.8309,5.6766,5.3642,4.9431,4.5433,4.3673,4.4035,4.7436,5.1375,5.7163,6.1993,6.4753,6.5045,6.3015,5.8166,5.282,4.3801,3.3992,2.7669,2.3379,2.5695,3.3427,4.0907,5.0989,5.9874,6.5551,7.1466,7.5537,7.7416,7.8502,7.8055,7.6309,7.4327,7.1138,6.7811,6.5579,6.2977,6.0898,5.9531,5.8999,5.9345,5.9946,5.9708,5.9044,5.8779,5.8851,5.8844,5.8768,5.9878,6.2618,6.9758,8.1151,9.1875,10.77,12.384,13.539,14.94,16.145,17.128,17.714,18.291,18.629,18.727,18.654,18.346,17.807,17.252,16.314,15.154,14.139,12.597,10.829,9.3519,7.1607,4.684,1.8731,-0.44287,-3.4621,-5.0312,-4.5555,-2.901,-1.2888,-0.33694,0.56691,1.1017,1.3053,1.3347,1.0512,0.32383,-0.43852,-1.6632,-3.162,-4.8955,-6.1931,-7.29,-6.9905,-6.0323,-4.4211,-2.8247,-1.715,-0.3369,0.92112,2.0672,2.8652,3.8281,4.6685,5.2219,5.8332,6.2969,6.5534,6.7651,6.8308,6.7482,6.5915,6.2574,5.7963,5.383,4.7592,4.099,3.4589,3.0187,2.5326,2.1868,2.01,1.8759,1.8373,1.819,1.781,1.6819,1.4606,1.174,0.6008,-0.25049,-1.1267,-2.7045,-4.9171,-7.1062,-10.27,-10.577,-7.4532,-5.1147,-2.6805,-0.91171,0.088489,1.1574,2.0464,2.7564
-0.59219,-0.92523,-1.5968,-2.6196,-3.7128,-5.7541,-8.4782,-10.227,-9.1578,-5.7108,-2.7471,-1.0193,0.72228,1.9369,2.5563,3.0514,3.2053,3.1107,2.7221,2.066,1.1575,0.34726,-0.81392,-1.7768,-2.162,-2.031,-1.2386,-0.43067,0.70289,1.7337,2.5935,3.1295,3.7108,4.1341,4.383,4.6379,4.8542,5.0865,5.2905,5.6258,6.0108,6.3219,6.7316,7.1298,7.4008,7.6988,7.925,8.0979,8.2014,8.3045,8.3696,8.3977,8.4084,8.4011,8.3672,8.27,8.1552,8.0405,7.9474,7.8181,7.6696,7.5358,7.2726,6.8848,6.3171,5.7176,4.6264,3.1064,1.6292,-0.9821,-4.9197,-9.7129,-26.72,-11.726,-5.972,-3.4773,-1.1703,0.46064,1.3546,2.2504,2.8668,3.1556,3.2852,3.1028,2.6262,2.1088,1.25,0.30799,-0.25294,-0.53691,-0.1456,0.7392,1.4959,2.4654,3.1531,3.5134,3.834,3.8453,3.5841,2.8529,1.4996,-0.95042,-4.0062,-8.6628,-3.2008,1.323,5.6379,8.7462,10.572,12.533,14.071,15.246,15.909,16.526,16.861,16.938,16.807,16.41,15.751,15.092,13.996,12.649,11.473,9.691,7.6858,6.0469,3.6663,1.0326,-1.8767,-4.1889,-7.068,-8.3753,-7.5342,-5.3219,-3.3453,-2.2182,-1.1503,-0.50086,-0.31815,-0.42104,-0.76086,-1.5596,-2.545,-4.3608,-6.7662,-10.032,-13.243,-17.253,-15.927,-13.588,-11.289,-9.6351,-8.5206,-6.9492,-5.1766,-3.283,-1.8887,-0.17934,1.3114,2.2705,3.3443,4.1835,4.6657,5.1222,5.3732,5.422,5.338,5.0798,4.6643,4.2576,3.6168,2.8868,2.0979,1.4958,0.72617,0.042776,-0.38523,-0.80514,-1.0311,-1.0855,-1.039,-0.94281,-0.90667,-0.95029,-1.1483,-1.5857,-2.1092,-3.1277,-4.4607,-5.5622,-6.7215,-6.6748,-5.2316,-3.7888,-1.9648,-0.41595,0.54885,1.6294,2.4672,3.0961
-3.9706,-3.831,-3.6611,-3.5452,-3.5048,-3.4449,-3.295,-3.0662,-2.5401,-1.7941,-0.93885,-0.27289,0.54011,1.2073,1.591,1.9421,2.1112,2.1225,2.0072,1.756,1.4184,1.1371,0.7748,0.47911,0.32115,0.22566,0.25381,0.3309,0.47101,0.60182,0.63524,0.57659,0.34998,-0.087293,-0.54635,-1.3155,-2.155,-2.7806,-2.8619,-2.281,-1.104,-0.082253,1.2751,2.5034,3.2862,4.1695,4.8951,5.4929,5.8652,6.2677,6.5778,6.7733,6.9858,7.1268,7.1848,7.2251,7.2326,7.1835,7.1039,6.9436,6.7241,6.5041,6.1011,5.5499,4.827,4.1507,3.0438,1.6626,0.45108,-1.3616,-3.2933,-4.6808,-6.2214,-7.2109,-7.5726,-7.4691,-6.8844,-5.8148,-4.8826,-3.6737,-2.7183,-2.2563,-2.0064,-2.2216,-2.9596,-3.9292,-6.0064,-9.5875,-14.352,-29.396,-13.266,-7.4425,-4.8058,-2.4187,-0.84894,0.10383,1.0747,1.5998,1.7188,1.6341,1.3552,0.90203,0.60877,0.78221,1.9961,3.4192,5.536,7.5678,8.9333,10.501,11.769,12.749,13.301,13.798,14.026,14.019,13.773,13.256,12.465,11.686,10.389,8.7935,7.3902,5.242,2.7776,0.75645,-2.0319,-4.5402,-6.1993,-6.686,-6.5675,-5.9248,-5.2713,-4.3376,-3.4476,-2.8625,-2.2285,-1.785,-1.6403,-1.8149,-2.1995,-2.7223,-3.3241,-4.455,-5.7997,-7.226,-8.3311,-9.8318,-11.318,-12.547,-14.758,-18.408,-23.797,-26.064,-16.152,-10.96,-8.2331,-5.4573,-3.2957,-1.9886,-0.58621,0.50278,1.1264,1.7168,2.038,2.1097,1.9997,1.6421,1.0439,0.44532,-0.55209,-1.7613,-3.1759,-4.3539,-6.0628,-7.8459,-9.0771,-10.312,-10.579,-10.024,-8.7045,-7.2389,-5.9322,-5.1001,-4.2289,-3.628,-3.324,-3.0613,-2.8807,-2.7812,-2.6241,-2.3461,-1.9391,-1.571,-1.0411,-0.50927,-0.1295,0.31534,0.61964,0.82432
-8.4741,-7.0603,-5.4714,-4.2001,-3.4129,-2.5293,-1.7778,-1.2731,-0.64119,-0.047045,0.50578,0.89069,1.3265,1.6718,1.8651,2.0246,2.059,2.0125,1.8444,1.5745,1.2377,0.9571,0.57882,0.22004,0.001172,-0.19894,-0.31366,-0.3519,-0.39811,-0.46849,-0.64638,-0.90929,-1.496,-2.4282,-3.4724,-5.4918,-8.7329,-14.824,-24.867,-14.188,-7.9161,-5.114,-2.4977,-0.62288,0.43611,1.566,2.477,3.214,3.6813,4.2191,4.6776,4.9722,5.2926,5.5371,5.6753,5.8302,5.9204,5.9475,5.9468,5.9132,5.8302,5.7244,5.5229,5.2084,4.7514,4.314,3.5788,2.6308,1.7594,0.4197,-1.1487,-2.5599,-4.8637,-7.8568,-12.399,-18.909,-23.876,-13.004,-9.441,-6.4629,-4.6395,-3.8023,-3.2112,-3.0421,-3.2722,-3.6867,-4.41,-5.1973,-5.67,-5.8563,-5.3715,-4.3396,-3.427,-2.1866,-0.97954,-0.061705,0.93563,1.746,2.3093,2.9554,3.5245,4.1331,4.6288,5.3542,6.2161,6.9697,8.0395,9.1123,9.8987,10.883,11.731,12.4,12.778,13.108,13.212,13.128,12.802,12.227,11.383,10.559,9.1947,7.5179,6.0233,3.6481,0.72033,-1.9458,-6.5069,-13.288,-16.94,-12.474,-8.535,-6.0911,-4.7672,-3.4997,-2.5838,-2.0512,-1.4987,-1.2069,-0.99439,-0.99382,-1.2775,-1.6707,-2.0166,-2.6441,-3.4729,-4.3987,-5.1584,-6.271,-7.5062,-8.4896,-9.8027,-11.009,-11.593,-11.597,-10.681,-9.1624,-7.8757,-6.1493,-4.517,-3.3887,-2.0664,-0.97579,-0.33077,0.28776,0.61837,0.6611,0.49109,-0.019411,-0.86522,-1.7249,-3.1885,-5.0352,-7.2753,-9.2097,-12.172,-15.539,-18.618,-24.481,-26.58,-20.628,-15,-11.267,-8.5297,-6.9119,-5.2495,-4.0029,-3.2748,-2.5076,-1.9584,-1.6501,-1.3349,-1.0917,-0.92515,-0.84165,-0.76656,-0.75286,-0.77055,-0.84286,-0.95293,-1.0614
-8.4682,-6.7148,-4.8074,-3.3184,-2.3852,-1.3496,-0.50581,0.037664,0.64424,1.1462,1.5767,1.8363,2.1195,2.3291,2.4295,2.4712,2.3919,2.236,1.8837,1.365,0.65901,0.016211,-0.94273,-1.893,-2.4708,-2.8814,-2.7679,-2.4125,-1.7929,-1.2404,-0.85153,-0.71847,-0.7716,-1.0851,-1.4865,-2.1931,-2.9755,-3.5967,-3.7782,-3.5304,-2.842,-2.1802,-1.3176,-0.63413,-0.20513,0.2832,0.70619,1.1351,1.493,2.0372,2.6263,3.0343,3.4932,3.8447,4.0368,4.1589,4.1672,4.1662,4.2007,4.3277,4.549,4.7648,5.0799,5.3543,5.5072,5.5136,5.3565,5.0136,4.6153,3.8825,2.9338,2.1022,0.84231,-0.55737,-1.8866,-2.6194,-3.068,-2.7998,-2.3078,-1.5904,-1.0483,-0.77624,-0.62385,-0.73541,-1.064,-1.3981,-1.9084,-2.408,-2.758,-3.0622,-3.0645,-2.7791,-2.3823,-1.6007,-0.51008,0.30661,1.2878,2.2758,3.0319,3.9806,4.8087,5.5844,6.1767,6.9924,7.8339,8.4808,9.3814,10.306,10.986,11.83,12.578,13.198,13.553,13.856,13.953,13.885,13.594,13.062,12.29,11.557,10.372,8.9483,7.7427,5.9815,4.086,2.6303,0.79889,-0.67741,-1.6315,-1.9536,-1.9214,-1.5864,-1.2756,-0.83273,-0.39593,-0.11152,0.16794,0.34473,0.41254,0.50095,0.49255,0.26933,0.053014,-0.26304,-0.70172,-1.2845,-1.7849,-2.5446,-3.4157,-4.1325,-5.1738,-6.2446,-7.0035,-7.9067,-8.4979,-8.4614,-7.904,-6.539,-4.8185,-3.5206,-1.9205,-0.59555,0.19552,0.97248,1.4267,1.5338,1.3866,0.87434,-0.017674,-0.96865,-2.6627,-4.9278,-7.9422,-10.874,-16.319,-25.717,-26.943,-19.385,-15.308,-12.968,-10.266,-7.9198,-5.9027,-4.6433,-3.2785,-2.1918,-1.5432,-0.8955,-0.46294,-0.24762,-0.094436,-0.10739,-0.26797,-0.48639,-0.89499,-1.4348,-1.9167,-2.5858,-3.1271,-3.5107
-3.6677,-3.1759,-2.3695,-1.4986,-0.86333,-0.096427,0.53319,0.9124,1.2861,1.538,1.7061,1.8029,1.9649,2.1578,2.3067,2.4742,2.5509,2.4951,2.2218,1.6312,0.59778,-0.54636,-2.7811,-6.3297,-10.826,-20.008,-10.635,-6.4523,-3.1308,-1.1019,0.14229,0.73532,1.1917,1.342,1.3447,1.2334,1.0846,0.9534,0.87846,0.81024,0.73499,0.62833,0.328,-0.23981,-0.82684,-1.8951,-3.1674,-3.9442,-3.6568,-2.2373,-0.5161,0.60408,1.7191,2.3402,2.4642,2.1283,1.3481,0.24563,-0.56165,-0.80411,0.41545,1.8523,3.7223,5.2671,6.448,7.083,7.6412,7.9306,8.0002,7.8865,7.5979,7.3114,6.8344,6.2916,5.7818,5.4378,5.014,4.6615,4.4433,4.1288,3.7361,3.3923,2.827,2.0604,1.1329,0.33546,-0.92202,-2.307,-3.4098,-4.8891,-6.143,-6.5836,-6.0238,-4.3908,-2.3347,-1.0106,0.65607,2.2379,3.1521,4.1127,4.9257,5.5469,5.9275,6.4699,7.1638,7.7985,8.8275,10.034,10.975,12.169,13.223,14.102,14.62,15.093,15.323,15.341,15.145,14.695,14.012,13.356,12.287,11.013,9.9547,8.4353,6.8272,5.611,4.0823,2.7434,1.6522,1.0596,0.6358,0.51102,0.5256,0.6856,0.90915,1.0608,1.208,1.3753,1.3535,1.3218,1.445,1.5369,1.5403,1.5348,1.5218,1.3757,1.1713,0.75741,0.15013,-0.47452,-1.5603,-3.0357,-4.5311,-7.3607,-12.129,-26.196,-19.149,-9.5135,-4.9244,-2.5819,-0.25803,1.4457,2.4161,3.3657,3.9645,4.2282,4.221,3.9384,3.3379,2.6802,1.5316,0.068259,-1.6609,-3.0651,-4.9188,-6.229,-6.5498,-6.1402,-5.18,-4.3178,-3.1657,-2.0968,-1.1445,-0.55864,0.074862,0.56594,0.83383,1.0465,1.1412,1.138,1.0168,0.7349,0.29471,-0.17768,-1.0831,-2.3506,-3.6483,-6.0277,-9.3646,-12.486
-5.5935,-5.0715,-3.726,-2.2636,-1.3391,-0.43683,0.077508,0.18991,0.013397,-0.51966,-1.3082,-1.8495,-2.1936,-1.7951,-1.0745,0.10193,1.1698,1.7835,2.2949,2.4206,2.1686,1.7406,0.8701,-0.19974,-0.90405,-1.3048,-0.8563,-0.13003,0.89461,1.7531,2.2884,2.4594,2.4385,2.1816,1.9303,1.5867,1.3823,1.364,1.4665,1.632,1.743,1.6732,1.2897,0.50534,-0.49028,-2.6296,-5.9278,-9.9899,-9.5899,-4.9702,-1.5217,0.21002,1.7445,2.5103,2.581,2.0992,0.83542,-1.6493,-4.4127,-6.7556,-2.8525,0.44931,3.7405,6.0152,7.6209,8.5089,9.3658,9.8909,10.129,10.284,10.277,10.176,9.9576,9.679,9.3348,9.04,8.6294,8.1465,7.7288,7.0848,6.3391,5.6639,4.5859,3.3104,1.7891,0.44241,-1.6686,-4.0407,-6.051,-9.3588,-14.162,-20.255,-16.42,-9.4121,-4.8134,-2.6412,-0.20922,1.7955,2.7771,3.489,3.76,3.5083,2.8619,1.407,-0.030391,0.2346,2.9798,6.3003,8.4548,10.807,12.635,13.999,14.761,15.474,15.862,15.948,15.804,15.391,14.707,14.02,12.889,11.515,10.319,8.5085,6.47,4.7774,2.3057,-0.28015,-2.5288,-3.5441,-3.6367,-2.8046,-2.0238,-1.1207,-0.55711,-0.35544,-0.32758,-0.43129,-0.67767,-1.0507,-1.211,-0.76008,-0.22638,0.56545,1.4004,2.1023,2.4721,2.7353,2.7403,2.5682,2.1118,1.3968,0.72157,-0.23443,-1.1131,-1.5245,-1.3497,-0.48779,0.76945,1.7836,3.0679,4.1904,4.9124,5.6979,6.2642,6.6157,6.7375,6.7047,6.4651,6.1597,5.6111,4.934,4.1819,3.6143,2.9234,2.3532,2.049,1.8115,1.7302,1.7543,1.8377,1.9291,1.962,1.919,1.8067,1.5632,1.302,0.88636,0.47431,0.18719,-0.1184,-0.29601,-0.43525,-0.58942,-1.0155,-1.7504,-2.5551,-4.0657,-5.7924,-6.7907
-15.277,-11.228,-6.8209,-4.1356,-2.8521,-1.848,-1.518,-1.7005,-2.5317,-4.1652,-7.0108,-10.676,-22.424,-14.484,-8.7373,-4.4972,-1.871,-0.49744,0.83153,1.7283,2.3243,2.6092,2.8371,2.9631,3.0347,3.114,3.214,3.2785,3.2959,3.1139,2.6757,2.1182,0.97463,-0.71096,-2.433,-5.1538,-6.9731,-5.69,-3.8074,-1.6195,-0.12542,0.61019,1.1709,1.3048,1.1528,0.84763,0.5168,0.35753,0.50555,0.97767,1.6539,2.2233,2.8914,3.3585,3.5863,3.7528,3.6807,3.6039,3.6326,3.8819,4.501,5.1483,6.0727,6.9865,7.7422,8.19,8.6328,8.8954,8.9729,8.9778,8.8848,8.7572,8.5577,8.334,8.0575,7.8232,7.4858,7.0649,6.6732,6.0563,5.2779,4.537,3.3407,1.8662,-0.038036,-1.761,-4.5364,-8.1688,-11.297,-14.677,-14.019,-11.329,-9.1249,-6.2492,-3.8472,-2.2985,-0.16408,1.2289,1.9593,2.6929,2.8049,2.3595,1.6735,0.13123,-1.4664,-1.338,1.2745,4.6362,6.8064,9.1435,10.964,12.32,13.064,13.746,14.096,14.142,13.945,13.462,12.687,11.919,10.665,9.1307,7.7843,5.7286,3.3464,1.2579,-2.0544,-6.2501,-12.066,-15.694,-11.821,-8.0939,-6.2091,-4.6411,-3.9219,-3.8005,-4.2411,-5.6283,-7.6096,-10.302,-16.498,-13.554,-8.7629,-4.4647,-1.727,0.1567,1.1931,2.1627,2.7556,2.9988,3.0919,2.986,2.8131,2.4927,2.1613,1.9098,1.8063,1.8446,2.0807,2.3841,2.9419,3.6219,4.1669,4.8641,5.4657,5.9294,6.1613,6.3118,6.286,6.1557,5.8476,5.4233,4.9178,4.5108,3.9718,3.4401,3.072,2.6313,2.256,1.9989,1.659,1.2871,0.82207,0.40557,-0.32762,-1.3441,-2.3276,-3.9618,-6.0077,-7.5586,-8.5329,-7.4024,-5.4676,-4.1639,-2.8088,-1.963,-1.5742,-1.26,-1.0685,-1.0305
-2.701,-2.6817,-2.3917,-1.9792,-1.7436,-1.5961,-1.7315,-2.0107,-2.6388,-3.5022,-4.4873,-5.1678,-5.6385,-5.4768,-4.9395,-3.9046,-2.7732,-1.9578,-0.96041,-0.058435,0.73069,1.2568,1.8867,2.423,2.7526,3.1082,3.3522,3.4284,3.3984,3.1293,2.5852,1.9585,0.75858,-0.95749,-2.6272,-5.1766,-6.7647,-5.681,-3.9827,-1.9172,-0.43674,0.33002,0.97826,1.2534,1.3218,1.2855,1.1308,1.0068,0.99793,1.0885,1.3267,1.619,2.0629,2.5471,2.9238,3.3606,3.7323,4.1295,4.3989,4.7329,5.0839,5.348,5.6323,5.8486,5.9653,5.9599,5.7982,5.5171,5.2154,4.715,4.1914,3.8563,3.516,3.2985,3.2396,3.2419,3.204,3.1229,3.0076,2.7148,2.2414,1.7965,1.0043,-0.072742,-1.4082,-2.6204,-4.6141,-7.0642,-8.909,-10.595,-9.878,-7.7841,-6.1221,-4.0249,-2.3749,-1.2848,0.20768,1.1376,1.6609,2.3235,2.746,2.9749,3.151,3.4426,3.8368,4.3289,5.2666,6.388,7.2858,8.4763,9.5063,10.336,10.815,11.223,11.352,11.277,10.938,10.303,9.397,8.5371,7.1285,5.4618,4.0581,1.9745,-0.27114,-1.9587,-4.1264,-6.0257,-7.2341,-7.6924,-7.7442,-7.1724,-6.6277,-6.0512,-5.6464,-5.5285,-5.6588,-6.4598,-7.1179,-7.5886,-8.2646,-7.3916,-6.1441,-4.2703,-2.3925,-0.85509,0.065376,1.0356,1.6979,2.0164,2.2088,2.1706,1.9864,1.5266,0.86023,-0.021996,-0.79101,-1.8849,-2.7421,-2.951,-2.4133,-1.1725,-0.098382,1.2379,2.3416,3.1496,3.56,3.8619,3.9012,3.7693,3.4055,2.8643,2.1856,1.6108,0.81258,0.061825,-0.45578,-1.0384,-1.5003,-1.7953,-2.1379,-2.4786,-2.8775,-3.2546,-3.9733,-4.9224,-5.9069,-7.7136,-10.281,-12.575,-14.434,-11.634,-8.1224,-6.0514,-3.9268,-2.3937,-1.5719,-0.77941,-0.3206,-0.12478
0.48326,0.35801,0.20164,0.015397,-0.17224,-0.50146,-0.93691,-1.324,-1.9242,-2.598,-3.2725,-3.7151,-4.2149,-4.5557,-4.6662,-4.6405,-4.4201,-4.1127,-3.5451,-2.7703,-1.8564,-1.1029,-0.08245,0.90321,1.5778,2.3812,3.0194,3.3798,3.6936,3.8317,3.7673,3.5941,3.2202,2.7473,2.3787,1.9502,1.693,1.6645,1.7622,1.9621,2.1413,2.1863,2.0735,1.7449,1.3754,0.6296,-0.28119,-1.2596,-1.9411,-2.4463,-2.2821,-1.7869,-0.8312,0.22486,0.95127,1.75,2.4595,3.0009,3.3151,3.6806,3.9409,4.0636,4.1647,4.0978,3.8574,3.533,2.8351,1.8072,0.81272,-0.88187,-2.8698,-4.2823,-5.3654,-4.9591,-3.7528,-2.8505,-1.9671,-1.3858,-1.1125,-0.93883,-0.88163,-0.86996,-0.94286,-1.0992,-1.3173,-1.5697,-1.8936,-2.2285,-2.4251,-2.4641,-2.2449,-1.8081,-1.318,-0.65498,0.0092062,0.59885,1.0623,1.4631,1.8012,2.0125,2.2461,2.529,2.7464,3.1848,3.7818,4.3061,5.141,6.0358,6.705,7.5687,8.3158,8.8928,9.2051,9.4205,9.3908,9.2086,8.7209,7.9567,6.917,5.9437,4.3597,2.4673,0.8144,-1.7455,-4.7082,-7.1929,-10.687,-13.107,-12.817,-11.622,-9.9886,-8.5093,-7.6346,-6.7544,-6.0383,-5.6532,-5.3071,-4.9809,-5.0597,-4.791,-4.3158,-3.8509,-3.2637,-2.3659,-1.4709,-0.55199,0.072639,0.78711,1.3333,1.6144,1.7967,1.7263,1.4822,0.89797,-0.088518,-1.6031,-3.2278,-6.4933,-12.49,-23.431,-12.985,-6.4337,-3.663,-1.1966,0.41475,1.4268,1.8763,2.1222,1.9978,1.678,0.96667,-0.06543,-1.402,-2.5866,-4.3341,-6.0267,-7.0852,-7.8879,-8.0319,-7.8772,-7.5775,-7.3425,-7.1822,-7.1533,-7.104,-7.0479,-7.013,-6.9508,-6.7982,-6.6031,-6.0444,-5.1291,-3.993,-3.0626,-1.8891,-0.86315,-0.2005,0.47687,0.89962,1.1437
2.0245,1.8775,1.6017,1.2102,0.86146,0.28891,-0.39565,-1.0001,-1.9,-2.9101,-3.9855,-4.8182,-5.9352,-6.9136,-7.5907,-8.394,-9.0692,-9.4134,-9.3757,-8.4712,-6.7049,-5.1023,-2.9617,-1.007,0.28246,1.7528,2.9277,3.6591,4.4012,4.9457,5.3077,5.4775,5.5949,5.6226,5.5997,5.5369,5.4521,5.3561,5.2645,5.09,4.8174,4.5203,3.9491,3.1332,2.2636,0.71762,-1.4378,-4.713,-8.5466,-18.777,-13.781,-8.1952,-4.2029,-1.8189,-0.65193,0.39287,1.1075,1.4941,1.7068,1.9701,2.2014,2.3553,2.5473,2.6164,2.4593,2.1595,1.4657,0.25162,-1.0294,-3.4256,-7.0899,-10.963,-14.905,-11.176,-7.74,-6.3492,-5.2832,-4.9424,-5.0107,-5.1105,-4.8874,-4.4852,-3.5842,-2.5189,-1.5997,-1.0284,-0.37198,0.1454,0.44578,0.80588,1.0998,1.3685,1.5686,1.7477,1.8858,1.9574,1.7481,1.5594,1.3656,0.849,0.29074,-0.13764,-0.32021,-0.14998,0.68573,1.6136,2.975,4.354,5.3289,6.4237,7.3109,7.9692,8.2804,8.4685,8.4066,8.1689,7.6119,6.7995,5.6864,4.6788,3.0938,1.1735,-0.47705,-3.0021,-6.0749,-8.7359,-12.754,-15.844,-14.411,-12.497,-10.121,-8.4183,-7.5389,-6.5704,-5.8852,-5.5661,-5.3288,-4.879,-4.7629,-4.7105,-4.2378,-3.7472,-3.2914,-2.4601,-1.5935,-0.70367,-0.050075,0.74327,1.4145,1.8073,2.1797,2.3353,2.3139,2.0837,1.6049,0.90922,0.25813,-0.66659,-1.4386,-1.6791,-1.4012,-0.59168,0.13645,1.06,1.7645,2.1874,2.3102,2.1899,1.7318,1.1633,0.059643,-1.4988,-3.6079,-5.6536,-9.3772,-15.272,-23.822,-24.537,-16.658,-14.248,-12.733,-12.232,-12.221,-12.181,-11.63,-10.581,-9.4814,-7.8958,-6.3497,-5.2803,-3.8897,-2.6269,-1.4609,-0.63397,0.37747,1.2426,1.8043,2.414,2.8692,3.159
2.4775,2.28,1.8974,1.4014,0.94917,0.2232,-0.6788,-1.4979,-2.8075,-4.4034,-6.3427,-8.0463,-10.395,-12.572,-13.684,-14.526,-15.59,-17.394,-23.874,-25.794,-13.861,-9.3171,-5.1293,-2.0783,-0.27081,1.6475,3.1422,4.0387,5.0065,5.7204,6.2497,6.5511,6.8473,7.0428,7.1366,7.2202,7.2566,7.2445,7.1942,7.0622,6.8195,6.5493,6.0545,5.3591,4.68,3.5913,2.2058,0.67059,-0.48027,-1.5638,-1.6866,-1.2962,-0.49077,0.14639,0.37127,0.37238,-0.12157,-0.91283,-1.5188,-2.0816,-1.8129,-1.1,0.014764,1.0329,1.7182,1.9688,1.9989,1.6407,1.1419,0.27492,-0.75075,-1.4566,-2.2394,-2.7158,-3.0841,-3.5273,-4.4862,-6.276,-8.5293,-13.902,-22.243,-13.93,-7.6737,-4.1186,-1.8473,-0.57675,0.62335,1.4686,1.9555,2.4038,2.698,2.8828,2.9069,2.8785,2.6982,2.3633,1.9572,1.2324,0.35346,-0.96481,-3.1034,-6.4314,-10.212,-14.638,-8.0378,-3.9925,-0.27793,2.3446,3.8755,5.447,6.5871,7.3791,7.7431,7.9579,7.8655,7.5937,6.9991,6.1209,4.9726,3.963,2.4365,0.72522,-0.62414,-2.4672,-4.276,-5.4753,-6.81,-7.6221,-7.8143,-7.7008,-7.2462,-6.6919,-6.3244,-5.8772,-5.7313,-5.7859,-6.0058,-6.6927,-6.98,-7.5018,-7.9802,-7.4786,-6.7389,-5.399,-3.7927,-2.2882,-1.2452,-0.014173,1.0303,1.6908,2.4053,2.9457,3.2454,3.4843,3.5877,3.579,3.5233,3.4303,3.3556,3.3453,3.4029,3.5248,3.6383,3.7701,3.8235,3.7487,3.5831,3.1826,2.5605,1.9252,0.84017,-0.5354,-2.2349,-3.7009,-5.8947,-8.0918,-9.5166,-10.773,-11.399,-11.78,-12.701,-14.435,-17.881,-23.033,-30.941,-17.645,-13.308,-9.3831,-6.6077,-4.9182,-3.0085,-1.4389,-0.06857,0.81142,1.8412,2.7328,3.2865,3.9067,4.4073,4.7386
1.6575,1.2981,0.775,0.2393,-0.19006,-0.80645,-1.5473,-2.2344,-3.4643,-5.1365,-7.4523,-9.7917,-14.532,-22.314,-23.945,-17.216,-13.808,-12.261,-10.651,-8.832,-6.5999,-4.7625,-2.4075,-0.31686,1.0428,2.5436,3.7566,4.4687,5.2049,5.7361,6.0922,6.2749,6.448,6.5887,6.7007,6.8646,7.052,7.2395,7.3681,7.4971,7.5591,7.5446,7.4278,7.1995,6.9856,6.5746,6.1129,5.6368,5.2935,4.895,4.5694,4.3554,4.04,3.5452,3.0143,1.8883,0.090292,-2.7587,-6.3466,-16.8,-12.207,-6.0385,-1.7897,0.6441,2.1634,2.8994,3.4327,3.6789,3.6736,3.4944,3.2219,2.9209,2.5007,2.0081,1.3854,0.88644,-0.068747,-1.2083,-2.1526,-3.3056,-3.608,-3.2397,-2.0127,-0.65582,0.53371,1.2531,1.9909,2.4759,2.7112,2.8823,2.9431,2.8929,2.8051,2.6314,2.3525,2.1133,1.7113,0.99371,0.38329,-0.63157,-1.9033,-3.2967,-4.0747,-4.3076,-2.9714,-1.3945,0.74846,2.7696,4.0287,5.4221,6.5091,7.2123,7.5447,7.6954,7.4966,7.1559,6.3981,5.3205,3.975,2.7542,0.96335,-0.9697,-2.5035,-4.4276,-6.1548,-7.2839,-8.2,-8.5406,-8.42,-7.9175,-7.1924,-6.5158,-5.9905,-5.6533,-5.638,-5.8479,-6.5695,-8.3229,-10.781,-13.504,-22.008,-23.808,-15.644,-10.286,-7.0733,-4.6551,-3.1851,-1.5326,-0.13529,0.78318,1.832,2.7041,3.2332,3.8049,4.2358,4.5329,4.6955,4.8401,4.9378,4.9744,4.9936,4.9771,4.9415,4.8386,4.671,4.4175,4.155,3.7122,3.1429,2.6228,1.8111,0.8573,-0.22493,-1.1013,-2.2955,-3.5643,-4.4592,-5.602,-6.6909,-7.5409,-8.6892,-9.8536,-10.912,-11.47,-11.255,-10.206,-8.8952,-6.9848,-5.1226,-3.7764,-2.2004,-0.79118,0.46232,1.3008,2.266,3.0873,3.621,4.2093,4.6648,5.027
-0.82338,-1.8401,-3.0506,-3.7432,-3.7764,-3.4263,-3.0417,-2.9083,-3.0419,-3.5403,-4.3543,-5.1033,-6.0843,-6.7837,-6.9542,-6.6009,-5.8173,-5.0411,-3.8973,-2.6668,-1.3925,-0.4057,0.84829,1.9878,2.7395,3.5666,4.1959,4.5138,4.7012,4.6741,4.4366,4.1573,3.7419,3.4352,3.3949,3.6285,4.1701,4.8636,5.4043,6.0493,6.585,6.9097,7.2319,7.4566,7.574,7.648,7.7162,7.7204,7.722,7.6832,7.5831,7.4753,7.2135,6.804,6.3912,5.608,4.6845,3.5428,2.7721,2.0539,2.0152,2.3877,3.1041,3.8727,4.4567,4.7814,5.0224,5.1365,5.1704,5.1523,5.122,5.0647,4.9945,4.8614,4.6563,4.4828,4.1516,3.8018,3.531,3.2094,3.0149,2.9312,2.9384,2.9632,2.9916,2.9321,2.7805,2.525,2.2274,1.7896,1.3213,0.8821,0.68538,0.4723,0.39405,0.47928,0.20962,0.083065,-0.035963,-0.55011,-0.80299,-1.0991,-1.089,-0.69902,0.044999,0.89615,2.1838,3.5818,4.5758,5.731,6.6797,7.3098,7.5864,7.649,7.3561,6.9042,5.9308,4.5722,2.7757,1.1024,-1.518,-4.635,-7.201,-10.591,-13.738,-15.869,-18.258,-18.312,-14.951,-12.122,-9.1443,-7.0706,-5.9042,-4.992,-4.5152,-4.521,-4.8918,-5.8403,-7.3461,-8.1664,-9.7493,-10.035,-9.8596,-9.0129,-7.8226,-6.5485,-5.4365,-3.8289,-2.208,-1.0697,0.28749,1.4072,2.0833,2.8188,3.3733,3.7648,3.9759,4.1615,4.2718,4.3036,4.2927,4.2226,4.1261,3.9389,3.693,3.3884,3.1285,2.7488,2.3182,1.9742,1.4579,0.86977,0.20727,-0.34933,-1.1391,-2.0193,-2.6982,-3.6596,-4.6504,-5.3779,-6.2738,-7.0624,-7.6247,-7.8218,-7.6958,-7.2838,-6.6964,-5.7345,-4.5825,-3.6487,-2.4604,-1.279,-0.20564,0.53249,1.4097,2.0992,2.5264,2.9567,3.2348,3.463
-3.3679,-6.2604,-13.475,-25.527,-12.458,-6.9048,-4.2169,-3.0677,-2.1745,-1.8227,-1.7999,-1.9009,-2.0502,-2.2013,-2.2009,-2.0589,-1.7038,-1.3144,-0.67502,0.054212,0.85769,1.4442,2.1965,2.8501,3.2469,3.6431,3.7914,3.7394,3.4012,2.6648,1.4592,0.16522,-2.2392,-5.3842,-7.2169,-5.7688,-2.522,0.095279,1.5475,2.9688,3.9504,4.4793,5.0274,5.4755,5.7531,6.1969,6.6557,7.1359,7.4974,7.9442,8.3241,8.5396,8.7207,8.7856,8.7267,8.5743,8.2969,7.9622,7.7064,7.3624,7.0571,6.8529,6.5668,6.2354,5.8036,5.4007,4.8705,4.3313,4.0667,3.9777,4.1671,4.4981,4.9718,5.4254,5.7851,5.9137,6.0321,5.9775,5.8694,5.6464,5.3004,5.0354,4.5736,4.0476,3.4255,2.8632,1.939,0.80722,-0.2174,-1.8356,-3.7008,-5.3523,-5.9797,-5.622,-4.4892,-3.6382,-2.9194,-2.3279,-2.3337,-2.6977,-3.3551,-4.2275,-4.8334,-4.7133,-3.3508,-1.8401,0.47254,2.5202,3.8542,5.3805,6.4681,7.2524,7.5775,7.6898,7.4379,6.9608,6.0019,4.5503,2.5887,0.71594,-2.5669,-6.8873,-11.508,-21.557,-27.456,-20.912,-19.147,-16.932,-13.512,-10.495,-7.5296,-5.1356,-3.9243,-2.7813,-2.1123,-1.9606,-2.1128,-2.2921,-3.2295,-3.8466,-4.9844,-6.4478,-7.6598,-10.008,-12.915,-14.61,-12.698,-8.7639,-5.614,-3.8188,-2.0277,-0.7577,-0.069786,0.57835,0.94731,1.1647,1.248,1.3127,1.3123,1.3059,1.2574,1.1393,0.98517,0.71205,0.34053,-0.075788,-0.37408,-0.73584,-0.98264,-1.0991,-1.2058,-1.3081,-1.4879,-1.7214,-2.1843,-2.7687,-3.3608,-4.3143,-5.424,-6.3349,-7.6606,-9.0131,-10.143,-10.663,-10.907,-10.286,-9.5709,-8.4376,-7.2088,-6.3148,-5.0849,-3.8208,-2.6526,-1.8694,-0.95047,-0.28616,0.010842,0.13443,-0.06408,-0.58414
0.32841,-0.63939,-1.786,-2.3645,-2.2658,-1.7062,-1.0801,-0.72648,-0.49648,-0.52637,-0.78236,-1.0808,-1.5849,-2.0262,-2.276,-2.4106,-2.2485,-1.9553,-1.3682,-0.63797,0.13168,0.68241,1.3564,1.9261,2.256,2.5387,2.6015,2.4789,2.0919,1.342,0.18033,-1.0285,-3.1361,-5.5933,-6.7348,-5.9492,-3.7335,-1.7709,-0.70714,0.22635,0.67103,0.7521,0.65844,0.54296,0.65696,1.2561,2.2797,3.6221,4.6291,5.8815,6.9759,7.6502,8.3957,8.9402,9.2295,9.4812,9.5539,9.5274,9.3919,9.1268,8.7107,8.2976,7.5953,6.6125,5.3123,4.0373,1.8393,-1.0171,-3.2901,-4.0868,-1.6001,0.49863,2.6876,4.2392,5.2698,5.7716,6.1275,6.1893,6.0704,5.7212,5.1896,4.673,3.8689,2.9667,1.9437,1.1576,-0.076219,-1.548,-2.8834,-5.2934,-8.7481,-14.644,-18.704,-13.347,-8.6209,-6.8488,-4.8612,-4.1328,-4.1225,-4.3395,-5.8677,-8.3486,-12.149,-18.883,-10.549,-5.6932,-1.4571,1.5214,3.2335,4.9986,6.2971,7.1789,7.594,7.8401,7.7293,7.4254,6.7176,5.6569,4.2549,2.9882,1.0245,-1.1735,-2.815,-4.6983,-5.8248,-6.1126,-5.8572,-5.1336,-4.0665,-3.1812,-1.9797,-0.91677,-0.27581,0.42288,0.79725,0.93167,0.83499,0.47213,-0.060275,-0.80483,-1.792,-3.3221,-4.6138,-6.837,-9.1544,-10.374,-9.6638,-7.5459,-5.5184,-4.357,-3.2783,-2.7007,-2.5183,-2.6288,-3.0241,-3.5829,-4.0002,-4.3916,-4.4765,-4.371,-4.1529,-4.0382,-4.1018,-4.5021,-5.2935,-6.447,-7.4395,-8.4372,-8.4343,-7.8015,-6.6149,-5.5795,-4.9091,-4.6476,-4.6517,-5.0239,-5.5233,-6.4564,-7.7611,-9.0766,-11.33,-14.5,-19.405,-24.981,-24.492,-18.728,-16.299,-14.265,-12.964,-12.137,-10.734,-8.9825,-7.0831,-5.7075,-4.2559,-3.1717,-2.6948,-2.5612,-3.0761,-4.5694
3.9992,3.7082,3.2795,2.869,2.5837,2.2075,1.784,1.4072,0.73732,-0.14396,-1.2842,-2.3382,-3.9939,-5.8666,-7.2678,-8.4918,-8.3713,-7.4756,-5.8985,-4.3507,-3.0441,-2.2027,-1.2824,-0.56287,-0.139,0.24984,0.51721,0.60873,0.57347,0.41849,0.11307,-0.19251,-0.60243,-0.9475,-1.1286,-1.177,-1.0792,-0.99782,-1.055,-1.4373,-2.2719,-3.2949,-5.5078,-9.2464,-13.323,-12.607,-6.3159,-2.0785,0.24426,2.6578,4.4989,5.6197,6.8197,7.7223,8.2604,8.7543,9.0865,9.214,9.2099,9.0527,8.725,8.3451,7.6406,6.6734,5.3739,4.1155,1.9563,-0.7108,-2.7441,-3.4148,-1.2969,0.62044,2.6646,4.1365,5.0475,5.4941,5.6916,5.5639,5.2386,4.5252,3.5292,2.5704,1.1566,-0.40505,-1.8272,-2.7166,-3.4785,-3.9963,-4.3651,-4.8986,-5.5298,-5.9694,-6.1104,-5.8077,-5.2241,-4.7364,-3.9412,-3.6439,-3.3737,-3.4115,-3.4863,-3.6682,-3.6007,-3.1603,-1.9445,-0.76348,1.0794,2.7959,4.0155,5.3408,6.4309,7.2057,7.6081,7.9033,7.9204,7.7841,7.3578,6.7545,5.9368,5.2578,4.2748,3.2884,2.606,1.8051,1.2728,1.0048,0.93489,1.0223,1.3404,1.596,2.0242,2.403,2.6668,2.9265,3.0536,3.0759,2.9889,2.5904,2.2263,1.7536,1.0346,0.21146,-0.4797,-1.3324,-2.1297,-2.6732,-2.9296,-3.0685,-3.1389,-3.2373,-3.5341,-4.1033,-4.7977,-6.1411,-8.0561,-10.844,-13.597,-17.302,-16.148,-13.604,-10.989,-9.4579,-8.9097,-8.9679,-9.9178,-12.128,-15.033,-22.611,-21.587,-15.65,-11.337,-9.0042,-7.7425,-7.2874,-7.1376,-7.4802,-7.9027,-8.6981,-9.737,-10.626,-12.041,-13.704,-15.542,-16.571,-17.175,-16.532,-16.391,-16.949,-19.431,-23.696,-28.562,-17.382,-11.796,-9.1276,-6.5668,-4.8914,-4.0296,-3.3421,-3.1293,-3.1436
5.7787,5.5825,5.2113,4.7441,4.3205,3.6634,2.865,2.1566,1.0183,-0.38556,-2.1404,-3.7579,-6.4345,-10.209,-14.189,-22.443,-18.973,-14.483,-10.804,-8.5147,-6.9327,-6.0135,-5.0668,-4.3699,-3.9573,-3.5218,-3.1309,-2.8397,-2.4772,-2.0775,-1.7038,-1.4411,-1.151,-0.93387,-0.85063,-0.81357,-0.91997,-1.216,-1.5718,-2.3112,-3.3599,-4.3591,-5.9373,-7.5233,-8.3133,-7.7687,-5.892,-3.4059,-1.6744,0.45972,2.2323,3.3801,4.6426,5.6368,6.2291,6.8171,7.2548,7.4793,7.5893,7.5862,7.4763,7.304,6.9587,6.5083,5.9339,5.4552,4.7757,4.2054,3.8992,3.7838,3.9855,4.283,4.7512,5.1639,5.4008,5.4389,5.2541,4.7758,4.1912,3.0684,1.4809,-0.073211,-2.8228,-6.7048,-12.308,-15.838,-12.044,-8.4586,-6.8469,-5.4719,-4.7622,-4.3219,-4.2257,-4.0541,-4.0084,-3.8416,-3.8072,-3.772,-3.516,-3.4932,-2.9713,-2.5026,-1.8722,-1.025,0.074131,0.95803,2.1924,3.4025,4.255,5.2806,6.1272,6.7703,7.1152,7.3791,7.4262,7.325,7.0336,6.5895,6.0236,5.5525,4.9094,4.3097,3.9063,3.468,3.1716,3.042,2.9815,3.0234,3.1416,3.2552,3.4179,3.5678,3.6767,3.7393,3.7563,3.6953,3.6017,3.3554,3.0299,2.7534,2.2165,1.6843,1.191,0.56891,-0.12182,-0.77905,-1.2699,-1.9436,-2.6671,-3.2732,-4.1944,-5.3116,-6.3425,-7.9429,-10.004,-12.445,-14.519,-16.525,-16.142,-14.788,-12.805,-11.256,-10.451,-9.838,-9.6572,-9.8195,-10.037,-10.238,-9.9979,-9.5552,-8.8122,-8.2671,-8.0931,-8.3143,-9.0071,-10.16,-11.213,-12.545,-13.233,-13.102,-12.653,-12.09,-11.652,-11.449,-11.252,-11.226,-11.303,-11.65,-12.152,-12.389,-11.994,-10.595,-8.7267,-7.408,-5.9185,-4.7791,-4.1564,-3.5154,-3.0414,-2.5636
6.4276,6.1827,5.7626,5.2223,4.7395,3.9951,3.1165,2.347,1.1876,-0.18502,-1.7844,-3.118,-5.1209,-7.1771,-8.695,-10.311,-11.247,-11.46,-11.294,-10.819,-10.212,-9.7314,-9.2281,-8.9348,-8.8714,-8.8798,-8.9469,-8.7244,-7.8877,-6.6419,-5.2214,-4.2119,-3.1063,-2.273,-1.8189,-1.4813,-1.439,-1.6939,-2.0748,-2.8019,-3.7736,-4.6404,-5.7722,-6.7542,-7.0405,-6.8407,-5.7703,-4.2159,-2.8999,-1.1859,0.35395,1.3578,2.4386,3.3027,3.7674,4.2553,4.5501,4.7598,4.8716,4.9811,5.0723,5.1418,5.2072,5.2342,5.2163,5.2043,5.1612,5.1347,5.1462,5.197,5.3096,5.3918,5.5247,5.5642,5.5459,5.3837,5.0584,4.4808,3.8984,2.8514,1.4932,0.22084,-1.849,-4.2457,-6.5128,-7.4425,-7.087,-5.9204,-5.0597,-4.232,-3.7639,-3.6515,-3.7396,-4.0735,-4.6142,-5.0825,-5.9771,-6.4529,-6.8656,-6.7645,-6.1786,-5.0427,-4.0569,-2.5143,-1.0643,0.067691,1.424,2.7308,3.5706,4.5761,5.382,5.982,6.2907,6.4901,6.4743,6.2952,5.9045,5.2858,4.5687,3.9449,3.1516,2.4536,2.0739,1.8119,1.7601,1.8713,2.0541,2.3233,2.5232,2.6893,2.8272,2.9398,2.9825,3.0063,3.0045,2.9723,2.837,2.8031,2.5099,2.3418,1.953,1.5063,1.0894,0.446,-0.27081,-1.0819,-1.7327,-2.6716,-3.6617,-4.4274,-5.5192,-6.6634,-7.5472,-8.8153,-10.094,-11.359,-12.182,-12.946,-13.106,-12.878,-12.119,-11.046,-10.21,-9.0893,-8.1584,-7.3801,-6.931,-6.4173,-6.0447,-5.852,-5.767,-5.9395,-6.4802,-7.2154,-8.7895,-11.344,-14.405,-22.148,-27.699,-18.358,-13.208,-10.402,-8.6291,-7.7401,-6.8465,-6.3671,-6.0832,-5.8325,-5.6388,-5.5332,-5.2525,-4.9785,-4.648,-4.425,-4.2611,-4.2228,-4.2963,-4.473,-4.5855,-4.5493
6.6243,6.2981,5.7815,5.1811,4.6884,3.959,3.1619,2.5082,1.536,0.42675,-0.84277,-1.9178,-3.487,-5.2728,-6.7306,-8.8746,-11.242,-13.081,-15.288,-15.88,-14.708,-13.657,-12.62,-12.335,-12.769,-14.56,-18.622,-24.611,-19.413,-12.4,-8.3023,-6.1663,-4.0696,-2.6311,-1.875,-1.2751,-1.0733,-1.2466,-1.6482,-2.5284,-3.8879,-5.2874,-7.861,-11.644,-15.598,-16.408,-10.784,-6.8105,-4.5924,-2.3775,-0.74613,0.15456,1.0027,1.4758,1.6226,1.5864,1.3151,1.0717,0.90793,1.0004,1.3675,1.7849,2.415,2.9739,3.4514,3.7209,4.0425,4.2927,4.4823,4.7296,4.9733,5.1565,5.3406,5.4645,5.4686,5.4076,5.175,4.8063,4.4253,3.8088,3.0579,2.4297,1.5631,0.72038,0.030585,-0.41611,-0.72776,-0.94487,-1.044,-1.2675,-1.6061,-2.2016,-2.7585,-3.8863,-5.3093,-6.9411,-9.0435,-12.863,-16.13,-18.062,-14.798,-10.486,-8.0392,-5.3911,-3.0537,-1.5612,0.25654,1.8111,2.8502,4.0103,4.9237,5.5834,5.8917,6.0649,5.9331,5.6418,4.9358,3.8988,2.4646,1.162,-0.8546,-2.7859,-3.6593,-3.5068,-2.3375,-1.3787,-0.25891,0.513,1.0147,1.2027,1.306,1.2665,1.1848,1.1298,1.1063,1.1703,1.2538,1.3168,1.3872,1.2916,1.1518,0.75307,0.39258,-0.31526,-1.1582,-2.2035,-3.0851,-4.3328,-5.6228,-6.5702,-7.737,-8.7532,-9.455,-10.413,-11.454,-12.778,-13.93,-15.787,-17.366,-17.27,-15.181,-12.349,-10.394,-8.1661,-6.3736,-4.9684,-4.1267,-3.2436,-2.6209,-2.3096,-2.1208,-2.1859,-2.5332,-2.9608,-3.7952,-4.8195,-5.6044,-6.4545,-6.62,-6.201,-5.2319,-4.1036,-3.1082,-2.473,-1.8244,-1.3266,-1.0818,-0.86639,-0.76727,-0.749,-0.83976,-1.0362,-1.3935,-1.7925,-2.5234,-3.6038,-4.6766,-6.6203,-9.2159,-11.778
6.533,6.037,5.2805,4.5069,3.9477,3.282,2.7115,2.3277,1.7952,1.1889,0.42302,-0.3008,-1.4931,-3.0134,-4.3895,-6.7003,-9.7551,-12.802,-18.054,-19.457,-15.227,-12.931,-10.99,-10.059,-9.8644,-10.132,-10.442,-10.469,-9.2764,-7.2092,-4.9606,-3.4674,-1.826,-0.56322,0.11912,0.71719,0.98093,0.91162,0.64481,-0.037733,-1.0876,-2.1266,-3.853,-5.7935,-6.9006,-7.098,-5.493,-3.512,-2.1486,-0.7102,0.3467,0.85509,1.2095,1.0761,0.68313,-0.43567,-2.1779,-4.9211,-7.1371,-7.8424,-5.0105,-2.836,-0.70737,0.70297,1.5344,1.8834,2.1391,2.3598,2.5665,3.0167,3.5893,4.0721,4.6291,5.0854,5.3092,5.4013,5.3261,5.1429,4.9261,4.6172,4.2761,4.0657,3.7953,3.5731,3.3472,3.2019,2.9348,2.6421,2.3394,1.8369,1.1288,0.22453,-0.67729,-2.0869,-3.8974,-5.3441,-8.1921,-10.615,-13.191,-14.169,-13.429,-11.115,-9.2931,-6.7548,-4.3116,-2.5692,-0.42619,1.4888,2.736,4.1852,5.3024,6.1289,6.5272,6.7804,6.6679,6.3483,5.5442,4.2906,2.4173,0.5375,-3.0769,-8.818,-14.475,-9.7439,-4.816,-2.6991,-0.91233,-0.003474,0.3455,0.22849,-0.27161,-1.1474,-1.8664,-2.6879,-2.853,-2.4863,-1.4723,-0.68237,0.11988,0.40802,0.54808,0.3457,-0.013433,-0.75467,-1.8528,-3.2664,-4.5524,-6.6287,-9.0553,-10.929,-12.754,-13.154,-12.752,-12.027,-11.881,-12.309,-13.22,-15.433,-18.444,-18.878,-14.609,-10.277,-7.7223,-5.0418,-2.9769,-1.3565,-0.36642,0.67383,1.4566,1.8857,2.282,2.4861,2.5251,2.4661,2.301,2.1,1.9502,1.8442,1.8795,1.9901,2.2632,2.6095,2.9728,3.2333,3.5048,3.7239,3.8074,3.8222,3.7146,3.5637,3.2168,2.7457,2.0943,1.4685,0.44225,-0.90974,-2.1792,-4.3377,-7.08,-9.6418
5.8012,4.8396,3.2843,1.573,0.4266,-0.34597,-0.14202,0.36021,1.0504,1.4943,1.6155,1.4772,0.98892,0.2496,-0.50473,-1.6559,-2.9429,-3.8605,-4.9077,-5.4617,-5.4604,-5.2194,-4.7811,-4.3496,-4.0539,-3.65,-3.1682,-2.7272,-1.9572,-1.0289,-0.019604,0.7422,1.6809,2.4853,2.9598,3.4445,3.7164,3.7627,3.6804,3.3871,2.9426,2.5383,1.9561,1.4426,1.1881,0.99789,1.1852,1.5179,1.8641,2.2786,2.6312,2.7733,2.7893,2.4933,2.0055,0.92709,-0.74933,-3.0921,-4.9807,-5.4758,-3.4553,-1.6403,-0.04525,0.80725,0.78895,0.30782,-1.0663,-2.7407,-3.3852,-2.1207,0.27075,1.8679,3.4718,4.4828,4.9745,5.0376,4.8174,4.3488,3.9338,3.4838,3.3606,3.5237,3.942,4.4558,4.8671,5.1352,5.2365,5.1733,4.9574,4.5022,3.784,2.8551,1.9512,0.63047,-1.0238,-2.3019,-4.6133,-6.3994,-8.541,-10.225,-12.661,-13.386,-12.973,-9.6486,-6.2845,-3.8362,-0.97063,1.4737,3.0444,4.8102,6.2335,7.2883,7.8644,8.3103,8.4064,8.2399,7.7327,6.8719,5.7184,4.7043,3.2762,1.9864,1.3387,1.0478,1.2533,1.5326,1.8335,1.8728,1.5033,0.88937,-0.55625,-2.9866,-5.9026,-13.726,-19.264,-9.5208,-4.6646,-1.7376,-0.34469,0.36934,0.6264,0.54757,0.15419,-0.60287,-1.7834,-3.3007,-4.7793,-7.3253,-10.877,-14.66,-21.079,-17.742,-14,-10.721,-8.8647,-7.7083,-7.1955,-6.5779,-5.9487,-5.2617,-4.0036,-2.4702,-1.2492,0.31596,1.7381,2.9782,3.7907,4.6901,5.4183,5.8472,6.295,6.6018,6.8097,6.8942,6.9639,6.9876,6.9908,7.0216,7.08,7.1404,7.2637,7.3968,7.536,7.6274,7.7157,7.7322,7.6922,7.5574,7.2987,7.0229,6.5521,5.936,5.2227,4.6039,3.7146,2.7761,2.101,1.2788,0.6629,0.32318
4.3026,2.9234,0.25692,-4.1262,-9.9994,-19.745,-6.9132,-3.3461,-0.5843,0.93112,1.74,2.0258,2.0775,1.8441,1.5281,0.98125,0.35854,-0.11818,-0.6733,-1.1267,-1.4736,-1.6249,-1.7266,-1.7142,-1.6109,-1.3289,-1.0082,-0.57707,0.0096898,0.71155,1.4477,1.9858,2.6988,3.3064,3.6904,4.119,4.3946,4.5261,4.5318,4.4474,4.2487,4.0375,3.7098,3.367,3.0809,2.7787,2.4828,2.3112,2.2485,2.3094,2.469,2.6659,2.8915,3.1271,3.1931,3.2074,3.0273,2.8836,2.7744,2.8341,3.0513,3.2084,3.3175,3.0404,2.203,1.1402,-1.2471,-4.6372,-6.6763,-4.2661,-0.55153,1.4375,3.2238,4.0891,4.33,3.9598,2.9208,0.93946,-1.1594,-4.8105,-5.533,-3.0592,0.28264,2.6298,4.1831,4.93,5.5445,5.7279,5.6523,5.2618,4.5986,3.662,2.8196,1.4504,-0.099619,-1.4124,-3.1343,-5.5245,-7.152,-10.202,-13.891,-17.577,-17.029,-12.354,-7.9226,-5.3437,-2.1067,0.53158,2.3986,4.4046,6.1325,7.4147,8.1643,8.8024,9.115,9.1079,8.8361,8.2588,7.4623,6.7545,5.7669,4.8455,4.2448,3.6726,3.3479,3.2672,3.1917,3.1117,2.7731,2.4141,1.5499,0.44077,-0.58973,-1.6775,-2.0657,-1.7506,-0.83767,-0.045844,0.38288,0.54449,0.35854,-0.094879,-0.68693,-1.6125,-2.7223,-3.9319,-4.8672,-6.0193,-7.0367,-7.673,-7.9718,-7.6225,-6.9951,-5.8735,-4.7011,-3.651,-2.9011,-1.9485,-1.0536,-0.34532,0.62226,1.6159,2.386,3.3614,4.3094,5.1657,5.7419,6.4055,6.9613,7.3007,7.6583,7.9096,8.0789,8.1552,8.2136,8.2305,8.2411,8.2438,8.2597,8.2993,8.3718,8.4713,8.5855,8.6554,8.7372,8.7232,8.6684,8.4883,8.179,7.8291,7.2357,6.4522,5.5161,4.7458,3.6714,2.7338,2.1946,1.8478,1.9305,2.332
3.8885,3.1371,1.8656,0.51124,-0.37074,-0.89635,-0.62314,-0.090194,0.65868,1.2616,1.6128,1.714,1.6739,1.4014,1.1231,0.6269,0.070401,-0.38529,-0.98685,-1.5912,-2.1789,-2.6118,-3.1153,-3.4939,-3.6633,-3.6961,-3.3841,-3.0141,-2.2779,-1.437,-0.54709,0.089344,0.83731,1.472,1.8791,2.2682,2.5459,2.7358,2.795,2.7964,2.6834,2.5201,2.1948,1.706,1.2413,0.50674,-0.42155,-1.3736,-2.0168,-2.4048,-2.0635,-1.3315,-0.071789,1.2099,2.1076,3.1055,3.9393,4.5637,4.9978,5.3924,5.7001,5.8078,5.8527,5.6685,5.3175,4.9067,4.3651,3.8929,3.7428,3.8724,4.2834,4.6413,5.0165,5.1222,4.8182,4.3475,3.1935,1.4862,-0.19858,-2.4397,-2.8402,-1.5524,0.7695,2.6374,3.99,4.6022,5.1068,5.1989,5.0559,4.5634,3.7859,2.7314,1.7679,0.29604,-1.3211,-2.5145,-4.4356,-5.6702,-7.2021,-8.3955,-9.9933,-10.593,-11.186,-10.503,-9.1387,-7.2039,-4.2393,-1.1658,0.87074,3.3146,5.2575,6.8054,7.6514,8.4491,8.828,8.8729,8.5788,7.9374,6.9292,5.9368,4.359,2.5939,1.3542,0.21461,0.12397,0.58905,1.4844,2.2691,2.8356,3.0316,3.1184,2.9527,2.7906,2.4726,2.1738,1.8925,1.7317,1.1476,0.72371,0.030244,-0.88918,-2.2379,-3.3238,-5.038,-6.6924,-8.0589,-8.6082,-8.7458,-8.2874,-7.7017,-6.8228,-5.8289,-5.0439,-4.0782,-3.0811,-2.1755,-1.5074,-0.73931,0.024974,0.58396,1.3121,2.0438,2.5849,3.3028,3.9747,4.5914,4.9935,5.4667,5.8294,6.0415,6.2296,6.3334,6.3344,6.299,6.1793,6.0258,5.9009,5.7388,5.6334,5.6172,5.6843,5.8784,6.1495,6.3813,6.6605,6.8941,6.9805,6.9521,6.7297,6.4155,5.7249,4.7406,3.3142,1.957,-0.37559,-3.1933,-5.1004,-5.1821,-2.8403,-0.34128
4.3639,4.0701,3.6235,3.1647,2.8663,2.5315,2.3028,2.1877,2.0221,1.8363,1.5691,1.2862,0.79531,0.22632,-0.2787,-0.98741,-1.7462,-2.3236,-3.1686,-4.0602,-4.9987,-5.7957,-6.9891,-8.3485,-9.3991,-10.451,-10.127,-9.1941,-7.2672,-5.3749,-3.8034,-2.8246,-1.863,-1.1694,-0.8148,-0.53031,-0.33682,-0.19221,-0.069136,0.057105,0.14992,0.15109,-0.026638,-0.49607,-1.0376,-2.2725,-4.0368,-6.8747,-10.295,-18.937,-14.35,-8.7123,-4.1005,-1.0176,0.78806,2.6738,4.2351,5.4222,6.1695,6.9424,7.4953,7.8032,8.0159,8.0981,8.0466,7.9289,7.7615,7.5601,7.4596,7.3575,7.3168,7.2986,7.2302,7.114,6.8309,6.5702,6.069,5.5044,5.085,4.6652,4.5188,4.5542,4.8315,5.1632,5.4281,5.5752,5.5334,5.2996,4.9363,4.2347,3.2122,1.8543,0.61027,-1.3735,-3.6624,-5.7068,-7.6212,-9.277,-9.1917,-9.5233,-9.6264,-10.922,-12.556,-18.158,-26.615,-13.829,-6.2779,-1.6619,1.0058,3.7703,5.886,7.4987,8.3756,9.189,9.5603,9.5788,9.2357,8.45,7.1842,5.8304,3.3655,-0.37225,-4.7351,-20.728,-8.9048,-3.6569,-0.052651,2.0334,3.3442,3.9408,4.4504,4.6415,4.6525,4.4734,4.1231,3.7781,3.0156,2.1514,0.99601,-0.13236,-1.8669,-4.1402,-6.0656,-9.4382,-13.809,-20.502,-23.358,-17.146,-12.662,-10.234,-7.84,-6.0043,-4.8641,-3.6568,-2.711,-1.958,-1.5386,-1.0558,-0.63725,-0.3519,0.092854,0.62321,1.0505,1.6832,2.2747,2.8008,3.1244,3.4462,3.6311,3.6877,3.6684,3.5542,3.348,3.1231,2.7236,2.1996,1.7081,1.023,0.40857,0.10442,0.15236,0.71694,1.6253,2.3947,3.3397,4.1639,4.6262,5.046,5.1898,5.1224,4.7446,3.9929,2.8113,1.5306,-0.7647,-3.8988,-6.2517,-6.148,-3.0127,-0.18769
4.5778,4.4756,4.3502,4.1905,4.0521,3.7973,3.4741,3.1592,2.6764,2.0462,1.2822,0.61604,-0.40015,-1.4893,-2.3472,-3.4715,-4.5355,-5.2596,-6.1342,-6.9755,-7.9436,-8.7548,-10.293,-12.597,-15.232,-21.849,-23.226,-16.308,-10.907,-7.5886,-5.4323,-4.3686,-3.4503,-3.1155,-3.2152,-3.5754,-4.124,-4.489,-4.3519,-3.6365,-2.6736,-2.0371,-1.4748,-1.28,-1.4801,-2.0403,-3.1399,-4.478,-5.5759,-6.3886,-5.806,-4.5044,-2.1976,0.074548,1.7369,3.7278,5.4735,6.9555,7.8538,8.8515,9.5802,9.9716,10.281,10.397,10.321,10.204,9.921,9.6307,9.4089,9.1759,9.0259,8.9689,8.9437,8.9191,8.9055,8.8057,8.6713,8.4495,8.2693,8.0187,7.7574,7.613,7.405,7.2352,7.0189,6.8582,6.5495,6.127,5.7024,4.9551,3.9394,2.5365,1.215,-1.2134,-4.6135,-8.4135,-18.245,-18.278,-11.553,-7.8038,-5.7223,-4.9214,-4.4453,-4.0789,-2.9294,-1.4312,1.0358,3.6295,5.337,7.402,9.0615,10.346,11.093,11.755,12.095,12.108,11.839,11.215,10.229,9.2937,7.7356,6.0163,4.7707,3.614,3.4134,3.7411,4.5373,5.3059,5.9213,6.2983,6.5966,6.7586,6.7191,6.5458,6.1578,5.7478,4.8382,3.8718,2.3428,1.1114,-1.0348,-3.59,-5.7646,-9.0644,-12.342,-14.824,-15.162,-13.783,-11.131,-9.1082,-6.6999,-4.7864,-3.6796,-2.5334,-1.8719,-1.5813,-1.634,-1.937,-2.4999,-2.9111,-3.1315,-2.7155,-2.0127,-0.91984,0.10023,0.83006,1.1774,1.3294,1.2289,1.0114,0.64596,0.25056,-0.072733,-0.35508,-0.81252,-1.627,-2.5528,-4.4931,-7.6407,-10.91,-12.62,-8.001,-4.019,-1.8669,0.3226,1.9048,2.853,3.8534,4.5768,4.9306,5.2177,5.2113,4.9998,4.6929,4.2115,3.7629,3.5769,3.6342,4.0415,4.6009
3.5469,3.8341,4.2345,4.5365,4.6162,4.5652,4.2771,3.904,3.2172,2.2718,1.0594,-0.02712,-1.7035,-3.8107,-5.4837,-7.7689,-9.5647,-10.323,-10.52,-10.408,-10.376,-10.438,-10.498,-10.447,-10.355,-10.018,-8.9314,-7.8267,-5.9923,-4.3621,-3.0774,-2.4649,-2.1329,-2.4869,-3.2603,-5.3025,-9.2874,-18.423,-17.975,-8.6348,-4.343,-2.3963,-0.73943,0.14665,0.39744,0.36799,-0.053718,-0.77665,-1.2807,-1.9878,-2.1824,-1.8499,-0.44918,1.6368,3.3633,5.6753,7.6716,9.4263,10.471,11.607,12.403,12.776,13.031,12.955,12.597,12.155,11.361,10.452,9.7712,9.105,8.8813,9.0237,9.4915,10.004,10.44,10.637,10.734,10.643,10.463,10.106,9.6548,9.3004,8.8007,8.3301,7.9408,7.6264,7.3441,7.0463,6.8378,6.4806,6.0167,5.4116,4.7531,3.7882,2.5702,1.6373,0.92197,0.46845,1.2053,2.0169,3.0198,4.113,4.7972,5.84,6.9632,7.8655,9.1786,10.535,11.519,12.759,13.842,14.733,15.265,15.762,16.023,16.054,15.874,15.464,14.826,14.232,13.316,12.326,11.595,10.705,9.9744,9.5421,9.1418,8.9045,8.8213,8.8497,8.9445,9.0483,9.085,9.0131,8.7573,8.3686,7.7373,6.7295,5.3334,4.17,2.0361,-0.463,-2.8646,-6.7926,-12.423,-21.888,-18.586,-11.485,-7.3814,-5.1448,-2.8822,-1.2021,-0.30922,0.49615,0.81024,0.55557,-0.0099468,-1.5458,-4.2691,-7.7203,-16.875,-12.006,-6.5776,-2.7192,-0.58995,0.46844,0.70961,0.39737,-0.61183,-1.7699,-3.6498,-5.0207,-4.9003,-4.0995,-3.1593,-2.8092,-3.0346,-4.042,-5.668,-6.981,-7.3356,-5.792,-3.6338,-2.1687,-0.44137,1.047,2.1462,3.4802,4.7389,5.5662,6.489,7.2238,7.7264,8.0202,8.2677,8.4374,8.5416,8.6581,8.7623,8.8282
-0.8613,1.446,3.4074,4.5166,4.9177,5.024,4.7178,4.2954,3.4156,2.3271,0.92313,-0.35224,-2.5661,-5.3953,-8.4866,-14.654,-32.191,-22.575,-16.208,-14.464,-14.238,-14.416,-13.154,-10.551,-8.5163,-6.0081,-4.0025,-2.5367,-1.0289,0.21431,1.0879,1.5306,1.715,1.4936,1.0477,0.041719,-1.0916,-1.8803,-1.7694,-0.65324,0.82491,1.8634,2.8815,3.4799,3.712,3.5465,3.0633,2.0141,0.79553,-1.7664,-6.7292,-13.957,-6.3061,0.95014,4.3881,7.8497,10.41,12.396,13.574,14.759,15.538,15.871,15.966,15.656,14.911,13.979,12.231,9.5877,6.822,2.1234,1.7217,4.8692,8.2326,10.337,11.52,12.062,12.266,12.074,11.687,10.902,9.9289,9.0477,7.9455,6.9404,6.2411,5.9294,5.8014,6.0044,6.3016,6.8449,7.4143,7.9401,8.2481,8.5589,8.7706,8.9034,9.16,9.4435,9.7356,10.259,10.834,11.489,11.988,12.726,13.475,14.096,14.932,15.79,16.464,17.285,18.068,18.733,19.135,19.545,19.757,19.8,19.676,19.349,18.842,18.315,17.486,16.489,15.636,14.395,13.011,11.943,10.489,9.2865,8.6736,8.6597,9.2018,9.9089,10.444,10.914,11.104,11.039,10.77,10.008,9.1071,8.1483,6.6386,4.8752,3.2751,1.0719,-1.1072,-2.4511,-2.4545,-1.3775,0.26305,1.4201,2.814,3.8971,4.5171,5.0128,5.1837,4.9605,4.5302,3.5481,2.2351,1.1471,0.14417,0.31047,1.112,2.2817,3.136,3.4469,3.2486,2.3948,0.63038,-1.4515,-5.7965,-11.785,-8.2826,-4.7269,-1.8472,-0.3357,0.17587,0.38685,0.2196,-0.053131,-0.47407,-0.92747,-1.4362,-1.8776,-2.2423,-1.6641,-0.40665,1.875,4.1614,5.7083,7.3918,8.7565,9.7807,10.374,10.957,11.338,11.507,11.61,11.579,11.455
1.3591,2.5794,3.7266,4.2862,4.3449,3.9369,3.0985,2.284,1.028,-0.18848,-1.2707,-2.0537,-3.1865,-4.4566,-5.6463,-7.3621,-8.7647,-9.393,-10.306,-11.724,-14.136,-16.783,-15.794,-10.041,-6.7967,-3.5323,-1.0323,0.38619,1.8408,2.9345,3.6969,4.0848,4.3427,4.4019,4.3297,4.1855,4.0489,3.997,4.0523,4.3073,4.6494,4.9275,5.2235,5.3987,5.4619,5.3141,5.0118,4.5086,3.943,3.1407,2.5229,2.5651,3.9887,6.3499,8.2673,10.667,12.678,14.339,15.374,16.39,17.075,17.363,17.409,17.105,16.399,15.559,14.048,11.998,10.168,7.9914,7.6066,8.6069,10.357,11.681,12.409,12.631,12.427,11.723,10.868,9.2208,6.9991,4.8686,1.6997,-1.2214,-2.6649,-2.5698,-2.3123,-1.2243,0.20953,2.7571,5.2059,7.2486,8.548,9.8701,10.919,11.575,12.244,12.891,13.137,13.618,13.985,14.308,14.585,14.918,15.292,15.639,16.155,16.768,17.302,18.022,18.768,19.444,19.874,20.335,20.612,20.703,20.642,20.363,19.892,19.377,18.507,17.4,16.375,14.74,12.643,10.665,7.0898,1.3658,-6.1673,-0.84186,4.8478,7.9458,9.4605,10.723,11.449,11.713,11.69,11.269,10.745,10.08,9.1599,8.1164,7.2585,6.2727,5.437,4.9485,4.8089,4.9381,5.3525,5.7604,6.3755,6.9741,7.3739,7.7488,7.9663,8.0044,7.9033,7.685,7.3729,7.1487,6.9041,6.7866,6.7766,6.7855,6.7314,6.5123,6.1962,5.5599,4.6963,3.943,2.9985,2.3747,2.25,2.4379,2.8761,3.2194,3.3268,3.2875,2.9304,2.5106,1.6028,0.29174,-1.7403,-4.0876,-9.9708,-17.074,-7.8181,-1.4503,2.4181,4.5305,6.6472,8.2536,9.4631,10.114,10.75,11.122,11.242,11.211,10.975,10.557
4.5682,4.3972,4.101,3.5103,2.8312,1.4442,-0.58315,-2.6812,-6.2092,-9.829,-9.4902,-7.7143,-5.7162,-4.7384,-4.3109,-4.2051,-4.304,-4.4189,-4.6141,-4.7923,-4.9012,-4.7374,-4.0407,-2.8501,-1.7985,-0.29598,0.97357,1.8405,2.7678,3.4166,3.8353,3.9812,4.0472,3.9627,3.8516,3.7474,3.6218,3.6218,3.6489,3.7432,3.8716,3.9257,3.9735,3.9639,3.8931,3.8891,3.8452,4.0589,4.2915,4.8154,5.6197,6.3839,7.6167,9.0798,10.206,11.723,13.125,14.327,15.12,15.92,16.489,16.745,16.866,16.74,16.37,15.968,15.277,14.49,13.93,13.301,12.918,12.801,12.74,12.701,12.539,12.202,11.516,10.408,9.2346,7.179,4.2649,1.3719,-4.0027,-11.233,-11.703,-10.3,-12.289,-19.369,-10.31,-2.434,2.1607,5.3041,7.0746,8.8392,10.175,10.92,11.643,12.264,12.464,12.708,12.783,12.673,12.57,12.288,12.037,11.894,11.982,12.484,13.101,14.207,15.347,16.424,17.109,17.823,18.306,18.491,18.534,18.334,17.892,17.433,16.614,15.576,14.672,13.228,11.546,10.117,7.9934,6.0141,4.9716,5.1694,6.4544,7.8772,8.7598,9.6532,10.13,10.352,10.186,9.9332,9.373,8.7676,7.9539,6.9985,6.3222,5.5029,4.8628,4.4767,4.3782,4.5168,4.8295,5.1938,5.7272,6.2768,6.6742,7.1525,7.5147,7.7787,7.884,7.9588,7.9217,7.865,7.7364,7.5823,7.438,7.2446,7.0185,6.7494,6.5273,6.1628,5.7948,5.5024,5.1222,4.8317,4.5684,4.4336,4.2431,4.0335,3.8313,3.4525,2.9334,2.4684,1.6949,0.78847,-0.19097,-0.90888,-1.4837,-1.4652,-0.75774,0.63524,2.2369,3.4143,4.8021,5.9397,6.8382,7.312,7.7536,7.9461,7.9391,7.7141,7.247,6.4742
4.098,3.7844,3.235,2.4484,1.6219,0.18676,-1.8064,-3.7406,-6.8884,-9.6292,-9.2811,-7.6435,-5.5365,-4.1431,-3.4223,-2.7664,-2.3888,-2.2252,-1.9923,-1.7582,-1.4856,-1.2114,-0.70864,-0.11972,0.38976,1.0692,1.636,2.008,2.3247,2.4419,2.3068,2.0515,1.5234,0.82093,0.26852,-0.41074,-0.74938,-0.69977,-0.44746,-0.071275,0.21889,0.29758,0.16725,-0.25015,-0.73437,-1.3722,-1.6341,-1.1752,-0.17349,1.5131,3.3601,4.7391,6.4576,8.0641,9.1705,10.512,11.723,12.727,13.345,14.039,14.51,14.736,14.892,14.858,14.678,14.475,14.109,13.7,13.394,12.997,12.645,12.41,12.091,11.744,11.317,10.899,10.184,9.2506,8.3566,6.9492,5.2818,3.8702,2.0064,0.39766,-0.67955,-1.2507,-1.3408,-0.79014,0.10438,1.837,3.7016,5.368,6.4588,7.649,8.5306,9.0315,9.4684,9.618,9.792,9.6298,9.325,8.8045,8.1268,6.9183,5.0961,3.2088,0.5655,0.93692,3.5544,7.0593,9.7414,11.726,12.842,13.907,14.572,14.831,14.904,14.704,14.239,13.763,12.973,12.047,11.314,10.292,9.2959,8.6085,7.8032,7.2414,6.9707,6.9454,7.1541,7.4821,7.7106,7.9702,8.0364,7.891,7.5959,7.0596,6.118,5.3611,4.0485,2.5589,1.4743,0.030925,-0.98797,-1.4081,-1.295,-0.75239,0.073231,0.7734,1.7424,2.6729,3.3152,4.1043,4.7514,5.2367,5.5112,5.6896,5.733,5.6618,5.4865,5.2254,5.0015,4.6891,4.4006,4.162,4.0157,3.8711,3.7366,3.6508,3.5239,3.3588,3.1773,2.9975,2.6787,2.285,1.9358,1.3794,0.78462,0.27906,-0.35953,-0.96122,-1.4288,-1.6716,-1.7459,-1.5337,-1.2643,-0.58811,0.166,0.77447,1.5984,2.2726,2.78,3.0861,3.2649,3.2283,3.0512,2.6211,1.9867,1.1976
2.3289,2.251,2.0107,1.6337,1.2447,0.56834,-0.25324,-0.93123,-1.7373,-2.3828,-2.625,-2.6049,-2.4294,-2.1246,-1.9614,-1.7516,-1.6099,-1.5308,-1.4383,-1.2913,-1.0142,-0.74542,-0.31008,0.17351,0.54949,0.97441,1.3567,1.4828,1.4882,1.2288,0.62661,-0.07389,-1.5024,-3.5652,-5.6977,-9.2925,-11.434,-9.1139,-6.8593,-4.6878,-3.5056,-3.1147,-3.2923,-4.3174,-5.7014,-9.2738,-17.169,-16.586,-8.9726,-3.5433,-0.00809,2.0437,4.2408,6.0379,7.2016,8.5098,9.6023,10.501,11.019,11.577,11.942,12.107,12.171,12.092,11.892,11.664,11.315,10.947,10.659,10.322,10.035,9.8405,9.6392,9.4226,9.1429,8.9313,8.5226,8.003,7.5753,6.8804,6.1296,5.5976,4.8674,4.2726,3.8669,3.7018,3.6847,3.9107,4.2031,4.7185,5.2955,5.8335,6.1692,6.5094,6.6744,6.7037,6.6556,6.4182,6.2519,5.9494,5.552,5.0648,4.4932,3.47,1.8731,0.24641,-1.8336,-1.3372,0.91736,4.2446,6.8549,8.7486,9.8091,10.772,11.287,11.435,11.299,10.833,10.104,9.3767,8.2714,7.1074,6.2249,5.2531,4.5501,4.2079,4.0826,4.1514,4.3814,4.6671,5.0006,5.333,5.5326,5.6389,5.6076,5.3653,4.9396,4.0255,2.8156,1.7193,-0.32584,-2.9457,-5.4422,-9.8703,-14.886,-14.651,-12.002,-9.2586,-7.1362,-5.7855,-4.0435,-2.3638,-1.2167,0.11668,1.1955,1.9586,2.3422,2.5855,2.5557,2.3506,1.8779,1.2216,0.67726,-0.042531,-0.59841,-0.85504,-0.85314,-0.62083,-0.31105,-0.077604,0.17391,0.27197,0.24232,0.092704,-0.23268,-0.73887,-1.243,-2.0293,-2.9652,-3.7149,-4.7047,-5.5563,-6.1534,-6.3086,-6.2739,-5.8012,-5.3888,-4.7249,-3.9752,-3.4684,-2.8241,-2.2639,-1.8308,-1.6092,-1.5328,-1.7427,-2.1237,-2.921,-4.0342,-5.2055
0.22957,0.50721,0.81132,1.0076,1.0905,1.0764,0.9625,0.82118,0.56493,0.31028,0.045683,-0.13803,-0.40608,-0.68291,-0.9193,-1.3151,-1.7446,-2.0527,-2.4275,-2.6051,-2.4625,-2.1303,-1.4773,-0.67604,-0.098122,0.58703,1.1023,1.3425,1.4422,1.2323,0.6861,0.0055638,-1.3169,-3.2222,-5.0707,-7.9606,-9.4557,-7.9512,-6.1902,-4.389,-3.2664,-2.8742,-2.8551,-3.3347,-3.9755,-4.8834,-5.576,-5.132,-3.9138,-1.8436,0.22687,1.684,3.4044,4.8778,5.847,6.9454,7.8144,8.5262,8.9445,9.302,9.5128,9.5489,9.4345,9.1668,8.7343,8.3087,7.6746,7.0027,6.5421,6.0932,5.8912,5.9016,6.0633,6.293,6.4879,6.5632,6.5911,6.5126,6.4139,6.2424,6.0659,5.9474,5.8308,5.7533,5.7229,5.7825,5.8473,5.9567,6.0537,6.1355,6.1515,6.0751,5.8963,5.4967,4.9054,4.313,3.3915,2.6093,1.8129,1.4354,1.4634,1.7277,2.12,2.5167,2.8594,3.1492,3.6449,4.4218,5.2032,6.3726,7.5228,8.4937,9.0411,9.5002,9.61,9.4501,8.9057,7.9553,6.6044,5.3127,3.2252,0.77763,-1.1418,-3.2494,-3.9808,-3.5667,-2.4018,-1.0853,0.16727,1.0222,2.0164,2.8057,3.271,3.6377,3.7325,3.6887,3.2126,2.3795,1.3155,0.1599,-1.8032,-4.2418,-6.5586,-10.163,-13.499,-14.825,-14.834,-14.896,-14.91,-13.819,-10.696,-7.2967,-5.1474,-2.928,-1.3218,-0.2608,0.18237,0.42135,0.17592,-0.28896,-1.3652,-2.96,-4.5481,-7.0857,-9.4629,-9.8523,-8.6556,-6.6983,-5.0312,-4.1193,-3.2706,-2.7535,-2.6042,-2.671,-3.0042,-3.6451,-4.3114,-5.5128,-7.0874,-8.5238,-10.807,-13.377,-15.318,-15.439,-14.043,-12.364,-11.102,-9.9657,-9.0329,-8.433,-7.7615,-6.9692,-6.2099,-5.804,-5.4112,-5.4215,-5.7833,-6.8704,-8.9235,-12.837
-2.702,-1.8709,-0.73954,0.23313,0.8125,1.3914,1.7349,1.8669,1.8651,1.7399,1.4623,1.1867,0.7436,0.1216,-0.43244,-1.3958,-2.6723,-3.8871,-5.8196,-7.7154,-8.123,-6.8706,-4.4642,-2.2636,-0.94202,0.4453,1.3834,1.9103,2.3162,2.454,2.3501,2.1093,1.6575,1.0521,0.58501,0.02858,-0.2535,-0.28098,-0.14756,0.074695,0.23083,0.22511,0.075935,-0.20754,-0.50205,-0.83732,-0.94846,-0.78972,-0.44474,0.31005,1.2778,2.0543,3.1553,4.1679,4.8473,5.646,6.2804,6.7346,7.0033,7.1932,7.2156,7.1141,6.8342,6.3161,5.5291,4.7457,3.3581,1.5377,0.064781,-1.5188,-1.502,-0.43928,1.1921,2.5817,3.5617,3.9748,4.3106,4.4513,4.4534,4.5321,4.7063,4.8811,5.2628,5.6838,6.0958,6.3602,6.67,6.8698,6.9431,6.9229,6.7307,6.3281,5.8716,4.9817,3.7118,2.4028,0.073873,-3.3365,-6.4268,-9.6828,-6.3411,-2.624,-0.57577,1.4741,3.0704,4.067,5.2121,6.274,7.0193,7.8893,8.65,9.2233,9.48,9.5949,9.3962,8.9949,8.1248,6.8282,4.9878,3.1954,0.14481,-4.0412,-8.4937,-18.108,-18.414,-13.181,-9.4379,-6.5992,-4.1906,-2.5853,-0.66538,0.80736,1.6429,2.4582,2.8362,2.9354,2.684,2.2853,1.5343,0.68352,-0.52843,-1.9867,-3.2724,-4.996,-6.7752,-8.6957,-10.345,-13.117,-16.576,-16.375,-11.667,-7.4484,-5.0886,-2.8159,-1.2589,-0.2637,0.14008,0.23259,-0.16002,-0.79295,-2.1248,-4.1421,-6.1949,-9.9918,-14.762,-15.466,-12.62,-9.5212,-7.46,-6.3942,-5.437,-4.8247,-4.5502,-4.537,-4.8454,-5.5077,-6.2517,-7.636,-9.4744,-11.265,-14.452,-18.938,-24.716,-24.074,-19.226,-16.416,-15.058,-14.193,-14.296,-14.506,-14.4,-13.04,-10.849,-9.251,-7.6122,-6.5962,-6.2461,-6.3446,-6.9858,-7.9224
-8.8583,-5.9512,-2.9664,-0.83898,0.28924,1.3398,1.9314,2.1271,2.1485,1.9015,1.5094,1.1373,0.5856,-0.016272,-0.55941,-1.451,-2.751,-4.1756,-6.9377,-11.021,-12.702,-9.3272,-5.0369,-2.1456,-0.59067,0.9016,1.9276,2.4478,2.9369,3.2666,3.4794,3.5999,3.6953,3.7537,3.765,3.7904,3.7584,3.7135,3.626,3.4579,3.14,2.811,2.2144,1.4418,0.79849,-0.15682,-0.96705,-1.4364,-1.5243,-1.1284,-0.30287,0.41465,1.3776,2.2632,2.8034,3.388,3.8303,4.06,4.1172,4.1562,4.039,3.9009,3.6295,3.184,2.4808,1.726,0.14202,-2.3582,-5.2814,-11.288,-10.128,-5.605,-1.8281,0.28777,1.346,1.6769,1.4982,0.8524,0.25728,-0.27644,0.061587,0.9081,2.3075,3.6758,4.8075,5.4479,6.1153,6.5425,6.7129,6.7779,6.633,6.2402,5.7811,4.918,3.6669,2.4339,0.47754,-2.0528,-4.3129,-5.6075,-4.3494,-2.1841,-0.67431,1.2239,2.8216,3.9135,5.2796,6.5069,7.3285,8.2915,9.0445,9.5723,9.8081,9.8576,9.5912,9.1772,8.2986,7.0219,5.3242,3.7705,1.258,-1.6955,-4.1083,-7.4843,-10.996,-14.101,-18.75,-14.455,-8.4994,-5.445,-2.4715,-0.37107,0.70976,1.7307,2.3258,2.4052,2.4158,2.1378,1.5383,1.049,0.35122,-0.46604,-1.0831,-1.869,-2.6595,-3.4165,-3.9041,-4.4273,-4.5024,-4.2296,-3.4026,-2.2654,-1.373,-0.29124,0.54076,1.0739,1.2817,1.2216,0.83419,0.29432,-0.69599,-2.0116,-3.1701,-4.7827,-6.2492,-7.3129,-7.7765,-8.068,-8.0861,-7.8866,-7.405,-6.8882,-6.3805,-6.2059,-6.283,-6.7382,-7.4084,-8.5729,-10.173,-11.443,-13.265,-14.75,-15.576,-15.673,-15.251,-14.602,-14.448,-14.777,-16.318,-18.948,-25.386,-19.733,-13.057,-10.003,-7.1475,-5.2886,-4.3707,-3.5931,-3.2105,-3.0623
-7.5757,-5.0967,-2.3798,-0.41998,0.61058,1.4673,1.8199,1.7684,1.3263,0.4891,-0.58152,-1.406,-2.2394,-2.4288,-2.256,-1.8851,-1.6362,-1.6036,-1.6944,-1.7098,-1.4586,-1.0093,-0.17968,0.644,1.1624,1.6153,1.8383,1.8571,1.8675,1.9598,2.2712,2.6649,3.2901,3.953,4.3973,4.8727,5.1726,5.2942,5.2467,4.979,4.4593,3.8888,2.8352,1.3863,-0.0046284,-2.3673,-5.6003,-9.3891,-10.625,-8.3041,-5.3534,-3.6528,-2.1218,-1.1096,-0.62314,-0.29615,-0.23471,-0.33607,-0.58709,-1.0057,-1.3655,-1.515,-1.5194,-1.1871,-0.77279,-0.55608,-0.47193,-0.58421,-0.74219,-0.81885,-0.47087,0.060571,0.83552,1.336,1.3694,1.0047,-0.25848,-2.7863,-6.0421,-16.586,-12.987,-6.0066,-1.5053,1.1055,2.7434,3.6034,4.3576,4.8466,5.085,5.2543,5.2843,5.1682,4.9519,4.473,3.7807,3.1829,2.0774,1.0162,0.34864,-0.54755,-1.0755,-1.204,-0.98005,-0.40098,0.67742,1.7656,3.3524,4.9072,6.009,7.2821,8.2727,8.9836,9.3339,9.5182,9.3833,9.0819,8.3969,7.3785,6.0499,4.8888,3.0841,1.033,-0.6002,-2.9185,-5.3461,-7.0939,-8.3453,-7.4553,-5.2595,-3.6214,-1.6526,-0.17536,0.62011,1.2644,1.5508,1.5217,1.2219,0.50948,-0.25544,-0.69972,-1.3229,-1.6456,-1.6573,-1.5954,-1.4545,-1.2536,-1.1125,-0.89911,-0.6161,-0.34873,0.10133,0.57755,0.9293,1.3788,1.7344,1.9337,1.9594,1.8445,1.4983,1.0983,0.34082,-0.63462,-1.5292,-2.9051,-4.5137,-6.4149,-8.1362,-10.843,-13.703,-14.679,-13.028,-10.583,-8.8272,-8.0293,-7.555,-7.7599,-8.3,-9.6138,-11.518,-13.41,-16.178,-18.301,-17.831,-16.458,-14.41,-12.765,-11.896,-11.089,-10.514,-10.188,-9.5216,-8.2799,-6.6499,-5.3156,-3.7082,-2.4034,-1.6341,-0.89603,-0.46436,-0.32699
-1.2481,-0.46355,0.55223,1.3883,1.8424,2.1146,1.9713,1.551,0.44549,-1.4017,-4.4569,-8.1181,-16.223,-11.667,-6.9144,-3.2883,-1.1066,0.0034177,1.0102,1.6645,2.1152,2.3386,2.4777,2.3961,2.138,1.4668,0.31782,-0.85493,-2.8215,-4.4517,-3.9477,-2.3234,0.085935,2.0477,3.1942,4.2948,5.0281,5.3919,5.465,5.2735,4.7838,4.1906,3.0941,1.5956,0.14449,-2.3423,-5.4223,-8.7603,-10.037,-8.8206,-6.8515,-5.7613,-4.9035,-4.6446,-4.6841,-5.0306,-5.6624,-6.4379,-7.1063,-8.7189,-10.972,-12.85,-12.614,-8.9303,-5.5385,-3.5872,-1.5936,-0.18825,0.62787,1.5045,2.1819,2.5635,2.9264,3.0628,2.9014,2.4961,1.6802,0.55068,-0.38818,-1.3517,-1.4407,-0.90116,0.014536,0.8031,1.2928,1.4424,1.4569,1.4139,1.4653,1.689,2.0687,2.4837,2.7169,2.8287,2.7089,2.4362,1.8221,0.8769,0.18255,-1.1803,-2.9781,-5.2196,-7.2082,-9.2978,-7.2915,-4.4873,-1.0014,1.7778,3.4251,5.217,6.5989,7.5833,8.0738,8.4477,8.4941,8.3083,7.7959,7.0076,5.9573,5.0007,3.6015,2.125,1.0219,-0.35694,-1.4477,-1.969,-2.2889,-2.1206,-1.5476,-0.95621,-0.23189,0.35302,0.67308,0.7735,0.44328,0.034271,-1.1271,-2.8291,-4.9253,-6.7325,-8.459,-7.7362,-6.3451,-4.494,-3.0238,-1.9603,-1.3716,-0.75061,-0.32141,-0.048359,0.24783,0.51411,0.69451,0.89942,1.0663,1.1735,1.182,1.1148,0.89703,0.63431,0.10637,-0.62254,-1.3005,-2.4516,-3.9444,-5.8626,-7.6699,-10.823,-14.569,-16.021,-13.686,-10.751,-8.8202,-7.9053,-7.3681,-7.4936,-7.9589,-9.2079,-11.152,-13.26,-17.112,-21.102,-19.028,-15.9,-12.743,-10.37,-9.0236,-7.5426,-6.3476,-5.5123,-4.4507,-3.4392,-2.4064,-1.6337,-0.73188,0.027922,0.49082,0.91421,1.1234,1.1108
-0.059954,0.39288,0.90452,1.2981,1.4861,1.5281,1.2874,0.91253,0.089031,-1.1214,-2.7009,-3.926,-4.9918,-4.5173,-3.383,-1.6646,-0.17179,0.72179,1.6271,2.2102,2.5452,2.6213,2.4809,2.0528,1.4909,0.38453,-1.3352,-3.1366,-6.5666,-10.954,-9.9731,-6.4535,-2.8186,-0.35038,0.98763,2.2561,3.0923,3.5374,3.6693,3.5843,3.2259,2.7779,1.9592,0.90643,-0.027295,-1.4177,-2.8324,-4.1108,-4.9113,-5.7737,-6.4996,-7.0967,-8.1112,-9.5969,-11,-12.961,-14.476,-15.012,-14.695,-14.837,-15.842,-16.673,-15.712,-11.852,-8.1706,-5.8189,-3.4016,-1.5535,-0.43825,0.76151,1.6543,2.1368,2.5935,2.8421,2.8718,2.7299,2.4175,2.0028,1.6547,1.1694,0.71983,0.42834,-0.084073,-0.79802,-1.838,-2.9556,-4.9669,-7.3808,-8.5231,-7.5793,-5.1761,-3.1071,-1.9754,-1.019,-0.55431,-0.54835,-0.82504,-1.5756,-2.3517,-3.6911,-5.5589,-8.0282,-10.144,-12.32,-10.642,-7.9186,-4.4751,-1.6824,-0.017434,1.8762,3.3779,4.4764,5.0501,5.544,5.6999,5.584,5.1443,4.3919,3.3454,2.3411,0.80197,-0.89407,-2.1584,-3.68,-4.6007,-4.7331,-4.432,-3.7477,-2.9311,-2.3004,-1.6807,-1.2624,-1.1034,-1.1884,-1.7375,-2.3137,-3.7445,-5.8836,-8.9322,-12.066,-16.518,-13.808,-10.714,-7.7514,-5.8865,-4.7201,-4.1597,-3.6932,-3.4818,-3.4307,-3.4649,-3.5029,-3.489,-3.4306,-3.2677,-3.0487,-2.8869,-2.7162,-2.6447,-2.6664,-2.8165,-3.1347,-3.4683,-4.0635,-4.8143,-5.6821,-6.3597,-7.2433,-7.9133,-8.1654,-8.0917,-7.7599,-7.368,-7.1384,-7.0775,-7.2906,-7.6426,-8.3361,-9.2792,-10.027,-10.889,-11.375,-11.214,-10.767,-9.8361,-8.6205,-7.7204,-6.576,-5.4904,-4.6977,-3.6699,-2.7762,-1.9453,-1.3837,-0.76994,-0.28519,-0.030486,0.15842,0.17118,0.0042277
-1.3983,-1.0226,-0.59012,-0.24574,-0.067908,0.082564,0.094463,0.01106,-0.19425,-0.48022,-0.76564,-0.91895,-0.95499,-0.75096,-0.43947,0.089641,0.66917,1.065,1.5084,1.8031,1.9228,1.8901,1.6759,1.2588,0.81408,0.05221,-0.86435,-1.6021,-2.4951,-3.0418,-3.0209,-2.6506,-1.849,-0.95841,-0.3435,0.34458,0.81503,1.0904,1.1463,1.0532,0.74959,0.39807,-0.21279,-0.98176,-1.6276,-2.5488,-3.5801,-4.6473,-5.444,-6.5819,-7.8752,-9.0048,-10.889,-13.4,-16.045,-21.527,-31.295,-23.8,-19.513,-16.178,-14.084,-12.884,-11.182,-9.3584,-7.4472,-6.093,-4.3987,-2.8891,-1.9087,-0.81267,0.067156,0.58804,1.1036,1.4261,1.5554,1.554,1.4078,1.1318,0.85399,0.39286,-0.17899,-0.70398,-1.5632,-2.6887,-4.2063,-5.7666,-8.4982,-12.254,-14.666,-12.86,-9.1897,-6.5857,-5.2376,-4.1031,-3.5749,-3.5168,-3.726,-4.2208,-5.033,-6.119,-7.2386,-8.2674,-8.9325,-9.2111,-8.6715,-7.7941,-6.238,-4.48,-3.1348,-1.4886,-0.087076,1.0358,1.6679,2.2323,2.4552,2.4005,2.0061,1.2313,0.057216,-1.1231,-3.1855,-5.9669,-8.7443,-13.918,-18.771,-15.737,-11.139,-8.2205,-6.2992,-5.2696,-4.2868,-3.6695,-3.439,-3.3602,-3.548,-3.9904,-4.7804,-5.6854,-6.6984,-7.4525,-8.1571,-8.3259,-8.1321,-7.7728,-7.4569,-7.334,-7.3946,-7.7256,-8.2846,-8.8556,-9.7288,-10.609,-11.079,-11.227,-10.795,-9.9948,-9.3071,-8.532,-7.9159,-7.6184,-7.338,-7.2293,-7.2345,-7.3036,-7.396,-7.5004,-7.5667,-7.6013,-7.5815,-7.5249,-7.436,-7.3236,-7.2464,-7.257,-7.3955,-7.6884,-8.0288,-8.5574,-9.1755,-9.642,-10.203,-10.606,-10.753,-10.653,-10.221,-9.5646,-8.8599,-7.8911,-6.8459,-6.0787,-5.1113,-4.2329,-3.4901,-3.0404,-2.5313,-2.1827,-2.0476,-1.9951,-2.1255,-2.4243
-3.152,-2.7768,-2.2871,-1.8498,-1.5593,-1.2227,-0.93822,-0.77059,-0.58463,-0.42388,-0.2566,-0.12181,0.10257,0.36564,0.59201,0.91648,1.2309,1.4445,1.6574,1.7841,1.7811,1.6955,1.467,1.103,0.75915,0.20953,-0.3625,-0.78195,-1.2833,-1.6298,-1.7883,-1.7877,-1.6404,-1.3961,-1.1913,-0.93707,-0.76992,-0.70401,-0.74792,-0.93588,-1.2651,-1.5978,-2.1454,-2.7919,-3.3405,-4.1285,-4.9438,-5.8265,-6.522,-7.4905,-8.5403,-9.381,-10.662,-12.054,-13.068,-14.292,-14.918,-14.762,-14.193,-13.01,-11.726,-10.739,-9.4436,-8.1315,-6.8226,-5.8716,-4.6023,-3.4224,-2.6263,-1.6819,-0.87651,-0.37198,0.12889,0.44196,0.58971,0.60954,0.48994,0.22095,-0.065054,-0.51595,-1.0573,-1.5358,-2.2228,-2.9891,-3.8523,-4.5164,-5.396,-6.0735,-6.3139,-6.2069,-5.7188,-5.1007,-4.7039,-4.3532,-4.3144,-4.4469,-5.0029,-5.8669,-6.6191,-8.0366,-9.7125,-11.491,-12.785,-13.739,-13.227,-12.001,-9.78,-7.4376,-5.8049,-3.92,-2.3257,-1.0318,-0.27008,0.41665,0.76504,0.80838,0.55985,-0.047689,-1.0554,-2.0664,-3.7856,-5.9475,-7.8823,-10.481,-11.959,-11.592,-10.047,-8.404,-7.0579,-6.2657,-5.4119,-4.8175,-4.5275,-4.3178,-4.2498,-4.3862,-4.6214,-4.9894,-5.4846,-5.9229,-6.3979,-6.8562,-7.1953,-7.684,-8.2378,-8.9274,-9.5797,-10.704,-12.218,-13.676,-16.275,-20.058,-24.06,-25.949,-21.042,-17.26,-15.383,-13.626,-12.494,-11.949,-11.548,-11.345,-11.262,-11.104,-10.8,-10.312,-9.8636,-9.1997,-8.5487,-8.1107,-7.6433,-7.3157,-7.1648,-7.181,-7.3489,-7.7181,-8.1158,-8.8353,-9.6942,-10.441,-11.518,-12.553,-13.391,-13.666,-13.437,-12.59,-11.655,-10.209,-8.7853,-7.8078,-6.661,-5.6622,-4.8714,-4.4098,-3.9672,-3.7345,-3.6779,-3.7713,-4.0373,-4.4685
-5.0963,-4.6469,-4.0372,-3.4337,-2.9861,-2.4425,-1.9358,-1.5725,-1.1267,-0.70468,-0.30486,-0.0069908,0.38492,0.77928,1.0618,1.4281,1.7471,1.9489,2.1423,2.2311,2.204,2.0945,1.8222,1.4123,1.0149,0.39641,-0.30182,-0.83671,-1.5016,-2.0444,-2.3928,-2.499,-2.4818,-2.3254,-2.1693,-1.9893,-1.8701,-1.8989,-2.0028,-2.2881,-2.7066,-3.102,-3.7273,-4.4208,-4.9713,-5.736,-6.4544,-7.1142,-7.6066,-8.2259,-8.7969,-9.2088,-9.7002,-10.167,-10.49,-10.75,-10.792,-10.664,-10.511,-10.079,-9.4967,-8.9697,-8.219,-7.388,-6.4521,-5.6678,-4.6175,-3.5647,-2.7933,-1.8356,-1.022,-0.52305,-0.015594,0.29312,0.40346,0.33931,0.10817,-0.2784,-0.64784,-1.2148,-1.7992,-2.1957,-2.6598,-3.0223,-3.2808,-3.37,-3.4503,-3.4323,-3.3655,-3.1969,-3.0005,-2.8384,-2.7976,-2.8773,-3.157,-3.535,-4.315,-5.5253,-6.6141,-8.4216,-10.884,-14.377,-18.299,-28.594,-24.271,-17.556,-12.532,-9.0362,-6.932,-4.5918,-2.71,-1.2221,-0.34755,0.50844,1.0232,1.1834,1.1226,0.75711,0.10532,-0.54948,-1.6111,-2.8141,-3.729,-4.8371,-5.6864,-6.0948,-6.3324,-6.2833,-6.0402,-5.7771,-5.3767,-4.9481,-4.627,-4.2953,-4.1203,-3.9725,-3.9625,-4.18,-4.5333,-4.8478,-5.3731,-6.02,-6.6042,-7.4433,-8.4025,-9.4939,-10.409,-11.763,-13.363,-14.762,-16.924,-19.328,-20.93,-21.52,-19.981,-17.943,-16.61,-15.317,-14.582,-14.322,-14.511,-15.18,-15.879,-16.65,-16.306,-14.564,-12.91,-10.869,-9.1925,-8.2047,-7.1888,-6.5362,-6.2036,-6.1435,-6.3153,-6.7696,-7.2857,-8.2515,-9.5684,-10.788,-12.866,-15.67,-19.571,-23.264,-23.354,-18.259,-15.366,-12.358,-10.1,-8.7304,-7.2458,-6.0987,-5.238,-4.7679,-4.4154,-4.33,-4.4248,-4.7836,-5.3378,-6.0188
-7.7595,-7.0701,-6.1675,-5.2781,-4.648,-3.8499,-3.1228,-2.6111,-1.9733,-1.3782,-0.81328,-0.38789,0.17207,0.74337,1.1661,1.7009,2.192,2.5029,2.8358,3.0251,3.063,2.9695,2.6639,2.1397,1.5898,0.65213,-0.54642,-1.5922,-3.0656,-4.423,-5.2374,-5.2991,-4.7899,-3.9972,-3.4328,-2.8613,-2.5442,-2.5127,-2.6666,-3.0854,-3.7431,-4.3631,-5.314,-6.3337,-7.0523,-7.9036,-8.6678,-9.2193,-9.4874,-9.6808,-9.7122,-9.6714,-9.4831,-9.2431,-9.0876,-8.8959,-8.7558,-8.5811,-8.4434,-8.378,-8.315,-8.2806,-8.1173,-7.7807,-7.1285,-6.4281,-5.2385,-3.8762,-2.8342,-1.5588,-0.49492,0.1337,0.74813,1.0765,1.0883,0.8851,0.35744,-0.43499,-1.1685,-2.2944,-3.3883,-4.0225,-4.4452,-4.3349,-3.8168,-3.3413,-2.6242,-1.9502,-1.4986,-0.98472,-0.59025,-0.34632,-0.27103,-0.36798,-0.69628,-1.1534,-1.9688,-3.064,-4.2023,-5.9927,-8.0732,-10.313,-11.808,-13.182,-13.123,-12.093,-9.8414,-7.2429,-5.3003,-2.9998,-1.0604,0.49958,1.4276,2.375,2.9776,3.2123,3.2581,3.0156,2.5358,2.0289,1.1772,0.16852,-0.65367,-1.7996,-2.9635,-3.8362,-4.8993,-5.7574,-6.2567,-6.3177,-6.0033,-5.3349,-4.7355,-3.9708,-3.3814,-3.0547,-2.8754,-2.9061,-3.1434,-3.4403,-4.1213,-5.0031,-5.7851,-6.9467,-8.231,-9.5876,-10.611,-11.957,-13.17,-14.044,-14.999,-15.723,-16.056,-16.057,-15.669,-15.082,-14.551,-13.934,-13.628,-13.721,-14.338,-15.936,-18.178,-24.012,-26.307,-17.41,-13.474,-9.9707,-7.5751,-6.261,-4.9976,-4.1984,-3.7941,-3.7225,-3.9387,-4.4736,-5.0916,-6.1571,-7.5434,-8.8092,-10.792,-13.154,-15.74,-17.232,-17.272,-15.237,-13.362,-11.004,-8.9994,-7.7053,-6.2492,-5.1057,-4.2596,-3.8339,-3.5517,-3.6219,-3.9502,-4.7498,-6.0176,-7.742
-11.772,-10.447,-9.0223,-7.8167,-6.9852,-5.9007,-4.9265,-4.3081,-3.5864,-2.9725,-2.3634,-1.8889,-1.1636,-0.34434,0.33165,1.2296,2.0956,2.6843,3.3418,3.8249,4.0809,4.1125,3.9153,3.3966,2.7749,1.5565,-0.18934,-1.9628,-5.3273,-10.821,-20.31,-15.005,-8.6646,-5.4994,-4.0616,-2.8954,-2.3922,-2.3503,-2.637,-3.3762,-4.5397,-5.6889,-7.504,-9.5006,-10.985,-12.486,-13.258,-13.678,-13.715,-13.428,-12.674,-11.802,-10.584,-9.3899,-8.5944,-7.8569,-7.4406,-7.2894,-7.2858,-7.583,-8.2088,-8.9256,-10.168,-11.505,-11.969,-10.831,-7.9133,-4.9428,-3.0246,-0.9135,0.71551,1.6296,2.4418,2.8123,2.7399,2.4105,1.525,0.090236,-1.4248,-4.1107,-7.7985,-11.062,-12.444,-9.1218,-6.0669,-4.3458,-2.4822,-0.99722,-0.067194,0.95251,1.7432,2.2971,2.5586,2.6749,2.5026,2.1795,1.4655,0.46681,-0.42178,-2.0736,-4.1522,-6.7694,-9.0844,-13.07,-16.056,-13.586,-8.7024,-4.8179,-2.5323,0.015944,2.0553,3.6291,4.5438,5.44,5.993,6.2042,6.2156,5.9476,5.4143,4.8499,3.9166,2.7798,1.7967,0.27972,-1.492,-3.0338,-5.4638,-8.4697,-11.633,-12.427,-10.079,-7.1321,-5.3555,-3.5245,-2.1779,-1.6356,-1.1487,-0.98465,-1.2047,-1.6435,-2.5246,-3.7588,-4.8717,-6.6701,-8.7128,-10.788,-12.239,-13.752,-14.763,-15.208,-15.667,-15.847,-15.751,-15.304,-14.452,-13.351,-12.571,-11.576,-10.778,-10.403,-10.096,-10.036,-10.043,-9.8402,-9.0423,-7.5552,-6.1975,-4.4106,-2.8568,-1.8984,-0.95636,-0.36136,-0.12035,-0.17233,-0.52914,-1.2055,-1.9136,-3.0965,-4.4733,-5.6371,-7.1963,-8.6413,-9.7855,-10.343,-10.566,-10.075,-9.4385,-8.2656,-6.9087,-5.8443,-4.4616,-3.2532,-2.2881,-1.7704,-1.3688,-1.38,-1.7015,-2.605,-4.215,-6.8743
-13.927,-13.61,-13.506,-12.764,-11.48,-9.5449,-7.9918,-7.2133,-6.7192,-6.6629,-6.728,-6.5809,-5.7584,-4.3259,-3.0339,-1.2657,0.35548,1.4549,2.7012,3.6997,4.3963,4.7167,4.8551,4.6441,4.2388,3.3519,2.0495,0.79029,-1.2287,-3.3513,-4.7472,-4.8016,-3.91,-2.8208,-2.1687,-1.6267,-1.4944,-1.7655,-2.2439,-3.3184,-4.9534,-6.6703,-9.8107,-14.612,-20.32,-29.969,-22.502,-20.497,-21.464,-25.031,-21.78,-17.094,-12.755,-9.9877,-8.5342,-7.289,-6.5953,-6.4828,-6.7497,-7.2992,-8.255,-9.2192,-11.224,-14.461,-17.942,-15.006,-8.9184,-4.4536,-1.9299,0.66723,2.5846,3.6433,4.584,5.0228,4.9896,4.6402,3.7245,2.2239,0.6685,-2.0095,-5.3802,-7.8906,-9.3527,-7.9585,-5.9437,-4.4976,-2.6713,-0.85438,0.45003,2.0019,3.2721,4.2303,4.7307,5.1399,5.2396,5.1451,4.7391,3.9942,3.2078,1.9879,0.42064,-1.538,-3.2289,-5.6506,-6.812,-5.7433,-2.85,0.0050566,1.8736,3.9755,5.6554,6.9613,7.7054,8.3962,8.7614,8.8309,8.6604,8.2096,7.4772,6.7641,5.6239,4.2873,3.1749,1.5132,-0.37556,-1.9899,-4.5048,-7.6209,-10.952,-11.752,-9.1247,-5.8818,-3.9724,-1.9858,-0.63005,0.17179,0.79806,0.93797,0.63736,0.088877,-0.95293,-2.5121,-4.0554,-6.7907,-10.483,-15.622,-20.531,-23.076,-20.418,-19.292,-19.419,-20.65,-21.374,-20.264,-17.097,-14.014,-12.061,-10.047,-8.4154,-7.3569,-6.2,-5.1407,-4.3714,-3.3495,-2.242,-1.0822,-0.20165,0.92579,1.9219,2.5366,3.1426,3.4597,3.4629,3.2441,2.6635,1.725,0.7956,-0.77101,-2.6833,-4.2492,-6.4375,-8.4408,-9.8638,-10.503,-10.817,-10.704,-10.222,-9.157,-7.4218,-5.9027,-3.8657,-2.0533,-0.57458,0.28798,1.0884,1.4894,1.5537,1.2919,0.68376,-0.14285
-11.329,-13.785,-20.163,-23.172,-16.491,-11.799,-9.6403,-9.0961,-9.6055,-11.648,-16.226,-22.47,-19.003,-12.361,-9.277,-6.0331,-3.3324,-1.5664,0.50609,2.1823,3.465,4.1599,4.7455,4.9753,4.9209,4.585,3.9753,3.3676,2.4556,1.5353,0.71949,0.21662,-0.2896,-0.63376,-0.85374,-1.1348,-1.4011,-1.8221,-2.228,-3.0263,-4.2296,-5.42,-7.5082,-10.048,-12.039,-14.086,-14.754,-15.046,-15.545,-15.891,-14.612,-12.616,-10.096,-8.1817,-7.2245,-6.411,-6.156,-6.4193,-6.9559,-7.9664,-9.0209,-9.5186,-9.6154,-8.8418,-7.397,-5.7983,-3.3317,-0.77854,0.98982,3.043,4.6943,5.6552,6.5663,7.0535,7.1153,6.8666,6.1864,5.1024,4.0545,2.3567,0.42725,-1.1326,-3.3036,-5.6552,-8.0479,-8.8637,-6.6765,-3.1202,-0.7609,1.716,3.5707,4.919,5.641,6.28,6.604,6.649,6.4983,6.1105,5.6126,4.8861,4.08,3.2983,2.782,2.3573,2.4056,2.8018,3.7395,4.9737,5.9572,7.22,8.3298,9.2299,9.736,10.151,10.26,10.125,9.6688,8.8835,7.8001,6.8189,5.283,3.5947,2.2693,0.6065,-0.87718,-1.8275,-2.9652,-3.8211,-4.2439,-4.1687,-3.5034,-2.4172,-1.4877,-0.26196,0.77109,1.4654,1.9851,2.1319,1.909,1.5035,0.55312,-0.87492,-2.3228,-4.7734,-7.868,-11.521,-14.255,-16.312,-16.597,-16.941,-18.062,-20.686,-23.146,-21.744,-17.216,-13.527,-11.464,-9.2654,-7.4663,-6.2463,-4.7686,-3.3405,-2.2702,-0.85214,0.53327,1.8606,2.7769,3.8797,4.7924,5.3243,5.8172,6.017,5.9008,5.5949,4.8558,3.7042,2.5325,0.5021,-2.205,-4.8301,-9.5535,-16.395,-20.382,-17.348,-15.426,-16.59,-19.362,-20.259,-12.7,-8.555,-4.64,-1.7544,0.34935,1.5541,2.7625,3.5919,3.999,4.3031,4.3926,4.3349
-3.9984,-4.811,-5.7487,-6.1561,-6.0314,-5.7445,-5.6642,-5.994,-7.0164,-8.7758,-11.075,-12.685,-13.923,-14.386,-14.377,-12.186,-8.1205,-5.1546,-1.9711,0.42256,2.1908,3.1565,4.0561,4.5736,4.751,4.7269,4.4446,4.0874,3.4263,2.5843,1.5814,0.72752,-0.51223,-1.802,-2.6875,-3.5247,-3.8035,-3.5911,-3.3532,-3.1352,-3.1693,-3.3729,-3.8801,-4.527,-5.0767,-5.6808,-6.1652,-6.4605,-6.5657,-6.4721,-6.1193,-5.7229,-5.1758,-4.7411,-4.598,-4.6675,-5.234,-6.2735,-7.4449,-10.038,-14.573,-20.5,-16.987,-10.091,-5.7145,-3.1928,-0.38685,1.9904,3.5303,5.2993,6.7275,7.5733,8.3991,8.8813,9.007,8.8851,8.4227,7.6529,6.8681,5.5546,3.9314,2.5113,0.22267,-2.6858,-6.1097,-7.8111,-5.7087,-2.1133,0.10129,2.4082,4.1033,5.3345,6.0125,6.613,6.9235,6.9602,6.8154,6.5016,6.2438,5.6506,5.0009,4.4024,4.0428,3.9048,4.1721,4.6506,5.5647,6.6796,7.5517,8.6668,9.6343,10.377,10.759,11.002,10.914,10.615,9.8791,8.7269,7.1359,5.626,3.1761,0.25694,-2.0947,-4.7153,-5.8599,-5.8859,-5.6645,-5.4657,-5.2222,-4.8443,-3.945,-2.6608,-1.5291,-0.1065,1.2217,1.8601,2.5676,2.9755,3.0168,2.8367,2.2044,1.2274,0.2634,-1.2327,-2.9451,-4.7481,-6.0313,-7.6122,-8.9371,-9.839,-10.92,-11.722,-12.058,-12.066,-11.505,-10.614,-9.9888,-9.0839,-8.1897,-7.454,-6.1934,-4.5877,-3.1907,-1.1907,0.77333,2.5752,3.7759,5.1458,6.2352,6.8611,7.427,7.6877,7.6305,7.3732,6.7154,5.6921,4.6619,2.8915,0.6171,-1.4397,-4.6351,-7.8621,-9.7927,-10.043,-10.001,-10.289,-10.504,-9.7482,-7.2413,-5.0262,-2.3265,-0.091491,1.6929,2.7884,3.9457,4.8375,5.337,5.8426,6.1719,6.3338
1.3188,1.0493,0.70504,0.37003,0.11958,-0.27881,-0.82657,-1.3639,-2.3177,-3.5403,-5.0556,-6.3927,-8.6681,-11.709,-14.185,-13.324,-8.5586,-5.6063,-2.6289,-0.54587,0.94563,1.764,2.531,2.9958,3.1917,3.2599,3.1205,2.8744,2.3229,1.4613,0.22685,-1.013,-3.2233,-6.4437,-9.8916,-15.585,-13.338,-8.627,-6.3899,-4.4453,-3.2372,-2.6946,-2.2658,-2.1116,-2.0573,-2.0699,-2.1595,-2.2676,-2.3129,-2.3734,-2.4167,-2.4893,-2.588,-2.7765,-2.9807,-3.4582,-4.115,-5.0219,-5.9193,-7.2132,-8.4336,-8.8515,-7.8408,-5.3808,-2.6371,-0.72098,1.627,3.6571,4.9951,6.5228,7.7573,8.4931,9.2297,9.6771,9.8466,9.8002,9.4923,8.9222,8.3363,7.3611,6.2026,5.2274,3.9249,2.7085,1.784,1.4255,1.4858,2.0361,2.618,3.4676,4.2451,4.8665,5.2196,5.5217,5.6129,5.5746,5.3283,4.8632,4.4053,3.5743,2.4605,1.0844,0.035195,-0.93859,-0.56971,0.64273,2.8186,4.9597,6.4013,7.9921,9.2243,10.097,10.514,10.766,10.644,10.299,9.4727,8.1966,6.3813,4.5849,1.4811,-2.8651,-7.5615,-17.518,-14.696,-11.233,-9.5889,-10.009,-11.841,-13.141,-11.224,-7.0696,-4.3967,-1.6771,0.23545,1.3508,2.4286,3.0481,3.28,3.2041,2.8643,2.2481,1.6328,0.64175,-0.50905,-1.7711,-2.7413,-4.0698,-5.4047,-6.3311,-7.5696,-8.6571,-9.3479,-10.066,-10.562,-10.982,-11.178,-11.671,-12.654,-13.785,-14.526,-11.647,-8.3068,-4.2278,-0.93197,1.6869,3.3003,5.028,6.3444,7.0916,7.7882,8.1688,8.2486,8.1143,7.6989,7.0171,6.3407,5.2401,3.9385,2.8896,1.4657,0.16538,-0.88957,-1.4807,-2.0084,-2.2027,-2.167,-1.8415,-1.2015,-0.57727,0.35342,1.2912,2.2003,2.8416,3.615,4.2954,4.7442,5.2411,5.6151,5.8721
