0.98467,1.0381,1.0868,1.1145,1.1236,1.1179,1.0988,1.0729,1.0155,0.94554,0.87279,0.81531,0.71475,0.60623,0.52217,0.39535,0.25204,0.13609,-0.021996,-0.19468,-0.40306,-0.58221,-0.85225,-1.1579,-1.4101,-1.7747,-2.1937,-2.5468,-3.0793,-3.6781,-4.3203,-4.836,-5.5738,-6.3685,-6.9987,-7.8674,-8.7384,-9.6033,-10.241,-11.084,-11.976,-12.613,-13.417,-14.07,-14.489,-14.981,-15.426,-15.853,-16.133,-16.453,-16.697,-16.756,-16.549,-15.843,-15.018,-13.548,-11.724,-9.7075,-8.1863,-6.2049,-4.3444,-2.9981,-1.3062,0.25072,1.6776,2.665,3.8724,4.9615,5.7017,6.5862,7.3579,7.8639,8.4498,8.9378,9.3261,9.5495,9.7603,9.8691,9.8863,9.8255,9.6641,9.4737,9.1266,8.6687,8.0991,7.5945,6.8121,5.9001,5.1274,3.9741,2.6672,1.2052,0.0035196,-1.7571,-3.6962,-5.2083,-7.1357,-8.7216,-9.5094,-9.9291,-9.7859,-9.3088,-8.8021,-7.9678,-6.9617,-6.1209,-4.9225,-3.6758,-2.7421,-1.5269,-0.36218,0.73865,1.5166,2.5144,3.4748,4.1735,5.0753,5.9491,6.7987,7.421,8.2277,8.9966,9.5448,10.229,10.849,11.273,11.779,12.215,12.579,12.805,13.041,13.202,13.275,13.308,13.268,13.19,13.021,12.779,12.467,12.187,11.754,11.252,10.831,10.211,9.5238,8.7732,8.174,7.3315,6.4471,5.7653,4.8469,3.9314,3.2608,2.413,1.6448,0.98529,0.5558,0.075515,-0.30212,-0.51271,-0.71278,-0.83907,-0.89451,-0.93626,-0.94907,-0.95279,-0.95455,-0.95232,-0.94067,-0.92384,-0.89306,-0.80219,-0.60201,-0.38544,-0.031078,0.37802,0.70275,1.1414,1.569,1.8741,2.2565,2.6102,2.9336,3.1516,3.4056,3.6231,3.7614,3.9163,4.0379,4.1062,4.176,4.2237,4.2488,4.2516,4.2375,4.2039,4.1652,4.0934,4.006,3.9046
1.316,1.5193,1.7745,1.9732,2.0676,2.0918,1.9887,1.8225,1.4635,0.9302,0.21763,-0.44412,-1.4935,-2.6982,-3.6446,-4.7575,-5.3323,-5.2277,-4.4621,-3.3457,-2.2112,-1.4453,-0.59475,0.048607,0.39101,0.67387,0.76262,0.702,0.45198,-0.0016448,-0.67273,-1.3244,-2.4064,-3.7524,-4.9668,-6.8972,-9.1475,-11.441,-12.683,-12.931,-11.874,-10.866,-9.692,-8.8906,-8.5295,-8.3298,-8.4297,-8.8389,-9.3907,-10.499,-12.143,-13.853,-16.986,-20.039,-18.858,-14.345,-10.38,-7.2301,-5.2386,-2.8982,-0.81988,0.61193,2.3775,3.9912,5.4683,6.4953,7.7592,8.9029,9.6831,10.622,11.447,11.992,12.624,13.143,13.55,13.781,13.988,14.079,14.07,13.949,13.703,13.434,12.955,12.336,11.569,10.893,9.8533,8.6523,7.6446,6.1614,4.5427,2.84,1.5751,0.05,-1.105,-1.6545,-2.0067,-2.0864,-2.1035,-2.1873,-2.3884,-2.733,-3.0689,-3.5581,-3.9529,-4.022,-3.5743,-2.4518,-1.2828,0.46571,2.2309,3.905,5.08,6.5336,7.8621,8.7805,9.9119,10.952,11.91,12.579,13.407,14.167,14.692,15.333,15.903,16.286,16.734,17.108,17.406,17.579,17.74,17.823,17.833,17.775,17.636,17.48,17.202,16.846,16.415,16.042,15.483,14.855,14.341,13.599,12.796,11.932,11.245,10.278,9.2468,8.4291,7.2702,6.0189,5.0077,3.5381,1.89,0.016004,-1.5593,-3.852,-5.9813,-6.7862,-6.0825,-4.1745,-2.6553,-0.8405,0.67988,1.9438,2.7478,3.6461,4.3865,4.8585,5.3946,5.8396,6.207,6.4377,6.6899,6.8801,6.9838,7.0698,7.096,7.0792,7.0094,6.8901,6.7294,6.5901,6.391,6.1868,6.0412,5.8745,5.7542,5.6991,5.6715,5.6906,5.7417,5.7893,5.8482,5.8919,5.907,5.8953,5.8446,5.756
-4.3026,-2.7454,-1.204,-0.12263,0.43679,0.90139,1.0922,1.0628,0.82242,0.36129,-0.31049,-0.93826,-1.9181,-3.006,-3.8068,-4.6845,-5.0986,-5.0073,-4.3721,-3.3716,-2.25,-1.4145,-0.37065,0.55538,1.1601,1.8465,2.3953,2.7231,3.043,3.2364,3.3188,3.3163,3.2442,3.1077,2.9739,2.7717,2.5693,2.3951,2.2872,2.1704,2.0871,2.0412,1.9959,1.9552,1.9222,1.8769,1.8261,1.768,1.7202,1.6705,1.6567,1.6812,1.765,1.9226,2.0885,2.3758,2.7367,3.1566,3.506,4.0039,4.5244,4.9272,5.472,6.0164,6.5522,6.9523,7.4915,8.0427,8.4658,9.042,9.6329,10.079,10.668,11.229,11.742,12.082,12.462,12.744,12.883,12.965,12.923,12.806,12.535,12.129,11.59,11.098,10.332,9.4417,8.6968,7.6038,6.4071,5.1135,4.0792,2.6082,1.0126,-0.27969,-2.1366,-4.0913,-5.4572,-6.69,-6.7034,-5.5841,-4.4334,-2.9003,-1.5171,-0.57974,0.5625,1.619,2.3758,3.3478,4.2849,5.1811,5.826,6.6527,7.4438,8.0121,8.7405,9.4393,10.115,10.61,11.255,11.886,12.346,12.937,13.493,13.879,14.347,14.748,15.07,15.253,15.415,15.475,15.447,15.311,15.056,14.786,14.318,13.728,13.016,12.406,11.499,10.498,9.7012,8.6058,7.5187,6.4963,5.8016,4.9979,4.3326,3.9062,3.3895,2.8884,2.4968,1.9332,1.3182,0.6716,0.19779,-0.34901,-0.69205,-0.75233,-0.54447,-0.045464,0.45894,1.1991,1.9528,2.6742,3.1724,3.7808,4.3212,4.6778,5.0867,5.4192,5.6759,5.8141,5.9276,5.9489,5.8972,5.7294,5.4338,5.1154,4.5358,3.7487,2.7103,1.7233,0.042963,-2.2131,-4.4573,-8.511,-12.477,-11.006,-6.7537,-3.6345,-1.5164,-0.38018,0.69224,1.358,1.6365,1.7406,1.5559,1.0823
1.1411,1.3927,1.6708,1.8476,1.8938,1.8257,1.5985,1.3224,0.81303,0.14926,-0.67109,-1.3802,-2.4344,-3.5881,-4.4885,-5.67,-6.7092,-7.2579,-7.4614,-6.935,-5.8264,-4.783,-3.3077,-1.8691,-0.86617,0.339,1.3847,2.0624,2.8358,3.4575,3.9356,4.2109,4.4739,4.6293,4.6777,4.6602,4.5632,4.4019,4.2454,3.9934,3.7107,3.4898,3.2015,2.9344,2.7644,2.5977,2.5144,2.5217,2.588,2.749,2.9806,3.181,3.4656,3.744,3.939,4.1767,4.3745,4.52,4.5855,4.5956,4.5,4.3464,4.0144,3.499,2.7579,2.0317,0.81729,-0.61665,-1.6598,-2.3387,-1.4652,-0.027061,2.1377,4.1238,5.798,6.8488,8.0047,8.9071,9.4341,9.9566,10.289,10.424,10.462,10.346,10.085,9.799,9.3041,8.6863,8.1424,7.3121,6.3693,5.3168,4.4563,3.2165,1.8799,0.82984,-0.57861,-1.8908,-2.7056,-3.3878,-3.4889,-3.0811,-2.5634,-1.7425,-0.92067,-0.34708,0.35693,0.98184,1.4061,1.9179,2.3592,2.7113,2.904,3.0601,3.0921,3.0351,2.8567,2.5939,2.3249,2.196,2.2768,2.7779,3.4317,4.5646,5.8182,6.7425,7.8773,8.8549,9.6468,10.116,10.575,10.843,10.92,10.855,10.601,10.282,9.6798,8.864,7.813,6.8517,5.3032,3.3717,1.5904,-1.4324,-5.7447,-13.439,-32.646,-12.287,-6.8788,-4.6348,-2.6924,-1.4435,-0.79841,-0.20938,0.1505,0.34116,0.39986,0.39615,0.32657,0.24579,0.11758,-0.0066718,-0.098982,-0.22512,-0.33554,-0.41482,-0.45005,-0.43527,-0.33112,-0.19237,0.064287,0.38645,0.74362,1.0139,1.3575,1.6562,1.8384,2.0107,2.091,2.0825,1.9661,1.7264,1.3636,1.0097,0.46205,-0.12593,-0.54319,-0.97502,-1.169,-1.1209,-0.84473,-0.41926,0.024737,0.30991,0.56559,0.64958,0.58749,0.33336,-0.12587,-0.78636
3.5424,3.5431,3.4409,3.2158,2.9628,2.5039,1.9025,1.3573,0.49947,-0.50631,-1.6619,-2.6294,-4.0484,-5.6252,-6.9231,-8.8108,-10.857,-12.323,-13.455,-12.565,-10.202,-8.2403,-5.8244,-3.7323,-2.3613,-0.77546,0.56081,1.4152,2.3746,3.1412,3.7213,4.044,4.331,4.4563,4.4457,4.2901,3.9728,3.4874,3.006,2.1953,1.1715,0.25839,-1.1843,-2.884,-4.277,-5.9992,-6.8338,-6.186,-5.0533,-3.332,-1.7451,-0.71183,0.45326,1.3928,1.9695,2.597,3.076,3.4201,3.5905,3.6965,3.6616,3.5398,3.2461,2.7866,2.1489,1.5575,0.64183,-0.33594,-0.98183,-1.4194,-1.065,-0.29721,1.0858,2.5529,3.9032,4.7944,5.8054,6.6167,7.1016,7.5922,7.9171,8.0599,8.1261,8.0623,7.8788,7.6692,7.3051,6.8533,6.4634,5.8801,5.2339,4.5335,3.977,3.2067,2.4144,1.8165,1.0366,0.29303,-0.2299,-0.86987,-1.4291,-1.8954,-2.1767,-2.4424,-2.5838,-2.6039,-2.5088,-2.2804,-2.0466,-1.676,-1.2958,-0.97016,-0.79509,-0.69836,-0.80308,-1.0513,-1.6682,-2.7129,-4.3356,-6.0362,-8.8248,-9.8455,-7.696,-3.9394,-0.85182,0.98649,2.9367,4.4392,5.5774,6.2256,6.8475,7.2174,7.3425,7.3178,7.0877,6.7877,6.2273,5.4979,4.6147,3.8657,2.7755,1.6152,0.732,-0.39049,-1.362,-2.0776,-2.4068,-2.5631,-2.4555,-2.2675,-1.9628,-1.6603,-1.4707,-1.2925,-1.213,-1.2477,-1.3514,-1.5984,-1.9824,-2.3754,-3.0388,-3.8647,-4.6224,-5.8446,-7.3615,-9.2029,-10.747,-12.689,-13.487,-12.906,-11.258,-9.5074,-7.9928,-7.0355,-5.9466,-5.0211,-4.4011,-3.6442,-2.94,-2.4452,-1.8308,-1.2679,-0.77155,-0.43848,-0.047588,0.28789,0.50764,0.7605,0.97455,1.1071,1.2436,1.3175,1.3147,1.2479,1.0573,0.73018,0.38825,-0.21387,-0.99791,-1.9777
4.2907,4.1495,3.8551,3.4285,3.0133,2.3257,1.4768,0.72343,-0.45881,-1.8555,-3.4905,-4.8861,-6.9812,-9.283,-10.971,-12.61,-12.802,-11.999,-10.349,-8.5511,-6.8027,-5.5392,-3.9372,-2.4636,-1.4511,-0.22546,0.8451,1.5428,2.3313,2.9626,3.4386,3.692,3.8918,3.9322,3.8618,3.6294,3.2326,2.6628,2.1153,1.2144,0.1078,-0.8646,-2.3741,-4.091,-5.4435,-7.0419,-7.811,-7.3292,-6.4123,-4.9707,-3.5915,-2.6741,-1.6208,-0.74704,-0.19042,0.43858,0.93594,1.3131,1.5251,1.7209,1.8297,1.8614,1.8556,1.811,1.7386,1.6858,1.6316,1.6209,1.6589,1.7937,2.0328,2.277,2.6698,3.1139,3.5619,3.8796,4.2551,4.5532,4.7177,4.8467,4.8657,4.8078,4.6365,4.3699,4.02,3.7133,3.2623,2.7803,2.4087,1.9052,1.3943,0.86958,0.46035,-0.1097,-0.72575,-1.2277,-1.9612,-2.7873,-3.4805,-4.5269,-5.7486,-7.1977,-8.4656,-10.418,-12.552,-13.873,-14.152,-12.539,-10.908,-8.8651,-7.1527,-5.7724,-4.9223,-4.0031,-3.2862,-2.86,-2.4148,-2.0795,-1.8071,-1.6031,-1.2657,-0.78981,-0.32565,0.42003,1.2573,1.9014,2.7152,3.4315,4.0114,4.3406,4.6249,4.7207,4.6629,4.4091,3.9536,3.4824,2.6853,1.7107,0.58638,-0.32588,-1.5829,-2.801,-3.6172,-4.4891,-5.0486,-5.2937,-5.3148,-5.1992,-4.9941,-4.8233,-4.5977,-4.4001,-4.2863,-4.1885,-4.1554,-4.1999,-4.2901,-4.4751,-4.7738,-5.1136,-5.736,-6.5724,-7.3535,-8.6072,-10.138,-11.918,-13.346,-15.022,-15.805,-15.629,-14.856,-14.109,-13.673,-13.588,-13.75,-14.037,-14.096,-13.554,-12.156,-10.766,-8.8274,-7.0106,-5.4058,-4.3444,-3.1264,-2.1023,-1.4503,-0.72637,-0.14901,0.18988,0.52457,0.72423,0.78675,0.74043,0.55491,0.22565,-0.11879,-0.71922,-1.4831,-2.4141
3.8604,3.6926,3.3904,2.9864,2.6092,2.0047,1.2713,0.62414,-0.38422,-1.5638,-2.9416,-4.12,-5.8834,-7.7766,-9.1197,-10.288,-10.114,-9.2266,-7.6219,-5.9748,-4.4643,-3.4471,-2.2261,-1.1476,-0.42701,0.42509,1.1618,1.6394,2.1712,2.5868,2.8894,3.0395,3.1356,3.1117,3.0175,2.7872,2.4371,1.9711,1.5516,0.9006,0.16108,-0.43777,-1.2683,-2.0885,-2.6674,-3.344,-3.8765,-4.214,-4.3367,-4.3396,-4.1782,-3.9774,-3.6396,-3.2626,-2.9753,-2.6085,-2.3078,-2.0948,-1.9901,-1.9147,-1.9063,-1.9356,-1.9998,-2.058,-2.0806,-2.0581,-1.9606,-1.7638,-1.5546,-1.2032,-0.79083,-0.45768,-0.0089669,0.41937,0.79708,1.033,1.2616,1.3727,1.3668,1.2281,0.92771,0.59076,-0.010945,-0.77946,-1.7,-2.465,-3.5137,-4.467,-5.0227,-5.4727,-5.6065,-5.5407,-5.4483,-5.3622,-5.4086,-5.5578,-5.9203,-6.4762,-7.021,-7.9182,-9.0236,-10.345,-11.485,-13.191,-14.934,-15.913,-16.224,-15.086,-13.683,-11.776,-10.089,-8.6689,-7.7529,-6.6986,-5.7981,-5.2041,-4.4924,-3.8223,-3.1685,-2.6795,-2.0161,-1.331,-0.80533,-0.097924,0.5991,1.1033,1.7184,2.2416,2.6421,2.8464,2.9737,2.9167,2.7405,2.3147,1.6519,0.98123,-0.17631,-1.6792,-3.6113,-5.426,-8.5371,-12.989,-18.17,-27.284,-18.473,-13.997,-12.102,-10.561,-9.7125,-9.3803,-9.209,-9.2282,-9.2829,-9.3207,-9.2377,-8.9957,-8.7563,-8.397,-8.0613,-7.8869,-7.7843,-7.8484,-8.0028,-8.3272,-8.7747,-9.288,-9.7084,-10.286,-10.866,-11.302,-11.935,-12.688,-13.623,-14.521,-16.074,-18.059,-19.67,-20.548,-18.505,-16.149,-13.19,-10.7,-8.6119,-7.2639,-5.7017,-4.3794,-3.5231,-2.5559,-1.768,-1.2888,-0.79308,-0.45999,-0.28532,-0.25633,-0.34888,-0.5918,-0.86918,-1.3602,-1.9785,-2.7127
2.0236,1.9294,1.7673,1.5594,1.3718,1.079,0.73227,0.4392,0.0088348,-0.46038,-0.95062,-1.3167,-1.7762,-2.1655,-2.3888,-2.5655,-2.5798,-2.4889,-2.2538,-1.9237,-1.5262,-1.2085,-0.77845,-0.3582,-0.055097,0.32374,0.66313,0.89343,1.1591,1.3685,1.5178,1.5861,1.6097,1.5496,1.4486,1.2311,0.91609,0.5031,0.12697,-0.46794,-1.1721,-1.7719,-2.6666,-3.6797,-4.5122,-5.71,-6.9809,-8.2395,-9.0776,-9.8519,-10.021,-9.7419,-9.0187,-8.1552,-7.5542,-6.9072,-6.4835,-6.2924,-6.3003,-6.5096,-6.943,-7.4116,-8.1914,-9.0618,-9.8441,-10.218,-10.247,-9.679,-8.961,-7.8099,-6.624,-5.7733,-4.7349,-3.8326,-3.084,-2.6283,-2.1766,-1.9202,-1.8686,-2.0035,-2.3933,-2.8714,-3.8016,-5.1316,-6.9785,-8.8422,-12.347,-18.303,-28.941,-22.874,-15.685,-12.376,-10.892,-9.6567,-9.0147,-8.8225,-8.8778,-9.229,-9.6488,-10.37,-11.2,-12.052,-12.646,-13.309,-13.713,-13.785,-13.568,-13.042,-12.547,-11.852,-11.129,-10.434,-9.9499,-9.3926,-8.9597,-8.7047,-8.4344,-8.1547,-7.7431,-7.2895,-6.454,-5.3907,-4.499,-3.2689,-2.0795,-1.2511,-0.26971,0.55266,1.1981,1.556,1.8604,1.9598,1.8982,1.6315,1.1505,0.64552,-0.21861,-1.2993,-2.5872,-3.6635,-5.178,-6.6516,-7.6081,-8.5138,-8.9645,-9.14,-9.2473,-9.536,-10.134,-10.869,-12.358,-14.669,-17.229,-22.438,-25.058,-19.223,-15.968,-13.1,-11.207,-10.185,-9.2169,-8.5992,-8.3339,-8.1997,-8.2646,-8.4759,-8.7146,-9.1145,-9.5899,-9.9884,-10.59,-11.23,-11.89,-12.393,-13.02,-13.512,-13.761,-13.845,-13.571,-13.131,-12.24,-11.089,-9.7775,-8.7507,-7.3929,-6.1077,-5.2123,-4.1357,-3.2162,-2.6389,-2.0214,-1.5845,-1.3258,-1.2503,-1.3037,-1.5387,-1.8288,-2.3652,-3.0681,-3.9346
-0.1707,-0.14257,-0.11136,-0.088089,-0.069692,-0.04823,-0.024437,0.0027145,0.043876,0.086441,0.12947,0.16372,0.20215,0.22853,0.24324,0.25049,0.23782,0.21485,0.16938,0.098059,0.0048345,-0.073654,-0.18237,-0.27722,-0.32324,-0.33742,-0.29321,-0.22297,-0.090125,0.063017,0.20102,0.28088,0.34634,0.35179,0.30634,0.17715,-0.029757,-0.32495,-0.60691,-1.0751,-1.6673,-2.2065,-3.081,-4.1818,-5.1881,-6.8475,-9.048,-12.115,-15.416,-22.433,-22.492,-17.238,-13.011,-10.447,-9.1619,-8.0515,-7.4568,-7.2772,-7.4198,-8.0037,-9.0562,-10.186,-12.278,-15.307,-20.038,-26.499,-31.929,-21.152,-17.441,-14.109,-11.599,-10.013,-8.1639,-6.5808,-5.2516,-4.4161,-3.5232,-2.8744,-2.5492,-2.33,-2.3618,-2.5499,-3.024,-3.7374,-4.6477,-5.4285,-6.5124,-7.487,-8.0017,-8.2873,-8.1743,-7.872,-7.6681,-7.5559,-7.6647,-7.8986,-8.4319,-9.2531,-10.083,-11.508,-13.349,-15.638,-17.596,-20.003,-20.555,-19.371,-17.109,-15.049,-13.812,-12.536,-11.557,-10.858,-10.523,-10.357,-10.55,-10.977,-12.057,-13.988,-17.267,-20.311,-18.264,-12.687,-9.4604,-6.1591,-3.6239,-2.0888,-0.42896,0.87066,1.8621,2.4272,2.9649,3.2713,3.3608,3.3034,3.0616,2.7729,2.2672,1.6466,0.94364,0.38192,-0.38173,-1.1252,-1.653,-2.3025,-2.9001,-3.4827,-3.9389,-4.6008,-5.3536,-5.9972,-6.982,-8.0774,-8.8877,-9.7136,-9.9555,-9.5799,-9.013,-8.1273,-7.3535,-6.8984,-6.4717,-6.2439,-6.1951,-6.2812,-6.5268,-6.9081,-7.2604,-7.7968,-8.3971,-8.8811,-9.5593,-10.267,-11.035,-11.649,-12.547,-13.549,-14.38,-15.604,-16.794,-17.345,-16.944,-15.128,-12.707,-10.892,-8.6758,-6.7509,-5.4997,-4.068,-2.8863,-2.1585,-1.3903,-0.84442,-0.51086,-0.40017,-0.43607,-0.68596,-1.0138,-1.6446,-2.5049,-3.616
-2.7159,-2.5313,-2.3434,-2.2048,-2.103,-1.9279,-1.6463,-1.3261,-0.77191,-0.12517,0.55252,1.0443,1.6279,2.099,2.3709,2.6019,2.6654,2.599,2.3505,1.8965,1.2285,0.59414,-0.41101,-1.5146,-2.2897,-3.004,-3.1398,-2.8728,-2.2385,-1.5566,-1.0012,-0.7077,-0.47891,-0.39932,-0.4118,-0.46985,-0.53629,-0.59734,-0.64229,-0.7156,-0.83562,-0.98686,-1.2848,-1.7213,-2.1391,-2.8101,-3.5735,-4.3407,-4.8386,-5.277,-5.3437,-5.1495,-4.6843,-4.1487,-3.7838,-3.4299,-3.2808,-3.3767,-3.6568,-4.3265,-5.3076,-6.2381,-7.7532,-9.5655,-11.568,-13.11,-15.039,-16.719,-17.63,-17.371,-14.797,-12.315,-9.2561,-6.7057,-4.652,-3.3943,-2.0589,-1.0496,-0.47514,0.073303,0.40049,0.51877,0.52714,0.38193,0.12374,-0.12056,-0.48778,-0.87534,-1.161,-1.5271,-1.8759,-2.2359,-2.5294,-2.9817,-3.526,-4.0137,-4.7982,-5.7649,-6.6285,-8.0132,-9.7123,-11.709,-13.314,-15.181,-15.591,-14.671,-12.935,-11.382,-10.462,-9.452,-8.6031,-8.0001,-7.7141,-7.5327,-7.5306,-7.5945,-7.7519,-7.9985,-8.1717,-7.9909,-6.9987,-5.174,-3.5442,-1.3809,0.59252,1.9004,3.3948,4.6105,5.5524,6.0882,6.5907,6.8628,6.9256,6.8303,6.5487,6.2298,5.6847,5.0366,4.3301,3.7901,3.1026,2.502,2.1252,1.7242,1.4294,1.2111,1.0734,0.89901,0.71023,0.5513,0.3162,0.069144,-0.11163,-0.33102,-0.50277,-0.64364,-0.74844,-0.86855,-1.0027,-1.1504,-1.4608,-1.916,-2.3485,-3.0332,-3.8409,-4.7717,-5.5353,-6.5992,-7.655,-8.371,-9.1551,-9.7698,-10.239,-10.541,-11.02,-11.686,-12.383,-13.732,-15.573,-17.047,-17.273,-14.418,-10.924,-8.6229,-6.0576,-3.9461,-2.6091,-1.1177,0.089886,0.82945,1.6149,2.1826,2.5427,2.6751,2.6741,2.4694,2.1811,1.6008,0.79179,-0.25766
-6.3663,-5.9369,-5.8427,-6.3311,-7.057,-8.3303,-9.0931,-8.4378,-6.0895,-3.405,-1.0708,0.37555,1.9311,3.1127,3.7814,4.4029,4.7161,4.7487,4.5073,3.9103,2.8797,1.759,-0.36179,-3.5888,-7.3398,-16.678,-13.383,-8.0105,-4.3369,-2.4207,-1.5197,-1.3333,-1.6161,-2.3994,-3.2125,-4.2747,-4.7676,-4.3245,-3.5642,-2.4185,-1.4361,-0.87243,-0.34592,-0.033745,0.077616,0.11747,0.093274,0.049515,0.036828,0.071869,0.19428,0.33632,0.59387,0.86125,1.0504,1.2622,1.3647,1.2922,1.1201,0.74887,0.19266,-0.35556,-1.2869,-2.4409,-3.792,-4.94,-6.6693,-8.5646,-9.8496,-10.343,-8.9585,-7.2909,-5.0464,-3.1169,-1.5408,-0.55389,0.51974,1.3647,1.8648,2.3809,2.745,2.9341,3.0969,3.1445,3.0772,2.9639,2.7511,2.473,2.2227,1.8188,1.3405,0.79585,0.37443,-0.19764,-0.78487,-1.2554,-1.9026,-2.5262,-2.971,-3.5281,-4.0759,-4.5923,-4.9161,-5.239,-5.4543,-5.5034,-5.4624,-5.4094,-5.4314,-5.4976,-5.6392,-5.9276,-6.1358,-6.2353,-5.9449,-5.4408,-4.4221,-3.1391,-1.7316,-0.64601,0.81125,2.283,3.3902,4.8323,6.1772,7.0884,8.1563,9.0426,9.7241,10.095,10.389,10.449,10.341,9.988,9.3941,8.783,7.7384,6.4422,4.9334,3.7142,2.1463,1.0059,0.66978,0.93964,1.6915,2.5683,3.1813,3.871,4.3849,4.6652,4.9235,5.0685,5.1032,5.0616,4.9282,4.7093,4.465,4.0382,3.5092,3.0363,2.275,1.3392,0.50821,-0.77445,-2.3011,-4.1337,-5.7311,-8.2663,-11.311,-13.834,-16.221,-15.32,-12.914,-11.239,-9.5437,-8.3466,-7.6489,-6.884,-6.1806,-5.6395,-4.813,-3.8092,-2.6556,-1.741,-0.51585,0.64061,1.454,2.4344,3.2886,3.8414,4.4644,4.9531,5.3024,5.4656,5.5473,5.4665,5.2924,4.8991,4.3322,3.593
-10.576,-9.7994,-9.3549,-9.5927,-10.235,-11.6,-12.868,-12.391,-9.6153,-6.4992,-3.8317,-2.1819,-0.37695,1.0751,1.9451,2.8415,3.4755,3.7752,3.9297,3.8223,3.4472,2.9993,2.2202,1.3177,0.65417,-0.026174,-0.37176,-0.43477,-0.4321,-0.57614,-1.0389,-1.6725,-3.0398,-5.1809,-7.4888,-11.876,-15.405,-11.983,-9.0745,-6.4258,-4.7672,-3.9676,-3.3117,-2.9949,-2.9155,-2.9466,-3.0432,-3.1327,-3.1362,-2.9982,-2.6579,-2.2831,-1.6514,-0.93915,-0.42002,0.21807,0.73562,1.0975,1.2888,1.4209,1.357,1.1878,0.84607,0.39975,-0.12534,-0.56511,-1.1677,-1.702,-1.9889,-2.2264,-2.3095,-2.2673,-2.0765,-1.8198,-1.5608,-1.3889,-1.1747,-0.96073,-0.79651,-0.58853,-0.38349,-0.24243,-0.066939,0.075982,0.14992,0.14558,0.042899,-0.18382,-0.45202,-0.94915,-1.6016,-2.4326,-3.1445,-4.1649,-5.1671,-5.8113,-6.373,-6.5494,-6.4623,-6.1709,-5.7981,-5.4575,-5.2266,-4.9489,-4.7922,-4.7945,-4.8949,-5.1259,-5.4333,-6.1346,-7.4768,-9.5896,-11.947,-17.48,-26.599,-16.305,-9.5697,-5.5863,-2.6699,-0.87401,1.1678,2.9214,4.079,5.4633,6.6811,7.4858,8.4031,9.1369,9.6727,9.9404,10.104,10.032,9.8094,9.2767,8.4487,7.6123,6.1645,4.2582,1.7266,-0.76858,-5.4839,-12.823,-12.902,-6.5617,-2.8048,-0.42816,0.84917,2.1301,3.0629,3.5898,4.1023,4.4216,4.5479,4.5725,4.4321,4.1687,3.879,3.336,2.618,1.9786,1.0052,-0.13374,-1.1274,-2.6698,-4.4478,-6.4535,-8.1267,-10.581,-13.238,-15.099,-16.425,-15.64,-13.649,-12.042,-10.07,-8.354,-7.2485,-5.9834,-4.8883,-4.1553,-3.2869,-2.5096,-1.811,-1.3415,-0.75905,-0.23173,0.13206,0.59467,1.0555,1.4158,1.9098,2.4039,2.8577,3.1509,3.4453,3.6007,3.6116,3.4855,3.1887,2.7255
-11.533,-10.537,-9.5719,-8.9085,-8.5819,-8.2376,-7.884,-7.5094,-6.8629,-5.9996,-4.9759,-4.1502,-3.004,-1.8347,-0.97561,0.086313,1.0337,1.6479,2.3074,2.7841,3.0816,3.191,3.2095,3.1106,2.9749,2.7382,2.4519,2.1889,1.7715,1.244,0.56368,-0.052859,-1.0059,-2.0682,-2.8907,-3.9179,-4.7164,-5.2425,-5.4833,-5.7308,-6.0392,-6.3314,-6.8656,-7.5621,-8.1779,-9.1358,-10.282,-11.611,-12.635,-13.492,-12.753,-11.177,-8.7011,-6.415,-4.9463,-3.3507,-2.1116,-1.148,-0.59582,-0.09549,0.18773,0.29464,0.32661,0.23242,0.017125,-0.19926,-0.54026,-0.9393,-1.2798,-1.8068,-2.3881,-2.8727,-3.6172,-4.4535,-5.3605,-6.0593,-6.9256,-7.5617,-7.8175,-7.8287,-7.5372,-7.2193,-6.7775,-6.3113,-5.833,-5.514,-5.2148,-5.1238,-5.2205,-5.5915,-6.3057,-7.5026,-8.8322,-11.379,-15.122,-19.236,-24.266,-18.69,-15.32,-12.489,-10.658,-9.3726,-8.6733,-7.9427,-7.3123,-6.9304,-6.5777,-6.3833,-6.3384,-6.4996,-6.8256,-7.2345,-7.6161,-7.9667,-7.742,-7.1088,-5.7701,-4.1363,-2.4727,-1.2884,0.20152,1.6082,2.6041,3.839,4.9579,5.7217,6.6285,7.3758,7.9385,8.2305,8.4329,8.4153,8.2437,7.7965,7.0918,6.4009,5.2663,3.8936,2.3424,1.1362,-0.38366,-1.5859,-2.1665,-2.458,-2.2476,-1.7105,-1.1983,-0.46887,0.25766,0.7563,1.2896,1.6332,1.7604,1.7699,1.5795,1.1922,0.81829,0.1964,-0.57972,-1.265,-2.2941,-3.4686,-4.4625,-5.966,-7.7017,-9.7049,-11.387,-13.749,-16.015,-17.163,-17.369,-16.213,-14.294,-12.806,-11.043,-9.4297,-8.3513,-7.0998,-6.1052,-5.4864,-4.839,-4.3887,-4.138,-4.0912,-4.2192,-4.5522,-4.9166,-5.4676,-5.8327,-5.7748,-5.1374,-4.0246,-2.7865,-1.9264,-0.99004,-0.33944,-0.043877,0.1096,-0.022146,-0.40887
-9.0701,-8.4123,-7.7928,-7.4391,-7.3423,-7.4225,-7.6403,-7.9014,-8.4004,-8.9036,-9.1948,-9.038,-8.0849,-6.4957,-5.1106,-3.2504,-1.563,-0.45706,0.82226,1.8532,2.6553,3.1177,3.5589,3.8245,3.9155,3.8985,3.7472,3.5445,3.1666,2.6814,2.0862,1.5699,0.80813,-0.025522,-0.68537,-1.6059,-2.5862,-3.6196,-4.4682,-5.7597,-7.2971,-8.6559,-10.755,-13.139,-14.787,-16.293,-16.964,-17.576,-18.501,-20.085,-18.967,-15.972,-11.854,-8.6698,-6.7986,-4.852,-3.4226,-2.3747,-1.8263,-1.3717,-1.0765,-0.93279,-0.86273,-0.89482,-0.99242,-1.0962,-1.3016,-1.6353,-1.9884,-2.6133,-3.4392,-4.2564,-5.6938,-7.615,-10.153,-12.644,-17.191,-22.937,-23.083,-19.427,-17.165,-16.191,-15.351,-14.447,-13.102,-11.903,-10.38,-9.1546,-8.5126,-8.0637,-8.0995,-8.5574,-9.2067,-10.417,-11.895,-12.954,-13.748,-13.679,-13.304,-12.729,-12.366,-12.166,-12.015,-11.695,-10.954,-10.095,-8.8138,-7.6537,-6.9061,-6.087,-5.3598,-4.8768,-4.6566,-4.3906,-4.0436,-3.7916,-3.4913,-3.1587,-2.7306,-2.3403,-1.6865,-0.82156,-0.013916,1.2227,2.5282,3.4848,4.6607,5.6692,6.4805,6.9405,7.3482,7.5163,7.4851,7.232,6.734,6.2024,5.2884,4.1433,2.7826,1.6185,-0.12528,-2.0904,-3.6785,-5.795,-7.3125,-7.2791,-6.3011,-4.5962,-3.0531,-2.1359,-1.2612,-0.76351,-0.61604,-0.71127,-1.0977,-1.7969,-2.4643,-3.4411,-4.4396,-5.1766,-6.1035,-6.9378,-7.516,-8.4043,-9.5789,-11.166,-12.68,-15.341,-18.948,-21.825,-21.48,-17.825,-14.733,-12.922,-11.041,-9.5759,-8.7059,-7.7638,-7.0224,-6.596,-6.1773,-5.9533,-5.9597,-6.1425,-6.7483,-7.8894,-9.2421,-12.146,-17.985,-29.771,-17.444,-10.834,-7.2089,-5.3879,-3.7106,-2.6648,-2.219,-2.0296,-2.2595,-2.895
-5.4516,-5.3142,-5.3006,-5.524,-5.8431,-6.5113,-7.5143,-8.5554,-10.455,-13.356,-18.52,-26.79,-20.755,-12.972,-9.4936,-6.0803,-3.4707,-1.8948,-0.15913,1.2286,2.3205,2.9679,3.6217,4.0469,4.2326,4.3073,4.1951,4.0034,3.6072,3.0722,2.427,1.8866,1.1015,0.26977,-0.36892,-1.2355,-2.1635,-3.174,-4.046,-5.4045,-7.1185,-8.7412,-11.514,-15.392,-18.959,-20.727,-17.206,-14.106,-12.451,-10.701,-9.1307,-7.9794,-6.5295,-5.1934,-4.3432,-3.432,-2.799,-2.4922,-2.476,-2.6369,-2.957,-3.2699,-3.6525,-3.8088,-3.6824,-3.4662,-3.162,-2.955,-2.9278,-3.1013,-3.6066,-4.2095,-5.3318,-6.8835,-8.8574,-10.575,-13.017,-15.089,-16.004,-16.655,-17.725,-19.316,-23.382,-31.268,-21.247,-16.563,-12.715,-10.194,-8.8403,-7.6258,-6.9642,-6.6595,-6.5983,-6.7841,-7.2195,-7.5768,-8.0783,-8.7929,-9.4908,-10.662,-12.421,-15.354,-19.039,-32.035,-20.914,-15.412,-11.153,-8.3595,-6.8258,-5.2837,-4.1866,-3.5106,-3.1435,-2.8709,-2.8781,-3.0583,-3.549,-4.4137,-5.7679,-7.1154,-9.0474,-9.4,-7.6303,-4.3245,-1.3412,0.52527,2.5462,4.1205,5.3318,6.0255,6.691,7.0724,7.1858,7.1177,6.8042,6.4005,5.6483,4.6557,3.3905,2.2445,0.40103,-1.8964,-4.0228,-7.5818,-11.16,-10.726,-8.4311,-5.642,-3.6431,-2.6392,-1.8174,-1.471,-1.5,-1.968,-2.87,-4.3255,-5.8606,-8.5556,-11.89,-14.212,-14.597,-12.561,-11.144,-9.8946,-9.3021,-9.1672,-9.3116,-9.6608,-10.042,-10.225,-10.262,-10.092,-9.7344,-9.4898,-9.1449,-8.8528,-8.7105,-8.5898,-8.4333,-8.2527,-7.9414,-7.5573,-7.1798,-6.9416,-6.7614,-6.7736,-6.8996,-7.1674,-7.3096,-7.1674,-6.5299,-5.5052,-4.355,-3.5554,-2.7045,-2.1487,-1.9436,-1.9846,-2.3698,-3.1377
-2.4702,-2.6734,-3.0799,-3.6536,-4.2008,-5.0856,-6.1919,-7.1002,-8.3491,-9.5224,-10.313,-10.505,-9.9201,-8.5726,-7.2174,-5.2361,-3.3024,-1.9364,-0.30891,1.0663,2.1933,2.8673,3.5471,3.9793,4.1448,4.165,3.9489,3.6406,3.0348,2.215,1.22,0.39041,-0.75723,-1.8335,-2.5127,-3.1732,-3.5605,-3.8108,-3.9695,-4.2403,-4.6315,-5.0074,-5.5723,-6.0927,-6.329,-6.3415,-5.9698,-5.3419,-4.7618,-3.9418,-3.1506,-2.5949,-1.936,-1.4214,-1.1559,-1.0263,-1.1928,-1.732,-2.398,-3.7464,-5.9307,-8.2878,-12.578,-15.042,-11.09,-8.268,-5.6864,-4.0436,-3.2572,-2.6926,-2.5766,-2.7014,-3.1104,-3.7715,-4.6232,-5.3162,-6.2521,-7.1834,-7.8201,-8.5828,-9.2375,-9.6994,-10.057,-9.913,-9.2959,-8.5889,-7.4669,-6.3689,-5.6585,-4.895,-4.316,-3.9777,-3.8574,-3.8205,-3.9089,-4.0799,-4.4547,-4.9268,-5.3705,-6.1242,-7.0026,-7.9016,-8.4133,-8.6701,-8.2616,-7.4526,-6.1281,-4.8429,-3.9703,-2.9812,-2.2829,-1.793,-1.5272,-1.3923,-1.5597,-1.8481,-2.4515,-3.4143,-4.8224,-6.146,-7.8929,-8.293,-6.9651,-4.1368,-1.4287,0.29876,2.2197,3.7671,4.9789,5.6895,6.4012,6.8592,7.0422,7.0795,6.8982,6.628,6.0923,5.3681,4.4793,3.7241,2.6376,1.5101,0.70029,-0.21697,-0.85082,-1.1064,-1.0484,-0.76973,-0.43447,-0.21761,-0.050753,-0.11636,-0.36266,-0.96737,-1.9423,-3.2742,-4.6193,-6.8754,-9.3233,-10.737,-11.025,-9.6495,-8.4841,-7.2595,-6.4038,-5.8943,-5.7099,-5.6436,-5.7229,-5.8577,-6.1338,-6.4816,-6.9277,-7.3676,-8.1651,-9.268,-10.294,-11.958,-13.743,-14.549,-13.904,-11.868,-9.7024,-8.3158,-6.7841,-5.5881,-4.8763,-4.0914,-3.4373,-2.9923,-2.4407,-1.9173,-1.4506,-1.1574,-0.86197,-0.70648,-0.69046,-0.8124,-1.1181,-1.6065
-0.42445,-0.80834,-1.4434,-2.2261,-2.9395,-4.052,-5.3689,-6.5136,-8.2858,-10.205,-12,-12.701,-11.945,-9.7509,-7.845,-5.3955,-3.2318,-1.8031,-0.14788,1.2251,2.3362,2.9972,3.6477,4.0475,4.1674,4.0933,3.7426,3.2794,2.3829,1.1069,-0.6306,-2.3114,-5.195,-8.9582,-11.746,-11.751,-8.7275,-6.2309,-4.8687,-3.5921,-2.7168,-2.2446,-1.7787,-1.3948,-1.1411,-0.80079,-0.42387,-0.017354,0.31026,0.75803,1.1813,1.4555,1.7598,1.9436,1.9938,1.9044,1.5883,1.0253,0.39975,-0.77833,-2.2594,-3.4849,-5.0314,-5.6322,-4.8732,-3.8866,-2.5626,-1.5163,-0.97687,-0.56558,-0.4162,-0.4774,-0.74825,-1.1452,-1.6484,-2.0603,-2.6006,-3.0773,-3.3943,-3.7389,-3.9369,-4.022,-4.0576,-3.9142,-3.6682,-3.4502,-3.0934,-2.7219,-2.4856,-2.2314,-2.0073,-1.8622,-1.8234,-1.7989,-1.7858,-1.8291,-1.9313,-2.0086,-2.0812,-2.2238,-2.3475,-2.4476,-2.479,-2.3786,-2.1956,-2.0078,-1.6678,-1.2769,-0.99813,-0.66847,-0.40073,-0.14596,-0.064249,-0.054097,-0.095247,-0.19576,-0.43284,-0.70475,-0.95339,-1.0996,-1.1162,-0.82952,-0.41869,0.37272,1.3842,2.1931,3.2595,4.2683,5.1582,5.7232,6.3166,6.7249,6.9011,6.9544,6.8024,6.567,6.0879,5.4393,4.6728,4.0425,3.1895,2.3886,1.8824,1.3914,1.1123,1.0441,1.1232,1.3159,1.5149,1.6524,1.7723,1.7524,1.6328,1.3406,0.83694,0.23851,-0.25935,-0.9881,-1.6666,-2.052,-2.3863,-2.5478,-2.5675,-2.5125,-2.451,-2.4605,-2.5015,-2.6429,-2.8874,-3.149,-3.5962,-4.1728,-4.9492,-5.6286,-6.8002,-8.3161,-9.7282,-12.13,-15.186,-17.026,-15.907,-12.45,-9.3989,-7.5621,-5.6326,-4.133,-3.2247,-2.2357,-1.4634,-1.0142,-0.55219,-0.22688,-0.02364,0.050344,0.069484,0.0079944,-0.082619,-0.22975,-0.42216,-0.63282
0.015297,-0.43422,-1.1207,-1.9085,-2.5992,-3.6372,-4.8898,-6.0817,-8.0413,-10.69,-14.183,-16.636,-14.947,-10.682,-7.9886,-5.1503,-2.9328,-1.5433,-0.0016976,1.2582,2.2566,2.8536,3.4492,3.8234,3.9583,3.9197,3.6338,3.2338,2.4483,1.3467,-0.14162,-1.522,-3.7038,-6.027,-7.3488,-7.4979,-6.1027,-4.4291,-3.3205,-2.1263,-1.2072,-0.63925,-0.020775,0.51043,0.85573,1.279,1.6826,2.0791,2.3766,2.7572,3.1343,3.3934,3.6953,3.9297,4.0412,4.1149,4.0675,3.9054,3.6903,3.3208,2.9457,2.6329,2.2746,2.0629,1.9686,1.9521,1.9734,1.9562,1.8659,1.6353,1.2823,0.89831,0.25417,-0.462,-1.2001,-1.7419,-2.3526,-2.766,-2.9382,-2.9872,-2.8631,-2.6702,-2.3858,-2.1145,-1.852,-1.676,-1.5145,-1.4525,-1.4593,-1.5399,-1.7302,-1.9349,-2.074,-2.2264,-2.2805,-2.2087,-1.9692,-1.6779,-1.4436,-1.1196,-0.84133,-0.62385,-0.53662,-0.43565,-0.35131,-0.34254,-0.36611,-0.38392,-0.4088,-0.45604,-0.44946,-0.41273,-0.44802,-0.47384,-0.43459,-0.44077,-0.52465,-0.605,-0.65791,-0.69131,-0.68411,-0.52085,-0.2696,0.21937,0.88901,1.4999,2.3972,3.308,4.1583,4.7339,5.3626,5.8094,6.0102,6.0898,5.9244,5.636,5.0231,4.1524,3.0142,1.987,0.45411,-1.0816,-2.0246,-2.6035,-2.2565,-1.3441,-0.57759,0.383,1.1926,1.6769,2.1405,2.4353,2.5459,2.5846,2.4631,2.2026,1.98,1.63,1.2048,0.89289,0.50053,0.099517,-0.17599,-0.48803,-0.78694,-1.0652,-1.2574,-1.5244,-1.8411,-2.1268,-2.5827,-3.1662,-3.8959,-4.4966,-5.3569,-6.2197,-6.8627,-7.5308,-7.8991,-7.8913,-7.4643,-6.6139,-5.5307,-4.6465,-3.49,-2.4681,-1.8048,-1.0829,-0.56891,-0.30411,-0.1206,-0.13326,-0.32036,-0.56381,-0.99389,-1.4963,-1.8701,-2.2753,-2.4761,-2.4346
-1.4702,-2.0088,-2.6626,-3.2134,-3.5459,-3.9697,-4.3784,-4.6835,-5.1084,-5.521,-5.7661,-5.763,-5.3706,-4.5841,-3.8251,-2.7346,-1.6687,-0.89455,0.052117,0.90619,1.6415,2.1166,2.6462,3.0382,3.2469,3.3915,3.3666,3.232,2.8794,2.3556,1.6898,1.1178,0.32421,-0.40308,-0.85569,-1.246,-1.3893,-1.319,-1.1873,-0.93257,-0.61903,-0.38055,-0.048573,0.25855,0.48561,0.78542,1.0894,1.4294,1.7083,2.1351,2.6147,3.0099,3.5403,4.0538,4.4004,4.7858,5.086,5.2815,5.3775,5.4496,5.4112,5.3432,5.2379,5.0762,4.8636,4.6752,4.3461,3.8972,3.4794,2.7725,1.8335,0.99498,-0.33881,-1.9779,-3.8548,-5.3309,-7.0783,-7.8859,-7.6222,-6.5263,-5.2754,-4.4108,-3.3986,-2.6456,-2.1109,-1.8382,-1.6863,-1.7798,-2.0075,-2.5465,-3.4415,-4.6334,-5.6321,-6.8753,-7.3952,-6.9473,-5.5905,-4.1195,-3.1416,-2.064,-1.3073,-0.82516,-0.61572,-0.60126,-0.78193,-1.0165,-1.479,-2.0692,-2.5264,-3.0799,-3.4718,-3.6982,-3.6117,-3.3334,-3.1116,-2.9737,-2.8433,-2.9342,-3.2522,-3.5824,-4.1422,-4.7244,-4.9733,-4.7623,-3.854,-2.8232,-1.2308,0.32393,1.6958,2.5775,3.5453,4.2504,4.6024,4.8372,4.7896,4.5428,3.9301,2.9344,1.4531,-0.046519,-2.8369,-7.2079,-13.007,-21.029,-9.7276,-5.0836,-2.9795,-1.0891,0.2117,0.91033,1.5658,2.0077,2.2318,2.3859,2.4632,2.3768,2.214,1.9139,1.4852,1.0608,0.39723,-0.32493,-0.8909,-1.6218,-2.1867,-2.5107,-2.6293,-2.67,-2.6949,-2.7722,-3.0464,-3.5401,-4.2537,-4.9726,-6.0593,-7.228,-8.0009,-8.5848,-8.4427,-7.9242,-6.868,-5.6424,-4.4141,-3.5751,-2.5686,-1.7187,-1.2004,-0.68997,-0.40627,-0.34197,-0.47911,-0.89443,-1.6174,-2.3804,-3.7417,-5.5206,-7.1207,-9.3566,-10.534,-9.5115
-4.6478,-6.004,-7.248,-7.3236,-6.6763,-5.5799,-4.5666,-3.9126,-3.2934,-2.8399,-2.508,-2.2772,-2.0097,-1.7561,-1.5575,-1.2781,-0.94305,-0.69505,-0.32166,0.087629,0.56859,0.96611,1.5405,2.1125,2.5079,2.9814,3.3346,3.5186,3.613,3.5297,3.2881,3.0003,2.4928,1.8705,1.3598,0.61251,-0.15362,-0.85236,-1.2852,-1.6285,-1.6852,-1.5856,-1.3453,-1.1496,-1.058,-1.0543,-1.153,-1.2158,-1.1241,-0.65137,0.20288,1.0215,2.1877,3.3005,4.0597,4.9157,5.6039,6.127,6.4367,6.7373,6.903,6.9939,7.0291,6.9545,6.7972,6.6096,6.2286,5.6992,5.1869,4.3011,3.1413,2.0891,0.33392,-1.9704,-5.0079,-8.0709,-14.103,-18.385,-13.918,-9.3885,-6.5473,-5.1189,-3.715,-2.633,-1.8508,-1.4541,-1.1465,-1.1206,-1.3493,-2.0293,-3.2038,-5.2181,-7.485,-12.18,-17.497,-13.131,-7.7336,-4.5305,-2.8581,-1.374,-0.49198,-0.082098,0.014634,-0.20301,-0.82602,-1.5002,-2.7548,-4.5313,-6.2147,-8.9005,-11.627,-11.904,-10.168,-7.7435,-6.1114,-5.2866,-4.6145,-4.5472,-5.0969,-5.8962,-7.6643,-10.933,-15.482,-30.388,-13.853,-8.9146,-4.8204,-2.019,0.10114,1.352,2.6787,3.6865,4.2501,4.7426,4.9756,4.9747,4.7257,4.184,3.3768,2.6098,1.4254,0.22766,-0.51719,-1.0441,-0.90214,-0.40679,0.025944,0.57249,0.95704,1.1448,1.3516,1.5322,1.6794,1.8525,2.0501,2.2177,2.2187,2.0294,1.6099,1.0552,-0.058227,-1.6184,-3.1851,-5.7655,-8.2019,-8.4247,-7.0839,-5.0518,-3.5735,-2.8951,-2.5255,-2.7134,-3.4775,-4.5071,-6.5975,-9.8764,-13.836,-25.174,-17.153,-11.935,-7.959,-5.4261,-3.632,-2.587,-1.5038,-0.67064,-0.19669,0.24526,0.4833,0.48616,0.25226,-0.2881,-1.1984,-2.1636,-3.8922,-6.2375,-8.4963,-12.251,-14.955,-12.798
-6.283,-9.9018,-16.859,-13.544,-9.2323,-5.5874,-3.287,-2.1377,-1.1091,-0.47192,-0.16438,-0.083755,-0.19046,-0.47058,-0.78675,-1.2876,-1.812,-2.2045,-2.5997,-2.7769,-2.5592,-2.0944,-1.1271,0.11845,1.0922,2.3067,3.3429,3.9607,4.5779,4.9262,4.9848,4.8471,4.4042,3.636,2.8356,1.3792,-0.58269,-3.174,-5.3788,-7.5325,-6.7576,-5.1433,-3.3797,-2.3506,-2.1226,-2.5811,-4.0297,-6.9002,-10.097,-11.148,-5.7637,-2.5014,0.63751,2.8337,4.0604,5.3133,6.2101,6.8607,7.2126,7.5411,7.8264,7.9992,8.1511,8.2696,8.3116,8.2628,8.0927,7.764,7.3805,6.7025,5.8174,4.9702,3.6595,2.1483,0.45859,-0.79278,-2.2895,-3.3501,-3.7567,-3.899,-3.7335,-3.3684,-2.7399,-1.913,-0.95536,-0.2726,0.53651,1.1415,1.4108,1.5081,1.3746,0.98526,0.61164,0.23592,0.12124,0.35497,0.94632,1.6258,2.1177,2.5734,2.7712,2.6782,2.378,1.8079,0.9137,0.0092142,-1.4562,-3.3281,-5.1071,-7.8665,-10.408,-10.823,-8.7897,-6.5437,-4.7734,-3.7736,-3.1179,-2.911,-3.096,-3.5638,-4.3844,-5.3358,-5.954,-6.0744,-5.2395,-4.1483,-2.4126,-0.7249,0.84863,1.9177,3.1837,4.2459,4.9286,5.6656,6.1938,6.4719,6.6548,6.6568,6.494,6.2674,5.8808,5.4388,5.0946,4.6318,4.1947,3.7071,3.2753,2.5909,1.6842,0.87548,-0.21948,-1.0004,-1.0657,-0.24942,0.91796,2.0815,2.7889,3.3366,3.4294,3.212,2.4442,1.0587,-0.40288,-2.9797,-5.6191,-5.6561,-3.9833,-1.5794,0.12714,0.95492,1.543,1.5916,1.1735,0.59436,-0.52941,-1.8716,-2.8935,-3.8107,-3.8138,-3.3221,-2.3984,-1.5212,-0.80597,-0.34116,0.23348,0.78095,1.1858,1.6922,2.1033,2.3006,2.3484,2.1191,1.5592,0.91468,-0.23542,-1.7054,-2.9485,-4.7152,-6.3323,-7.4324
-0.9901,-1.6223,-2.055,-1.886,-1.4121,-0.6407,0.17278,0.64966,1.0778,1.2311,1.0535,0.66184,-0.13548,-1.2775,-2.3639,-4.1412,-6.2052,-7.7925,-9.9811,-12.26,-14.41,-13.762,-9.4303,-5.1483,-2.5398,0.18925,2.2677,3.4417,4.6149,5.3961,5.8103,5.898,5.7137,5.1598,4.4665,3.1641,1.3171,-1.1918,-3.4279,-5.5692,-4.6417,-3.0037,-1.1732,-0.086636,0.22646,0.062422,-0.67506,-1.7722,-2.5025,-2.4048,-0.94969,0.50612,2.3109,3.7683,4.5603,5.281,5.6663,5.8042,5.7773,5.696,5.7521,5.8745,6.2583,6.8407,7.4038,7.7531,8.0886,8.1892,8.1047,7.8013,7.2604,6.6957,5.8069,4.7497,3.5392,2.5676,1.1934,-0.32525,-1.5578,-3.4307,-5.7713,-7.4457,-8.0214,-5.8555,-2.9779,-1.0474,1.0518,2.6091,3.5335,4.4554,5.0548,5.4949,5.6979,5.8681,6.025,6.0855,6.1097,6.1137,5.9986,5.7137,5.2673,4.6293,3.9576,2.9391,1.8152,0.8848,-0.2898,-1.3063,-1.939,-2.4843,-2.7181,-2.6056,-2.1306,-1.6927,-1.2111,-0.86096,-0.71968,-0.78897,-1.0425,-1.4161,-2.0048,-2.4953,-2.8074,-3.0552,-2.9105,-2.6045,-2.0034,-1.1183,-0.091264,0.71936,1.8904,3.054,3.8863,4.936,5.8346,6.386,6.9672,7.3718,7.5716,7.6063,7.5209,7.2908,7.0479,6.6185,6.0257,5.302,4.6107,3.3561,1.6403,-0.16675,-3.9779,-11.417,-16.005,-5.7748,-0.55153,2.3717,3.87,5.2803,6.0853,6.4148,6.5519,6.3891,6.1714,5.8129,5.5645,5.5422,5.6586,5.9601,6.2911,6.4864,6.6238,6.5687,6.3273,6.0574,5.5676,4.9477,4.4837,3.8479,3.2057,2.7073,1.9592,1.0468,-0.066866,-0.96922,-1.8496,-1.7195,-0.88304,0.66645,2.0993,2.9631,3.7647,4.1458,4.1433,3.8955,3.225,2.1496,1.0664,-0.86896,-3.7198,-8.1233
-1.1281,-0.88782,-0.32191,0.32382,0.79299,1.3832,1.7799,1.9528,2.0074,1.7463,1.1809,0.48079,-0.79476,-2.666,-4.5305,-8.013,-13.283,-19.628,-24.517,-18.477,-15.985,-13.964,-10.057,-5.8846,-3.3204,-0.56095,1.5315,2.7787,4.0372,4.9185,5.5189,5.8015,5.9859,5.9695,5.8275,5.5037,5.0349,4.533,4.2111,3.9262,3.8586,3.9442,4.1361,4.2639,4.2794,4.1997,4.0037,3.7957,3.6798,3.6553,3.8145,3.9938,4.2579,4.4358,4.4747,4.269,3.6849,2.5774,1.3575,-0.86526,-3.41,-3.7917,-1.2242,1.7125,3.9062,5.1277,6.2181,6.8184,7.0224,6.9629,6.6022,6.1997,5.4308,4.5173,3.486,2.6286,1.4027,0.011188,-1.2302,-3.1326,-5.6615,-7.676,-8.5757,-6.0026,-2.6823,-0.56266,1.7459,3.5196,4.586,5.7506,6.607,7.245,7.6016,7.8973,8.0501,8.0471,7.9117,7.6178,7.2509,6.5922,5.6656,4.486,3.4049,1.5509,-0.60884,-2.4183,-4.7821,-5.8894,-5.5048,-4.2054,-2.7724,-1.432,-0.89546,-0.23315,0.20461,0.20962,0.085891,-0.3876,-1.2428,-2.0033,-3.3962,-4.9525,-6.0994,-7.3486,-7.8102,-7.6638,-7.1916,-6.5639,-5.8037,-5.03,-3.5882,-1.7202,-0.26865,1.5295,3.0938,4.0511,5.0592,5.7543,6.1691,6.3301,6.3488,6.1734,5.9544,5.5787,5.1165,4.6407,4.2551,3.6895,3.0938,2.6066,2.0513,1.831,2.0423,2.9697,4.1584,5.5487,6.4652,7.4965,8.323,8.7641,9.1833,9.4405,9.5288,9.5796,9.5847,9.5568,9.5485,9.5264,9.4944,9.4552,9.3679,9.24,9.0422,8.8275,8.4848,8.0441,7.6563,7.0126,6.1949,5.4253,4.0923,2.2639,-0.36007,-3.2924,-9.5917,-10.667,-5.272,-0.69636,2.0798,3.5037,4.8142,5.5986,5.989,6.0619,5.9019,5.5104,5.0851,4.4286,3.7583,3.3048
-7.9549,-4.7169,-1.9122,-0.12005,0.78454,1.6007,2.038,2.1707,2.0779,1.7363,1.1638,0.6317,-0.38612,-1.6486,-2.7951,-4.4664,-6.3753,-7.4619,-7.9565,-7.3072,-5.974,-4.7808,-3.0889,-1.504,-0.36759,0.93839,1.9796,2.5646,3.1688,3.6056,3.9687,4.2479,4.6674,5.1416,5.5177,5.9547,6.3267,6.6135,6.7759,6.9135,6.9794,6.9806,6.9029,6.7373,6.5534,6.2084,5.7751,5.2796,4.9192,4.4571,4.0822,3.8862,3.7203,3.573,3.4399,3.1344,2.5463,1.5149,0.37975,-1.7265,-3.6282,-3.9733,-1.817,0.84444,2.9331,4.0786,5.0768,5.5924,5.6849,5.4583,4.8996,4.2722,3.2279,2.0575,0.9062,0.14713,-0.63069,-1.1248,-1.348,-1.5203,-1.4838,-1.3903,-0.8899,-0.055272,1.0317,1.9774,3.188,4.3613,5.1639,6.0544,6.8438,7.4206,7.7449,8.0553,8.143,8.1199,7.9302,7.4996,7.088,6.316,5.2762,3.9206,2.7133,0.61381,-2.1393,-4.8045,-9.5557,-12.205,-9.468,-5.5501,-2.888,-1.1405,-0.31501,0.49509,0.83564,0.82724,0.49561,-0.28093,-1.5567,-2.8793,-5.3402,-9.146,-13.302,-26.341,-21.218,-16.159,-13.588,-14.022,-17.677,-23.745,-16.193,-8.9535,-5.5146,-2.2094,0.060482,1.3448,2.5903,3.358,3.7585,3.8168,3.6011,3.1101,2.5677,1.7672,1.1352,0.79963,0.89849,1.4419,2.1325,2.7224,3.5266,4.2843,4.8861,5.7425,6.6155,7.4294,8.0477,8.7587,9.3643,9.746,10.118,10.363,10.459,10.493,10.415,10.259,10.106,9.8723,9.6366,9.4786,9.3069,9.1897,9.1132,9.058,8.9601,8.8205,8.6276,8.2827,7.7962,7.3287,6.5738,5.6658,4.7089,4.0481,3.4355,3.3664,3.6938,4.4483,5.3212,5.9235,6.5818,7.0559,7.3297,7.4183,7.4259,7.3396,7.2383,7.1115,7.0646,7.1028
-3.0418,-1.9898,-0.61637,0.43682,0.97431,1.309,1.3406,1.1632,0.68698,0.13115,-0.47574,-0.83594,-1.2138,-1.4002,-1.4928,-1.51,-1.5082,-1.3928,-1.157,-0.75493,-0.22676,0.20595,0.788,1.2598,1.512,1.6405,1.5053,1.158,0.37794,-0.66293,-1.6127,-1.7863,-0.86153,0.85651,2.2213,3.8112,5.0902,6.027,6.535,6.9926,7.2228,7.2492,7.0926,6.7378,6.3358,5.5958,4.6415,3.4543,2.4327,0.96277,-0.36638,-0.98395,-1.0584,-0.42009,0.18651,0.9433,1.4986,1.8168,1.893,1.9915,2.1658,2.3344,2.8582,3.4116,3.9989,4.3274,4.5513,4.5062,4.2182,3.5378,2.4031,1.1923,-0.83816,-3.669,-7.0791,-9.286,-9.2859,-6.9979,-5.3492,-3.793,-2.5423,-1.8236,-1.0152,-0.20759,0.5978,1.2468,2.1162,3.002,3.6549,4.4157,5.0924,5.6329,5.9245,6.1992,6.2913,6.2638,6.0734,5.6974,5.3283,4.6522,3.8565,2.8334,2.0397,0.91188,-0.2774,-1.0251,-1.8112,-2.0694,-1.905,-1.3645,-0.5676,0.058724,0.56132,1.0727,1.1935,1.2209,0.87631,0.27133,-0.68221,-1.6537,-3.1339,-4.9436,-6.2428,-7.782,-8.5511,-8.805,-8.9561,-9.2513,-9.4474,-9.2455,-8.1962,-6.2952,-4.8046,-2.948,-1.4469,-0.57264,0.2853,0.77977,0.92924,0.74698,0.10651,-1.0782,-2.4972,-5.3851,-10.088,-14.348,-10.236,-5.0917,-1.8599,-0.10606,1.68,3.0229,3.8823,4.772,5.6702,6.4147,6.9403,7.5978,8.1286,8.4731,8.8096,8.9782,9.0077,8.8755,8.5427,8.0396,7.5383,6.78,6.0229,5.55,5.2043,5.2457,5.6253,6.0414,6.5711,7.0043,7.2128,7.3641,7.3529,7.2538,7.0386,6.7621,6.4779,6.3043,6.1496,6.1157,6.1712,6.3162,6.5043,6.6384,6.7602,6.7895,6.7026,6.5706,6.327,6.0517,5.877,5.7323,5.7813,6.0161
0.92545,1.171,1.3996,1.4672,1.3794,0.98254,0.21264,-0.66369,-2.2327,-4.3251,-6.5574,-7.5708,-6.7683,-4.7968,-3.3433,-1.7932,-0.52964,0.18886,0.9501,1.5501,2.0145,2.2581,2.434,2.4647,2.3257,1.8936,1.0922,0.18642,-1.6659,-4.6382,-9.8118,-14.621,-8.7949,-3.2621,-0.61464,1.8878,3.629,4.8313,5.4557,5.9937,6.2356,6.2393,6.0182,5.5352,4.9842,3.9907,2.6275,0.76621,-1.1124,-4.5794,-10.744,-22.996,-13.63,-6.7205,-3.9609,-1.6112,-0.091071,0.96394,1.5364,2.1499,2.5461,2.8767,3.2152,3.4745,3.6671,3.7063,3.6273,3.3146,2.9033,2.0875,0.8827,-0.28369,-2.3267,-5.0084,-8.168,-10.125,-10.136,-8.1872,-6.7925,-5.4207,-4.6913,-4.2985,-4.0134,-3.7924,-3.3481,-2.8932,-2.0036,-0.96778,-0.22165,0.78505,1.5565,2.1711,2.51,2.7553,2.887,2.8436,2.6604,2.3771,2.0049,1.4299,0.74363,-0.043266,-0.68414,-1.3802,-1.9702,-2.2279,-2.275,-2.0499,-1.7068,-1.1448,-0.55132,-0.0013036,0.42369,0.76394,0.96463,1.0025,0.85484,0.55427,0.085951,-0.37662,-1.031,-1.7512,-2.2847,-2.8784,-3.4278,-3.7036,-4.0495,-4.2364,-4.3444,-4.3394,-4.1854,-3.9177,-3.632,-3.2952,-2.9023,-2.6075,-2.2633,-1.9387,-1.7756,-1.7958,-2.0658,-2.723,-3.4331,-4.783,-6.0343,-6.512,-5.8255,-4.1636,-2.4782,-1.3578,-0.2632,0.60379,1.124,1.718,2.2429,2.9069,3.4085,4.1467,4.8726,5.3343,5.8345,6.1157,6.1591,5.944,5.4007,4.4372,3.3838,1.4137,-1.4449,-4.2708,-7.3196,-5.0032,-1.4447,0.57077,2.4909,3.7298,4.3799,4.9023,5.1334,5.1689,5.0823,4.9341,4.7679,4.6767,4.6327,4.6737,4.7471,4.869,4.9671,4.9808,4.8968,4.6233,4.1376,3.6117,2.6647,1.4841,0.54879,-0.44354,-0.61692,0.29374
1.2815,1.4585,1.5365,1.4019,1.1243,0.52159,-0.48327,-1.5369,-3.491,-6.2725,-9.9671,-12.05,-9.9242,-6.3233,-4.2106,-2.099,-0.59242,0.24093,1.0982,1.6859,2.0534,2.2122,2.2757,2.1693,1.9903,1.6164,1.0731,0.58679,-0.16536,-0.89948,-1.3962,-1.45,-0.96667,-0.027523,0.81168,1.8916,2.7944,3.4786,3.8364,4.1098,4.1451,4.0353,3.723,3.2132,2.7145,1.8878,0.85668,-0.36647,-1.398,-2.8383,-4.1237,-4.7136,-4.7184,-3.9912,-3.2713,-2.3237,-1.5277,-0.93235,-0.54249,-0.15601,0.18914,0.44661,0.70103,0.98768,1.1604,1.2463,1.2456,1.0746,0.85352,0.34506,-0.30179,-0.93611,-1.9032,-2.8929,-3.8541,-4.4356,-5.0285,-5.4037,-5.691,-6.1602,-6.9459,-7.8976,-9.6536,-12.156,-14.273,-13.613,-10.553,-7.7123,-6.0696,-4.5116,-3.4587,-2.8554,-2.5932,-2.4499,-2.4788,-2.5544,-2.7143,-2.9849,-3.2662,-3.8101,-4.6895,-5.7558,-6.8523,-8.4165,-9.5331,-9.7248,-8.7695,-7.1673,-5.9615,-4.4722,-3.2969,-2.2845,-1.7641,-1.307,-0.94182,-0.8834,-0.839,-0.98686,-1.1988,-1.392,-1.7195,-2.0043,-2.2271,-2.4772,-2.7209,-2.898,-3.1303,-3.4065,-3.7569,-4.0818,-4.6036,-5.3001,-5.9276,-6.8341,-7.6848,-8.0206,-7.8061,-6.9502,-5.8909,-5.1155,-4.3238,-3.8267,-3.6036,-3.4301,-3.3363,-3.1972,-3.0533,-2.8416,-2.6709,-2.658,-2.8383,-3.3004,-3.8952,-4.6515,-5.2844,-4.9847,-4.0131,-2.3616,-0.68151,0.38644,1.4678,2.1984,2.4786,2.5439,2.2215,1.4866,0.65103,-0.91124,-2.9442,-4.5757,-5.8523,-5.0065,-2.9663,-1.5693,-0.11588,0.85046,1.2807,1.4969,1.3747,1.0913,0.51959,-0.16697,-0.7671,-1.045,-1.0508,-0.66801,-0.23273,0.39278,0.91387,1.178,1.3012,1.1189,0.5593,-0.16845,-1.6572,-4.032,-6.7831,-13.469,-21.04,-9.3071
0.55992,0.78852,0.96048,0.96165,0.84061,0.51605,0.026882,-0.44197,-1.1646,-1.8619,-2.3828,-2.5717,-2.3936,-1.8745,-1.3583,-0.6223,0.018862,0.42491,0.82468,1.0696,1.1566,1.1364,1.0136,0.77744,0.56693,0.26176,-0.028263,-0.22335,-0.38448,-0.43524,-0.34082,-0.16778,0.1722,0.58976,0.9206,1.3356,1.6466,1.8169,1.8363,1.6986,1.392,1.0623,0.52502,-0.060545,-0.49713,-1.0586,-1.5558,-1.9955,-2.2985,-2.6679,-2.9465,-3.1151,-3.2698,-3.3396,-3.4049,-3.5248,-3.7162,-3.9735,-4.1939,-4.4326,-4.4016,-4.3164,-3.9145,-3.3937,-2.8657,-2.5111,-2.1809,-1.9891,-1.968,-2.0568,-2.3017,-2.5567,-2.946,-3.3922,-3.8567,-4.2127,-4.6935,-5.2428,-5.72,-6.5678,-7.6325,-8.7779,-10.729,-13.29,-15.245,-14.944,-12.493,-10.218,-8.9159,-7.8845,-7.4845,-7.6354,-8.107,-8.9204,-9.8196,-10.12,-9.9818,-9.5392,-9.144,-9.0684,-9.5445,-10.772,-12.286,-15.889,-22.431,-25.35,-17.044,-12.311,-9.9622,-7.7605,-6.1654,-5.0638,-4.5303,-3.9621,-3.7436,-3.686,-3.8047,-4.0521,-4.3801,-4.5983,-4.8207,-4.8898,-4.8342,-4.6998,-4.479,-4.3716,-4.2845,-4.3891,-4.6866,-5.1038,-5.9908,-7.3462,-8.8382,-11.691,-16.868,-25.652,-22.095,-13.954,-10.022,-8.1206,-6.3752,-5.1647,-4.5551,-3.9481,-3.6004,-3.3895,-3.3554,-3.4672,-3.7705,-4.2101,-5.062,-6.5185,-8.1539,-11.643,-18.555,-21.396,-13.906,-8.4894,-5.3428,-3.683,-2.1063,-1.0797,-0.57259,-0.19672,-0.12976,-0.29184,-0.54131,-0.95709,-1.3925,-1.6528,-1.8212,-1.7383,-1.4833,-1.2476,-0.99163,-0.88203,-1.0002,-1.4337,-2.2676,-3.2167,-5.011,-7.6453,-11.301,-14.16,-13.515,-9.7388,-7.428,-5.1918,-3.6611,-2.847,-2.1543,-1.8315,-1.876,-2.133,-2.7519,-3.62,-4.3501,-5.1116,-5.3227,-4.7594
0.18184,0.43338,0.68779,0.83889,0.89818,0.88356,0.8161,0.72945,0.59625,0.45445,0.37305,0.35283,0.39023,0.48849,0.59551,0.72643,0.82072,0.86043,0.7976,0.62519,0.32321,0.00098766,-0.53224,-1.1543,-1.6498,-2.27,-2.6959,-2.841,-2.7146,-2.2944,-1.6921,-1.1916,-0.55619,0.010592,0.34068,0.62998,0.7288,0.59269,0.32094,-0.28681,-1.1566,-1.9745,-3.2431,-4.4941,-5.2391,-5.6984,-5.4929,-4.9382,-4.4777,-3.9708,-3.6228,-3.489,-3.51,-3.77,-4.1284,-4.8824,-6.0123,-7.559,-9.0996,-11.387,-13.009,-12.768,-10.661,-8.5979,-6.9252,-6.0208,-5.1997,-4.6886,-4.5245,-4.4181,-4.5051,-4.5756,-4.7146,-4.868,-4.9775,-5.0671,-5.1706,-5.3208,-5.4453,-5.7479,-6.0969,-6.4292,-6.8978,-7.2949,-7.5224,-7.5377,-7.3807,-7.1972,-7.1567,-7.3194,-7.9848,-9.291,-10.932,-14.417,-21.546,-45.793,-19.723,-14.32,-12.172,-10.658,-9.9475,-10.021,-10.202,-10.806,-11.116,-11.105,-10.503,-9.5633,-8.7271,-7.7149,-6.8392,-6.2144,-5.9214,-5.5907,-5.7296,-5.9133,-6.597,-7.5143,-8.8015,-9.7817,-10.653,-10.512,-9.6588,-8.2114,-6.8258,-5.9743,-5.1404,-4.6582,-4.4989,-4.6027,-5.0515,-5.7966,-6.5872,-7.8093,-9.0358,-9.6171,-9.5577,-8.67,-7.4335,-6.567,-5.5884,-4.8308,-4.3958,-3.9785,-3.7064,-3.5679,-3.5412,-3.6197,-3.8473,-4.1227,-4.649,-5.3626,-5.9955,-6.9091,-7.4228,-7.3833,-6.8541,-5.8319,-4.6546,-3.8828,-2.9899,-2.3578,-2.0136,-1.7414,-1.6235,-1.6193,-1.6667,-1.7268,-1.7718,-1.7716,-1.7134,-1.5708,-1.4491,-1.3653,-1.3395,-1.481,-1.7421,-2.3174,-3.2495,-4.2102,-5.9189,-8.1507,-10.651,-12.108,-12.097,-10.322,-8.8103,-7.0542,-5.6298,-4.7462,-3.7885,-3.0913,-2.6325,-2.4337,-2.3672,-2.4601,-2.6256,-2.9025,-3.2034,-3.4837
-0.17623,0.10374,0.42642,0.70653,0.8996,1.1197,1.2922,1.3992,1.5247,1.6143,1.6858,1.7415,1.772,1.7853,1.7664,1.6815,1.5333,1.3543,1.0149,0.53068,-0.12767,-0.77151,-1.8856,-3.3106,-4.6604,-6.8359,-9.0291,-9.7871,-8.6161,-6.2193,-3.9945,-2.6302,-1.1977,-0.15737,0.38787,0.80912,0.90774,0.65778,0.2281,-0.70403,-2.143,-3.6403,-6.4974,-11.088,-17.13,-20.152,-11.804,-7.7923,-5.9503,-4.3001,-3.341,-2.9326,-2.7391,-2.9478,-3.3267,-4.1967,-5.5572,-7.5015,-9.479,-13.054,-16.191,-15.755,-12.212,-9.5716,-7.7613,-6.9346,-6.2787,-6.1008,-6.1815,-6.5197,-6.9338,-7.2133,-7.4427,-7.371,-7.0472,-6.6938,-6.1684,-5.6231,-5.2606,-4.7969,-4.4665,-4.2156,-3.9824,-3.7529,-3.6016,-3.484,-3.4258,-3.4357,-3.5798,-3.9168,-4.5362,-5.4136,-6.2766,-7.5566,-8.7057,-9.1062,-8.9179,-8.099,-7.4935,-6.8299,-6.4504,-6.3668,-6.443,-6.6391,-6.924,-7.0949,-7.2681,-7.2786,-7.2009,-6.9388,-6.6073,-6.2459,-5.9555,-5.8543,-5.9456,-6.3017,-7.1768,-8.7244,-11.297,-14.504,-22.663,-20.662,-14.517,-9.8244,-6.9881,-5.4682,-4.0348,-3.0685,-2.5,-2.266,-2.1799,-2.3099,-2.4986,-2.854,-3.1814,-3.3938,-3.5695,-3.6533,-3.6466,-3.6376,-3.6011,-3.6212,-3.6234,-3.6645,-3.6521,-3.6236,-3.5549,-3.4408,-3.3579,-3.3036,-3.3454,-3.3966,-3.4394,-3.5787,-3.5902,-3.5726,-3.4527,-3.253,-3.0086,-2.8364,-2.6744,-2.5877,-2.6035,-2.7402,-2.9515,-3.2277,-3.4102,-3.5652,-3.5179,-3.3322,-2.9117,-2.3886,-1.8482,-1.4915,-1.1459,-1.0183,-1.0352,-1.2963,-1.8049,-2.3425,-3.238,-4.2604,-5.322,-6.0307,-6.7836,-7.2366,-7.3311,-7.082,-6.3475,-5.5783,-4.3731,-3.2179,-2.2429,-1.6849,-1.1933,-1.0001,-1.0436,-1.3961,-2.0693,-3.1807
-1.5109,-1.1088,-0.58155,-0.090429,0.2191,0.61661,0.96742,1.2217,1.5351,1.8405,2.075,2.1994,2.3075,2.3208,2.2612,2.1192,1.8792,1.6257,1.2321,0.70471,0.012481,-0.62835,-1.7466,-3.2676,-4.7729,-7.4896,-11.107,-12.899,-10.211,-6.2948,-3.3254,-1.6571,0.038786,1.2277,1.8552,2.3799,2.5498,2.3996,2.0788,1.3517,0.28783,-0.73997,-2.3491,-4.0531,-5.0684,-5.4442,-4.6623,-3.4012,-2.4754,-1.4866,-0.79639,-0.49358,-0.34331,-0.44862,-0.71083,-1.253,-1.9892,-2.8833,-3.5751,-4.4202,-4.9951,-5.1571,-5.0481,-4.8404,-4.6927,-4.7487,-5.1031,-5.9162,-6.8028,-8.564,-10.798,-12.791,-14.356,-13.401,-11.307,-9.7336,-7.9803,-6.5063,-5.5529,-4.3822,-3.329,-2.637,-1.7915,-1.1004,-0.51375,-0.17118,0.18208,0.39567,0.48266,0.43706,0.29016,0.016775,-0.21201,-0.56541,-0.86274,-1.0377,-1.1764,-1.2574,-1.324,-1.4257,-1.7006,-2.0556,-2.5245,-3.2344,-4.2158,-5.0472,-6.3192,-7.5357,-8.2391,-8.4503,-7.7808,-6.6798,-5.8058,-5.0376,-4.4224,-4.3118,-4.3376,-4.8019,-5.3806,-5.9076,-6.1912,-5.8725,-5.1448,-3.8913,-2.5625,-1.6673,-0.6346,0.17456,0.75603,1.0528,1.2864,1.3273,1.272,1.0837,0.79448,0.51898,0.081162,-0.41787,-1.0253,-1.5303,-2.3133,-3.1784,-3.8726,-4.682,-5.2162,-5.2263,-4.9274,-4.2623,-3.4951,-2.9896,-2.4159,-2.0461,-1.8802,-1.7123,-1.7677,-1.8254,-1.9491,-2.0679,-2.2492,-2.3623,-2.589,-2.8833,-3.216,-3.8158,-4.7251,-5.9341,-7.0116,-8.3662,-8.7235,-7.9318,-6.0533,-4.1137,-2.4516,-1.4632,-0.46597,0.22189,0.52621,0.67481,0.56343,0.30485,-0.25132,-1.0575,-2.1577,-3.203,-5.0093,-7.5108,-10.049,-13.576,-11.972,-8.6865,-5.0843,-2.496,-0.6634,0.32285,1.2286,1.6945,1.787,1.5673,0.92252,-0.18869
-4.4375,-3.4329,-2.4735,-1.9114,-1.6392,-1.3411,-0.9004,-0.45794,0.22173,0.91568,1.5017,1.7977,2.0271,2.0245,1.9079,1.6359,1.2729,1.0172,0.67852,0.38918,0.11616,-0.11715,-0.45833,-0.91187,-1.2634,-1.6553,-1.843,-1.6717,-1.0509,-0.023372,1.1727,2.0598,3.1116,3.9691,4.4475,4.8805,5.067,5.0211,4.839,4.4336,3.8751,3.3879,2.7442,2.1763,1.8503,1.6297,1.6408,1.8387,2.0543,2.2951,2.4948,2.5677,2.5379,2.3783,2.1581,1.7744,1.3376,0.86295,0.53374,0.19489,-0.13628,-0.2314,-0.45754,-0.62781,-0.9895,-1.3728,-2.2149,-3.4439,-4.767,-7.1127,-10.522,-13.649,-17.233,-15.519,-12.638,-11.076,-9.3834,-7.8038,-6.4842,-4.7042,-2.9006,-1.6872,-0.23973,0.96246,1.9611,2.5592,3.2194,3.7002,3.9847,4.2554,4.4296,4.5036,4.523,4.4975,4.4364,4.3455,4.2008,3.9692,3.7646,3.3659,2.8385,2.1108,1.4267,0.21949,-1.3502,-2.8996,-5.6923,-10.172,-16.346,-24.278,-11.535,-6.7535,-4.7676,-2.7483,-1.5746,-0.92035,-0.45227,-0.17801,-0.085246,0.0016694,0.11267,0.37526,0.6687,1.2127,1.8423,2.3506,3.0003,3.5834,4.0521,4.3068,4.494,4.5276,4.4321,4.1855,3.7641,3.3576,2.6827,1.8516,0.84036,-0.079967,-1.6139,-3.5891,-5.5816,-9.1574,-14.108,-13.872,-10.181,-6.4828,-3.9847,-2.7263,-1.5179,-0.85881,-0.64612,-0.62068,-0.90461,-1.3834,-1.8573,-2.5086,-3.0419,-3.3307,-3.4989,-3.646,-3.8038,-4.2818,-5.2527,-7.005,-9.0857,-13.662,-18.305,-13.393,-7.706,-4.1037,-1.6084,-0.23729,1.1585,2.1633,2.6715,3.1211,3.3016,3.2768,3.0241,2.5189,1.7417,0.94663,-0.44353,-2.2373,-3.7376,-5.1709,-4.4516,-2.7737,-0.32342,1.7433,3.3413,4.2552,5.1395,5.6951,5.9052,5.9585,5.7551,5.3491
-4.0913,-3.2094,-2.9029,-3.6637,-4.7539,-6.6433,-6.944,-5.3717,-2.6485,-0.52871,0.86738,1.4836,1.7773,1.5227,1.0321,0.015925,-1.1362,-1.8171,-2.2474,-1.8933,-1.1827,-0.70755,-0.12925,0.29359,0.57271,0.98171,1.4973,1.9996,2.8061,3.7149,4.6504,5.3363,6.1515,6.8186,7.1929,7.5086,7.6319,7.5431,7.3465,6.964,6.4683,6.0621,5.5374,5.0929,4.8541,4.6745,4.6617,4.7516,4.8506,4.9793,5.0275,4.9955,4.82,4.4848,4.152,3.6089,3.0155,2.5083,2.242,2.1104,2.1992,2.3754,2.5619,2.7405,2.7126,2.5492,2.0592,1.271,0.46898,-0.83549,-2.3409,-3.5561,-5.1004,-6.6626,-8.4111,-10.336,-13.739,-14.4,-10.798,-5.9441,-2.6007,-0.60426,1.4089,2.981,4.1822,4.9034,5.6748,6.2738,6.6298,7.0585,7.4012,7.6978,7.8712,8.0711,8.195,8.232,8.1993,8.0525,7.8746,7.4761,6.9645,6.2295,5.6077,4.5465,3.3232,2.2534,0.73958,-0.75833,-1.588,-1.9104,-1.2466,0.071117,0.8775,2.099,2.8255,3.3089,3.5843,3.7438,3.6354,3.5615,3.3517,3.2813,3.3193,3.6298,4.1838,4.7305,5.4899,6.1876,6.7476,7.0391,7.2355,7.2266,7.0538,6.6529,6.0535,5.4992,4.638,3.6402,2.5771,1.6769,0.3528,-1.171,-2.5345,-4.5032,-6.0887,-5.9454,-4.7173,-2.6638,-0.90542,0.091681,0.97346,1.3988,1.4311,0.9452,0.07001,-1.4353,-2.9539,-5.6204,-8.0568,-8.6093,-6.9779,-5.0538,-3.9423,-3.079,-2.6676,-2.7181,-2.8318,-2.9823,-2.6748,-2.0444,-0.81258,0.52794,1.9029,2.7904,3.853,4.6785,5.1644,5.6884,6.0369,6.2106,6.3241,6.3102,6.1989,6.0491,5.8114,5.5891,5.501,5.5756,5.9387,6.3923,7.1516,7.9698,8.7294,9.2208,9.7447,10.123,10.307,10.435,10.456,10.391
1.4182,1.1893,0.38087,-1.174,-2.9162,-5.9399,-6.9843,-4.8442,-1.5625,0.67714,1.9939,2.4903,2.4506,1.6857,0.53895,-2.1014,-6.679,-13.661,-17.477,-7.6649,-3.9058,-2.412,-1.4418,-1.0168,-0.87921,-0.5908,0.23067,1.1249,2.6105,4.1341,5.5084,6.3936,7.3658,8.0703,8.4466,8.7033,8.6918,8.4128,8.0442,7.3364,6.4173,5.6507,4.5688,3.6837,3.3089,3.2653,3.6738,4.2775,4.7017,5.2321,5.503,5.5325,5.3324,4.7621,4.1066,2.8695,1.205,-0.5691,-1.51,-1.3562,0.4072,1.7136,3.375,4.4957,5.2707,5.5621,5.6872,5.4627,5.1146,4.4272,3.5016,2.6685,1.3805,-0.13188,-1.961,-3.4967,-5.3689,-5.6309,-4.2556,-1.8891,0.41217,1.7981,3.3273,4.4706,5.2981,5.7739,6.2391,6.6238,6.8702,7.2242,7.6438,8.1556,8.5461,9.0583,9.484,9.7541,9.966,10.04,9.949,9.6986,9.27,8.6552,8.1339,7.3301,6.5159,5.9059,5.2271,4.7437,4.5694,4.5736,4.8593,5.2544,5.6317,6.0847,6.4004,6.481,6.3984,5.9883,5.2386,4.4043,2.965,1.3008,0.33699,0.40839,2.1177,3.6791,5.5746,6.9931,7.9731,8.4182,8.6924,8.5759,8.2649,7.5451,6.5431,5.626,4.2799,2.9613,1.8559,1.3024,0.89617,0.71008,0.69223,0.72596,0.93138,1.3695,1.7914,2.4984,3.1322,3.576,3.8906,3.9566,3.8278,3.1679,2.1161,0.34059,-1.3721,-4.6895,-8.296,-8.8692,-6.1664,-3.4968,-2.0559,-0.8113,-0.026935,0.47423,0.74795,1.0867,1.5093,1.8977,2.5096,3.2338,3.9219,4.4348,5.0529,5.5618,5.9107,6.3147,6.71,7.0091,7.4454,7.8967,8.352,8.6835,9.1108,9.5199,9.8205,10.233,10.651,10.982,11.399,11.785,12.105,12.304,12.499,12.613,12.664,12.688,12.7,12.71
3.3266,3.0409,2.5476,2.0054,1.5738,1.1481,1.033,1.177,1.5823,1.9905,2.3056,2.3155,2.0537,1.3744,0.61146,-0.7115,-2.297,-3.2505,-3.9807,-3.8471,-3.6103,-3.6529,-4.3878,-6.277,-8.857,-14.822,-13.015,-7.6901,-3.1667,-0.16472,1.9278,3.1022,4.2536,5.0412,5.3968,5.6004,5.4596,4.9903,4.3998,3.2023,1.5007,-0.22426,-3.3863,-7.8549,-10.949,-8.548,-4.5195,-1.7742,-0.31704,0.95363,1.7526,2.0444,2.0542,1.6264,0.93784,-0.54833,-2.9652,-6.9022,-10.959,-9.5948,-3.9981,-1.289,1.44,3.1755,4.3659,4.9386,5.3804,5.5053,5.4027,5.0634,4.4996,4.0123,3.1671,2.3012,1.394,0.82444,0.24286,0.001972,0.057677,0.40166,0.89137,1.2605,1.6906,1.9329,1.9518,1.7895,1.3695,0.80015,0.46618,0.33036,0.91797,2.0534,3.0893,4.3886,5.4986,6.1514,6.773,7.1013,7.1605,7.0197,6.5715,5.9205,5.2378,4.2357,3.1421,2.4265,1.759,1.6288,1.8667,2.5062,3.2835,3.9964,4.5563,4.9776,5.3233,5.3309,5.1744,4.5726,3.585,2.3872,0.12164,-3.5781,-7.4662,-8.0495,-2.5632,0.47172,3.1898,4.9765,6.0493,6.4981,6.6401,6.29,5.7365,4.5372,2.7931,1.0439,-1.9953,-5.9808,-9.6816,-9.2383,-6.3401,-3.9638,-2.6544,-1.3536,-0.37146,0.43038,0.98156,1.6226,2.1785,2.4993,2.8307,2.9413,2.8447,2.6144,2.0502,1.2726,0.62383,-0.29876,-1.0053,-1.4063,-1.568,-1.5441,-1.4956,-1.4685,-1.6084,-1.77,-1.923,-1.9441,-1.8004,-1.5381,-1.0147,-0.35152,0.19431,0.55492,0.78737,0.8727,0.85174,0.76564,0.89649,1.2375,2.0627,3.19,4.3935,5.2695,6.3234,7.2379,7.8268,8.492,9.0263,9.3369,9.6426,9.8059,9.8387,9.775,9.5906,9.3144,9.0818,8.804,8.6135,8.5916
2.7354,2.578,2.3548,2.1026,1.9052,1.7024,1.5645,1.5054,1.4722,1.4965,1.4747,1.4106,1.2592,0.97807,0.68099,0.24667,-0.24619,-0.64623,-1.1059,-1.5797,-2.1687,-2.7592,-3.7565,-5.1504,-6.2883,-7.3958,-7.1102,-6.0777,-4.247,-2.6048,-1.265,-0.45779,0.39317,0.99788,1.2762,1.4386,1.3363,0.90697,0.33486,-0.73326,-2.2854,-3.761,-6.1003,-8.5859,-9.71,-9.2221,-7.4507,-5.6127,-4.4266,-3.2294,-2.3518,-1.879,-1.511,-1.3658,-1.4282,-1.6833,-2.0329,-2.306,-2.2568,-1.7901,-0.77069,0.1105,1.3172,2.3942,3.1934,3.6619,4.0254,4.1631,4.1156,3.8586,3.4295,2.967,2.2799,1.4535,0.63136,0.017542,-0.71471,-1.2832,-1.6103,-1.7882,-1.8733,-1.8354,-1.9096,-2.1354,-2.6821,-3.4251,-4.9941,-7.7795,-11.153,-19.997,-14.342,-7.4615,-4.4757,-1.6455,0.28449,1.3368,2.3187,2.8763,3.0812,2.9753,2.4942,1.6082,0.57019,-1.2995,-4.0673,-6.8126,-10.888,-9.8725,-6.7936,-3.4968,-1.2043,0.46907,1.3514,2.2136,2.727,2.9776,3.0156,2.8778,2.4997,2.1117,1.5017,0.94946,0.7745,0.95183,1.6581,2.368,3.3188,4.1105,4.5859,4.729,4.5632,4.0192,3.3217,1.9998,0.18046,-1.5547,-4.3884,-7.6778,-10.282,-10.287,-8.7434,-7.0016,-6.0039,-4.8753,-4.036,-3.2903,-2.7692,-2.0762,-1.3612,-0.88205,-0.26787,0.19793,0.40887,0.59457,0.53564,0.37099,0.077151,-0.33122,-0.86963,-1.3027,-1.9535,-2.6922,-3.3591,-4.4026,-5.7018,-7.3747,-8.7564,-10.523,-11.031,-10.195,-8.3356,-6.7367,-5.5061,-5.0497,-4.9728,-5.6215,-6.7457,-9.1551,-12.567,-12.97,-8.8704,-4.9552,-2.0579,-0.40751,1.3289,2.6681,3.4763,4.3284,4.9604,5.2761,5.5114,5.5091,5.2501,4.8601,4.0785,3.0186,2.0587,0.73645,-0.28635,-0.49809
1.8317,1.7263,1.4933,1.1884,0.97336,0.69363,0.47132,0.36021,0.28182,0.29042,0.32104,0.40554,0.49592,0.60699,0.65892,0.68199,0.68912,0.63945,0.53809,0.31518,0.0092106,-0.31978,-0.84562,-1.4321,-1.8739,-2.3667,-2.7717,-2.9503,-3.1225,-3.212,-3.1808,-3.078,-2.7576,-2.332,-1.9591,-1.5736,-1.3798,-1.4804,-1.7615,-2.3824,-3.2869,-4.1179,-5.234,-6.2565,-6.8862,-7.3314,-7.3876,-7.0534,-6.7003,-6.0194,-5.3314,-4.8078,-4.0933,-3.4594,-2.9755,-2.3795,-1.8049,-1.2194,-0.74033,-0.0289,0.65275,1.276,1.9458,2.604,3.1007,3.3828,3.6025,3.6241,3.5205,3.1986,2.6756,2.1205,1.2389,0.11683,-1.2067,-2.3315,-3.8912,-5.3144,-6.0358,-6.3671,-5.9811,-5.5428,-5.0005,-4.7378,-4.8771,-5.2196,-6.1136,-7.2826,-8.3166,-8.9746,-8.3598,-6.7953,-5.3159,-3.5878,-2.0678,-1.1769,-0.19068,0.46305,0.74187,0.80763,0.54294,-0.17077,-0.95808,-2.4829,-4.5251,-6.269,-8.1698,-7.8115,-6.2885,-4.0923,-2.2255,-0.84662,-0.10105,0.7368,1.2248,1.519,1.7262,1.8866,1.9662,2.0585,2.1896,2.4264,2.6588,3.086,3.5805,3.9497,4.4147,4.735,4.8866,4.8224,4.5206,3.9257,3.2599,2.1431,0.71936,-0.48097,-2.193,-3.8317,-5.2527,-6.105,-6.8528,-7.3479,-7.547,-7.8325,-7.9448,-7.9054,-7.6003,-6.7916,-5.5814,-4.5483,-3.2647,-2.1589,-1.4289,-0.85899,-0.45621,-0.34918,-0.43464,-0.73173,-1.2661,-1.7514,-2.6226,-3.6922,-4.6328,-6.1888,-8.065,-10.592,-13.164,-18.127,-21.281,-17.174,-12.477,-9.5295,-7.7682,-7.0504,-6.6531,-7.0865,-7.8256,-9.4381,-11.018,-11.087,-9.226,-6.6926,-4.6117,-3.3282,-1.9477,-0.81951,-0.077279,0.79174,1.5084,1.9295,2.2553,2.277,1.9024,1.3276,0.063979,-1.9012,-4.0427,-8.3635,-17.107,-20.848
1.003,0.75071,0.22854,-0.41468,-0.92485,-1.5915,-2.0957,-2.3156,-2.3633,-2.2245,-1.857,-1.5193,-0.99488,-0.399,0.08802,0.70423,1.2636,1.6509,2.0072,2.2316,2.2911,2.2402,1.9853,1.5763,1.1412,0.38743,-0.58693,-1.478,-3.0045,-4.9145,-7.1148,-8.4007,-8.3831,-6.6038,-5.1476,-3.6344,-2.712,-2.2929,-2.2712,-2.688,-3.4339,-4.238,-5.5738,-7.1239,-8.3322,-9.8288,-10.723,-10.922,-10.641,-9.9692,-9.0608,-8.3011,-7.2054,-5.9843,-5.0304,-3.7376,-2.5022,-1.3446,-0.57795,0.3945,1.2249,1.7979,2.4514,2.9672,3.3947,3.5843,3.7376,3.7119,3.5676,3.2185,2.6275,2.0729,1.0003,-0.36973,-2.2513,-4.1111,-7.5061,-13.064,-20.752,-17.835,-11.038,-8.4499,-6.3282,-5.1902,-4.6737,-4.57,-4.7289,-5.0201,-5.3272,-5.5451,-5.5537,-5.2455,-4.8064,-4.0075,-3.0231,-2.2719,-1.3041,-0.48084,-0.040551,0.39591,0.54056,0.40345,0.20228,-0.30352,-0.85085,-1.2669,-1.6311,-1.7025,-1.5903,-1.2127,-0.78664,-0.35689,-0.11816,0.13725,0.29923,0.2905,0.34712,0.34247,0.53344,0.79141,1.3806,2.1594,2.8,3.6906,4.5135,5.0663,5.6532,6.0389,6.2038,6.1608,5.8783,5.3006,4.688,3.6092,2.2478,1.0585,-0.73406,-2.7305,-4.7651,-6.2829,-8.0239,-9.4191,-10.24,-11.527,-13.425,-16.605,-19.012,-16.025,-10.883,-8,-5.1723,-3.1427,-2.0918,-1.011,-0.39382,-0.17148,-0.15112,-0.46822,-1.0267,-1.6416,-2.6755,-3.9178,-4.9624,-6.3661,-7.771,-8.8783,-9.5262,-9.8778,-9.5565,-8.8664,-7.6337,-6.3861,-5.3176,-4.6704,-4.158,-3.9594,-3.9633,-4.1542,-4.3404,-4.4135,-4.4366,-4.4003,-4.4037,-4.4603,-4.5091,-4.2559,-3.7326,-2.6211,-1.3449,-0.44429,0.47301,0.96859,1.0028,0.71142,-0.12702,-1.5394,-2.9252,-5.1456,-7.3395,-8.9288
-0.1904,-0.78448,-1.8855,-3.4061,-4.8652,-6.9914,-8.7889,-9.3129,-8.8014,-7.7533,-6.7093,-6.0355,-4.9562,-3.637,-2.4858,-0.84801,0.62146,1.5893,2.6368,3.4175,3.8972,4.0847,4.1029,3.8388,3.4593,2.6726,1.5508,0.41123,-1.5886,-4.4247,-8.4908,-12.114,-11.845,-7.6653,-5.3532,-3.3359,-2.187,-1.68,-1.674,-2.0985,-3.0439,-4.0676,-6.0594,-8.8259,-11.693,-17.473,-27.039,-21.609,-18.035,-15.826,-15.119,-14.778,-13.626,-11.108,-9.0402,-6.5026,-4.3562,-2.6533,-1.5834,-0.42987,0.58247,1.1125,1.8222,2.3257,2.7256,2.9396,3.0936,3.1194,3.0326,2.7801,2.3669,1.9312,1.1684,0.15708,-1.1095,-2.2609,-4.0246,-5.7833,-6.6392,-6.7957,-5.9464,-5.0772,-4.1883,-3.606,-3.4036,-3.5183,-3.8763,-4.5857,-5.1798,-6.2696,-7.3944,-8.1578,-8.3912,-7.6143,-6.195,-4.7914,-3.1993,-1.752,-0.89808,-0.018149,0.53673,0.8777,0.92379,0.865,0.64289,0.39982,0.069758,-0.26442,-0.47489,-0.71244,-0.91568,-1.0585,-1.1259,-1.4274,-1.7924,-2.2653,-3.126,-4.187,-4.8784,-4.6467,-3.0065,-0.76019,0.93534,2.8547,4.437,5.391,6.3685,7.0436,7.392,7.4735,7.2948,6.812,6.2535,5.1854,3.7784,2.4436,0.22761,-2.5993,-6.3547,-10.008,-16.265,-17.197,-14.755,-12.688,-12.259,-12.824,-12.706,-11.136,-8.3184,-6.1713,-3.9532,-2.1865,-1.2531,-0.2966,0.19375,0.39444,0.30158,-0.092911,-0.81115,-1.6274,-2.9971,-4.8194,-6.5006,-9.0657,-11.404,-11.972,-10.911,-8.9559,-7.0313,-5.7683,-4.3104,-3.0979,-2.1173,-1.5409,-1.0329,-0.71749,-0.66934,-0.72972,-1.0114,-1.3627,-2.0341,-3.1142,-4.7273,-6.5707,-10.48,-17.019,-15.281,-8.3436,-4.1914,-2.1107,-0.17502,1.0445,1.7091,1.8722,1.7057,1.1159,0.4305,-0.83755,-2.4918,-4.6786
-2.1927,-2.8874,-4.2641,-6.3669,-8.6789,-13.231,-21.295,-22.361,-16.307,-13.755,-13.738,-14.915,-16.348,-12.678,-8.7383,-4.6038,-1.5741,0.13333,1.902,3.1558,3.9946,4.3746,4.6232,4.5665,4.3527,3.8316,3.0747,2.351,1.2558,0.065928,-1.0224,-1.6105,-1.9595,-1.8376,-1.5567,-1.1482,-0.88599,-0.86988,-1.0775,-1.5884,-2.5297,-3.429,-5.072,-7.1475,-9.0065,-11.62,-13.642,-14.629,-15.124,-15.961,-18.531,-22.208,-23.682,-16.215,-12.418,-9.0001,-6.6567,-5.0505,-4.1193,-3.1979,-2.3967,-2.0049,-1.3819,-0.88842,-0.48628,-0.1956,0.024001,0.13636,0.14082,0.040859,-0.11168,-0.31305,-0.52122,-0.81161,-1.126,-1.3661,-1.7315,-2.0652,-2.2001,-2.3794,-2.3961,-2.3975,-2.4776,-2.6829,-3.1035,-3.6185,-4.524,-5.854,-7.0353,-9.2899,-12.687,-18.4,-31.769,-19.621,-12.43,-9.1504,-6.2706,-4.1222,-2.8989,-1.718,-0.91634,-0.42981,-0.34211,-0.38114,-0.7227,-1.1206,-1.8278,-2.735,-3.416,-4.3201,-4.9373,-5.1951,-5.1513,-5.176,-5.414,-5.826,-7.2969,-10.025,-15.764,-18.842,-9.8308,-4.2954,-1.4771,1.3099,3.4006,4.5992,5.8354,6.7064,7.2295,7.4278,7.4147,7.1108,6.6847,5.8355,4.6666,3.5469,1.7123,-0.58118,-3.3239,-5.6356,-8.2425,-9.1761,-8.6515,-7.4682,-6.529,-5.8137,-5.2301,-4.4444,-3.5636,-2.846,-1.9976,-1.2996,-0.8003,-0.44918,-0.26217,-0.24333,-0.44698,-0.86831,-1.5754,-2.3545,-3.6848,-5.5767,-7.433,-10.907,-15.659,-16.186,-12.662,-8.747,-5.9641,-4.4132,-2.8232,-1.5554,-0.64562,-0.13058,0.34169,0.59313,0.62335,0.53432,0.20709,-0.17882,-0.88288,-1.891,-3.196,-4.3594,-5.9436,-6.878,-6.5573,-4.8818,-2.7847,-1.3377,0.22172,1.4455,2.3128,2.7298,3.0101,3.0133,2.8336,2.3779,1.7197,0.9463
-4.1744,-4.3916,-5.0583,-6.0125,-6.9408,-8.2423,-9.3686,-9.9433,-10.38,-10.637,-11.415,-12.075,-12.353,-10.163,-7.5887,-4.3448,-1.7093,-0.13587,1.5257,2.7239,3.5491,3.9374,4.2053,4.2176,4.0766,3.7345,3.2388,2.7815,2.1215,1.4526,0.82767,0.43477,0.012506,-0.2612,-0.41042,-0.54961,-0.68996,-0.90986,-1.1477,-1.5871,-2.1988,-2.788,-3.6724,-4.7253,-5.5307,-6.6362,-7.6606,-8.5208,-9.0837,-9.8385,-10.43,-10.644,-10.549,-9.8142,-9.1446,-8.2396,-7.6442,-7.3415,-7.3546,-7.5504,-7.8255,-7.7271,-7.4036,-6.6018,-5.8842,-5.3744,-4.9719,-4.8586,-4.9238,-5.1735,-5.3412,-5.3782,-5.0172,-4.3924,-3.6942,-3.1814,-2.6295,-2.2317,-2.0742,-1.9794,-2.0211,-2.2099,-2.5617,-3.136,-3.9294,-4.6299,-5.846,-7.2597,-8.4075,-10.152,-11.729,-13.065,-13.493,-12.696,-11.007,-9.4951,-7.5015,-5.8939,-4.766,-3.7328,-2.9318,-2.5856,-2.515,-2.7402,-3.3623,-4.0523,-5.4248,-7.3863,-9.3374,-12.811,-16.049,-15.099,-12.709,-9.9638,-8.4456,-7.5796,-7.0342,-6.7005,-6.1806,-5.5285,-4.0197,-2.1502,-0.70028,1.1291,2.7057,3.723,4.8271,5.655,6.239,6.4922,6.6352,6.5328,6.2884,5.7859,5.0522,4.3778,3.3366,2.1551,0.94878,0.10379,-0.88168,-1.5634,-1.8438,-2.0644,-2.1177,-2.0736,-2.0759,-1.9974,-1.9597,-1.9658,-1.9175,-2.0042,-1.9801,-2.1275,-2.205,-2.3569,-2.5295,-2.7699,-3.1438,-3.4687,-4.0627,-4.77,-5.3373,-5.9792,-6.3754,-6.1878,-5.6626,-4.6802,-3.5544,-2.7447,-1.7819,-0.99273,-0.39669,-0.074312,0.23842,0.3512,0.35364,0.19421,-0.091559,-0.39514,-0.92073,-1.4858,-2.0848,-2.4993,-2.8994,-2.9955,-2.8192,-2.2573,-1.4024,-0.66453,0.3949,1.3971,2.2751,2.8371,3.4119,3.8135,3.9905,4.114,4.1181,4.0486
-5.9151,-5.4387,-5.1314,-5.1582,-5.2905,-5.5508,-5.811,-5.942,-5.9774,-5.9011,-5.5476,-5.1582,-4.3534,-3.2838,-2.314,-0.93775,0.38692,1.2648,2.2336,2.9346,3.3698,3.5431,3.5609,3.3927,3.1555,2.7339,2.2064,1.7695,1.1272,0.46173,-0.18988,-0.65331,-1.1831,-1.5751,-1.774,-1.9335,-2.0042,-2.0509,-2.1008,-2.2895,-2.5346,-2.8247,-3.2426,-3.702,-4.0493,-4.4714,-4.8684,-5.2002,-5.3943,-5.6491,-5.84,-5.9867,-6.0975,-6.2793,-6.4771,-6.9454,-7.7526,-9.0465,-10.519,-13.331,-17.739,-20.565,-18.33,-14.121,-11.5,-10.422,-9.6199,-9.699,-10.357,-12.041,-14.911,-16.304,-14.314,-10.329,-7.3722,-5.7697,-4.2065,-3.1932,-2.7507,-2.4286,-2.4956,-2.7247,-3.2716,-4.089,-5.1536,-6.0774,-7.5029,-9.1144,-10.422,-12.148,-13.57,-14.346,-14.185,-13.125,-11.542,-10.2,-8.4879,-7.0152,-6.0959,-5.1227,-4.5649,-4.302,-4.2692,-4.6141,-5.2395,-5.957,-7.2833,-9.0059,-10.738,-13.431,-15.567,-14.746,-13.166,-10.421,-8.5886,-7.541,-6.2602,-5.2898,-4.3515,-3.5266,-2.4506,-1.2779,-0.34372,0.86346,2.0045,2.7938,3.7115,4.4567,5.0223,5.3165,5.5455,5.5837,5.5027,5.2581,4.8772,4.5241,3.979,3.4039,2.7978,2.3675,1.8036,1.3078,0.95119,0.48456,0.02871,-0.46133,-0.88316,-1.5174,-2.2335,-2.8397,-3.6907,-4.4539,-5.12,-5.6025,-5.9501,-6.1335,-6.0573,-5.9848,-5.8341,-5.6637,-5.4675,-5.2138,-5.0262,-4.7206,-4.3046,-3.8508,-3.4387,-2.8637,-2.2991,-1.8995,-1.4097,-1.0747,-0.81735,-0.71401,-0.68139,-0.74901,-0.86087,-1.1248,-1.4605,-1.7661,-2.2479,-2.7622,-3.3055,-3.6972,-4.1437,-4.3913,-4.3521,-3.9301,-3.0885,-2.2523,-0.94749,0.33507,1.5135,2.2995,3.1891,3.876,4.2846,4.6896,4.9713,5.1592
-5.9628,-5.2244,-4.6366,-4.4682,-4.4984,-4.6657,-4.7849,-4.7411,-4.4147,-3.8099,-2.9204,-2.1804,-1.1034,-0.039872,0.7374,1.6493,2.4291,2.8836,3.286,3.4453,3.3526,3.1309,2.6597,2.031,1.5065,0.77127,0.043142,-0.48096,-1.2262,-2.0822,-3.088,-3.9388,-5.041,-5.8428,-6.0039,-5.6469,-4.9601,-4.2891,-3.9374,-3.6915,-3.72,-3.8397,-4.1247,-4.3476,-4.4482,-4.3895,-4.1596,-3.8692,-3.6495,-3.3792,-3.2292,-3.2106,-3.3223,-3.6686,-4.0723,-4.9021,-6.0743,-7.7106,-9.2235,-11.787,-14.458,-15.637,-15.496,-13.858,-12.237,-11.415,-10.694,-10.575,-10.953,-12.051,-13.699,-14.431,-12.715,-9.5698,-6.8669,-5.2978,-3.7912,-2.857,-2.4229,-2.2827,-2.5373,-2.9326,-3.8106,-4.9841,-6.3943,-7.6717,-9.4602,-11.414,-13.351,-16.256,-20.976,-30.973,-26.083,-18.078,-13.567,-11.445,-9.1208,-7.4403,-6.6239,-5.7857,-5.423,-5.3049,-5.4785,-5.8695,-6.4192,-6.9435,-7.6379,-8.324,-8.7817,-9.2042,-9.2813,-9.055,-8.7225,-8.0172,-7.2339,-6.739,-6.047,-5.3856,-4.6923,-4.1227,-3.2858,-2.2996,-1.5463,-0.47828,0.57615,1.3084,2.213,2.9769,3.5548,3.893,4.1536,4.2464,4.2252,4.0672,3.8378,3.6323,3.3503,3.0962,2.8667,2.6874,2.4644,2.1801,1.9005,1.4608,0.86212,0.048434,-0.66842,-1.9011,-3.4352,-4.762,-6.9546,-9.2796,-11.17,-12.719,-13.124,-12.451,-11.83,-11.048,-10.216,-9.6164,-8.5809,-7.4745,-6.6228,-5.5748,-4.5994,-3.7734,-3.2649,-2.6826,-2.2613,-2.0416,-1.9007,-1.8754,-1.9866,-2.1282,-2.4206,-2.7383,-3.0357,-3.4055,-3.8426,-4.198,-4.6999,-5.3675,-6.1863,-6.9411,-8.2302,-9.821,-10.923,-10.985,-8.7482,-6.481,-3.7115,-1.4064,0.42967,1.5346,2.7134,3.5939,4.0937,4.5631,4.8682,5.0602
-3.3523,-3.1419,-3.2218,-3.7167,-4.4164,-5.7404,-7.2535,-7.9886,-7.3876,-5.2302,-2.9025,-1.3087,0.46513,1.9028,2.7403,3.6138,4.1622,4.3784,4.3745,4.0381,3.344,2.5596,1.2089,-0.4604,-1.7813,-3.3114,-4.1302,-4.3428,-4.4827,-4.9728,-6.2161,-7.8747,-11.649,-19.242,-20.456,-12.367,-8.313,-6.1464,-5.3007,-4.8536,-5.1657,-5.7592,-6.9622,-8.1547,-8.4246,-7.5395,-5.815,-4.1242,-3.0826,-2.0189,-1.3252,-1.0124,-0.91242,-1.0908,-1.4323,-2.1338,-3.1389,-4.442,-5.5529,-7.1535,-8.7877,-9.8141,-10.845,-11.42,-11.151,-10.539,-9.5908,-8.5985,-7.9216,-7.2393,-6.5452,-5.8896,-5.0034,-3.9359,-2.8493,-2.153,-1.4273,-1.0121,-0.93925,-1.1816,-1.7746,-2.5108,-3.8717,-5.6623,-7.8818,-9.7354,-12.16,-13.917,-14.728,-15.376,-15.888,-15.796,-14.869,-12.854,-10.642,-9.1442,-7.5606,-6.4325,-5.8971,-5.5779,-5.5617,-6.0138,-6.6222,-7.5576,-8.68,-9.403,-9.9094,-9.8732,-9.4925,-8.8436,-8.2493,-7.7314,-7.3148,-7.226,-7.0756,-7.0927,-7.3484,-7.4769,-7.4813,-7.3569,-6.6592,-5.648,-4.7215,-3.3899,-2.0698,-1.1219,0.0092951,0.96331,1.6919,2.0646,2.3328,2.3365,2.1654,1.7783,1.2971,0.97078,0.73292,0.76691,1.0714,1.3623,1.723,1.9233,1.9442,1.7407,1.2361,0.41631,-0.43908,-1.9217,-3.9036,-5.795,-9.0162,-13.587,-18.991,-30.215,-22.875,-18.828,-17.918,-17.518,-17.531,-16.71,-14.293,-11.477,-9.5095,-7.3504,-5.7004,-4.4236,-3.7416,-3.1249,-2.8256,-2.8071,-3.0554,-3.5141,-4.2099,-4.8029,-5.5662,-6.2905,-6.7341,-7.2224,-7.6508,-7.9563,-8.3283,-8.7,-9.1314,-9.6449,-10.811,-12.993,-15.542,-16.976,-11.773,-8.0451,-4.3488,-1.6641,0.32687,1.456,2.5683,3.3127,3.6476,3.872,3.874,3.7296
-1.359,-1.4008,-1.8103,-2.6971,-3.8068,-6.1064,-10.054,-14.194,-12.489,-6.6252,-2.7385,-0.65316,1.4211,2.9235,3.7447,4.5024,4.8866,4.9377,4.6885,4.0306,2.9049,1.687,-0.59564,-4.0252,-7.9432,-18.642,-16.972,-10.759,-7.3133,-5.9513,-5.7871,-6.2151,-7.2873,-8.2387,-8.2207,-7.1555,-5.7671,-4.7774,-4.3851,-4.5012,-5.3599,-6.6644,-9.6365,-15.381,-21.047,-13.111,-7.6874,-4.4684,-2.781,-1.2578,-0.25672,0.19886,0.48457,0.43988,0.19298,-0.38782,-1.2741,-2.4675,-3.5977,-5.414,-7.6489,-9.9514,-13.822,-18.733,-18.277,-14.395,-10.589,-7.9424,-6.4397,-4.8701,-3.6282,-2.8359,-1.928,-1.1685,-0.54605,-0.19352,0.098688,0.16406,-0.00042885,-0.45082,-1.2729,-2.1968,-3.8319,-6.1203,-9.3967,-12.925,-21.008,-30.867,-19.604,-14.769,-12.239,-10.448,-9.43,-8.2493,-7.1934,-6.4777,-5.8541,-5.4829,-5.3619,-5.5856,-6.1724,-7.3,-8.4633,-10.79,-14.441,-18.518,-23.235,-17.363,-13.981,-11.09,-9.3438,-8.3623,-7.9941,-7.9646,-8.5879,-9.3774,-11.029,-13.542,-16.598,-17.858,-16.339,-13.505,-11.483,-9.2466,-7.1658,-5.7095,-3.9735,-2.5234,-1.43,-0.92314,-0.61039,-0.82424,-1.37,-2.6367,-4.6289,-6.4694,-8.1652,-6.9089,-4.2891,-2.5454,-0.86693,0.22836,0.70846,0.91075,0.6966,0.10646,-0.62157,-1.9248,-3.5889,-5.112,-7.4365,-9.9937,-11.881,-13.967,-15.583,-17.048,-18.152,-20.809,-25.577,-26.287,-19.283,-14.263,-11.573,-8.8986,-6.9759,-5.629,-4.9209,-4.4293,-4.3833,-4.6571,-5.415,-6.7515,-8.6133,-10.349,-12.714,-14.352,-14.516,-14.402,-14.49,-14.93,-15.713,-15.326,-13.682,-12.248,-10.572,-9.2356,-8.293,-6.923,-5.2555,-3.878,-2.1592,-0.62576,0.59364,1.2748,1.8677,2.094,2.0261,1.6247,0.85706,-0.27142
-1.7393,-1.5675,-1.5516,-1.809,-2.1306,-2.6538,-3.0861,-3.1605,-2.7276,-1.7074,-0.45654,0.4988,1.6358,2.5476,3.082,3.5363,3.7367,3.6994,3.4009,2.7964,1.8594,0.94954,-0.60242,-2.4374,-3.8738,-5.4,-5.8801,-5.5885,-4.867,-4.2341,-3.848,-3.7117,-3.6692,-3.6412,-3.5901,-3.4435,-3.2779,-3.1993,-3.2407,-3.5149,-4.0223,-4.5626,-5.329,-5.9093,-5.9625,-5.4102,-4.3275,-3.1014,-2.2814,-1.3491,-0.68656,-0.3647,-0.14604,-0.19781,-0.39218,-0.88139,-1.6166,-2.5976,-3.523,-5.0304,-6.9192,-8.4681,-10.908,-12.906,-12.84,-11.452,-9.2811,-7.3644,-6.1317,-4.7776,-3.709,-3.0609,-2.312,-1.744,-1.3348,-1.1148,-0.9777,-1.0236,-1.172,-1.5646,-2.2328,-2.8999,-4.0433,-5.508,-7.2276,-8.5724,-10.161,-10.882,-10.753,-9.9594,-9.0083,-8.1611,-7.6186,-7.0256,-6.6205,-6.4553,-6.3704,-6.5032,-6.7408,-7.2103,-8.0119,-9.0472,-9.9652,-11.629,-13.555,-14.843,-15.528,-14.465,-13.157,-11.479,-10.242,-9.5456,-9.441,-9.5666,-10.397,-11.532,-13.588,-16.618,-20.661,-22.991,-22.337,-20.874,-20.377,-19.006,-15.952,-13.245,-10.015,-7.5703,-5.8506,-4.978,-4.399,-4.4509,-4.9177,-6.2193,-8.4787,-10.846,-13.463,-11.386,-7.7601,-5.6374,-3.618,-2.3066,-1.7173,-1.335,-1.3745,-1.82,-2.3825,-3.4337,-4.8081,-6.014,-7.7662,-9.7655,-11.093,-12.955,-14.645,-15.917,-16.484,-17.058,-16.991,-16.308,-14.938,-13.198,-11.854,-10.183,-8.8376,-7.8472,-7.3378,-7.0131,-7.1245,-7.513,-8.4991,-10.208,-12.847,-15.722,-21.92,-28.017,-23.452,-20.003,-19.379,-20.477,-24.811,-26.169,-18.512,-14.672,-11.125,-8.6096,-7.1208,-5.4591,-4.074,-3.1851,-2.1868,-1.4053,-0.88515,-0.67282,-0.64982,-0.94497,-1.3796,-2.3249,-3.7604,-5.9026
-2.4194,-2.0197,-1.6469,-1.4178,-1.3026,-1.1866,-1.0223,-0.8499,-0.515,-0.068984,0.45824,0.86556,1.3772,1.803,2.0436,2.2495,2.2997,2.2335,1.9948,1.6,1.0612,0.57298,-0.14161,-0.86556,-1.3728,-1.909,-2.2425,-2.3735,-2.393,-2.3347,-2.2639,-2.2299,-2.1974,-2.1957,-2.2154,-2.2673,-2.3508,-2.4611,-2.5937,-2.7866,-3.0236,-3.1948,-3.3816,-3.463,-3.4191,-3.2175,-2.88,-2.4598,-2.1494,-1.7524,-1.4563,-1.3078,-1.2426,-1.3283,-1.4954,-1.8628,-2.3867,-3.0552,-3.6375,-4.4951,-5.4175,-6.1044,-6.8383,-7.3184,-7.4447,-7.3,-6.8413,-6.2314,-5.7633,-5.1527,-4.6029,-4.252,-3.8559,-3.531,-3.2877,-3.1564,-3.0396,-3.0133,-3.0371,-3.1969,-3.4596,-3.722,-4.2009,-4.7714,-5.3891,-5.8197,-6.3262,-6.6983,-6.8179,-6.864,-6.8243,-6.7903,-6.7676,-6.8389,-7.0449,-7.3052,-7.726,-8.2805,-8.7974,-9.4885,-10.172,-10.74,-11.146,-11.54,-11.755,-11.789,-11.627,-11.201,-10.768,-10.198,-9.7218,-9.3984,-9.3514,-9.6261,-10.136,-10.731,-11.872,-13.266,-14.794,-15.889,-17.605,-19.94,-22.547,-25.069,-20.273,-16.34,-12.509,-9.8497,-8.0066,-7.0359,-6.2457,-5.8901,-5.8635,-6.0846,-6.4417,-6.6604,-6.6996,-6.2983,-5.5634,-4.9121,-4.0766,-3.434,-3.1059,-2.9012,-3.007,-3.437,-3.9564,-4.9246,-6.2284,-7.4247,-9.2769,-11.461,-13.228,-15.963,-18.439,-19.863,-20.008,-18.986,-17.453,-16.333,-14.868,-13.467,-12.523,-11.377,-10.405,-9.6517,-9.2632,-8.9256,-8.8631,-9.0094,-9.4979,-10.275,-11.339,-12.271,-13.386,-14.115,-14.304,-14.199,-14.031,-13.889,-13.528,-12.674,-11.277,-10.042,-8.3518,-6.8126,-5.8135,-4.6871,-3.8024,-3.3051,-2.8144,-2.5839,-2.6011,-2.7751,-3.2199,-3.8809,-4.5058,-5.4739,-6.5407,-7.6305
-2.1288,-1.775,-1.4059,-1.0976,-0.89969,-0.64708,-0.39688,-0.19685,0.083184,0.36146,0.65153,0.8461,1.0772,1.2536,1.33,1.3796,1.3321,1.2431,1.0547,0.79423,0.48742,0.22669,-0.10392,-0.41856,-0.61847,-0.8287,-0.9721,-1.0276,-1.0636,-1.0714,-1.0826,-1.1043,-1.1637,-1.2734,-1.3802,-1.5636,-1.781,-2.022,-2.207,-2.443,-2.6522,-2.7701,-2.8854,-2.9191,-2.9008,-2.8049,-2.6545,-2.4771,-2.3149,-2.1401,-1.9925,-1.927,-1.9217,-2.0045,-2.1429,-2.4096,-2.7779,-3.2399,-3.6187,-4.1517,-4.6492,-5.0243,-5.4228,-5.6867,-5.8377,-5.8916,-5.8612,-5.7666,-5.6981,-5.6046,-5.5316,-5.4945,-5.4919,-5.4808,-5.4362,-5.3803,-5.2367,-5.0234,-4.8633,-4.6321,-4.417,-4.3123,-4.238,-4.2344,-4.3014,-4.3991,-4.5414,-4.7057,-4.8414,-5.054,-5.2973,-5.5952,-5.8975,-6.4227,-7.106,-7.7211,-8.7787,-10.052,-11.075,-12.546,-13.617,-14.016,-13.851,-13.051,-12.091,-11.403,-10.533,-9.7604,-9.2513,-8.6758,-8.2352,-7.963,-7.8268,-7.8756,-8.0823,-8.3017,-8.7573,-9.3503,-10.006,-10.499,-11.164,-11.716,-11.901,-11.729,-10.977,-10.138,-8.8732,-7.6871,-6.7303,-6.193,-5.6849,-5.4071,-5.3251,-5.3048,-5.3036,-5.281,-5.1639,-4.8993,-4.5189,-4.1909,-3.7444,-3.3645,-3.1545,-3.0529,-3.1764,-3.54,-4.0042,-4.8991,-6.1103,-7.2475,-9.1859,-11.581,-13.826,-17.872,-24.072,-33.988,-27.306,-21.36,-18.121,-16.484,-14.819,-13.531,-12.741,-11.883,-11.14,-10.519,-10.114,-9.6488,-9.2621,-9.0393,-8.8359,-8.7206,-8.6906,-8.6978,-8.7295,-8.6762,-8.6073,-8.3966,-8.0895,-7.7981,-7.2995,-6.7015,-6.0009,-5.4231,-4.6565,-3.9308,-3.4508,-2.9378,-2.5927,-2.4555,-2.4683,-2.7241,-3.2384,-3.8112,-4.8288,-6.1128,-7.2108,-8.6481,-9.718,-10.041
-1.2241,-1.1108,-0.97481,-0.80391,-0.66097,-0.42471,-0.16901,0.03556,0.30136,0.53079,0.72251,0.82635,0.91137,0.94138,0.91676,0.83961,0.69889,0.56614,0.35227,0.10354,-0.14789,-0.32834,-0.51241,-0.62612,-0.63815,-0.58928,-0.46844,-0.3363,-0.17363,-0.039637,0.031682,0.032451,-0.061879,-0.27049,-0.49113,-0.86288,-1.3086,-1.795,-2.1363,-2.5598,-2.8854,-3.0503,-3.18,-3.2096,-3.1872,-3.1006,-2.9694,-2.8167,-2.6599,-2.4895,-2.3156,-2.2228,-2.1556,-2.1816,-2.2802,-2.5053,-2.8429,-3.2751,-3.631,-4.1183,-4.5385,-4.809,-5.1093,-5.2787,-5.3706,-5.4339,-5.5169,-5.637,-5.7768,-6.0462,-6.413,-6.7549,-7.3007,-7.8521,-8.2631,-8.3954,-8.2095,-7.5892,-6.9895,-6.0434,-5.1449,-4.5793,-3.9387,-3.4608,-3.1374,-3.0084,-2.9287,-2.9454,-3.0428,-3.2626,-3.5841,-3.9967,-4.4165,-5.124,-6.042,-6.8792,-8.4038,-10.472,-12.481,-16.542,-23.659,-26.373,-19.762,-14.928,-12.049,-10.526,-8.992,-7.867,-7.2131,-6.5261,-5.9996,-5.6378,-5.4153,-5.2151,-5.1388,-5.0984,-5.1055,-5.1764,-5.2678,-5.3424,-5.4149,-5.4321,-5.3585,-5.1815,-4.9125,-4.6588,-4.3009,-3.9856,-3.7863,-3.7345,-3.7781,-3.9788,-4.214,-4.5691,-4.8879,-5.0459,-5.0533,-4.7945,-4.2944,-3.8358,-3.1876,-2.5835,-2.2212,-1.9243,-1.8423,-1.9949,-2.287,-2.9342,-3.8604,-4.7304,-6.1929,-7.9129,-9.3389,-11.389,-13.244,-14.459,-14.752,-14.58,-14.016,-13.5,-12.888,-12.391,-12.07,-11.754,-11.478,-11.129,-10.781,-10.16,-9.3265,-8.6352,-7.6699,-6.7773,-5.9761,-5.4437,-4.8359,-4.2914,-3.9369,-3.4852,-3.0436,-2.7283,-2.3109,-1.8995,-1.4989,-1.2053,-0.85305,-0.56345,-0.40083,-0.28061,-0.29876,-0.41502,-0.76558,-1.3436,-2.2022,-3.0765,-4.6313,-6.8028,-9.0396,-13.442,-21.476,-19.669
-0.29221,-0.59639,-0.88478,-0.9931,-0.90178,-0.59056,-0.15984,0.17575,0.57246,0.87933,1.029,1.0723,1.0242,0.88424,0.76247,0.52595,0.27444,0.048851,-0.28638,-0.66509,-1.0971,-1.3754,-1.6812,-1.7318,-1.5536,-1.0665,-0.3847,0.15366,0.80226,1.3085,1.6226,1.7158,1.6323,1.318,0.91772,0.18832,-0.74607,-1.8085,-2.6095,-3.5396,-4.1304,-4.3283,-4.3034,-4.1386,-3.9965,-3.8349,-3.6677,-3.4529,-3.2631,-2.8984,-2.4884,-2.19,-1.8557,-1.6984,-1.7116,-1.9499,-2.4349,-3.111,-3.7232,-4.5659,-5.2876,-5.5572,-5.6898,-5.5627,-5.2974,-5.1091,-5.0278,-5.1539,-5.3514,-5.8544,-6.6446,-7.4689,-8.8338,-10.77,-13.351,-15.186,-15.132,-12.077,-9.6042,-6.9584,-4.9904,-3.8308,-2.6352,-1.7811,-1.2004,-0.91848,-0.72787,-0.69979,-0.7874,-0.99374,-1.2979,-1.696,-2.056,-2.6167,-3.3167,-3.9758,-5.0688,-6.4269,-7.7134,-9.5471,-11.026,-11.293,-10.583,-9.0056,-7.427,-6.4065,-5.3197,-4.4918,-4.0049,-3.4875,-3.0804,-2.7382,-2.5198,-2.1594,-1.8487,-1.6466,-1.3162,-0.98462,-0.68536,-0.4985,-0.24729,-0.017407,0.13223,0.30098,0.41986,0.47322,0.46118,0.33018,0.047233,-0.28772,-0.92034,-1.8082,-2.6651,-4.0409,-5.6338,-6.7428,-7.4656,-6.8047,-5.1573,-3.8166,-2.2119,-0.89966,-0.14936,0.59766,1.0455,1.2028,1.1369,0.81776,0.23366,-0.35886,-1.3457,-2.5019,-3.5538,-4.9211,-6.2551,-7.4711,-8.2989,-9.1438,-9.7581,-10.033,-10.291,-10.519,-10.755,-11.276,-12.169,-13.161,-13.5,-12.609,-10.327,-8.4029,-6.0774,-4.1671,-2.6142,-1.6429,-0.5726,0.27647,0.81418,1.389,1.8615,2.1582,2.4776,2.7423,2.9507,3.0691,3.1803,3.2263,3.2137,3.1265,2.9383,2.717,2.2928,1.7084,0.91417,0.16527,-1.06,-2.5859,-3.9289,-5.7706,-7.0743,-6.9023
0.21903,-1.1511,-2.8999,-3.7564,-3.3372,-1.9592,-0.45738,0.44872,1.3004,1.7635,1.8665,1.7385,1.3595,0.821,0.40523,-0.053807,-0.35436,-0.52935,-0.82833,-1.3703,-2.3251,-3.3732,-5.0861,-6.1579,-5.5484,-3.1646,-0.66185,0.87462,2.5014,3.6322,4.3253,4.5716,4.5639,4.1562,3.5635,2.3454,0.57353,-1.8789,-4.2576,-7.8464,-9.5752,-8.4943,-6.4395,-5.128,-4.6697,-4.6435,-5.0426,-5.3684,-5.2751,-4.3088,-2.922,-1.8755,-0.77787,-0.09848,0.10669,-0.068606,-0.7843,-2.0936,-3.5503,-6.1499,-9.1987,-10.503,-8.8542,-6.5125,-4.8499,-4.0523,-3.534,-3.5178,-3.7915,-4.4249,-5.3255,-6.1334,-7.5197,-9.3551,-11.82,-13.704,-13.45,-9.7482,-7.1124,-4.2303,-2.0934,-0.82999,0.42037,1.3038,1.8672,2.1264,2.2283,2.0824,1.8788,1.5056,1.0963,0.70999,0.51329,0.35277,0.24379,0.10611,-0.077993,-0.3651,-0.63952,-1.0102,-1.2736,-1.3892,-1.3403,-1.101,-0.78836,-0.57442,-0.34608,-0.19502,-0.14202,-0.13674,-0.16578,-0.095187,0.015961,0.32135,0.89425,1.4047,2.1514,2.929,3.655,4.1567,4.7216,5.1728,5.4169,5.6477,5.7577,5.7427,5.5879,5.26,4.7429,4.2138,3.2408,1.9213,0.6343,-1.6832,-5.1769,-9.405,-20.687,-10.876,-4.7103,-1.8875,0.71801,2.5759,3.6404,4.716,5.4404,5.8524,5.9794,5.9231,5.6053,5.1875,4.4372,3.4375,2.5083,1.1181,-0.53391,-2.4152,-4.0062,-6.0891,-7.7539,-8.4459,-8.4496,-8.056,-7.9761,-8.437,-9.9548,-13.424,-18.195,-16.086,-8.8631,-5.2898,-1.944,0.52471,2.3717,3.4674,4.6386,5.5278,6.0538,6.5828,6.9442,7.1331,7.2909,7.3525,7.3446,7.2976,7.2004,7.0739,6.9602,6.7819,6.568,6.3688,6.0735,5.6855,5.2075,4.7901,4.1746,3.5392,3.0958,2.6388,2.4481,2.6006
0.66739,-1.9894,-7.765,-15.681,-9.4082,-3.6674,-0.62816,0.76287,1.8379,2.1774,1.9481,1.3365,-0.038391,-2.0206,-3.8465,-5.4017,-4.8926,-3.6889,-2.4112,-1.9878,-2.5082,-3.7233,-6.7013,-10.447,-8.7693,-3.4914,0.34627,2.4272,4.4486,5.8375,6.7219,7.0941,7.2131,6.8837,6.3389,5.1576,3.3619,0.8115,-1.6981,-5.6343,-7.5981,-6.5058,-4.5503,-3.6186,-3.67,-4.805,-7.7086,-14.664,-28.606,-10.106,-4.292,-1.7567,0.47858,1.7995,2.2947,2.409,1.8792,0.61214,-0.84533,-3.6782,-7.3328,-8.6703,-6.7105,-4.058,-2.4386,-1.8402,-1.6618,-2.1414,-2.933,-4.3379,-5.7489,-6.3524,-6.592,-6.1421,-5.3853,-4.6859,-3.6004,-2.3082,-1.2573,0.11674,1.3281,2.0845,2.9352,3.5478,3.8991,3.9645,3.7916,3.2522,2.61,1.4088,0.025948,-0.92381,-0.94093,-0.08012,1.1717,2.0636,2.9504,3.4968,3.7815,3.9361,3.8895,3.767,3.672,3.4567,3.1704,2.9079,2.4894,1.9456,1.4335,0.58861,-0.41317,-1.4384,-1.8847,-1.8011,-0.48583,0.93142,2.7424,4.3655,5.7523,6.6234,7.536,8.2189,8.6042,8.9377,9.0851,9.0732,8.9055,8.559,8.0229,7.4905,6.6157,5.5313,4.6194,3.2477,1.8718,0.99062,0.45218,0.89014,2.1099,3.2301,4.7413,6.1122,7.0269,8.0423,8.8397,9.4122,9.685,9.8271,9.7233,9.4743,8.9118,8.037,7.2332,5.8025,3.9205,1.3951,-1.1091,-5.8982,-15.832,-22.06,-9.2791,-5.1774,-3.5465,-2.3792,-1.8451,-1.5319,-1.1586,-0.20663,1.2972,2.5943,4.3079,5.8205,7.0819,7.8585,8.6925,9.302,9.6121,9.8822,9.9758,9.9421,9.7909,9.5215,9.1702,8.8821,8.4896,8.1401,7.9296,7.7277,7.6129,7.5677,7.5033,7.4017,7.2484,7.0891,6.8157,6.5304,6.3583,6.1978,6.2087,6.4485
1.2598,0.15226,-1.1207,-1.7704,-1.704,-1.1343,-0.38479,0.099426,0.46869,0.41231,-0.17883,-1.0091,-2.8073,-5.716,-8.9789,-13.297,-10.17,-7.0136,-4.1973,-2.6304,-1.8678,-1.6318,-1.4818,-1.1452,-0.64489,0.46327,1.7819,2.7732,3.9837,5.0063,5.7889,6.2071,6.4943,6.4635,6.2258,5.617,4.6932,3.5354,2.5525,1.3398,0.37195,-0.21159,-0.79728,-1.403,-1.9813,-2.9489,-4.0263,-4.8538,-4.874,-3.7688,-2.0122,-0.65923,0.84536,1.9327,2.4649,2.7993,2.7333,2.2861,1.7817,0.99961,0.27161,-0.16784,-0.3743,-0.39629,-0.49625,-0.78038,-1.5488,-2.9812,-4.6196,-8.057,-14.781,-34.246,-14.243,-8.3963,-5.3526,-3.8716,-2.4439,-1.4669,-0.86921,-0.37195,0.057487,0.35153,0.78328,1.2397,1.6354,1.77,1.6534,1.0436,0.093304,-2.1628,-6.4014,-17.169,-16.186,-5.8434,-1.5163,0.46747,2.1034,3.0685,3.4512,3.6285,3.505,3.1682,2.7846,2.1327,1.391,0.80844,-0.027249,-0.98291,-1.8484,-3.33,-5.5351,-9.2896,-15.396,-22.329,-8.8774,-4.5338,-0.83157,1.6915,3.5482,4.6002,5.7031,6.4976,6.9345,7.3045,7.456,7.4512,7.2825,6.9409,6.4315,5.9368,5.1962,4.3834,3.7368,2.9147,2.2302,1.8764,1.6528,1.8185,2.3075,2.8642,3.8259,4.8805,5.6847,6.7196,7.6482,8.4168,8.8562,9.2468,9.4036,9.3726,9.0916,8.5642,8.0167,6.9914,5.6957,4.1099,2.8096,0.99645,-0.42121,-0.91297,-0.63679,0.1976,0.88316,1.6924,2.356,2.9602,3.4142,4.0583,4.763,5.3259,6.0683,6.7641,7.374,7.7439,8.0926,8.2794,8.2995,8.1686,7.867,7.5165,6.8854,6.0971,5.1636,4.4045,3.3715,2.4612,2.0013,1.8327,2.1338,2.5497,3.0806,3.5181,3.7311,3.7327,3.5398,3.1623,2.8101,2.3883,2.1953,2.4227
0.46929,-0.15014,-0.7886,-1.0887,-1.142,-1.012,-0.78448,-0.63034,-0.53687,-0.58935,-0.91649,-1.2774,-1.9009,-2.5957,-3.0544,-3.2515,-2.9558,-2.4571,-1.632,-0.87514,-0.31739,0.010721,0.30891,0.49967,0.67686,0.94872,1.3486,1.7713,2.4961,3.3501,4.2253,4.8104,5.4417,5.8492,5.9705,5.8932,5.5657,5.0029,4.4759,3.638,2.7153,2.0097,0.99797,-0.023405,-0.74121,-1.5667,-2.044,-2.1253,-1.7947,-1.0882,-0.082321,0.73397,1.728,2.5675,3.0586,3.4659,3.623,3.5919,3.4294,3.1225,2.7712,2.4676,2.0586,1.6393,1.1888,0.78555,0.044533,-0.94921,-1.8905,-3.2696,-4.5144,-4.9262,-4.5617,-3.4909,-2.3888,-1.7337,-1.2403,-1.1844,-1.5254,-2.3562,-3.5582,-4.3524,-4.564,-3.3494,-1.6311,-0.49923,0.49309,0.90761,0.82345,0.36792,-0.31569,-0.73683,-0.57728,0.27131,1.3948,2.1436,2.8866,3.2574,3.2285,2.906,2.2835,1.3249,0.3854,-0.99732,-2.4462,-3.4626,-4.5989,-5.3315,-5.6877,-6.018,-6.3573,-6.7631,-6.9285,-6.3811,-4.7946,-3.2096,-1.2295,0.45053,1.762,2.5651,3.4178,4.0229,4.3226,4.5879,4.6803,4.6355,4.411,3.9963,3.4063,2.8721,2.0099,1.0695,0.30669,-0.61706,-1.407,-1.847,-2.2072,-2.2409,-1.9098,-1.371,-0.2884,1.138,2.3059,3.8365,5.2168,6.3756,7.0907,7.8265,8.3024,8.4978,8.5556,8.4221,8.1548,7.683,7.0788,6.4059,5.8933,5.224,4.7107,4.4441,4.2886,4.2962,4.3724,4.5242,4.6891,4.8527,4.9773,5.1729,5.3878,5.5527,5.7789,5.9953,6.1616,6.233,6.2106,6.0359,5.8039,5.2867,4.5503,3.8557,2.7011,1.3082,-0.39438,-1.9603,-4.5276,-7.9276,-10.74,-10.892,-7.1884,-4.7845,-2.4898,-1.0811,-0.42196,-0.35367,-0.77116,-1.8054,-3.034,-5.1544,-7.5268,-8.2871
-1.7778,-2.6876,-3.349,-3.2813,-2.8838,-2.1579,-1.5098,-1.1611,-0.87571,-0.76708,-0.70438,-0.70544,-0.67299,-0.51444,-0.27214,0.090488,0.5782,0.97872,1.4495,1.845,2.0813,2.1003,1.9134,1.4305,0.8854,-0.10529,-1.0802,-1.3981,-0.75099,0.92498,2.8393,4.1223,5.5095,6.4901,6.9782,7.3191,7.3315,7.0385,6.6521,5.8868,4.8345,3.9026,2.3876,0.58543,-0.93147,-2.9387,-4.2303,-3.807,-2.6497,-0.7582,0.99953,2.1035,3.354,4.2928,4.7992,5.2478,5.4458,5.4324,5.2988,4.9783,4.5593,4.2732,3.8363,3.4449,3.1261,2.9402,2.7569,2.605,2.5034,2.3588,2.2978,2.2759,2.4183,2.6123,2.7398,2.7255,2.4397,1.7186,0.73325,-1.2881,-4.8506,-9.4333,-14.592,-6.152,-1.4705,0.72463,2.6892,3.9023,4.5005,5.0076,5.2961,5.4963,5.6223,5.7935,5.9132,5.9258,5.7916,5.3748,4.8847,3.9068,2.5202,0.66208,-1.0774,-3.831,-7.2872,-10.38,-13.85,-12.96,-10.708,-8.146,-6.2054,-4.7788,-3.6465,-2.4243,-1.3818,-0.68351,0.22217,0.95647,1.4795,1.7557,1.9753,2.1336,2.2305,2.3425,2.411,2.3643,2.1432,1.6802,0.93513,0.20334,-1.0685,-2.6949,-4.0078,-5.7764,-7.2498,-8.0204,-8.6322,-9.3965,-10.042,-9.8097,-7.4705,-3.8273,-1.3358,1.4642,3.6879,5.4124,6.4386,7.4726,8.1834,8.5234,8.8035,8.8769,8.8219,8.705,8.5073,8.2764,8.0801,7.8523,7.6288,7.4968,7.3112,7.1198,6.9593,6.7107,6.4237,6.0852,5.8179,5.4797,5.212,5.0703,4.9859,4.9648,4.9434,4.8933,4.742,4.403,3.9954,3.2394,2.1601,1.1502,-0.43765,-2.2814,-4.2731,-5.8237,-7.9157,-10.131,-11.495,-10.932,-7.9523,-5.7103,-3.3276,-1.8575,-1.1714,-1.152,-1.8117,-3.296,-5.0264,-8.3243,-12.674,-15.091
-6.6231,-11.5,-17.288,-10.014,-6.5002,-3.8619,-2.416,-1.8586,-1.6129,-1.833,-2.1595,-2.3211,-2.1097,-1.2947,-0.41897,0.81574,1.9918,2.7312,3.5066,4.0102,4.2248,4.1371,3.6728,2.7361,1.5364,-0.98295,-5.7508,-13.679,-9.9654,-1.7364,2.448,4.5624,6.5621,7.8891,8.5626,9.0904,9.2418,9.0728,8.7205,7.9939,6.9323,5.8737,4.087,1.6892,-0.76718,-5.6381,-14.201,-9.1139,-4.0551,-0.12227,2.4319,3.84,5.2246,6.1606,6.6155,6.9561,7.0006,6.7348,6.3905,5.7246,4.8604,4.1319,3.2832,2.7486,2.6964,2.9739,3.6626,4.4644,5.0586,5.7477,6.3213,6.6744,7.048,7.2906,7.3844,7.32,7.0534,6.5355,6.015,5.1199,4.2157,3.6881,3.5512,4.1892,5.2851,6.1764,7.2489,8.1379,8.6659,9.1764,9.5175,9.7067,9.7665,9.7233,9.5261,9.2587,8.6822,7.8324,7.0137,5.6071,3.7417,1.3897,-0.73038,-4.1183,-8.1338,-11.48,-14.865,-13.802,-11.366,-8.0412,-5.2618,-3.101,-1.7255,-0.28607,0.67291,1.0918,1.3675,1.2457,0.75544,0.11621,-0.90183,-1.6694,-1.7512,-1.3613,-0.74816,-0.38648,-0.21598,-0.46573,-1.176,-2.0869,-3.7453,-6.1627,-8.68,-13.978,-23.499,-20.286,-15.009,-13.646,-15.032,-16.451,-11.384,-5.4171,-2.1472,1.2022,3.6476,5.4473,6.4386,7.4071,8.0385,8.3283,8.4946,8.4806,8.469,8.3756,8.3272,8.3384,8.3909,8.5172,8.6138,8.6414,8.5673,8.347,8.0643,7.5003,6.7139,5.7187,4.8593,3.629,2.5324,1.9982,1.7875,2.0199,2.4062,2.6289,2.7394,2.5657,2.1784,1.3744,0.16175,-1.1101,-3.3591,-6.5507,-10.463,-12.684,-11.777,-8.9916,-7.1221,-5.0072,-3.1171,-1.8827,-0.41335,0.55404,1.0291,1.0267,0.48919,-0.65467,-1.9343,-4.3373,-7.6961,-13.22
-4.9172,-6.2167,-6.9949,-6.3498,-5.3834,-4.2284,-3.6175,-3.5931,-4.2614,-5.8811,-9.1362,-13.062,-15.279,-8.9807,-5.4476,-2.2326,-0.03119,1.1918,2.3972,3.1698,3.5848,3.7049,3.5796,3.1507,2.6293,1.8133,1.0514,0.82178,1.2805,2.5342,4.0838,5.1846,6.4349,7.3958,7.8955,8.2958,8.3987,8.2156,7.8921,7.2329,6.3571,5.5215,4.2529,2.8321,1.7695,0.53451,-0.14537,0.12387,0.78006,1.9671,3.1709,3.968,4.7966,5.362,5.6071,5.6618,5.4163,4.8531,4.1903,2.9597,1.2056,-0.63376,-3.9875,-7.9174,-7.1717,-4.0421,-0.5016,2.0516,3.5197,5.0601,6.2136,6.9097,7.5839,8.0491,8.3265,8.4166,8.3939,8.2317,8.0649,7.7767,7.5005,7.3504,7.3125,7.4504,7.7433,8.0402,8.4756,8.9176,9.2059,9.5317,9.7618,9.8737,9.8747,9.7379,9.4312,9.073,8.3916,7.4744,6.5606,5.0632,3.1874,0.88027,-1.1308,-4.4432,-8.5633,-12.442,-17.995,-16.602,-12.587,-8.533,-5.4754,-3.1368,-1.9176,-0.58116,0.26521,0.57761,0.42199,-0.39347,-2.0537,-4.114,-8.576,-18.509,-19.087,-9.8894,-6.378,-5.078,-4.4454,-4.6284,-5.3102,-6.0325,-7.1693,-8.411,-9.4176,-10.926,-11.873,-11.614,-10.211,-8.6108,-7.1597,-6.0082,-4.2128,-2.1806,-0.68892,1.0894,2.5506,3.6558,4.2384,4.7229,4.8801,4.8095,4.4211,3.8377,3.3353,2.693,2.4898,2.8926,3.5237,4.4183,5.2364,5.6582,5.9772,5.943,5.6696,4.945,3.737,1.9379,0.079699,-3.3208,-8.324,-12.271,-10.111,-6.168,-3.8403,-2.8235,-2.1517,-1.973,-2.0709,-2.5929,-3.4548,-4.3886,-6.0778,-8.451,-11.35,-12.795,-11.296,-8.1237,-5.9786,-3.6113,-1.7262,-0.56221,0.62405,1.4554,1.9318,2.0477,1.8942,1.3753,0.77581,-0.33134,-1.6312,-2.71
-3.6231,-3.7897,-3.8103,-3.6913,-3.5719,-3.423,-3.4908,-3.7569,-4.5083,-5.7054,-7.2612,-8.3552,-8.5261,-6.8437,-5.1078,-3.0011,-1.3404,-0.33448,0.69048,1.4368,1.945,2.2158,2.4392,2.5132,2.5491,2.5567,2.6489,2.7801,3.1475,3.679,4.3159,4.8136,5.4205,5.9261,6.2013,6.3986,6.3832,6.1145,5.7708,5.0989,4.2277,3.4945,2.4791,1.5519,1.0075,0.58005,0.53113,0.84078,1.182,1.8259,2.4495,2.8346,3.2165,3.4011,3.4005,3.1945,2.7586,2.1251,1.4505,0.26285,-1.3236,-2.7312,-5.0772,-7.1362,-6.6759,-4.7021,-1.903,0.47971,1.9436,3.5438,4.8154,5.5824,6.3917,6.9863,7.3776,7.5622,7.6589,7.6179,7.4894,7.2653,6.9879,6.7953,6.5795,6.4541,6.4549,6.5295,6.7403,7.0053,7.2309,7.5171,7.7403,7.8708,7.884,7.7888,7.5426,7.2409,6.7059,5.9575,5.2506,4.0369,2.5453,0.74342,-0.81579,-3.2787,-6.0909,-8.3271,-10.57,-10.311,-8.7828,-6.4452,-4.3966,-2.5804,-1.5583,-0.55567,0.11558,0.35661,0.25214,-0.33449,-1.4618,-2.5943,-4.4182,-6.0051,-6.461,-6.2533,-5.9371,-6.0575,-6.8571,-8.5492,-11.085,-12.916,-13.402,-11.734,-10.324,-8.7808,-7.5502,-6.7407,-5.6844,-4.6572,-3.6371,-2.8423,-1.8737,-0.99759,-0.3978,0.28602,0.80256,1.1207,1.2448,1.1651,0.77254,0.22636,-0.87426,-2.6282,-4.7586,-8.9937,-13.293,-8.3467,-4.7191,-1.413,0.72291,1.7935,2.6473,2.9459,2.8347,2.2655,1.1971,-0.40707,-1.985,-4.621,-7.5353,-9.0999,-9.2983,-8.3691,-7.5445,-7.2217,-7.1472,-7.2898,-7.3496,-7.4008,-7.4639,-7.4941,-7.5706,-7.583,-7.478,-7.088,-6.2373,-4.9664,-3.8917,-2.4143,-1.0426,-0.10498,0.87329,1.6618,2.2086,2.4737,2.6662,2.6981,2.6598,2.6115,2.6531,2.9052
