7.6299,6.9776,6.0672,5.1149,4.3743,3.3538,2.2989,1.4874,0.38076,-0.74967,-1.9075,-2.7924,-3.9894,-5.1989,-6.1107,-7.3263,-8.5435,-9.4668,-10.72,-11.985,-13.193,-14.032,-15.003,-15.76,-16.202,-16.669,-17.024,-17.201,-17.331,-17.356,-17.339,-17.318,-17.305,-17.318,-17.343,-17.442,-17.594,-17.787,-17.951,-18.183,-18.293,-18.232,-17.871,-17.157,-16.445,-15.332,-14.068,-12.735,-11.729,-10.4,-9.1199,-8.1951,-7.0222,-5.9185,-5.1294,-4.1345,-3.1981,-2.3286,-1.7216,-0.97505,-0.30158,0.15551,0.70006,1.17,1.5637,1.8076,2.0656,2.2431,2.3256,2.3668,2.3234,2.2337,2.0362,1.7481,1.3535,0.9838,0.38966,-0.32664,-0.95185,-1.9101,-3.0279,-3.9889,-5.4655,-7.2093,-9.2619,-10.993,-13.237,-14.222,-13.448,-11.283,-8.9773,-6.9252,-5.5731,-3.9772,-2.5688,-1.6104,-0.43877,0.63054,1.3719,2.2847,3.1183,3.8756,4.3958,5.028,5.5907,5.9646,6.3952,6.7477,6.9612,7.1788,7.321,7.3849,7.3819,7.3102,7.1605,6.9946,6.7035,6.3297,5.8728,5.4796,4.8882,4.2234,3.6748,2.8738,1.9879,1.2625,0.2203,-0.89307,-2.0514,-2.9214,-4.0264,-4.9816,-5.5308,-5.9423,-5.9307,-5.6375,-4.9084,-3.8764,-2.6348,-1.6294,-0.25282,1.119,2.126,3.4243,4.6582,5.8214,6.6457,7.6783,8.6358,9.3031,10.125,10.873,11.39,12.02,12.579,13.069,13.389,13.753,14.047,14.222,14.393,14.494,14.525,14.504,14.413,14.252,14.084,13.796,13.436,13.118,12.629,12.064,11.421,10.887,10.102,9.234,8.5262,7.5038,6.39,5.4948,4.2231,2.863,1.4192,0.28879,-1.2561,-2.7986,-3.9088,-5.2396,-6.2978,-6.875,-7.3651,-7.5921,-7.6391,-7.6136,-7.5333,-7.4238,-7.3551,-7.3044,-7.2892,-7.2973
8.6104,7.321,5.5194,3.6859,2.3647,0.82623,-0.28489,-0.79097,-1.1101,-1.205,-1.2479,-1.3115,-1.48,-1.7745,-2.0837,-2.6181,-3.2901,-3.886,-4.8014,-5.8534,-7.0435,-8.0388,-9.5351,-11.293,-12.827,-15.176,-17.656,-19.068,-19.222,-17.757,-16.037,-14.91,-13.682,-12.746,-12.202,-11.653,-11.255,-10.949,-10.764,-10.565,-10.402,-10.308,-10.212,-10.15,-10.139,-10.174,-10.282,-10.446,-10.554,-10.531,-10.075,-9.3091,-7.7498,-5.8178,-4.2945,-2.3159,-0.47794,1.1858,2.3132,3.6571,4.8295,5.6014,6.4916,7.2321,7.8309,8.1923,8.5635,8.8144,8.9272,8.9841,8.9408,8.8477,8.6488,8.371,8.021,7.7153,7.2533,6.7326,6.3107,5.7144,5.0863,4.5983,3.9396,3.301,2.7191,2.3488,1.9792,1.7812,1.7556,1.8763,2.1449,2.526,2.8661,3.381,3.9653,4.4505,5.161,5.9462,6.5796,7.4709,8.395,9.3277,10.017,10.901,11.729,12.302,12.993,13.594,13.981,14.411,14.738,14.962,15.061,15.101,15.035,14.916,14.665,14.307,13.841,13.421,12.767,12.004,11.359,10.397,9.3112,8.414,7.1019,5.6537,4.0711,2.7987,0.99636,-0.87463,-2.2286,-3.6686,-4.1623,-3.7234,-2.3408,-0.55308,1.308,2.6736,4.429,6.1061,7.3139,8.8565,10.321,11.708,12.696,13.939,15.095,15.906,16.91,17.824,18.45,19.206,19.87,20.443,20.812,21.224,21.544,21.724,21.884,21.954,21.946,21.856,21.676,21.403,21.138,20.702,20.172,19.71,19.007,18.2,17.285,16.524,15.403,14.154,13.126,11.624,9.9576,8.589,6.5929,4.3909,1.9926,0.10652,-2.3626,-4.3877,-5.3242,-5.7599,-5.6692,-5.5172,-5.3752,-5.3104,-5.2754,-5.2297,-5.074,-4.7666,-4.4334,-3.8811,-3.2504,-2.5907
6.0959,4.522,2.3127,0.17079,-1.0992,-1.8595,-1.5406,-0.93154,-0.046249,0.68978,1.2026,1.443,1.597,1.5778,1.4664,1.1981,0.79809,0.41464,-0.20032,-0.90913,-1.6748,-2.2711,-3.0777,-3.8748,-4.4532,-5.1872,-5.8603,-6.3192,-6.8885,-7.4342,-7.9967,-8.4753,-9.2316,-10.214,-11.198,-12.983,-15.502,-18.739,-20.266,-17.888,-14.072,-11.724,-9.2955,-7.4626,-6.3783,-5.2629,-4.4723,-3.9398,-3.6724,-3.443,-3.2324,-2.9784,-2.3366,-1.2336,-0.13352,1.5266,3.222,4.8213,5.9165,7.2159,8.3173,9.0129,9.7682,10.328,10.695,10.848,10.884,10.732,10.491,10,9.3166,8.6829,7.6925,6.5859,5.4726,4.7411,4.0825,3.9138,4.0866,4.5647,5.1415,5.5517,6.008,6.3476,6.5754,6.6721,6.7016,6.6163,6.4702,6.1558,5.6801,4.994,4.297,3.0277,1.1713,-0.85995,-5.3179,-16.269,-10.994,-1.9961,2.7419,5.9904,7.8956,9.9749,11.668,12.74,13.952,14.948,15.571,16.251,16.77,17.141,17.327,17.456,17.458,17.379,17.173,16.854,16.43,16.046,15.453,14.774,14.212,13.401,12.528,11.838,10.886,9.9111,8.9172,8.1643,7.155,6.1508,5.4092,4.4455,3.5106,2.8338,1.9974,1.3365,1.0663,1.287,2.2513,3.8523,5.2918,7.3049,9.2816,11.152,12.466,14.095,15.581,16.601,17.838,18.936,19.672,20.538,21.276,21.889,22.268,22.67,22.955,23.093,23.18,23.16,23.076,22.876,22.578,22.189,21.839,21.301,20.683,20.171,19.425,18.611,17.73,17.026,16.032,14.976,14.145,12.989,11.786,10.859,9.5995,8.3324,7.0737,6.1411,4.9176,3.7045,2.7898,1.5284,0.13998,-1.0342,-2.8552,-5.0523,-7.6736,-9.7899,-11.719,-10.872,-9.0869,-6.6877,-4.699,-3.1227
2.7177,2.24,1.7668,1.4788,1.3803,1.3813,1.4962,1.6361,1.8572,2.0667,2.2059,2.2462,2.1972,2.0291,1.8241,1.4407,0.91004,0.4011,-0.44569,-1.492,-2.7403,-3.8158,-5.4088,-7.1194,-8.3694,-9.692,-10.202,-9.9775,-9.1674,-8.1885,-7.3079,-6.7653,-6.2131,-5.8467,-5.6602,-5.4872,-5.3242,-5.0904,-4.8341,-4.2956,-3.5021,-2.7718,-1.7125,-0.63451,0.15956,1.1656,2.092,2.947,3.5441,4.2968,5.0104,5.5291,6.2075,6.8852,7.3979,8.084,8.7629,9.4155,9.8808,10.45,10.941,11.247,11.558,11.742,11.788,11.723,11.493,11.082,10.646,9.8743,8.8637,7.932,6.4361,4.6479,2.674,1.3151,0.35111,0.83408,1.8003,3.2363,4.4992,5.2711,6.0715,6.637,7.0199,7.2069,7.3352,7.3384,7.2703,7.0993,6.8555,6.5598,6.3172,5.9892,5.6988,5.544,5.4745,5.6209,5.9088,6.5408,7.4178,8.4611,9.2984,10.422,11.498,12.249,13.153,13.929,14.422,14.956,15.347,15.593,15.683,15.676,15.529,15.329,14.948,14.441,13.819,13.283,12.492,11.631,10.953,10.026,9.0972,8.4129,7.5308,6.6883,5.8743,5.2793,4.506,3.7468,3.1762,2.3879,1.5309,0.81914,-0.22683,-1.3473,-2.356,-2.7473,-2.2829,-0.61641,1.1163,3.5981,5.9913,8.1832,9.6808,11.487,13.095,14.178,15.466,16.582,17.311,18.145,18.822,19.346,19.641,19.903,20.016,20.004,19.86,19.573,19.265,18.739,18.087,17.327,16.7,15.812,14.902,14.23,13.382,12.613,11.929,11.461,10.872,10.291,9.8373,9.1933,8.4913,7.9249,7.1216,6.2719,5.3894,4.7165,3.8195,2.9507,2.3274,1.5275,0.7658,0.21196,-0.49685,-1.1475,-1.6949,-2.0212,-2.3599,-2.6081,-2.7616,-2.9435,-3.1262,-3.3537
-6.6497,-5.8063,-4.6389,-3.5134,-2.6951,-1.6513,-0.67896,0.004861,0.85834,1.6252,2.2779,2.6698,3.0469,3.249,3.2902,3.1985,2.9345,2.609,1.9998,1.1719,0.11687,-0.82587,-2.2493,-3.7731,-4.8552,-5.9201,-6.1216,-5.6518,-4.5408,-3.2746,-2.0932,-1.3053,-0.39987,0.34957,0.83817,1.4131,1.9372,2.4287,2.7866,3.2673,3.7807,4.1877,4.7448,5.31,5.7408,6.3181,6.8928,7.4607,7.8798,8.4284,8.9661,9.3604,9.8742,10.378,10.749,11.233,11.697,12.133,12.438,12.809,13.127,13.325,13.53,13.656,13.698,13.668,13.545,13.327,13.101,12.725,12.275,11.901,11.378,10.856,10.371,10.052,9.7073,9.4564,9.3227,9.195,9.0986,9.0261,8.9045,8.7294,8.496,8.2771,7.9134,7.4617,7.0752,6.5092,5.9174,5.3496,4.9724,4.5926,4.4275,4.4845,4.8153,5.4123,6.0001,6.9195,7.9273,8.9772,9.766,10.789,11.752,12.42,13.222,13.904,14.328,14.767,15.053,15.176,15.154,14.968,14.594,14.185,13.459,12.516,11.341,10.299,8.6831,6.8098,5.2593,3.1054,1.167,0.16164,-0.35681,-0.21825,0.077081,0.22656,0.26415,0.090895,-0.16591,-0.61963,-1.0873,-1.3379,-1.3747,-0.95994,-0.12711,0.72263,2.0517,3.5013,4.6342,6.1835,7.7438,9.2804,10.393,11.793,13.083,13.971,15.038,15.967,16.57,17.246,17.774,18.147,18.324,18.417,18.339,18.164,17.764,17.159,16.559,15.54,14.232,12.575,11.05,8.5298,5.2838,2.332,-1.0844,-0.28329,2.3752,3.9483,5.3522,6.1295,6.3901,6.3855,6.0276,5.5504,4.6581,3.486,2.051,0.81673,-0.9485,-2.5727,-3.4484,-3.8842,-3.5672,-3.0821,-2.4034,-1.8414,-1.4352,-1.2259,-1.0709,-1.0621,-1.1572,-1.4203,-1.8412,-2.4288
-16.783,-17.296,-18.09,-16.977,-14.485,-10.802,-7.6884,-5.7842,-3.7175,-2.0634,-0.71699,0.11859,1.0185,1.6831,2.0374,2.3404,2.4893,2.5133,2.4472,2.2758,2.016,1.7795,1.4482,1.1439,0.95821,0.79003,0.7307,0.7517,0.84286,0.9924,1.1802,1.3356,1.5489,1.7421,1.8745,2.0303,2.1768,2.3234,2.4415,2.627,2.8615,3.0698,3.3821,3.7254,4.0063,4.4004,4.8023,5.1979,5.4862,5.8562,6.2084,6.4652,6.8069,7.1623,7.4413,7.8365,8.256,8.6951,9.0317,9.4753,9.8923,10.176,10.504,10.762,10.937,11.009,11.024,10.948,10.833,10.612,10.322,10.069,9.6948,9.2962,8.888,8.5837,8.19,7.8131,7.5404,7.1837,6.8259,6.5455,6.1383,5.668,5.1101,4.6118,3.8086,2.8254,1.9612,0.59557,-1.071,-3.1391,-5.0637,-8.2966,-11.89,-12.574,-9.3563,-5.6815,-3.3707,-0.76078,1.4704,3.421,4.7382,6.3168,7.6999,8.6143,9.6728,10.548,11.083,11.631,11.988,12.152,12.145,11.956,11.556,11.111,10.317,9.2757,7.9626,6.7797,4.9015,2.6391,0.67613,-2.1699,-4.5821,-5.2666,-4.6258,-3.5218,-2.7331,-2.457,-2.5196,-3.128,-3.989,-5.7675,-8.5242,-11.598,-17.212,-14.121,-8.2692,-5.2575,-2.242,0.12584,1.6388,3.427,5.021,6.4635,7.4583,8.6708,9.7631,10.507,11.396,12.164,12.659,13.209,13.629,13.912,14.033,14.071,13.966,13.79,13.423,12.897,12.394,11.567,10.555,9.3542,8.3389,6.8768,5.429,4.5129,3.7663,3.668,4.0148,4.3672,4.7662,4.9677,4.9557,4.7052,4.1704,3.5743,2.5065,1.0945,-0.72052,-2.3893,-4.9424,-7.4225,-8.5088,-8.2376,-6.8251,-5.6635,-4.3849,-3.5152,-3.0198,-2.8456,-2.8256,-3.0069,-3.2515,-3.6959,-4.2627,-4.9014
-11.373,-11.82,-12.111,-11.637,-10.711,-9.0288,-7.089,-5.6184,-3.7832,-2.2001,-0.91802,-0.13375,0.71052,1.3521,1.7045,2.0141,2.1646,2.1896,2.1373,2.0151,1.8455,1.7037,1.5173,1.3557,1.2655,1.1996,1.1909,1.2125,1.253,1.2858,1.2786,1.2314,1.0946,0.85271,0.60448,0.17513,-0.36085,-0.96625,-1.4215,-1.9321,-2.2112,-2.2021,-1.8762,-1.2818,-0.75062,-0.044593,0.57323,1.0432,1.2844,1.4514,1.449,1.354,1.1413,0.92296,0.83769,0.95961,1.4364,2.2422,2.9855,4.0351,5.0382,5.7142,6.4825,7.0827,7.5074,7.7106,7.8325,7.7934,7.6628,7.3644,6.9321,6.5308,5.9138,5.2374,4.5403,4.0337,3.4268,2.9396,2.663,2.4013,2.2284,2.1229,1.9672,1.7414,1.393,1.0281,0.38789,-0.43797,-1.2048,-2.4844,-4.066,-5.9433,-7.5199,-9.7253,-11.647,-12.484,-12.476,-11.204,-9.5785,-6.8746,-4.0203,-1.3311,0.50815,2.6912,4.5641,5.7758,7.1499,8.2635,8.9373,9.6285,10.093,10.343,10.396,10.296,10.01,9.6785,9.0936,8.3624,7.5075,6.8037,5.8148,4.8176,4.0994,3.2292,2.4925,2.0409,1.5598,1.1778,0.84087,0.58201,0.188,-0.29434,-0.68902,-1.2085,-1.6801,-1.9678,-2.211,-2.1886,-1.8321,-1.4048,-0.72611,0.043193,0.67073,1.5713,2.526,3.505,4.2401,5.2017,6.1249,6.7791,7.5769,8.2687,8.7069,9.1786,9.5161,9.7171,9.7827,9.7683,9.6505,9.507,9.2585,8.9635,8.7226,8.3868,8.0446,7.7086,7.4649,7.1606,6.8961,6.7322,6.561,6.4389,6.3444,6.2721,6.1466,5.9556,5.7527,5.3915,4.9175,4.4871,3.8243,3.0856,2.2952,1.6762,0.87161,0.17832,-0.21992,-0.60228,-0.87924,-1.05,-1.2678,-1.5222,-1.8674,-2.2226,-2.864,-3.7203,-4.5177,-5.8361,-7.5785,-10.002
-6.5876,-6.1949,-5.5521,-4.7711,-4.0776,-3.0577,-2.032,-1.2993,-0.36681,0.51389,1.2868,1.7612,2.2396,2.5414,2.6545,2.6426,2.4291,2.1305,1.5561,0.8145,-0.028073,-0.66651,-1.4044,-1.8487,-1.9034,-1.6065,-1.0392,-0.55034,0.068763,0.56861,0.88833,0.98679,0.91347,0.58087,0.13914,-0.76258,-2.1037,-4.0615,-6.1357,-10.414,-20.092,-25.289,-12.012,-7.2047,-4.9915,-3.0033,-1.7468,-1.0268,-0.78846,-0.84926,-1.3667,-2.0971,-3.6712,-6.2953,-9.5856,-19.808,-16.031,-7.3217,-3.8606,-0.71283,1.5056,2.7736,4.065,4.9835,5.5823,5.8447,5.9624,5.8235,5.5507,4.9632,4.1089,3.2846,1.923,0.23789,-1.7896,-3.4981,-5.7461,-7.0835,-6.9355,-5.6731,-4.1769,-3.2021,-2.1805,-1.4573,-1.0063,-0.83265,-0.80752,-1.0116,-1.3364,-1.9735,-2.798,-3.7717,-4.6217,-5.9948,-7.7102,-9.2603,-11.62,-13.168,-12.041,-8.3392,-4.5896,-1.4187,0.60348,2.9001,4.8091,6.0223,7.3796,8.4599,9.1001,9.7389,10.142,10.318,10.307,10.114,9.7282,9.3223,8.6472,7.851,6.9762,6.3054,5.4438,4.6785,4.1966,3.696,3.3427,3.1556,2.9731,2.8283,2.687,2.565,2.3664,2.1245,1.9226,1.5994,1.204,0.87745,0.43691,-0.032715,-0.55152,-0.97587,-1.5758,-2.1752,-2.5632,-2.8436,-2.609,-1.7448,-0.78499,0.67093,2.1164,3.104,4.2332,5.1235,5.6266,6.0759,6.2757,6.2401,6.0681,5.6644,5.1036,4.625,3.9985,3.5232,3.351,3.4154,3.7698,4.2906,4.7185,5.2719,5.7621,6.0744,6.4108,6.6513,6.795,6.8361,6.8015,6.6628,6.4924,6.179,5.7745,5.4186,4.8872,4.3215,3.7531,3.3218,2.7496,2.2024,1.8356,1.4136,1.0401,0.76068,0.37782,-0.021777,-0.45457,-0.83048,-1.437,-2.1821,-2.8328,-3.7915,-4.8103,-5.8407
-8.0219,-6.7245,-5.081,-3.6145,-2.6217,-1.3781,-0.20139,0.6061,1.536,2.2826,2.8641,3.2011,3.4982,3.5924,3.5245,3.2377,2.7036,2.1053,0.98457,-0.60831,-2.8573,-5.213,-10.118,-22.635,-19.078,-9.3376,-5.0963,-3.0727,-1.1887,0.085458,0.92561,1.3222,1.591,1.5872,1.4186,0.9908,0.35761,-0.4356,-1.0784,-1.8764,-2.4237,-2.562,-2.3644,-1.8267,-1.3493,-0.77242,-0.35719,-0.1395,-0.11608,-0.26912,-0.62412,-1.0004,-1.6054,-2.2276,-2.601,-2.7835,-2.4367,-1.5529,-0.65241,0.64201,1.8705,2.6873,3.5968,4.2712,4.7035,4.8626,4.846,4.5579,4.1598,3.3799,2.3047,1.2924,-0.37086,-2.423,-4.922,-7.0935,-10.102,-11.78,-11.251,-9.3277,-7.3773,-6.1371,-4.7849,-3.7194,-2.8919,-2.4103,-1.9267,-1.6379,-1.5079,-1.3959,-1.3794,-1.4438,-1.5065,-1.5795,-1.6045,-1.5567,-1.3372,-0.85645,-0.29357,0.70832,1.9186,3.2425,4.2581,5.5865,6.8182,7.654,8.6258,9.411,9.8679,10.295,10.506,10.489,10.317,9.8653,9.147,8.4239,7.1943,5.6385,3.7369,2.1008,-0.20739,-2.0677,-2.5729,-1.9687,-0.76358,0.1056,1.0306,1.6715,2.0509,2.1903,2.2244,2.118,1.9553,1.6238,1.2085,0.85944,0.35822,-0.28564,-1.1662,-1.998,-3.4193,-5.4392,-7.6601,-12.432,-18.344,-11.749,-7.523,-3.7254,-1.0736,0.42496,1.918,2.9411,3.4499,3.797,3.7818,3.3992,2.8483,1.7023,-0.031567,-1.8641,-5.4275,-11.511,-16.753,-9.7605,-4.599,-1.4563,0.22754,1.9358,3.2222,3.9782,4.7669,5.3408,5.719,5.8835,5.9497,5.8516,5.6676,5.2804,4.7394,4.2402,3.4557,2.5675,1.6728,1.0511,0.34394,-0.19943,-0.47967,-0.67627,-0.71381,-0.69792,-0.69294,-0.76445,-0.94075,-1.1424,-1.4972,-1.9586,-2.3835,-3.0023,-3.5927,-4.0866
-11.72,-9.6654,-7.303,-5.2529,-3.9192,-2.4069,-1.1259,-0.27208,0.73601,1.55,2.1654,2.5133,2.8291,2.9489,2.904,2.6728,2.2658,1.8577,1.1667,0.30095,-0.69369,-1.4462,-2.2918,-2.7721,-2.8106,-2.4566,-1.7935,-1.2144,-0.45389,0.19373,0.68812,0.95638,1.1821,1.2654,1.2397,1.1111,0.90604,0.6469,0.44066,0.18785,-0.026169,-0.15658,-0.26775,-0.32905,-0.38529,-0.49978,-0.67436,-0.92515,-1.1788,-1.6035,-2.1139,-2.525,-3.0461,-3.4123,-3.5268,-3.3961,-2.9166,-2.1484,-1.4498,-0.46047,0.50184,1.1589,1.8997,2.4467,2.7752,2.87,2.7788,2.4336,2.0071,1.2154,0.17864,-0.75785,-2.2055,-3.8281,-5.5474,-6.8368,-8.4163,-9.6289,-10.201,-10.445,-10.12,-9.5946,-8.6901,-7.7345,-6.8435,-6.2469,-5.5536,-4.97,-4.5633,-4.0328,-3.6148,-3.2947,-3.0494,-2.6557,-2.1655,-1.7438,-1.0965,-0.34019,0.30532,1.2723,2.3322,3.4381,4.2718,5.3589,6.3788,7.0809,7.9059,8.5796,8.9719,9.3262,9.4758,9.4046,9.1951,8.6907,7.9098,7.1249,5.7782,4.0386,1.8311,-0.17729,-3.2613,-5.9156,-6.2714,-4.7314,-2.9088,-1.8466,-0.88079,-0.34332,-0.16322,-0.22233,-0.5071,-0.97133,-1.3988,-1.9846,-2.4842,-2.8008,-3.1236,-3.3458,-3.5204,-3.6427,-3.8609,-4.1254,-4.2863,-4.3243,-4.0715,-3.5189,-2.9215,-1.9463,-0.89911,-0.176,0.6325,1.2194,1.5106,1.6853,1.598,1.2304,0.75529,-0.14556,-1.3264,-2.3505,-3.7588,-4.9282,-5.3925,-5.2952,-4.5482,-3.4824,-2.6139,-1.452,-0.34895,0.40865,1.2918,2.0036,2.5236,2.7803,2.9318,2.8586,2.6472,2.143,1.358,0.57121,-0.80569,-2.665,-5.0998,-7.3676,-10.906,-13.14,-11.954,-9.1356,-6.8924,-5.6785,-4.5731,-3.9855,-3.8344,-3.9461,-4.3268,-4.9605,-5.6223,-6.7583,-8.129,-9.5681
-11.559,-10.09,-8.1264,-6.2286,-4.833,-3.1167,-1.6842,-0.81369,0.15769,0.95368,1.5726,1.9145,2.2191,2.3661,2.377,2.2494,1.982,1.7133,1.2967,0.83777,0.35817,0.019562,-0.35669,-0.59955,-0.67595,-0.65615,-0.53333,-0.39086,-0.16505,0.050249,0.2149,0.29336,0.31922,0.25245,0.15291,-0.029386,-0.25348,-0.49569,-0.67653,-0.88448,-1.0486,-1.1465,-1.2487,-1.3665,-1.4935,-1.703,-1.9923,-2.4291,-2.8918,-3.7293,-4.8959,-6.0458,-8.0605,-10.7,-12.777,-13.263,-10.282,-7.0198,-5.0143,-2.8912,-1.2525,-0.28159,0.71,1.3871,1.7727,1.874,1.7736,1.4204,0.99129,0.18613,-0.89369,-1.8846,-3.4614,-5.3543,-7.6274,-9.6805,-13.103,-17.868,-22.995,-25.634,-19.639,-16.687,-14.073,-12.351,-11.164,-10.491,-9.7615,-9.1616,-8.7518,-8.2661,-7.873,-7.4927,-7.2061,-6.8028,-6.3347,-5.9001,-5.133,-4.1173,-3.2055,-1.8348,-0.34597,1.1866,2.3158,3.7429,5.042,5.9194,6.94,7.7792,8.2869,8.7869,9.0726,9.1456,9.0624,8.7697,8.2723,7.7705,6.944,5.9732,4.9149,4.113,3.1018,2.2302,1.7113,1.2102,0.84863,0.60073,0.21298,-0.30437,-1.0163,-1.716,-2.9367,-4.5748,-6.1236,-8.594,-11.175,-12.309,-11.498,-9.4495,-7.4911,-6.3211,-5.1761,-4.3499,-3.835,-3.2766,-2.8422,-2.4496,-2.114,-1.5908,-1.0387,-0.6511,-0.17538,0.25319,0.51126,0.74057,0.80246,0.64729,0.38329,-0.15404,-0.90181,-1.5998,-2.7036,-3.979,-5.0275,-6.481,-7.7811,-8.361,-7.9845,-6.5772,-4.8035,-3.5376,-2.0873,-0.95188,-0.12822,0.30538,0.64079,0.71544,0.60755,0.24628,-0.36616,-0.98344,-2.0467,-3.4964,-5.3169,-6.7371,-8.3073,-9.079,-8.8839,-7.8292,-6.5887,-5.8228,-5.0817,-4.6797,-4.6428,-4.8583,-5.4737,-6.4193,-7.3587,-9.0637,-11.48,-14.945
-14.5,-10.834,-7.3135,-4.8005,-3.3776,-1.8414,-0.56111,0.23252,1.0568,1.6702,2.1283,2.3613,2.5262,2.5701,2.5337,2.3759,2.0484,1.69,1.0958,0.41633,-0.30017,-0.83739,-1.4645,-1.8691,-1.9555,-1.7956,-1.4314,-1.1005,-0.69168,-0.38143,-0.21812,-0.20967,-0.3731,-0.71563,-1.0748,-1.6766,-2.3558,-2.997,-3.3991,-3.7505,-3.8303,-3.7375,-3.48,-3.183,-2.9524,-2.6811,-2.5496,-2.6045,-2.7785,-3.2019,-3.8778,-4.5705,-5.7765,-7.1298,-7.9148,-7.8631,-6.326,-4.1966,-2.6597,-0.89663,0.52029,1.3648,2.2103,2.7665,3.0479,3.0886,2.9261,2.5264,2.0707,1.2568,0.22271,-0.6855,-2.0834,-3.7075,-5.5332,-7.0252,-9.1422,-11.169,-12.41,-13.359,-13.426,-13.185,-12.907,-12.871,-13.095,-13.401,-13.852,-14.04,-13.914,-13.59,-12.996,-12.181,-11.763,-11.734,-12.346,-13.145,-14.081,-13.311,-11.137,-7.552,-4.231,-1.3632,0.51769,2.7117,4.5912,5.8123,7.2019,8.3328,9.0194,9.7283,10.205,10.453,10.495,10.368,10.043,9.6794,9.0546,8.2993,7.4463,6.7736,5.8691,4.9936,4.377,3.6265,2.953,2.4799,1.8477,1.1447,0.30394,-0.46101,-1.7332,-3.3586,-4.8467,-7.1809,-9.359,-10.126,-9.3737,-7.6601,-5.9368,-4.9132,-3.9209,-3.2412,-2.918,-2.7281,-2.7458,-2.8327,-2.8843,-2.8753,-2.6734,-2.3336,-1.5851,-0.6408,0.063429,0.87503,1.4681,1.8046,1.8838,1.7425,1.2842,0.71944,-0.3516,-1.8508,-3.3318,-5.9461,-9.5176,-12.897,-12.129,-8.4362,-5.4132,-3.7591,-2.1474,-1.0409,-0.30709,0.050277,0.32089,0.39964,0.36401,0.21379,-0.054299,-0.31152,-0.65514,-1.054,-1.5517,-1.9245,-2.2627,-2.434,-2.5006,-2.4809,-2.3861,-2.345,-2.3846,-2.4963,-2.6641,-2.894,-3.4291,-4.1778,-4.8174,-5.7726,-6.8292,-7.9162
-2.932,-2.1571,-1.1305,-0.078263,0.62916,1.2814,1.6339,1.8197,1.9898,2.0611,2.0889,2.1268,2.1976,2.2395,2.22,2.0981,1.8046,1.3964,0.52387,-0.78769,-2.6425,-4.5134,-7.8519,-11.264,-10.946,-7.5407,-4.5909,-2.9888,-1.5324,-0.66999,-0.29814,-0.31237,-0.69882,-1.5127,-2.426,-4.0917,-6.3404,-9.2059,-11.582,-13.48,-12.067,-10.17,-7.9809,-6.287,-5.2407,-4.1429,-3.3289,-2.6753,-2.2489,-1.7807,-1.399,-1.1449,-0.81771,-0.44714,-0.10428,0.47167,1.2086,2.0228,2.6295,3.4126,4.1104,4.5375,4.9453,5.157,5.1707,5.0502,4.7135,4.1602,3.615,2.7556,1.7407,0.89313,-0.33517,-1.6195,-2.8921,-3.8083,-4.9753,-6.0357,-6.7353,-7.547,-8.3157,-8.9026,-9.8327,-11.082,-12.869,-14.862,-19.298,-29.178,-29.97,-19.936,-15.642,-13.361,-12.576,-12.308,-12.758,-13.517,-14.783,-14.346,-12.194,-8.4854,-4.8706,-1.632,0.51767,3.0436,5.2227,6.6478,8.2808,9.6295,10.45,11.3,11.894,12.237,12.327,12.227,11.882,11.467,10.709,9.7169,8.5018,7.4645,5.9712,4.4752,3.4594,2.4409,1.9394,1.8587,1.9533,2.0449,1.9946,1.8297,1.4664,0.96588,0.51879,-0.082019,-0.57274,-0.97606,-1.3498,-1.3102,-1.1421,-1.0898,-1.059,-1.1021,-1.2898,-1.7831,-2.5813,-3.9555,-5.6796,-9.5152,-15.171,-12.978,-6.6021,-2.437,-0.26466,1.8435,3.3118,4.3109,4.8004,5.1237,5.1237,4.9445,4.4954,3.8401,3.2511,2.4176,1.6421,1.0603,0.81063,0.70631,0.75009,0.80498,0.82948,0.73286,0.5054,0.24549,-0.15981,-0.55532,-0.79323,-0.97989,-0.98913,-0.95628,-0.82244,-0.54942,-0.28354,-0.21214,-0.21929,-0.20124,-0.17116,-0.19677,-0.27265,-0.33998,-0.47491,-0.69574,-0.97937,-1.202,-1.5325,-1.9848,-2.3907,-2.9494,-3.5134,-4.0943
3.2688,3.3776,3.3928,3.2145,2.9991,2.5626,1.7821,0.9445,-0.45842,-2.049,-3.3897,-3.6979,-2.9712,-1.7174,-0.88808,-0.10746,0.31166,0.39118,0.10688,-0.67174,-1.8516,-2.9399,-4.4905,-5.6068,-5.5311,-4.311,-2.7486,-1.7449,-0.73835,-0.1616,-0.024366,-0.21151,-0.82526,-1.8806,-2.9779,-4.8551,-7.2771,-10.136,-12.256,-13.978,-13.553,-12.501,-11.107,-9.8161,-8.939,-7.9652,-6.9949,-5.9072,-5.049,-3.889,-2.7367,-1.883,-0.75398,0.3216,1.085,2.0238,2.8807,3.6468,4.1512,4.7235,5.1531,5.3655,5.5038,5.4621,5.2212,4.9118,4.3159,3.5163,2.7881,1.6442,0.30639,-0.80247,-2.3363,-3.8545,-5.2392,-6.068,-6.8267,-7.2364,-7.3653,-7.4301,-7.5384,-7.6603,-7.9102,-8.3219,-8.9409,-9.4656,-10.14,-10.534,-10.659,-10.69,-9.8124,-9.1926,-9.2256,-9.4288,-9.6316,-9.8974,-10.299,-10.236,-9.5131,-7.5578,-4.897,-2.0219,0.081398,2.6678,4.955,6.458,8.1839,9.6127,10.496,11.422,12.068,12.441,12.544,12.444,12.066,11.589,10.673,9.4001,7.6939,6.046,3.1636,-1.0175,-5.9855,-20.827,-7.895,-3.6381,-0.61475,1.0538,1.968,2.3129,2.4401,2.2702,2.0064,1.4867,0.87864,0.39415,-0.23732,-0.81799,-1.3457,-1.5914,-1.6479,-1.5264,-1.4007,-1.2367,-1.2586,-1.5927,-1.9505,-2.3016,-2.2553,-1.7357,-0.21458,1.7052,3.0419,4.5796,5.798,6.7014,7.17,7.5422,7.6756,7.6349,7.4099,7.0211,6.6478,6.0779,5.4487,4.7807,4.267,3.5437,2.7619,2.1215,1.1436,-0.036072,-1.481,-2.8022,-4.9003,-7.3202,-8.9694,-9.6108,-8.0671,-6.502,-4.8535,-3.6894,-2.7471,-2.204,-1.8314,-1.7407,-1.771,-1.9315,-2.185,-2.3411,-2.4785,-2.6486,-2.9299,-3.1474,-3.3378,-3.5461,-3.7859,-4.1258,-4.4676,-4.7302
4.5297,4.4279,4.2096,3.7172,3.1379,2.1796,0.87861,-0.51616,-3.0422,-6.5756,-11.195,-12.333,-8.7702,-5.5646,-3.8695,-2.364,-1.5414,-1.1959,-0.95389,-0.92517,-1.0591,-1.1768,-1.2689,-1.2437,-1.1494,-0.91145,-0.57909,-0.35941,-0.17256,-0.16646,-0.39636,-0.73776,-1.4415,-2.4323,-3.3621,-4.8379,-6.5978,-8.4756,-9.8959,-11.864,-13.755,-15.098,-16.595,-17.328,-17.483,-17.244,-16.355,-14.96,-13.622,-11.421,-8.9688,-7.1972,-5.0413,-3.1629,-1.9447,-0.54414,0.58223,1.4672,2.0142,2.5675,2.8992,3.018,3.018,2.8211,2.4179,1.9661,1.1704,0.1524,-0.80075,-2.372,-4.2932,-6.0217,-8.8015,-12.419,-16.98,-19.804,-18.679,-15.576,-13.749,-11.949,-10.605,-9.8157,-8.9665,-8.3277,-7.8476,-7.5249,-7.1698,-6.91,-6.7016,-6.5165,-6.4731,-6.7446,-7.0081,-7.59,-8.718,-10.011,-12.688,-18.09,-23.974,-15.274,-8.728,-4.3466,-1.8058,0.9756,3.2712,4.7285,6.3887,7.737,8.5667,9.4598,10.097,10.481,10.613,10.583,10.314,9.947,9.2395,8.2837,7.0752,6.0002,4.3887,2.7412,1.6437,0.64412,0.40748,0.61932,1.0551,1.4084,1.5831,1.57,1.3184,0.80553,0.26945,-0.68457,-1.9135,-2.9005,-4.684,-7.2194,-10.002,-11.301,-10.415,-7.7779,-5.7903,-3.5787,-1.9513,-0.65741,0.24369,1.3051,2.2048,2.8912,3.8676,4.7959,5.4354,6.2024,6.8363,7.2876,7.4906,7.6017,7.5327,7.3573,6.9717,6.4396,5.9556,5.2106,4.3758,3.4648,2.7355,1.7022,0.60124,-0.29083,-1.6007,-3.0938,-4.8318,-6.347,-8.7895,-11.729,-13.847,-14.544,-12.618,-10.766,-8.4393,-7.0338,-6.4563,-6.1828,-6.0208,-6.3913,-6.9746,-7.9422,-9.0072,-9.7322,-10.221,-9.9952,-9.4871,-9.2275,-9.1694,-9.3746,-9.6929,-10.393,-11.126,-11.363
3.8953,3.8836,3.7585,3.5228,3.2001,2.5465,1.7564,1.087,0.084784,-0.91468,-1.7681,-2.1856,-2.4159,-2.5029,-2.5448,-2.5659,-2.6588,-2.8366,-3.1167,-3.2762,-3.2875,-3.1856,-2.8793,-2.3991,-2.0042,-1.5079,-1.1057,-0.87952,-0.72622,-0.77438,-1.0344,-1.3796,-2.0616,-2.9915,-3.8684,-5.2685,-6.919,-8.9317,-10.677,-13.46,-17.05,-20.642,-27.942,-34.119,-29.68,-26.426,-26.471,-33.508,-36.187,-21.918,-15.666,-12.411,-9.1226,-6.6536,-5.1848,-3.6263,-2.4346,-1.5498,-1.0748,-0.66914,-0.46986,-0.43613,-0.55934,-0.85617,-1.3148,-1.7751,-2.5642,-3.5847,-4.506,-5.9531,-7.7029,-9.2785,-11.739,-14.464,-17.243,-18.68,-18.942,-18.039,-17.112,-15.813,-14.323,-13.119,-11.544,-10.057,-8.6982,-7.8198,-6.8314,-6.0596,-5.5763,-5.0244,-4.8391,-4.7754,-4.7382,-4.9203,-5.3171,-5.6191,-5.9399,-6.0512,-5.8593,-5.0477,-3.7221,-2.1455,-0.91443,0.69414,2.2047,3.2363,4.4746,5.5458,6.2225,6.9527,7.4956,7.8566,8.0063,8.0466,7.9143,7.7119,7.3164,6.7834,6.1465,5.6243,4.8846,4.1408,3.6192,3.002,2.4639,2.0998,1.6512,1.1927,0.65955,0.19375,-0.52118,-1.3546,-2.0851,-3.1841,-4.5444,-5.7528,-7.4861,-9.3666,-11.609,-12.796,-11.74,-8.9902,-6.8593,-4.4014,-2.3445,-0.53513,0.63163,1.9291,3.0609,3.8432,4.7442,5.462,5.9172,6.3931,6.6927,6.8064,6.7756,6.5697,6.1552,5.7148,4.9687,4.0504,3.2617,2.0973,0.85461,-0.42069,-1.3753,-2.6052,-3.8111,-4.6985,-5.8615,-7.0013,-8.1006,-8.8507,-9.6833,-10.205,-10.373,-10.283,-9.7932,-9.4467,-9.0715,-8.5023,-8.2051,-8.4178,-9.0733,-10.132,-11.362,-13.857,-18.208,-24.862,-30.572,-20.227,-16.053,-14.217,-13.252,-13.487,-14.303,-16.604,-21.54,-30.662
2.8844,3.1897,3.3885,3.472,3.4613,3.2426,2.8705,2.5571,2.0389,1.4523,0.83294,0.32045,-0.39806,-1.1436,-1.8128,-2.917,-4.2262,-5.4292,-7.4217,-9.5815,-10.599,-9.8518,-7.7098,-5.5774,-4.2279,-2.8053,-1.8094,-1.2928,-0.87691,-0.75463,-0.91156,-1.2089,-1.8204,-2.6713,-3.4516,-4.666,-6.0683,-7.6896,-8.9818,-10.781,-12.582,-13.858,-15.329,-16.323,-16.769,-16.595,-16.414,-15.862,-14.954,-13.362,-11.403,-9.9244,-8.1236,-6.6207,-5.6854,-4.7257,-4.0628,-3.6364,-3.5017,-3.5125,-3.6576,-3.8481,-4.1911,-4.59,-5.0354,-5.3824,-5.9334,-6.607,-7.1632,-8.0468,-9.1483,-10.069,-11.377,-12.814,-14.459,-15.745,-17.646,-20.082,-22.437,-24.865,-21.924,-18.397,-14.517,-11.539,-9.1749,-7.748,-6.2184,-4.9732,-4.2817,-3.5733,-3.0155,-2.5757,-2.4438,-2.3929,-2.3718,-2.4138,-2.4988,-2.4917,-2.4384,-2.2475,-1.8544,-1.2789,-0.73848,0.10949,1.044,1.7618,2.681,3.5142,4.0718,4.672,5.1079,5.393,5.5042,5.5241,5.4219,5.2852,5.0306,4.7107,4.3512,4.0672,3.6688,3.2269,2.881,2.4006,1.8553,1.3935,0.71745,-0.045374,-0.93199,-1.6765,-2.7386,-3.8765,-4.7725,-5.8865,-6.985,-7.7332,-8.1594,-8.3486,-8.3625,-7.8942,-6.8471,-5.5619,-4.4047,-2.8337,-1.2551,0.31098,1.3597,2.5892,3.7238,4.4672,5.2608,5.8913,6.2587,6.5749,6.6812,6.5806,6.3637,5.8538,5.0856,4.3402,3.0972,1.5473,0.18611,-1.8713,-4.1386,-6.3881,-7.8446,-9.2638,-10.169,-10.713,-11.565,-12.67,-13.965,-14.782,-15.128,-14.421,-13.457,-12.077,-10.742,-9.775,-9.0514,-8.7147,-8.2895,-8.2407,-8.6448,-9.2102,-9.8083,-10.809,-11.685,-12.262,-12.628,-12.135,-11.518,-11.137,-10.525,-10.201,-10.189,-10.224,-10.221,-9.9893
1.4736,2.0948,2.6884,2.9994,3.146,3.2238,3.0878,2.879,2.4925,1.9972,1.4171,0.88548,0.080165,-0.76084,-1.4985,-2.74,-4.228,-5.5731,-7.9589,-10.888,-12.529,-11.336,-8.1853,-5.438,-3.883,-2.3123,-1.2117,-0.65887,-0.24205,-0.1395,-0.34136,-0.67478,-1.3324,-2.2324,-3.0476,-4.3091,-5.6947,-7.1298,-8.184,-9.4432,-10.411,-10.895,-11.209,-11.186,-10.943,-10.485,-10.036,-9.3134,-8.707,-7.9241,-7.1252,-6.5344,-5.8527,-5.3309,-5.062,-4.8991,-5.0293,-5.4427,-5.9235,-6.7498,-7.7792,-8.6245,-9.6202,-10.296,-10.553,-10.526,-10.362,-10.223,-10.228,-10.437,-10.778,-11.093,-11.67,-12.365,-13.138,-13.862,-14.979,-16.236,-17.085,-17.506,-16.249,-14.432,-11.848,-9.4486,-7.4162,-6.1228,-4.6664,-3.4412,-2.689,-1.9702,-1.3773,-0.97923,-0.89973,-0.88323,-0.9938,-1.222,-1.6932,-2.2765,-2.7763,-3.5211,-4.1755,-4.4747,-4.305,-3.5231,-2.3512,-1.3924,-0.18262,0.80748,1.4015,1.9844,2.3253,2.4289,2.3691,2.1529,1.8253,1.5437,1.1808,0.90309,0.7196,0.63918,0.59286,0.53951,0.45028,0.22118,-0.14303,-0.53114,-1.2475,-2.1926,-3.3664,-4.4326,-6.0943,-8.0017,-9.5981,-11.663,-13.431,-14.386,-14.675,-13.883,-12.039,-10.332,-8.2209,-6.239,-4.7714,-2.9139,-1.1461,0.44841,1.4937,2.7827,3.9317,4.6442,5.4112,6.0312,6.3651,6.6161,6.6594,6.477,6.1719,5.5218,4.5937,3.6781,2.1183,0.1068,-1.7599,-4.9283,-9.3112,-16.282,-28.142,-22.261,-16.535,-15.023,-14.747,-15.895,-18.783,-22.617,-27.041,-20.111,-16.358,-12.993,-10.973,-9.7937,-8.4337,-7.7984,-7.5496,-7.3557,-7.3445,-7.5857,-7.8442,-8.2107,-8.3759,-8.4527,-8.5408,-8.2631,-7.7501,-7.4456,-6.9001,-6.2275,-5.7815,-5.207,-4.6155,-4.0157
0.01588,0.65539,1.4127,1.9375,2.1347,2.2772,2.2345,2.0357,1.6262,1.0355,0.31375,-0.24547,-1.0251,-1.7847,-2.218,-2.6573,-3.0497,-3.2472,-3.3709,-3.3906,-3.1452,-2.7435,-2.0437,-1.2397,-0.63353,0.048925,0.54358,0.77327,0.86468,0.7064,0.30432,-0.1565,-1.0054,-2.1301,-3.167,-4.8442,-6.8693,-9.3054,-11.425,-14.235,-15.544,-14.809,-12.772,-10.821,-9.5686,-8.2976,-7.1948,-6.2707,-5.7522,-5.1536,-4.7029,-4.4842,-4.3448,-4.3931,-4.5862,-5.0584,-5.8118,-6.947,-8.0514,-10.031,-12.866,-15.75,-21.516,-27.18,-21.249,-18.109,-15.664,-14.315,-13.846,-13.559,-13.49,-13.53,-13.568,-13.4,-13.02,-12.703,-12.239,-11.679,-11.202,-10.397,-9.4001,-8.5674,-7.3475,-6.0775,-4.8471,-3.9967,-2.9403,-2.0654,-1.4873,-0.81829,-0.36827,-0.17472,-0.081705,-0.14105,-0.50181,-0.92294,-1.7474,-3.0229,-4.3183,-6.7676,-10.763,-18.845,-23.33,-12.368,-7.4728,-5.1932,-3.1234,-1.7445,-1.1077,-0.65457,-0.60312,-0.95297,-1.4549,-2.4204,-3.7026,-4.7994,-6.1469,-6.8272,-6.5126,-5.8155,-4.7393,-3.7642,-3.2292,-2.8224,-2.7357,-2.8909,-3.434,-4.3602,-5.6878,-6.9862,-9.2374,-12.094,-14.882,-19.657,-25.754,-36.122,-32.061,-25.136,-18.948,-15.218,-11.582,-8.4388,-6.4045,-4.0701,-2.0124,-0.3053,0.81502,2.1895,3.33,4.0442,4.8875,5.5512,5.9046,6.2175,6.3343,6.2265,5.9911,5.4797,4.702,3.9317,2.6641,1.1025,-0.26681,-2.298,-4.4711,-6.5352,-7.79,-8.8727,-9.3716,-9.6089,-9.9377,-10.347,-10.747,-10.939,-10.827,-10.307,-9.6885,-8.7467,-7.7603,-7.3137,-6.8907,-6.4296,-6.4767,-6.6835,-6.9929,-7.5628,-8.0546,-8.7377,-9.4273,-9.6458,-9.4486,-8.9245,-7.9583,-6.9793,-5.7492,-4.5981,-3.749,-2.7195,-1.8087,-0.97367
-1.6071,-0.89898,-0.10897,0.63952,1.0238,1.2246,1.1939,0.97992,0.38205,-0.60951,-2.0159,-3.27,-5.1482,-6.7821,-7.0925,-6.0857,-4.5241,-3.4189,-2.0717,-0.97377,-0.10001,0.47668,1.1393,1.6482,1.9591,2.2483,2.3605,2.3269,2.1262,1.7287,1.1446,0.57519,-0.37345,-1.5315,-2.5579,-4.1676,-6.1683,-8.5944,-10.793,-13.999,-15.393,-13.961,-11.093,-8.697,-7.2992,-5.8978,-4.7358,-3.9469,-3.543,-3.1594,-2.9818,-2.9919,-3.1694,-3.5433,-3.9695,-4.7318,-5.6707,-6.8472,-7.9304,-9.6399,-11.517,-13.094,-15.049,-16.126,-16.089,-15.603,-15.062,-15.038,-15.357,-16.252,-17.92,-19.452,-20.309,-18.526,-15.845,-13.947,-11.833,-10.165,-9.1248,-7.9219,-6.8405,-6.1121,-5.1806,-4.2994,-3.4604,-2.8416,-2.0412,-1.3275,-0.88113,-0.30223,0.12281,0.37564,0.54185,0.52659,0.27861,-0.010412,-0.5979,-1.476,-2.2956,-3.5328,-4.8279,-5.7773,-5.9358,-5.3386,-4.2579,-3.3967,-2.5065,-1.9005,-1.672,-1.7215,-2.1826,-3.0442,-3.9893,-5.7773,-8.3046,-10.963,-16.677,-26.311,-17.12,-12.712,-9.174,-6.979,-5.8277,-4.7599,-4.2108,-4.0946,-4.2644,-4.8595,-5.9032,-6.9613,-8.7973,-11.253,-13.547,-16.915,-20.838,-25.727,-29.806,-24.347,-18.582,-14.731,-11.291,-8.4088,-6.5262,-4.3679,-2.5658,-1.0834,-0.04071,1.2109,2.2483,2.9597,3.8648,4.5946,5.0528,5.5509,5.8649,5.982,5.9438,5.7015,5.2215,4.7294,3.8913,2.8578,1.981,0.73011,-0.56804,-1.8236,-2.6984,-3.7147,-4.5413,-5.0453,-5.5249,-5.8547,-5.991,-5.9981,-5.8787,-5.6787,-5.47,-5.2349,-4.9616,-4.7522,-4.8668,-5.0452,-5.3027,-5.833,-6.7893,-8.0548,-9.3102,-11.655,-15.292,-18.885,-20.495,-15.255,-11.167,-8.7488,-6.0935,-4.097,-2.8175,-1.3477,-0.11621,0.88197
-5.4651,-4.0475,-2.4694,-1.2854,-0.51369,0.13611,0.35564,0.29218,-0.21409,-1.1846,-2.8298,-4.6306,-7.9268,-12.694,-13.417,-8.9455,-5.1811,-3.1057,-1.1436,0.3032,1.3859,1.9778,2.5722,2.9729,3.1306,3.1854,3.0618,2.8455,2.4018,1.7847,0.99894,0.3154,-0.66756,-1.6941,-2.4596,-3.4248,-4.3227,-5.049,-5.4881,-5.818,-5.7943,-5.5409,-4.9727,-4.2618,-3.7398,-3.0742,-2.5478,-2.2518,-2.1012,-2.0889,-2.2772,-2.5306,-3.019,-3.6852,-4.2644,-5.1742,-6.1864,-7.2316,-8.0416,-9.0188,-9.94,-10.57,-11.196,-11.611,-11.917,-12.124,-12.401,-12.942,-13.533,-14.925,-16.885,-18.6,-19.957,-17.849,-14.645,-12.624,-10.46,-8.8607,-7.9212,-6.9663,-6.2925,-5.8895,-5.4311,-5.0119,-4.5485,-4.1127,-3.4744,-2.7017,-2.1,-1.4122,-0.7896,-0.20576,0.041975,0.22639,0.32468,0.25676,0.046835,-0.23034,-0.51039,-0.88253,-1.209,-1.4375,-1.5163,-1.5187,-1.4405,-1.3623,-1.2959,-1.4235,-1.629,-2.1161,-2.8832,-3.9209,-4.9041,-6.4297,-8.0866,-9.3222,-10.68,-11.261,-10.932,-10.238,-8.899,-7.4872,-6.5461,-5.4682,-4.7086,-4.3683,-4.1827,-4.3309,-4.8082,-5.352,-6.3128,-7.5082,-8.4692,-9.9321,-10.882,-11.61,-11.697,-11.499,-10.381,-9.3379,-8.1216,-6.6761,-5.7296,-4.573,-3.6243,-2.7882,-2.1516,-1.4044,-0.61309,0.11833,1.1033,2.0846,2.8371,3.7285,4.4355,4.9385,5.1649,5.2333,5.0702,4.7918,4.2035,3.4042,2.673,1.5361,0.26417,-1.0929,-2.1232,-3.4298,-4.5433,-5.1401,-5.5932,-5.6621,-5.4722,-5.2257,-4.8595,-4.4736,-4.2213,-3.9469,-3.9032,-3.8378,-3.8335,-4.2496,-4.6639,-5.127,-6.0688,-7.2335,-8.3407,-9.9054,-11.697,-12.846,-12.796,-11.549,-9.2204,-7.4468,-5.4182,-3.4928,-2.208,-0.7195,0.57388,1.642
-10.586,-7.9903,-5.1395,-3.1813,-2.1595,-1.0316,-0.3486,-0.10187,-0.037466,-0.2285,-0.67202,-1.1199,-1.6235,-1.9899,-1.986,-1.5397,-0.86894,-0.2576,0.55766,1.2309,1.7985,2.1194,2.3937,2.5362,2.5289,2.3641,2.0275,1.6438,0.92663,-0.02883,-1.2519,-2.3234,-3.9155,-5.4998,-6.4587,-7.0658,-6.8556,-6.2241,-5.6429,-4.8661,-4.1732,-3.7082,-3.1773,-2.7401,-2.4826,-2.2004,-2.1432,-2.2035,-2.3326,-2.7033,-3.2592,-3.7994,-4.707,-5.8166,-6.7468,-8.1302,-9.6358,-11.053,-11.901,-12.739,-13.155,-13.068,-12.768,-12.362,-11.876,-11.576,-11.228,-10.943,-10.839,-10.832,-10.746,-10.694,-10.377,-9.826,-9.1554,-8.5748,-7.898,-7.4069,-7.2072,-7.1762,-7.4917,-7.925,-8.7777,-9.7459,-10.358,-10.242,-9.1914,-7.6159,-6.3111,-4.8396,-3.6803,-2.7331,-2.3288,-1.8964,-1.6217,-1.5794,-1.6279,-1.7141,-1.8167,-1.9706,-2.0684,-2.101,-2.0956,-2.0556,-2.0131,-2.0424,-2.1332,-2.3979,-2.7395,-3.3773,-4.2701,-5.4951,-6.6109,-8.3717,-10.496,-12.238,-14.458,-15.809,-15.04,-13.525,-11.398,-9.3821,-8.0596,-6.6765,-5.625,-5.0204,-4.5374,-4.3332,-4.372,-4.5737,-4.9823,-5.4995,-5.9499,-6.7191,-7.2012,-7.4464,-7.833,-7.9795,-7.6621,-7.5876,-7.3181,-6.855,-6.6439,-6.502,-6.6148,-6.8693,-7.335,-8.1619,-8.2561,-7.4724,-5.5982,-3.2596,-1.5854,0.24466,1.6723,2.7201,3.2511,3.6627,3.7697,3.6275,3.1768,2.4319,1.668,0.36071,-1.2898,-3.3551,-5.2109,-8.1752,-11.507,-13.465,-13.366,-11.234,-9.2377,-8.0571,-6.8856,-6.0301,-5.5821,-5.0869,-4.8353,-4.8675,-4.7495,-4.929,-5.3901,-5.6815,-6.2992,-7.1175,-7.802,-8.6296,-9.4073,-9.9018,-9.9102,-9.4489,-8.5357,-7.4001,-5.814,-4.181,-2.9767,-1.5194,-0.27354,0.8027
-8.0315,-6.4705,-4.8023,-3.1565,-2.1695,-1.1611,-0.34213,0.080996,0.48826,0.67058,0.77209,0.7749,0.70607,0.73438,0.73247,0.77339,0.90799,0.9841,1.1136,1.2257,1.2664,1.2878,1.2651,1.1653,1.0651,0.84209,0.48115,0.089654,-0.65248,-1.7229,-3.2382,-4.7955,-7.7254,-12.462,-19.373,-24.371,-13.267,-8.9836,-7.0031,-5.2193,-4.0355,-3.4207,-2.86,-2.5383,-2.4255,-2.4526,-2.6438,-2.9356,-3.314,-3.9376,-4.7608,-5.5369,-6.8151,-8.4171,-9.9108,-12.252,-15.301,-19.099,-22.438,-24.965,-22.443,-20.022,-17.484,-15.432,-13.664,-12.48,-11.156,-10.007,-9.2965,-8.4171,-7.7167,-7.2844,-6.7506,-6.3039,-5.9731,-5.7889,-5.7038,-5.8216,-6.1024,-6.7645,-7.8343,-9.036,-11.401,-15.215,-22.59,-26.105,-16.951,-11.974,-9.7994,-7.653,-6.1301,-5.2979,-4.8239,-4.395,-4.4007,-4.4834,-4.7531,-5.204,-5.5037,-5.8199,-5.9095,-5.7079,-5.4045,-4.8863,-4.3745,-4.0769,-3.8737,-3.845,-4.0191,-4.5073,-5.3164,-6.4788,-7.5866,-9.4805,-11.952,-14.309,-18.463,-22.254,-19.56,-16.301,-12.778,-10.242,-8.7201,-7.1165,-5.9236,-5.228,-4.5986,-4.2618,-4.1788,-4.2899,-4.6259,-5.1559,-5.6233,-6.3026,-7.2096,-7.7135,-8.4611,-8.7701,-9.0513,-9.1433,-8.8015,-8.6629,-8.5459,-8.5791,-8.9032,-9.8455,-11.242,-14.068,-19.479,-18.033,-11.5,-6.8141,-4.2692,-1.7883,0.049778,1.3578,2.0415,2.64,2.865,2.8107,2.4718,1.7975,1.0861,-0.1607,-1.7947,-3.8652,-5.7544,-8.7984,-12.333,-14.382,-14.267,-12.281,-10.465,-9.4605,-8.484,-7.8448,-7.5099,-7.224,-6.8057,-6.6822,-6.6962,-6.4922,-6.6906,-6.9233,-7.3622,-8.078,-8.7989,-10.212,-11.808,-13.356,-15.788,-16.151,-13.7,-11.439,-8.4937,-5.9858,-4.4702,-2.7663,-1.4285,-0.40206
-5.2647,-4.3285,-2.9648,-1.9268,-1.1006,-0.18948,0.46193,0.88626,1.2717,1.5029,1.6008,1.6406,1.6084,1.5355,1.4766,1.3308,1.1625,1.0063,0.68966,0.32991,-0.10079,-0.44179,-0.8018,-1.0218,-1.0612,-0.96227,-0.82594,-0.77089,-0.83715,-1.1681,-1.793,-2.4593,-3.533,-4.6808,-5.332,-5.5511,-5.0131,-4.1422,-3.4519,-2.7,-2.1936,-1.9843,-1.9093,-2.0436,-2.2592,-2.6925,-3.1323,-3.7217,-4.1809,-4.8395,-5.6379,-6.3533,-7.5323,-9.0532,-10.496,-12.829,-15.759,-19.38,-21.921,-24.411,-24.017,-22.779,-20.674,-17.714,-14.882,-12.918,-10.599,-8.7451,-7.5631,-6.2312,-5.2009,-4.5374,-3.8686,-3.4071,-3.0832,-2.9945,-3.0297,-3.2723,-3.5884,-4.2251,-5.0901,-5.8696,-7.0206,-8.1865,-8.9865,-9.2342,-8.9933,-8.3154,-7.6232,-6.9067,-6.3303,-6.001,-5.7863,-5.9227,-6.3496,-6.8785,-7.9676,-9.5909,-11.179,-13.493,-14.688,-13.027,-10.974,-8.5252,-6.703,-5.6477,-4.6947,-4.1979,-4.0585,-4.2305,-4.7471,-5.565,-6.4011,-7.6733,-9.0919,-10.143,-11.195,-11.776,-11.484,-10.792,-9.57,-8.0624,-7.0038,-5.7267,-4.6251,-4.0373,-3.4577,-3.1664,-3.1972,-3.3859,-3.9221,-4.7691,-5.6034,-6.8576,-8.5972,-10.137,-11.876,-13.713,-14.461,-13.635,-12.359,-11.093,-10.159,-9.1341,-8.386,-7.9894,-7.5758,-7.2389,-6.6077,-5.7842,-4.4877,-2.75,-1.5362,-0.045335,1.237,2.2136,2.7717,3.2544,3.438,3.417,3.1378,2.6048,2.0432,1.0901,-0.071678,-1.4051,-2.4836,-3.9404,-5.268,-6.1186,-6.998,-7.583,-8.0588,-8.4163,-8.9321,-9.4961,-9.828,-10.095,-10.084,-9.4664,-8.8237,-8.2937,-7.5897,-7.4792,-7.5132,-7.8311,-8.3424,-9.4302,-11.019,-12.588,-15.216,-15.85,-13.389,-10.679,-7.6717,-5.3149,-3.9032,-2.4221,-1.2861,-0.50236
-4.0026,-2.994,-1.5251,-0.34453,0.33939,1.1867,1.7202,1.9989,2.1491,2.179,1.9987,1.8306,1.6305,1.3392,1.2177,1.0608,0.79156,0.55333,-0.023358,-0.95204,-2.2835,-3.6625,-5.7154,-6.9771,-6.4941,-4.4741,-2.3707,-1.1082,0.13317,0.91862,1.3462,1.5008,1.5396,1.4676,1.401,1.3185,1.2945,1.2681,1.2145,1.042,0.71273,0.33666,-0.37307,-1.3211,-2.1646,-3.3516,-4.5303,-5.4939,-5.8309,-6.0822,-6.1514,-6.2516,-6.612,-7.2688,-8.026,-9.3795,-11.02,-13.067,-14.916,-18.046,-22.658,-30.394,-26.762,-18.143,-13.23,-10.635,-7.9258,-5.817,-4.4955,-3.0854,-1.9981,-1.3124,-0.6209,-0.1576,0.1271,0.20046,0.14969,-0.090157,-0.3668,-0.8923,-1.5599,-2.1122,-2.8991,-3.6925,-4.3801,-4.8298,-5.1896,-5.5712,-5.6362,-5.6453,-5.7448,-5.6357,-5.7109,-6.1712,-6.5354,-7.206,-8.3373,-9.9381,-11.634,-14.295,-15.783,-13.466,-10.865,-7.8985,-5.7083,-4.471,-3.2076,-2.4847,-2.2041,-2.1753,-2.519,-3.2542,-4.059,-5.4328,-7.2195,-8.7684,-10.885,-12.39,-11.943,-10.443,-8.1758,-6.092,-4.7419,-3.2964,-2.1576,-1.5572,-1.0298,-0.81826,-0.94229,-1.2342,-1.9218,-2.9495,-4.086,-5.8461,-8.2423,-10.709,-15.142,-22.115,-25.488,-19.102,-14.935,-12.244,-10.474,-8.6086,-6.9851,-5.5447,-4.4444,-3.3027,-2.0041,-1.1332,-0.034416,1.1574,1.9183,2.8841,3.7164,4.3637,4.738,5.0305,5.1236,5.0607,4.77,4.2957,3.8044,3.0026,2.0706,1.03,0.20631,-0.91425,-2.0213,-2.8555,-3.9472,-5.0682,-6.3373,-7.4747,-9.4409,-12.182,-15.082,-19.806,-19.125,-15.361,-11.035,-8.9948,-7.3808,-6.5579,-5.9559,-5.693,-5.6383,-5.6505,-5.9282,-5.8846,-5.875,-5.4374,-4.6261,-3.9402,-2.727,-1.652,-0.92416,-0.12489,0.3999,0.67913
-4.2043,-2.3984,-0.83209,0.60719,1.3658,1.9926,2.4183,2.4423,2.1872,1.5893,0.67561,-0.2261,-1.3359,-2.0326,-2.065,-1.4719,-0.80763,-0.47235,-0.3544,-0.90196,-2.1329,-3.6801,-6.6766,-9.2942,-8.0647,-4.2531,-1.1787,0.53922,2.2053,3.3746,4.1667,4.5725,4.9003,5.074,5.1116,5.0465,4.8696,4.5928,4.2736,3.6996,2.9047,2.1206,0.76119,-1.0575,-2.8341,-6.0859,-10.974,-16.474,-14.754,-10.178,-7.3803,-6.1375,-5.1882,-4.8258,-4.8261,-5.2012,-5.8086,-6.6861,-7.4172,-8.339,-9.1674,-9.2536,-8.9152,-7.7022,-6.1907,-4.9568,-3.4332,-2.0652,-1.1435,-0.11676,0.76375,1.2773,1.8139,2.2117,2.3824,2.4269,2.3149,2.0227,1.6829,1.098,0.3499,-0.31599,-1.3274,-2.4268,-3.6383,-4.521,-5.6135,-6.5065,-7.0684,-7.2891,-7.2328,-6.9716,-7.0407,-6.8391,-6.8855,-7.0533,-7.3051,-7.5434,-7.7168,-7.6604,-7.1585,-6.2296,-5.2746,-3.9119,-2.5238,-1.6092,-0.6566,0.057566,0.36531,0.50688,0.28436,-0.32389,-1.0248,-2.4295,-4.363,-6.3661,-9.9809,-14.161,-12.608,-9.3484,-5.7847,-3.2671,-1.8744,-0.40428,0.5559,1.0944,1.508,1.6089,1.4579,1.1277,0.48051,-0.46455,-1.3924,-2.9838,-4.6552,-6.3071,-8.2765,-10.367,-12.124,-12.567,-13.584,-12.746,-11.449,-9.061,-6.7779,-4.4156,-3.0436,-1.4194,0.10165,0.97736,2.1655,3.1157,3.7491,4.5551,5.1655,5.6594,5.912,6.0912,6.109,5.9602,5.6066,5.0474,4.4982,3.6215,2.5873,1.4645,0.5907,-0.55635,-1.6524,-2.3882,-3.303,-4.192,-5.1145,-5.8946,-7.1601,-8.7236,-9.9758,-11.032,-11.067,-9.4901,-8.1702,-6.2243,-5.3241,-4.7165,-4.1839,-3.9726,-3.9015,-3.7572,-3.5816,-3.3157,-2.6887,-2.0268,-1.0992,-0.45716,0.37451,1.0944,1.5222,1.9036,1.976,1.7447
-4.5009,-3.1952,-1.4943,-0.41108,0.3489,0.95959,1.1874,1.1053,0.61325,-0.56575,-2.4216,-4.7231,-9.9684,-27.434,-14.908,-7.2558,-3.5588,-1.9678,-0.69341,-0.027377,0.15387,0.17122,0.073985,0.20762,0.48699,1.1469,1.9828,2.6125,3.3643,3.9836,4.454,4.6984,4.9118,4.9949,4.9785,4.8796,4.6544,4.3043,3.9684,3.3802,2.602,1.8684,0.66891,-0.86261,-2.2412,-4.3532,-6.5182,-8.0454,-8.0112,-7.0961,-5.7719,-4.9616,-4.1669,-3.7107,-3.5269,-3.4406,-3.554,-3.7259,-3.861,-4.0569,-4.1097,-4.0916,-3.9021,-3.5392,-3.0235,-2.6127,-1.9833,-1.3536,-0.90968,-0.34002,0.2096,0.55334,0.94718,1.2298,1.384,1.391,1.2393,0.90103,0.49455,-0.22508,-1.1807,-2.064,-3.4673,-5.174,-7.2519,-9.1265,-12.264,-15.3,-17.305,-16.914,-14.295,-12.746,-11.654,-10.506,-10.48,-10.31,-10.603,-10.838,-10.672,-9.9473,-8.591,-6.8644,-5.523,-3.8244,-2.3166,-1.3181,-0.25735,0.54259,0.97519,1.2829,1.3136,1.1006,0.76733,0.14442,-0.63263,-1.2487,-1.9704,-2.3555,-2.2739,-1.8825,-1.1606,-0.32723,0.25543,0.90102,1.3693,1.5854,1.7046,1.6303,1.3664,1.0562,0.48105,-0.26976,-0.85381,-2.0137,-3.1661,-4.1968,-5.8617,-7.9273,-10.295,-13.447,-18.365,-25.666,-17.669,-11.673,-7.9387,-5.2674,-3.8563,-2.1616,-1.0055,-0.25857,0.6756,1.3617,1.9156,2.5444,3.1103,3.5842,3.838,4.0621,4.0458,3.8918,3.4692,2.7526,2.0492,0.83605,-0.65861,-2.4034,-3.8123,-5.661,-7.1153,-7.7356,-7.9105,-7.6028,-7.165,-6.867,-6.5498,-6.3499,-6.2091,-5.8228,-5.6176,-5.3143,-4.7613,-4.6159,-4.3702,-4.5889,-5.0691,-5.8638,-6.6758,-7.8706,-8.0546,-7.6294,-6.0649,-4.058,-2.4634,-1.2704,-0.12222,0.74268,1.1903,1.4658,1.4485,1.0241
-5.4224,-4.4359,-3.2475,-2.1162,-1.5674,-0.79579,-0.4291,-0.27148,-0.37292,-0.76896,-1.4974,-2.1333,-3.0533,-3.4062,-3.2648,-2.3844,-1.3556,-0.58022,0.21302,0.78444,1.1467,1.3183,1.4981,1.6137,1.7218,1.8635,2.0311,2.1489,2.2959,2.3939,2.4288,2.4165,2.3642,2.2451,2.1331,1.958,1.7605,1.5147,1.3073,0.96709,0.54017,0.15512,-0.4623,-1.1819,-1.7738,-2.5317,-3.3165,-3.8039,-4.1226,-4.271,-4.306,-4.2642,-4.1792,-4.099,-4.0822,-4.0551,-4.0662,-4.0678,-4.0963,-4.1262,-4.1202,-4.1622,-4.112,-4.1128,-4.0889,-4.0794,-4.0725,-4.0185,-3.947,-3.7162,-3.4118,-3.0755,-2.577,-2.1769,-1.8291,-1.7266,-1.7627,-2.0529,-2.4347,-3.22,-4.2867,-5.2623,-6.8546,-8.7371,-10.973,-12.928,-16.109,-19.07,-21.18,-20.067,-17.819,-16.039,-14.493,-14.065,-13.917,-14.602,-16.383,-20.438,-26.168,-22.998,-15.239,-10.626,-8.1498,-5.577,-3.5839,-2.4289,-1.1234,-0.19993,0.3042,0.74667,0.962,0.97289,0.86913,0.65166,0.33511,0.11417,-0.1652,-0.31054,-0.34941,-0.30035,-0.13183,0.041043,0.18567,0.26291,0.28231,0.17715,-0.077026,-0.4414,-0.91785,-1.2733,-1.7782,-2.2422,-2.59,-2.9697,-3.5944,-3.9899,-4.8818,-5.546,-6.7554,-7.2567,-8.1655,-8.2088,-7.9302,-7.093,-6.0335,-5.1301,-4.6141,-4.0137,-3.8148,-3.6177,-3.6537,-3.4654,-3.1702,-2.6405,-1.7836,-0.94496,-0.37119,0.17976,0.41188,0.40434,0.032187,-0.70664,-1.5506,-3.0753,-5.1354,-7.9012,-10.605,-15.709,-25.638,-28.299,-18.501,-14.157,-11.506,-10.04,-8.4818,-7.2107,-6.4245,-5.7048,-4.8324,-4.6617,-4.2414,-4.3336,-4.5745,-5.0367,-6.157,-7.9642,-9.9981,-14.666,-22.033,-17.909,-10.874,-7.0473,-4.3596,-3.0035,-1.5903,-0.62651,-0.16297,0.17231,0.20109,-0.076242
-6.9513,-5.9708,-5.1648,-4.0293,-3.354,-2.4095,-1.5352,-0.96439,-0.40177,0.090616,0.31009,0.4914,0.55874,0.75265,0.84378,1.0533,1.2658,1.4023,1.5566,1.5809,1.5536,1.4445,1.3061,1.0922,0.94018,0.70154,0.44263,0.23273,-0.059328,-0.3983,-0.78349,-1.0848,-1.5037,-1.9068,-2.1635,-2.4632,-2.597,-2.5898,-2.5431,-2.4285,-2.3058,-2.2571,-2.2863,-2.3983,-2.5669,-2.8959,-3.2731,-3.698,-4.0874,-4.4993,-4.9863,-5.3042,-5.6801,-5.9198,-6.0529,-6.1533,-6.1235,-6.0935,-6.0613,-5.9929,-5.9813,-5.9915,-6.0643,-6.2885,-6.6905,-7.0993,-7.9279,-8.9449,-9.6864,-10.241,-9.8733,-8.9288,-7.4279,-6.0831,-5.1039,-4.6406,-4.3621,-4.5124,-4.8387,-5.6323,-6.7676,-7.8383,-9.5382,-11.454,-13.433,-14.701,-16.401,-16.773,-16.931,-16.526,-15.607,-14.8,-13.755,-13.729,-13.077,-13.412,-13.542,-14.181,-14.089,-13.057,-10.961,-8.5689,-6.9076,-4.9519,-3.307,-2.3069,-1.2249,-0.38773,0.03253,0.40504,0.55066,0.47487,0.31759,-0.0018895,-0.39155,-0.68585,-1.02,-1.2367,-1.2959,-1.2698,-1.1259,-1.0097,-0.9598,-1.034,-1.3148,-1.6914,-2.4385,-3.4473,-4.6175,-5.4527,-6.2154,-6.2353,-6.025,-5.1477,-4.6452,-4.2641,-3.9415,-3.8291,-3.8767,-3.8503,-4.1292,-4.0711,-4.191,-4.1846,-4.223,-4.4664,-4.6939,-5.3903,-6.4119,-7.5577,-10.016,-12.711,-14.078,-11.79,-8.2712,-5.6468,-4.1825,-2.8854,-2.1263,-1.9034,-2.0408,-2.6021,-3.3511,-4.7007,-6.5389,-8.8505,-10.856,-13.687,-16.07,-17.091,-17.148,-15.811,-13.722,-12.007,-9.8688,-7.9832,-6.7674,-5.5961,-4.5638,-4.0125,-3.6506,-3.3533,-3.4986,-3.6661,-4.1652,-4.9123,-5.428,-6.2079,-6.3058,-6.1657,-5.2588,-4.2498,-3.0904,-2.3838,-1.5857,-0.9632,-0.67038,-0.39095,-0.36342,-0.47397
-8.6481,-8.7976,-8.4223,-7.7852,-6.3845,-4.6325,-2.7205,-1.5024,-0.11239,0.97477,1.8086,2.2517,2.721,2.9567,3.0767,3.0549,2.9369,2.7185,2.3516,1.8471,1.2583,0.7668,0.071746,-0.58711,-1.0671,-1.6471,-2.2246,-2.6692,-3.3461,-4.0893,-4.9332,-5.6238,-6.6721,-7.7124,-8.4659,-9.2759,-9.508,-8.961,-8.2019,-6.9679,-5.8248,-5.1116,-4.3916,-3.9533,-3.7944,-3.8511,-4.0664,-4.683,-5.1775,-6.1578,-7.2634,-8.1768,-9.3129,-10.115,-10.303,-10.223,-9.8532,-9.4855,-9.2269,-8.9007,-8.7166,-8.4736,-8.4051,-8.3647,-8.6762,-9.1893,-10.486,-12.887,-16.067,-25.37,-21.528,-14.924,-10.563,-7.8368,-6.3089,-5.5788,-5.1606,-5.2625,-5.6444,-6.5132,-7.8394,-9.1656,-11.321,-14.266,-17.937,-21.46,-25.142,-23.298,-19.99,-17.262,-15.074,-13.154,-12.4,-11.246,-10.427,-9.8578,-9.217,-8.5324,-8.0063,-7.0964,-6.0647,-4.9071,-4.0341,-2.8662,-1.8578,-1.1324,-0.40449,0.15124,0.42127,0.56807,0.45109,0.065161,-0.39691,-1.2878,-2.3679,-3.2981,-4.3743,-5.0402,-4.8547,-4.3033,-3.4181,-2.5629,-2.1521,-1.8438,-2.046,-2.4655,-3.5931,-5.4842,-8.652,-12.598,-24.101,-16.285,-10.866,-7.2683,-4.8545,-3.7993,-2.6883,-2.2685,-1.8111,-1.8415,-1.7554,-1.9568,-2.1066,-2.3937,-2.8127,-3.3497,-3.8295,-4.8064,-5.9703,-7.3245,-9.1378,-11.641,-12.085,-10.727,-7.9123,-5.5913,-4.2306,-2.997,-2.1807,-1.9472,-1.9297,-2.3253,-2.8589,-3.9149,-5.3158,-7.1065,-8.7125,-11.287,-14.651,-18.288,-27.146,-24.878,-16.467,-12.942,-9.6025,-7.171,-5.8422,-4.2136,-3.3486,-2.6003,-2.1341,-1.6949,-1.6026,-1.5762,-1.646,-1.7899,-1.9286,-2.0346,-2.1217,-2.0465,-1.9866,-1.7357,-1.5867,-1.3807,-1.1904,-1.0363,-0.91784,-0.80369,-0.74834,-0.75468
-10.095,-13.406,-21.452,-19.774,-12.374,-6.7432,-3.2639,-1.3533,0.67176,2.0864,3.1795,3.7305,4.2537,4.4546,4.4632,4.2451,3.7602,3.2413,2.2744,1.0814,-0.39551,-1.576,-3.2521,-4.6568,-5.4768,-6.1135,-6.5488,-6.9256,-7.6574,-8.7306,-10.092,-11.279,-12.908,-14.96,-17.014,-21.452,-31.415,-20.999,-15.949,-11.74,-9.0461,-7.5818,-6.1698,-5.2952,-4.9042,-4.6719,-4.9482,-5.5009,-6.302,-7.867,-10.145,-12.574,-17.348,-23.865,-22.093,-17.127,-14.746,-13.62,-13.379,-13.563,-13.422,-12.987,-11.695,-10.298,-9.1726,-8.6893,-8.3575,-8.4409,-8.6526,-8.6082,-8.076,-7.313,-6.1274,-5.1265,-4.4128,-4.1316,-4.1148,-4.4481,-4.9913,-6.0038,-7.3959,-8.6341,-10.664,-13.051,-15.778,-17.594,-19.518,-18.17,-17.156,-14.836,-13.122,-11.315,-10.683,-9.1111,-8.337,-7.5197,-6.7918,-5.9805,-5.445,-4.7336,-3.9999,-3.2449,-2.6459,-1.8505,-1.0503,-0.51633,0.1465,0.57706,0.80255,0.8451,0.58356,-0.022129,-0.7731,-2.2273,-4.451,-6.8531,-12.122,-25.614,-14.654,-9.549,-5.7049,-3.4092,-2.2562,-1.3319,-0.91687,-0.96174,-1.4061,-2.306,-3.5009,-4.4459,-5.1889,-4.9526,-4.2707,-2.94,-1.9288,-1.2559,-0.74625,-0.38993,-0.34897,-0.43173,-0.58368,-0.99754,-1.2708,-1.8144,-2.3713,-2.8889,-3.367,-3.7439,-4.3359,-4.4791,-4.808,-4.669,-4.5422,-3.9336,-3.1834,-2.3291,-1.7714,-1.1496,-0.80313,-0.6812,-0.75476,-1.0961,-1.4951,-2.2501,-3.2059,-4.3475,-5.3259,-6.781,-8.3113,-9.3523,-10.209,-9.9475,-8.6189,-7.3165,-5.6107,-4.1392,-3.1912,-2.2975,-1.4451,-1.1832,-0.66878,-0.598,-0.4089,-0.43005,-0.44796,-0.46129,-0.54582,-0.57482,-0.76558,-0.85616,-1.1005,-1.3917,-1.7724,-2.1006,-2.4743,-2.7779,-2.8327,-2.796,-2.5014,-2.2235
-6.1083,-6.7511,-6.7611,-6.2638,-4.9023,-3.0504,-1.0289,0.28356,1.7744,2.9851,3.8305,4.3253,4.6532,4.7674,4.6104,4.1983,3.4287,2.661,1.235,-0.66504,-3.289,-5.8542,-10.7,-18.137,-19.665,-14.651,-12.164,-11.583,-11.925,-13.636,-16.702,-19.813,-23.137,-21.728,-20.233,-18.705,-17.679,-15.82,-14.056,-11.821,-9.9648,-8.8242,-7.6545,-6.7777,-6.3146,-5.915,-5.8739,-6.1057,-6.6276,-7.63,-9.2006,-10.636,-12.783,-14.464,-14.617,-14.216,-13.789,-14.302,-15.616,-19.339,-31.765,-25.442,-16.02,-11.518,-8.753,-7.2559,-5.8681,-4.8996,-4.3208,-3.7662,-3.2493,-2.9641,-2.6485,-2.4952,-2.5074,-2.7074,-3.1864,-3.9576,-4.7088,-5.9706,-7.4162,-8.6315,-10.275,-11.812,-13.083,-13.813,-14.057,-14.228,-13.594,-13.03,-11.947,-11.178,-10.218,-9.2406,-8.2328,-7.6597,-6.9115,-6.3787,-6.0152,-5.6995,-5.4035,-5.0597,-4.6631,-3.9526,-2.9749,-2.2234,-1.2393,-0.40766,0.013329,0.32339,0.29785,-0.10736,-0.64056,-1.6687,-3.0189,-4.175,-5.6322,-6.4242,-5.9649,-5.0483,-3.497,-2.025,-1.0539,-0.065551,0.64868,0.95448,1.1571,1.1207,0.98051,0.81886,0.65704,0.5691,0.52314,0.54983,0.50262,0.45231,0.21911,0.011836,-0.54774,-0.85658,-1.6869,-2.373,-3.0947,-4.038,-4.9579,-5.8989,-6.3187,-6.613,-6.2781,-5.7618,-5.0216,-4.0068,-3.4168,-2.4862,-1.7786,-1.1615,-0.83445,-0.5097,-0.45532,-0.49319,-0.77311,-1.1937,-1.606,-2.1774,-2.7937,-3.3468,-3.7137,-4.0989,-4.3292,-4.4096,-4.2749,-3.9546,-3.4587,-3.0038,-2.3896,-1.871,-1.524,-1.3027,-1.1514,-1.225,-1.4335,-1.7079,-1.9688,-2.1066,-2.2081,-2.2104,-2.1097,-2.1047,-2.0639,-2.2854,-2.6226,-3.4643,-4.5155,-5.7777,-7.7222,-9.6643,-10.429,-9.4844,-7.7212,-6.0884
-4.6133,-4.149,-3.5016,-2.5481,-1.7728,-0.59565,0.53275,1.3525,2.2992,3.1016,3.6597,3.9635,4.1213,4.0957,3.8688,3.3843,2.5986,1.8574,0.56189,-1.066,-3.1404,-4.8706,-7.4788,-9.6429,-10.59,-10.487,-10.202,-10.248,-10.914,-12.351,-14.52,-16.424,-17.839,-17.076,-15.65,-14.15,-12.891,-12.074,-11.54,-11.055,-10.732,-10.522,-10.143,-9.4849,-8.8627,-8.0263,-7.2124,-6.7771,-6.533,-6.5531,-6.8219,-7.141,-7.6044,-8.1107,-8.3519,-8.7541,-9.0936,-9.6019,-10.043,-10.512,-10.556,-10.072,-8.7841,-7.1719,-5.6223,-4.577,-3.445,-2.5584,-2.0039,-1.5205,-1.1922,-1.0913,-1.1089,-1.3209,-1.7524,-2.2555,-3.1318,-4.3351,-5.4029,-7.1506,-9.2211,-11.009,-13.508,-15.78,-17.193,-17.677,-16.75,-16.549,-15.703,-15.227,-14.407,-13.933,-12.692,-11.84,-10.387,-9.7012,-8.8467,-8.4756,-8.4841,-8.9829,-10.101,-11.723,-12.616,-11.537,-8.6183,-6.387,-4.0637,-2.2867,-1.4026,-0.62216,-0.30805,-0.42331,-0.73537,-1.4208,-2.2932,-2.9921,-3.8252,-4.2402,-4.1118,-3.5943,-2.5821,-1.3591,-0.47175,0.61068,1.4668,1.9587,2.4054,2.6354,2.6665,2.5879,2.3523,2.029,1.7397,1.1759,0.59604,0.046689,-0.71995,-1.6744,-2.6945,-3.5453,-4.8691,-6.1565,-7.3423,-8.8538,-10.859,-13.64,-15.979,-18.405,-14.532,-11.598,-8.4158,-6.0609,-4.7242,-3.3231,-2.3475,-1.7196,-1.4542,-1.3648,-1.5436,-1.8706,-2.5414,-3.4051,-4.1483,-5.1272,-5.8955,-6.2092,-6.1019,-5.5663,-4.811,-4.218,-3.4491,-2.7552,-2.1708,-1.8312,-1.5301,-1.4401,-1.5459,-1.814,-2.5581,-3.1341,-4.5285,-5.8172,-7.4362,-8.1874,-8.3393,-7.6526,-6.7252,-5.8257,-4.9767,-4.8061,-4.7762,-5.4766,-6.56,-8.0996,-10.889,-15.342,-17.404,-14.459,-10.76,-8.5201
-6.8194,-5.3333,-3.839,-2.2267,-1.3404,-0.10229,0.87215,1.5564,2.2962,2.8434,3.2361,3.3505,3.4193,3.2229,3.0098,2.5155,1.9154,1.3215,0.50269,-0.45697,-1.4258,-2.1807,-3.0822,-3.8589,-4.304,-4.7738,-5.1219,-5.3905,-5.8843,-6.4016,-6.987,-7.3853,-7.7678,-7.9479,-7.9728,-8.0387,-8.1453,-8.5951,-9.1554,-10.482,-12.593,-14.875,-18.119,-16.945,-13.952,-10.709,-8.2879,-6.8922,-6.0344,-5.3944,-4.9837,-4.8832,-4.8533,-4.9114,-5.0266,-5.1399,-5.2801,-5.348,-5.323,-5.2354,-4.8742,-4.5882,-3.9052,-3.1874,-2.355,-1.7867,-1.0718,-0.49571,-0.17,0.13225,0.2288,0.19358,-0.039998,-0.47584,-1.1757,-1.8199,-2.9404,-4.3495,-5.6077,-7.6694,-10.305,-12.73,-17.285,-24.554,-33.907,-24.978,-21.015,-18.773,-18.909,-19.332,-21,-21.342,-19.083,-16.269,-13.002,-11.407,-9.8084,-8.975,-8.8231,-9.2265,-10.595,-12.949,-14.678,-13.409,-9.2176,-6.6555,-3.9061,-2.0429,-1.0342,-0.17979,0.17264,0.076586,-0.32092,-1.2525,-2.7481,-4.2522,-6.9378,-9.7891,-10.115,-7.8918,-4.5828,-1.9803,-0.45118,1.125,2.2497,2.8648,3.3794,3.6105,3.5429,3.3541,2.8828,2.1901,1.6226,0.58667,-0.47324,-1.4394,-2.7269,-4.4132,-5.9806,-7.6108,-9.3468,-11.542,-12.529,-13.524,-14.428,-14.98,-16.247,-15.901,-13.418,-11.09,-8.0573,-5.9587,-4.504,-3.2756,-2.3737,-1.9406,-1.8186,-2.048,-2.5528,-3.2605,-4.4751,-6.2329,-7.9746,-11.163,-15.387,-17.223,-14.205,-10.13,-7.2033,-5.5392,-3.8595,-2.6325,-1.7788,-1.3724,-1.1121,-1.1593,-1.5029,-2.0866,-3.4021,-4.3884,-6.8361,-9.7107,-15.381,-22.905,-22.446,-14.123,-11.132,-8.4003,-6.8371,-5.9078,-5.3355,-4.9855,-5.1768,-5.3687,-5.9007,-6.3063,-6.4919,-6.4195,-6.0952,-6.0132
-8.588,-6.5694,-4.0752,-2.4897,-1.2889,-0.14356,0.87436,1.4658,2.0741,2.4868,2.6793,2.6946,2.5399,2.1763,1.8456,1.256,0.65173,0.14542,-0.43319,-0.92388,-1.2224,-1.4169,-1.4898,-1.5116,-1.4404,-1.39,-1.3141,-1.2793,-1.2508,-1.3046,-1.4046,-1.4974,-1.6692,-1.8561,-2.0828,-2.4229,-3.002,-3.7767,-4.6331,-6.1076,-8.1147,-9.9054,-11.822,-11.424,-9.9164,-7.7412,-5.9756,-4.7296,-4.1067,-3.5315,-3.2088,-3.0658,-3.02,-3.0303,-3.1113,-3.1849,-3.2748,-3.2771,-3.2194,-3.0212,-2.6857,-2.2992,-1.7104,-1.0258,-0.34456,0.14974,0.72595,1.1878,1.406,1.5817,1.5513,1.4058,1.0282,0.42717,-0.35091,-1.0809,-2.2155,-3.538,-4.649,-6.2514,-8.0032,-9.4195,-11.261,-12.852,-13.916,-14.289,-14.3,-14.446,-15.059,-16.147,-18.326,-19.557,-16.88,-14.029,-10.701,-9.1203,-7.3319,-6.1933,-5.5835,-5.0923,-4.7782,-4.4748,-4.0987,-3.2867,-2.1869,-1.206,-0.00035288,1.0495,1.6838,2.2467,2.4676,2.3296,1.9683,1.0888,-0.2783,-1.7067,-4.1245,-6.6726,-6.9084,-4.9676,-2.0596,0.33579,1.7332,3.1595,4.151,4.6414,4.9881,4.9948,4.6964,4.2498,3.3993,2.2115,1.1336,-0.46469,-2.2488,-3.5966,-5.4124,-6.8719,-9.0641,-10.491,-14.653,-20.786,-41.654,-20.575,-14.657,-11.759,-9.9719,-8.3713,-6.6049,-5.6503,-4.1119,-2.9989,-2.2006,-1.525,-1.1238,-1.034,-1.1895,-1.6339,-2.4686,-3.2285,-4.626,-6.289,-7.83,-10.045,-12.106,-12.51,-11.199,-8.5774,-6.1038,-4.4927,-2.776,-1.466,-0.56365,-0.12471,0.14129,0.044171,-0.22478,-1.0339,-2.0486,-3.168,-4.7625,-6.6237,-8.5317,-9.4746,-9.9402,-9.4874,-8.6188,-7.4416,-6.1696,-5.3251,-4.3048,-3.4606,-2.9194,-2.538,-2.2703,-2.0275,-1.9605,-1.8615,-1.966,-2.1723
-5.1024,-4.1037,-3.1812,-1.9792,-1.2079,-0.15899,0.7549,1.2763,1.8094,2.0817,2.0599,1.9346,1.4145,0.77657,0.028353,-0.98687,-2.2456,-3.0416,-4.0026,-4.2654,-3.92,-3.2355,-2.2185,-1.1369,-0.42375,0.46774,1.1846,1.6368,2.1536,2.5312,2.8124,2.9514,3.0535,3.0372,2.9561,2.7403,2.3719,1.8629,1.4039,0.68675,-0.063015,-0.6021,-1.1622,-1.4647,-1.5215,-1.4553,-1.4435,-1.3424,-1.4424,-1.5494,-1.7873,-1.9436,-2.1727,-2.4388,-2.6093,-2.9532,-3.292,-3.6558,-3.8539,-3.7991,-3.4008,-2.7413,-1.7319,-0.56621,0.47488,1.179,1.926,2.4566,2.7189,2.8361,2.7455,2.5025,1.9999,1.2616,0.33966,-0.51158,-1.7465,-3.0621,-4.07,-5.2611,-6.2242,-6.7287,-7.1798,-7.3936,-7.4443,-7.4529,-7.2857,-7.3758,-7.1918,-7.2437,-7.0652,-6.6798,-6.1491,-5.234,-4.3354,-3.4954,-2.6832,-1.9001,-1.4279,-0.86412,-0.2857,0.331,0.83811,1.6075,2.4353,3.1026,3.928,4.6809,5.1345,5.5824,5.8203,5.8177,5.6843,5.3127,4.7969,4.3452,3.8219,3.5011,3.5508,3.8631,4.5201,5.3347,5.9176,6.6127,7.111,7.332,7.3904,7.142,6.5718,5.8827,4.6151,2.8825,1.0794,-1.7184,-5.6304,-8.7788,-11.543,-10.622,-9.096,-8.9107,-8.6458,-9.1673,-8.877,-8.036,-6.5345,-5.0322,-3.81,-2.6411,-1.5012,-0.84503,-0.085797,0.50884,0.71857,0.93301,0.84295,0.558,0.15399,-0.56033,-1.5546,-2.4549,-3.8302,-5.3509,-6.3786,-7.4594,-7.7615,-7.1869,-6.2509,-4.6502,-2.9156,-1.6698,-0.24157,0.92658,1.7662,2.1734,2.4153,2.2956,2.0369,1.2408,0.33632,-0.81569,-2.1633,-4.0733,-5.9098,-7.2745,-8.7079,-9.1755,-8.8266,-7.546,-5.9422,-4.7785,-3.2687,-2.0698,-0.88635,-0.25893,0.55769,1.125,1.4827,1.7556,1.8448,1.785
-3.743,-4.2609,-4.3623,-3.5153,-2.6083,-1.1592,0.061417,0.78442,1.4193,1.6115,1.4501,1.0324,0.19248,-1.0001,-2.2148,-4.1065,-6.7609,-9.2131,-14.459,-18.576,-11.939,-8.0335,-4.4099,-1.8151,-0.32631,1.3135,2.6182,3.4313,4.3165,5.0656,5.6698,6.0354,6.4255,6.6843,6.8163,6.8564,6.8059,6.612,6.4089,6.0363,5.5849,5.2112,4.6564,4.0408,3.5428,2.7903,1.905,0.81605,-0.020542,-1.2584,-2.3375,-2.9836,-3.4291,-3.6215,-3.7251,-4.1385,-5.0219,-6.6553,-8.4212,-11.014,-10.117,-7.3907,-3.9162,-1.304,0.64061,1.7065,2.7561,3.3988,3.6793,3.7623,3.5636,3.2473,2.5753,1.6743,0.41945,-0.67688,-2.5006,-4.6459,-6.4534,-8.6013,-9.2152,-8.4297,-6.7665,-5.1682,-3.8333,-2.9975,-2.207,-1.5138,-1.1201,-0.70178,-0.28286,0.11623,0.25389,0.68668,0.85816,1.0564,1.1615,1.2579,1.2921,1.4284,1.6992,2.226,2.7855,3.7148,4.7741,5.5343,6.5467,7.4041,7.9386,8.4798,8.8249,8.9729,8.9583,8.8262,8.5738,8.3689,8.097,7.927,7.9267,8.0215,8.3205,8.7199,9.068,9.482,9.8066,9.9377,9.9267,9.6632,9.0768,8.4302,7.2025,5.5622,3.9199,1.3122,-2.1451,-4.8209,-6.859,-5.8032,-3.6748,-2.8068,-1.6151,-0.87061,-0.38847,0.23747,0.93543,1.5874,2.0357,2.6089,2.9754,3.2892,3.382,3.4363,3.2897,3.0003,2.544,1.8937,1.326,0.33527,-0.8081,-1.9475,-3.7554,-6.3327,-8.9429,-13.73,-14.947,-9.5424,-6.2253,-2.9453,-0.46913,0.99043,2.591,3.7514,4.5618,4.9398,5.1473,5.0302,4.6782,4.0344,2.9404,1.8978,0.15614,-2.3079,-5.1762,-8.4513,-15.01,-32.186,-16.724,-10.125,-6.8093,-4.789,-2.8891,-1.1007,0.34727,1.3631,2.5368,3.4893,4.0958,4.6736,5.0821,5.2113
-5.3868,-10.108,-24.069,-11.246,-6.0582,-2.4897,-0.34656,0.67151,1.3251,1.4314,0.99859,0.23362,-1.013,-2.9688,-4.378,-6.7462,-8.6494,-9.8612,-10.902,-10.441,-8.4358,-6.287,-3.6466,-1.3981,0.082672,1.6666,3.035,3.9299,4.9783,5.9172,6.7478,7.3126,7.9745,8.5423,8.8788,9.2308,9.4479,9.5357,9.4951,9.3318,9.0156,8.6834,8.0964,7.3267,6.5932,5.3726,3.8419,1.7863,-0.21224,-3.6979,-8.6861,-12.335,-10.303,-6.7036,-5.2054,-4.1863,-4.2973,-5.2842,-6.5764,-8.2911,-7.6075,-5.3343,-2.2995,0.0827,1.8174,2.7616,3.602,4.0632,4.1577,4.055,3.6513,3.2146,2.4083,1.3919,0.15502,-0.97599,-2.8485,-5.4672,-8.1325,-13.268,-14.543,-10.229,-5.8314,-2.8541,-0.76842,0.40583,1.6569,2.619,3.1015,3.6789,4.0154,4.2234,4.2834,4.1817,4.0035,3.605,3.0079,2.0419,1.1687,-0.15259,-1.1907,-0.96165,0.2286,2.417,4.562,5.991,7.5672,8.8184,9.5448,10.254,10.673,10.836,10.784,10.518,10.053,9.6111,8.9533,8.3738,8.0432,8.0617,8.4544,9.1435,9.7473,10.515,11.144,11.48,11.717,11.699,11.413,11.032,10.287,9.3035,8.4989,7.2413,6.0272,5.281,4.5576,4.1883,4.2088,4.3997,4.5868,4.957,5.1172,5.4101,5.6428,5.8594,5.9216,6.0253,5.9423,5.8008,5.4914,4.9368,4.5097,3.6608,2.7399,1.7364,1.0029,0.11819,-0.74505,-1.3156,-2.3448,-3.5646,-4.6673,-5.9345,-5.6764,-3.5676,-1.5879,0.86262,2.9037,4.1465,5.4901,6.4825,7.1529,7.4584,7.6074,7.4758,7.1577,6.5683,5.5397,4.73,3.1359,1.3473,-0.69863,-2.4384,-4.5998,-5.9619,-6.2746,-6.1327,-5.2348,-4.743,-3.3135,-1.7419,0.1322,1.552,3.2474,4.7282,5.6009,6.573,7.2296,7.6139
0.37873,-0.85881,-1.4755,-1.0866,-0.46914,0.782,1.634,2.0585,2.2099,1.9041,1.0359,0.050312,-1.921,-4.8687,-7.8403,-14.212,-19.914,-15.342,-10.283,-7.4046,-5.2283,-3.8683,-2.3619,-1.0702,-0.261,0.72203,1.5947,2.254,3.2154,4.2322,5.3067,6.1198,7.1397,8.0777,8.6864,9.3853,9.9004,10.264,10.418,10.473,10.348,10.123,9.654,8.9682,8.2941,7.1708,5.6902,3.9008,2.2278,-0.34865,-2.9689,-4.3322,-4.1994,-2.8896,-1.8504,-0.88415,-0.31224,-0.032632,0.083609,0.36964,0.87259,1.3319,2.1583,2.9158,3.5379,3.8569,4.0375,3.9489,3.6849,3.0963,2.2851,1.5027,0.45381,-0.64083,-1.4791,-2.0033,-2.4826,-2.8489,-2.9791,-2.9214,-2.3348,-1.5602,-0.18842,1.2204,2.5561,3.4095,4.4114,5.1256,5.5936,5.9969,6.217,6.2384,6.2111,5.8642,5.3702,4.8023,3.7294,2.1656,0.50615,-2.8533,-8.8377,-10.812,-4.6323,0.62411,4.0695,5.9611,7.9064,9.3438,10.145,10.897,11.294,11.347,11.168,10.582,9.5911,8.5103,6.5574,3.911,1.0082,0.50444,2.9753,6.0068,7.8084,9.6683,10.96,11.653,12.242,12.506,12.51,12.342,11.963,11.409,10.957,10.246,9.6077,9.1431,8.6191,8.2868,7.9565,7.8809,7.7338,7.6537,7.6328,7.5852,7.4973,7.3898,7.2903,7.0219,6.7238,6.2984,5.6791,4.7597,3.8246,2.3272,0.31948,-1.955,-3.6102,-4.5873,-3.8578,-2.8104,-1.5097,-0.4885,0.14825,0.93421,1.8361,2.8986,3.7625,4.9392,6.0518,6.8061,7.6348,8.2886,8.7254,8.9093,8.9662,8.7958,8.567,7.9775,7.2391,6.588,5.4439,4.3158,2.8904,1.8192,0.31607,-1.2717,-2.6197,-4.6857,-7.6683,-10.92,-12.49,-7.032,-2.282,0.28649,2.9673,4.9836,6.1437,7.3326,8.1388,8.6717
3.7829,3.3644,3.1707,2.98,2.9274,2.9805,2.9618,2.8659,2.6156,2.1205,1.2696,0.48846,-1.004,-2.9408,-4.4312,-6.5835,-7.6203,-7.2059,-6.1204,-4.8712,-3.8227,-3.3802,-2.9666,-2.9015,-3.0898,-3.47,-3.8746,-3.9282,-3.2698,-1.8182,0.057025,1.4944,3.2474,4.771,5.773,6.8764,7.7573,8.4124,8.7732,9.071,9.1753,9.1212,8.8862,8.4591,8.0259,7.2884,6.3765,5.3282,4.5464,3.434,2.5373,2.0138,1.6054,1.5047,1.588,1.7559,1.9945,2.2268,2.3897,2.6245,2.8819,3.0192,3.2281,3.3064,3.2625,3.1164,2.736,2.0838,1.4301,0.21033,-1.3702,-2.9778,-5.425,-8.2545,-9.6125,-8.6411,-6.3282,-4.1759,-2.8619,-1.3815,-0.10487,0.76182,1.8509,2.8148,3.677,4.2586,4.8519,5.2887,5.5635,5.7284,5.7924,5.7032,5.5718,5.2564,4.7509,4.3709,3.6537,2.8374,2.2029,1.4235,1.0241,1.3268,2.0714,3.5019,5.1287,6.2664,7.6649,8.7891,9.4649,10.105,10.446,10.461,10.266,9.6677,8.6557,7.5666,5.597,2.9495,0.088832,-0.45481,1.9888,4.95,6.755,8.5955,9.8834,10.579,11.175,11.451,11.465,11.308,10.947,10.429,9.9822,9.3357,8.7457,8.2991,7.8163,7.476,7.1346,6.9396,6.7344,6.4422,6.314,6.0459,5.7847,5.5071,5.3571,5.0376,4.763,4.4249,3.8358,3.0453,2.0472,0.45627,-2.0169,-5.7494,-9.7953,-13.01,-7.6696,-4.4293,-1.5543,0.36201,1.4837,2.6661,3.6605,4.5281,5.1208,5.8536,6.505,6.9465,7.4346,7.803,8.0292,8.0994,8.0545,7.8333,7.6285,7.0831,6.5253,5.991,5.1664,4.3504,3.3279,2.5533,1.4232,0.18192,-0.94062,-2.4862,-4.276,-5.5337,-5.4999,-3.54,-0.95781,0.97368,3.0463,4.7426,5.7626,6.7728,7.4686,7.8772
4.068,3.9098,3.5659,3.1782,3.0255,2.6941,2.4811,2.2852,2.0695,1.774,1.3598,1.0429,0.41544,-0.2271,-0.68594,-1.3388,-1.7649,-2.0235,-2.2341,-2.4,-2.7016,-3.0984,-3.8401,-5.0784,-6.4,-9.0336,-13.443,-19.981,-21.244,-11.628,-6.7406,-4.2047,-1.5079,0.56997,1.8834,3.3131,4.4795,5.362,5.8897,6.3791,6.675,6.7811,6.7636,6.5799,6.3535,5.9204,5.4094,4.7681,4.2971,3.6312,2.9883,2.5886,2.135,1.8444,1.6919,1.6242,1.6805,1.8136,1.9524,2.0946,2.201,2.2572,2.1825,1.9932,1.6284,1.2153,0.51576,-0.40804,-1.2279,-2.5547,-4.2693,-5.7742,-8.5577,-12.15,-13.89,-11.734,-7.9012,-4.8995,-3.1919,-1.3788,0.042552,0.89726,1.8339,2.588,3.1355,3.4676,3.7127,3.8882,3.8864,3.8064,3.6443,3.4226,3.1395,2.8951,2.4836,2.2417,1.8939,1.5828,1.4407,1.3787,1.5722,2.0514,2.6058,3.5567,4.6289,5.4979,6.5682,7.5348,8.1404,8.7469,9.1237,9.2507,9.1733,8.8784,8.3608,7.8631,7.1406,6.4578,6.0409,6.0141,6.3377,7.0014,7.5955,8.3551,9.009,9.35,9.6206,9.6372,9.3785,9.0299,8.3227,7.4457,6.6228,5.588,4.5995,4.0045,3.545,3.2707,3.3002,3.1516,3.0772,2.7466,2.4046,1.8529,1.3063,0.8752,0.70789,0.74509,0.86954,1.1374,1.2119,1.1505,1.002,0.46896,-0.16131,-0.87909,-1.2922,-1.3554,-0.85865,-0.26369,0.72149,1.6205,2.2222,2.9031,3.4384,3.8885,4.1863,4.5544,4.8997,5.1397,5.4298,5.6378,5.7472,5.7415,5.6045,5.3266,4.9921,4.4939,3.9726,3.3802,2.8561,2.1903,1.5848,1.1943,0.6509,0.1853,-0.18404,-0.50002,-0.70511,-0.62605,-0.18489,0.51387,1.5749,2.4326,3.554,4.5603,5.2038,5.8417,6.2572,6.362
3.649,3.3305,2.6337,1.9931,1.4939,0.91965,0.57331,0.52589,0.61444,0.85174,1.1763,1.304,1.4619,1.525,1.3949,1.2697,1.0086,0.70851,0.28523,-0.31032,-1.1237,-1.8138,-3.0673,-4.6297,-5.9303,-8.0035,-9.9865,-11.07,-11.294,-10.079,-8.018,-6.3462,-4.1805,-2.2285,-0.97145,0.53159,1.7287,2.7021,3.2743,3.8667,4.2653,4.4555,4.5711,4.549,4.4308,4.1798,3.7957,3.3527,2.8842,2.2785,1.577,1.0399,0.37543,-0.18051,-0.46666,-0.56976,-0.42583,-0.067405,0.26482,0.68765,0.97117,1.0919,1.0158,0.70797,0.12342,-0.4931,-1.522,-2.674,-3.5868,-4.5712,-5.3154,-5.642,-5.8666,-5.7799,-5.279,-4.5806,-3.4159,-2.148,-1.1952,-0.085647,0.82869,1.3851,1.951,2.3278,2.5252,2.5188,2.4454,2.1766,1.8551,1.3976,0.81147,0.21642,-0.15167,-0.66455,-0.87011,-1.135,-1.3224,-1.4914,-1.6392,-1.6907,-1.4843,-0.83772,-0.047527,1.2992,2.8029,3.9216,5.2786,6.4606,7.1677,7.9056,8.3798,8.6111,8.6218,8.4647,8.1498,7.8453,7.4118,7.0309,6.8084,6.7733,6.9207,7.264,7.5877,8.0456,8.4349,8.62,8.6835,8.4807,7.9573,7.332,6.1261,4.4666,2.8104,0.16437,-3.0277,-4.6975,-4.5561,-2.8956,-1.4216,-0.72105,-0.55508,-0.81114,-1.5712,-3.0622,-5.2487,-7.4717,-8.2248,-6.4514,-4.122,-2.5525,-0.95858,0.045188,0.68335,1.1549,1.4613,1.6945,1.8378,2.0407,2.3009,2.4721,2.7088,2.8847,2.9182,2.8627,2.6728,2.411,2.2273,2.0836,2.1526,2.3334,2.6824,3.0263,3.2375,3.2581,3.0674,2.6345,2.0803,1.3529,0.37032,-0.27551,-0.95391,-1.4758,-1.5636,-1.5674,-1.4555,-1.34,-1.1314,-0.92098,-0.52477,-0.08347,0.52167,1.4019,2.3212,2.9866,3.8908,4.6388,5.0937,5.5326,5.7019,5.6005
3.184,2.3973,1.1556,-0.37746,-1.976,-3.8979,-5.1047,-4.7144,-3.0826,-1.1972,0.36197,1.2637,2.2013,2.7757,3.0452,3.211,3.127,2.9599,2.5243,1.859,0.96796,0.1435,-1.2278,-2.8675,-4.2975,-6.4491,-8.8253,-10.574,-12.384,-12.329,-10.472,-8.6503,-6.3143,-4.2882,-2.9879,-1.6088,-0.50108,0.37273,0.86237,1.407,1.7924,1.982,2.1447,2.2031,2.1724,2.0483,1.7589,1.3446,0.92545,0.14314,-0.84561,-1.8127,-3.3545,-5.102,-6.1581,-6.5396,-5.3853,-3.6124,-2.3814,-0.99799,-0.057867,0.32002,0.50768,0.20037,-0.60173,-1.5405,-3.3814,-5.9463,-8.3078,-10.976,-10.083,-8.2387,-5.7637,-3.8783,-2.4673,-1.5388,-0.51876,0.34425,0.87498,1.4535,1.8572,2.0651,2.1829,2.1168,1.8993,1.6026,1.0683,0.23643,-0.47802,-1.7098,-3.1833,-4.7536,-5.6088,-6.4247,-6.2486,-5.8807,-5.5336,-5.6182,-6.1556,-7.5779,-9.5821,-9.4693,-6.9004,-2.8986,0.36327,2.2818,4.3771,5.9253,6.8182,7.6827,8.1929,8.3846,8.3473,8.0356,7.4804,6.9315,6.0602,5.2067,4.5725,4.3935,4.7109,5.4655,6.172,7.0898,7.8079,8.2013,8.4278,8.3107,7.8307,7.1843,5.9422,4.1061,2.3294,-0.84948,-5.1246,-7.9351,-6.9201,-4.0642,-2.2507,-1.3069,-1.0475,-1.466,-2.1563,-3.9352,-6.6179,-10.353,-11.564,-8.4264,-4.9509,-3.1156,-1.0647,0.30207,1.0475,1.9249,2.5383,3.0579,3.3961,3.7362,3.977,4.0992,4.0658,3.8269,3.4636,2.6614,1.4551,-0.24163,-1.7869,-3.6616,-3.9312,-2.875,-1.0534,0.38505,1.2234,1.4638,1.2839,0.52076,-0.37689,-2.1555,-4.7749,-6.4706,-8.9628,-8.5915,-7.0481,-5.9864,-4.8919,-4.2355,-3.8732,-3.4508,-2.7976,-2.204,-1.0319,0.33832,1.6739,2.6705,3.8173,4.7502,5.278,5.7338,5.8726,5.7239
2.0661,1.1886,-0.20964,-2.3913,-4.7364,-9.1923,-14.82,-11.802,-6.201,-2.7743,-0.39623,0.96435,2.2044,3.078,3.5718,3.8694,3.9433,3.8557,3.4833,2.8856,2.0616,1.2253,-0.09561,-1.7373,-3.2777,-5.724,-8.9852,-12.296,-18.496,-19.515,-13.703,-10.802,-8.212,-6.4084,-5.4491,-4.5003,-3.8062,-3.3295,-3.0478,-2.7869,-2.5837,-2.4594,-2.3294,-2.2299,-2.126,-2.049,-1.9682,-2.1349,-2.2916,-2.8667,-3.8584,-4.9442,-7.1502,-10.841,-15.328,-19.533,-11.621,-6.8687,-4.5233,-2.3495,-0.89,-0.20666,0.26275,0.21353,-0.36296,-1.1668,-2.8346,-5.2819,-7.688,-10.348,-9.1565,-6.882,-4.1917,-2.2361,-0.84389,-0.092884,0.65491,1.1292,1.322,1.4129,1.3332,1.1608,0.81414,0.34996,-0.24767,-0.71742,-1.6077,-2.6909,-3.6504,-5.5526,-8.1968,-12.234,-18.904,-26.722,-15.05,-11.059,-8.6788,-7.6897,-7.6119,-8.5651,-10.117,-9.806,-7.2148,-3.2448,0.0057966,1.9668,3.985,5.4709,6.3128,7.0576,7.4412,7.4649,7.2573,6.6617,5.6499,4.5711,2.5752,-0.35646,-4.6588,-7.3479,-4.0749,0.33195,2.7016,4.9476,6.4647,7.2237,7.8194,7.9875,7.7659,7.3682,6.5572,5.4143,4.5129,3.0855,1.8107,1.1304,0.53164,0.42714,0.37624,0.32829,0.28518,-0.12458,-0.53699,-1.1768,-1.8933,-2.3831,-2.5809,-2.3507,-1.7226,-1.3102,-0.63433,0.047946,0.40356,1.004,1.6159,2.235,2.7139,3.3228,3.7975,4.0564,4.1799,3.9793,3.5988,2.6709,1.1209,-1.3114,-3.9807,-8.9764,-9.8038,-6.2243,-2.6376,-0.53202,0.53212,0.80757,0.56093,-0.37049,-1.436,-3.7874,-7.182,-10.175,-14.911,-13.722,-10.431,-8.8988,-7.982,-7.9831,-8.7541,-10.028,-11.181,-10.07,-6.758,-3.5694,-0.77005,0.87082,2.6248,3.9623,4.6777,5.3005,5.5735,5.4555
0.46324,0.053895,-0.76191,-1.8918,-2.6009,-3.3951,-3.7159,-3.4472,-2.5498,-1.2863,-0.0027468,0.81142,1.7878,2.5407,2.9112,3.2384,3.3486,3.2562,2.9864,2.5165,1.8356,1.1813,0.14119,-1.1181,-2.2036,-3.7782,-5.4805,-6.7148,-8.0487,-8.7568,-8.8942,-8.7041,-8.4786,-8.3575,-8.4421,-8.6163,-8.9733,-9.3069,-9.4089,-9.5462,-9.6235,-9.6673,-9.7841,-9.7857,-9.578,-8.9383,-7.9787,-7.0704,-6.6583,-6.2744,-6.3321,-6.5957,-7.1274,-7.6899,-7.8899,-7.6004,-6.5204,-4.982,-3.7566,-2.2757,-1.0434,-0.32003,0.30532,0.62024,0.61141,0.3927,-0.080436,-0.68578,-1.0886,-1.4405,-1.389,-1.1211,-0.65361,-0.13292,0.28982,0.45465,0.5194,0.35044,0.092436,-0.45976,-1.203,-1.8757,-2.8481,-3.7966,-4.6916,-5.2654,-5.9651,-6.4866,-7.0378,-7.8191,-8.7691,-10.01,-10.437,-10.55,-9.658,-8.5048,-7.0332,-5.8456,-5.1296,-4.313,-3.4508,-2.3714,-1.3898,0.1126,1.6621,2.7092,3.9397,4.9114,5.4328,5.8663,6.0013,5.8402,5.507,4.8296,3.8536,2.8883,1.323,-0.60835,-2.5821,-3.2237,-1.9389,0.53105,2.2885,4.2268,5.6431,6.3691,6.991,7.2223,7.0979,6.8103,6.1824,5.3837,4.6779,3.6865,2.7786,2.1494,1.4268,0.90425,0.5889,0.27253,0.010212,-0.20743,-0.47091,-0.7484,-1.0701,-1.3231,-1.4608,-1.7256,-1.9495,-2.08,-2.5467,-2.9773,-3.2167,-3.4263,-2.9083,-1.8142,-0.78561,0.64211,1.8719,2.5779,3.2843,3.6446,3.6846,3.458,2.9233,2.1718,1.5721,0.9365,0.70368,0.84371,1.2066,1.5607,1.6763,1.5505,1.0683,0.22495,-0.62211,-2.1173,-3.5937,-4.6271,-6.0663,-6.8655,-7.1974,-7.5501,-8.1077,-9.1027,-10.296,-12.601,-14.991,-13.92,-9.3536,-5.335,-2.3376,-0.53072,1.3666,2.7947,3.5979,4.3364,4.7111,4.7063
-0.37997,-0.67854,-1.4526,-2.1495,-2.5154,-2.8545,-2.6649,-2.3252,-1.5551,-0.59259,0.28948,0.92523,1.6803,2.2122,2.4775,2.7392,2.7867,2.7116,2.5081,2.1491,1.6338,1.1922,0.47028,-0.38541,-1.0878,-2.112,-3.1741,-3.9784,-5.0131,-5.9944,-6.93,-7.6631,-8.6698,-9.9515,-11.085,-13.07,-15.65,-18.057,-18.958,-18.032,-17.034,-17.046,-18.382,-21.712,-24.041,-19.163,-14.335,-11.051,-9.7038,-8.3984,-7.714,-7.522,-7.4521,-7.318,-7.1368,-6.4836,-5.3841,-4.0059,-2.9018,-1.482,-0.2394,0.56813,1.4029,1.984,2.3267,2.4482,2.471,2.3747,2.2816,2.13,1.9925,1.9116,1.8024,1.6438,1.3935,1.1337,0.588,-0.19284,-0.95765,-2.2739,-3.9711,-5.4814,-7.7861,-10.196,-11.911,-12.536,-11.999,-11.151,-10.621,-9.6968,-8.9567,-8.2429,-7.7189,-6.709,-5.8818,-5.1826,-4.093,-3.1142,-2.4084,-1.4451,-0.50892,0.46198,1.2104,2.2031,3.1374,3.7841,4.512,5.0477,5.2835,5.392,5.2208,4.7955,4.3327,3.5632,2.7487,2.1956,1.632,1.3842,1.5425,1.9378,2.7657,3.8346,4.6932,5.7405,6.5879,7.0556,7.4018,7.433,7.1522,6.7331,5.9161,4.8844,3.8993,2.6076,1.323,0.42082,-0.4124,-0.99801,-1.2634,-1.2755,-1.4951,-1.582,-1.6171,-1.7754,-1.8499,-1.9837,-2.0662,-2.299,-2.8456,-3.3911,-4.5694,-6.7231,-9.1866,-14.855,-16.092,-8.5496,-4.9562,-1.633,0.72967,2.0287,3.3422,4.2612,4.7198,5.0902,5.2444,5.2382,5.161,5.0261,4.8763,4.7567,4.5812,4.3086,3.9102,3.4973,2.78,1.8733,1.0131,-0.14999,-1.3506,-2.4641,-3.6581,-4.6109,-5.5755,-6.1461,-6.721,-7.203,-7.2476,-7.2095,-6.782,-5.8865,-4.4009,-2.751,-0.98411,0.29716,1.7557,2.9477,3.6916,4.4046,4.8282,4.9997
0.25309,-0.68012,-2.3619,-4.299,-5.8868,-6.8462,-5.6469,-4.1109,-2.1573,-0.60701,0.61344,1.3475,1.9777,2.3897,2.5976,2.646,2.5612,2.4667,2.2157,1.9065,1.5681,1.2923,0.85549,0.34856,-0.080014,-0.79233,-1.6033,-2.3033,-3.3353,-4.5117,-5.755,-6.7963,-8.2625,-9.899,-11.263,-13.775,-17.22,-21.911,-22.919,-19.517,-16.753,-15.772,-15.515,-15.848,-15.625,-13.718,-11.222,-9.0054,-7.8219,-7.0797,-6.9466,-7.3083,-8.4235,-10.045,-10.893,-9.8948,-7.0566,-4.1158,-2.2119,-0.12469,1.5074,2.4937,3.5277,4.2433,4.708,4.9214,5.0256,4.9867,4.8614,4.6419,4.3401,4.0735,3.7139,3.2811,2.7525,2.2899,1.5031,0.47051,-0.5519,-2.2849,-4.6079,-6.9019,-10.97,-17.393,-30.974,-24.679,-18.737,-15.924,-13.939,-11.875,-9.7156,-7.5483,-6.4157,-4.8441,-3.4783,-2.6885,-1.7373,-0.84185,-0.23012,0.56292,1.3772,2.2267,2.9003,3.7756,4.6005,5.1702,5.749,6.1045,6.2055,6.0542,5.5506,4.647,3.7218,2.1101,0.24567,-0.90592,-1.3188,-0.1112,1.7846,3.1645,4.8254,6.2445,7.1379,8.0931,8.7798,9.1131,9.2693,9.0983,8.5791,7.9428,6.7427,5.0602,3.4546,0.86874,-2.3423,-4.7274,-6.2807,-5.4644,-4.4188,-3.7093,-3.3273,-3.5014,-3.6326,-3.784,-3.6163,-3.1897,-2.8701,-2.3984,-2.2002,-2.4568,-2.9454,-3.8206,-4.8365,-5.7956,-5.3356,-3.3661,-1.5464,0.73178,2.6864,3.9222,5.2468,6.2846,6.8973,7.503,7.9123,8.1524,8.2392,8.2441,8.1438,7.9867,7.6849,7.2449,6.6503,6.0891,5.1676,4.0517,3.049,1.6647,0.027191,-1.399,-2.9956,-4.6202,-6.0874,-6.7736,-7.2494,-7.1074,-6.7364,-5.8421,-4.5242,-3.5109,-2.0506,-0.47657,1.0147,2.0009,3.2506,4.2911,4.9243,5.6037,6.0817,6.3696
2.8769,1.5853,-0.65688,-4.0783,-8.0987,-12.066,-7.2921,-4.0568,-1.3125,0.45675,1.6111,2.0734,2.4063,2.4719,2.3436,1.9521,1.4802,1.085,0.57897,0.24635,0.14364,0.12452,0.18878,0.22375,0.1402,-0.14759,-0.72402,-1.3444,-2.497,-3.9176,-5.6441,-6.973,-8.6064,-9.7112,-10.094,-10.317,-10.224,-10.067,-9.8347,-9.0695,-8.203,-7.4926,-6.664,-5.8651,-5.2793,-4.4089,-3.6328,-3.0127,-2.5809,-2.5332,-3.0346,-3.8434,-5.6933,-8.7972,-11.453,-10.21,-5.4216,-1.7046,0.37517,2.5485,4.1712,5.0712,6.0001,6.6249,6.9793,7.0811,7.0278,6.7769,6.4686,5.9425,5.3395,4.8729,4.264,3.7555,3.3318,2.9876,2.4896,1.7996,1.0793,-0.19676,-1.9206,-3.4992,-6.0206,-8.8904,-11.686,-13.883,-17.629,-23.172,-23.345,-14.949,-9.7777,-6.3774,-4.6322,-2.8763,-1.4545,-0.75589,-0.156,0.25628,0.46682,0.73714,1.2219,2.029,2.8295,4.0636,5.2903,6.074,6.93,7.4587,7.6313,7.504,6.9523,5.8863,4.645,2.2192,-1.7119,-6.5894,-9.8678,-2.1662,2.3808,4.7268,7.0238,8.7211,9.7044,10.709,11.374,11.656,11.764,11.535,10.945,10.247,8.9504,7.1038,5.3534,2.2668,-2.0331,-6.0991,-8.7202,-5.8606,-3.9833,-3.5964,-3.8025,-5.3421,-7.609,-10.816,-10.331,-6.3864,-4.1916,-2.0821,-0.6876,-0.056511,0.33268,0.54236,0.76244,0.99232,1.5094,2.3647,3.1786,4.3697,5.5854,6.4929,7.5617,8.4739,9.048,9.6584,10.094,10.377,10.505,10.558,10.491,10.366,10.068,9.6315,9.0095,8.4018,7.3775,6.0599,4.9199,3.0142,0.58891,-1.363,-4.4435,-8.2791,-11.777,-13.324,-13.644,-12.081,-10.608,-7.8668,-5.2171,-3.5056,-1.2396,0.68753,2.2585,3.2994,4.4778,5.4467,6.0111,6.6412,7.0979,7.381
5.5457,4.6944,3.5495,2.3577,1.4595,0.74182,0.64722,0.83702,1.1711,1.4376,1.5174,1.3066,0.90129,0.22764,-0.52024,-1.7744,-3.278,-4.5698,-6.3464,-7.2923,-6.6795,-5.6044,-3.972,-2.6713,-2.041,-1.6079,-1.7193,-2.1304,-3.2491,-5.0696,-7.9317,-11.123,-18.393,-20.662,-14.684,-10.188,-7.5505,-5.7758,-4.811,-3.6373,-2.6557,-2.0096,-1.2174,-0.52075,-0.055396,0.50494,0.95128,1.2087,1.3749,1.389,1.1647,0.88931,0.47698,0.1426,0.13273,0.55723,1.4551,2.5945,3.452,4.5373,5.4459,5.9548,6.4792,6.7939,6.8666,6.7509,6.3913,5.7539,5.0847,3.9048,2.4727,1.3467,-0.055272,-0.64875,-0.29468,0.20981,0.89373,1.2541,1.2708,0.94216,0.22185,-0.52301,-1.8069,-3.3783,-5.0928,-6.5284,-8.4544,-9.6413,-9.3415,-7.7849,-5.6767,-3.7355,-2.5898,-1.5452,-0.76822,-0.51562,-0.68737,-1.4335,-2.4283,-4.4359,-6.346,-5.1112,-2.5341,0.81632,3.3866,4.8152,6.2745,7.2068,7.6179,7.8017,7.6072,7.0767,6.4551,5.4813,4.5236,4.0582,4.0311,4.801,6.088,7.1891,8.576,9.8091,10.602,11.459,12.055,12.323,12.461,12.315,11.881,11.348,10.407,9.1474,8.0823,6.4574,4.7591,3.5838,2.3774,1.6143,0.91459,0.12837,-1.0672,-2.7757,-4.5476,-6.7335,-6.3919,-3.9855,-2.3926,-0.66441,0.51282,1.0817,1.3579,1.4152,1.5214,1.4728,1.6143,2.157,2.8091,3.8879,5.0716,5.9816,7.0402,7.9122,8.4372,8.9691,9.3072,9.5059,9.5855,9.6286,9.6138,9.585,9.4538,9.2179,8.8022,8.3392,7.476,6.236,5.1402,3.1562,0.47005,-1.9755,-5.9394,-11.692,-20.9,-27.357,-26.991,-32.873,-20.67,-12.705,-7.8115,-5.0674,-2.322,-0.33574,1.1948,2.1615,3.1567,3.9447,4.3839,4.8396,5.1228,5.2401
6.4306,5.9348,5.1819,4.3333,3.6904,2.9533,2.2466,1.7561,1.1314,0.41311,-0.50112,-1.267,-2.3937,-3.8226,-5.2275,-7.0767,-9.3268,-11.805,-16.518,-25.43,-17.816,-12.536,-8.4775,-5.8661,-4.5196,-3.3743,-2.8383,-2.8301,-3.2289,-4.2246,-5.6552,-6.8904,-8.3399,-8.5683,-7.6573,-6.0504,-4.478,-3.054,-2.1404,-1.1216,-0.22426,0.35417,1.0236,1.6025,1.9748,2.3767,2.7125,2.9218,2.9512,3.0196,2.9947,2.9472,2.8732,2.8451,2.8943,3.0429,3.2873,3.6009,3.8639,4.181,4.4555,4.6223,4.737,4.7507,4.6126,4.3803,3.8772,3.0423,2.1632,0.44927,-2.1663,-5.1541,-12.661,-20.751,-8.0768,-4.4462,-1.6797,-0.097523,0.60426,1.0337,1.04,0.82472,0.31653,-0.35793,-1.0977,-1.7229,-2.3416,-2.6507,-2.7122,-2.5451,-2.1052,-1.6447,-1.1587,-0.83153,-0.76032,-0.76916,-1.1776,-2.1809,-3.4091,-5.6766,-8.0299,-6.7925,-3.9501,-0.45936,2.1704,3.6853,5.1631,6.1696,6.6361,6.9519,6.9372,6.6694,6.3478,5.843,5.3792,5.1436,5.0934,5.3998,6.0493,6.696,7.681,8.6816,9.3833,10.178,10.787,11.1,11.321,11.313,11.079,10.759,10.154,9.3889,8.7831,7.8216,6.8501,6.1613,5.2821,4.4256,3.7049,3.164,2.3471,1.5884,1.2098,0.78351,0.64063,0.80719,1.0457,1.2285,1.2517,1.1595,0.62639,-0.38269,-1.4761,-3.2017,-4.9658,-5.0054,-3.4713,-0.8515,1.4189,2.7742,4.1844,5.119,5.554,5.8367,5.8213,5.6029,5.3868,5.2019,5.2568,5.4682,5.8879,6.2685,6.4736,6.4498,6.1286,5.4366,4.7075,3.2739,1.4161,-0.084924,-2.548,-5.3855,-8.1898,-9.9295,-11.41,-11.54,-10.642,-8.4096,-6.0869,-4.7263,-3.2952,-2.1535,-1.272,-0.80977,-0.36269,-0.0083495,0.26916,0.42251,0.38306,0.1372
6.7298,6.2706,5.4548,4.5374,3.8624,2.9009,1.8668,1.0492,-0.086721,-1.3612,-2.8088,-3.9209,-5.7748,-7.9752,-9.6625,-11.9,-13.581,-14.204,-13.92,-12.81,-10.999,-9.4328,-7.2112,-5.2445,-4.0183,-2.7718,-1.9283,-1.5595,-1.3452,-1.3908,-1.6299,-1.8198,-2.003,-1.9967,-1.8385,-1.4589,-0.90954,-0.32594,0.16461,0.77565,1.3709,1.8073,2.3271,2.7795,3.0649,3.3536,3.5426,3.6687,3.6793,3.6252,3.5525,3.4796,3.3641,3.2648,3.1819,3.0887,2.9985,2.8962,2.8099,2.6432,2.447,2.3321,2.1697,2.0301,1.9452,1.8977,1.7349,1.422,1.0186,0.25568,-0.7857,-1.7304,-2.7573,-2.9057,-2.0239,-1.0102,0.27699,1.3036,1.8408,2.2711,2.4073,2.3305,2.0619,1.6575,1.1469,0.75879,0.27477,-0.17323,-0.46413,-0.64505,-0.68986,-0.64248,-0.54003,-0.29371,-0.16677,-0.14067,-0.12807,-0.18762,-0.25552,-0.26844,-0.0093716,0.67942,1.4323,2.6474,3.8892,4.723,5.6263,6.2833,6.5716,6.6843,6.4922,5.9893,5.4431,4.4803,3.3422,2.4707,1.6785,1.7167,2.6575,3.7227,5.2846,6.7241,7.6488,8.6705,9.4413,9.8554,10.178,10.273,10.152,9.9512,9.5086,8.9605,8.4505,7.7507,7.061,6.5733,5.9584,5.4028,4.9158,4.6777,4.3681,4.061,3.8515,3.6863,3.5266,3.3611,3.2703,3.0317,2.5862,2.0326,1.0872,-0.3509,-1.9918,-5.1351,-9.5036,-10.439,-6.8525,-2.7276,0.012652,1.4105,2.7052,3.4035,3.5581,3.2635,2.3777,0.78144,-0.89518,-3.2629,-3.3838,-1.5817,1.1701,3.2471,4.6315,5.2778,5.6936,5.7025,5.3944,4.727,3.8169,3.0813,1.7897,0.44194,-0.7843,-1.5341,-2.3438,-2.795,-2.8596,-2.8122,-2.7411,-2.7557,-2.8525,-3.2088,-3.8505,-4.4665,-5.0333,-5.1436,-4.8688,-4.3293,-4.005,-4.2544
6.6496,5.9813,4.9868,3.9299,3.0931,1.8199,0.50652,-0.47108,-1.8978,-3.3671,-4.8338,-6.0232,-8.1144,-10.904,-13.521,-19.292,-43.093,-22.091,-14.953,-11.05,-8.2746,-6.4998,-4.513,-2.836,-1.812,-0.62939,0.24106,0.73827,1.1579,1.4139,1.4964,1.465,1.3763,1.2518,1.1203,1.0287,1.0039,1.0767,1.2176,1.5549,1.9905,2.3625,2.8666,3.2944,3.5438,3.7587,3.7996,3.7053,3.6167,3.3357,3.0182,2.7805,2.5085,2.2753,2.1105,1.8887,1.6116,1.2139,0.79228,0.10875,-0.7344,-1.4376,-2.1519,-2.3946,-2.0098,-1.4296,-0.55276,0.25425,0.71339,1.1669,1.4596,1.6442,1.8956,2.2277,2.654,3.0336,3.5238,3.9256,4.132,4.2572,4.1857,4.0093,3.6088,3.0379,2.3243,1.7787,0.94628,0.077677,-0.49286,-1.0958,-1.4809,-1.4838,-1.4347,-1.0064,-0.3994,-0.025082,0.51134,1.0804,1.5205,2.0852,2.7291,3.4433,4.0332,4.8417,5.6264,6.1535,6.7578,7.1454,7.2866,7.2194,6.8333,6.0599,5.167,3.446,0.84099,-2.1113,-9.3032,-14.21,-3.9189,-0.1742,3.0436,5.2306,6.4569,7.6885,8.5469,8.9903,9.3406,9.4321,9.2868,9.0343,8.5431,7.8816,7.2527,6.4628,5.7072,5.2085,4.729,4.5476,4.4933,4.4959,4.6621,4.8364,4.8814,4.9473,4.988,4.9472,4.8261,4.6415,4.3317,3.9796,3.3716,2.6173,2.0683,1.2704,0.68841,0.63129,0.9589,1.7127,2.5676,3.1189,3.6444,3.8779,3.8065,3.306,2.2334,0.42188,-1.5621,-4.7377,-4.9318,-2.3133,1.13,3.6115,5.28,6.1308,6.8375,7.1415,7.1319,6.9433,6.5342,6.0521,5.3557,4.632,3.9163,3.3714,2.6914,2.0836,1.6512,0.99966,0.22803,-0.40989,-1.5799,-3.3339,-6.0501,-9.1573,-16.292,-18.252,-12.148,-7.6134,-5.3388,-4.3117
5.6829,4.788,3.5821,2.2421,1.0993,-0.59349,-2.3658,-3.7203,-5.389,-6.596,-7.4539,-8.0946,-8.817,-9.5579,-10.081,-10.837,-10.925,-10.292,-8.6097,-6.5669,-4.6039,-3.292,-1.6852,-0.30379,0.61013,1.6014,2.3976,2.8577,3.3029,3.5321,3.5841,3.4866,3.1783,2.6673,2.164,1.3313,0.38589,-0.3804,-0.68585,-0.44158,0.39551,1.1612,2.1444,2.8976,3.2564,3.4583,3.3433,2.8824,2.3546,1.537,0.61394,-0.0078469,-0.56773,-0.78332,-0.74249,-0.65391,-0.70959,-1.0662,-1.616,-2.821,-4.7719,-7.0429,-11.866,-16.106,-10.336,-6.6883,-3.3468,-1.0989,0.18652,1.4805,2.484,3.1406,3.8672,4.4725,4.9923,5.3131,5.6583,5.8622,5.9127,5.8137,5.5125,5.1541,4.4791,3.5699,2.4435,1.4326,-0.13376,-1.8699,-3.2163,-5.103,-6.4304,-6.4614,-5.6237,-4.2343,-2.6364,-1.5029,-0.29261,0.7009,1.365,2.2038,3.0133,3.8365,4.4813,5.3359,6.1613,6.7483,7.4012,7.8565,8.0603,8.1093,7.8551,7.2743,6.6003,5.3678,3.7807,2.4844,0.99262,0.59054,1.5158,2.601,4.1153,5.441,6.2829,7.1734,7.8245,8.1569,8.3984,8.3822,8.1033,7.6883,6.9182,5.8017,4.819,3.2492,1.536,0.42456,-0.18711,0.33238,1.5021,2.2954,3.2383,4.0082,4.4722,4.8374,5.0804,5.2402,5.2768,5.2766,5.2467,5.2463,5.1117,4.9114,4.7274,4.5576,4.4129,4.3391,4.3448,4.4299,4.588,4.7426,4.909,5.0208,5.0527,5.0044,4.8254,4.5676,4.399,4.3536,4.6946,5.1964,6.1106,7.0565,7.8673,8.3341,8.7498,8.9109,8.9412,8.7763,8.4387,8.0527,7.5721,7.0501,6.4871,6.0449,5.4722,4.8753,4.3694,3.6623,2.8646,2.1605,0.96683,-0.53883,-2.3219,-3.721,-5.2783,-5.5959,-4.9014,-3.4023,-2.0116,-0.94644
3.4556,2.51,1.1381,-0.49336,-2.0112,-4.2052,-6.9504,-9.7656,-14.019,-16.203,-14.068,-12.158,-10.055,-8.6757,-7.9756,-7.1999,-6.3188,-5.4521,-4.2773,-3.0001,-1.7362,-0.80413,0.40539,1.4807,2.2136,3.0243,3.7031,4.1045,4.514,4.7195,4.7191,4.5735,4.1096,3.272,2.3686,0.53538,-2.339,-7.134,-12.603,-9.7598,-3.8073,-1.1166,1.1543,2.4865,3.0078,3.1607,2.7589,1.7918,0.55423,-1.6548,-4.7199,-7.4097,-9.6595,-7.945,-6.0866,-4.2672,-3.2439,-2.8691,-2.9305,-3.5531,-4.703,-5.8428,-7.4388,-8.0049,-6.6652,-5.0129,-2.8828,-1.1029,0.037825,1.3456,2.4805,3.2197,4.1406,4.9608,5.6594,6.0698,6.4733,6.6813,6.6915,6.493,6.042,5.5187,4.5801,3.349,1.8229,0.38793,-1.8299,-4.4978,-6.9612,-11.844,-22.248,-19.386,-12.529,-8.0564,-5.1962,-3.5395,-2.0716,-1.0819,-0.53388,0.1267,0.80532,1.682,2.4839,3.7275,5.0287,5.9478,7.0187,7.8923,8.3651,8.7518,8.8485,8.6669,8.3624,7.7718,7.0252,6.4346,5.69,5.1156,4.7785,4.715,4.8143,5.1221,5.4383,5.9422,6.4267,6.7019,6.8945,6.8454,6.5039,6.0459,5.0729,3.6654,2.3407,-0.32109,-4.6118,-10.535,-21.993,-7.2608,-2.3274,-0.18025,1.539,2.5657,3.0921,3.4401,3.5522,3.6297,3.7908,4.024,4.3487,4.6147,4.97,5.2315,5.2877,5.2899,5.2029,5.0035,4.8031,4.5137,4.2604,4.17,4.2464,4.5428,4.8933,5.466,6.0827,6.6749,7.1025,7.6573,8.1984,8.6099,9.1101,9.5445,9.8702,10.014,10.06,9.9418,9.7466,9.326,8.8028,8.4344,7.8769,7.3151,6.7879,6.4567,6.0508,5.6489,5.3237,4.8823,4.3681,3.9023,3.207,2.475,1.7793,1.3678,0.96767,0.89126,0.98286,1.3469,1.8824,2.4388
0.18114,-0.85059,-2.3134,-3.6823,-4.7363,-6.1739,-8.2072,-10.119,-13.064,-14.366,-12.811,-10.984,-9.2471,-7.9629,-7.1442,-6.0492,-4.9338,-4.0958,-2.8732,-1.6588,-0.45864,0.41096,1.3855,2.2411,2.7773,3.4612,4.0416,4.4391,4.887,5.2616,5.4748,5.5085,5.342,4.8673,4.256,3.0941,1.5444,-0.16785,-1.0295,-0.67917,0.90506,2.172,3.5099,4.3275,4.6065,4.5053,3.8428,2.6262,1.3751,-1.0497,-4.3568,-7.2537,-9.634,-8.2074,-6.5259,-4.7964,-3.7251,-3.0815,-2.8048,-2.6283,-2.6491,-2.7322,-2.7664,-2.6276,-2.3272,-2.0362,-1.5271,-0.96542,-0.51948,0.23406,1.1715,1.9561,3.1411,4.3192,5.3623,6.0184,6.6557,7.0159,7.0875,6.9147,6.4123,5.8108,4.6917,3.2125,1.356,-0.29094,-2.6825,-5.1545,-6.9387,-8.7377,-9.4407,-9.0048,-7.6754,-5.9952,-4.5722,-3.8084,-3.1056,-2.9475,-3.2391,-4.1437,-5.1169,-4.752,-3.0606,-0.055143,2.7091,4.4274,6.3271,7.7871,8.599,9.3517,9.7703,9.8716,9.7538,9.3657,8.7311,8.0937,7.0541,5.7982,4.3726,3.2979,2.0918,1.6633,1.9971,2.9843,4.0281,4.6478,5.1515,5.2871,5.0687,4.7337,3.9969,3.0805,2.2501,0.9363,-0.36034,-1.1093,-1.3806,-0.74428,0.39619,1.3244,2.0599,2.249,1.9826,1.3333,0.30502,-0.69926,-0.88213,-0.043383,1.3895,2.3969,3.6136,4.458,4.8734,5.0138,4.8059,4.2591,3.6159,2.4515,1.0294,0.0075245,-0.44517,0.63681,2.0274,3.961,5.6816,7.1012,7.9835,8.9559,9.7228,10.182,10.63,10.896,10.972,10.899,10.614,10.127,9.5694,8.7018,7.7053,6.9854,5.9603,5.1315,4.6657,4.5418,4.542,4.6278,4.7122,4.688,4.5137,4.2925,3.9723,3.6317,3.2857,3.0532,2.8827,2.916,3.1048,3.4521,3.8752,4.3068
-4.0541,-6.8864,-9.9934,-8.7826,-6.8761,-5.6345,-5.2353,-5.2674,-5.4077,-5.6678,-5.8011,-6.094,-6.3726,-6.7749,-6.9241,-6.7444,-5.734,-4.594,-2.7186,-0.98905,0.45809,1.2721,2.0624,2.5774,2.8323,3.1215,3.4876,3.8909,4.6144,5.4758,6.3149,6.8395,7.3675,7.6732,7.7325,7.6807,7.534,7.3803,7.358,7.4747,7.7617,8.0174,8.3089,8.4296,8.3614,8.0232,7.3697,6.3669,5.4228,3.9414,2.3368,1.1589,-0.24831,-1.3351,-1.9263,-2.5275,-2.8348,-2.7415,-2.464,-1.8308,-1.1881,-0.7972,-0.4539,-0.32347,-0.41321,-0.65869,-1.2838,-2.2387,-3.1039,-3.92,-3.1272,-1.3733,1.2071,3.5182,5.3607,6.455,7.4983,8.1229,8.3317,8.2702,7.8182,7.2253,6.0618,4.4425,2.2622,0.22804,-3.2443,-8.0228,-12.709,-13.595,-9.2325,-6.3529,-4.5888,-2.8818,-1.8863,-1.5359,-1.4008,-1.8992,-2.7865,-5.0397,-8.9635,-10.795,-6.3147,-0.90858,2.8982,5.1066,7.3644,9.0466,10.012,10.956,11.533,11.769,11.733,11.393,10.724,9.9744,8.6133,6.6988,3.9576,0.92002,-6.2353,-17.434,-5.3114,0.1904,2.8802,4.0392,4.7944,4.8763,4.4781,3.9312,3.1754,2.5436,2.174,2.2174,2.584,2.9816,3.5329,4.0516,4.456,4.6384,4.6321,4.1398,3.3141,1.4097,-1.908,-8.6837,-21.004,-6.0767,-0.49152,1.8152,3.8149,4.9943,5.5414,5.7785,5.5089,4.7461,3.7879,1.7833,-1.5457,-5.733,-14.452,-4.6166,-0.10404,3.6887,6.2331,8.0965,9.1849,10.322,11.178,11.642,12.075,12.264,12.2,11.978,11.428,10.54,9.6266,8.096,6.0902,4.1433,1.1548,-1.2987,-1.2784,-0.1113,1.6354,2.9726,3.6506,4.1668,4.3425,4.2968,3.9986,3.4773,2.8534,2.3971,2.1108,2.2872,2.7887,3.693,4.6313,5.4632
-2.0756,-4.4771,-6.5641,-5.1229,-3.4866,-1.7117,-0.63706,-0.24962,-0.12231,-0.39793,-1.0124,-1.7918,-3.33,-5.9943,-9.3444,-22.202,-12.751,-6.542,-2.1775,0.46881,2.0552,2.7141,3.0499,2.6806,1.991,0.45089,-0.90067,-0.66728,1.6202,4.3119,6.5666,7.9073,9.2727,10.263,10.832,11.371,11.739,12.019,12.191,12.375,12.509,12.574,12.586,12.481,12.293,11.89,11.311,10.522,9.7545,8.5738,7.1979,6.0073,4.1901,2.0071,0.0027603,-3.4211,-7.4306,-7.891,-5.3531,-2.3448,-0.30261,0.72191,1.4926,1.7216,1.5022,1.0539,-0.10134,-2.1701,-4.6225,-10.222,-9.3948,-3.9033,1.0862,4.418,6.7486,8.0278,9.2646,10.019,10.303,10.332,9.9933,9.4955,8.5278,7.1743,5.4092,3.8684,1.3864,-1.4431,-3.3277,-3.8971,-2.4581,-0.72485,0.32725,1.431,2.1226,2.414,2.4138,2.1138,1.7633,1.3982,1.338,1.9558,2.939,4.7344,6.7352,8.1803,9.9295,11.365,12.252,13.146,13.717,13.983,13.99,13.746,13.213,12.628,11.584,10.237,8.5993,7.2487,5.6368,4.8703,5.0376,5.8127,6.5419,6.8216,6.7133,5.9667,4.472,2.7155,-0.507,-4.0162,-3.5138,0.19016,3.168,4.7821,6.402,7.5572,8.2547,8.4421,8.4657,8.153,7.7325,6.7867,5.604,4.5526,4.1832,4.4886,5.3714,6.1041,6.8532,7.3338,7.4678,7.5146,7.3358,6.9201,6.4631,5.6946,4.8625,4.3487,4.2642,5.0195,5.9767,7.4052,8.766,9.9729,10.757,11.661,12.393,12.83,13.243,13.441,13.388,13.153,12.556,11.57,10.603,8.8252,6.3966,3.8436,-0.53276,-5.6549,-4.8667,-1.9505,0.91026,2.6503,3.4527,4.1441,4.4126,4.3418,3.7489,2.5079,0.46962,-1.7163,-5.1234,-4.4865,-1.4738,2.1792,4.7624,6.5103
1.2162,0.64162,0.23208,0.16456,0.2873,0.5652,0.78858,0.86913,0.77952,0.54547,0.043496,-0.39457,-1.2916,-2.3795,-3.2048,-3.6859,-3.0429,-2.0385,-0.44475,0.90385,1.76,2.0656,1.898,0.98474,-0.32,-3.2004,-7.3196,-7.636,-2.7712,1.2418,4.0207,5.5443,7.0949,8.2414,8.9151,9.6036,10.123,10.524,10.75,10.99,11.144,11.202,11.196,11.09,10.939,10.62,10.149,9.5384,8.9884,8.0675,6.9183,5.8858,4.2509,2.2091,0.31922,-2.6764,-5.6313,-6.1884,-4.8321,-2.726,-1.2195,-0.4786,0.014328,0.098997,-0.14141,-0.45777,-0.94881,-1.413,-1.6299,-1.4753,-0.58244,0.60696,2.4046,4.1791,5.7207,6.6361,7.5709,8.1375,8.3343,8.3172,8.0061,7.6025,6.8741,5.9696,4.9617,4.1917,3.1936,2.3508,1.8742,1.6149,1.6681,1.9811,2.1244,2.253,2.2517,2.1084,1.625,0.93611,0.36152,-0.24432,-0.32142,0.46173,1.5371,3.3229,5.202,6.5359,8.1188,9.4202,10.204,10.967,11.437,11.636,11.624,11.434,11.068,10.719,10.157,9.5387,8.9112,8.4669,7.9871,7.6487,7.5,7.345,7.1356,6.8414,6.2068,5.1732,3.602,2.011,-0.55211,-2.6415,-2.4954,0.046188,2.6369,4.2005,5.7988,6.9625,7.7585,8.1548,8.4026,8.3968,8.2402,7.9365,7.5262,7.0962,6.7548,6.3833,6.0365,5.8413,5.4753,5.0475,4.6779,4.2805,4.0791,4.0726,4.1573,4.3438,4.544,4.6837,4.9254,5.2234,5.4682,5.8082,6.1719,6.5747,6.9407,7.54,8.2333,8.7731,9.3894,9.8291,10.016,9.9586,9.5931,8.8956,8.1882,6.889,5.3094,3.8818,2.1426,0.70034,-0.15442,-0.4331,-0.54069,-0.38569,-0.099776,0.29357,0.60338,0.66913,0.48691,-0.1746,-1.5086,-2.8765,-4.6163,-4.0131,-1.9378,0.95056,3.1829,4.7489
