-4.0466,-3.757,-3.3898,-3.0674,-2.852,-2.5939,-2.354,-2.1868,-1.9876,-1.792,-1.6082,-1.4829,-1.3151,-1.1435,-1.0071,-0.79218,-0.54968,-0.3514,-0.064259,0.25469,0.59222,0.85211,1.1958,1.5291,1.7652,2.0571,2.3062,2.4581,2.6237,2.7479,2.8252,2.8473,2.8174,2.7191,2.5983,2.3812,2.0964,1.7415,1.4324,0.9479,0.38048,-0.096205,-0.80204,-1.6005,-2.2592,-3.2137,-4.228,-5.2829,-6.077,-7.0653,-7.7546,-7.936,-7.6003,-6.7606,-5.9596,-4.7964,-3.6283,-2.5715,-1.8672,-1.0472,-0.35,0.089371,0.54936,0.85717,0.98183,0.97885,0.8536,0.58608,0.26049,-0.37539,-1.2759,-2.17,-3.7412,-5.897,-8.8708,-11.682,-13.782,-10.463,-7.5252,-4.4723,-2.1842,-0.8277,0.63562,1.7968,2.738,3.333,4.0141,4.6052,5.0176,5.5457,6.0742,6.6116,7.0202,7.5824,8.1548,8.5796,9.1286,9.6433,9.9973,10.418,10.775,11.059,11.22,11.369,11.437,11.435,11.359,11.2,11.027,10.729,10.359,9.9192,9.5463,8.9971,8.3931,7.9082,7.2259,6.515,5.7847,5.229,4.4945,3.7883,3.282,2.6414,2.0493,1.6493,1.1798,0.79518,0.51203,0.34649,0.1605,0.017786,-0.070457,-0.17948,-0.31692,-0.45904,-0.69403,-0.98648,-1.3534,-1.7033,-2.2972,-3.0671,-3.7293,-4.7031,-5.7654,-6.9634,-7.9846,-9.5016,-11.159,-12.362,-13.617,-14.086,-13.879,-12.975,-11.814,-10.743,-10.035,-9.2779,-8.7271,-8.4519,-8.2545,-8.2387,-8.3351,-8.6118,-9.1019,-9.8013,-10.451,-11.531,-12.921,-14.16,-15.985,-17.497,-17.565,-16.447,-14.339,-12.16,-10.697,-9.0115,-7.5412,-6.5719,-5.4381,-4.4472,-3.5746,-2.9936,-2.3066,-1.7272,-1.3456,-0.92107,-0.56334,-0.34641,-0.12369,0.032231,0.13129,0.17593,0.19674,0.17991,0.1472,0.094162,0.039912,-0.0058633
-3.1917,-2.4468,-1.6082,-0.94603,-0.55764,-0.18385,0.0252,0.068188,-0.035455,-0.33496,-0.86643,-1.4446,-2.5104,-4.0138,-5.5523,-8.4665,-13.174,-18.312,-15.148,-9.1036,-5.3288,-3.281,-1.1782,0.44127,1.4264,2.4988,3.3521,3.8749,4.4385,4.8682,5.1828,5.3546,5.5076,5.5792,5.5846,5.532,5.4155,5.2413,5.0756,4.8132,4.5023,4.2412,3.8642,3.4604,3.1466,2.7279,2.3327,1.9953,1.797,1.6286,1.5995,1.6786,1.9248,2.329,2.7246,3.3454,4.0335,4.7533,5.2986,6.0091,6.6762,7.1348,7.6828,8.1522,8.5319,8.7525,8.9597,9.0713,9.0942,9.0537,8.9363,8.8054,8.5943,8.3729,8.1781,8.0728,8.0106,8.0487,8.136,8.3084,8.4969,8.6146,8.6996,8.6592,8.4464,8.1443,7.5079,6.5369,5.5274,3.7002,1.2347,-1.2809,-1.4519,1.345,4.6163,6.6664,8.8727,10.601,11.651,12.782,13.654,14.303,14.659,14.973,15.117,15.117,14.981,14.693,14.379,13.831,13.133,12.281,11.537,10.397,9.0767,7.9541,6.2628,4.3263,2.1276,0.32965,-2.0494,-3.7007,-3.9,-2.965,-1.5506,-0.53459,0.62329,1.546,2.2652,2.6969,3.1435,3.4615,3.6215,3.7418,3.7615,3.7229,3.5979,3.3852,3.086,2.8124,2.4047,1.9608,1.6078,1.1289,0.65312,0.19421,-0.12233,-0.49007,-0.795,-0.9796,-1.1595,-1.2612,-1.2911,-1.287,-1.2462,-1.1885,-1.1423,-1.0946,-1.0839,-1.1101,-1.1971,-1.3578,-1.5262,-1.8144,-2.1778,-2.6131,-2.9844,-3.5237,-4.0855,-4.5004,-4.9867,-5.3482,-5.5299,-5.5419,-5.3892,-5.0735,-4.7512,-4.2464,-3.6831,-3.2379,-2.6254,-1.9831,-1.3176,-0.81617,-0.15227,0.49107,0.94107,1.4811,1.9319,2.1998,2.4498,2.5565,2.5037,2.3432,1.9487,1.3104,0.64619,-0.56369,-2.2764,-4.7614
-3.4521,-2.6495,-1.7202,-0.95991,-0.49707,-0.011812,0.32819,0.49411,0.59919,0.57732,0.44119,0.27217,-0.029654,-0.38969,-0.66865,-1.0084,-1.2544,-1.3407,-1.2926,-1.0418,-0.64785,-0.29771,0.1827,0.63533,0.92454,1.225,1.4155,1.4779,1.4631,1.342,1.1332,0.93523,0.6484,0.38497,0.2261,0.098695,0.087586,0.18187,0.29424,0.45414,0.57117,0.60725,0.54668,0.33262,0.045754,-0.54182,-1.4194,-2.6872,-3.9903,-6.4662,-10.584,-16.528,-21.311,-10.141,-6.0929,-2.4401,0.21333,2.2794,3.5675,5.0206,6.2366,7.0174,7.9091,8.6545,9.275,9.6645,10.092,10.429,10.63,10.839,10.99,11.075,11.155,11.217,11.275,11.319,11.381,11.45,11.509,11.597,11.689,11.758,11.842,11.914,11.97,12.001,12.03,12.051,12.072,12.12,12.213,12.374,12.548,12.858,13.245,13.572,14.034,14.494,14.816,15.192,15.486,15.678,15.748,15.735,15.593,15.397,15.015,14.491,14.004,13.228,12.305,11.238,10.345,9.0327,7.5917,6.4392,4.8452,3.2416,1.7301,0.74203,-0.26282,-0.79978,-0.89722,-0.71698,-0.31686,0.057195,0.56701,1.0327,1.4257,1.666,1.9023,2.0301,2.0377,1.9385,1.7217,1.4882,1.0719,0.52425,-0.15999,-0.758,-1.6837,-2.731,-3.5713,-4.7483,-5.8978,-6.849,-7.3193,-7.5152,-7.2464,-6.8334,-6.1462,-5.4161,-4.8933,-4.2719,-3.7518,-3.3381,-3.0939,-2.8533,-2.7026,-2.6499,-2.6524,-2.7178,-2.7971,-2.9363,-3.0911,-3.2508,-3.3661,-3.5125,-3.6464,-3.737,-3.8636,-4.0115,-4.1997,-4.3872,-4.7387,-5.257,-5.7784,-6.748,-8.1804,-9.7253,-12.799,-18.141,-20.855,-15.081,-9.6439,-6.0669,-4.0501,-1.9324,-0.28555,0.70971,1.7758,2.5911,3.1923,3.5106,3.784,3.9034,3.9064,3.8175,3.6523,3.4553
-0.8886,-0.57221,-0.21895,0.054324,0.20839,0.34485,0.4096,0.41873,0.38206,0.31293,0.22334,0.15738,0.072729,0.012708,-0.010632,-0.0039715,0.039445,0.0915,0.19113,0.31165,0.43221,0.50623,0.57381,0.57444,0.5179,0.34593,0.028806,-0.32025,-0.97404,-1.8788,-3.1287,-4.3703,-6.6204,-10.025,-14.211,-29.949,-16.894,-10.131,-7.2202,-4.5425,-2.6519,-1.5768,-0.46983,0.34551,0.80649,1.2481,1.5272,1.6858,1.753,1.8195,1.9197,2.0588,2.3765,2.8645,3.3363,4.0716,4.8785,5.6954,6.2863,7.0268,7.6947,8.145,8.6672,9.0925,9.4211,9.6041,9.7607,9.8237,9.8166,9.7411,9.6013,9.4655,9.2655,9.0719,8.9278,8.8639,8.8505,8.9268,9.0417,9.2558,9.5136,9.7232,10.007,10.284,10.553,10.752,11.023,11.315,11.559,11.928,12.352,12.829,13.215,13.759,14.31,14.715,15.228,15.69,15.992,16.321,16.55,16.667,16.675,16.571,16.33,16.056,15.558,14.907,14.315,13.38,12.277,11.005,9.9358,8.3513,6.5823,5.137,3.0672,0.86081,-1.3759,-2.9145,-4.3871,-4.8235,-4.522,-3.694,-2.7305,-2.0427,-1.2463,-0.61109,-0.13329,0.13109,0.37105,0.4832,0.46605,0.30896,0.015193,-0.29034,-0.82488,-1.5248,-2.3992,-3.1882,-4.4402,-5.9574,-7.3039,-9.4464,-11.963,-14.518,-15.686,-15.086,-13.066,-11.514,-9.7274,-8.2772,-7.3895,-6.4245,-5.686,-5.1638,-4.9036,-4.7298,-4.7664,-4.9451,-5.398,-6.1143,-6.8298,-8.0437,-9.4964,-10.847,-11.403,-11.015,-9.5978,-8.314,-6.6846,-5.3064,-4.1912,-3.5192,-2.82,-2.317,-2.0527,-1.82,-1.7081,-1.6569,-1.5776,-1.41,-1.0874,-0.70776,-0.025053,0.81001,1.4866,2.3916,3.2528,3.8444,4.5405,5.1319,5.6176,5.9087,6.2072,6.4106,6.5076,6.5747,6.5761,6.5266
1.9928,1.9308,1.7474,1.4555,1.1612,0.66744,0.073948,-0.44016,-1.1721,-1.9136,-2.5677,-2.9435,-3.1943,-3.1402,-2.9072,-2.4287,-1.8449,-1.3908,-0.7944,-0.2486,0.22045,0.51664,0.82848,1.0426,1.1381,1.1648,1.0735,0.91712,0.60691,0.17926,-0.3506,-0.79188,-1.3877,-1.8936,-2.1546,-2.2389,-1.9625,-1.3576,-0.72863,0.23894,1.242,1.9767,2.899,3.7386,4.3091,4.9857,5.5622,6.0523,6.3687,6.7359,7.0574,7.2773,7.556,7.8278,8.031,8.3088,8.5994,8.8928,9.109,9.3995,9.6803,9.8772,10.107,10.279,10.372,10.378,10.279,10.031,9.7347,9.1605,8.3363,7.5223,6.1264,4.3217,2.1449,0.53165,-0.35628,1.0201,2.6812,4.7326,6.3307,7.2249,8.0545,8.5014,8.5964,8.4562,8.0141,7.3806,6.9321,6.74,7.4254,8.9178,10.28,12.101,13.753,14.844,16.094,17.119,17.751,18.42,18.901,19.2,19.31,19.306,19.134,18.895,18.43,17.798,17.215,16.287,15.187,13.908,12.828,11.21,9.3805,7.8633,5.6531,3.2586,0.84482,-0.71754,-1.9945,-2.1177,-1.7136,-1.0186,-0.41186,-0.060589,0.25715,0.40853,0.43045,0.37605,0.27224,0.15433,0.041979,-0.11787,-0.28825,-0.42649,-0.65418,-0.95614,-1.367,-1.7619,-2.3827,-3.1284,-3.7598,-4.6645,-5.6217,-6.5394,-7.1744,-7.8552,-8.294,-8.3865,-8.1504,-7.4825,-6.7858,-5.7257,-4.6709,-3.7557,-3.1892,-2.6197,-2.2841,-2.1919,-2.3005,-2.6591,-3.1012,-3.9024,-4.8461,-5.6668,-5.9545,-5.6306,-4.5547,-3.4745,-1.9786,-0.58829,0.62959,1.4231,2.3383,3.1101,3.6035,4.1726,4.6581,4.984,5.3811,5.7472,6.0969,6.3536,6.6968,7.034,7.2811,7.596,7.8896,8.0902,8.3183,8.5023,8.6388,8.7037,8.744,8.7308,8.6884,8.5893,8.4453,8.2631
4.1361,3.8049,3.2583,2.5767,1.9461,0.90804,-0.40458,-1.6275,-3.6884,-6.5199,-10.781,-16.268,-29.665,-14.363,-10.318,-7.0848,-4.9897,-3.8529,-2.6655,-1.7011,-0.88047,-0.32211,0.34458,0.93514,1.32,1.7242,1.9775,2.0581,2.0435,1.8632,1.5311,1.2074,0.69385,0.19233,-0.11768,-0.32831,-0.18523,0.34057,0.96855,2.0277,3.1887,4.0643,5.189,6.2158,6.908,7.7147,8.3784,8.9069,9.2214,9.5283,9.7091,9.7661,9.7361,9.5983,9.4314,9.1566,8.8682,8.6177,8.5031,8.5121,8.7328,9.0196,9.5037,10.03,10.52,10.825,11.112,11.233,11.203,10.983,10.539,10.057,9.2155,8.1839,7.1162,6.5069,6.3343,6.9895,7.848,9.1422,10.326,11.043,11.733,12.096,12.11,11.877,11.217,10.161,9.1874,8.1071,8.3783,10.321,12.182,14.543,16.56,17.838,19.26,20.395,21.081,21.797,22.307,22.626,22.747,22.759,22.608,22.391,21.969,21.401,20.883,20.075,19.141,18.092,17.235,16.006,14.701,13.692,12.332,10.985,9.6929,8.7797,7.6365,6.5924,5.8656,4.9358,4.0103,3.2911,2.2578,1.082,-0.32761,-1.5457,-3.28,-4.791,-5.4004,-5.0848,-3.8375,-2.7455,-1.4563,-0.44362,0.25129,0.56491,0.74266,0.63936,0.38012,-0.20957,-1.1016,-2.3495,-3.6009,-5.8305,-9.0952,-12.383,-15.008,-10.703,-7.4064,-4.1696,-1.8347,-0.088974,0.93753,2.0026,2.7871,3.2242,3.6435,3.9228,4.0516,4.154,4.2222,4.3146,4.4094,4.5997,4.8676,5.1272,5.5306,5.9699,6.426,6.7698,7.2231,7.6596,7.9702,8.3612,8.7202,8.962,9.2509,9.4947,9.6961,9.8188,9.9469,10.03,10.064,10.069,10.036,9.9905,9.9024,9.7849,9.6414,9.513,9.3108,9.0721,8.8653,8.542,8.1664,7.7481
3.7801,3.3751,2.8197,2.2352,1.7601,1.0929,0.35005,-0.26948,-1.1811,-2.1425,-3.0553,-3.6004,-4.0491,-4.182,-4.1728,-4.2022,-4.4651,-4.8706,-5.7102,-6.6279,-6.8445,-6.0017,-3.9803,-1.826,-0.42285,1.0733,2.1408,2.6744,3.047,3.0234,2.59,1.9821,0.6843,-1.3577,-3.6834,-8.97,-28.928,-9.8453,-4.5759,-0.39939,2.3811,3.9762,5.6822,7.047,7.8852,8.8057,9.5298,10.077,10.372,10.602,10.639,10.525,10.157,9.5033,8.7752,7.4089,5.4254,2.4867,-0.67655,-5.44,-2.4423,1.3117,4.8624,7.2779,9.0057,9.9882,10.979,11.7,12.102,12.492,12.758,12.911,13.078,13.237,13.431,13.623,13.963,14.379,14.748,15.303,15.875,16.286,16.792,17.235,17.608,17.845,18.123,18.393,18.615,18.977,19.448,20.04,20.552,21.291,22.043,22.588,23.259,23.84,24.201,24.576,24.821,24.934,24.931,24.81,24.558,24.284,23.81,23.216,22.694,21.902,21.005,20.017,19.222,18.094,16.891,15.942,14.625,13.252,11.832,10.75,9.2904,7.834,6.7716,5.4197,4.1519,3.256,2.1047,0.99287,-0.30739,-1.496,-3.281,-4.9975,-5.6614,-4.8563,-2.7464,-1.0806,0.85585,2.3967,3.5837,4.2527,4.9001,5.3009,5.4625,5.4979,5.3703,5.1172,4.8664,4.5172,4.2125,4.0791,4.0536,4.2503,4.5361,5.0301,5.579,6.1179,6.4942,6.9414,7.2976,7.5039,7.7067,7.826,7.8687,7.8772,7.8351,7.7529,7.6744,7.5807,7.4856,7.435,7.4003,7.4087,7.4793,7.5795,7.7763,8.0332,8.2593,8.5901,8.9279,9.1684,9.4596,9.6816,9.8168,9.852,9.7987,9.6229,9.407,9.0149,8.5321,8.1285,7.5777,7.0831,6.705,6.5135,6.35,6.2181,6.0754,5.741,5.1714,4.2654
-2.3643,-2.8846,-3.3748,-3.5911,-3.5618,-3.2967,-2.854,-2.4671,-1.937,-1.4675,-1.1007,-0.87661,-0.69163,-0.6554,-0.75025,-1.0831,-1.6853,-2.3504,-3.5452,-4.8683,-5.51,-4.9357,-3.037,-0.84836,0.62483,2.2177,3.4162,4.0839,4.6809,4.9582,4.9641,4.8012,4.3921,3.8312,3.3738,2.8539,2.5928,2.6907,2.9846,3.5555,4.2019,4.6863,5.3219,5.9326,6.3926,7.0028,7.6243,8.2266,8.6379,9.0845,9.3789,9.4773,9.4333,9.165,8.807,8.1176,7.2185,6.2306,5.5649,5.0657,5.2393,5.7419,6.6269,7.5122,8.26,8.71,9.156,9.4785,9.671,9.9053,10.184,10.448,10.882,11.416,12.031,12.529,13.214,13.917,14.451,15.158,15.835,16.322,16.947,17.546,18.119,18.53,19.06,19.572,19.945,20.436,20.92,21.392,21.737,22.179,22.591,22.872,23.199,23.462,23.61,23.732,23.758,23.677,23.544,23.263,22.862,22.484,21.875,21.155,20.547,19.654,18.679,17.641,16.828,15.7,14.508,13.565,12.224,10.744,9.0672,7.6549,5.4732,2.8361,0.51098,-3.0427,-6.0312,-6.2309,-4.3863,-2.4211,-0.94762,-0.17557,0.56002,1.1852,1.6537,2.3399,3.1078,3.7202,4.5495,5.3543,6.1033,6.605,7.1748,7.6308,7.8948,8.1472,8.2988,8.3566,8.3493,8.2873,8.1788,8.0853,7.9537,7.8294,7.7453,7.65,7.58,7.5233,7.4894,7.4435,7.3885,7.333,7.2259,7.0581,6.8862,6.5808,6.186,5.6882,5.2491,4.5861,3.8612,3.2986,2.5611,1.9187,1.4591,1.2733,1.317,1.6781,2.1338,2.922,3.7996,4.4463,5.2335,5.8715,6.3189,6.4994,6.4984,6.1933,5.7496,4.7981,3.3427,1.8208,-0.97237,-4.8433,-7.8659,-6.2224,-2.5958,-0.027977,1.235,2.2478,2.6303,2.4728
-17.742,-17.093,-17.573,-19.938,-22.259,-19.138,-13.727,-10.684,-7.6463,-5.4084,-3.735,-2.7637,-1.7751,-1.0595,-0.65457,-0.26894,-0.030016,0.0859,0.21199,0.36702,0.61259,0.87509,1.3344,1.8913,2.3441,2.9425,3.4901,3.8485,4.228,4.4872,4.6196,4.6377,4.5645,4.3879,4.1957,3.8593,3.4548,2.9634,2.527,1.8103,0.90185,0.091604,-1.1709,-2.4309,-3.0073,-2.6845,-1.1979,0.64041,1.9246,3.3794,4.5171,5.1715,5.7991,6.1884,6.3516,6.4146,6.3528,6.2053,6.0613,5.8633,5.6625,5.4863,5.2126,4.8616,4.3843,3.9018,3.0574,1.9777,1.028,-0.25445,-1.0943,-1.0319,0.05124,1.7367,3.4652,4.6449,6.0202,7.193,7.9663,8.8574,9.6323,10.181,10.894,11.6,12.311,12.848,13.558,14.246,14.732,15.331,15.868,16.328,16.626,16.96,17.23,17.395,17.569,17.693,17.754,17.784,17.744,17.611,17.434,17.079,16.565,16.064,15.234,14.217,13.34,12.048,10.668,9.3053,8.3713,7.3434,6.5629,6.0797,5.459,4.7274,3.7848,2.9024,1.4599,-0.28414,-1.7134,-3.5514,-4.7607,-4.9132,-4.2315,-3.2944,-2.3871,-1.7509,-1.0529,-0.49388,-0.11646,0.38369,0.92432,1.367,2.0197,2.7109,3.3984,3.9036,4.526,5.0684,5.4105,5.7619,5.9861,6.0743,6.0544,5.9114,5.6429,5.3554,4.8671,4.2738,3.7712,3.0596,2.3633,1.763,1.4194,1.1386,1.0394,1.0444,1.0639,0.99877,0.8502,0.47274,-0.15493,-1.0765,-1.9899,-3.5058,-5.4302,-7.1499,-9.6985,-12.249,-14.396,-15.658,-16.957,-16.541,-14.323,-10.451,-7.0268,-4.9336,-2.6994,-1.0305,0.17572,0.80241,1.3004,1.4328,1.3076,0.83281,0.037378,-0.74082,-1.9133,-2.9607,-3.4099,-3.162,-2.2586,-1.1212,-0.3431,0.53162,1.1677,1.5949
-12.803,-12.703,-12.532,-12.418,-12.153,-11.191,-9.488,-8.0373,-6.1416,-4.4672,-3.0442,-2.1505,-1.172,-0.41784,0.018031,0.45622,0.75583,0.9051,1.0444,1.1498,1.2529,1.35,1.5347,1.7841,2.0132,2.367,2.7564,3.0493,3.4108,3.7225,3.9535,4.0646,4.1187,4.0637,3.9344,3.6449,3.2084,2.5947,2.0034,0.99309,-0.33443,-1.5992,-3.7605,-6.4006,-8.1549,-8.0429,-5.3765,-2.6453,-0.9846,0.75703,2.0803,2.8487,3.6239,4.1452,4.404,4.6038,4.665,4.6045,4.4898,4.2448,3.8933,3.5509,2.9892,2.2793,1.3498,0.47789,-0.96184,-2.845,-4.6447,-7.6702,-10.931,-11.295,-8.3035,-5.0899,-2.6166,-1.1973,0.23592,1.2465,1.7772,2.1866,2.3839,2.4978,2.7452,3.2878,4.2306,5.1452,6.4694,7.7418,8.588,9.5226,10.211,10.659,10.844,10.911,10.825,10.708,10.561,10.512,10.581,10.803,11.098,11.355,11.458,11.411,11.094,10.649,9.7359,8.3958,7.0572,4.6995,1.3969,-3.5614,-9.0582,-10.084,-4.5499,-2.1095,-0.20728,0.78709,1.1836,1.2248,1.038,0.65634,0.29951,-0.18986,-0.65925,-0.98058,-1.3137,-1.6562,-2.1006,-2.4782,-3.0313,-3.6724,-4.159,-4.7136,-4.879,-4.6021,-3.6839,-2.3647,-0.97889,0.0050129,1.1734,2.1355,2.7129,3.2979,3.6675,3.8185,3.7933,3.5596,3.0878,2.5628,1.6111,0.321,-0.92678,-3.0601,-5.8831,-9.4945,-11.962,-11.598,-8.6809,-6.8431,-5.1181,-4.0838,-3.6715,-3.572,-3.9315,-4.7382,-5.6646,-7.4023,-9.8026,-12.189,-16.23,-20.564,-21.162,-19.99,-18.761,-17.452,-15.779,-12.717,-9.5987,-7.5592,-5.3005,-3.5645,-2.2797,-1.5735,-0.91089,-0.52015,-0.37558,-0.34069,-0.43443,-0.55088,-0.71463,-0.83504,-0.85327,-0.78023,-0.57764,-0.27558,-0.015823,0.3606,0.70775,1.0057
-4.4132,-4.5248,-4.5092,-4.3161,-4.0522,-3.5338,-2.8627,-2.2929,-1.4807,-0.68252,0.052906,0.53159,1.0598,1.4465,1.6173,1.6908,1.583,1.3873,0.99176,0.45769,-0.15705,-0.59889,-1.0345,-1.1301,-0.92359,-0.32047,0.50468,1.156,1.9845,2.7023,3.2717,3.5934,3.8896,4.0305,4.05,3.959,3.7464,3.4119,3.0981,2.602,2.048,1.6201,1.0973,0.70891,0.54809,0.5542,0.8066,1.231,1.601,2.1015,2.5484,2.814,3.074,3.2175,3.2512,3.214,3.1057,2.9329,2.7728,2.5122,2.193,1.9139,1.4637,0.87989,0.15239,-0.47567,-1.4022,-2.4128,-3.1406,-3.9542,-4.4429,-4.5225,-4.2746,-3.6527,-2.8349,-2.2347,-1.5632,-1.1887,-1.1899,-1.6861,-2.9172,-4.6603,-9.3775,-29.227,-9.0761,-3.6668,0.60403,3.367,4.8401,6.2107,7.0003,7.2659,7.1258,6.4346,5.0668,3.4926,0.5234,-2.5663,-2.1548,1.3403,4.3801,6.4524,7.5038,8.3797,8.7466,8.7294,8.3453,7.5698,6.7471,5.3931,3.8327,2.2832,1.3757,0.80974,0.93508,1.2508,1.6597,1.9478,2.0602,2.0286,1.8713,1.5872,1.3091,0.90382,0.4498,0.053617,-0.5004,-1.1117,-1.9304,-2.7178,-4.0602,-5.916,-7.8662,-11.9,-20.031,-20.914,-11.632,-6.8623,-3.7871,-2.087,-0.33931,0.96403,1.7071,2.4344,2.9029,3.133,3.1598,2.9925,2.602,2.1467,1.322,0.21705,-0.79923,-2.425,-4.2957,-6.0936,-6.986,-7.109,-6.2559,-5.4339,-4.4906,-3.8289,-3.5161,-3.3499,-3.4326,-3.7395,-4.0975,-4.6921,-5.3475,-5.8699,-6.4813,-6.8848,-7.0372,-6.9627,-6.6259,-6.0479,-5.5077,-4.6789,-3.7878,-3.1481,-2.3601,-1.7211,-1.2498,-1.0258,-0.86931,-0.87042,-0.96831,-1.1755,-1.4179,-1.6069,-1.8364,-1.9873,-2.0412,-2.0029,-1.8499,-1.5913,-1.3431,-0.94694,-0.52811,-0.13096
-1.8636,-2.0407,-2.1067,-1.9506,-1.6751,-1.1453,-0.50158,0.028304,0.7538,1.4426,2.0462,2.4211,2.7809,2.9653,2.9645,2.761,2.2975,1.7399,0.65987,-0.91727,-3.2096,-5.6855,-11.002,-19.398,-13.355,-6.9911,-3.4278,-1.6134,0.13122,1.3546,2.2009,2.6567,3.0555,3.264,3.3193,3.2899,3.1625,2.9632,2.782,2.5258,2.2702,2.0939,1.9173,1.7967,1.7514,1.7606,1.8297,1.9149,1.9819,2.0402,2.0052,1.8899,1.6161,1.2095,0.81769,0.22673,-0.37685,-0.87135,-1.0902,-1.1812,-1.0912,-0.9955,-0.96067,-1.1066,-1.4889,-1.9597,-2.8726,-4.1255,-5.2932,-7.0987,-8.7885,-9.4015,-8.6965,-6.7765,-4.7343,-3.4116,-1.9693,-0.9147,-0.37783,0.059492,0.21751,0.17534,0.17771,0.55673,1.4386,2.3784,3.7773,5.0994,5.9409,6.8062,7.3324,7.502,7.3787,6.873,5.9678,5.0593,3.7572,2.929,3.0679,4.2171,5.7506,7.1257,7.9368,8.7077,9.1432,9.2709,9.2116,8.917,8.5641,7.9683,7.29,6.5767,6.0423,5.3744,4.7402,4.2864,3.6848,3.0747,2.4536,1.9699,1.3347,0.73425,0.32336,-0.15907,-0.56079,-0.84073,-1.2126,-1.5288,-1.8334,-2.1339,-2.6102,-3.1553,-3.5559,-3.9787,-4.1093,-3.937,-3.293,-2.3342,-1.2725,-0.49196,0.43833,1.2075,1.6713,2.1486,2.4679,2.6408,2.6787,2.6165,2.4317,2.2183,1.8401,1.3673,0.96441,0.38372,-0.19706,-0.73123,-1.0767,-1.4408,-1.7147,-1.888,-2.105,-2.3397,-2.5396,-2.8014,-3.0177,-3.1554,-3.1698,-3.0761,-2.8652,-2.651,-2.3114,-1.9363,-1.5622,-1.2643,-0.8549,-0.48315,-0.23232,0.058326,0.27135,0.36019,0.35448,0.17987,-0.17227,-0.56492,-1.269,-2.1659,-2.9416,-4.0315,-5.1005,-5.8001,-6.5103,-6.9484,-7.2072,-7.3004,-7.2326,-6.8377,-6.2554,-5.1977,-3.9904,-2.8079
-5.241,-6.1489,-6.9422,-6.7748,-5.9852,-4.4302,-2.7622,-1.5805,-0.19568,0.95568,1.8698,2.4064,2.9197,3.2018,3.2691,3.1624,2.8182,2.4023,1.6304,0.62193,-0.58557,-1.5494,-2.6872,-3.2793,-3.2061,-2.5482,-1.6365,-0.98161,-0.26024,0.23714,0.51328,0.5977,0.57643,0.42884,0.25774,-0.034304,-0.36913,-0.7189,-0.9934,-1.3517,-1.6702,-1.8556,-2.0045,-2.012,-1.8934,-1.6184,-1.2745,-0.93377,-0.72582,-0.58418,-0.65203,-0.86623,-1.4496,-2.4391,-3.5299,-5.6142,-8.7005,-12.886,-14.62,-11.377,-7.8034,-5.9464,-4.3146,-3.377,-2.9963,-3.0659,-3.6103,-4.6533,-5.8509,-8.0037,-10.61,-11.884,-10.638,-7.5702,-4.8374,-3.1913,-1.4369,-0.071312,0.76442,1.6752,2.3814,2.8639,3.5187,4.1598,4.8184,5.3348,6.0279,6.6969,7.1493,7.6572,8.0432,8.2911,8.3822,8.4024,8.3321,8.2444,8.1391,8.1079,8.1595,8.3223,8.5581,8.8126,8.9856,9.1478,9.2057,9.1702,9.0166,8.7514,8.4695,7.981,7.3853,6.6962,6.1088,5.225,4.2113,3.3701,2.1429,0.75428,-0.76008,-1.9597,-3.5492,-4.9131,-5.6607,-6.2107,-6.2042,-5.934,-5.497,-5.0396,-4.5325,-4.1529,-3.6861,-3.2697,-2.9817,-2.619,-2.2464,-1.9655,-1.5953,-1.221,-0.875,-0.64265,-0.39673,-0.22432,-0.14075,-0.087104,-0.080463,-0.10107,-0.12556,-0.151,-0.16816,-0.17423,-0.18981,-0.21873,-0.25922,-0.33668,-0.46413,-0.66218,-0.85137,-1.1934,-1.6646,-2.1176,-2.8898,-3.9204,-4.8993,-6.4433,-8.0444,-8.9343,-8.5835,-7.0069,-5.1029,-3.7683,-2.2534,-1.0224,-0.038243,0.55295,1.1634,1.5877,1.7958,1.9215,1.8656,1.7,1.2939,0.64591,-0.28507,-1.2044,-2.8118,-4.9295,-6.9751,-10.577,-15.603,-19.572,-19.003,-16.224,-15.27,-15.811,-18.657,-26.171,-22.992,-14.327,-9.5173,-6.3461
-9.5976,-12.172,-17.421,-18.36,-13.371,-8.5157,-5.2336,-3.3656,-1.4277,0.037217,1.1363,1.7638,2.3761,2.7557,2.9099,2.9541,2.8334,2.6535,2.3165,1.903,1.4426,1.0995,0.67398,0.31141,0.087139,-0.1692,-0.4235,-0.64156,-1.0262,-1.5556,-2.2423,-2.8602,-3.7972,-4.7402,-5.4121,-6.156,-6.7455,-7.2485,-7.6787,-8.4198,-9.3977,-10.258,-11.262,-11.4,-10.692,-9.0638,-7.3201,-5.7876,-4.8755,-3.9935,-3.4528,-3.2561,-3.3202,-3.7751,-4.3706,-5.4721,-6.8023,-7.9499,-8.188,-7.4515,-6.0396,-4.9753,-3.783,-2.894,-2.3725,-2.1844,-2.1363,-2.2722,-2.4516,-2.709,-2.8685,-2.8396,-2.5701,-2.0265,-1.3493,-0.79765,-0.061729,0.61019,1.0799,1.6638,2.203,2.6299,3.1959,3.7443,4.3169,4.7593,5.345,5.9071,6.3064,6.784,7.1886,7.5128,7.7014,7.8843,8.0039,8.0578,8.0885,8.0828,8.0644,8.0196,7.951,7.8517,7.7577,7.6014,7.4105,7.2431,6.9775,6.6674,6.4063,5.9838,5.4516,4.7938,4.1945,3.2321,2.0489,0.97731,-0.74096,-2.8922,-5.5808,-8.0909,-12.531,-19.373,-27.078,-21.947,-17.356,-15.286,-13.107,-11.39,-9.8402,-8.7096,-7.3038,-6.0723,-5.2982,-4.459,-3.828,-3.4627,-3.1367,-2.9883,-3.0008,-3.1176,-3.4166,-3.8559,-4.272,-4.896,-5.5472,-6.0895,-6.3536,-6.4098,-6.1557,-5.7989,-5.2131,-4.6024,-4.1862,-3.6664,-3.2504,-2.9495,-2.8141,-2.7638,-2.9133,-3.1928,-3.8248,-4.8394,-5.932,-7.9835,-10.773,-13.131,-12.305,-8.8575,-5.7056,-3.8288,-1.878,-0.40413,0.70831,1.3405,1.9501,2.3375,2.5002,2.5426,2.3905,2.1523,1.6603,0.96559,0.028906,-0.8351,-2.2343,-3.9348,-5.4225,-7.6044,-9.6958,-10.812,-11.323,-11.101,-10.794,-10.678,-10.595,-10.276,-9.6124,-8.1857,-6.4589,-4.7843
-7.0251,-6.9099,-6.5498,-5.8197,-5.0289,-3.7576,-2.4035,-1.4282,-0.27985,0.66734,1.3996,1.804,2.171,2.3612,2.4009,2.3398,2.1866,2.0342,1.8,1.5437,1.2936,1.11,0.85287,0.57171,0.32427,-0.093096,-0.64417,-1.1782,-2.1139,-3.3486,-4.9906,-6.5925,-9.349,-13.05,-16.257,-18.255,-16.111,-14.165,-13.429,-13.416,-14.489,-16.128,-19.708,-22.729,-19.532,-14.562,-11.106,-8.6292,-7.199,-5.7044,-4.5703,-3.9352,-3.3142,-2.9248,-2.7426,-2.6171,-2.5456,-2.4596,-2.3401,-2.1027,-1.789,-1.5327,-1.1903,-0.92123,-0.75875,-0.67872,-0.62958,-0.63921,-0.64437,-0.65332,-0.63915,-0.59607,-0.49478,-0.36047,-0.22559,-0.13142,-0.035393,0.013684,0.017666,-0.00091026,0.041685,0.14919,0.38691,0.82434,1.4733,2.0301,2.8136,3.5586,4.073,4.6802,5.1824,5.5743,5.8088,6.0361,6.1791,6.2448,6.269,6.2116,6.1087,5.8912,5.5856,5.1876,4.8371,4.3419,3.869,3.5669,3.268,3.0867,3.0177,2.9633,2.8464,2.5804,2.2604,1.6332,0.74658,-0.13153,-1.5781,-3.3699,-5.5475,-7.4325,-10.216,-12.917,-14.726,-16.85,-19.024,-21.871,-26.659,-22.309,-16.448,-13.368,-10.434,-8.3376,-7.1655,-6.0275,-5.3059,-4.997,-4.8473,-4.9909,-5.4035,-5.8934,-6.7695,-7.9489,-9.0707,-10.982,-13.492,-16.794,-19.361,-19.774,-16.638,-14.36,-12.017,-10.24,-9.1714,-7.9822,-6.925,-5.9409,-5.2584,-4.4515,-3.7795,-3.3811,-3.0307,-2.8287,-2.7578,-2.7179,-2.6267,-2.3706,-1.9972,-1.306,-0.45704,0.21405,1.0548,1.7814,2.3574,2.6812,2.9744,3.1206,3.1282,3.0173,2.7827,2.5274,2.094,1.5631,0.94683,0.43339,-0.29989,-1.0855,-1.6715,-2.4038,-3.0344,-3.3981,-3.7404,-3.917,-3.94,-3.874,-3.6956,-3.4111,-3.1142,-2.64,-2.1039,-1.5767
-5.9684,-4.7071,-3.2983,-2.0901,-1.2862,-0.32011,0.54187,1.096,1.6898,2.1124,2.3427,2.3874,2.2666,1.9595,1.6161,1.0586,0.45244,0.026287,-0.41435,-0.63187,-0.63361,-0.53817,-0.35865,-0.21711,-0.182,-0.27011,-0.5589,-0.93497,-1.6613,-2.7103,-4.1253,-5.4429,-7.5979,-10.022,-11.669,-12.703,-12.266,-11.385,-10.877,-10.554,-10.616,-10.79,-11.034,-11.003,-10.718,-10.033,-9.0113,-7.812,-6.8762,-5.591,-4.3658,-3.5511,-2.5988,-1.7853,-1.2793,-0.73455,-0.31761,0.0099503,0.19116,0.37477,0.48356,0.52016,0.4885,0.36112,0.18573,0.02183,-0.23466,-0.48707,-0.64321,-0.76873,-0.77749,-0.72958,-0.61441,-0.52004,-0.48292,-0.5498,-0.82706,-1.3666,-1.9936,-3.18,-4.7764,-6.1256,-7.1939,-6.2637,-4.1217,-2.5002,-0.6791,0.71813,1.4993,2.257,2.7501,3.0577,3.2105,3.3639,3.4927,3.5742,3.6599,3.6751,3.5969,3.3215,2.7849,1.9357,1.0559,-0.46031,-2.2822,-3.5488,-4.2462,-3.3764,-2.2445,-0.79182,0.31604,1.0052,1.2678,1.292,0.98431,0.57193,-0.21727,-1.2535,-2.5088,-3.5423,-5.031,-6.6032,-7.7903,-9.3391,-10.802,-11.886,-12.708,-12.067,-10.657,-9.3982,-7.825,-6.5607,-5.8503,-5.2081,-4.8985,-4.9098,-5.2126,-5.8273,-6.7361,-7.5874,-8.918,-10.407,-11.6,-13.306,-15.234,-17.257,-18.447,-18.573,-17.255,-16.057,-14.827,-14.152,-13.822,-13.266,-12.055,-10.089,-8.4255,-6.2944,-4.4233,-3.2172,-1.8556,-0.75639,-0.069962,0.71106,1.3697,1.9514,2.3467,2.8377,3.2743,3.5563,3.8574,4.0585,4.1422,4.1261,4.0049,3.764,3.514,3.1128,2.6605,2.3022,1.8275,1.3797,0.98821,0.73001,0.44348,0.22035,0.092031,-0.040634,-0.13138,-0.17457,-0.19764,-0.17489,-0.11561,-0.050827,0.064137,0.20724,0.32137,0.47435,0.60462,0.68235
-3.3584,-2.144,-0.74764,0.40075,1.1297,1.943,2.5636,2.8974,3.1803,3.2499,3.0802,2.7852,2.1327,1.1346,0.1306,-1.6153,-3.8994,-5.9114,-8.2921,-8.3804,-6.4196,-4.8321,-3.1074,-1.8725,-1.2185,-0.64101,-0.35402,-0.30819,-0.44331,-0.79522,-1.3182,-1.793,-2.4898,-3.2107,-3.7086,-4.2602,-4.7178,-5.0919,-5.3836,-5.8462,-6.4294,-6.9691,-7.8459,-8.8497,-9.6852,-10.682,-11.024,-10.193,-8.9281,-6.9565,-5.1053,-3.8686,-2.4548,-1.3248,-0.64657,0.076326,0.6105,0.97323,1.1415,1.2417,1.1956,1.0587,0.72548,0.22685,-0.45917,-1.1378,-2.206,-3.3557,-4.159,-4.7795,-4.6126,-4.0427,-3.0388,-2.0908,-1.3889,-1.0903,-1.055,-1.4639,-2.1123,-3.5331,-5.7293,-7.787,-10.159,-8.8335,-5.5597,-3.564,-1.6581,-0.45979,0.055503,0.26634,0.020561,-0.56585,-1.143,-1.7645,-1.8347,-1.4472,-0.5855,0.30461,0.81787,1.1614,1.0335,0.38703,-0.50321,-2.3751,-5.2662,-8.0756,-10.066,-6.9838,-4.2836,-1.6696,0.031958,1.128,1.6223,1.9344,1.9252,1.7565,1.3151,0.6985,-0.042764,-0.6541,-1.526,-2.3998,-2.9919,-3.7176,-4.233,-4.4756,-4.7217,-4.6504,-4.3607,-4.0684,-3.6701,-3.325,-3.1641,-3.1474,-3.3915,-3.7702,-4.6099,-5.8782,-7.6466,-9.3308,-12.1,-14.989,-16.413,-16.316,-15.053,-13.899,-13.232,-12.642,-12.332,-12.362,-12.851,-14.285,-16.358,-21.744,-22.662,-14.396,-10.433,-6.6599,-3.8992,-2.2561,-0.45941,0.99033,1.888,2.8873,3.6952,4.3403,4.7199,5.1042,5.3482,5.4315,5.4145,5.2379,4.9012,4.5411,3.9133,3.1238,2.4536,1.4761,0.45117,-0.28373,-1.1412,-1.7486,-2.0279,-2.0161,-1.7555,-1.307,-0.92755,-0.4328,0.021151,0.30465,0.61668,0.84347,0.9955,1.0733,1.1531,1.2288,1.2768,1.3479,1.4076,1.4291
-1.1553,-0.40012,0.53254,1.3487,1.8826,2.4761,2.9092,3.1226,3.2668,3.2055,2.9197,2.5374,1.774,0.6619,-0.43967,-2.3645,-4.8732,-7.1323,-9.902,-10.026,-7.8813,-6.2414,-4.5019,-3.2287,-2.5064,-1.7726,-1.2378,-0.94094,-0.65799,-0.49404,-0.44086,-0.4804,-0.60138,-0.80724,-1.0043,-1.3085,-1.6657,-2.0982,-2.4984,-3.1479,-3.9931,-4.797,-6.2046,-8.1804,-10.247,-14.33,-20.6,-17.175,-12.607,-8.5026,-5.848,-4.3932,-2.9078,-1.8533,-1.2817,-0.72569,-0.3517,-0.13078,-0.037413,-0.0085729,-0.093539,-0.25024,-0.61363,-1.2212,-2.2114,-3.2678,-5.2488,-8.3579,-12.186,-24.571,-16.24,-10.49,-6.3377,-3.7889,-2.1309,-1.3042,-0.57596,-0.23761,-0.16197,-0.2393,-0.4246,-0.55822,-0.68237,-0.47486,-0.12316,0.14664,0.42282,0.42124,0.18266,-0.53862,-1.8886,-4.1704,-6.9264,-13.87,-22.068,-11.467,-5.7423,-2.6718,-1.1987,0.07855,0.78724,1.0415,1.009,0.76045,0.42924,0.22305,0.1992,0.42939,0.73596,1.2581,1.7304,2.0546,2.1726,2.1662,1.9619,1.6825,1.1639,0.53209,-0.19851,-0.78866,-1.5546,-2.2816,-2.7584,-3.2498,-3.5234,-3.4936,-3.3496,-3.1327,-2.7816,-2.5054,-2.1765,-1.9255,-1.8275,-1.863,-2.1492,-2.5388,-3.361,-4.5838,-6.2987,-7.9785,-10.808,-14.067,-15.508,-14.342,-12.004,-10.126,-9.1166,-8.2145,-7.6806,-7.5013,-7.4536,-7.5285,-7.6017,-7.4777,-6.9029,-5.8119,-4.7766,-3.269,-1.7527,-0.6832,0.60829,1.7489,2.5074,3.3885,4.1124,4.6842,5.0072,5.2873,5.3872,5.3357,5.0907,4.6172,3.9003,3.1847,1.9756,0.47407,-0.86661,-2.9651,-5.4013,-7.4181,-10.181,-12.368,-12.536,-11.188,-8.7945,-6.5075,-5.0621,-3.4785,-2.2854,-1.6356,-1.0523,-0.78382,-0.77748,-0.90082,-1.1653,-1.4183,-1.4982,-1.3649,-0.97482,-0.45908
-0.83766,-0.25869,0.43294,1.0465,1.4537,1.9101,2.281,2.5041,2.6884,2.7408,2.6411,2.4515,2.0357,1.436,0.86279,-0.024974,-1.0018,-1.7335,-2.5995,-3.2541,-3.7064,-3.942,-4.1574,-4.268,-4.225,-3.9568,-3.4451,-2.9364,-2.2249,-1.5666,-1.0412,-0.75768,-0.50503,-0.39168,-0.37515,-0.45186,-0.59333,-0.80671,-1.0044,-1.3384,-1.7696,-2.1643,-2.7864,-3.5006,-4.0326,-4.6734,-5.002,-4.8402,-4.4331,-3.7545,-3.0632,-2.6112,-2.231,-2.0899,-2.1219,-2.3266,-2.6252,-2.8805,-2.963,-2.9015,-2.6774,-2.4762,-2.2575,-2.2257,-2.417,-2.6881,-3.2886,-4.0073,-4.4913,-4.8029,-4.4598,-3.8149,-2.726,-1.6035,-0.64208,-0.025766,0.66398,1.2108,1.537,1.8818,2.1449,2.2813,2.4896,2.657,2.722,2.7256,2.6226,2.3546,2.0118,1.375,0.51942,-0.48591,-1.2416,-2.0483,-2.2392,-1.9424,-1.1371,-0.14234,0.56941,1.3697,1.9849,2.4036,2.6051,2.7649,2.8275,2.8289,2.8001,2.7958,2.7654,2.682,2.5714,2.3651,2.1469,1.7592,1.2253,0.71069,-0.091849,-1.0934,-2.2699,-3.2595,-4.6473,-6.0233,-6.9468,-7.5826,-7.5817,-7.1547,-6.0926,-4.9418,-3.8819,-3.1619,-2.308,-1.6375,-1.2443,-0.87049,-0.70284,-0.71889,-0.9155,-1.3004,-1.8441,-2.3156,-2.9594,-3.4887,-3.7334,-3.8176,-3.6734,-3.3966,-3.1822,-2.942,-2.7816,-2.719,-2.7148,-2.7312,-2.7429,-2.6988,-2.5428,-2.2621,-1.9494,-1.3937,-0.72828,-0.16641,0.63795,1.4461,2.0476,2.7983,3.4723,4.0264,4.3534,4.6483,4.753,4.6951,4.4005,3.8374,2.9602,2.0672,0.52913,-1.5104,-3.4267,-6.5871,-10.653,-14.407,-20.104,-24.781,-23.606,-19.347,-13.9,-9.8159,-7.4975,-5.1573,-3.5486,-2.7449,-2.183,-2.1774,-2.7575,-3.6463,-5.5588,-8.4971,-10.896,-10.707,-7.0649,-3.9312
-1.0139,-0.67397,-0.29818,0.064597,0.33901,0.71972,1.14,1.4709,1.8761,2.2448,2.5392,2.6848,2.7584,2.6775,2.5143,2.1622,1.6324,1.1355,0.31541,-0.71952,-2.0381,-3.2827,-5.4279,-8.2764,-10.611,-11.501,-8.7465,-6.4715,-4.1172,-2.4769,-1.3964,-0.84773,-0.44057,-0.27896,-0.27808,-0.3562,-0.43574,-0.4392,-0.35309,-0.1617,0.083375,0.25866,0.4679,0.61354,0.67248,0.72243,0.76742,0.77381,0.76506,0.6641,0.44356,0.1663,-0.45407,-1.4082,-2.3804,-4.1432,-6.5074,-9.2134,-10.507,-9.4584,-6.9458,-5.2492,-3.4929,-2.2659,-1.3711,-0.9234,-0.55746,-0.31264,-0.17216,0.012334,0.19944,0.37618,0.63089,0.91455,1.2102,1.4813,1.8537,2.3005,2.6584,3.1562,3.6622,4.0164,4.4778,4.7593,4.9436,5.0102,4.9498,4.7621,4.5299,4.0994,3.5882,3.0685,2.7122,2.3188,2.0961,2.0797,2.2335,2.5351,2.8258,3.2364,3.5996,3.8996,4.0619,4.179,4.1931,4.1467,3.9728,3.74,3.5347,3.1758,2.7493,2.2634,1.8592,1.2158,0.48596,-0.14546,-1.1499,-2.429,-3.9943,-5.4765,-8.0484,-11.683,-15.848,-27.611,-18.979,-13.779,-9.8884,-7.1507,-5.0811,-3.8184,-2.3759,-1.1515,-0.37384,0.49768,1.2138,1.6246,2.0336,2.2903,2.4132,2.4403,2.4244,2.3827,2.3379,2.2742,2.2121,2.1243,2.0364,1.876,1.6327,1.4016,0.99985,0.4928,0.071069,-0.55948,-1.2001,-1.7732,-2.0818,-2.2328,-2.0349,-1.6652,-0.92392,-0.030229,0.67414,1.6026,2.4795,3.2653,3.7799,4.3322,4.7094,4.8526,4.8164,4.5088,3.8877,3.2026,1.9539,0.27884,-1.2713,-3.8003,-6.9385,-9.6436,-13.208,-14.584,-12.679,-10.504,-7.7128,-5.2931,-3.7611,-2.0857,-0.8648,-0.23942,0.19913,0.20073,-0.27606,-0.9644,-2.3066,-3.9764,-4.9435,-4.724,-2.8735,-0.73082
-2.3579,-2.7394,-3.2196,-3.5249,-3.5453,-3.2161,-2.536,-1.888,-0.87573,0.17906,1.1697,1.8383,2.5763,3.111,3.3653,3.4968,3.3989,3.161,2.6071,1.7607,0.58356,-0.57753,-2.5223,-4.8751,-6.5118,-7.1616,-5.6015,-4.033,-2.2556,-1.0262,-0.3268,-0.11734,-0.25421,-0.8382,-1.5654,-2.7607,-3.8595,-4.0527,-3.3713,-1.8061,-0.16954,0.91212,2.0751,2.9504,3.428,3.885,4.1385,4.1965,4.1151,3.8639,3.3922,2.8624,1.9297,0.66952,-0.5599,-2.6166,-5.2453,-8.2122,-9.6033,-8.6212,-6.1293,-4.4254,-2.5909,-1.1818,-0.081366,0.5261,1.1848,1.6448,1.8601,2.012,1.9745,1.8258,1.4794,0.9837,0.44956,0.10878,-0.041628,0.33905,0.98092,2.1149,3.2849,4.1257,5.0123,5.6709,6.1448,6.3276,6.3754,6.1994,5.9349,5.4062,4.7065,3.8557,3.1841,2.3619,1.7332,1.5251,1.6375,2.0913,2.5463,3.1815,3.7204,4.0987,4.2598,4.3013,4.1591,3.9543,3.5603,2.9857,2.5168,1.865,1.1537,0.47051,-0.023558,-0.67913,-1.3127,-1.8155,-2.5905,-3.4518,-4.5452,-5.5322,-7.0841,-8.6797,-9.8069,-10.583,-10.757,-10.202,-8.7937,-7.4042,-5.8711,-4.6586,-3.0135,-1.392,-0.23616,1.1627,2.3685,3.1491,4.0167,4.69,5.1939,5.4682,5.722,5.8609,5.901,5.8803,5.7793,5.5915,5.3901,5.0271,4.5271,4.05,3.2575,2.2231,1.2604,-0.33705,-2.4035,-5.0193,-7.3294,-9.9283,-9.5924,-7.8866,-5.665,-3.8496,-2.7372,-1.3997,-0.10795,1.2124,2.1724,3.3434,4.318,4.883,5.4041,5.6316,5.5698,5.3353,4.779,3.9983,3.2725,2.1897,1.0923,0.33492,-0.41765,-0.77409,-0.67569,-0.33817,0.36295,1.2005,1.8609,2.6762,3.3536,3.7592,4.1389,4.3311,4.3419,4.2736,4.1248,4.0131,4.0161,4.2035,4.6012,5.1495
-6.5747,-8.6867,-12.018,-15.137,-15.85,-14.479,-12.358,-10.583,-7.9202,-5.2958,-2.9672,-1.4894,0.15616,1.4226,2.1434,2.8204,3.2195,3.3401,3.2917,3.0277,2.5727,2.1561,1.5602,0.99841,0.6672,0.43609,0.45463,0.58009,0.76884,0.89113,0.8245,0.55685,-0.13172,-1.3827,-2.8112,-5.7303,-10.694,-14.276,-9.4481,-4.3483,-1.1067,0.6085,2.2745,3.4426,4.0762,4.6539,4.9483,5.0366,4.9611,4.7027,4.2389,3.7668,2.9955,2.0355,1.221,0.069927,-1.0859,-2.076,-2.639,-3.0408,-3.0536,-2.8376,-2.3257,-1.5947,-0.85038,-0.29725,0.43347,0.99522,1.2724,1.407,1.2598,0.89351,0.005162,-1.5413,-4.1115,-7.253,-14.734,-12.546,-6.7954,-2.246,0.61497,2.1628,3.5851,4.6308,5.3003,5.5554,5.6612,5.4476,5.0878,4.3182,3.1513,1.453,-0.25227,-3.2973,-7.3662,-9.4833,-6.9139,-3.338,-1.4045,0.3582,1.4613,2.0328,2.1754,2.0571,1.596,1.0463,0.1649,-0.9773,-1.972,-3.3378,-4.7253,-5.9339,-6.583,-6.8759,-6.837,-6.7196,-6.5977,-6.5968,-6.9067,-7.2072,-7.8179,-8.5556,-9.1054,-9.6914,-10.375,-11.225,-11.98,-12.548,-12.096,-10.549,-7.6539,-4.7124,-2.7492,-0.48876,1.3189,2.4388,3.6334,4.5396,5.1983,5.5531,5.8622,6.0089,6.0455,6.0065,5.8831,5.6909,5.4929,5.1338,4.6579,4.1818,3.3786,2.3204,1.302,-0.40859,-2.6289,-5.5162,-8.1009,-11.053,-11.225,-10.135,-8.9746,-8.7594,-9.1276,-9.418,-7.8396,-4.7737,-2.44,0.1715,2.1877,3.3458,4.5147,5.2803,5.7085,5.8345,5.7857,5.5259,5.2085,4.7126,4.1764,3.7829,3.3365,3.0474,2.9544,3.0201,3.2694,3.6701,4.0388,4.5434,5.0383,5.3646,5.7263,5.9731,6.1197,6.1767,6.1915,6.1886,6.1949,6.2362,6.3433,6.5258
-7.6442,-10.348,-14.797,-19.573,-21.38,-23.076,-32.64,-28.512,-15.999,-10.085,-6.194,-4.0144,-1.8072,-0.16596,0.78095,1.7334,2.3864,2.7079,2.9543,3.0219,2.9393,2.8153,2.5787,2.3287,2.1435,1.9488,1.813,1.7507,1.7159,1.6863,1.6192,1.5025,1.2424,0.84999,0.4688,-0.046181,-0.37905,-0.28841,0.090603,0.92792,1.9027,2.5993,3.4058,4.0175,4.3543,4.6251,4.7269,4.6792,4.5502,4.2392,3.8181,3.4226,2.7565,1.9553,1.2738,0.22783,-0.92359,-2.1723,-3.1801,-4.531,-5.7664,-6.391,-6.5252,-5.733,-4.4358,-3.2768,-1.8771,-0.74338,-0.058456,0.5449,0.82444,0.79671,0.42964,-0.32991,-1.4223,-2.2465,-2.9843,-2.7279,-1.8669,-0.3369,1.1084,2.0025,2.9543,3.7217,4.1588,4.375,4.48,4.3686,4.1221,3.547,2.6381,1.371,0.099501,-1.9114,-3.9092,-4.6466,-3.9215,-2.3012,-1.1589,-0.067803,0.5047,0.58542,0.3474,-0.35337,-1.4507,-2.5618,-4.3156,-6.2596,-8.0035,-10.669,-14.166,-19.561,-25.133,-20.655,-15.259,-12.963,-11.036,-10.214,-10.003,-10.102,-10.497,-11.172,-11.674,-12.487,-12.749,-13.42,-15.151,-17.849,-19.888,-16.245,-10.619,-6.3971,-3.9431,-1.3985,0.58024,1.7299,2.8923,3.6869,4.159,4.3372,4.375,4.2468,4.0863,3.8444,3.6399,3.5043,3.4447,3.3851,3.2853,3.1387,2.7965,2.2757,1.7535,0.88125,-0.15648,-1.2893,-2.1225,-3.1869,-4.1084,-4.8172,-5.9218,-7.5609,-9.2504,-11.544,-10.276,-6.1971,-3.4793,-0.59477,1.5631,2.8196,4.0867,4.959,5.4972,5.7088,5.761,5.5632,5.2925,4.7567,4.0698,3.4986,2.7063,2.0099,1.5603,1.4797,1.7434,2.365,2.949,3.7697,4.5248,4.995,5.465,5.7419,5.8376,5.7883,5.5874,5.2724,5.0002,4.6512,4.3991,4.3272
-2.9459,-4.1118,-5.7008,-7.1812,-8.1005,-8.9679,-9.0958,-8.6097,-7.1459,-5.3078,-3.5163,-2.3311,-0.95977,0.14824,0.81826,1.5379,2.0615,2.3519,2.6049,2.7083,2.6828,2.5567,2.2786,1.902,1.5975,1.1918,0.88972,0.7924,0.8919,1.2127,1.668,2.0657,2.5493,2.9712,3.2347,3.5176,3.7733,4.0252,4.2107,4.4496,4.6537,4.7633,4.8302,4.7969,4.6949,4.4817,4.2264,3.9117,3.6711,3.3377,2.9822,2.669,2.172,1.5492,0.95078,-0.040354,-1.3178,-2.9688,-4.4922,-7.2251,-11.31,-16.636,-32.564,-14.214,-8.6212,-5.887,-3.2676,-1.2974,-0.1398,1.0851,1.9191,2.3479,2.6737,2.8004,2.818,2.7449,2.6592,2.6512,2.7004,2.7879,2.8894,2.9297,3.0547,3.0847,3.1746,3.3146,3.5085,3.7332,3.8635,3.9376,3.8759,3.6777,3.453,3.0969,2.8296,2.6818,2.6218,2.6504,2.6528,2.5521,2.1885,1.4894,0.6983,-0.7994,-2.8122,-4.7424,-8.0799,-11.72,-14.199,-15.894,-15.856,-15.734,-15.513,-14.135,-12.634,-11.448,-10.381,-10.047,-10.392,-11.363,-13.309,-16.114,-18.085,-17.536,-14.851,-12.562,-10.594,-8.9815,-7.2938,-5.9267,-3.9687,-2.0048,-0.63031,0.99275,2.2686,3.0089,3.6867,4.0059,3.9546,3.6611,2.9415,1.8723,0.88127,-0.44141,-1.2534,-1.0998,-0.47183,0.57647,1.4699,1.9781,2.3885,2.5236,2.4886,2.2879,1.9543,1.5535,1.2203,0.76572,0.31975,0.0073747,-0.39506,-0.67921,-0.7883,-0.66247,-0.14583,0.73062,1.549,2.6927,3.7691,4.4871,5.2681,5.8446,6.1929,6.2979,6.2171,5.8887,5.4665,4.631,3.4504,2.2877,0.26832,-2.4689,-5.777,-7.1469,-4.969,-1.6273,0.40987,2.4863,3.9551,4.739,5.4105,5.7054,5.6251,5.3239,4.6069,3.4992,2.4163,0.7151,-0.97047,-1.8434
1.4861,1.1206,0.59024,0.098956,-0.24662,-0.57167,-0.75327,-0.78211,-0.63694,-0.44802,-0.19475,-0.031442,0.16516,0.34041,0.48031,0.71008,0.97482,1.2121,1.4822,1.6373,1.6206,1.4411,0.96,0.10722,-0.78726,-2.3459,-4.0586,-4.9273,-4.5317,-2.582,-0.40728,1.0637,2.6536,3.8786,4.6008,5.3399,5.8393,6.1272,6.2296,6.2154,6.0107,5.7401,5.2046,4.4872,3.8345,2.8894,1.9158,1.0883,0.67894,0.48682,0.52886,0.62395,0.7514,0.67202,0.45735,-0.066771,-0.92143,-2.1142,-3.2068,-4.8827,-6.5618,-7.5203,-8.0225,-7.36,-5.7656,-4.2092,-2.2499,-0.31208,0.94456,2.3916,3.5185,4.1852,4.8393,5.2566,5.4661,5.4687,5.3365,5.0333,4.6837,4.0258,3.152,2.3556,1.1603,-0.16997,-0.78204,-0.65152,0.28645,1.6052,2.5805,3.681,4.5256,5.111,5.4536,5.7379,5.9091,5.9692,5.9611,5.8617,5.6883,5.3127,4.71,3.8244,2.9246,1.3529,-0.7165,-2.6879,-6.1506,-10.211,-13.169,-12.957,-10.596,-8.7694,-7.7892,-6.7495,-6.0293,-5.5992,-5.5009,-5.6842,-6.343,-7.2739,-8.9613,-11.121,-12.26,-11.935,-9.0087,-7.3062,-4.9059,-2.9984,-1.3383,-0.20252,1.1717,2.4206,3.2365,4.1863,4.9041,5.2692,5.5006,5.4025,4.9262,4.2689,2.9034,0.7553,-1.6131,-6.7486,-18.142,-9.8485,-4.9678,-1.4332,0.57977,1.5241,2.298,2.6549,2.7471,2.7196,2.617,2.5097,2.4624,2.4695,2.5189,2.6006,2.7275,2.8868,3.0285,3.2775,3.6051,4.0134,4.3592,4.8646,5.3972,5.7809,6.2355,6.5966,6.815,6.8637,6.7505,6.4237,5.9919,5.2019,4.103,3.0428,1.27,-0.91759,-3.1423,-3.8403,-2.4417,0.092507,1.8389,3.747,5.1243,5.8491,6.4467,6.6289,6.3821,5.9137,4.8563,3.194,1.4429,-1.9121,-7.1479,-12.858
3.4569,3.5133,3.4786,3.336,3.1734,2.9005,2.547,2.2417,1.7188,1.074,0.26026,-0.45957,-1.6217,-2.8847,-3.7118,-4.2469,-3.8017,-3.0582,-1.9594,-1.0489,-0.54112,-0.42086,-0.67695,-1.4754,-2.5251,-4.6641,-8.0155,-11.008,-9.9933,-5.2612,-1.5812,0.45198,2.5024,4.0166,4.8745,5.7181,6.2468,6.4758,6.4675,6.2093,5.6674,5.0592,3.9599,2.4682,1.0606,-1.3658,-4.5534,-8.4282,-10.454,-8.6307,-5.5416,-3.7458,-2.0606,-1.0819,-0.68389,-0.58424,-0.91371,-1.6793,-2.527,-3.9734,-5.8262,-7.4338,-9.5218,-10.058,-7.7956,-5.5057,-2.6562,-0.19744,1.3297,2.9849,4.2859,5.0409,5.7925,6.2407,6.398,6.3844,6.1334,5.6016,5.0076,3.9389,2.4312,0.88483,-2.0974,-6.6342,-18.055,-14.479,-5.6678,-1.4002,0.649,2.597,3.9695,4.9411,5.4905,6.0457,6.4121,6.6205,6.793,6.8441,6.8092,6.617,6.2799,5.7426,5.2023,4.3122,3.1939,2.335,1.0676,-0.028152,-0.66863,-1.1981,-1.3115,-1.1905,-0.98845,-0.80371,-0.60106,-0.53144,-0.57473,-0.73133,-1.0515,-1.2719,-1.6869,-1.884,-1.8879,-1.6935,-1.0882,-0.43163,0.44272,1.4582,2.4521,3.1796,4.075,4.8847,5.423,5.9942,6.4228,6.6262,6.7104,6.5693,6.1782,5.7197,4.8663,3.7831,2.8812,1.7349,0.98698,0.86958,1.1272,1.6176,2.0251,2.1507,2.0394,1.6291,1.1448,0.40287,-0.24351,-0.48576,-0.3014,0.33669,1.1504,1.7287,2.3932,2.8555,3.0889,3.2687,3.3353,3.3635,3.4038,3.5785,3.913,4.2593,4.7993,5.3056,5.6932,5.8692,5.914,5.7227,5.4437,4.9197,4.2745,3.768,3.1693,2.7574,2.6526,2.8201,3.3935,4.2445,4.9712,5.9179,6.7117,7.1735,7.5555,7.6387,7.4189,7.0492,6.264,5.1806,4.1961,2.7513,1.3625,0.2975
3.3474,3.6244,3.826,3.8369,3.7478,3.4604,3.0163,2.5518,1.7264,0.66057,-0.77991,-2.1708,-4.6643,-8.4406,-13.147,-30.75,-13.869,-9.2855,-5.7912,-3.7284,-2.483,-1.9314,-1.6118,-1.6047,-1.7527,-2.0271,-2.1967,-2.1001,-1.5845,-0.58238,0.66838,1.6452,2.8833,3.939,4.5812,5.1988,5.5587,5.6584,5.5367,5.1108,4.3821,3.6187,2.3037,0.61218,-0.92793,-3.3622,-6.1987,-8.987,-10.122,-9.0742,-6.9109,-5.2343,-3.4842,-2.159,-1.4824,-0.98088,-0.90175,-1.2416,-1.8028,-3.0177,-4.8822,-6.7806,-9.8847,-11.294,-8.0193,-5.1996,-2.0991,0.29549,1.7001,3.2099,4.3641,5.0112,5.6178,5.9564,6.045,5.9537,5.6107,5.0444,4.4848,3.5521,2.4289,1.5012,0.30628,-0.93346,-1.4619,-1.4163,-0.72076,0.33759,1.1679,2.1419,2.8938,3.4787,3.7767,4.1096,4.4278,4.6717,5.0385,5.4078,5.6672,5.9387,6.0726,6.0503,5.9328,5.6347,5.2009,4.8133,4.2864,3.7222,3.3825,2.968,2.6636,2.4765,2.3851,2.3237,2.2578,2.1803,2.1263,1.9807,1.8164,1.6742,1.5011,1.3576,1.2873,1.4019,1.4588,1.7135,2.1337,2.6529,3.2535,3.7121,4.3443,4.9255,5.3185,5.7593,6.0794,6.2446,6.3618,6.3557,6.2276,6.0602,5.7537,5.3841,5.0706,4.6616,4.2808,3.9415,3.693,3.3119,2.7863,2.2416,1.1919,-0.34634,-1.9674,-5.1318,-10.391,-15.761,-10.71,-5.4541,-2.3426,-0.82922,0.45902,1.1301,1.2797,1.0223,0.25829,-0.96731,-2.0318,-3.0697,-2.6883,-1.5137,0.34215,1.9055,2.9873,3.4756,3.7235,3.5352,3.1673,2.3624,1.3914,0.69649,0.12743,0.26378,1.0796,1.9382,3.1843,4.3874,5.2144,6.1483,6.9047,7.331,7.6975,7.8312,7.7296,7.4895,6.9786,6.267,5.6171,4.6235,3.5094,2.3143
2.6574,3.0122,3.3134,3.4319,3.3838,3.1515,2.713,2.2454,1.4794,0.48562,-0.70143,-1.7018,-3.141,-4.5475,-5.4372,-6.0482,-5.7603,-5.1628,-4.1713,-3.2861,-2.6055,-2.2864,-2.0512,-1.9921,-1.9778,-1.9418,-1.7419,-1.4344,-0.79008,0.057476,1.0342,1.7681,2.723,3.5635,4.079,4.5858,4.8555,4.871,4.7071,4.2426,3.4659,2.6803,1.3409,-0.30281,-1.7186,-3.6934,-5.6635,-7.0684,-7.5412,-7.185,-5.9284,-4.7686,-3.271,-1.911,-1.0903,-0.24845,0.2632,0.48111,0.46272,0.23052,-0.13093,-0.416,-0.62948,-0.53351,0.015642,0.58834,1.5572,2.5163,3.2008,3.9961,4.6416,5.0083,5.3198,5.4461,5.3801,5.1499,4.6744,4.0053,3.3917,2.4694,1.5546,0.9731,0.33554,0.083289,0.13665,0.29577,0.7099,1.0985,1.351,1.5307,1.4572,1.0888,0.67606,0.032193,-0.31137,-0.14044,0.74189,2.0587,3.038,4.1828,5.0229,5.5691,5.7905,5.8598,5.7385,5.4929,5.1063,4.6253,4.2525,3.8094,3.4405,3.1859,3.0559,3.0028,2.9788,2.9854,2.9418,2.8424,2.6618,2.4297,2.0933,1.6326,1.28,0.83146,0.56885,0.40775,0.56754,0.95833,1.5614,2.0828,2.77,3.3837,3.7607,4.1814,4.4773,4.6294,4.7724,4.868,4.9429,4.9808,5.0239,5.0243,5.0026,4.9194,4.765,4.5217,4.2648,3.8142,3.1927,2.6112,1.6467,0.41995,-0.66642,-2.2973,-3.8173,-4.387,-3.8769,-2.4285,-0.9157,0.025406,0.88179,1.2579,1.1905,0.58679,-0.72972,-3.0529,-5.7571,-10.805,-9.6354,-5.5412,-1.7349,0.60861,2.0195,2.5906,2.7924,2.3907,1.6264,-0.071165,-2.9458,-6.456,-15.826,-11.223,-4.1994,-1.1625,1.5902,3.526,4.6292,5.7696,6.6149,7.075,7.4936,7.7024,7.6946,7.5541,7.1857,6.6035,6.0327,5.0945,3.9499,2.5898
2.2048,2.66,3.1151,3.3771,3.4114,3.2709,2.8604,2.4098,1.6172,0.64983,-0.37856,-1.1256,-1.9537,-2.4952,-2.6778,-2.6395,-2.3852,-2.1365,-1.7914,-1.5697,-1.5576,-1.7485,-2.2177,-3.0024,-3.7199,-4.601,-4.8899,-4.476,-3.1518,-1.4998,0.13441,1.2177,2.4719,3.4655,4.043,4.6376,4.9878,5.0657,4.9611,4.5832,3.8969,3.1611,1.859,0.13101,-1.5171,-4.4275,-8.6372,-16.362,-24.113,-12.471,-7.1153,-4.5663,-2.1203,-0.30004,0.75669,1.8717,2.6744,3.2178,3.4955,3.7315,3.8498,3.8844,3.904,3.9473,4.021,4.086,4.2677,4.4379,4.6256,4.8685,5.1053,5.2739,5.4358,5.456,5.2772,4.9725,4.3152,3.2767,2.2106,0.44129,-1.6355,-3.1028,-4.0758,-2.9969,-1.4886,-0.35196,0.85996,1.6468,1.934,1.9069,1.3748,0.11056,-1.3986,-5.0272,-13.57,-20.487,-5.9438,-0.73064,1.6922,3.8768,5.3147,6.1913,6.5411,6.6657,6.4555,6.0856,5.3573,4.4307,3.6218,2.6093,1.838,1.5234,1.6093,2.0215,2.5417,2.9156,3.1948,3.3048,3.1479,2.841,2.1651,1.155,0.17229,-1.6552,-3.4484,-4.7986,-5.1591,-3.7307,-1.7939,-0.49464,0.81847,1.7303,2.1568,2.4423,2.495,2.434,2.3165,2.3015,2.5012,2.7963,3.3121,3.8411,4.208,4.5588,4.7366,4.7288,4.6117,4.3105,3.8803,3.5008,2.9666,2.4307,2.0711,1.72,1.5941,1.7339,1.9895,2.4807,3.0503,3.4493,3.888,4.1167,4.1238,3.9435,3.5469,2.9969,2.6151,2.3436,2.5161,2.9405,3.6976,4.4359,4.9799,5.2032,5.2031,4.8401,4.3029,3.2884,1.9453,0.9339,0.021394,0.19815,1.3446,2.4106,3.737,4.8661,5.5688,6.3523,6.9781,7.3595,7.7562,8.015,8.1102,8.0716,7.8387,7.3753,6.8709,5.9817,4.8347,3.4007
1.3768,2.2149,3.1118,3.6969,3.9175,3.8969,3.502,2.9494,1.7975,0.22532,-1.7494,-3.4015,-5.1276,-5.2175,-4.2725,-2.6591,-1.301,-0.48361,0.21717,0.51152,0.35209,-0.075631,-1.1645,-3.033,-5.2317,-10.254,-27.099,-15.335,-6.9329,-2.8406,-0.27831,1.1889,2.6504,3.7537,4.4012,5.0797,5.557,5.8349,5.8956,5.7547,5.3754,4.919,4.0541,2.8971,1.832,0.25268,-1.4462,-2.7388,-3.0966,-2.4513,-1.0087,0.14357,1.6573,2.9639,3.8073,4.7522,5.5007,6.0746,6.3881,6.6856,6.8205,6.8352,6.7291,6.5008,6.1137,5.7829,5.2122,4.6466,4.2874,4.0523,4.1805,4.5018,5.0747,5.5736,5.8078,5.8006,5.371,4.4286,3.3126,1.0838,-2.3897,-6.1086,-9.2811,-4.4128,-0.78279,1.2121,2.89,3.934,4.3776,4.5921,4.438,3.9536,3.4058,2.6143,2.1359,2.3113,3.3221,4.8282,5.9473,7.221,8.1295,8.6658,8.8134,8.6769,8.1106,7.4496,6.0531,4.1177,2.0954,-1.6019,-6.6695,-7.5572,-4.0783,-0.52602,1.7577,2.8867,3.8607,4.333,4.3633,4.1531,3.4354,2.2859,1.0463,-1.4837,-4.9712,-8.7325,-10.119,-5.7106,-2.3016,-0.62326,0.82256,1.561,1.7369,1.3999,0.47248,-0.62594,-2.571,-4.3054,-3.89,-2.1993,0.22687,2.1766,3.2552,4.2363,4.774,4.9247,4.8266,4.4416,3.866,3.3421,2.692,2.2666,2.2017,2.4864,3.1093,3.8933,4.5219,5.3336,6.0792,6.5557,7.0789,7.4599,7.6603,7.8261,7.8976,7.9254,7.9406,7.997,8.1306,8.2758,8.5018,8.7518,8.9445,9.0278,9.0281,8.8761,8.6839,8.3111,7.8797,7.551,7.1705,6.897,6.7334,6.6492,6.5556,6.4741,6.4382,6.5053,6.7429,7.0574,7.5753,8.0962,8.5193,8.7133,8.7643,8.5541,8.2075,7.4708,6.4103,5.0135
-1.8238,-0.20539,1.4225,2.5023,3.0112,3.2552,3.0561,2.558,1.4405,-0.41493,-3.2162,-6.2412,-11.527,-10.452,-6.7278,-3.2313,-1.0024,0.12177,1.0743,1.545,1.6049,1.4061,0.78876,-0.12735,-0.96826,-2.0691,-2.6885,-2.6531,-1.9713,-1.0491,-0.15526,0.39003,0.9956,1.5941,2.0949,2.7661,3.4502,4.0803,4.4403,4.7363,4.7913,4.6773,4.3273,3.7888,3.3062,2.6165,1.9998,1.5671,1.4446,1.5066,1.8947,2.3061,3.0133,3.7328,4.28,4.9443,5.5306,6.019,6.3048,6.5537,6.6559,6.6215,6.4034,5.9202,5.1433,4.2723,2.6187,0.21506,-2.2988,-5.7235,-4.5167,-1.6192,1.5368,3.6889,5.076,5.6913,6.0582,5.9989,5.7217,5.1009,4.3896,3.9241,3.6059,3.8262,4.2783,4.694,5.1868,5.5379,5.726,5.8879,5.969,6.0694,6.136,6.3683,6.7227,7.0841,7.6833,8.3411,8.824,9.3813,9.7608,9.9021,9.837,9.4865,8.8111,8.0739,6.7583,5.0188,3.4387,1.0275,-1.078,-1.603,-0.81339,0.78446,2.2225,3.01,3.8047,4.2324,4.3848,4.3098,4.0085,3.4436,2.8822,2.0422,1.2146,0.76349,0.44501,0.60836,1.007,1.3201,1.5889,1.5702,1.3105,0.60614,-0.69864,-2.1742,-4.9513,-8.135,-7.4986,-4.7172,-1.4318,0.89415,2.0698,3.0966,3.5707,3.5503,3.2006,2.2899,0.77783,-0.8044,-3.6061,-6.3854,-6.4088,-3.5528,-0.53828,1.817,3.1992,4.6914,5.8257,6.5114,7.2139,7.74,8.037,8.2987,8.4582,8.5634,8.6185,8.6918,8.7925,8.8951,9.081,9.298,9.5295,9.6865,9.85,9.9348,9.9314,9.8198,9.6018,9.3489,8.9055,8.3084,7.5011,6.7337,5.4496,3.7888,2.3407,0.54431,0.18746,1.2053,3.2187,5.0425,6.405,7.1034,7.6651,7.8376,7.7272,7.2705,6.471,5.3279
-4.3301,-2.7004,-0.96791,0.32555,1.0052,1.571,1.7414,1.6409,1.2228,0.53562,-0.31482,-0.92752,-1.4968,-1.5799,-1.3219,-0.72347,-0.041656,0.38764,0.84613,1.1241,1.2243,1.1734,0.9869,0.66142,0.37114,-0.045626,-0.47071,-0.78881,-1.2782,-1.8912,-2.7273,-3.6052,-4.9298,-5.9586,-5.891,-4.4561,-2.4703,-0.75058,0.25577,1.2032,1.6954,1.8038,1.6682,1.2595,0.82469,0.093753,-0.61146,-1.2266,-1.5036,-1.5847,-1.3886,-1.03,-0.46658,0.19394,0.68166,1.3051,1.877,2.365,2.6917,3.0397,3.2961,3.3923,3.3721,3.129,2.6053,1.9571,0.73634,-0.99882,-2.5436,-4.1082,-3.4266,-1.6975,0.71525,2.6616,4.101,4.863,5.5654,5.9455,6.0553,6.0462,5.9017,5.7487,5.5464,5.235,4.9965,4.7185,4.3184,3.8497,3.4818,3.0795,2.9325,3.1476,3.5872,4.3676,5.2808,5.9655,6.8329,7.5701,8.0274,8.4689,8.7208,8.7488,8.6181,8.2371,7.6451,7.0351,6.1181,5.0295,4.2172,3.147,2.2676,1.6832,1.4588,1.3355,1.3963,1.504,1.6261,1.7484,1.8503,1.8717,1.8947,1.8213,1.711,1.6051,1.3087,1.1735,0.93338,0.72255,0.50693,0.3436,0.093779,-0.19362,-0.45642,-0.7996,-1.1825,-1.4815,-1.7818,-1.8318,-1.5142,-1.0412,-0.26758,0.49666,0.95869,1.3619,1.4576,1.2062,0.76259,-0.21364,-1.7172,-3.213,-5.7861,-8.154,-8.1816,-5.7467,-2.9996,-0.78352,0.54093,1.9218,2.9812,3.6013,4.2457,4.6927,4.9039,5.0456,5.044,4.9125,4.7712,4.5783,4.4602,4.4889,4.7348,5.1817,5.7725,6.2419,6.8238,7.3011,7.5472,7.7372,7.7223,7.5831,7.1965,6.5598,5.6201,4.6728,2.9604,0.53056,-2.0122,-6.5441,-8.2903,-4.9674,-0.99764,1.6392,3.3734,4.2592,5.0087,5.3361,5.3519,5.1138,4.5949,3.8187
-4.6571,-3.3432,-1.8075,-0.53871,0.19497,0.92797,1.3528,1.5121,1.5023,1.3636,1.0809,0.85174,0.57073,0.34523,0.23882,0.16889,0.17279,0.19587,0.26055,0.32075,0.36608,0.36806,0.36471,0.28632,0.18165,-0.040651,-0.40451,-0.78113,-1.5018,-2.5539,-4.1488,-5.8407,-9.2512,-14.852,-16.162,-10.209,-5.9612,-3.299,-1.9776,-0.85791,-0.3265,-0.26515,-0.61179,-1.4143,-2.3211,-3.9137,-5.9106,-8.0706,-9.3215,-9.5176,-8.4224,-7.2963,-6.0254,-4.9545,-4.3468,-3.661,-3.0858,-2.5588,-2.148,-1.5454,-0.91793,-0.45025,0.12299,0.59815,0.90738,1.0714,1.141,1.1575,1.1772,1.3531,1.8062,2.2877,3.0674,3.8963,4.6342,5.0938,5.5982,5.9274,6.067,6.1348,6.0476,5.8949,5.5766,5.0472,4.365,3.6601,2.4498,0.80676,-0.80769,-3.5178,-5.9938,-5.3371,-2.9975,-0.027629,2.3334,3.7224,5.1634,6.2269,6.8085,7.3236,7.5645,7.5563,7.3847,6.9465,6.3133,5.6955,4.78,3.7433,2.9704,1.9494,1.0069,0.19675,-0.3161,-0.94671,-1.509,-1.826,-2.207,-2.3562,-2.2444,-1.9925,-1.5137,-0.96454,-0.653,-0.32048,-0.23553,-0.27902,-0.52166,-0.99505,-1.6676,-2.2424,-3.0166,-3.5756,-3.7606,-3.6437,-3.1931,-2.7511,-2.1409,-1.5633,-1.0473,-0.70183,-0.30621,-0.026989,0.1163,0.18756,0.10474,-0.13135,-0.39764,-0.86847,-1.4552,-1.9244,-2.4922,-2.8277,-2.8474,-2.5815,-2.0893,-1.4864,-0.98677,-0.39911,0.16154,0.50493,0.90263,1.1587,1.2266,1.1682,0.84901,0.18287,-0.54979,-1.8385,-3.2817,-4.0059,-3.6507,-1.9098,0.13469,1.5067,3.0036,4.1247,4.7336,5.2987,5.5716,5.6232,5.4837,5.1253,4.581,4.0499,3.1938,2.258,1.5953,0.93707,0.72503,0.90217,1.4637,2.15,2.7626,3.1203,3.4164,3.5023,3.4302,3.174,2.7494,2.1982
-4.6187,-3.0498,-1.3427,-0.032239,0.72519,1.4646,1.9215,2.1001,2.1357,1.9848,1.6814,1.3835,0.92659,0.41301,0.019673,-0.49254,-0.94922,-1.2121,-1.4482,-1.5,-1.3829,-1.1864,-0.87488,-0.55178,-0.34904,-0.18174,-0.14216,-0.21888,-0.47979,-0.9228,-1.5572,-2.0701,-2.7539,-3.1281,-3.0948,-2.5422,-1.6735,-0.79962,-0.26568,0.17083,0.26397,0.077395,-0.56688,-1.7188,-2.9738,-5.2558,-8.6484,-13.729,-19.048,-18.433,-13.683,-11.542,-9.9673,-9.1895,-8.9356,-8.8165,-8.865,-8.7734,-8.5412,-7.7072,-6.3312,-5.0605,-3.3137,-1.7154,-0.40163,0.44685,1.3314,2.0595,2.5143,3.0559,3.5617,3.9197,4.3904,4.8473,5.2594,5.5358,5.8451,6.0706,6.1833,6.2334,6.1675,6.0278,5.692,5.2459,4.499,3.841,2.5898,0.92955,-0.69771,-3.3787,-5.818,-5.1641,-2.9142,0.050284,2.375,3.7614,5.1618,6.1781,6.712,7.1606,7.3044,7.1685,6.8828,6.2603,5.3605,4.5229,3.1636,1.6402,0.42669,-1.1018,-2.3918,-3.3611,-3.9436,-4.678,-5.6869,-6.7441,-8.5025,-10.174,-10.024,-8.3392,-5.9109,-3.854,-2.6606,-1.7036,-1.0723,-1.0173,-1.3044,-2.139,-3.5778,-5.1824,-8.1859,-12.121,-13.28,-10.143,-6.7092,-4.8243,-3.0469,-1.8747,-1.1353,-0.80639,-0.59826,-0.60442,-0.69474,-0.91126,-1.1353,-1.3312,-1.4453,-1.5664,-1.6594,-1.7636,-1.8937,-2.0747,-2.2358,-2.4861,-2.7425,-2.9997,-3.1678,-3.2662,-3.1826,-2.9843,-2.5977,-2.1669,-1.9041,-1.7612,-1.9738,-2.6671,-3.6284,-5.7614,-9.5376,-13.954,-13.231,-7.0051,-3.0035,-0.92215,1.0765,2.4462,3.1776,3.8283,4.1952,4.3125,4.3131,4.1712,3.9358,3.7144,3.4114,3.1189,2.9308,2.7273,2.6297,2.5968,2.6114,2.6599,2.6675,2.6245,2.4568,2.1916,1.9142,1.4394,0.87875,0.2867
-2.3793,-0.95323,0.5298,1.6251,2.2248,2.7406,2.9784,2.9751,2.7831,2.3332,1.7207,1.136,0.2128,-0.82425,-1.6828,-2.9079,-4.1864,-5.1165,-6.0905,-6.347,-5.6991,-4.7897,-3.4662,-2.2123,-1.4219,-0.58249,0.027278,0.33899,0.61046,0.75062,0.8395,0.86991,0.96442,1.1278,1.2927,1.6116,1.974,2.3002,2.4866,2.5912,2.4679,2.2005,1.5965,0.68245,-0.21998,-1.7109,-3.4086,-5.168,-6.3847,-7.62,-8.5501,-9.301,-10.406,-11.912,-13.078,-14.575,-15.877,-17.934,-20.947,-23.083,-14.862,-10.429,-6.1968,-3.1967,-0.99272,0.26504,1.5551,2.4913,3.0206,3.5544,3.922,4.1523,4.4174,4.6497,4.9003,5.1024,5.3323,5.5453,5.6736,5.7797,5.8221,5.7975,5.6862,5.4709,5.17,4.8437,4.3503,3.7759,3.3502,2.8819,2.7095,2.9265,3.3731,4.1554,5.068,5.7203,6.5064,7.1236,7.4611,7.7127,7.7277,7.4621,7.0701,6.2641,5.0596,3.8984,1.8286,-0.87689,-3.5473,-7.9406,-11.593,-10.435,-8.7737,-7.5009,-7.427,-8.2422,-10.327,-13.494,-13.362,-10.12,-6.2517,-3.5536,-2.1454,-0.74018,-0.0099336,0.24183,0.11306,-0.49193,-1.6281,-2.869,-4.9894,-7.1181,-7.6045,-6.2085,-4.0553,-2.6946,-1.373,-0.5698,-0.2454,-0.28213,-0.69359,-1.4511,-2.2311,-3.3615,-4.2791,-4.569,-4.3396,-3.6958,-3.0244,-2.6371,-2.396,-2.4913,-2.7961,-3.5039,-4.5766,-6.032,-7.4056,-9.185,-10.127,-9.5548,-7.8182,-5.9268,-4.7124,-3.5375,-2.7883,-2.4071,-2.3527,-2.492,-2.6611,-2.631,-2.1692,-1.1979,-0.019706,0.83152,1.7934,2.487,2.8432,3.0643,3.0848,2.9771,2.7488,2.4998,2.2831,2.191,2.1653,2.2129,2.2632,2.3337,2.3624,2.3507,2.2559,2.0704,1.8032,1.5326,1.0847,0.48916,-0.05803,-0.94086,-1.9758,-3.1174
1.3808,2.0833,2.8656,3.4283,3.6881,3.807,3.6567,3.3675,2.738,1.8559,0.69974,-0.32713,-1.8806,-3.5847,-4.9376,-6.8848,-9.262,-11.772,-17.357,-29.073,-15.159,-10.538,-6.6777,-4.1657,-2.8087,-1.482,-0.58692,-0.10849,0.34367,0.6793,0.99581,1.2435,1.6509,2.1147,2.5174,3.0385,3.5274,3.9456,4.1753,4.3554,4.3514,4.2161,3.8566,3.2925,2.7362,1.8363,0.75065,-0.45365,-1.4812,-2.9807,-4.8007,-6.479,-9.4952,-13.942,-19.668,-41.973,-20.434,-16.481,-14.929,-12.74,-9.7309,-7.2327,-4.235,-1.8369,0.0024332,0.99011,1.9839,2.5412,2.7478,2.7645,2.5847,2.3927,2.1586,2.0743,2.1959,2.3971,2.7542,3.1135,3.3412,3.6023,3.7982,3.9293,4.1147,4.216,4.3901,4.4378,4.5398,4.5876,4.6236,4.6815,4.7832,4.9868,5.1817,5.5568,6.0043,6.353,6.8343,7.2664,7.5325,7.7614,7.8154,7.6442,7.3377,6.6614,5.6271,4.5889,2.777,0.43705,-1.76,-4.9823,-7.2337,-6.8935,-5.7242,-4.5339,-3.8279,-3.5477,-3.4501,-3.2199,-2.72,-2.0501,-1.007,0.12065,0.88308,1.7234,2.3008,2.6082,2.7705,2.7,2.4266,2.131,1.6955,1.3657,1.2759,1.3322,1.5545,1.7423,1.8853,1.8145,1.433,0.89398,-0.25031,-2.0513,-3.9957,-7.9779,-15.886,-19.159,-11.502,-6.8132,-4.4039,-3.3409,-2.6849,-2.6583,-3.0084,-3.9701,-5.5761,-7.936,-10.395,-15.263,-20.416,-17.132,-11.855,-8.3417,-6.4001,-4.3997,-2.8661,-1.7399,-1.0735,-0.37223,0.20002,0.58054,1.0502,1.5138,1.9261,2.1641,2.3498,2.3527,2.1846,1.745,0.99953,0.27182,-0.8823,-2.0114,-2.6782,-2.6464,-2.0383,-1.1598,-0.55099,0.064208,0.35945,0.40657,0.24508,-0.13664,-0.64474,-1.0639,-1.6411,-2.3259,-2.9643,-4.1046,-5.8341,-8.506
3.7522,4.0661,4.3818,4.5217,4.4932,4.2608,3.7655,3.2116,2.1721,0.79428,-1.042,-2.7177,-5.3814,-8.4239,-10.532,-12.069,-12.211,-11.941,-11.657,-10.835,-9.0943,-7.5021,-5.46,-3.8247,-2.8889,-2.0501,-1.6329,-1.5396,-1.6405,-1.8244,-1.8881,-1.6387,-0.9352,0.12995,1.0222,2.1651,3.1689,3.981,4.4507,4.8939,5.1453,5.2108,5.1325,4.8774,4.589,4.0714,3.4156,2.6013,1.9082,0.80289,-0.50446,-1.6304,-3.3071,-5.0725,-6.2279,-7.1042,-6.9029,-5.9234,-4.9893,-3.5961,-2.1747,-1.1228,0.1885,1.2849,2.1247,2.5232,2.7351,2.5421,2.1001,1.0752,-0.45213,-1.9554,-4.0951,-5.2698,-4.6009,-3.5236,-2.1127,-1.2052,-0.81827,-0.58483,-0.51834,-0.42672,-0.10281,0.54421,1.2511,1.8651,2.5021,3.0095,3.2696,3.4954,3.5954,3.6385,3.6627,3.7923,4.0406,4.3679,4.9204,5.5669,6.0435,6.6124,7.016,7.229,7.2374,7.0218,6.5758,6.0439,5.1974,4.151,3.3348,2.2902,1.4738,0.95863,0.71535,0.59727,0.53314,0.54737,0.5945,0.73121,1.0331,1.307,1.8274,2.3987,2.8993,3.4597,4.044,4.3633,4.729,4.9564,5.0695,5.0975,5.0772,5.013,4.935,4.834,4.6917,4.5496,4.2879,3.8885,3.3184,2.7487,1.7673,0.49574,-0.64235,-2.3016,-3.6855,-4.0906,-3.6679,-2.6914,-1.7768,-1.3628,-1.1613,-1.4171,-1.9027,-2.9404,-4.3671,-6.1005,-7.482,-9.1344,-10.183,-10.214,-9.3579,-7.7687,-6.3966,-4.5808,-2.974,-1.6202,-0.77497,0.14263,0.84115,1.2542,1.6758,1.9313,2.0445,2.0327,1.8603,1.4737,0.99643,0.076988,-1.321,-2.806,-5.7199,-10.782,-23.912,-16.831,-8.7968,-5.1473,-3.5373,-2.3376,-1.9174,-2.0642,-2.7569,-3.9274,-5.368,-6.2883,-6.8288,-6.5468,-6.2264,-6.0967,-6.5375,-7.5927
4.4277,4.6407,4.781,4.7475,4.596,4.2041,3.5857,2.9412,1.8346,0.34234,-1.5864,-3.4328,-6.6694,-11.326,-16.023,-17.161,-12.404,-9.8446,-7.557,-5.8757,-4.5389,-3.7195,-2.7898,-2.1407,-1.8775,-1.884,-2.3529,-3.0956,-4.7318,-7.3935,-11.187,-12.517,-8.67,-4.4632,-2.1252,0.22989,1.9508,3.1967,3.8991,4.5647,4.9799,5.1568,5.2491,5.2113,5.1167,4.9212,4.6809,4.3684,4.1073,3.6833,3.2203,2.8257,2.314,1.8352,1.5621,1.3806,1.4115,1.6615,1.955,2.4352,2.9847,3.3954,3.8661,4.2187,4.3736,4.3704,4.0489,3.3817,2.5797,1.0066,-1.3814,-3.8851,-8.72,-13.072,-9.6014,-6.9177,-4.9024,-4.2442,-4.4562,-5.7143,-7.9819,-9.9022,-9.9356,-6.5372,-3.6903,-1.9914,-0.47384,0.4594,0.82122,0.91426,0.61899,-0.06691,-0.70369,-1.6233,-1.963,-1.4987,-0.085513,1.6555,2.8915,4.2956,5.3914,6.1771,6.5869,6.91,6.9974,6.9259,6.6734,6.255,5.8874,5.3109,4.6933,4.0748,3.5949,2.994,2.4121,1.9824,1.5506,1.2383,1.1549,1.2434,1.605,2.1635,2.642,3.4165,4.1248,4.6337,5.2168,5.6916,6.0428,6.22,6.3514,6.3576,6.2823,6.1025,5.8345,5.5841,5.2111,4.8097,4.3937,4.0708,3.6287,3.1828,2.8347,2.4292,2.1118,1.9238,1.8681,1.8446,1.7811,1.6396,1.2887,0.66158,-0.017149,-1.2132,-2.7865,-4.8234,-6.6717,-9.869,-13.952,-16.712,-14.581,-10.335,-7.8425,-5.2238,-3.3075,-1.8445,-1.0128,-0.18628,0.3771,0.65545,0.8774,0.94655,0.88598,0.76893,0.51164,0.11152,-0.2634,-0.94985,-1.8173,-2.6231,-3.8722,-5.1185,-5.7481,-5.5255,-4.4923,-3.2489,-2.5062,-1.9781,-2.025,-2.5264,-3.9498,-6.5407,-11.274,-18.805,-19.397,-10.711,-7.7859,-5.6161,-4.4937,-4.0142
3.4016,3.6357,3.7661,3.7063,3.536,3.141,2.5729,2.0417,1.2013,0.22158,-0.88001,-1.7746,-2.9645,-4.0364,-4.591,-4.8008,-4.406,-3.8683,-3.0136,-2.2108,-1.5334,-1.1353,-0.78518,-0.66333,-0.75754,-1.1411,-1.874,-2.6977,-4.2016,-6.1414,-8.0107,-8.3335,-6.6956,-4.1118,-2.3352,-0.37507,1.1132,2.2148,2.811,3.3398,3.5995,3.6512,3.6005,3.4957,3.4287,3.4409,3.5772,3.8547,4.0831,4.4136,4.6848,4.8522,4.9935,5.0883,5.13,5.1763,5.2269,5.2861,5.3519,5.4479,5.5596,5.6426,5.7363,5.7839,5.7287,5.5931,5.2742,4.7242,4.1559,3.1667,1.9687,0.98525,-0.27838,-1.2128,-1.7805,-1.9823,-2.3771,-3.0371,-3.8906,-5.6063,-8.0515,-9.8943,-10.107,-7.3574,-4.8347,-3.385,-2.0482,-1.3429,-1.1557,-1.3948,-2.2154,-3.802,-5.7356,-10.338,-24.148,-15.942,-7.044,-2.6667,-0.451,1.7051,3.2914,4.4623,5.1384,5.8242,6.2664,6.4956,6.5782,6.4998,6.3033,5.8876,5.2781,4.4748,3.7722,2.6312,1.3275,0.23832,-1.284,-2.6431,-3.5301,-3.5354,-2.8708,-1.6012,-0.57341,0.81052,2.0513,2.9347,3.9206,4.7274,5.329,5.6376,5.851,5.8458,5.713,5.3359,4.7941,4.3124,3.6493,3.1091,2.8171,2.7915,2.9641,3.2555,3.4984,3.7743,3.9725,4.0745,4.0824,3.9995,3.7738,3.5248,3.0155,2.3134,1.6468,0.53548,-0.87227,-2.6253,-4.1915,-6.6132,-9.1539,-10.372,-9.7347,-7.606,-6.0197,-4.2699,-2.963,-2.096,-1.6735,-1.361,-1.2805,-1.35,-1.5673,-1.8338,-2.1341,-2.378,-2.6926,-2.9534,-3.0968,-3.1816,-3.1507,-3.0385,-2.7984,-2.4628,-2.0065,-1.6126,-1.0311,-0.49045,-0.1805,0.040174,-0.054133,-0.32848,-1.0213,-1.9986,-3.033,-3.5916,-3.7339,-3.1222,-2.4646,-1.6317,-1.0387,-0.73279
1.6732,1.9138,2.0207,1.8854,1.6469,1.1634,0.53186,0.031282,-0.62363,-1.128,-1.4529,-1.5749,-1.5901,-1.4677,-1.3155,-1.0267,-0.64734,-0.35189,0.052272,0.37682,0.60956,0.72001,0.71123,0.54239,0.31148,-0.13444,-0.71601,-1.2055,-1.8517,-2.3896,-2.6526,-2.6004,-2.1763,-1.4207,-0.77681,0.12807,0.9109,1.4968,1.7538,1.8415,1.5951,1.1842,0.34878,-0.69403,-1.3669,-1.5929,-0.75612,0.8058,2.0025,3.4632,4.6164,5.303,5.9704,6.4264,6.627,6.7313,6.6997,6.5555,6.3981,6.1712,5.9533,5.8368,5.7739,5.8025,5.8852,5.9094,5.9099,5.7617,5.5459,5.1276,4.5797,4.0858,3.3823,2.6569,1.9294,1.4141,0.66063,-0.11308,-0.72799,-1.5111,-2.1941,-2.55,-2.7839,-2.5623,-2.2669,-2.0274,-1.7907,-1.7656,-1.8696,-2.1755,-2.7042,-3.4183,-4.0089,-4.715,-4.9204,-4.478,-3.2917,-1.8006,-0.73631,0.52816,1.6004,2.561,3.2396,4.0682,4.8063,5.2814,5.7154,5.9376,5.9026,5.6208,5.023,4.0832,3.1573,1.53,-0.57815,-2.5702,-6.0744,-11.173,-20.797,-20.183,-12.078,-7.8013,-5.3621,-3.0346,-0.91719,0.36925,1.8767,3.0845,3.9862,4.4594,4.7982,4.7868,4.5417,3.8174,2.6209,1.3628,-0.79344,-3.0975,-3.8885,-2.7897,-0.5587,1.3877,2.5255,3.6213,4.339,4.7531,4.896,4.8956,4.7091,4.4689,4.0027,3.4111,2.8855,2.0772,1.1781,0.22746,-0.51206,-1.4077,-2.116,-2.4739,-2.6237,-2.49,-2.2899,-2.0447,-1.9342,-2.0585,-2.3387,-2.951,-3.8325,-4.5963,-5.6845,-6.6015,-7.3167,-7.73,-8.2796,-8.7799,-9.076,-8.7456,-7.5567,-6.2705,-4.4696,-2.8141,-1.4273,-0.53351,0.48236,1.2582,1.7066,2.1412,2.3621,2.4302,2.4015,2.2921,2.1635,2.1198,2.1146,2.2117,2.3094,2.4407,2.4868,2.3944
0.49824,0.61756,0.58675,0.2682,-0.17037,-1.0478,-2.3064,-3.4612,-4.9719,-5.6949,-5.0239,-3.9257,-2.3766,-1.0034,-0.14884,0.75751,1.4385,1.8098,2.156,2.344,2.3675,2.2794,2.0165,1.5975,1.1957,0.53949,-0.20887,-0.77559,-1.4779,-2.0203,-2.2318,-2.1608,-1.7242,-1.0535,-0.47312,0.28554,0.93349,1.362,1.4981,1.3725,0.81326,0.020413,-1.7614,-4.9562,-9.3663,-26.326,-8.003,-1.9394,0.86612,3.4644,5.2818,6.285,7.2249,7.7801,7.9768,7.9559,7.6242,7.006,6.3614,5.3353,4.3018,3.7241,3.5185,3.9897,4.8397,5.4735,6.1824,6.6436,6.8025,6.8057,6.5632,6.2563,5.6973,4.981,4.202,3.5423,2.7044,1.8791,1.334,0.72037,0.28691,0.043646,-0.15173,-0.40942,-0.58239,-0.90384,-1.389,-1.9951,-2.4924,-3.0069,-3.2389,-3.0305,-2.7205,-2.156,-1.5362,-1.1455,-0.68956,-0.42287,-0.39054,-0.5327,-0.74954,-0.58725,0.023824,1.4297,3.0752,4.133,5.2857,5.9852,6.2299,6.1856,5.7283,4.8448,3.8953,2.2362,0.11989,-1.7852,-4.6986,-7.805,-10.527,-11.487,-11.419,-9.9841,-8.4894,-5.8438,-3.3148,-1.6078,0.45154,2.1376,3.4468,4.176,4.8115,5.0274,4.8815,4.2634,3.0311,1.6173,-1.1676,-5.0605,-6.7744,-4.1466,-0.43456,2.1256,3.464,4.6654,5.3835,5.7315,5.7982,5.6813,5.3867,5.0578,4.5584,3.9925,3.5495,2.9636,2.4098,1.8977,1.5523,1.1529,0.86504,0.70047,0.53881,0.39545,0.26833,-0.012655,-0.50593,-1.2934,-2.1493,-3.7683,-6.1136,-8.4787,-12.488,-16.143,-15.357,-13.992,-13.474,-15.131,-18.931,-36.784,-15.074,-9.9053,-5.5951,-2.6433,-0.49531,0.76065,2.0704,3.0595,3.6324,4.2232,4.6482,4.8714,5.1005,5.265,5.3953,5.4824,5.6132,5.7033,5.7558,5.7685,5.6893,5.4885
-0.94559,-0.95016,-0.94244,-1.0287,-1.3103,-2.1806,-3.8329,-5.967,-11.038,-19.399,-10.492,-6.0651,-2.4664,-0.16472,1.0624,2.2293,2.98,3.3476,3.5884,3.61,3.4175,3.128,2.6003,1.8877,1.2159,0.13716,-1.1854,-2.3562,-4.1568,-5.9405,-6.9583,-6.6219,-5.0429,-3.1629,-1.8402,-0.41958,0.65477,1.3987,1.7608,1.9717,1.893,1.6531,1.128,0.51831,0.1965,0.38499,1.4718,3.1893,4.5402,6.2104,7.5903,8.4029,9.1982,9.6269,9.718,9.5114,8.8654,7.6984,6.3882,3.7905,-0.45276,-6.0373,-9.2432,-1.0589,3.0679,5.0225,6.6832,7.6876,8.1103,8.3034,8.1455,7.8288,7.1536,6.2232,5.0441,4.0294,2.5806,1.2192,0.41913,-0.16827,-0.19384,0.0084633,0.33575,0.41896,0.17587,-0.24888,-1.3986,-3.263,-5.3166,-8.8202,-9.7574,-6.35,-3.7992,-1.3611,0.24028,0.99584,1.4664,1.2557,0.58004,-1.3633,-5.4433,-18.164,-11.923,-2.3048,2.1029,4.2545,6.1412,7.2612,7.724,7.863,7.5348,6.7727,5.9196,4.4382,2.5343,0.88683,-1.7287,-4.6828,-8.2526,-11.634,-18.412,-23.276,-15.266,-9.3853,-5.3197,-2.8172,-0.15246,2.0271,3.7771,4.808,5.8439,6.4999,6.7456,6.7905,6.5245,6.1749,5.6278,5.1852,5.0813,5.287,5.8067,6.3972,6.7624,7.0605,7.1023,6.8769,6.5448,5.9173,5.1297,4.4839,3.6283,2.8392,2.3407,1.8234,1.4487,1.2182,1.1534,1.1673,1.2785,1.4296,1.6224,1.7599,1.775,1.6403,1.2452,0.52486,-0.28599,-1.8181,-3.9651,-6.0518,-9.3251,-11.789,-11.362,-10.172,-8.9468,-8.3959,-8.0646,-7.1665,-5.4552,-3.8257,-1.6292,0.31587,1.9304,2.9298,3.9701,4.7642,5.213,5.6401,5.9537,6.1308,6.3373,6.5524,6.8065,7.0049,7.2922,7.5656,7.7399,7.8923,7.9357,7.8394
-7.3334,-7.0475,-4.9491,-2.9649,-1.978,-1.3206,-1.263,-1.447,-1.7923,-1.775,-1.1222,-0.32325,0.84368,1.8995,2.5247,3.1295,3.4713,3.5703,3.4861,3.1613,2.6321,2.125,1.3028,0.34193,-0.47751,-1.7113,-3.2547,-4.7598,-7.5717,-12.1,-19.585,-16.117,-9.4162,-5.5541,-3.6251,-1.769,-0.4872,0.41699,0.91887,1.4306,1.8257,2.0928,2.4726,2.9395,3.3863,4.16,5.1195,6.1968,7.0531,8.1556,9.1548,9.7782,10.425,10.819,10.921,10.779,10.301,9.4464,8.545,7.0278,5.3127,4.25,3.8765,4.8205,6.2264,7.205,8.1844,8.7925,9.0169,9.0113,8.6941,8.2328,7.3277,6.0572,4.3119,2.6377,-0.37387,-4.7631,-9.3192,-10.388,-5.3319,-2.7333,-0.61155,0.6473,1.0415,0.9706,0.31383,-1.072,-2.5422,-4.6434,-4.9831,-2.6686,-0.63759,1.5993,3.1929,4.01,4.636,4.7801,4.5958,4.0108,3.3057,3.0271,3.4517,4.792,6.421,7.4861,8.6028,9.3175,9.5689,9.5706,9.1862,8.4467,7.6488,6.3017,4.5855,3.0766,0.76282,-1.9308,-4.982,-7.2097,-10.021,-11.198,-10.975,-8.7062,-5.7293,-3.5085,-0.66385,1.7677,3.7772,5.0374,6.3711,7.3682,7.9362,8.4467,8.7589,8.8836,8.9648,8.9917,9.0063,9.0074,8.9793,8.8718,8.6948,8.2995,7.6506,6.703,5.7738,4.2337,2.3643,0.84338,-1.1555,-2.6367,-3.2413,-3.5441,-3.5802,-3.5101,-3.3485,-2.8116,-1.9414,-1.147,-0.055631,0.89868,1.4546,1.952,2.1575,2.0442,1.765,1.1593,0.34449,-0.33855,-1.1913,-1.868,-2.1687,-2.1844,-2.0167,-1.6557,-1.2909,-0.61833,0.20961,0.90594,1.8804,2.8182,3.6307,4.1277,4.6208,4.8937,4.9548,4.8644,4.6324,4.4507,4.2874,4.3674,4.7592,5.2346,5.9498,6.694,7.1796,7.701,8.0392,8.1774
-8.5729,-7.9526,-4.7041,-2.029,-0.62092,0.63861,1.3684,1.7052,1.991,2.1485,2.3034,2.4204,2.5799,2.6874,2.7178,2.6637,2.4844,2.2204,1.7048,0.93882,-0.079158,-0.99491,-2.3601,-3.7034,-4.507,-5.2292,-5.6161,-5.8693,-6.2299,-6.5894,-6.6356,-6.2748,-5.4115,-4.3582,-3.6398,-2.8991,-2.3926,-2.0803,-1.9115,-1.6539,-1.2645,-0.82882,-0.043141,0.94126,1.7994,3.0231,4.3261,5.6185,6.5708,7.7501,8.8029,9.4896,10.227,10.767,11.021,11.157,11.079,10.806,10.498,10.003,9.5068,9.2089,8.9629,8.9132,8.9914,9.0649,9.1477,9.1084,8.9794,8.6629,8.1435,7.6174,6.7078,5.5283,4.0523,2.7002,0.61596,-1.6816,-3.0707,-3.4004,-2.0179,-0.6536,0.87839,2.0845,2.8626,3.1651,3.3757,3.3879,3.3705,3.4307,3.7698,4.4043,5.0062,5.9108,6.7533,7.2981,7.8751,8.2881,8.5005,8.7124,8.8962,9.1435,9.3927,9.8191,10.27,10.569,10.869,10.981,10.916,10.629,10.094,9.3024,8.5476,7.306,5.821,4.5121,2.5454,0.26378,-2.3558,-4.64,-8.3741,-13.791,-21.478,-15.073,-8.1989,-4.6361,-1.2572,1.3574,3.4076,4.6565,6.0052,7.0594,7.6808,8.3301,8.8119,9.0845,9.344,9.5084,9.5769,9.5552,9.418,9.1173,8.7627,8.0625,7.0489,5.6442,4.2669,1.8798,-1.4118,-4.8131,-11.915,-24.786,-16.196,-11.786,-10.918,-12.155,-14.058,-14.224,-9.8479,-6.7542,-3.6017,-1.3504,-0.088499,1.1465,1.9576,2.421,2.5792,2.586,2.4084,2.1845,1.8264,1.4747,1.1548,0.97093,0.82016,0.83146,0.926,1.1833,1.6003,1.9699,2.5028,3.004,3.41,3.5864,3.6336,3.37,2.9366,2.0042,0.54762,-0.90352,-3.0666,-4.1511,-2.653,-0.71506,1.6691,3.5116,4.5744,5.6268,6.3224,6.7171
1.2628,1.2217,1.5147,2.03,2.4191,2.8547,3.1327,3.202,3.1479,2.9317,2.5591,2.1969,1.6373,1.037,0.61427,0.10728,-0.3535,-0.71626,-1.3496,-2.2881,-3.76,-5.3798,-8.5233,-13.358,-17.154,-14.423,-10.278,-8.2783,-6.5787,-5.5604,-4.921,-4.6172,-4.4071,-4.4099,-4.5719,-5.0337,-5.7993,-6.8482,-7.7437,-8.8121,-9.1517,-8.6481,-7.1333,-5.138,-3.5584,-1.4908,0.52402,2.4185,3.7067,5.2947,6.6595,7.5522,8.5368,9.294,9.7248,10.121,10.318,10.348,10.279,10.088,9.8212,9.5905,9.2673,8.9334,8.5973,8.3298,7.9557,7.5433,7.1958,6.6775,6.0745,5.5784,4.84,4.0351,3.1883,2.5857,1.8285,1.296,1.0857,1.1506,1.5454,2.0102,2.7408,3.4227,4.0917,4.4854,4.9252,5.3156,5.5822,5.9532,6.3732,6.8529,7.2663,7.8419,8.4299,8.8654,9.4053,9.8849,10.204,10.578,10.894,11.16,11.331,11.497,11.578,11.593,11.489,11.242,10.966,10.445,9.7669,8.921,8.2001,7.0902,5.8514,4.8272,3.3398,1.6912,-0.095903,-1.5411,-3.5554,-5.2507,-6.0218,-5.3949,-3.6448,-2.1455,-0.19547,1.4806,2.8728,3.7271,4.672,5.419,5.861,6.3622,6.7652,7.0336,7.3502,7.621,7.8237,7.9187,7.9296,7.7694,7.5106,6.9386,6.0731,4.8622,3.7028,1.7662,-0.61218,-2.6167,-5.3887,-7.4928,-8.38,-9.0634,-9.9307,-11.383,-12.572,-12.407,-9.7629,-7.413,-4.6962,-2.5282,-1.2185,0.13227,1.1287,1.814,2.1431,2.3562,2.344,2.208,1.8644,1.3929,0.79498,0.30674,-0.32429,-0.86244,-1.0943,-1.1221,-0.78639,-0.3505,0.32665,0.96714,1.4502,1.664,1.6721,1.3318,0.79908,-0.37437,-2.2061,-4.1984,-7.8566,-10.709,-7.5539,-4.5249,-1.476,0.63688,1.8014,2.9181,3.6543,4.0902
4.0581,3.9824,3.9553,3.9642,3.9638,3.906,3.7393,3.5062,2.9994,2.2531,1.1988,0.18135,-1.4931,-3.412,-4.7748,-5.8447,-5.7351,-5.2202,-4.6611,-4.5777,-5.1337,-5.9566,-7.6338,-9.5684,-10.44,-9.8807,-8.1096,-6.8534,-5.5936,-4.7879,-4.4189,-4.3958,-4.6588,-5.2993,-6.042,-7.4239,-9.4003,-12.189,-15.108,-21.347,-47.271,-25.153,-17.886,-13.68,-11.109,-7.8409,-4.8507,-2.1399,-0.32512,1.7753,3.5425,4.6555,5.8936,6.8467,7.3987,7.9315,8.2477,8.3683,8.3439,8.183,7.8826,7.5729,7.068,6.47,5.8012,5.2885,4.5607,3.8575,3.3602,2.7118,2.1091,1.6424,1.0247,0.407,-0.145,-0.46851,-0.68911,-0.61247,-0.34808,0.22243,0.96635,1.5547,2.3695,3.0662,3.6753,4.0995,4.5464,4.9213,5.1742,5.5131,5.8706,6.291,6.6525,7.1847,7.7778,8.2374,8.8542,9.442,9.8489,10.318,10.701,10.975,11.104,11.16,11.086,10.933,10.594,10.105,9.6419,8.8944,8.0258,7.075,6.3163,5.3068,4.3046,3.5789,2.649,1.7542,0.90802,0.31897,-0.33854,-0.8086,-0.91297,-0.80437,-0.47428,-0.065729,0.54678,1.1404,1.6386,1.9371,2.213,2.3513,2.41,2.4469,2.5431,2.7004,3.0748,3.6015,4.2029,4.637,5.1102,5.4044,5.472,5.3482,4.9539,4.2846,3.6096,2.5,1.2124,0.15615,-1.2637,-2.622,-3.5623,-4.6697,-5.6347,-6.3279,-6.6294,-6.6215,-6.0749,-5.3991,-4.245,-2.9863,-2.0641,-0.96498,-0.059508,0.60879,0.94599,1.1675,1.1275,0.92887,0.42883,-0.38725,-1.5139,-2.6219,-4.5023,-6.8211,-8.53,-9.2936,-7.6894,-5.9215,-3.8502,-2.2903,-1.2427,-0.72469,-0.38252,-0.37153,-0.56737,-1.0701,-1.7472,-2.2953,-2.9046,-3.1158,-2.8498,-2.3737,-1.5931,-0.83724,-0.36304,0.12764,0.44143,0.59369
4.1817,4.111,4.0382,3.9778,3.9283,3.8026,3.55,3.2535,2.639,1.6926,0.31579,-1.1031,-3.7377,-7.8351,-13.018,-23.212,-12.257,-8.5224,-5.8023,-4.3932,-3.724,-3.5562,-3.5774,-3.7052,-3.763,-3.712,-3.5302,-3.3665,-3.2057,-3.21,-3.4507,-3.7999,-4.5199,-5.5406,-6.5432,-8.1841,-10.217,-12.605,-14.661,-17.524,-20.071,-21.647,-23.829,-24.266,-20.539,-14.616,-9.929,-6.1918,-3.9093,-1.4128,0.6007,1.8228,3.1466,4.1513,4.7112,5.2293,5.5208,5.5967,5.5194,5.2465,4.7848,4.3159,3.52,2.54,1.3773,0.40498,-0.90824,-2.1268,-2.8535,-3.4709,-3.8181,-4.0474,-4.5011,-5.2687,-6.3334,-7.2329,-7.78,-6.9962,-5.6548,-3.6537,-1.8295,-0.68059,0.54111,1.4939,2.1154,2.4605,2.7392,2.8497,2.8762,2.885,2.9618,3.1993,3.5106,4.1397,4.951,5.6239,6.5514,7.4399,8.0403,8.7306,9.2635,9.6245,9.7692,9.8016,9.6354,9.3602,8.82,8.0658,7.3517,6.2375,4.9536,3.5892,2.5652,1.3748,0.48266,0.05949,-0.26177,-0.37774,-0.43964,-0.48577,-0.51352,-0.55483,-0.53079,-0.54686,-0.47083,-0.4106,-0.37805,-0.40424,-0.54212,-0.74253,-1.2006,-1.909,-2.6103,-3.7697,-4.8684,-5.2569,-4.6132,-2.9227,-1.0081,0.27615,1.6798,2.708,3.2439,3.6666,3.7759,3.605,3.3065,2.7202,1.9354,1.2398,0.21027,-0.93082,-1.8316,-3.0954,-4.3807,-5.6599,-6.5081,-7.3748,-7.6155,-7.2565,-6.2199,-4.867,-3.8486,-2.5827,-1.575,-0.83908,-0.47918,-0.24088,-0.28309,-0.50541,-1.0474,-1.9163,-3.1741,-4.4439,-6.739,-10.048,-13.288,-15.53,-11.608,-8.7434,-6.0228,-4.2187,-3.0406,-2.494,-2.078,-1.9683,-2.0282,-2.2227,-2.5019,-2.7073,-2.9253,-3.0416,-3.0514,-3.0319,-2.9804,-2.992,-3.0755,-3.305,-3.6608,-4.0944
1.8951,1.7991,1.8189,1.9914,2.1675,2.3908,2.5095,2.4824,2.2616,1.7758,0.99654,0.22624,-1.0331,-2.3912,-3.2821,-3.9162,-3.7326,-3.2494,-2.4666,-1.7926,-1.3207,-1.1112,-0.96329,-0.93234,-0.96349,-1.0423,-1.1933,-1.3498,-1.6471,-2.0939,-2.7102,-3.3058,-4.3196,-5.5806,-6.6894,-8.3829,-10.263,-12.271,-13.767,-15.693,-17.57,-18.902,-20.478,-20.475,-18.458,-14.459,-10.748,-7.6168,-5.6465,-3.4594,-1.7091,-0.65488,0.44217,1.2437,1.6618,2.009,2.1394,2.0754,1.9051,1.4979,0.88617,0.27793,-0.77148,-2.1679,-3.9962,-5.7985,-8.882,-12.813,-15.306,-14.254,-11.634,-10.273,-9.5508,-9.9867,-11.958,-14.873,-23.308,-17.031,-11.43,-6.9751,-4.1348,-2.6257,-1.2455,-0.34162,0.11822,0.1565,-0.063187,-0.6092,-1.2142,-2.2177,-3.2276,-3.8239,-3.6288,-2.4393,-0.65828,0.77994,2.5604,4.0992,5.0777,6.147,6.9381,7.4605,7.6777,7.7326,7.5081,7.1641,6.4506,5.4223,4.4246,2.7717,0.67375,-1.9551,-4.2413,-7.3393,-8.7149,-7.9653,-6.2252,-4.7704,-3.7682,-3.2597,-2.8593,-2.6294,-2.6173,-2.6247,-2.6794,-2.7933,-2.9859,-3.2687,-3.674,-4.1156,-4.9312,-6.1308,-7.4574,-10.095,-14.946,-22.86,-17.6,-9.848,-5.6085,-3.3906,-1.2018,0.36081,1.2201,2.0006,2.437,2.5712,2.4947,2.1763,1.6332,1.1011,0.22156,-0.85,-1.7966,-3.2797,-5.1217,-7.5196,-9.8828,-14.344,-19.864,-17.313,-11.745,-8.1261,-6.2334,-4.4134,-3.1699,-2.3807,-2.0344,-1.8499,-1.9299,-2.1368,-2.5783,-3.1442,-3.8561,-4.4396,-5.2489,-6.0089,-6.3958,-6.5052,-6.122,-5.6294,-4.9029,-4.3088,-3.9302,-3.8295,-3.9148,-4.2281,-4.5607,-5.0498,-5.496,-5.7331,-5.8875,-5.9113,-5.8619,-5.8647,-6.007,-6.3659,-6.8162,-7.7364,-9.046,-10.745
-3.753,-4.161,-3.7518,-2.559,-1.5349,-0.29896,0.66268,1.1762,1.6187,1.7979,1.7499,1.5984,1.2924,0.94232,0.69882,0.45899,0.34972,0.32734,0.36162,0.41559,0.4267,0.40046,0.32063,0.17881,0.037973,-0.19199,-0.49072,-0.76627,-1.2253,-1.822,-2.5953,-3.3108,-4.4806,-5.943,-7.2272,-9.2301,-11.509,-13.949,-15.647,-17.153,-17.479,-17.036,-15.881,-14.34,-13.005,-11.057,-9.1165,-7.295,-6.0316,-4.6308,-3.5161,-2.8824,-2.2851,-1.9361,-1.8303,-1.8461,-2.0169,-2.2972,-2.5651,-2.9986,-3.5512,-4.0741,-4.9569,-6.1318,-7.6665,-9.1014,-11.607,-14.486,-15.962,-15.046,-12.639,-11.092,-9.7299,-9.0241,-8.7958,-8.6706,-8.3056,-7.3511,-6.2722,-4.7237,-3.3289,-2.4947,-1.7418,-1.3871,-1.4123,-1.7929,-2.6652,-4.0353,-5.4806,-8.1388,-12.271,-21.21,-27.563,-13.13,-7.499,-4.6026,-1.6723,0.58453,1.9442,3.3535,4.3716,5.0309,5.3143,5.3983,5.1666,4.8039,4.0453,2.9486,1.8909,0.1153,-2.1759,-5.1758,-8.0941,-12.865,-15.069,-12.807,-9.7755,-7.8297,-6.691,-6.2165,-5.9649,-5.9536,-6.1534,-6.3775,-6.6596,-6.8931,-7.1592,-7.4216,-7.7225,-8.0121,-8.4582,-8.984,-9.4605,-10.044,-10.409,-10.279,-9.2984,-7.5508,-5.5399,-4.0992,-2.4121,-1.042,-0.2254,0.5576,1.0458,1.2503,1.24,1.0164,0.58488,0.1392,-0.60485,-1.5088,-2.3022,-3.5122,-4.9786,-6.7055,-8.2068,-10.258,-11.476,-11.037,-9.2375,-7.2563,-5.9998,-4.7442,-3.9316,-3.5528,-3.5028,-3.7293,-4.2164,-4.6584,-5.2707,-5.722,-5.903,-5.8843,-5.7214,-5.4713,-5.2788,-5.0013,-4.7567,-4.6193,-4.5321,-4.614,-4.9431,-5.3595,-6.2058,-7.4002,-8.5315,-10.277,-11.867,-12.524,-12.266,-11.239,-10.242,-9.717,-9.464,-9.7459,-10.303,-11.612,-13.579,-16.42
-14.008,-28.987,-14.509,-7.7974,-4.9824,-2.4489,-0.73207,0.20153,1.0892,1.6781,2.0347,2.1779,2.2514,2.2226,2.1574,2.0308,1.8656,1.7207,1.4937,1.2217,0.91024,0.65795,0.29534,-0.067252,-0.32857,-0.67322,-0.98209,-1.2291,-1.6074,-2.091,-2.7331,-3.3664,-4.4311,-5.8469,-7.1618,-9.4131,-12.399,-16.697,-21.879,-58.443,-23.091,-18.508,-14.961,-12.503,-11.041,-9.3767,-7.9931,-6.8363,-6.1187,-5.3831,-4.9315,-4.7728,-4.8521,-5.2404,-5.691,-6.4528,-7.2471,-7.8934,-8.2176,-8.4553,-8.613,-8.7684,-9.0916,-9.4735,-9.9267,-10.186,-10.418,-10.446,-10.253,-9.6189,-8.7352,-7.9681,-6.9907,-6.1172,-5.3228,-4.7996,-4.088,-3.3763,-2.8361,-2.1516,-1.5968,-1.3098,-1.126,-1.2913,-1.7918,-2.4001,-3.6448,-5.3477,-6.9319,-9.3188,-11.733,-13.294,-13.236,-11.409,-8.5668,-6.3441,-3.6623,-1.4033,-0.017483,1.4333,2.4719,3.1233,3.3793,3.4286,3.1722,2.805,2.0708,1.0993,0.24341,-1.0773,-2.5279,-4.0734,-5.1836,-6.4626,-7.3004,-7.5727,-7.6923,-7.7502,-7.9419,-8.2562,-8.9397,-9.8787,-10.643,-11.626,-12.513,-12.913,-13.039,-13.015,-12.967,-12.936,-12.911,-12.802,-12.574,-11.96,-11.008,-10.066,-8.6082,-7.0212,-5.4328,-4.3062,-2.9498,-1.8328,-1.1685,-0.51696,-0.14786,-0.053014,-0.14492,-0.45873,-0.95087,-1.4123,-2.095,-2.8002,-3.3109,-3.953,-4.5174,-5.01,-5.3105,-5.5688,-5.5629,-5.3806,-4.9412,-4.4136,-4.037,-3.6919,-3.6176,-3.8916,-4.3674,-5.4204,-7.0345,-8.622,-11.019,-12.566,-11.643,-10.096,-8.1467,-6.6513,-5.8493,-5.1159,-4.7007,-4.5832,-4.6728,-5.019,-5.6841,-6.3899,-7.7028,-9.5429,-11.447,-15.132,-21.86,-32.345,-21.203,-15.63,-12.925,-11.762,-11.025,-11.068,-11.566,-12.788,-14.715,-17.319
-5.4776,-5.8454,-5.3598,-4.0601,-2.9368,-1.5266,-0.33527,0.40112,1.1733,1.7407,2.1396,2.3446,2.5097,2.5676,2.5478,2.4345,2.2145,1.9848,1.567,1.0148,0.34431,-0.23121,-1.0488,-1.8216,-2.2966,-2.6911,-2.7961,-2.7379,-2.6064,-2.5538,-2.6806,-2.9388,-3.538,-4.4349,-5.334,-6.7875,-8.5357,-10.426,-11.69,-12.677,-12.525,-11.834,-10.628,-9.4294,-8.597,-7.614,-6.7824,-6.1345,-5.8178,-5.5713,-5.6343,-5.9097,-6.6484,-7.9201,-9.2981,-11.86,-15.126,-17.673,-17.309,-15.419,-14.083,-13.655,-13.682,-14.011,-13.986,-13.514,-12.12,-10.5,-9.3109,-7.8461,-6.5306,-5.6528,-4.5907,-3.6469,-2.8073,-2.257,-1.5649,-0.94086,-0.54119,-0.092487,0.21098,0.3194,0.27117,-0.043542,-0.71985,-1.4445,-2.7658,-4.6221,-6.4284,-9.6267,-14.402,-23.24,-22.185,-13.674,-8.8909,-6.2739,-3.5745,-1.5054,-0.29157,0.95563,1.7875,2.2416,2.3366,2.1898,1.7434,1.2191,0.33419,-0.677,-1.4623,-2.4932,-3.424,-4.2409,-4.7396,-5.3531,-5.8762,-6.2709,-6.8189,-7.5343,-8.5199,-9.5077,-11.211,-13.643,-15.84,-19.942,-24.162,-23.761,-21.135,-19.304,-18.55,-18.518,-19.098,-19.894,-19.775,-18.084,-15.124,-12.88,-10.167,-7.8267,-5.8419,-4.5725,-3.1712,-2.1012,-1.5201,-1.0083,-0.83291,-0.97482,-1.2954,-1.9785,-2.9221,-3.7383,-4.8536,-5.7487,-6.1185,-6.148,-5.7498,-5.1798,-4.7099,-4.0977,-3.5199,-3.1346,-2.6658,-2.2919,-2.1144,-2.054,-2.2562,-2.7775,-3.4465,-4.7892,-6.8025,-8.9775,-13.06,-16.95,-13.961,-10.899,-8.0176,-6.1574,-5.2252,-4.4693,-4.1316,-4.1053,-4.3424,-4.8621,-5.6055,-6.3176,-7.4075,-8.6617,-9.6587,-11.002,-12.016,-12.343,-12.012,-11.112,-10.149,-9.6378,-9.2672,-9.3611,-9.7805,-10.755,-12.313,-14.514
-1.1283,-1.1919,-1.076,-0.75391,-0.40242,0.12364,0.66093,1.0278,1.4596,1.7965,2.0491,2.1946,2.3326,2.4147,2.4296,2.3693,2.1888,1.9379,1.4185,0.63151,-0.50274,-1.6317,-3.536,-5.8917,-7.6411,-8.5584,-7.248,-5.7288,-3.9674,-2.7262,-1.9867,-1.7071,-1.6806,-1.9676,-2.3665,-3.0759,-3.9119,-4.7869,-5.3966,-6.071,-6.4711,-6.6214,-6.6049,-6.4308,-6.2123,-5.8944,-5.5398,-5.2339,-5.0584,-4.9956,-5.1529,-5.49,-6.2747,-7.5635,-8.9661,-11.59,-15.198,-18.209,-17.644,-15.44,-14.25,-14.298,-15.785,-20.068,-36.279,-23.425,-14.836,-10.469,-8.2761,-6.1158,-4.4834,-3.5433,-2.4919,-1.6388,-0.90871,-0.38118,0.25976,0.87514,1.2972,1.7767,2.1394,2.3038,2.3239,2.1345,1.6792,1.1182,0.1224,-1.1804,-2.3751,-4.211,-6.1298,-7.4131,-7.3536,-5.9706,-4.0218,-2.6081,-0.93028,0.43951,1.2544,2.0404,2.4887,2.5907,2.4354,1.8985,0.98336,0.033904,-1.5006,-3.2647,-4.5893,-5.9259,-6.5054,-6.3709,-6.139,-5.8377,-5.7242,-5.8316,-6.1924,-6.8342,-7.8368,-8.823,-10.582,-13.003,-15.027,-18.499,-21.59,-22.233,-21.018,-19.996,-19.825,-20.43,-22.248,-26.185,-29.396,-23.836,-17.403,-13.85,-10.195,-7.3792,-5.1424,-3.7853,-2.3618,-1.328,-0.80213,-0.44426,-0.46305,-0.87867,-1.4733,-2.7045,-4.5241,-6.3892,-9.758,-14.162,-15.697,-12.341,-8.8185,-6.318,-4.9118,-3.4445,-2.332,-1.6457,-0.91514,-0.36809,-0.085094,0.12289,0.11848,-0.1251,-0.46683,-1.1306,-1.9935,-2.7046,-3.5511,-4.0521,-4.0229,-3.7318,-3.1884,-2.7002,-2.4416,-2.3099,-2.4527,-2.7405,-3.3566,-4.2395,-5.3059,-6.1697,-7.2559,-8.0404,-8.3504,-8.3959,-8.0956,-7.7095,-7.1043,-6.497,-5.939,-5.6257,-5.4327,-5.4926,-5.7132,-6.2695,-7.0594,-8.0146
0.49634,0.33445,0.19415,0.19295,0.29392,0.52345,0.77444,0.93505,1.0758,1.1224,1.0991,1.0826,1.1375,1.3176,1.5192,1.8036,1.9932,1.9936,1.7448,1.1369,0.063178,-1.1095,-3.3702,-6.7869,-10.325,-12.888,-8.5286,-5.5408,-2.7808,-0.99009,0.14924,0.6714,1.0225,1.021,0.83862,0.3619,-0.31817,-1.1409,-1.8224,-2.767,-3.6939,-4.3245,-5.0204,-5.4525,-5.6025,-5.5576,-5.3204,-4.9566,-4.6278,-4.2507,-3.9628,-3.8513,-3.901,-4.2058,-4.5908,-5.2457,-5.9536,-6.4906,-6.7401,-6.9408,-7.1246,-7.4322,-8.0937,-8.7809,-8.8951,-8.3323,-6.7375,-4.9621,-3.7618,-2.4848,-1.5516,-1.0384,-0.57559,-0.25815,0.045471,0.36118,0.92701,1.6683,2.3091,3.1421,3.8601,4.2764,4.6403,4.7511,4.6508,4.4321,3.9253,3.264,2.7052,1.935,1.2711,0.85212,0.76801,0.94572,1.4175,1.8842,2.5752,3.2269,3.6394,4.0251,4.1699,4.008,3.6652,2.8269,1.4915,0.097138,-2.4476,-6.2122,-10.602,-21.521,-15.526,-9.8367,-7.6953,-6.0239,-5.201,-4.9112,-4.9139,-5.2478,-5.8582,-6.4698,-7.5421,-8.835,-9.9636,-11.581,-13.029,-13.913,-15.082,-16.139,-17.116,-17.694,-17.966,-17.466,-16.45,-14.397,-11.705,-9.6221,-6.9871,-4.6711,-2.7395,-1.5466,-0.28674,0.60314,1.0382,1.2842,1.1742,0.67817,0.050389,-1.1659,-2.8766,-4.5374,-7.189,-9.8261,-10.598,-9.1952,-6.9228,-4.8591,-3.6023,-2.2054,-1.026,-0.24288,0.66139,1.4187,1.8962,2.3996,2.736,2.894,2.9066,2.7887,2.5472,2.3296,2.0218,1.7431,1.4983,1.3567,1.1858,0.97556,0.75665,0.36008,-0.22806,-0.83326,-1.9195,-3.3972,-5.4034,-7.3365,-10.455,-12.771,-12.075,-9.2803,-6.7651,-5.2671,-3.7213,-2.5828,-1.7837,-1.354,-1.028,-0.94703,-1.0188,-1.3015,-1.7281,-2.249
-0.46747,-1.1912,-2.0437,-2.3843,-2.2176,-1.6053,-0.97771,-0.68221,-0.69316,-1.1999,-2.1662,-3.0295,-3.7151,-3.1096,-1.9764,-0.33888,0.95933,1.6403,2.1296,2.1857,1.8804,1.4535,0.69093,-0.091949,-0.52025,-0.61482,-0.15448,0.47,1.4231,2.3133,3.0032,3.3536,3.5935,3.5471,3.3267,2.7862,1.9514,0.82887,-0.20965,-1.853,-3.8204,-5.4226,-7.5481,-9.0488,-9.4432,-9.0421,-8.2019,-7.1747,-6.3641,-5.1225,-3.9046,-3.0368,-2.0669,-1.3286,-0.92944,-0.56493,-0.33836,-0.22228,-0.17796,-0.15895,-0.196,-0.23848,-0.29845,-0.29922,-0.15921,0.041101,0.39391,0.79035,1.0567,1.2526,1.1648,0.8993,0.16023,-0.98402,-2.3347,-3.0624,-2.5068,-0.53017,1.1513,3.124,4.6357,5.4856,6.2977,6.7461,6.8896,6.8468,6.5996,6.1635,5.7584,5.16,4.5668,4.038,3.7207,3.4735,3.4716,3.6427,4.0388,4.5381,4.9105,5.3223,5.534,5.4723,5.2028,4.5341,3.4481,2.3721,0.51021,-1.7345,-3.5101,-5.3025,-5.8117,-5.2979,-4.7674,-4.2692,-3.99,-3.8879,-3.8897,-4.0359,-4.2866,-4.6195,-5.1526,-5.7957,-6.5575,-7.5826,-8.7538,-9.785,-11.584,-13.983,-17.311,-20.46,-22.678,-18.06,-14.652,-10.843,-7.8148,-5.8435,-3.5654,-1.6439,-0.062732,0.90238,1.9065,2.5885,2.8948,3.0563,2.9208,2.5087,2.0257,1.1858,0.14781,-0.69317,-1.8227,-2.7533,-3.2315,-3.5018,-3.4351,-3.0859,-2.6932,-1.9981,-1.0799,-0.31624,0.78296,1.872,2.631,3.5079,4.2107,4.7345,5.0013,5.2016,5.2429,5.1759,4.9674,4.6578,4.2656,3.9264,3.4275,2.9071,2.4977,1.9183,1.2781,0.71296,-0.24811,-1.5563,-3.3984,-5.2529,-8.4074,-10.855,-9.7539,-6.3779,-3.5052,-1.8706,-0.19284,1.0185,1.8591,2.2792,2.631,2.7336,2.6587,2.4041,1.9729,1.4015
-3.068,-5.5235,-11.181,-17.495,-11.176,-5.9996,-3.3934,-2.4303,-2.1536,-3.0184,-5.3281,-8.5933,-17.689,-11.687,-6.342,-2.3416,-0.0091217,1.1134,2.0157,2.4247,2.4922,2.3848,2.1769,1.9918,1.9349,2.0213,2.3498,2.7079,3.2649,3.8322,4.3026,4.5555,4.6982,4.6073,4.3523,3.7595,2.8365,1.5096,0.19537,-2.0817,-5.1789,-8.3414,-14.815,-34.591,-22.605,-16.41,-14.633,-13.868,-12.538,-9.4854,-6.2604,-4.1908,-1.9368,-0.21801,0.78509,1.8057,2.5507,3.0672,3.3444,3.5989,3.7323,3.7922,3.8396,3.855,3.8589,3.8885,3.8857,3.8394,3.7304,3.4534,2.9166,2.2349,0.83147,-1.484,-5.4919,-10.215,-9.2387,-2.7999,0.30935,3.1303,5.0123,5.9959,6.8681,7.3509,7.4833,7.3854,7.0783,6.556,6.0282,5.1763,4.1367,2.9423,1.9817,0.8514,0.25857,0.42796,1.3733,2.6998,3.6656,4.7194,5.4426,5.8175,5.8574,5.6225,5.0688,4.4712,3.4508,2.2646,1.338,0.13024,-1.0003,-2.073,-2.8703,-3.9173,-4.8472,-5.4029,-5.6838,-5.5032,-5.1449,-4.9071,-4.7398,-4.817,-5.019,-5.5068,-6.2947,-7.1276,-8.4854,-10.205,-12.323,-13.85,-14.296,-12.17,-9.9104,-7.0578,-4.571,-2.9752,-1.1593,0.33112,1.5089,2.2006,2.8783,3.2883,3.4254,3.4144,3.181,2.7593,2.3233,1.6016,0.77223,0.091678,-0.87442,-1.8708,-2.6246,-3.657,-4.6884,-5.7862,-6.4165,-6.5779,-5.6156,-4.2785,-2.2164,-0.24996,1.0546,2.5082,3.662,4.5342,5.0063,5.4175,5.5891,5.5519,5.3005,4.8142,4.1262,3.4776,2.508,1.5451,0.9549,0.44222,0.26536,0.25833,0.2729,0.16821,-0.11014,-0.35285,-0.63101,-0.63108,-0.36656,0.34675,1.2558,1.9599,2.8217,3.5397,4.0753,4.3424,4.5225,4.4979,4.3299,3.9192,3.2734,2.3947
-1.3094,-2.4301,-3.9841,-4.6147,-4.1212,-2.7639,-1.5131,-0.88772,-0.51615,-0.64412,-1.1446,-1.5784,-1.8651,-1.4874,-0.82321,0.19544,1.0501,1.4744,1.7338,1.6628,1.2871,0.86993,0.24812,-0.27221,-0.45259,-0.29959,0.32363,0.97214,1.9163,2.7866,3.5062,3.9056,4.2214,4.2789,4.1445,3.7058,2.964,1.8891,0.85266,-0.86707,-2.9953,-4.8139,-7.3616,-9.6064,-10.843,-12.35,-14.667,-18.74,-18.248,-11.644,-6.7932,-4.1931,-1.5381,0.43627,1.5736,2.7551,3.6015,4.2036,4.5154,4.7726,4.8985,4.9096,4.8461,4.7259,4.5715,4.4518,4.3352,4.2402,4.1679,4.0435,3.8451,3.5963,3.1296,2.5462,2.0192,1.851,2.1913,3.0887,3.9288,5.0216,5.8972,6.3585,6.6914,6.7545,6.5749,6.284,5.7078,4.9661,4.2847,3.1623,1.6957,-0.32871,-2.4637,-7.0557,-18.101,-14.056,-5.0889,-0.78033,1.3081,3.2456,4.5072,5.2609,5.5671,5.6458,5.4247,5.0547,4.37,3.4678,2.6729,1.3958,-0.1158,-1.9613,-3.7029,-6.6157,-10.676,-14.421,-15.342,-11.352,-8.4095,-6.9032,-5.6771,-5.1019,-4.8327,-4.9005,-5.2569,-5.616,-6.1105,-6.567,-6.8649,-6.8639,-6.4866,-5.6018,-4.7535,-3.3769,-1.9829,-1.0128,0.12964,1.0664,1.7586,2.1154,2.3757,2.4061,2.2967,1.9719,1.5052,0.90843,0.39387,-0.38567,-1.2589,-1.9856,-3.0305,-4.1912,-5.173,-6.6807,-8.6505,-11.525,-15.169,-29.404,-17.59,-11.414,-6.6099,-3.425,-1.6226,0.29599,1.7555,2.8432,3.4609,4.0167,4.2664,4.2574,3.9602,3.284,2.1411,0.93237,-1.2704,-4.2639,-6.7161,-7.6418,-5.1856,-3.2033,-1.207,0.1228,0.99392,1.4296,1.8455,2.1643,2.3935,2.7125,3.0732,3.362,3.7338,4.0824,4.3688,4.5285,4.5967,4.4903,4.276,3.7451,2.9118,1.7147
1.2301,0.99703,0.71571,0.5758,0.60325,0.77698,1.0204,1.1945,1.3613,1.4443,1.4633,1.4437,1.4321,1.4543,1.4774,1.4683,1.3458,1.1134,0.56834,-0.31778,-1.6169,-2.9185,-5.2529,-8.2622,-10.301,-9.7005,-6.5362,-4.2932,-1.943,-0.22723,0.99924,1.6506,2.231,2.4972,2.526,2.3467,1.9417,1.3528,0.80128,-0.084336,-1.0915,-1.9072,-2.9761,-3.9882,-4.6751,-5.4035,-5.9013,-5.9383,-5.4865,-4.3762,-2.8981,-1.7496,-0.33677,0.87127,1.6243,2.424,3.0067,3.4016,3.5749,3.6517,3.5699,3.3962,3.0223,2.5266,1.9806,1.5758,1.2252,1.2021,1.4345,1.9499,2.5548,3.0104,3.5198,3.9226,4.2669,4.5018,4.8272,5.1616,5.3774,5.5764,5.6197,5.5219,5.2004,4.6322,3.8642,3.2015,2.202,1.1983,0.52177,-0.30246,-1.0742,-1.9497,-2.6801,-3.7113,-4.1701,-3.7058,-2.1292,-0.23988,1.0323,2.4206,3.4136,4.0432,4.3062,4.4046,4.2453,3.9734,3.4367,2.6974,2.0055,0.87373,-0.50827,-2.2302,-3.792,-6.284,-9.2045,-11.201,-11.871,-10.291,-8.5063,-7.485,-6.5601,-6.0277,-5.951,-6.0459,-6.3321,-6.6004,-6.9656,-7.1777,-7.0456,-6.6983,-5.9352,-4.918,-4.0324,-2.8593,-1.7816,-1.0636,-0.29284,0.21552,0.45413,0.44239,0.17473,-0.35546,-0.89195,-1.7373,-2.6346,-3.5055,-4.1226,-4.9297,-5.8524,-6.6309,-7.8019,-9.0536,-9.9349,-10.892,-11.628,-12.14,-12.395,-12.148,-10.934,-9.4745,-7.3189,-5.2865,-3.9786,-2.4592,-1.188,-0.13661,0.52545,1.2169,1.6613,1.8229,1.7471,1.293,0.37215,-0.68535,-2.7308,-5.6063,-7.9917,-8.7773,-6.0196,-3.8802,-1.7087,-0.2289,0.72343,1.1652,1.5047,1.6264,1.6281,1.5472,1.4704,1.4561,1.5499,1.7688,2.084,2.3303,2.6006,2.7048,2.639,2.3012,1.6426,0.6041
2.1909,2.0447,1.8483,1.6776,1.6007,1.5592,1.5915,1.6521,1.757,1.8634,1.947,1.9786,1.9567,1.8388,1.6676,1.3104,0.76624,0.22479,-0.72659,-1.9838,-3.5978,-5.1102,-7.6161,-10.771,-12.875,-12.329,-8.9811,-6.6649,-4.2532,-2.4909,-1.2766,-0.64529,-0.11891,0.12255,0.1547,0.077284,-0.088592,-0.29811,-0.4737,-0.71486,-0.957,-1.1518,-1.4088,-1.6442,-1.7985,-1.9336,-1.955,-1.8147,-1.6204,-1.2352,-0.73922,-0.33795,0.18176,0.63018,0.91709,1.1989,1.3988,1.4845,1.4792,1.3643,1.058,0.68497,-0.077595,-1.2561,-2.959,-4.5862,-6.9127,-7.3081,-5.6309,-2.7744,-0.38791,1.0238,2.471,3.5311,4.2856,4.6909,5.0297,5.1727,5.1555,4.9392,4.4896,3.9862,3.0747,1.831,0.18277,-1.3686,-3.6741,-5.9211,-6.8983,-6.5618,-5.247,-3.9381,-3.1446,-2.2512,-1.4471,-0.83873,0.0032935,0.8264,1.3956,1.9982,2.4141,2.6245,2.6357,2.5119,2.2264,1.9593,1.4952,0.93887,0.44243,-0.28129,-1.14,-2.1467,-2.9395,-4.0629,-5.1204,-5.7827,-6.388,-6.6739,-6.7477,-6.7767,-6.8777,-7.0775,-7.4353,-8.0316,-8.8827,-9.7574,-11.198,-12.5,-12.651,-11.629,-9.4231,-7.1612,-5.6442,-3.9954,-2.6988,-1.9671,-1.3097,-1.0372,-1.165,-1.5414,-2.4432,-3.8412,-5.2343,-7.3967,-9.579,-10.903,-11.131,-11.067,-11.344,-12.069,-13.859,-16.785,-19.255,-19.982,-16.982,-14.344,-12.803,-11.218,-9.9471,-9.0947,-8.1273,-7.2954,-6.6985,-5.9428,-5.1011,-4.1324,-3.3765,-2.3567,-1.4259,-0.87065,-0.35001,-0.10692,-0.12532,-0.31524,-0.71675,-1.1623,-1.3877,-1.3913,-1.0546,-0.64687,-0.086416,0.34621,0.55174,0.54165,0.28002,-0.264,-0.86053,-1.8545,-2.9769,-3.7085,-4.1067,-3.6151,-2.5317,-1.6465,-0.58468,0.18086,0.52067,0.69206,0.51877,0.016705
