-7.8029,-7.7266,-7.538,-7.2802,-7.019,-6.6005,-6.1102,-5.6733,-5.0721,-4.4456,-3.7226,-3.2022,-2.4793,-1.796,-1.2915,-0.64099,-0.031024,0.39151,0.92172,1.3829,1.802,2.0595,2.364,2.6133,2.7534,2.8996,2.9772,2.9895,2.9606,2.8731,2.7195,2.5641,2.3079,1.9944,1.6959,1.2551,0.76509,0.18531,-0.28897,-0.97572,-1.708,-2.311,-3.1513,-4.0426,-4.703,-5.6041,-6.4535,-7.2523,-7.8033,-8.4272,-8.876,-9.0723,-9.1921,-9.158,-9.0332,-8.766,-8.4046,-7.9883,-7.7145,-7.3128,-6.9762,-6.71,-6.4436,-6.2707,-6.1486,-6.1288,-6.1831,-6.3233,-6.5213,-6.9152,-7.4369,-7.9929,-8.8303,-9.9607,-11.44,-12.75,-15.001,-18.226,-21.493,-25.817,-22.122,-18.398,-14.746,-12.111,-10.022,-8.7335,-7.2577,-5.9322,-5.0675,-4.0231,-3.063,-2.1947,-1.5573,-0.75674,0.01181,0.56466,1.2773,1.9619,2.4385,3.0571,3.638,4.1631,4.5299,4.9708,5.3584,5.614,5.9113,6.1493,6.2921,6.4352,6.5144,6.5369,6.5246,6.4622,6.3439,6.2271,6.0302,5.7863,5.4925,5.2478,4.8791,4.473,4.1445,3.6634,3.1387,2.7037,2.0715,1.3671,0.58164,-0.058144,-1.0261,-2.1183,-3.0414,-4.4223,-5.9817,-7.3162,-9.309,-11.404,-13.169,-13.788,-13.277,-11.952,-10.857,-9.5577,-8.4655,-7.5417,-6.9459,-6.2679,-5.6802,-5.3455,-4.9226,-4.5539,-4.2976,-3.9557,-3.6055,-3.2391,-2.9591,-2.5612,-2.1845,-1.926,-1.6307,-1.3919,-1.2663,-1.1786,-1.1784,-1.2746,-1.4247,-1.7222,-2.1282,-2.507,-3.143,-3.9206,-4.8552,-5.6314,-6.7877,-7.9886,-8.9035,-9.8966,-10.357,-10.266,-9.7214,-8.8254,-7.9418,-7.3213,-6.6106,-6.0104,-5.69,-5.4095,-5.2533,-5.2459,-5.3366,-5.5725,-5.9772,-6.3682,-7.0244,-7.8688,-8.6383,-9.9173,-11.558,-13.609
-5.8408,-6.7688,-8.3045,-10.347,-12.431,-16.607,-24.877,-25.776,-16.61,-11.819,-8.7104,-6.934,-5.0443,-3.5405,-2.5878,-1.51,-0.60324,-0.015171,0.66659,1.2589,1.7722,2.1174,2.533,2.8904,3.132,3.4123,3.652,3.7967,3.9428,4.0365,4.0643,4.0423,3.9555,3.795,3.6216,3.3148,2.9278,2.4452,2.0216,1.3718,0.6192,-0.016322,-0.96384,-2.0347,-2.9248,-4.2673,-5.7854,-7.5697,-9.1281,-11.611,-14.812,-17.807,-21.287,-19.328,-16.362,-13.224,-10.874,-9.1423,-8.1353,-7.0844,-6.2964,-5.875,-5.5226,-5.3606,-5.3911,-5.5382,-5.8861,-6.4116,-6.8766,-7.5801,-8.3658,-8.9226,-9.5388,-9.9591,-10.138,-10.143,-9.9763,-9.6987,-9.4014,-8.8871,-8.2498,-7.6896,-6.822,-5.9148,-4.9954,-4.3136,-3.4303,-2.6097,-2.0142,-1.2608,-0.53073,0.18551,0.72055,1.4423,2.179,2.7386,3.4921,4.2354,4.7816,5.4805,6.1313,6.7194,7.1133,7.5713,7.9417,8.1584,8.364,8.4607,8.4626,8.3696,8.1548,7.8164,7.4788,6.915,6.2165,5.6082,4.6843,3.6574,2.5707,1.7647,0.80932,0.11459,-0.16728,-0.20988,0.0037942,0.26426,0.63478,0.96227,1.2136,1.3405,1.4381,1.4539,1.4264,1.3581,1.2664,1.2095,1.1512,1.133,1.171,1.2399,1.3876,1.582,1.7522,2.0199,2.3056,2.6054,2.8352,3.1393,3.4408,3.6565,3.9264,4.1804,4.3574,4.5728,4.7723,4.9517,5.0687,5.2013,5.3027,5.3575,5.3929,5.3827,5.3367,5.2239,5.0416,4.7879,4.5442,4.1449,3.6535,3.2212,2.553,1.7934,0.94917,0.27457,-0.64247,-1.5061,-2.065,-2.6231,-2.8941,-2.9179,-2.7504,-2.477,-2.1762,-1.9692,-1.734,-1.58,-1.5183,-1.4848,-1.5012,-1.548,-1.6409,-1.7521,-1.8762,-1.9705,-2.1163,-2.249,-2.3636,-2.4977,-2.6363,-2.7545
0.32821,0.25128,0.092031,-0.10224,-0.26596,-0.45927,-0.59773,-0.64559,-0.63385,-0.54834,-0.41141,-0.31498,-0.24105,-0.22617,-0.27946,-0.44423,-0.70576,-0.94286,-1.2783,-1.588,-1.7424,-1.703,-1.4694,-1.0039,-0.54959,0.14012,0.85039,1.3768,2.0557,2.6468,3.1722,3.5204,3.9099,4.1964,4.343,4.4453,4.4419,4.323,4.1548,3.8264,3.3917,2.9922,2.3668,1.6363,1.044,0.20443,-0.6904,-1.5912,-2.2208,-2.9745,-3.5589,-3.8742,-4.0663,-4.0103,-3.8211,-3.4085,-2.8757,-2.3069,-1.8841,-1.3697,-0.91812,-0.66608,-0.4617,-0.43369,-0.57838,-0.83108,-1.3912,-2.1659,-2.9186,-4.1436,-5.605,-6.6693,-7.6871,-7.7009,-6.6844,-5.5987,-4.0784,-2.723,-1.8393,-0.87479,-0.055264,0.43537,0.95415,1.32,1.5286,1.5513,1.4162,1.0364,0.56029,-0.39702,-1.8328,-3.9074,-5.9146,-8.3159,-6.9313,-4.1297,-0.6724,2.0757,3.7452,5.5785,7.0474,8.2353,8.9668,9.75,10.351,10.684,10.975,11.111,11.11,10.97,10.674,10.217,9.7616,9.0002,8.0401,7.1788,5.8166,4.2001,2.3468,0.87256,-0.85641,-1.6395,-1.348,-0.23825,1.0163,1.8479,2.742,3.3636,3.7508,3.9032,3.9577,3.8493,3.6838,3.3831,3.0266,2.7477,2.4064,2.1689,2.0749,2.1433,2.38,2.7799,3.1533,3.7005,4.2727,4.8194,5.208,5.6939,6.125,6.409,6.7402,7.019,7.191,7.3899,7.5451,7.6721,7.7495,7.8261,7.8867,7.9245,7.968,8.0087,8.0292,8.055,8.0652,8.0651,8.0487,8.0047,7.9229,7.8364,7.6883,7.4944,7.2634,7.0658,6.775,6.4571,6.1989,5.8355,5.439,5.1136,4.6336,4.0748,3.4167,2.8296,1.9128,0.80148,-0.1978,-1.7997,-3.7597,-5.427,-7.6395,-8.6531,-7.6016,-6.0054,-3.9404,-2.1854,-1.0822,0.14029,1.141,1.9633
2.0632,2.5568,3.0651,3.3939,3.5506,3.6482,3.6295,3.553,3.3364,2.9959,2.5323,2.0849,1.3369,0.36957,-0.51866,-2.0044,-3.9154,-5.7582,-9.0011,-13.879,-23.257,-23.349,-15.332,-11.581,-9.8618,-8.3771,-7.3587,-6.6712,-5.644,-4.4899,-3.1905,-2.1833,-0.87786,0.28055,1.0339,1.851,2.4768,2.9107,3.101,3.182,3.0769,2.8765,2.4181,1.7542,1.1214,0.058813,-1.2753,-3.0077,-4.6304,-7.4361,-11.598,-16.527,-19.741,-12.544,-9.0316,-5.8195,-3.5244,-1.8236,-0.81101,0.29139,1.1552,1.688,2.2202,2.6158,2.8845,3.0112,3.107,3.1281,3.1453,3.1586,3.1935,3.2547,3.4111,3.6294,3.9241,4.1899,4.58,4.9985,5.2927,5.6713,6.0181,6.2435,6.475,6.6389,6.6998,6.6785,6.5549,6.3226,6.0884,5.6882,5.2446,4.8152,4.5624,4.4144,4.5638,4.9014,5.5943,6.4561,7.1442,8.028,8.8213,9.5017,9.9221,10.361,10.666,10.802,10.869,10.813,10.698,10.445,10.105,9.6896,9.3415,8.8506,8.3419,7.9622,7.474,7.0315,6.6574,6.4233,6.1852,6.0418,5.9787,5.942,5.9121,5.8827,5.7837,5.587,5.2529,4.9054,4.2714,3.4264,2.6049,1.2437,-0.56614,-2.3427,-5.6327,-11.063,-29.782,-16.615,-8.3968,-4.4241,-2.4261,-0.47123,0.94594,1.982,2.5863,3.1967,3.6203,3.8353,4.0209,4.0992,4.0998,4.0369,3.9108,3.7262,3.5484,3.2554,2.9418,2.7071,2.4593,2.333,2.371,2.6331,3.1132,3.738,4.2598,4.9437,5.5754,5.996,6.4632,6.8237,7.0761,7.1989,7.2653,7.2323,7.1519,6.9702,6.7,6.4468,6.0303,5.5258,4.9214,4.4009,3.6167,2.7457,1.994,0.92924,-0.16333,-0.9025,-1.6624,-2.0011,-1.8366,-1.4553,-0.76768,0.037905,0.61827,1.3434,1.9893,2.5702
2.2907,2.8186,3.3543,3.7123,3.8772,3.9432,3.8672,3.7097,3.3734,2.8838,2.2585,1.7025,0.84251,-0.14042,-0.95557,-2.1096,-3.3423,-4.2807,-5.4988,-6.5863,-7.5003,-8.0524,-8.6669,-9.324,-9.8863,-11.049,-12.856,-14.711,-17.617,-16.515,-12.302,-9.5246,-6.618,-4.3882,-3.091,-1.7355,-0.70443,0.056882,0.4639,0.81526,0.98877,1.0136,0.92151,0.70271,0.46187,0.038468,-0.48556,-1.0778,-1.5506,-2.128,-2.5817,-2.7678,-2.7515,-2.4187,-2.0263,-1.3712,-0.67977,-0.035754,0.3907,0.85762,1.2044,1.381,1.5043,1.5164,1.4358,1.3419,1.1838,1.0517,1.0054,1.0555,1.2492,1.4999,1.9524,2.5093,3.1233,3.5948,4.2178,4.8028,5.2073,5.6927,6.1221,6.3978,6.6932,6.9147,7.0506,7.1027,7.105,7.0452,6.9667,6.8263,6.669,6.5181,6.4283,6.3556,6.3562,6.4045,6.5442,6.7465,6.9274,7.18,7.4182,7.6125,7.7118,7.7526,7.6688,7.5163,7.166,6.6505,6.1428,5.3027,4.2956,3.1491,2.2684,1.1857,0.45104,0.2517,0.46406,1.0693,1.8159,2.3636,3.0234,3.5626,3.885,4.1876,4.355,4.3892,4.3094,4.0795,3.713,3.3547,2.7474,2.0135,1.393,0.4957,-0.4144,-1.1125,-1.9592,-2.5968,-2.9443,-3.0021,-2.7843,-2.3707,-2.008,-1.5701,-1.2412,-1.0882,-1.1085,-1.3192,-1.7936,-2.275,-3.0554,-3.8811,-4.4436,-4.9419,-5.0845,-5.0336,-4.9996,-5.1773,-5.7718,-6.6231,-8.6313,-12.428,-18.403,-24.191,-11.69,-6.5712,-4.0705,-1.6496,0.098735,1.1012,2.102,2.8073,3.2691,3.4784,3.6003,3.5577,3.4656,3.2562,2.9813,2.7519,2.4323,2.1252,1.8246,1.6099,1.3478,1.097,0.89864,0.6207,0.36758,0.17566,-0.063315,-0.32417,-0.57157,-0.74121,-1.0274,-1.3688,-1.6506,-2.1132,-2.6046,-3.0866
3.2988,3.6396,3.9594,4.1259,4.1498,4.0391,3.7704,3.4505,2.8887,2.1635,1.2834,0.50787,-0.63466,-1.8911,-2.8902,-4.2305,-5.5173,-6.3414,-7.1781,-7.643,-7.8055,-7.7327,-7.4917,-7.2359,-7.0447,-6.8099,-6.5578,-6.3501,-6.0181,-5.5432,-4.9573,-4.458,-3.783,-3.1344,-2.6977,-2.2276,-1.8913,-1.687,-1.6099,-1.5919,-1.6176,-1.6699,-1.7213,-1.728,-1.6942,-1.5972,-1.4584,-1.2634,-1.1056,-0.86909,-0.62096,-0.39943,-0.092468,0.21981,0.42749,0.70515,0.93587,1.101,1.166,1.1469,0.97687,0.72857,0.21539,-0.54646,-1.6223,-2.6724,-4.4891,-6.9265,-9.1724,-11.77,-10.776,-8.3947,-5.3877,-3.0173,-1.1643,-0.044395,1.2252,2.254,2.9114,3.6455,4.247,4.6178,5.0007,5.275,5.4214,5.4621,5.4059,5.2264,5.0035,4.5786,4.0222,3.358,2.8142,2.0997,1.5203,1.2712,1.2821,1.6721,2.1471,2.8637,3.5487,4.1136,4.4281,4.671,4.6864,4.5429,4.1335,3.4475,2.7397,1.5043,-0.13643,-2.2868,-4.3419,-7.8133,-11.288,-11.179,-7.837,-4.7581,-2.4777,-1.1617,0.19865,1.2011,1.7822,2.3334,2.6472,2.7415,2.6872,2.4137,1.9329,1.4404,0.58331,-0.47585,-1.3911,-2.7141,-4.0447,-4.9435,-5.7255,-5.8866,-5.4536,-4.899,-4.0379,-3.2498,-2.7608,-2.288,-2.0628,-2.125,-2.3727,-3.0257,-4.1322,-5.2954,-7.4876,-10.626,-13.576,-15.472,-12.596,-9.5293,-7.8785,-6.3991,-5.4783,-5.0709,-4.78,-4.5959,-4.4353,-4.0571,-3.4428,-2.6512,-1.99,-1.1449,-0.42408,0.01415,0.4294,0.62504,0.59323,0.41381,-0.019788,-0.7267,-1.425,-2.5702,-3.9,-4.9167,-6.0146,-6.449,-6.0895,-5.458,-4.5425,-3.7211,-3.2106,-2.7019,-2.3865,-2.2986,-2.2996,-2.4401,-2.7055,-3.0015,-3.5344,-4.2077,-4.86,-5.9868,-7.4437,-9.5718
4.1168,4.3461,4.5253,4.5546,4.4765,4.2222,3.7996,3.3644,2.6275,1.671,0.4951,-0.56272,-2.2229,-4.2724,-6.1314,-9.246,-13.684,-19.06,-41.491,-18.899,-13.55,-11.204,-8.9636,-7.3317,-6.3511,-5.2927,-4.4383,-3.8974,-3.2887,-2.8031,-2.4314,-2.2235,-2.0708,-2.0616,-2.1713,-2.4767,-3.0082,-3.7913,-4.5506,-5.8318,-7.315,-8.451,-9.5816,-9.6892,-9.0603,-7.7314,-6.2978,-5.0145,-4.176,-3.1687,-2.3252,-1.766,-1.12,-0.51949,-0.12771,0.337,0.71101,0.98985,1.1191,1.1775,1.09,0.9146,0.49767,-0.1217,-0.9256,-1.6833,-2.8519,-4.1162,-4.9815,-5.7214,-5.6935,-5.2028,-4.2273,-3.1732,-2.2046,-1.5684,-0.8224,-0.17899,0.26977,0.85077,1.409,1.8162,2.3108,2.7515,3.1097,3.2923,3.3967,3.3128,3.1,2.571,1.7052,0.38611,-1.004,-3.68,-8.0598,-13.734,-14.87,-7.2376,-3.9545,-1.0653,0.84986,2.1401,2.7902,3.3246,3.5284,3.4886,3.203,2.6802,2.1503,1.3012,0.31815,-0.70449,-1.4345,-2.2558,-2.7745,-2.9203,-2.7483,-2.2683,-1.5472,-0.93668,-0.11199,0.64887,1.1443,1.6663,2.0145,2.1521,2.154,1.9398,1.4825,0.97454,0.035544,-1.2374,-2.4707,-4.5523,-7.2755,-9.825,-12.751,-11.652,-8.4274,-6.3269,-4.1977,-2.6238,-1.7387,-0.8687,-0.31103,-0.0029378,0.08037,0.014226,-0.22208,-0.47551,-0.87914,-1.2778,-1.5314,-1.74,-1.7945,-1.7222,-1.6156,-1.4579,-1.3226,-1.2417,-1.1579,-1.1025,-1.0536,-0.95793,-0.82737,-0.66293,-0.52698,-0.34001,-0.19001,-0.11409,-0.09899,-0.21946,-0.51219,-0.86835,-1.5652,-2.5632,-3.554,-5.2776,-7.5224,-9.6181,-12.467,-13.277,-11.181,-9.3169,-7.3075,-5.8993,-5.1636,-4.5543,-4.2648,-4.2551,-4.46,-4.9174,-5.5489,-6.0917,-6.8274,-7.4105,-7.7365,-7.8737,-7.7019,-7.3219
3.7764,3.9757,4.1362,4.1667,4.0922,3.859,3.4689,3.0596,2.362,1.4939,0.44155,-0.4712,-1.8298,-3.3458,-4.5257,-6.1103,-7.5505,-8.423,-9.1274,-9.2356,-8.7826,-8.2147,-7.2734,-6.2564,-5.4813,-4.4804,-3.5893,-2.9887,-2.314,-1.7844,-1.4312,-1.2785,-1.2237,-1.3848,-1.6482,-2.2039,-3.0479,-4.222,-5.3484,-7.2488,-9.6539,-11.772,-14.296,-14.571,-13.219,-11.158,-9.4683,-8.1916,-7.493,-6.693,-5.9785,-5.418,-4.6216,-3.7713,-3.0988,-2.1916,-1.3595,-0.63233,-0.16208,0.31231,0.63744,0.78116,0.83946,0.75761,0.52599,0.27132,-0.13298,-0.58488,-0.93914,-1.3986,-1.8444,-2.1805,-2.6266,-3.095,-3.6417,-4.0981,-4.7741,-5.4373,-5.8219,-5.9432,-5.4015,-4.6005,-3.2156,-1.7665,-0.45749,0.40242,1.326,1.9917,2.3295,2.5789,2.6084,2.4439,2.2263,1.8738,1.5707,1.4584,1.5219,1.8554,2.2137,2.7565,3.2526,3.6364,3.8066,3.8632,3.719,3.479,2.9662,2.235,1.5394,0.39151,-1.0135,-2.7216,-4.2122,-6.4653,-8.7615,-9.9215,-9.5317,-7.5206,-5.3203,-3.8503,-2.2155,-0.89751,-0.098514,0.73845,1.3428,1.6522,1.912,1.9825,1.8924,1.7265,1.3948,0.95862,0.57724,0.071537,-0.3865,-0.6345,-0.78798,-0.72182,-0.43767,-0.10999,0.39617,0.9114,1.2771,1.7066,2.0612,2.3138,2.4345,2.5103,2.5001,2.4426,2.3086,2.1266,1.9558,1.6905,1.3856,1.046,0.7551,0.32277,-0.16594,-0.58622,-1.1774,-1.783,-2.2118,-2.7175,-3.0542,-3.18,-3.1255,-2.8799,-2.5236,-2.2464,-1.9108,-1.6766,-1.5836,-1.6121,-1.7678,-2.0672,-2.3768,-2.8601,-3.3693,-3.7387,-4.1122,-4.3297,-4.3829,-4.3447,-4.2461,-4.1849,-4.1554,-4.2705,-4.5687,-4.9606,-5.7042,-6.8193,-8.4258,-10.113,-13.391,-19.544,-34.054,-20.133,-13.157,-9.3079
2.8696,3.2137,3.5537,3.7446,3.7884,3.7065,3.4622,3.1676,2.6356,1.928,1.0491,0.28433,-0.88263,-2.2258,-3.3482,-5.0024,-6.8047,-8.2436,-10.09,-11.484,-11.679,-10.924,-9.1609,-7.2482,-5.9049,-4.3222,-2.9833,-2.141,-1.2152,-0.50658,-0.0032422,0.24662,0.40443,0.36976,0.21795,-0.14395,-0.67861,-1.3692,-1.9637,-2.8489,-3.7697,-4.4453,-5.2843,-6.0189,-6.5017,-7.1206,-7.8298,-8.7953,-9.7912,-11.505,-13.631,-14.733,-13.648,-10.553,-8.2909,-5.7705,-3.7677,-2.194,-1.2476,-0.23412,0.51514,0.9338,1.3052,1.4839,1.4961,1.4021,1.1495,0.74284,0.35136,-0.28895,-1.07,-1.7481,-2.7841,-4.01,-5.4194,-6.6446,-8.6189,-11.294,-14.166,-19.99,-18.614,-13.332,-8.4095,-4.9341,-2.3376,-0.7801,0.90555,2.2389,3.0384,3.8817,4.512,4.966,5.218,5.4602,5.6201,5.7037,5.7804,5.832,5.8509,5.842,5.7762,5.629,5.4567,5.1476,4.7293,4.3334,3.6968,2.9148,2.2223,1.1457,-0.13389,-1.6644,-2.9813,-4.9183,-6.7974,-7.6664,-7.3762,-5.8527,-4.0441,-2.8171,-1.4326,-0.32949,0.32769,1.0117,1.5197,1.7818,2.0116,2.1259,2.1457,2.115,2.0359,1.9361,1.8485,1.7388,1.6767,1.6618,1.7025,1.833,2.0206,2.1929,2.459,2.7451,2.9687,3.2429,3.4858,3.6838,3.7968,3.8903,3.9161,3.8845,3.7716,3.5882,3.4012,3.0702,2.6358,2.0832,1.5809,0.76605,-0.24259,-1.1617,-2.659,-4.5815,-6.4385,-9.5918,-13.408,-14.579,-12.29,-8.9806,-6.5141,-5.1594,-3.841,-2.9277,-2.3145,-2.0307,-1.8347,-1.7839,-1.8251,-1.9404,-2.1024,-2.2384,-2.4237,-2.6099,-2.7798,-2.9082,-3.0804,-3.2665,-3.433,-3.7029,-3.9965,-4.2435,-4.5874,-5.0384,-5.5037,-5.8818,-6.2775,-6.4451,-6.296,-5.7083,-4.703,-3.4673
1.277,1.8933,2.5063,2.9042,3.0886,3.1942,3.1491,3.015,2.6992,2.2247,1.5879,0.98886,0.017053,-1.17,-2.2177,-3.8407,-5.812,-7.5644,-10.287,-13.045,-13.642,-11.981,-9.0737,-6.4954,-4.871,-3.083,-1.6213,-0.70544,0.2853,1.0538,1.6035,1.8822,2.0896,2.1133,2.0194,1.7589,1.3571,0.82814,0.36032,-0.33755,-1.0786,-1.6528,-2.433,-3.2257,-3.8218,-4.6754,-5.5972,-6.6477,-7.5694,-8.96,-10.296,-10.82,-10.296,-8.5252,-6.9104,-4.9183,-3.2289,-1.8085,-0.9233,0.051393,0.80719,1.2505,1.6785,1.9431,2.0402,2.0055,1.7972,1.3942,0.94876,0.1551,-0.89335,-1.8558,-3.4341,-5.3224,-7.4861,-9.1253,-10.866,-11.342,-10.848,-9.5019,-7.7211,-6.2265,-4.1555,-2.1108,-0.23227,1.0271,2.4973,3.7457,4.5474,5.4317,6.1307,6.6624,6.9627,7.2483,7.4118,7.4602,7.4401,7.3265,7.1784,6.9005,6.5303,6.0835,5.7062,5.1566,4.557,4.096,3.4827,2.8858,2.4637,1.9221,1.4215,0.95325,0.62967,0.26634,0.023788,-0.057866,-0.037356,0.11891,0.36454,0.57387,0.8334,1.0444,1.1459,1.203,1.175,1.1059,0.96781,0.79285,0.60552,0.46351,0.28315,0.1435,0.059167,0.024299,0.020287,0.06133,0.19816,0.42018,0.73068,0.9988,1.3956,1.8095,2.1162,2.5106,2.8541,3.1353,3.3055,3.4809,3.5902,3.6208,3.596,3.4857,3.3486,3.0877,2.7327,2.2716,1.8449,1.1494,0.30857,-0.44044,-1.621,-3.0172,-4.1783,-5.7538,-7.0012,-7.3598,-6.9203,-5.8336,-4.6673,-3.9099,-3.1281,-2.6318,-2.3833,-2.3444,-2.4379,-2.6663,-2.8815,-3.2009,-3.4788,-3.652,-3.8089,-3.921,-4.0298,-4.1445,-4.3803,-4.7007,-4.9682,-5.3609,-5.6883,-5.8421,-5.7786,-5.4016,-4.7616,-4.2053,-3.3768,-2.531,-1.8783,-1.0166,-0.13863,0.68183
0.11126,0.44661,0.76243,0.99806,1.1512,1.3446,1.5003,1.5939,1.6463,1.5644,1.3146,1.0208,0.47463,-0.21632,-0.84473,-1.7737,-2.7501,-3.4469,-4.2191,-4.6924,-4.7349,-4.4717,-3.7943,-2.8656,-2.0543,-0.97944,0.043742,0.73097,1.5305,2.1476,2.5999,2.8228,2.9493,2.8964,2.739,2.3696,1.8297,1.128,0.51386,-0.40458,-1.4017,-2.1615,-3.1175,-3.9263,-4.4086,-4.8377,-5.0431,-5.0787,-5.017,-4.8789,-4.6551,-4.4161,-3.9752,-3.4379,-2.9828,-2.3502,-1.7426,-1.1744,-0.78784,-0.29623,0.17059,0.50782,0.92372,1.2962,1.5974,1.7487,1.808,1.6784,1.4381,0.89457,0.059126,-0.78857,-2.2553,-4.2147,-6.772,-9.1117,-11.953,-11.658,-9.4972,-6.5467,-4.079,-2.515,-0.7113,0.84194,2.1891,3.0792,4.1244,5.0121,5.5772,6.2063,6.6964,7.0561,7.2391,7.3775,7.3978,7.3373,7.1498,6.8299,6.498,5.9319,5.2201,4.3571,3.6077,2.4941,1.3036,0.42612,-0.54714,-1.1138,-1.2297,-1.0035,-0.54507,-0.02402,0.34684,0.76465,1.0894,1.2595,1.4035,1.4406,1.3718,1.2356,0.94727,0.51539,0.099427,-0.57754,-1.3575,-2.0022,-2.8675,-3.6531,-4.2651,-4.6002,-4.9122,-5.138,-5.2973,-5.5227,-5.7062,-5.7912,-5.7115,-5.2886,-4.5798,-3.9067,-2.931,-2.0123,-1.3913,-0.70052,-0.12919,0.31327,0.58537,0.85303,1.0448,1.1576,1.2535,1.2806,1.2656,1.181,1.0266,0.80474,0.61032,0.3041,-0.0343,-0.31013,-0.67296,-1.0123,-1.2362,-1.5003,-1.6651,-1.715,-1.6947,-1.6165,-1.5605,-1.5736,-1.709,-2.0373,-2.6027,-3.2152,-4.3237,-5.7659,-7.0383,-8.7456,-9.912,-9.9458,-9.1579,-8.1001,-7.249,-6.8947,-6.833,-7.3166,-8.1241,-9.8987,-12.843,-15.96,-17.638,-12.978,-8.6774,-6.2969,-3.8174,-1.9233,-0.75459,0.52242,1.5564,2.39
-0.074842,-0.92279,-2.1647,-3.1741,-3.3905,-2.7523,-1.5017,-0.53863,0.5305,1.2744,1.6772,1.7502,1.5726,1.0772,0.50919,-0.50532,-1.7856,-2.9203,-4.4713,-5.7233,-5.9811,-5.3914,-3.8988,-2.1993,-1.0067,0.40627,1.5975,2.3385,3.1308,3.7178,4.0821,4.235,4.2693,4.1005,3.8427,3.3131,2.5527,1.5262,0.5755,-1.0099,-3.0026,-4.8347,-7.7358,-10.77,-11.751,-10.366,-8.0057,-5.9774,-4.7764,-3.5337,-2.5754,-2.0305,-1.4792,-1.1243,-0.98943,-0.99201,-1.1727,-1.5144,-1.8568,-2.3267,-2.5179,-2.3398,-1.5904,-0.47724,0.69286,1.4831,2.3338,2.9454,3.2205,3.3696,3.2786,3.0802,2.6684,2.1611,1.6363,1.2919,1.0288,1.0597,1.2588,1.741,2.3819,2.9093,3.6243,4.3175,4.9353,5.3649,5.8687,6.2939,6.5467,6.798,6.9712,7.0736,7.0977,7.0681,6.9668,6.8276,6.5604,6.1656,5.7744,5.0869,4.1734,2.9598,1.801,-0.17488,-2.8724,-5.7225,-11.872,-22.378,-13.089,-6.9055,-3.5404,-1.3607,-0.19072,0.93261,1.6884,2.0621,2.313,2.3244,2.0907,1.7526,1.0695,0.10067,-0.82626,-2.3809,-4.4313,-6.3394,-9.4618,-13.103,-15.185,-14.238,-12.223,-10.967,-10.701,-11.118,-12.745,-15.054,-20.187,-19.742,-13.464,-10.328,-7.437,-5.5155,-4.5302,-3.6587,-3.1557,-2.9004,-2.7966,-2.7117,-2.5961,-2.458,-2.1826,-1.914,-1.735,-1.5995,-1.5941,-1.7061,-1.8364,-2.014,-2.0861,-2.0274,-1.777,-1.3698,-1.0045,-0.50792,-0.043044,0.33964,0.56479,0.7456,0.78529,0.70006,0.41964,-0.10243,-0.92129,-1.7709,-3.2674,-5.3282,-7.3375,-10.766,-13.787,-13.235,-10.17,-7.6223,-5.9396,-5.1185,-4.5636,-4.5015,-4.7258,-5.3139,-6.0646,-6.4739,-6.3221,-5.2087,-3.503,-2.167,-0.50275,0.96109,1.9077,2.9917,3.8601,4.5281
0.22082,-1.5603,-4.8541,-9.35,-11.119,-7.4679,-3.6772,-1.6706,0.20785,1.44,2.1853,2.4831,2.53,2.1946,1.6959,0.64398,-0.9404,-2.5662,-5.5593,-9.6189,-11.445,-8.7296,-4.8465,-2.0518,-0.51882,1.019,2.1157,2.7289,3.3076,3.6852,3.8956,3.954,3.9138,3.7339,3.4874,3.0099,2.3278,1.4018,0.51305,-0.94337,-2.7697,-4.3961,-6.8114,-8.9545,-9.6069,-8.7168,-6.888,-5.116,-3.996,-2.7768,-1.811,-1.2422,-0.72277,-0.47972,-0.5032,-0.815,-1.5675,-2.9514,-4.5375,-8.0608,-15.877,-25.09,-9.87,-4.3426,-1.0661,0.6648,2.3763,3.5866,4.2327,4.8227,5.1516,5.2595,5.2599,5.1377,4.9522,4.7955,4.5937,4.4238,4.3386,4.2942,4.308,4.3547,4.463,4.5872,4.7076,4.7756,4.806,4.7525,4.6609,4.4769,4.2299,3.9541,3.7698,3.5918,3.4976,3.4722,3.4544,3.3862,3.2685,2.9426,2.4013,1.6309,0.89665,-0.25858,-1.5924,-2.5988,-3.6787,-4.0997,-3.8474,-2.9563,-1.7633,-0.57778,0.20734,1.0851,1.7121,2.0138,2.1955,2.1133,1.7667,1.3207,0.49504,-0.61153,-1.6451,-3.2932,-5.2811,-6.9719,-9.4836,-11.813,-12.837,-12.52,-11.413,-10.292,-9.7449,-9.6156,-9.9008,-10.229,-10.514,-10.168,-9.0694,-8.0875,-6.9315,-6.1804,-5.9256,-6.0549,-6.7035,-8.0271,-9.4613,-11.614,-12.605,-11.666,-9.5191,-7.6146,-6.6339,-5.9515,-5.9115,-6.5519,-7.5207,-9.36,-11.291,-11.444,-9.2215,-6.4002,-4.5916,-2.6594,-1.208,-0.14802,0.43302,0.96228,1.2652,1.3549,1.2986,1.0668,0.6624,0.25825,-0.38147,-1.0869,-1.5943,-2.1748,-2.4966,-2.5454,-2.3672,-1.9776,-1.5214,-1.2098,-0.85976,-0.59227,-0.46289,-0.3435,-0.20565,-0.099855,0.13213,0.46293,0.9357,1.3567,1.9888,2.647,3.1595,3.8327,4.4497,4.9864
1.1322,0.4732,-0.39267,-1.0502,-1.3365,-1.3771,-1.0867,-0.72799,-0.18074,0.37101,0.83755,1.1086,1.3425,1.4027,1.3266,1.0524,0.61292,0.20892,-0.33116,-0.76964,-0.96053,-0.91655,-0.66589,-0.34865,-0.13723,0.022128,0.012331,-0.10365,-0.38106,-0.70664,-0.98204,-1.0978,-1.1184,-1.0501,-0.98656,-0.9842,-1.1638,-1.5546,-1.9906,-2.7501,-3.6767,-4.4384,-5.451,-6.2975,-6.7629,-7.0787,-7.0106,-6.5459,-6.0225,-5.1867,-4.3213,-3.7307,-3.0714,-2.5982,-2.3816,-2.2753,-2.4075,-2.7603,-3.0798,-3.5188,-3.7149,-3.5345,-2.805,-1.6954,-0.47112,0.40059,1.4186,2.2173,2.6648,3.0711,3.2703,3.2905,3.1539,2.859,2.4291,2.0327,1.4325,0.80447,0.34324,-0.19705,-0.61289,-0.82223,-0.98166,-1.0325,-1.0293,-1.0614,-1.2237,-1.5548,-1.9615,-2.775,-3.937,-5.4172,-6.5753,-7.6011,-7.2959,-6.3456,-4.8762,-3.6479,-3.0087,-2.5282,-2.4212,-2.666,-3.0348,-3.7482,-4.5619,-5.1545,-5.7525,-5.9672,-5.8198,-5.244,-4.3787,-3.398,-2.7232,-1.936,-1.3631,-1.0844,-0.9456,-1.0896,-1.5093,-1.9973,-2.9048,-4.0776,-5.1088,-6.6102,-8.1421,-9.1957,-10.244,-10.791,-10.779,-10.473,-9.8967,-9.2715,-8.7875,-8.2014,-7.79,-7.5483,-7.2527,-7.0314,-6.8618,-6.777,-6.8044,-7.06,-7.4178,-8.1791,-9.4161,-11.101,-12.69,-14.836,-15.949,-15.117,-12.953,-11.007,-9.9322,-9.0872,-8.9016,-9.3219,-10.074,-11.506,-12.9,-12.988,-11.311,-8.9194,-7.3007,-5.5568,-4.2281,-3.2817,-2.7645,-2.2812,-1.992,-1.8747,-1.8474,-1.9084,-2.034,-2.1885,-2.4386,-2.7025,-2.8958,-3.0947,-3.2135,-3.2123,-3.0922,-2.8363,-2.5051,-2.2253,-1.8555,-1.5379,-1.3583,-1.2186,-1.2026,-1.2538,-1.407,-1.6373,-1.9044,-2.071,-2.1659,-1.9793,-1.6446,-0.93783,-0.069531,0.83149
1.5832,1.1558,0.48639,-0.27813,-0.86939,-1.6118,-2.1858,-2.4163,-2.3331,-1.8358,-1.0787,-0.46545,0.31449,0.9734,1.3478,1.7062,1.9035,1.9723,1.9563,1.8581,1.7008,1.5294,1.2244,0.78014,0.33081,-0.48147,-1.6466,-2.8066,-4.8528,-7.5877,-10.605,-11.607,-9.8202,-7.265,-5.7897,-4.4562,-3.7231,-3.4843,-3.6036,-4.0838,-4.9339,-5.7881,-7.2382,-9.0699,-10.641,-12.808,-14.109,-13.262,-11.71,-9.4434,-7.543,-6.3473,-5.0891,-4.1094,-3.5507,-3.0005,-2.6025,-2.299,-2.103,-1.8362,-1.5218,-1.2443,-0.79402,-0.27581,0.26809,0.6727,1.1508,1.5146,1.7014,1.7941,1.7026,1.4993,1.0223,0.3034,-0.69048,-1.6042,-3.071,-4.8223,-6.2776,-8.184,-9.5664,-9.985,-9.6428,-8.7959,-7.9048,-7.374,-6.899,-6.7764,-6.9491,-7.6349,-8.9776,-11.211,-13.645,-17.003,-15.491,-12.48,-9.2798,-7.1548,-6.1255,-5.3129,-5.0739,-5.3507,-5.9061,-7.1307,-9.0261,-11.048,-14.808,-18.271,-16.583,-12.247,-9.0029,-6.7332,-5.4796,-4.2422,-3.4291,-3.0701,-2.8855,-3.0186,-3.4693,-4.0357,-5.0896,-6.5467,-7.9739,-10.383,-13.717,-17.118,-22.115,-19.874,-15.467,-13.055,-10.702,-9.0121,-8.0621,-7.0711,-6.3519,-5.9766,-5.6757,-5.5543,-5.6193,-5.8245,-6.2193,-6.7831,-7.3174,-8.1254,-8.9574,-9.7296,-10.163,-10.503,-10.427,-10.166,-9.5815,-8.8583,-8.3546,-7.7618,-7.3356,-7.0799,-6.9872,-6.9213,-6.8344,-6.7079,-6.4416,-6.0946,-5.8147,-5.4913,-5.3289,-5.2847,-5.3297,-5.4686,-5.6454,-5.7536,-5.8028,-5.7963,-5.7934,-5.8178,-5.9534,-6.2476,-6.5699,-7.0687,-7.5285,-7.6794,-7.4605,-6.764,-5.7551,-4.9745,-4.0345,-3.2779,-2.8723,-2.5805,-2.5976,-2.8363,-3.4786,-4.5891,-6.3489,-8.2086,-11.682,-14.932,-13.367,-9.0691,-5.7894,-3.4584
1.8727,1.3921,0.43209,-0.95933,-2.3721,-4.952,-8.8234,-12.9,-14.138,-8.7281,-4.8463,-2.8171,-0.85218,0.54175,1.3071,2.054,2.5458,2.7755,2.9333,2.9421,2.8114,2.6269,2.2504,1.721,1.1956,0.28895,-0.89976,-2.0349,-3.8888,-6.1184,-8.1769,-8.78,-7.8394,-6.1384,-5.0077,-3.923,-3.31,-3.1393,-3.2747,-3.7965,-4.6778,-5.5888,-7.178,-9.2853,-11.249,-14.262,-16.498,-15.26,-13.091,-10.46,-8.4373,-7.2528,-6.0193,-5.1316,-4.6267,-4.1287,-3.759,-3.4598,-3.2713,-2.9819,-2.6295,-2.3237,-1.855,-1.3422,-0.82168,-0.45099,-0.024024,0.30049,0.458,0.50929,0.34585,0.056078,-0.55887,-1.5044,-2.8316,-4.121,-6.3141,-9.2448,-12.152,-17.526,-25.901,-25.564,-19.695,-16.306,-14.068,-12.715,-11.12,-9.878,-9.1999,-8.57,-8.2158,-8.0599,-7.9829,-7.7768,-7.3473,-6.8848,-6.1836,-5.5249,-5.1294,-4.7935,-4.738,-5.0061,-5.4168,-6.2745,-7.521,-8.6546,-10.115,-10.874,-10.554,-9.2009,-7.554,-6.1365,-5.2797,-4.4363,-3.8978,-3.6764,-3.599,-3.7605,-4.1596,-4.6084,-5.4202,-6.4596,-7.4062,-8.8948,-10.542,-11.7,-12.58,-12.216,-10.841,-9.6464,-8.1586,-6.865,-6.0725,-5.2506,-4.657,-4.362,-4.1725,-4.2276,-4.5202,-4.9024,-5.6745,-6.7425,-7.7672,-9.4272,-11.32,-13.131,-13.926,-13.623,-12.148,-10.847,-9.2578,-7.9374,-7.1375,-6.2778,-5.6529,-5.234,-5.0263,-4.8663,-4.8237,-4.8532,-4.9676,-5.1855,-5.4308,-5.9183,-6.6235,-7.6314,-8.6439,-10.331,-12.25,-13.382,-13.47,-12.127,-10.609,-9.7655,-9.2126,-9.3612,-10.018,-11.864,-15.5,-20.968,-25.15,-14.867,-10.062,-7.7144,-5.5331,-4.0875,-3.3635,-2.7787,-2.5964,-2.7055,-3.1894,-4.0446,-5.2536,-6.3899,-7.9002,-8.7284,-8.4151,-7.0126,-5.331,-3.8811
1.8283,1.492,0.7871,-0.2151,-1.1639,-2.6533,-4.1827,-5.0591,-5.2626,-4.3291,-2.9135,-1.8567,-0.64803,0.28231,0.81466,1.3234,1.6344,1.7519,1.7964,1.7376,1.5951,1.4532,1.2203,0.93859,0.6865,0.29386,-0.15689,-0.52836,-1.0455,-1.5245,-1.8884,-2.0629,-2.1385,-2.0896,-2.0347,-2.0191,-2.142,-2.4509,-2.8056,-3.4726,-4.3383,-5.0914,-6.1903,-7.3051,-8.0655,-8.8553,-9.2991,-9.3264,-9.0992,-8.5926,-8.0436,-7.6682,-7.2985,-7.1338,-7.1517,-7.3623,-7.7384,-8.1746,-8.4334,-8.5364,-8.2616,-7.7858,-6.96,-6.0138,-5.0604,-4.3964,-3.5928,-2.9169,-2.5287,-2.1702,-2.0439,-2.1145,-2.4627,-3.1255,-4.1096,-5.098,-6.7522,-8.7752,-10.505,-13.066,-15.74,-17.945,-21.46,-25.465,-23.453,-19.464,-15.391,-12.564,-11.043,-9.5074,-8.4215,-7.6417,-7.2005,-6.7202,-6.3321,-6.0521,-5.7035,-5.403,-5.1848,-4.9556,-4.8176,-4.7789,-4.8276,-4.9925,-5.2416,-5.4182,-5.6343,-5.7616,-5.7597,-5.6651,-5.506,-5.323,-5.2225,-5.1645,-5.2096,-5.3091,-5.5267,-5.8292,-6.1921,-6.4783,-6.8725,-7.2784,-7.549,-7.8782,-8.0908,-8.1552,-8.0618,-7.783,-7.3053,-6.8273,-6.1605,-5.5298,-5.0637,-4.534,-4.1668,-3.9919,-3.9068,-4.0185,-4.3631,-4.7778,-5.5938,-6.7641,-7.922,-9.971,-12.843,-16.7,-19.207,-17.436,-13.6,-11.372,-9.1596,-7.5921,-6.73,-5.9224,-5.4231,-5.19,-5.1507,-5.272,-5.5351,-5.8025,-6.2211,-6.6728,-7.0668,-7.6574,-8.4171,-9.4973,-10.62,-12.717,-15.595,-17.785,-17.587,-14.46,-11.747,-10.306,-9.0784,-8.5086,-8.4286,-8.6784,-9.1133,-9.3198,-9.0463,-8.0481,-6.6647,-5.6463,-4.4647,-3.5557,-3.0638,-2.6618,-2.4966,-2.513,-2.6983,-3.0064,-3.376,-3.643,-3.9396,-4.1082,-4.1234,-4.0277,-3.8878,-3.8113
2.228,2.1077,1.8279,1.4343,1.0946,0.62952,0.22693,0.0017031,-0.15981,-0.15963,-0.033126,0.09209,0.25029,0.34515,0.3494,0.24028,0.00023293,-0.25747,-0.67478,-1.113,-1.4842,-1.6688,-1.7539,-1.6572,-1.502,-1.2395,-0.97858,-0.80921,-0.62328,-0.49464,-0.41636,-0.38461,-0.3952,-0.47952,-0.60488,-0.86424,-1.2725,-1.8561,-2.4285,-3.3689,-4.5275,-5.5291,-6.976,-8.4372,-9.4206,-10.359,-10.624,-10.319,-9.8938,-9.2685,-8.7469,-8.5176,-8.4912,-8.8492,-9.4135,-10.666,-12.639,-15.605,-18.623,-22.624,-20.697,-17.723,-14.677,-12.497,-10.76,-9.5831,-8.1081,-6.749,-5.8572,-4.8636,-4.1224,-3.757,-3.5328,-3.6088,-3.9781,-4.4505,-5.32,-6.4341,-7.4318,-8.9645,-10.708,-12.096,-13.892,-15.036,-14.82,-13.851,-12.135,-10.59,-9.6291,-8.6384,-7.9722,-7.5898,-7.4452,-7.3914,-7.418,-7.4462,-7.4236,-7.2332,-6.9898,-6.5751,-6.1079,-5.6516,-5.3588,-5.0633,-4.8702,-4.8048,-4.8199,-4.9182,-5.0473,-5.29,-5.6339,-6.0622,-6.447,-7.0349,-7.71,-8.2503,-8.9847,-9.6793,-10.214,-10.493,-10.658,-10.577,-10.401,-10.043,-9.5908,-9.2054,-8.6524,-8.0418,-7.425,-6.9551,-6.3043,-5.6915,-5.2782,-4.7902,-4.3863,-4.1769,-3.9901,-3.9401,-4.0357,-4.2079,-4.5825,-5.0858,-5.5403,-6.2188,-6.8795,-7.35,-7.5164,-7.4053,-6.9504,-6.5038,-5.8873,-5.3729,-5.0895,-4.8926,-4.9404,-5.2536,-5.6821,-6.492,-7.5615,-8.4807,-9.6782,-10.52,-10.691,-10.387,-9.8163,-9.2775,-8.9771,-8.7006,-8.4938,-8.2827,-7.8183,-7.181,-6.4394,-5.8881,-5.2511,-4.7586,-4.4736,-4.1983,-3.98,-3.8202,-3.5801,-3.285,-2.9679,-2.7421,-2.4851,-2.3291,-2.2963,-2.3687,-2.5718,-2.8014,-3.1503,-3.5241,-3.8543,-4.0303,-4.1475,-4.1252,-4.0668,-3.9735,-3.9395,-4.0803
2.9831,2.9325,2.7902,2.5858,2.4094,2.1551,1.8962,1.7177,1.5007,1.3068,1.1239,0.97452,0.72486,0.38198,0.028889,-0.6196,-1.516,-2.3915,-3.8642,-5.6943,-7.61,-8.5776,-8.3256,-6.7218,-5.3331,-3.6947,-2.3979,-1.6209,-0.81068,-0.20385,0.23748,0.47697,0.67647,0.74202,0.6946,0.48458,0.08764,-0.52905,-1.1636,-2.2777,-3.7593,-5.1968,-7.7049,-11.296,-15.41,-26.087,-20.111,-13.828,-11.279,-9.1681,-7.926,-7.4193,-7.2057,-7.4955,-8.0404,-9.2045,-10.872,-13.088,-14.892,-16.754,-17.33,-17.188,-17.146,-17.563,-17.56,-16.257,-13.169,-10.092,-8.1509,-6.0655,-4.5271,-3.6691,-2.8643,-2.4077,-2.2552,-2.3061,-2.5653,-3.0129,-3.4337,-4.07,-4.7327,-5.2011,-5.7345,-6.1037,-6.2411,-6.2132,-6.0942,-5.9398,-5.846,-5.8577,-6.0768,-6.5596,-7.1291,-8.2155,-9.6712,-10.95,-12.44,-12.674,-11.782,-9.9442,-8.1445,-6.7156,-5.8892,-5.0874,-4.5813,-4.3897,-4.3414,-4.5171,-4.7957,-5.3399,-6.0711,-7.0188,-7.8603,-9.1738,-10.704,-12.017,-13.969,-16.059,-17.926,-18.624,-18.173,-16.712,-15.478,-13.987,-12.72,-11.88,-10.865,-9.8888,-8.9429,-8.2755,-7.4108,-6.5828,-6.0154,-5.3436,-4.7556,-4.379,-3.9874,-3.7043,-3.5073,-3.4106,-3.3377,-3.3208,-3.3259,-3.3322,-3.3174,-3.2763,-3.197,-3.0504,-2.8768,-2.7319,-2.5696,-2.4849,-2.5026,-2.6811,-3.0837,-3.7713,-4.5268,-5.9549,-8.0635,-10.344,-15.25,-28.344,-23.595,-14.18,-10.041,-7.5381,-6.2152,-4.8991,-3.9229,-3.3352,-2.6809,-2.1248,-1.6494,-1.345,-1.0013,-0.73185,-0.5803,-0.43093,-0.33333,-0.28724,-0.26135,-0.28345,-0.35532,-0.44964,-0.66038,-0.9935,-1.3394,-1.9447,-2.759,-3.5024,-4.66,-5.9185,-7.0104,-7.4575,-7.3164,-6.4619,-5.6227,-4.5301,-3.6188,-2.9659
3.2334,3.1098,2.9103,2.6799,2.4897,2.2175,1.9278,1.7143,1.4437,1.2047,0.99225,0.8493,0.64688,0.36578,0.054966,-0.53498,-1.4473,-2.4076,-4.1972,-6.8036,-10.496,-13.304,-12.276,-8.4156,-6.1338,-3.9341,-2.385,-1.5083,-0.60211,0.11298,0.70812,1.0936,1.5342,1.877,2.0544,2.1502,2.0616,1.768,1.3957,0.68586,-0.28556,-1.1957,-2.6214,-4.1912,-5.2963,-6.2934,-6.3282,-5.6188,-4.9041,-4.023,-3.3744,-3.0875,-2.9627,-3.1118,-3.4099,-4.0142,-4.8225,-5.8001,-6.583,-7.6838,-8.8923,-9.9467,-11.71,-14.028,-15.864,-14.94,-11.379,-8.0001,-5.9732,-3.8333,-2.2286,-1.3218,-0.43303,0.14523,0.45708,0.54715,0.50434,0.31247,0.10631,-0.21841,-0.57092,-0.8282,-1.1198,-1.3544,-1.5267,-1.6205,-1.7568,-1.9099,-2.0863,-2.4602,-3.0317,-3.8817,-4.7711,-6.3877,-8.7083,-11.092,-15.164,-16.442,-13.622,-9.9064,-7.2856,-5.4917,-4.5463,-3.6778,-3.2062,-3.0734,-3.1568,-3.541,-4.0172,-4.9011,-6.0636,-7.5241,-8.7977,-10.731,-12.924,-14.762,-17.525,-21.092,-25.948,-28.884,-25.308,-21.066,-18.894,-16.877,-15.532,-14.796,-13.936,-13.022,-11.846,-10.817,-9.4395,-8.1263,-7.2224,-6.2033,-5.4102,-4.9158,-4.399,-3.9901,-3.6501,-3.4188,-3.0789,-2.7272,-2.4536,-2.0617,-1.6637,-1.2814,-1.0054,-0.65261,-0.35625,-0.16168,0.045253,0.17476,0.2012,0.13101,-0.083079,-0.46504,-0.87322,-1.5922,-2.4853,-3.2126,-4.0975,-4.5604,-4.4338,-3.6978,-2.6219,-1.4856,-0.71644,0.16597,0.88337,1.3209,1.7729,2.1068,2.3356,2.4433,2.5196,2.5235,2.4846,2.3905,2.2486,2.1191,1.9254,1.7041,1.445,1.2139,0.83862,0.34696,-0.13207,-0.97423,-2.1302,-3.286,-5.4086,-8.5949,-14.254,-24.744,-17.083,-9.7411,-6.706,-3.9826,-2.0768,-0.66457
2.0951,1.8454,1.5887,1.356,1.1415,0.77901,0.30578,-0.11275,-0.66762,-1.0696,-1.1728,-1.0218,-0.59379,-0.085484,0.24479,0.5246,0.56302,0.43114,0.064433,-0.44901,-0.94457,-1.2062,-1.2988,-1.1512,-0.97027,-0.76864,-0.69392,-0.72005,-0.73958,-0.58384,-0.082997,0.52309,1.492,2.4596,3.0987,3.7802,4.2369,4.4624,4.4887,4.351,4.0494,3.7509,3.2828,2.8108,2.5017,2.1894,2.0295,2.0073,2.0469,2.1422,2.2117,2.2238,2.1589,1.9861,1.7928,1.4376,0.99053,0.48685,0.073654,-0.51049,-1.0919,-1.5051,-1.9643,-2.2346,-2.2061,-1.9331,-1.2633,-0.38022,0.34439,1.2681,2.0694,2.5569,3.0394,3.3243,3.4181,3.3642,3.1527,2.8094,2.4835,2.0044,1.5421,1.2475,0.97626,0.86259,0.87586,0.93895,1.0567,1.1312,1.1268,1.0135,0.73819,0.28892,-0.15337,-0.87693,-1.6598,-2.2198,-2.7819,-2.9808,-2.8701,-2.4461,-1.8858,-1.3521,-1.0211,-0.73121,-0.66009,-0.75078,-1.0876,-1.7057,-2.366,-3.5555,-5.1288,-7.1567,-9.0018,-11.949,-15.23,-17.468,-19.08,-18.979,-18.301,-17.7,-16.818,-16.107,-15.741,-15.706,-16.43,-17.658,-20.415,-22.433,-18.742,-15.331,-11.789,-9.3504,-8.0396,-6.7619,-5.9641,-5.6368,-5.4308,-5.3938,-5.3794,-5.2707,-4.892,-4.1953,-3.5297,-2.5859,-1.6716,-0.82391,-0.28075,0.35151,0.89074,1.2304,1.6242,1.9619,2.1873,2.4624,2.692,2.8652,2.9558,3.0373,3.0828,3.1153,3.193,3.3391,3.507,3.8085,4.1741,4.5611,4.8341,5.1425,5.3702,5.4769,5.5397,5.5022,5.3744,5.2228,4.9434,4.5892,4.2849,3.8288,3.3439,2.9807,2.5312,2.1614,1.8818,1.7297,1.5692,1.404,1.2304,0.87689,0.3565,-0.16497,-1.0177,-1.9506,-2.7431,-2.9979,-2.7119,-1.7881,-0.87757,0.38394,1.5555,2.6096
-3.1715,-3.2088,-2.5754,-1.8968,-1.6416,-1.8054,-2.6302,-3.8023,-6.2695,-9.8596,-11.367,-8.638,-4.6799,-1.8158,-0.23852,1.2868,2.3472,2.902,3.3809,3.6425,3.718,3.6701,3.4683,3.0702,2.5985,1.6499,0.15646,-1.5023,-4.845,-9.577,-8.5357,-4.5105,-0.52076,2.1427,3.5638,4.9326,5.845,6.4054,6.651,6.7909,6.7695,6.6894,6.5319,6.3491,6.2222,6.0847,5.9773,5.9051,5.8615,5.7993,5.7142,5.6365,5.4946,5.3037,5.1373,4.891,4.6218,4.3611,4.1657,3.9308,3.7366,3.6223,3.5304,3.529,3.6304,3.7717,4.0362,4.3641,4.6404,4.9879,5.2837,5.453,5.5696,5.5279,5.3069,5.0005,4.3857,3.5219,2.697,1.3962,0.0040078,-0.89192,-1.5202,-1.2048,-0.24644,0.57707,1.6003,2.3902,2.8206,3.2124,3.3823,3.3721,3.2652,3.0326,2.7281,2.4858,2.1765,1.9134,1.7545,1.6135,1.5058,1.4287,1.3774,1.2759,1.1362,0.97711,0.6257,0.090001,-0.47709,-1.5203,-2.9684,-4.8929,-6.7502,-9.9211,-14.143,-17.625,-18.427,-15.461,-13.142,-12.002,-11.013,-10.472,-10.407,-10.723,-11.535,-12.432,-13.671,-14.122,-12.842,-11.209,-9.1596,-7.5112,-6.6459,-5.9981,-5.8712,-6.1621,-7.1216,-8.8709,-11.504,-13.568,-13.511,-10.146,-7.6605,-5.0983,-3.2362,-1.8706,-1.1042,-0.38127,0.16031,0.47533,0.85801,1.3069,1.7269,2.3934,3.1652,3.9708,4.5639,5.3021,5.959,6.3932,6.8973,7.3212,7.5867,7.8725,8.0789,8.1882,8.2107,8.1497,7.9812,7.7819,7.4315,6.9871,6.4542,5.9993,5.3206,4.5429,3.8824,2.8783,1.7408,0.82175,-0.37294,-1.2669,-1.4708,-1.1505,-0.35759,0.52136,1.1108,1.7239,2.1209,2.2986,2.4122,2.4304,2.4441,2.4861,2.621,2.8425,3.0626,3.4114,3.8154,4.2617
-17.313,-13.207,-8.2741,-5.7724,-4.7891,-4.3334,-4.6707,-5.3513,-6.7482,-8.1726,-8.4054,-7.2954,-5.0211,-2.7913,-1.3442,0.24565,1.5139,2.2783,3.0719,3.6359,3.9797,4.0978,4.0554,3.771,3.3772,2.5854,1.4451,0.37639,-1.2121,-2.3851,-2.154,-1.0919,0.69272,2.2881,3.242,4.1755,4.7558,5.0434,5.0947,5.0001,4.7747,4.5585,4.2836,4.0714,3.9732,3.9368,3.9741,4.0339,4.0722,4.066,3.9935,3.8777,3.6617,3.3996,3.1845,2.9118,2.6888,2.5319,2.4732,2.4558,2.4934,2.5435,2.6237,2.7173,2.8318,2.9277,3.0739,3.2512,3.3876,3.5732,3.7468,3.8393,3.8837,3.7971,3.513,3.143,2.3611,1.1682,-0.081854,-2.4411,-6.1578,-10.885,-26.168,-11.099,-5.5302,-3.0941,-0.95383,0.42472,1.1284,1.7269,2.0459,2.1477,2.1059,1.9446,1.6687,1.4101,1.0095,0.54306,0.16303,-0.3942,-0.95497,-1.4622,-1.7598,-1.9543,-1.9125,-1.7855,-1.583,-1.4666,-1.5005,-1.7396,-2.2624,-3.0395,-3.7504,-4.8108,-5.8292,-6.458,-7.0014,-7.1792,-7.1261,-7.0361,-6.9581,-6.9564,-7.031,-7.1942,-7.4202,-7.5685,-7.6868,-7.6128,-7.3792,-7.082,-6.6401,-6.2853,-6.1153,-6.1647,-6.5495,-7.0985,-8.2557,-9.9479,-12.044,-13.406,-13.493,-11.446,-9.6536,-7.6489,-6.1599,-5.2126,-4.7921,-4.6242,-4.9331,-5.4018,-6.1644,-6.5159,-6.0256,-4.3409,-2.1738,-0.09432,1.2715,2.8247,4.0961,4.8819,5.7295,6.3726,6.7308,7.0427,7.1704,7.1118,6.9442,6.5556,5.9824,5.4402,4.578,3.6105,2.5985,1.8477,0.89308,-0.04926,-0.81593,-2.0561,-3.7804,-5.6205,-9.4667,-17.609,-20.503,-12.026,-6.8354,-3.8684,-2.3521,-0.90582,0.082466,0.59824,1.0668,1.3353,1.4513,1.4411,1.3416,1.1355,0.91607,0.55234,0.16462,-0.14738
-4.716,-4.873,-4.7837,-4.5808,-4.4792,-4.4823,-4.6709,-4.8901,-5.199,-5.4129,-5.3441,-5.0829,-4.4544,-3.569,-2.8004,-1.7044,-0.61356,0.15977,1.0885,1.8579,2.4599,2.7909,3.0731,3.1782,3.1493,2.9835,2.7215,2.4938,2.2202,2.0675,2.0813,2.1976,2.4377,2.6805,2.8096,2.8375,2.6578,2.2329,1.7367,0.84055,-0.27864,-1.1991,-2.3337,-2.9869,-2.9981,-2.4952,-1.7347,-1.0448,-0.67382,-0.40861,-0.43455,-0.64244,-1.143,-1.8391,-2.4206,-3.1398,-3.5905,-3.6496,-3.4494,-3.006,-2.5259,-2.2075,-1.8883,-1.7098,-1.6568,-1.6639,-1.6862,-1.6626,-1.5775,-1.324,-0.94901,-0.62565,-0.20512,0.12093,0.27602,0.24727,-0.0083706,-0.54616,-1.1247,-2.1033,-3.1702,-3.8592,-4.3362,-4.0991,-3.3631,-2.7162,-1.9511,-1.3804,-1.1104,-0.97191,-1.0392,-1.2735,-1.5186,-1.919,-2.342,-2.683,-3.1875,-3.8203,-4.4426,-5.5706,-7.132,-9.1924,-10.824,-11.769,-10.227,-8.4198,-6.239,-4.6431,-3.7935,-3.052,-2.6644,-2.5782,-2.6674,-2.9219,-3.287,-3.5834,-3.9938,-4.4029,-4.7969,-5.0885,-5.491,-5.9352,-6.2552,-6.6652,-7.004,-7.2002,-7.3613,-7.3753,-7.2477,-7.1261,-6.9434,-6.8289,-6.8269,-6.9281,-7.2418,-7.6038,-8.2227,-8.9116,-9.5432,-9.887,-10.069,-9.9187,-9.6267,-9.0939,-8.5545,-8.2082,-8.1722,-8.4882,-9.4857,-10.859,-14.056,-19.858,-19.832,-12.608,-7.8465,-4.6023,-2.7425,-0.77013,0.77798,1.7205,2.7334,3.4839,3.8875,4.2156,4.2928,4.1146,3.7917,3.0921,2.0496,1.0203,-0.71824,-2.8815,-5.3023,-6.9145,-8.0024,-7.76,-7.2973,-6.9088,-7.0038,-7.3703,-8.0966,-8.6781,-8.5391,-7.899,-6.6619,-5.3882,-4.5525,-3.6468,-2.9654,-2.5864,-2.2482,-2.0671,-2.0714,-2.1949,-2.5708,-3.2121,-3.9129,-5.224,-7.1352,-9.8378
-1.5775,-1.8952,-2.3406,-2.8128,-3.2064,-3.7908,-4.4246,-4.9484,-5.6593,-6.3511,-6.9369,-7.2243,-7.2417,-6.7032,-5.9433,-4.5788,-3.0707,-1.9641,-0.61504,0.53536,1.4676,2.0251,2.5953,2.9884,3.1869,3.3406,3.4061,3.4157,3.4022,3.3713,3.3289,3.2857,3.1848,3.0072,2.7891,2.3504,1.6901,0.72933,-0.2373,-1.9721,-4.4377,-7.0592,-12.756,-28.186,-17.234,-10.007,-6.5961,-4.6687,-3.8315,-3.3039,-3.3884,-3.8152,-4.9292,-6.792,-8.8236,-12.645,-16.688,-14.828,-11.904,-9.1093,-7.3617,-6.5685,-6.034,-5.9831,-6.3611,-6.8888,-7.839,-8.8243,-9.1949,-8.7577,-7.3556,-6.0535,-4.4097,-3.0587,-2.0278,-1.4734,-0.98275,-0.7528,-0.72311,-0.81331,-1.0061,-1.1568,-1.3367,-1.4627,-1.54,-1.6081,-1.7507,-1.9982,-2.3072,-2.8866,-3.716,-4.7711,-5.6491,-6.7602,-7.4892,-7.6699,-7.554,-7.3725,-7.4267,-7.9165,-9.1235,-11.188,-13.208,-14.586,-11.939,-9.3344,-6.5023,-4.4883,-3.381,-2.3457,-1.693,-1.3471,-1.2598,-1.3232,-1.5547,-1.8213,-2.2769,-2.8417,-3.51,-4.0823,-4.9286,-5.8641,-6.6192,-7.6672,-8.6193,-9.174,-9.5248,-9.4125,-8.8925,-8.4146,-7.8086,-7.3189,-7.1079,-7.0222,-7.2125,-7.5096,-8.1419,-9.0082,-10.055,-10.876,-11.794,-12.254,-12.137,-11.416,-10.451,-9.5091,-8.9746,-8.576,-8.4444,-8.5197,-8.6709,-8.6118,-8.2547,-7.333,-6.0697,-4.6739,-3.6309,-2.3073,-1.0837,-0.24753,0.73233,1.5327,1.9991,2.415,2.5719,2.4427,2.1352,1.4152,0.28012,-0.89434,-3.0133,-6.0131,-10.383,-14.86,-16.732,-12.139,-9.7332,-7.7633,-6.6751,-6.221,-5.8954,-5.7497,-5.6873,-5.653,-5.6024,-5.5555,-5.517,-5.4969,-5.4629,-5.3934,-5.2776,-5.1536,-5.093,-5.1233,-5.3547,-5.8545,-6.4459,-7.5918,-9.1955,-11.241
0.59572,0.10735,-0.66967,-1.5976,-2.3814,-3.5237,-4.7517,-5.7203,-7.1201,-8.7262,-10.846,-13.025,-17.031,-17.637,-13.612,-8.8406,-5.4192,-3.454,-1.4047,0.14834,1.3038,1.9588,2.6007,3.0265,3.2349,3.4146,3.5137,3.561,3.6083,3.6365,3.6452,3.6234,3.5355,3.3482,3.1195,2.6766,2.0398,1.1838,0.38529,-0.89586,-2.4097,-3.64,-5.1556,-6.0221,-6.0043,-5.2732,-4.2655,-3.4128,-2.9683,-2.7231,-2.8831,-3.3034,-4.2946,-5.8115,-7.298,-9.5459,-11.157,-10.953,-9.9799,-8.624,-7.6965,-7.3587,-7.343,-7.8162,-8.807,-9.9828,-12.432,-16.796,-23.234,-21.468,-13.305,-9.7972,-6.552,-4.258,-2.5886,-1.6526,-0.75169,-0.1644,0.097601,0.25178,0.22357,0.1064,-0.12269,-0.42656,-0.77927,-1.0684,-1.5037,-2.071,-2.6241,-3.6236,-5.0832,-7.2608,-9.7025,-15.117,-26.339,-18.626,-11.83,-8.5012,-6.9774,-5.714,-5.0207,-4.6002,-4.3312,-3.8348,-3.1217,-2.451,-1.5236,-0.66101,-0.11538,0.43707,0.76299,0.87997,0.84287,0.63116,0.25302,-0.12955,-0.75815,-1.5196,-2.4202,-3.2029,-4.4332,-5.9348,-7.3307,-9.7169,-13.053,-16.361,-19.383,-15.755,-11.996,-9.9532,-8.0306,-6.7947,-6.2027,-5.8489,-5.8871,-6.1942,-6.9853,-8.301,-10.315,-12.529,-17.338,-28.328,-23.68,-15.455,-11.428,-8.9664,-7.6993,-6.5506,-5.8503,-5.5387,-5.3282,-5.2718,-5.2857,-5.3196,-5.3032,-5.1153,-4.7906,-4.035,-2.9452,-2.0221,-0.78999,0.32421,1.0267,1.7374,2.1872,2.3545,2.3005,1.9763,1.3689,0.73948,-0.307,-1.5052,-2.6901,-3.4151,-3.9918,-4.0974,-3.9741,-3.7328,-3.5356,-3.4722,-3.5276,-3.7534,-4.1603,-4.5855,-5.3453,-6.3446,-7.248,-8.547,-9.6265,-9.9838,-9.6451,-8.7638,-7.8309,-7.2878,-6.8413,-6.7261,-6.8211,-7.1558,-7.6164,-8.0376
2.5782,1.883,0.69434,-0.81179,-2.1419,-4.1597,-6.3003,-7.7442,-9.1189,-9.8431,-10.369,-10.836,-11.279,-10.443,-8.7094,-5.8627,-3.2763,-1.6539,0.059287,1.3169,2.1718,2.5757,2.8435,2.8606,2.7529,2.5332,2.3316,2.2571,2.302,2.5079,2.7904,2.9951,3.202,3.2761,3.235,3.0289,2.6546,2.1303,1.6502,0.93207,0.18293,-0.33772,-0.89665,-1.2477,-1.3296,-1.2439,-0.99567,-0.68741,-0.47882,-0.30256,-0.29634,-0.43999,-0.82074,-1.3958,-1.911,-2.6272,-3.3109,-3.8679,-4.2343,-4.7042,-5.2745,-5.7779,-6.565,-7.4504,-8.3471,-8.9784,-9.6366,-9.9735,-9.8431,-8.9781,-7.4506,-6.072,-4.2252,-2.5567,-1.1709,-0.333,0.51542,1.051,1.2588,1.2749,1.032,0.68663,0.057512,-0.66702,-1.3566,-1.7512,-2.076,-2.2223,-2.3001,-2.5515,-3.0408,-3.8515,-4.6213,-5.6128,-6.0323,-5.6518,-4.438,-2.9875,-1.9795,-0.86667,0.033924,0.74427,1.1989,1.7341,2.2228,2.5652,2.9614,3.2791,3.4375,3.5318,3.4704,3.2327,2.9405,2.4031,1.7106,1.1086,0.22194,-0.71679,-1.6791,-2.4046,-3.423,-4.5695,-5.5728,-7.165,-9.0242,-10.372,-11.074,-9.9187,-7.8968,-6.479,-4.9605,-3.8888,-3.3459,-2.9384,-2.8726,-3.0455,-3.545,-4.3472,-5.4383,-6.3908,-7.6042,-8.2626,-8.06,-6.9771,-5.5533,-4.2409,-3.4576,-2.6737,-2.2522,-2.1459,-2.3029,-2.8271,-3.5014,-4.8608,-6.8937,-9.7568,-11.842,-11.084,-7.4152,-4.9246,-2.3378,-0.43717,0.65391,1.764,2.5437,3.0495,3.2687,3.3704,3.2763,3.0852,2.7112,2.2377,1.7082,1.308,0.80537,0.36257,0.065068,-0.30068,-0.65686,-0.93174,-1.3505,-1.8705,-2.5469,-3.2267,-4.4568,-6.2371,-8.1412,-11.938,-19.364,-33.914,-16.927,-11.659,-8.9754,-7.8176,-6.9638,-6.6788,-6.7465,-7.065,-7.5261,-7.9717
4.2082,3.4508,2.0823,0.23149,-1.587,-4.8571,-9.9366,-16.996,-22.891,-12.031,-7.9588,-6.086,-4.2222,-2.6772,-1.5869,-0.2205,1.0111,1.8068,2.6364,3.1596,3.3383,3.2233,2.7087,1.7501,0.73138,-0.99675,-2.7971,-3.6255,-3.2803,-1.8179,-0.29341,0.63619,1.5265,2.0559,2.2441,2.2566,2.0424,1.6321,1.2169,0.55773,-0.16743,-0.69584,-1.2901,-1.6247,-1.643,-1.3308,-0.74222,-0.01808,0.51021,1.1311,1.5723,1.7816,1.8772,1.7648,1.5498,1.0914,0.44454,-0.39701,-1.1594,-2.4137,-3.9633,-5.3428,-7.4663,-9.7172,-11.443,-11.795,-10.987,-9.4948,-8.2724,-6.6597,-5.0442,-3.8658,-2.3532,-0.96647,0.2339,0.98348,1.7403,2.1731,2.2627,2.0412,1.3694,0.53647,-1.132,-3.5209,-6.5505,-8.3461,-7.5774,-4.9082,-3.193,-1.5254,-0.45254,0.21149,0.54991,0.89794,1.2323,1.5291,1.9956,2.5221,2.9259,3.4471,3.9239,4.3444,4.6278,4.9548,5.2315,5.3911,5.5453,5.5978,5.5586,5.3733,5.0196,4.4626,3.889,2.9098,1.6785,0.59796,-0.98022,-2.5261,-3.6928,-4.1587,-4.2323,-3.9945,-3.7753,-3.5333,-3.3517,-3.1873,-2.8741,-2.3998,-1.8262,-1.3648,-0.81828,-0.37057,-0.14835,0.025784,0.032944,-0.035723,-0.21302,-0.44314,-0.67338,-0.80889,-0.89551,-0.80757,-0.61433,-0.22791,0.25195,0.72789,1.0336,1.3035,1.3922,1.2975,0.92658,0.23037,-0.54139,-1.9806,-3.9328,-6.296,-7.7102,-7.4815,-5.2663,-3.5082,-1.5611,-0.074995,0.79462,1.7267,2.4564,3.0531,3.415,3.7898,4.0242,4.0978,4.0493,3.8315,3.4557,3.0723,2.4491,1.7209,1.1357,0.37253,-0.29738,-0.69075,-1.0501,-1.2877,-1.5325,-1.7982,-2.3519,-3.1629,-3.9498,-5.1193,-6.1166,-6.5243,-6.4491,-5.9663,-5.4871,-5.3058,-5.4097,-5.9418,-6.6552,-8.0468,-9.959,-12.321
3.6155,3.0993,2.171,0.97344,-0.092648,-1.6539,-3.1876,-4.0562,-4.4793,-3.9789,-2.9668,-2.1047,-0.97866,0.053265,0.74977,1.5605,2.2251,2.5983,2.9041,2.947,2.6755,2.2289,1.2446,-0.30697,-1.9553,-5.1189,-9.9969,-14.103,-11.464,-7.0448,-4.3662,-3.1164,-2.0924,-1.5781,-1.4431,-1.5224,-1.8418,-2.387,-2.9469,-3.9437,-5.2726,-6.5702,-8.6865,-10.635,-10.869,-8.8546,-6.1259,-3.7464,-2.3053,-0.79279,0.31465,0.91931,1.4367,1.6508,1.6226,1.3313,0.75288,-0.13606,-1.027,-2.5757,-4.578,-6.5067,-9.8715,-14.757,-21.963,-22.197,-16.507,-13.07,-11.215,-9.2676,-7.4386,-6.0796,-4.2982,-2.6491,-1.1996,-0.28445,0.65119,1.2461,1.4452,1.3567,0.80742,0.06108,-1.453,-3.6438,-6.3686,-7.8622,-7.064,-4.4839,-2.7282,-0.90222,0.39301,1.3006,1.7885,2.2577,2.5966,2.7928,2.9913,3.1429,3.2318,3.3349,3.4197,3.5085,3.5813,3.6899,3.8155,3.8999,3.9962,4.0199,3.9726,3.7686,3.3613,2.7007,2.0043,0.74016,-1.0232,-2.7716,-5.9929,-11.094,-21.094,-18.48,-10.917,-7.2129,-5.4729,-3.8702,-2.7705,-2.1482,-1.5165,-1.0241,-0.66921,-0.47632,-0.33405,-0.32845,-0.40921,-0.6276,-0.9069,-1.1103,-1.3197,-1.3872,-1.2602,-1.0399,-0.62889,-0.13931,0.25428,0.76791,1.2428,1.6272,1.8625,2.045,2.0905,2.0168,1.7761,1.3681,0.96886,0.32989,-0.36482,-0.99833,-1.3685,-1.6638,-1.7726,-1.7815,-1.7969,-1.858,-1.9158,-1.9082,-1.6192,-0.99421,-0.38538,0.46949,1.2036,1.6182,1.9236,1.9242,1.6013,1.1341,0.18564,-1.1812,-2.4944,-4.5721,-6.6433,-7.5064,-7.0236,-5.541,-4.1288,-3.3219,-2.6091,-2.266,-2.1826,-2.2605,-2.4613,-2.6676,-2.9641,-3.3185,-3.8036,-4.278,-5.1411,-6.3562,-7.5316,-9.579,-12.348,-16.075
1.907,1.6637,1.2181,0.66229,0.21495,-0.36745,-0.84948,-1.1088,-1.2528,-1.1605,-0.86247,-0.54518,-0.051513,0.46663,0.84349,1.2893,1.6532,1.843,1.9641,1.8998,1.621,1.2563,0.55683,-0.39387,-1.2444,-2.4779,-3.6336,-4.2915,-4.7721,-4.9086,-4.9462,-5.0423,-5.3405,-5.842,-6.2966,-6.9093,-7.4556,-7.9217,-8.2873,-8.9629,-10.041,-11.264,-13.643,-16.542,-16.98,-13.442,-9.5317,-6.5233,-4.7433,-2.87,-1.4515,-0.64789,0.10705,0.53704,0.65304,0.55368,0.16187,-0.52908,-1.2454,-2.4583,-3.9811,-5.3001,-7.2295,-9.2043,-10.969,-12.034,-13.181,-14.233,-15.052,-15.508,-13.918,-11.657,-8.5254,-5.8037,-3.6096,-2.2921,-0.92101,0.047528,0.53489,0.87941,0.91707,0.7701,0.4041,-0.073005,-0.48523,-0.66222,-0.63958,-0.33395,-0.0048737,0.46495,0.87923,1.1884,1.3361,1.4212,1.3897,1.2915,1.0757,0.77972,0.51126,0.10942,-0.30419,-0.67234,-0.87856,-0.98507,-0.87981,-0.66137,-0.2752,0.11811,0.35465,0.52854,0.47363,0.14904,-0.28724,-1.1517,-2.3592,-3.4806,-5.215,-6.9877,-8.1886,-8.3042,-7.4993,-6.2624,-5.3316,-4.2537,-3.381,-2.8628,-2.3256,-1.9754,-1.7894,-1.7876,-1.964,-2.3905,-2.8736,-3.7769,-4.9247,-5.9065,-7.0571,-7.4615,-6.7599,-5.749,-4.238,-2.8577,-1.9776,-1.016,-0.28963,0.2352,0.51194,0.74955,0.83715,0.82954,0.73986,0.57773,0.41219,0.15155,-0.16311,-0.53394,-0.86139,-1.394,-2.101,-2.8074,-4.1028,-6.0244,-8.0483,-11.64,-13.586,-10.195,-7.3629,-4.57,-2.6876,-1.7294,-0.9343,-0.61947,-0.75173,-1.1458,-2.093,-3.625,-5.2595,-8.3832,-13.008,-16.014,-12.741,-8.5638,-5.8337,-4.4321,-3.1564,-2.3751,-2.0247,-1.8266,-1.8635,-2.027,-2.4046,-2.9676,-3.7159,-4.406,-5.5185,-6.8441,-7.9553,-9.5488,-11.173,-12.649
0.75455,0.59142,0.28324,-0.080881,-0.36281,-0.70426,-0.95876,-1.0662,-1.0853,-0.97327,-0.73933,-0.50406,-0.14289,0.24408,0.53238,0.89912,1.2102,1.4026,1.577,1.6419,1.5755,1.4307,1.1025,0.63537,0.19809,-0.46562,-1.2034,-1.7965,-2.6309,-3.5651,-4.6928,-5.7155,-7.4397,-9.6987,-11.766,-14.592,-15.684,-14.358,-13.057,-11.727,-10.975,-10.643,-10.343,-9.916,-9.3817,-8.2621,-6.7925,-5.1699,-3.9731,-2.5002,-1.2292,-0.43857,0.38219,0.92753,1.1546,1.2159,1.0074,0.5418,0.036117,-0.82617,-1.8945,-2.7996,-4.1206,-5.5379,-7.0478,-8.2699,-10.142,-12.547,-14.962,-18.43,-16.521,-12.757,-8.6069,-5.5203,-3.1589,-1.7616,-0.28184,0.819,1.4312,2.004,2.3422,2.4651,2.4924,2.4169,2.2884,2.1791,2.0438,1.914,1.8245,1.6856,1.5063,1.2616,1.0292,0.64037,0.13629,-0.3187,-1.0253,-1.8641,-2.5886,-3.7164,-5.0431,-6.5773,-7.7248,-8.7169,-8.3219,-7.1799,-5.3531,-3.6976,-2.7115,-1.7446,-1.1527,-0.91029,-0.93756,-1.2095,-1.6935,-2.1659,-2.8529,-3.5127,-4.0268,-4.2697,-4.3746,-4.2755,-4.1032,-3.7694,-3.3765,-3.0794,-2.7139,-2.4422,-2.3145,-2.3472,-2.6111,-3.1864,-3.8883,-5.2828,-7.4828,-9.9833,-15.82,-28.67,-14.63,-10.154,-6.5706,-4.2521,-3.023,-1.8481,-1.0793,-0.61534,-0.44779,-0.37898,-0.43826,-0.51975,-0.62516,-0.66975,-0.65353,-0.57976,-0.493,-0.47534,-0.5472,-0.81397,-1.3328,-1.9391,-3.1025,-4.741,-6.2948,-8.445,-9.3089,-7.9115,-6.2589,-4.2692,-2.7654,-1.9412,-1.1978,-0.80439,-0.71943,-0.84206,-1.2308,-1.8316,-2.3814,-3.1499,-3.7415,-3.9226,-3.7151,-3.1074,-2.3414,-1.7882,-1.1821,-0.75896,-0.58591,-0.52035,-0.65879,-0.88541,-1.3752,-2.0706,-2.974,-3.8064,-5.0926,-6.5809,-7.8425,-9.651,-11.479,-13.032
0.036302,-0.24612,-0.76073,-1.3764,-1.8607,-2.4353,-2.8092,-2.8843,-2.7284,-2.3451,-1.8664,-1.4937,-1.0172,-0.57038,-0.2478,0.19194,0.64042,0.9824,1.4195,1.7963,2.0688,2.1836,2.1957,2.0445,1.8247,1.3965,0.81905,0.28653,-0.57498,-1.6281,-2.9278,-4.1283,-6.1358,-8.781,-11.339,-15.341,-16.851,-14.264,-12.308,-10.504,-9.4236,-8.9496,-8.5351,-8.1491,-7.6828,-6.7568,-5.419,-3.8502,-2.6159,-1.0452,0.3413,1.2191,2.163,2.8245,3.1378,3.3047,3.1996,2.8444,2.4255,1.6804,0.77924,0.018403,-1.0563,-2.1425,-3.1744,-3.8808,-4.6906,-5.2853,-5.5119,-5.3955,-4.6944,-3.8292,-2.4197,-0.92389,0.47023,1.4038,2.4647,3.3156,3.8121,4.3028,4.6046,4.7212,4.743,4.6403,4.4228,4.2032,3.8443,3.4206,3.0682,2.558,1.9931,1.3597,0.82706,0.022277,-0.9011,-1.6722,-2.8085,-4.0485,-5.0439,-6.4767,-8.25,-10.741,-13.626,-20.101,-17.679,-12.232,-7.6619,-4.713,-3.1527,-1.6852,-0.74994,-0.23233,-0.074344,-0.11824,-0.40453,-0.7417,-1.3109,-1.9586,-2.6425,-3.1383,-3.7334,-4.1625,-4.3461,-4.3501,-4.0694,-3.6994,-3.1074,-2.4906,-1.9941,-1.7233,-1.5667,-1.6644,-1.9278,-2.5231,-3.3709,-4.0757,-4.8674,-5.1066,-4.5775,-3.82,-2.6742,-1.648,-1.0418,-0.48657,-0.22837,-0.28351,-0.5162,-1.0947,-1.8964,-2.5755,-3.3306,-3.5217,-3.136,-2.1356,-0.97964,0.0311,0.60968,1.1069,1.2901,1.2372,0.95247,0.49495,0.10895,-0.36371,-0.64914,-0.6977,-0.58396,-0.32566,-0.030161,0.18095,0.42651,0.61853,0.75051,0.80836,0.82827,0.801,0.75961,0.71528,0.71607,0.76719,0.9135,1.1291,1.3807,1.5564,1.7453,1.8425,1.8367,1.7077,1.4233,1.101,0.52255,-0.23449,-1.2025,-2.0771,-3.5011,-5.2882,-6.9333,-9.6997,-13.534,-19.388
-0.58003,-1.0295,-1.9697,-3.3899,-4.7817,-7.0264,-8.8849,-8.9657,-7.3676,-5.4203,-3.9437,-3.2187,-2.6545,-2.4235,-2.3215,-2.0383,-1.375,-0.63896,0.49736,1.5928,2.4808,2.9693,3.3759,3.5063,3.4388,3.1544,2.6903,2.2547,1.578,0.81481,-0.019501,-0.69721,-1.652,-2.6524,-3.3908,-4.2202,-4.7287,-4.9487,-5.0322,-5.222,-5.6953,-6.3699,-7.7852,-9.8894,-11.404,-10.807,-7.2491,-3.7153,-1.5264,0.8469,2.689,3.7805,4.8989,5.6643,6.0194,6.2203,6.1141,5.713,5.2219,4.3362,3.2071,2.2319,0.84136,-0.48044,-1.4801,-1.8645,-1.8558,-1.372,-0.82638,0.03557,0.97493,1.7019,2.6687,3.6018,4.4518,5.0279,5.6827,6.2039,6.5037,6.7755,6.901,6.8997,6.7594,6.4626,6.0065,5.5696,4.8684,4.076,3.4337,2.5678,1.7222,0.88143,0.21604,-0.79042,-2.0403,-3.1878,-5.0497,-7.1268,-8.4729,-9.2806,-8.9492,-8.1715,-7.5607,-6.6393,-5.3891,-4.2024,-2.5471,-1.006,-0.06125,0.90881,1.5109,1.7769,1.7795,1.5398,1.0466,0.53069,-0.32909,-1.3801,-2.6116,-3.6758,-5.2929,-7.0572,-8.2385,-8.9452,-8.0196,-6.6071,-4.5952,-2.8133,-1.3841,-0.54431,0.28549,0.83639,1.0872,1.2569,1.3068,1.2926,1.2766,1.331,1.4704,1.6169,1.8325,1.991,2.0453,1.9772,1.707,1.1548,0.53762,-0.73996,-2.7652,-5.1556,-10.923,-23.529,-11.019,-4.2636,-0.56153,1.8224,3.081,4.2472,4.9555,5.2474,5.3718,5.2497,5.0285,4.603,4.0629,3.4494,2.9674,2.3226,1.7644,1.4514,1.2474,1.2917,1.5295,1.7716,2.122,2.4416,2.6599,2.9325,3.1858,3.3731,3.6156,3.8482,4.0403,4.1448,4.2238,4.1956,4.1032,3.8585,3.4938,3.133,2.5636,1.8862,1.0913,0.41357,-0.65607,-1.9443,-3.0659,-4.8134,-6.781,-8.5946
-1.0934,-1.3123,-2.0361,-3.4342,-5.07,-8.2774,-12.198,-12.17,-8.4411,-5.5426,-3.9133,-3.4301,-3.7026,-5.1993,-7.3645,-11.661,-9.9497,-5.7301,-1.626,1.072,2.8319,3.6952,4.3614,4.5501,4.4287,3.9607,3.2397,2.6207,1.8567,1.3291,1.1148,1.1218,1.2259,1.3336,1.3813,1.3595,1.2405,1.0088,0.73938,0.18748,-0.68912,-1.6067,-3.3096,-5.5879,-7.1747,-6.801,-3.562,-0.24208,1.8335,4.0759,5.8243,6.8671,7.9212,8.6293,8.941,9.0803,8.9056,8.3965,7.7836,6.6256,5.0053,3.4195,0.6342,-3.2761,-8.2589,-8.9263,-4.6497,-1.1358,0.74483,2.634,4.0425,4.8739,5.7708,6.4553,6.9846,7.2922,7.6074,7.8246,7.9379,8.0171,7.9971,7.9009,7.6363,7.1559,6.4268,5.6878,4.4241,2.8686,1.5698,-0.10501,-1.2982,-1.7634,-1.8269,-1.9986,-2.6362,-3.629,-5.8713,-9.9026,-15.14,-16.606,-9.3636,-5.2812,-3.248,-1.2238,0.32161,1.2652,2.3105,3.1096,3.5485,3.8996,3.9683,3.7506,3.4047,2.7105,1.7812,0.95091,-0.33311,-1.7982,-3.4438,-4.8334,-7.0987,-10.285,-13.876,-19.89,-13.784,-9.3033,-5.2604,-2.493,-0.43919,0.71008,1.9178,2.784,3.2747,3.7459,4.0692,4.2333,4.3783,4.4592,4.48,4.4539,4.3493,4.1549,3.9521,3.6044,3.1916,2.7242,2.3219,1.7103,0.97701,0.39513,-0.19767,-0.016689,0.85631,2.641,4.5591,6.2148,7.2251,8.2428,8.913,9.1946,9.2929,9.0897,8.7415,8.02,6.984,5.6121,4.3168,2.2456,-0.13412,-1.7961,-2.7923,-1.9904,-0.54278,0.44453,1.4521,2.1555,2.5398,2.9504,3.3304,3.629,4.0538,4.4733,4.8355,5.0354,5.175,5.1343,4.9843,4.6281,4.1286,3.6823,3.0535,2.4503,1.9567,1.6598,1.3516,1.0774,0.85141,0.52765,0.24203,0.078247
-2.7484,-2.2958,-1.9899,-1.9405,-2.0746,-2.2788,-2.3524,-2.2301,-1.8416,-1.3631,-1.074,-1.0784,-1.5124,-2.4392,-3.3684,-4.2871,-3.5671,-2.0015,0.29412,2.1584,3.4837,4.1132,4.4703,4.2939,3.7933,2.5943,0.67436,-1.3143,-4.5734,-6.347,-4.2016,-2.0453,0.19397,1.7241,2.5164,3.2068,3.5584,3.654,3.5854,3.3395,2.9563,2.6177,2.1679,1.8776,1.8684,2.2726,3.1118,4.2524,5.1943,6.4398,7.5702,8.3043,9.0882,9.6333,9.8782,9.9682,9.7798,9.302,8.7467,7.7059,6.3039,4.9809,2.8513,0.41428,-1.6016,-1.9167,-0.61623,1.2895,2.5665,3.9419,4.9329,5.4705,5.9353,6.1507,6.1538,6.0426,5.8232,5.6216,5.5376,5.5584,5.6795,5.7574,5.7378,5.4555,4.7938,3.9676,2.3154,-0.25545,-3.0945,-9.5743,-28.873,-9.9084,-5.9736,-3.3104,-2.0794,-1.7231,-1.7321,-1.943,-1.9992,-1.6353,-0.7253,0.48371,1.4142,2.5336,3.4711,4.0205,4.563,4.8395,4.8891,4.7003,4.2385,3.4799,2.7038,1.4008,-0.21022,-1.5915,-3.5816,-5.5589,-7.268,-8.1744,-8.88,-9.0527,-8.8396,-8.083,-6.7134,-5.38,-3.5286,-1.7552,-0.29633,0.62743,1.5747,2.2697,2.6471,3.0151,3.2574,3.4072,3.5666,3.6564,3.6503,3.5533,3.2528,2.7468,2.216,1.3849,0.58765,0.19215,0.28748,0.9609,1.9652,2.7986,3.9223,5.0685,5.9463,7.1266,8.2519,9.2633,9.9017,10.566,10.983,11.124,11.07,10.727,10.269,9.3596,8.0692,6.3096,4.6072,1.615,-2.6213,-6.9805,-10.306,-6.1188,-3.0972,-1.8238,-1.0206,-0.88253,-1.0502,-1.358,-1.3308,-0.91642,0.070686,1.2029,2.2039,2.7693,3.1952,3.2558,3.0337,2.4027,1.3579,0.34332,-1.1925,-2.4484,-2.7222,-2.2042,-1.0416,0.11963,0.83919,1.5897,2.127,2.5161
-7.1082,-5.9861,-4.668,-3.576,-2.8839,-2.1506,-1.5617,-1.1956,-0.78072,-0.44621,-0.21576,-0.10667,-0.03351,0.014558,0.087221,0.31451,0.76925,1.2289,1.9327,2.6,3.1027,3.3155,3.3184,2.9367,2.3529,1.125,-0.71872,-2.5691,-5.4051,-6.7886,-4.9606,-3.0037,-0.8345,0.71898,1.5342,2.2616,2.6622,2.7945,2.7491,2.5461,2.2443,1.9875,1.689,1.5282,1.5505,1.8273,2.3848,3.1848,3.8705,4.8166,5.7171,6.3135,6.9782,7.4581,7.6871,7.8048,7.7012,7.3876,7.0167,6.3641,5.5473,4.8656,3.9269,3.0688,2.4326,2.1655,2.1059,2.295,2.532,2.8421,3.0614,3.1114,2.9473,2.4706,1.588,0.63162,-1.0461,-2.8714,-3.7182,-3.2256,-1.5549,-0.31488,0.90054,1.5609,1.6646,1.4053,0.62947,-0.56116,-1.6501,-3.0462,-3.826,-3.5964,-2.9722,-2.0279,-1.1975,-0.69358,-0.18348,0.23419,0.53869,0.97665,1.4854,2.016,2.4145,2.8896,3.2641,3.4527,3.5419,3.4252,3.169,2.5901,1.6993,0.46405,-0.71531,-2.6677,-5.1161,-7.3788,-11.082,-16.075,-22.727,-23.479,-18.12,-14.267,-12.153,-9.8191,-7.8268,-6.5192,-4.9842,-3.7265,-2.7638,-2.234,-1.8222,-1.7082,-1.7983,-2.0412,-2.248,-2.2613,-2.0111,-1.5471,-1.1021,-0.92216,-1.0249,-1.6898,-2.6755,-4.9506,-9.1496,-17.074,-13.318,-5.9825,-1.7505,0.47217,2.7462,4.5171,5.6166,6.8621,7.8864,8.7102,9.1998,9.6805,9.9486,10.008,9.8906,9.5368,9.1102,8.3198,7.2708,5.9593,4.8197,3.1493,1.4466,0.29983,-0.87513,-1.6282,-2.1862,-2.7022,-3.7584,-5.5796,-7.7412,-12.712,-22.25,-15.554,-8.7041,-5.076,-2.8776,-1.8208,-0.99497,-0.74938,-0.93624,-1.7283,-3.2654,-5.0685,-8.9397,-16.93,-18.61,-11.123,-6.2758,-3.5077,-2.0927,-0.77535,0.069752,0.55612
-12.862,-10.281,-7.6126,-5.6389,-4.4808,-3.3028,-2.4401,-1.9483,-1.4503,-1.1053,-0.8449,-0.68826,-0.47392,-0.23111,-0.0012626,0.38392,0.83423,1.1974,1.6741,2.1113,2.4346,2.5768,2.6142,2.4518,2.1984,1.6944,1.0716,0.58506,0.053274,-0.20269,-0.12224,0.11282,0.53466,0.94189,1.1793,1.3549,1.3523,1.1557,0.87782,0.3262,-0.42988,-1.115,-2.1224,-3.066,-3.5063,-3.4397,-2.5208,-1.1331,-0.015703,1.3694,2.5464,3.2663,4.0189,4.5366,4.7774,4.9261,4.895,4.6944,4.4403,3.9927,3.4361,2.9683,2.3036,1.6474,1.0644,0.70718,0.37694,0.21777,0.2004,0.25367,0.3182,0.2804,0.029472,-0.58867,-1.7195,-3.0324,-5.7258,-10.046,-13.731,-10.991,-6.2887,-3.9506,-1.8806,-0.65357,-0.018019,0.16604,0.11141,-0.1724,-0.4628,-0.85052,-1.1339,-1.2465,-1.212,-1.0552,-0.81107,-0.59688,-0.27719,0.046062,0.29374,0.62564,0.9516,1.2673,1.4775,1.7157,1.8566,1.8872,1.7806,1.4924,1.1189,0.39381,-0.65291,-2.0594,-3.3793,-5.5507,-8.2187,-10.583,-14.202,-17.973,-20.88,-21.389,-19.814,-16.922,-14.657,-11.975,-9.7126,-8.3198,-6.823,-5.7594,-5.0949,-4.9204,-5.0944,-5.8783,-6.9449,-9.2169,-12.473,-14.336,-12.183,-8.5646,-6.0011,-4.737,-3.7601,-3.4864,-3.6702,-4.3505,-5.2344,-5.5671,-4.9531,-3.1109,-0.95104,0.55277,2.3069,3.7708,4.7021,5.744,6.5877,7.2514,7.6382,8.0023,8.2008,8.2364,8.1294,7.8429,7.5071,6.9037,6.1281,5.2036,4.4294,3.3307,2.1944,1.3513,0.2618,-0.79821,-1.8744,-2.7394,-4.0309,-5.5532,-6.8145,-8.4025,-9.232,-8.9713,-7.7392,-6.2512,-4.9835,-4.2588,-3.5688,-3.2462,-3.2214,-3.5091,-4.1276,-4.7599,-5.6915,-6.3723,-6.3784,-5.8869,-4.8865,-3.8326,-3.1371,-2.4188,-1.9481,-1.7437
-11.451,-9.33,-7.0191,-5.2424,-4.2237,-3.1996,-2.5214,-2.2028,-2.0003,-1.9904,-2.0902,-2.1714,-2.1911,-2.0043,-1.7001,-1.1052,-0.38938,0.17864,0.89997,1.5229,2.02,2.297,2.533,2.6316,2.6277,2.5321,2.3637,2.2196,2.018,1.8331,1.6781,1.578,1.4474,1.2864,1.1361,0.87599,0.51735,0.035991,-0.43441,-1.2738,-2.4728,-3.72,-6.1292,-10.137,-15.67,-20.832,-10.452,-5.6402,-3.3234,-1.14,0.35324,1.1541,1.878,2.296,2.4495,2.4889,2.3869,2.1695,1.9449,1.5423,1.0292,0.54759,-0.22708,-1.157,-2.2054,-2.9872,-3.8288,-4.1288,-3.9284,-3.2247,-2.3912,-1.84,-1.3185,-1.1166,-1.2279,-1.4988,-1.993,-2.4401,-2.5692,-2.3223,-1.683,-1.0902,-0.3681,0.16218,0.45974,0.52243,0.42608,0.15362,-0.12308,-0.54211,-0.95449,-1.3054,-1.5041,-1.6326,-1.6254,-1.5476,-1.3564,-1.1079,-0.90932,-0.64351,-0.39414,-0.14571,0.031678,0.25065,0.4275,0.50629,0.51634,0.34942,0.09626,-0.46802,-1.3236,-2.5226,-3.6686,-5.5661,-7.9673,-10.156,-13.734,-18.631,-27.455,-41.418,-22.703,-17.032,-14.291,-11.466,-9.312,-8.0125,-6.6636,-5.6989,-5.1418,-4.9949,-5.2012,-5.9144,-6.8125,-8.5661,-10.619,-11.459,-10.199,-7.5993,-5.3147,-3.9956,-2.7154,-1.8577,-1.427,-1.0221,-0.69173,-0.29038,0.1336,0.83329,1.6543,2.3014,3.1549,3.9477,4.4866,5.1179,5.6522,6.0921,6.357,6.6218,6.782,6.8248,6.7687,6.571,6.3251,5.8572,5.2325,4.465,3.8108,2.8461,1.8227,1.043,0.019327,-0.95085,-1.8674,-2.5135,-3.3441,-4.1215,-4.6729,-5.3007,-5.7471,-5.9241,-5.9595,-5.7803,-5.4358,-5.0893,-4.6054,-4.1489,-3.871,-3.5982,-3.465,-3.4637,-3.5259,-3.5985,-3.6255,-3.6044,-3.5238,-3.3832,-3.2743,-3.1399,-3.0371,-2.9845
-5.3552,-4.5416,-3.4843,-2.5965,-2.0792,-1.6175,-1.447,-1.5399,-1.9879,-2.8171,-4.061,-5.1995,-6.6665,-7.1053,-6.3405,-4.4857,-2.5615,-1.3184,0.031672,1.0446,1.7842,2.1923,2.5731,2.8082,2.9093,2.9764,2.9705,2.9257,2.8079,2.6162,2.3366,2.0619,1.6072,1.0725,0.63643,0.06289,-0.45046,-0.87469,-1.1584,-1.559,-2.1033,-2.667,-3.6574,-4.7931,-5.4458,-5.4468,-4.2894,-2.6774,-1.5517,-0.36257,0.42562,0.76836,0.91266,0.76776,0.5249,0.097611,-0.33673,-0.66072,-0.81786,-0.98777,-1.2463,-1.5826,-2.3417,-3.6218,-5.688,-8.0434,-13.153,-18.304,-13.13,-7.6498,-4.3844,-2.7015,-1.1279,-0.070097,0.60643,0.93526,1.2211,1.4008,1.5148,1.6653,1.8183,1.9241,2.0017,1.9755,1.7989,1.5549,1.0693,0.40012,-0.22141,-1.1805,-2.2278,-3.2338,-3.8462,-4.3155,-4.3244,-4.0932,-3.6692,-3.2441,-2.9899,-2.7499,-2.5824,-2.4284,-2.2492,-1.8975,-1.4018,-0.99793,-0.49452,-0.14523,-0.027373,-0.11013,-0.48367,-1.175,-1.9081,-3.1677,-4.735,-6.0827,-8.0863,-10.08,-11.627,-12.12,-11.726,-10.51,-9.3949,-7.9154,-6.564,-5.6668,-4.6403,-3.8393,-3.2626,-2.9633,-2.7713,-2.754,-2.8279,-2.9423,-2.9511,-2.8043,-2.3449,-1.6292,-0.80424,-0.2,0.52277,1.1168,1.4694,1.8418,2.1381,2.3962,2.5852,2.8438,3.1185,3.3359,3.6199,3.8875,4.0687,4.2892,4.4923,4.6863,4.8371,5.0551,5.2643,5.399,5.5108,5.4989,5.3843,5.0636,4.5309,3.7715,3.051,1.9171,0.6371,-0.36218,-1.6163,-2.6008,-3.2184,-3.4779,-3.6853,-3.8844,-4.1035,-4.5477,-5.1744,-5.7545,-6.6101,-7.3648,-7.6252,-7.3163,-6.3701,-5.1474,-4.287,-3.3448,-2.6928,-2.3891,-2.2094,-2.2675,-2.5276,-2.8361,-3.3456,-3.9173,-4.3117,-4.6619,-4.7176,-4.468
-1.4325,-0.97541,-0.40707,0.054774,0.28593,0.41255,0.26372,-0.070727,-0.88024,-2.2182,-4.3436,-6.7528,-11.897,-16.869,-11.901,-6.5644,-3.3245,-1.6845,-0.16338,0.821,1.4175,1.684,1.8846,1.9886,2.0432,2.1427,2.2728,2.3555,2.408,2.3129,2.0134,1.6019,0.7775,-0.38844,-1.4753,-3.0338,-4.1696,-4.2306,-3.6056,-2.4605,-1.4249,-0.82592,-0.26194,0.12912,0.37313,0.72497,1.1058,1.4623,1.6672,1.7733,1.6104,1.2582,0.44295,-0.82395,-2.09,-4.111,-6.0485,-6.6883,-6.054,-4.6324,-3.478,-2.95,-2.752,-3.1156,-4.0001,-4.9391,-6.2029,-6.5041,-5.6816,-3.7616,-1.8118,-0.5496,0.80093,1.8078,2.5366,2.9375,3.3118,3.5485,3.6593,3.7286,3.7182,3.6458,3.4635,3.1627,2.6971,2.227,1.3889,0.27011,-0.80794,-2.6438,-5.082,-8.3404,-11.234,-13.496,-11.282,-9.1209,-7.0924,-5.949,-5.5879,-5.6839,-6.3434,-7.323,-7.7828,-7.2143,-5.3971,-3.8349,-2.0029,-0.61125,0.11747,0.71698,0.92756,0.7927,0.48816,-0.16087,-1.0372,-1.7954,-2.8839,-3.9447,-4.8401,-5.3438,-5.7035,-5.7019,-5.471,-4.9203,-4.1933,-3.5943,-2.7952,-2.084,-1.4719,-1.0868,-0.65487,-0.27956,-0.037599,0.30729,0.68349,1.0053,1.4906,1.997,2.4904,2.8232,3.19,3.4311,3.5306,3.5532,3.4701,3.3145,3.1576,2.9549,2.7764,2.666,2.5236,2.3601,2.2002,1.9324,1.6291,1.4137,1.4052,1.6873,2.265,2.7923,3.4661,3.9686,4.1682,4.156,3.7973,3.0421,2.1798,0.59728,-1.5896,-3.7177,-7.1528,-9.8854,-8.9726,-7.2262,-5.3382,-4.2623,-3.9094,-4.0257,-4.8195,-5.954,-8.4413,-13.055,-23.201,-17.746,-10.09,-6.1574,-4.2468,-2.5482,-1.5306,-1.103,-0.93894,-1.2006,-1.8852,-2.6812,-4.1826,-6.2685,-8.1786,-10.702,-11.207,-9.1919
-0.22395,0.22306,0.7598,1.2113,1.4633,1.6467,1.6229,1.4522,1.0254,0.34542,-0.52107,-1.2099,-1.9731,-2.2548,-2.0476,-1.398,-0.60077,-0.086244,0.36374,0.48882,0.27271,-0.11348,-0.8391,-1.5917,-1.9395,-1.8454,-1.1325,-0.43222,0.41404,0.94741,1.0513,0.80293,-0.051968,-1.6605,-3.5748,-7.8246,-17.476,-14.194,-7.8592,-3.4633,-0.85957,0.48171,1.7623,2.6407,3.0956,3.5073,3.7169,3.7403,3.6201,3.2536,2.6036,1.8835,0.54985,-1.3565,-3.318,-6.9897,-12.67,-14.912,-10.641,-6.5403,-4.1048,-2.9232,-1.9194,-1.3564,-1.0636,-0.93423,-0.74472,-0.41903,-0.052518,0.57759,1.2921,1.8259,2.4613,2.9668,3.3324,3.5197,3.6555,3.6987,3.6786,3.6004,3.4714,3.3336,3.0929,2.7499,2.2765,1.8032,0.98829,-0.1095,-1.1377,-2.8944,-5.1603,-8.0222,-10.367,-12.035,-10.631,-8.9968,-7.2965,-6.3803,-6.2256,-6.8314,-8.5594,-12.125,-16.89,-15.986,-8.912,-5.5394,-2.5038,-0.44474,0.6331,1.6131,2.1416,2.3027,2.2118,1.8398,1.2081,0.5771,-0.43119,-1.6226,-2.9488,-3.9832,-5.2589,-6.1627,-6.3786,-5.9344,-4.9378,-4.06,-2.9962,-2.1062,-1.4393,-1.0652,-0.66341,-0.30411,0.0045651,0.50402,1.13,1.6495,2.3641,3.0199,3.5572,3.8525,4.0662,4.053,3.8777,3.4218,2.7127,1.7999,1.0401,0.099702,-0.59844,-0.89433,-1.0622,-1.2452,-1.5645,-2.4577,-4.064,-6.4386,-8.0977,-7.3899,-4.172,-1.9458,0.29406,1.8127,2.5527,3.0778,3.1122,2.6774,2.0368,0.69211,-1.2905,-3.2705,-6.533,-9.0979,-7.9547,-6.0205,-3.9233,-2.6088,-2.0685,-1.8557,-2.1623,-2.7076,-3.7522,-4.9325,-5.5417,-5.1894,-3.8577,-2.2762,-1.2495,-0.2038,0.42617,0.62361,0.52931,0.021255,-0.90961,-1.9235,-3.7814,-6.3585,-8.9242,-12.945,-13.898,-10.701
-1.5769,-0.90983,-0.06725,0.66523,1.1349,1.61,1.917,2.0369,2.0507,1.9294,1.7252,1.5573,1.3525,1.2095,1.1561,1.1389,1.0887,0.97708,0.66291,0.043265,-1.0301,-2.2655,-4.8205,-9.3249,-15.736,-15.315,-7.439,-4.2579,-1.6002,0.0079794,0.87536,1.151,1.0761,0.5746,0.0083913,-0.82074,-1.3199,-1.078,-0.42067,0.77516,1.9755,2.7638,3.6115,4.2295,4.5573,4.8025,4.8514,4.7053,4.4609,3.9495,3.2205,2.5418,1.4529,0.18921,-0.81757,-2.1266,-3.105,-3.4901,-3.3603,-2.7867,-2.0312,-1.493,-0.86558,-0.36692,0.025175,0.28573,0.62404,0.9678,1.2465,1.6184,1.9802,2.1982,2.4011,2.483,2.4178,2.2727,1.9896,1.6379,1.368,1.0591,0.83916,0.74739,0.66199,0.55567,0.37729,0.15191,-0.28615,-0.89096,-1.4664,-2.3371,-3.3089,-4.2072,-4.7267,-5.1448,-5.1687,-4.9892,-4.6404,-4.3377,-4.2048,-4.1939,-4.3566,-4.4952,-4.3941,-3.7259,-2.5054,-1.4032,0.026357,1.2563,2.0062,2.7346,3.1758,3.3253,3.2525,2.9195,2.3172,1.6778,0.54569,-0.97113,-3.0138,-5.0503,-8.933,-15.81,-21.737,-13.003,-8.0902,-5.9201,-4.0686,-3.0477,-2.6473,-2.6817,-3.0781,-3.606,-3.742,-3.2019,-1.8416,-0.60174,0.95824,2.2421,3.1704,3.6216,3.888,3.7657,3.3938,2.4789,1.001,-1.2156,-3.502,-7.6656,-11.358,-10.136,-6.927,-4.9858,-4.3629,-4.4945,-5.6757,-7.813,-9.3838,-8.6136,-5.3475,-3.0745,-0.74666,0.88392,1.7514,2.5162,2.89,2.9259,2.7541,2.2839,1.6131,1.0532,0.36417,-0.074644,-0.14295,0.0090219,0.35615,0.73807,0.95934,1.1438,1.1941,1.169,1.0843,1.0399,1.1154,1.2618,1.5871,1.9761,2.2326,2.4705,2.5258,2.4129,2.0457,1.4223,0.54107,-0.28427,-1.5301,-2.8723,-3.8642,-4.9478,-5.6017,-5.816
-5.3627,-4.1409,-2.5813,-1.2478,-0.43004,0.4336,1.0524,1.3719,1.62,1.7287,1.7232,1.6671,1.5645,1.4547,1.3679,1.2553,1.1041,0.94446,0.6206,0.10666,-0.66139,-1.4182,-2.6855,-4.0281,-4.6881,-4.4747,-3.0704,-1.7579,-0.15253,1.111,2.0217,2.4839,2.8639,3.0345,3.0716,3.0838,3.1267,3.2632,3.4421,3.7539,4.1175,4.382,4.6863,4.9083,5.01,5.038,4.9249,4.6435,4.3187,3.7257,2.9582,2.2855,1.3127,0.33248,-0.34529,-1.1007,-1.5755,-1.7774,-1.7829,-1.6562,-1.4556,-1.3131,-1.1722,-1.0834,-1.0051,-0.90779,-0.69094,-0.34904,-0.034753,0.3988,0.75151,0.91348,0.94058,0.70027,0.15529,-0.46614,-1.5525,-2.8649,-3.8424,-4.8015,-5.022,-4.7302,-4.0629,-3.3913,-2.9242,-2.7206,-2.6727,-2.8224,-3.0629,-3.4645,-3.9027,-4.2985,-4.5086,-4.6193,-4.495,-4.2664,-3.8207,-3.2878,-2.8691,-2.2912,-1.7263,-1.1565,-0.69553,-0.017769,0.71844,1.2875,2.0293,2.6854,3.1009,3.5135,3.7548,3.8095,3.7237,3.4338,2.9367,2.4242,1.5338,0.38615,-1.049,-2.314,-4.1627,-5.7447,-6.2324,-5.6516,-4.3689,-3.4568,-2.5896,-2.3002,-2.6672,-3.4768,-5.5906,-9.8539,-17.422,-16.599,-6.9482,-3.3829,-0.31727,1.6929,2.9957,3.6078,4.0051,3.9493,3.6207,2.7772,1.4409,-0.47041,-2.2997,-5.0514,-6.9052,-6.6353,-4.9879,-3.4768,-2.7252,-2.1726,-2.0085,-1.9907,-1.9168,-1.6088,-1.0218,-0.46123,0.31427,1.0537,1.5485,2.1122,2.5604,2.8691,2.999,3.0703,3.019,2.9217,2.7586,2.6038,2.4849,2.4413,2.4491,2.5169,2.6102,2.7709,2.9632,3.1207,3.3349,3.561,3.7779,3.9314,4.103,4.2026,4.2211,4.1231,3.8654,3.5614,2.9948,2.2416,1.3174,0.53357,-0.60016,-1.7695,-2.6127,-3.6618,-4.5667,-5.3093
-10.989,-8.0549,-5.1947,-3.1317,-1.9991,-0.88596,-0.17563,0.14199,0.35257,0.35607,0.21912,0.062578,-0.15668,-0.32751,-0.40023,-0.42701,-0.34619,-0.24896,-0.12658,-0.038118,-0.0072489,-0.016402,-0.026557,0.027958,0.15997,0.51869,1.0616,1.5595,2.262,2.9296,3.5093,3.8616,4.227,4.477,4.5893,4.6669,4.6785,4.6496,4.6106,4.5411,4.466,4.4194,4.3891,4.3851,4.3754,4.339,4.2049,3.9133,3.5584,2.8673,1.8968,0.97006,-0.49527,-2.0914,-3.198,-4.1527,-4.2894,-3.7984,-3.2892,-2.7293,-2.4665,-2.4876,-2.8468,-3.543,-4.417,-4.9784,-5.1302,-4.3594,-3.43,-2.1587,-1.1914,-0.71787,-0.49898,-0.79882,-1.6558,-2.7148,-4.8593,-8.1699,-12.018,-22.005,-18.584,-13.19,-9.4933,-7.4613,-6.2967,-5.7813,-5.4442,-5.455,-5.6144,-6.0773,-6.6809,-7.3632,-7.7941,-7.9469,-7.49,-6.7754,-5.5421,-4.2128,-3.2619,-2.1205,-1.0997,-0.20175,0.40598,1.1293,1.7776,2.2074,2.7168,3.1327,3.371,3.603,3.7059,3.6929,3.6096,3.402,3.0929,2.8034,2.3582,1.866,1.3534,0.98451,0.55384,0.28391,0.21729,0.30578,0.52577,0.70748,0.84601,0.79735,0.46681,0.018687,-0.79043,-1.6465,-2.0078,-1.6604,-0.39678,0.78477,2.2866,3.513,4.3959,4.8345,5.1369,5.1333,4.9469,4.4836,3.7993,2.9765,2.3369,1.5505,0.99744,0.79412,0.74999,0.85905,0.95531,1.0372,1.0336,0.93131,0.80565,0.59316,0.34964,0.16698,-0.010232,-0.021117,0.1358,0.58185,1.2202,1.9012,2.3605,2.8357,3.1188,3.1992,3.1488,2.9489,2.6485,2.4031,2.1166,1.9551,1.9768,2.2101,2.6438,3.0448,3.6244,4.164,4.6187,4.891,5.1274,5.2097,5.1662,4.9528,4.5473,4.1155,3.3547,2.3817,1.2013,0.19308,-1.3154,-2.9303,-4.1466,-5.638,-6.789,-7.493
-8.1932,-6.2638,-4.1538,-2.6051,-1.745,-0.99114,-0.63345,-0.59884,-0.82341,-1.3535,-2.1064,-2.7517,-3.612,-4.2574,-4.4318,-4.1897,-3.5057,-2.8478,-1.9132,-1.0219,-0.2234,0.29577,0.92171,1.4844,1.876,2.3893,2.8934,3.2585,3.7283,4.1659,4.5474,4.8005,5.0701,5.253,5.3292,5.3204,5.1754,4.8747,4.5401,3.9755,3.321,2.858,2.4268,2.3443,2.5091,2.8828,3.2276,3.3627,3.2407,2.7064,1.6626,0.46973,-1.8831,-5.5965,-10.158,-22.577,-12.029,-6.6823,-4.5587,-2.9544,-2.3233,-2.3782,-3.1497,-4.9066,-8.2693,-13.118,-31.495,-11.125,-6.7216,-3.3383,-1.3513,-0.4694,0.080081,0.015608,-0.62815,-1.4774,-3.0929,-5.1764,-6.8688,-8.7587,-9.4881,-9.3289,-8.8155,-8.2975,-7.8796,-7.671,-7.4937,-7.5517,-7.7999,-8.5455,-9.9735,-12.345,-15.049,-19.326,-16.484,-12.412,-8.4602,-5.6406,-4.0021,-2.2864,-0.95515,0.093612,0.72402,1.4138,1.9643,2.3018,2.6606,2.9323,3.0716,3.169,3.164,3.0533,2.91,2.6721,2.4312,2.282,2.1678,2.1795,2.3173,2.4846,2.7745,3.1025,3.3627,3.7099,4.0314,4.2376,4.444,4.5679,4.6046,4.5827,4.5416,4.5404,4.6102,4.845,5.2183,5.5627,6.0439,6.4637,6.7705,6.9068,6.9553,6.8623,6.7025,6.3915,5.9952,5.563,5.2338,4.8295,4.5011,4.3111,4.1194,3.9722,3.868,3.6828,3.4087,2.9859,2.5285,1.6838,0.47821,-0.72337,-2.7299,-4.8057,-5.4075,-3.9689,-1.5632,0.50701,1.6829,2.7437,3.3153,3.458,3.2849,2.7141,1.7751,0.8471,-0.56864,-1.7536,-2.0569,-1.3308,0.17781,1.3992,2.8601,4.0405,4.9362,5.4208,5.8417,6.0217,5.9906,5.7504,5.275,4.7501,3.8252,2.6337,1.1298,-0.22566,-2.3818,-5.0681,-7.4983,-11.356,-14.883,-14.344
-1.895,-1.3737,-0.70546,-0.17974,0.06501,0.12049,-0.12383,-0.52991,-1.4364,-2.7707,-4.6345,-6.4698,-9.6577,-13.711,-15.589,-12.796,-9.0113,-6.7627,-4.3932,-2.537,-1.0681,-0.14439,0.87402,1.7098,2.2503,2.849,3.3469,3.6557,4.0027,4.2968,4.5716,4.7835,5.0655,5.3208,5.4684,5.5377,5.379,4.888,4.2394,2.8952,0.84165,-1.2762,-4.4275,-4.6074,-2.3201,0.63241,2.6749,3.8992,4.3751,4.492,4.0683,3.4156,2.1459,0.51674,-0.72243,-1.7293,-1.5485,-0.573,0.18137,0.91072,1.244,1.2069,0.79773,0.0030225,-1.0111,-1.6698,-1.8874,-1.0897,-0.099862,1.2464,2.3405,2.8879,3.2518,3.2142,2.7801,2.2041,1.1494,-0.18846,-1.321,-2.9431,-4.669,-6.0153,-7.8684,-9.5733,-10.48,-10.352,-9.5863,-8.7917,-8.5344,-8.5796,-9.2272,-10.395,-11.513,-12.404,-11.176,-9.2367,-6.5231,-4.2447,-2.8694,-1.3998,-0.32256,0.43816,0.83902,1.2121,1.4564,1.6076,1.7792,1.9378,2.0404,2.0791,1.9865,1.6917,1.3238,0.6707,-0.044468,-0.45186,-0.53577,0.062662,1.1607,2.1021,3.3246,4.3971,5.0882,5.8639,6.4876,6.8682,7.2898,7.6096,7.8637,8.0225,8.1952,8.3528,8.4646,8.6086,8.7375,8.8147,8.8753,8.866,8.7788,8.6589,8.4268,8.1217,7.8558,7.4611,7.0628,6.6717,6.4001,6.1089,5.8884,5.7685,5.6818,5.6403,5.6151,5.5458,5.3678,5.0221,4.5982,3.7217,2.3643,0.90061,-1.9198,-5.9314,-7.798,-4.4635,-0.57532,2.0497,3.3837,4.5105,5.0283,5.062,4.6536,3.6989,2.0974,0.32332,-3.2811,-10.197,-21.722,-7.8198,-2.0634,0.52712,2.9026,4.546,5.689,6.2853,6.7963,7.0123,6.9964,6.7436,6.239,5.6901,4.7322,3.4859,1.9382,0.5483,-1.6584,-4.3575,-6.7631,-10.442,-13.411,-12.914
2.0718,2.137,2.1708,2.1135,1.9523,1.5717,0.92346,0.22319,-1.0436,-2.7431,-4.954,-6.9745,-10.124,-13.321,-14.523,-13.042,-10.208,-8.0166,-5.5264,-3.5345,-1.9522,-0.96659,0.13918,1.049,1.6147,2.2141,2.6044,2.7641,2.7889,2.6714,2.5995,2.6965,3.188,4.0105,4.6755,5.4392,5.8817,5.8929,5.5659,4.5828,2.8858,1.1133,-1.3807,-1.3815,0.5923,3.3619,5.4455,6.8277,7.4939,7.9777,8.0776,7.9523,7.5998,7.1291,6.7741,6.3909,6.1566,6.0628,6.0445,6.0202,5.9597,5.877,5.7151,5.5434,5.436,5.438,5.5947,5.9181,6.2491,6.7203,7.1233,7.3362,7.4447,7.3022,6.8966,6.4081,5.5051,4.2982,3.1691,1.3357,-0.99984,-3.242,-7.2983,-14.042,-25.662,-16.09,-10.633,-8.104,-7.0866,-6.3855,-6.0377,-5.8455,-5.6357,-5.1601,-4.3501,-3.5567,-2.3819,-1.2447,-0.51346,0.20725,0.59853,0.63342,0.45409,-0.028046,-0.61488,-0.96149,-1.0534,-0.71744,-0.31067,0.19684,0.40193,0.15601,-0.41863,-1.9205,-4.7291,-8.3617,-14.029,-7.2164,-1.858,0.79395,3.3205,5.1313,6.1606,7.2007,7.9665,8.4119,8.8829,9.2667,9.5956,9.823,10.098,10.332,10.468,10.574,10.588,10.522,10.321,10.003,9.569,9.1773,8.5869,7.9359,7.4378,6.788,6.1741,5.6211,5.2829,4.9407,4.774,4.7927,5.0026,5.3863,5.732,6.2117,6.6213,6.8884,6.9718,6.8979,6.6192,6.3009,5.8375,5.5233,5.525,5.9314,6.6467,7.4053,7.8679,8.2599,8.3344,8.1594,7.6214,6.7453,5.5572,4.5052,3.0428,1.88,1.5049,1.8856,2.9764,3.9566,5.2195,6.2717,7.0652,7.4951,7.8418,7.9339,7.8608,7.5608,7.0423,6.5282,5.6521,4.5416,3.2086,2.0443,0.31474,-1.5514,-3.0017,-4.7377,-6.0215,-6.5116
4.071,3.9283,3.7082,3.4275,3.1768,2.7597,2.1431,1.5086,0.37078,-1.1784,-3.2197,-5.1224,-8.1742,-11.504,-13.336,-12.522,-9.7018,-7.6261,-5.3704,-3.8138,-2.7353,-2.1669,-1.4725,-0.64443,0.042092,0.93401,1.516,1.6028,1.0655,-0.47654,-3.3962,-5.9078,-4.0952,0.61188,3.2872,5.7896,7.4232,8.4133,8.8182,9.0096,8.9391,8.8337,8.7854,9.0011,9.3741,10.038,10.741,11.354,11.702,12,12.109,12.079,11.904,11.628,11.376,10.988,10.589,10.174,9.8714,9.4959,9.1554,8.9521,8.7791,8.7587,8.893,9.0893,9.4482,9.8831,10.226,10.662,11.01,11.198,11.308,11.223,10.924,10.552,9.8435,8.8759,7.9684,6.5091,4.7692,3.2806,1.1894,-0.78755,-2.2057,-2.7286,-2.9699,-3.0907,-3.2393,-3.675,-4.1588,-4.378,-4.1223,-3.2006,-1.9122,-0.8947,0.35423,1.3342,1.8559,2.1896,2.0422,1.3181,0.30796,-1.8713,-5.4148,-9.2965,-11.422,-6.5258,-3.7457,-1.3548,-0.021142,0.5645,0.58858,0.11283,-0.81673,-1.54,-1.7163,-0.24101,2.0405,3.6828,5.5123,6.8742,7.6117,8.2853,8.6797,8.8458,8.9815,9.1577,9.4449,9.7465,10.229,10.693,10.974,11.201,11.208,11.056,10.638,9.9673,9.0596,8.2471,7.0464,5.8145,4.922,3.8543,2.8856,1.9998,1.35,0.49812,-0.013648,0.078291,0.94701,2.4643,3.7483,5.3973,6.8608,8.0786,8.8293,9.6403,10.254,10.615,11.001,11.336,11.571,11.871,12.14,12.331,12.385,12.307,12.017,11.651,10.955,10.048,8.9767,8.1318,7.0619,6.2199,5.8483,5.7516,6.0665,6.4867,7.1396,7.7709,8.2483,8.4671,8.5543,8.4267,8.1989,7.7733,7.2246,6.7471,6.0173,5.1819,4.1521,3.2329,1.7647,-0.052603,-1.6926,-4.3773,-7.5038,-9.8617
3.406,3.0342,2.5883,2.3072,2.2432,2.2698,2.2893,2.1986,1.7762,0.9378,-0.44515,-1.9406,-4.6224,-8.2017,-10.714,-9.8158,-6.6408,-4.7387,-3.317,-2.9947,-3.7947,-5.3088,-8.0887,-7.4615,-4.3102,-0.78499,1.4422,2.3392,2.6944,2.1179,0.88032,0.24532,1.4667,4.2993,6.3577,8.6009,10.247,11.408,12.016,12.582,12.939,13.125,13.334,13.536,13.699,13.938,14.168,14.374,14.481,14.544,14.499,14.394,14.141,13.777,13.428,12.863,12.192,11.416,10.778,9.8767,8.9863,8.4154,7.9373,7.9315,8.4155,9.0085,9.9448,10.904,11.572,12.351,12.974,13.329,13.641,13.771,13.706,13.522,13.095,12.466,11.87,10.906,9.7796,8.8552,7.5714,6.2698,4.9831,4.0449,2.7413,1.2259,-0.15674,-2.6391,-6.4278,-12.33,-12.732,-6.3763,-2.1024,0.081483,2.1818,3.5437,4.1695,4.5536,4.4014,3.6916,2.7626,1.0054,-1.2529,-2.8895,-3.7703,-2.6609,-1.3984,0.068123,1.2522,2.1442,2.6712,3.2879,3.8602,4.3083,5.0098,5.8545,6.7668,7.4211,8.1474,8.6092,8.7319,8.5536,7.9438,7.2047,5.9783,4.9842,5.1339,6.0596,7.6868,9.1218,9.9114,10.558,10.731,10.55,9.9091,8.7839,7.1499,5.5913,3.0635,0.27436,-1.6191,-3.1662,-3.6301,-4.0441,-4.8892,-7.2557,-12.381,-19.718,-10.011,-3.285,0.068279,3.439,6.0598,8.1509,9.4475,10.909,12.102,12.846,13.665,14.313,14.698,15.077,15.302,15.362,15.29,15.017,14.511,13.976,13.026,11.779,10.217,8.8293,6.7336,4.611,3.4686,3.3084,4.4647,5.5622,6.8339,7.7237,8.1843,8.2525,7.9965,7.4141,6.7961,5.9009,5.1182,4.6781,4.3263,4.1271,3.8308,3.4652,2.6404,1.3933,0.11094,-2.2255,-5.2543,-7.9687
-3.0375,-4.2521,-6.0407,-7.005,-6.2728,-4.2094,-2.1527,-0.98471,0.039616,0.50692,0.52949,0.32474,-0.13752,-0.64353,-0.90467,-0.91143,-0.73873,-0.57871,-0.60695,-1.0775,-2.2268,-3.5046,-5.2329,-4.7198,-2.7809,-0.0040017,2.1018,3.2564,4.3282,5.0456,5.6146,6.064,6.8051,7.7167,8.4433,9.382,10.182,10.8,11.136,11.439,11.6,11.652,11.673,11.677,11.68,11.707,11.751,11.789,11.799,11.749,11.609,11.431,11.083,10.586,10.117,9.3668,8.4261,7.2797,6.2163,4.4524,2.1611,-0.015894,-3.1186,-3.5206,-0.42279,1.9985,4.6086,6.5946,7.7728,9.0336,10.01,10.586,11.163,11.552,11.756,11.78,11.649,11.336,10.985,10.371,9.5941,8.9224,7.9115,6.8149,5.6352,4.69,3.3356,1.8455,0.56749,-1.299,-3.2943,-4.7956,-4.7529,-3.1241,-0.94432,0.55171,2.1337,3.2913,3.8691,4.2672,4.275,3.9241,3.4364,2.5663,1.5499,0.75668,-0.22196,-1.0416,-1.5565,-1.9861,-1.9664,-1.314,-0.47897,0.83052,2.1531,3.0568,4.1469,5.0674,5.8159,6.2432,6.594,6.6593,6.4685,5.7947,4.447,2.8049,-0.79152,-8.1543,-9.1672,-2.4211,2.2966,4.9372,6.1491,7.0472,7.2712,7.0475,6.2432,4.8397,2.7729,0.6787,-3.1381,-9.0131,-16.184,-17.867,-12.208,-10.342,-10.136,-10.38,-10.868,-10.561,-8.7163,-5.788,-3.4268,-0.43178,2.2362,4.5419,6.0799,7.8573,9.3475,10.304,11.371,12.213,12.707,13.184,13.46,13.529,13.444,13.133,12.58,11.997,10.958,9.5663,7.72,5.91,2.6217,-2.5992,-9.1081,-7.6863,-1.22,1.4382,3.5738,4.6379,4.9394,4.7201,3.834,2.2281,0.4659,-2.7309,-6.0956,-6.6022,-4.3376,-2.1457,-0.68836,-0.050683,0.32367,0.35974,0.18712,-0.14523,-0.48849,-0.5326
-10.232,-11.593,-14.844,-18.244,-15.52,-10.367,-6.7779,-4.8727,-3.0098,-1.7374,-0.89131,-0.45803,-0.087864,0.15882,0.29719,0.42892,0.5455,0.56047,0.53267,0.40869,0.21839,0.12142,0.14337,0.44931,0.88177,1.6257,2.4217,2.9899,3.6507,4.2164,4.7107,5.0495,5.4675,5.8521,6.1229,6.4104,6.5955,6.6399,6.5809,6.3568,5.9944,5.6569,5.1635,4.7269,4.4992,4.3616,4.4136,4.5454,4.6432,4.7001,4.6104,4.4228,4.0243,3.4475,2.9161,2.0852,1.1219,0.0011836,-0.97663,-2.5707,-4.6682,-6.6621,-9.4529,-9.6847,-6.703,-4.3401,-1.7817,0.16331,1.3172,2.5724,3.6065,4.2651,5.0306,5.651,6.1224,6.3719,6.5458,6.5177,6.3566,5.9687,5.3879,4.8342,3.9583,2.9453,1.8521,1.0042,-0.10529,-1.1364,-1.7995,-2.506,-2.957,-2.9976,-2.7839,-2.1777,-1.3333,-0.63438,0.22487,0.93635,1.3453,1.671,1.7375,1.5375,1.2114,0.52245,-0.44562,-1.3718,-2.9503,-5.1086,-7.3199,-11.613,-17.496,-13.685,-9.5186,-5.8039,-3.3256,-1.9652,-0.58369,0.44638,1.219,1.6557,2.0681,2.2594,2.2452,1.9866,1.4605,0.91163,0.10916,-0.47164,-0.38635,0.08999,1.03,1.9276,2.4076,2.7036,2.5943,2.2456,1.4154,0.18162,-1.4625,-2.9522,-5.2092,-7.5127,-9.0988,-10.786,-11.942,-12.993,-13.839,-15.262,-16.465,-16.471,-14.876,-12.032,-9.7013,-6.7678,-4.1246,-1.7615,-0.16586,1.7086,3.3335,4.3945,5.6006,6.5767,7.152,7.7207,8.0657,8.1925,8.1423,7.8962,7.4533,6.9844,6.1857,5.1995,4.0254,3.0306,1.6419,0.36942,-0.28279,-0.48992,-0.065338,0.42172,0.97618,1.2287,1.0392,0.56099,-0.58707,-2.4173,-4.3087,-7.585,-10.91,-11.529,-9.5223,-7.412,-5.9425,-5.1878,-4.4047,-3.8316,-3.4514,-2.9757,-2.5052,-2.003
-11.766,-11.273,-10.789,-10.018,-9.162,-7.7368,-6.1515,-5.0092,-3.6368,-2.4961,-1.5689,-1.0028,-0.38363,0.1105,0.41254,0.72297,0.96994,1.112,1.2515,1.3412,1.4192,1.4712,1.5728,1.7075,1.8394,2.0341,2.2516,2.4045,2.5903,2.7446,2.8632,2.9381,3.0194,3.0633,3.0602,2.9779,2.7718,2.3927,1.961,1.1432,0.0032904,-1.0799,-2.8102,-4.6233,-5.5946,-5.7264,-4.7784,-3.619,-2.9392,-2.3876,-2.268,-2.4416,-2.9902,-3.8066,-4.5529,-5.6084,-6.542,-7.2195,-7.5092,-7.7472,-7.9094,-7.9672,-7.8994,-7.5383,-6.8629,-6.2393,-5.4111,-4.6908,-4.2267,-3.6503,-3.0092,-2.422,-1.4829,-0.47585,0.45935,1.0515,1.6258,1.9233,1.9556,1.7379,1.2378,0.68466,-0.2782,-1.4755,-2.8514,-3.9341,-5.2894,-6.3327,-6.7516,-6.7999,-6.3506,-5.6192,-4.974,-4.0661,-3.1603,-2.5187,-1.7176,-1.0577,-0.67117,-0.30522,-0.14876,-0.22032,-0.42496,-0.92168,-1.6986,-2.4774,-3.8063,-5.5188,-7.0725,-9.2421,-10.734,-10.33,-9.1264,-7.3962,-6.0027,-5.1787,-4.3794,-3.7678,-3.2405,-2.8455,-2.3025,-1.7704,-1.4093,-1.0063,-0.70231,-0.5389,-0.39177,-0.25536,-0.10296,0.031087,0.18716,0.24639,0.19571,-0.043997,-0.50215,-1.0005,-1.8527,-2.9177,-4.1551,-5.1582,-6.5555,-8.0387,-9.1528,-10.646,-12.286,-14.204,-16.013,-19.486,-25.268,-30.716,-23.524,-17.839,-14.978,-11.987,-9.5372,-7.3559,-5.845,-3.9639,-2.2506,-1.1142,0.20776,1.2867,1.9319,2.5721,2.9564,3.1027,3.065,2.8421,2.4575,2.0879,1.5339,0.9653,0.4272,0.089563,-0.2628,-0.47934,-0.5534,-0.52301,-0.39575,-0.29111,-0.23588,-0.32356,-0.64687,-1.0758,-1.9102,-3.0325,-3.9989,-5.3642,-6.6384,-7.4205,-8.2269,-8.8497,-9.3849,-9.6364,-9.5918,-8.9968,-8.2011,-6.9777,-5.738,-4.6933
-10.928,-9.9887,-8.8195,-7.7441,-6.9609,-5.8908,-4.8421,-4.0777,-3.1244,-2.2491,-1.462,-0.93261,-0.29405,0.25491,0.61088,1.0347,1.3723,1.5967,1.8276,1.9993,2.114,2.1577,2.1681,2.1297,2.0614,1.9254,1.73,1.5483,1.2751,0.97789,0.68673,0.49099,0.283,0.13499,0.03063,-0.12074,-0.37317,-0.80744,-1.323,-2.3299,-3.8601,-5.4891,-8.6396,-14.009,-21.752,-19.07,-12.277,-9.1368,-7.8379,-7.0004,-6.9212,-7.2806,-8.3256,-10.028,-11.775,-14.716,-17.467,-17.362,-15.669,-13.347,-11.559,-10.556,-9.5551,-8.841,-8.3786,-8.2157,-8.3087,-8.8371,-9.5495,-10.86,-11.87,-11.362,-9.0513,-6.3987,-4.225,-2.9873,-1.8195,-1.1434,-0.92312,-1.0013,-1.4865,-2.1201,-3.3342,-4.9973,-7.2085,-9.3175,-12.887,-16.774,-17.644,-14.848,-11.742,-9.4065,-7.991,-6.4085,-5.0823,-4.2267,-3.2281,-2.3859,-1.8729,-1.3483,-1.0091,-0.86354,-0.88357,-1.0689,-1.4467,-1.8519,-2.525,-3.3035,-3.9098,-4.6771,-5.2874,-5.6764,-5.8493,-6.0561,-6.3568,-6.7011,-7.3296,-8.0316,-8.4321,-8.2473,-7.3009,-5.8966,-4.8199,-3.5374,-2.5126,-1.9063,-1.2887,-0.85736,-0.61182,-0.52204,-0.55649,-0.77888,-1.0725,-1.6357,-2.4071,-3.1123,-4.1901,-5.345,-6.4774,-7.2776,-8.2338,-9.0834,-9.682,-10.543,-11.522,-12.664,-13.641,-14.937,-16.088,-16.575,-16.715,-16.293,-15.843,-15.153,-14.156,-12.596,-11.114,-8.9628,-6.8972,-5.5084,-3.9371,-2.7117,-2.0042,-1.3419,-0.99347,-0.94995,-1.0981,-1.5312,-2.1849,-2.7507,-3.4918,-4.0474,-4.219,-4.0658,-3.5903,-2.9414,-2.429,-1.8006,-1.2736,-0.97085,-0.70745,-0.65323,-0.80932,-1.0726,-1.6143,-2.3752,-3.0754,-4.1713,-5.4634,-6.5649,-8.3252,-10.585,-13.737,-17.105,-22.131,-18.114,-14.218,-10.621,-8.1387,-6.401
-9.2125,-8.2592,-7.0966,-6.0963,-5.4242,-4.5798,-3.8091,-3.263,-2.5765,-1.9092,-1.2706,-0.80479,-0.21093,0.34888,0.74812,1.2482,1.6916,1.9745,2.287,2.5134,2.6309,2.6531,2.5712,2.3624,2.1137,1.6572,1.0373,0.47499,-0.40311,-1.3733,-2.3313,-2.9484,-3.4939,-3.6202,-3.4771,-3.1429,-2.838,-2.7202,-2.8051,-3.2044,-3.9587,-4.7601,-6.042,-7.3402,-8.0749,-8.4271,-8.1718,-7.7642,-7.588,-7.6719,-8.173,-8.8523,-10.184,-12.131,-14.045,-17.419,-20.915,-20.43,-17.83,-14.81,-12.597,-11.365,-10.107,-9.234,-8.7386,-8.6362,-8.9132,-9.8139,-11.082,-13.947,-18.189,-17.812,-12.314,-8.1713,-5.404,-3.9527,-2.622,-1.8681,-1.6303,-1.6953,-2.1841,-2.8263,-4.0387,-5.7132,-7.9052,-9.9286,-13.181,-16.407,-17.156,-15.311,-12.832,-10.765,-9.4635,-7.8921,-6.4556,-5.4467,-4.2278,-3.1573,-2.4598,-1.7044,-1.1346,-0.74451,-0.57005,-0.47929,-0.52571,-0.64075,-0.89286,-1.2293,-1.516,-1.9591,-2.4398,-3.0026,-3.5153,-4.3805,-5.5727,-6.8299,-9.2236,-13.206,-21.707,-25.42,-14.166,-9.2817,-6.9429,-4.7244,-3.1786,-2.3204,-1.4736,-0.92391,-0.61528,-0.54936,-0.66515,-1.018,-1.4619,-2.3185,-3.5114,-4.6268,-6.415,-8.4141,-10.272,-11.163,-11.388,-10.86,-10.42,-10.02,-9.8957,-10.069,-10.358,-10.948,-11.675,-12.345,-13.414,-14.911,-16.501,-19.873,-25.367,-22.747,-17.792,-13.166,-9.9908,-8.1923,-6.3605,-5.0221,-4.3094,-3.7043,-3.4633,-3.6014,-3.9735,-4.8542,-6.2629,-7.7255,-10.266,-12.948,-13.108,-11.186,-8.2357,-5.8307,-4.3822,-2.8578,-1.712,-1.0634,-0.4382,-0.087608,0.0096953,-0.074574,-0.39381,-0.9374,-1.5035,-2.4431,-3.6104,-4.653,-6.2741,-8.2388,-10.482,-12.169,-13.528,-12.692,-11.124,-8.9314,-7.1122,-5.6681
-6.9627,-6.1169,-5.2465,-4.5546,-4.1189,-3.6551,-3.2485,-2.9651,-2.5769,-2.1677,-1.7058,-1.3153,-0.74606,-0.11558,0.38436,1.0324,1.6648,2.0808,2.5582,2.9073,3.1095,3.1537,3.0542,2.7465,2.373,1.6515,0.65213,-0.31619,-1.967,-4.1344,-6.9526,-9.4637,-12.071,-10.954,-8.82,-6.3633,-4.6056,-3.4417,-2.8677,-2.4564,-2.3556,-2.4451,-2.733,-3.1289,-3.4643,-3.9118,-4.3827,-4.9155,-5.4092,-6.2142,-7.2185,-8.083,-9.3146,-10.564,-11.47,-12.433,-12.99,-12.948,-12.617,-11.813,-10.854,-10.108,-9.1484,-8.2537,-7.4871,-7.024,-6.5903,-6.3907,-6.3606,-6.3362,-6.091,-5.588,-4.5538,-3.2851,-2.0866,-1.3545,-0.65719,-0.29389,-0.25566,-0.49488,-1.0495,-1.6499,-2.6976,-3.9828,-5.4498,-6.6103,-8.1263,-9.4143,-10.156,-10.784,-11.06,-10.968,-10.548,-9.5151,-7.9889,-6.6891,-4.9967,-3.5153,-2.5769,-1.5488,-0.7849,-0.24834,0.035953,0.27646,0.40994,0.4639,0.48696,0.45616,0.38938,0.24391,-0.0059618,-0.3976,-0.80821,-1.5375,-2.5291,-3.4601,-4.9598,-6.5951,-7.8459,-8.021,-7.1076,-5.5606,-4.3987,-3.0649,-1.9917,-1.3463,-0.67821,-0.20759,0.081493,0.15862,0.071042,-0.2702,-0.72195,-1.642,-3.0034,-4.4119,-6.9891,-10.967,-18.386,-41.483,-17.371,-11.916,-9.7565,-8.0039,-7.0458,-6.6243,-6.5761,-6.8103,-7.3326,-7.9119,-8.9333,-10.322,-11.595,-13.471,-14.863,-14.412,-13.051,-10.893,-8.9953,-7.8139,-6.5412,-5.5598,-5.0014,-4.5029,-4.3004,-4.4306,-4.7931,-5.6685,-7.1101,-8.6583,-11.491,-14.802,-15,-12.377,-8.7805,-5.9337,-4.2465,-2.4068,-0.95774,-0.096356,0.7644,1.3471,1.6487,1.6985,1.5385,1.1442,0.7032,-0.065407,-1.0012,-1.7927,-2.9142,-4.0212,-5.0099,-5.569,-5.9673,-5.8783,-5.5614,-4.9023,-4.1625,-3.424
-4.0138,-3.6297,-3.3439,-3.2559,-3.2924,-3.4608,-3.6842,-3.8496,-3.9961,-4.0172,-3.8272,-3.5243,-2.8727,-1.9712,-1.2021,-0.12005,0.92126,1.6489,2.4711,3.095,3.5127,3.6648,3.6607,3.3998,3.0265,2.2696,1.2038,0.15816,-1.6014,-3.909,-6.8822,-9.5681,-12.435,-11.092,-8.7145,-5.998,-3.97,-2.4657,-1.6273,-0.8028,-0.27091,-0.031586,0.07536,-0.031312,-0.23654,-0.68814,-1.3553,-2.2616,-3.1147,-4.5058,-6.1791,-7.5648,-9.3922,-10.791,-11.344,-11.436,-11.182,-10.866,-10.693,-10.503,-10.252,-9.8744,-8.998,-7.7042,-6.1944,-5.0675,-3.714,-2.5731,-1.838,-0.99219,-0.23064,0.30059,0.9748,1.5755,2.0575,2.3151,2.4672,2.3804,2.1575,1.6327,0.87407,0.17028,-0.93013,-2.1331,-3.3838,-4.3337,-5.5861,-6.8704,-7.8968,-9.5529,-11.859,-15.37,-18.509,-16.661,-11.258,-8.1982,-5.2367,-3.1081,-1.9386,-0.81892,-0.10956,0.27621,0.41839,0.51044,0.58421,0.68852,0.94074,1.2894,1.5635,1.896,2.1035,2.1596,2.0891,1.8302,1.3965,0.98338,0.35866,-0.25937,-0.76331,-1.0149,-1.1486,-1.0886,-0.96161,-0.74144,-0.45927,-0.22003,0.12718,0.50264,0.84,1.0603,1.2357,1.2116,1.0412,0.57963,-0.1789,-0.97041,-2.3077,-3.8326,-5.1793,-5.6976,-5.4597,-4.5683,-3.8107,-2.9228,-2.3174,-1.9934,-1.9305,-2.0461,-2.4045,-2.7951,-3.4755,-4.2542,-4.8846,-5.6681,-6.2638,-6.6176,-6.7143,-6.6712,-6.5194,-6.3477,-6.0411,-5.6324,-5.2368,-4.662,-4.19,-3.9369,-3.928,-4.2321,-4.8114,-5.3895,-6.1942,-6.7408,-6.7271,-6.298,-5.1735,-3.6374,-2.3783,-0.73214,0.74487,1.6985,2.7163,3.4309,3.8441,3.9591,3.8662,3.5001,3.0726,2.3001,1.3417,0.53354,-0.60738,-1.6924,-2.5994,-3.0811,-3.3613,-3.2658,-3.0091,-2.5274,-1.9793,-1.4914
-1.0831,-1.337,-1.8465,-2.6303,-3.4117,-4.6081,-5.9631,-6.9738,-8.1962,-9.0646,-9.5216,-9.4695,-8.5502,-6.7041,-5.0082,-2.7156,-0.72285,0.55438,1.9305,2.9657,3.6646,3.9872,4.1481,4.0278,3.7467,3.1367,2.2506,1.4305,0.1636,-1.2065,-2.5665,-3.418,-4.1161,-4.1646,-3.7905,-2.9428,-1.865,-0.74512,0.032053,0.95163,1.6762,2.075,2.4221,2.5312,2.4519,2.1008,1.445,0.42552,-0.61485,-2.4893,-5.0949,-7.8134,-13.245,-22.434,-19.431,-13.4,-10.618,-9.5785,-9.5183,-10.535,-12.944,-15.54,-15.087,-9.9394,-5.7684,-3.4229,-1.0216,0.80852,1.9071,3.0822,3.994,4.527,5.0821,5.4458,5.6139,5.6108,5.4167,4.9754,4.4806,3.5874,2.4269,1.3802,-0.15492,-1.7747,-3.2601,-4.155,-4.988,-5.5916,-6.0587,-6.87,-8.0676,-9.6106,-10.292,-9.2883,-6.6313,-4.5966,-2.3461,-0.72207,0.12763,0.76127,0.88806,0.53296,-0.030483,-1.0158,-1.8724,-2.0086,-1.2304,0.20626,1.3337,2.6056,3.5663,4.2064,4.4925,4.6395,4.5621,4.3726,3.9849,3.473,2.874,2.3813,1.6796,0.92058,0.33325,-0.39556,-0.96855,-1.1856,-1.0685,-0.50997,0.32328,1.0022,1.8372,2.5054,2.858,3.1159,3.136,3.0312,2.7631,2.4407,2.1503,2.0255,2.0022,2.1113,2.2572,2.4592,2.6054,2.6472,2.5943,2.3936,2.0451,1.6846,1.0974,0.41885,-0.13822,-0.92905,-1.7704,-2.6915,-3.4441,-4.616,-6.0079,-7.1705,-8.4812,-8.5835,-7.6597,-5.8589,-4.2276,-3.0803,-2.5538,-2.2913,-2.4847,-2.9103,-3.8116,-5.0155,-6.2536,-6.716,-5.9203,-3.7485,-1.843,0.52104,2.4832,3.6697,4.903,5.7354,6.2002,6.3214,6.1939,5.7384,5.1862,4.1851,2.8657,1.6691,-0.18571,-2.297,-4.3477,-5.4007,-5.5043,-4.4359,-3.3593,-2.0505,-1.025,-0.38502
1.1217,0.40915,-0.81001,-2.4349,-3.9924,-6.6968,-10.335,-13.716,-17.566,-18.171,-19.045,-22.608,-28.943,-14.572,-9.5609,-5.1379,-2.0422,-0.31135,1.4458,2.7249,3.5833,4.0066,4.2845,4.2569,4.0468,3.5269,2.7308,1.9844,0.80484,-0.51284,-1.888,-2.8417,-3.7924,-4.1718,-4.005,-3.1609,-1.9067,-0.53431,0.49198,1.7335,2.7915,3.4346,4.0915,4.5077,4.6429,4.5885,4.2456,3.5716,2.83,1.5051,-0.24278,-1.7979,-4.0478,-5.6897,-5.9205,-5.2316,-4.4251,-4.0762,-4.2364,-5.0606,-6.4996,-7.4662,-6.8809,-4.1393,-1.1428,0.77436,2.8567,4.4931,5.4677,6.5024,7.2774,7.7129,8.1013,8.2887,8.273,8.1125,7.7011,7.0356,6.3369,5.1152,3.4783,1.9203,-0.72409,-4.2126,-8.4575,-10.449,-8.6971,-5.985,-4.5339,-3.2133,-2.3645,-1.6598,-1.1233,-0.25464,0.75866,1.5201,2.4604,3.1492,3.4307,3.438,2.9123,1.7166,0.20184,-3.1837,-10.281,-31.336,-7.1107,-1.3379,1.1937,3.4641,4.9636,5.9273,6.3765,6.6903,6.7199,6.5754,6.1765,5.55,4.692,3.8882,2.5764,0.93747,-0.5474,-2.9508,-5.8946,-8.039,-8.4283,-5.6083,-2.4736,-0.52216,1.5563,3.1661,4.0953,5.0098,5.6067,5.8886,6.0948,6.1484,6.1235,6.079,6.0259,6.018,6.0335,6.0507,6.0539,5.9908,5.878,5.6034,5.1961,4.7898,4.1291,3.3308,2.6813,1.7491,0.7416,-0.35569,-1.3308,-2.9667,-5.3328,-7.9952,-14.117,-17.559,-10.905,-5.7337,-2.7534,-0.93316,-0.11623,0.43004,0.34879,-0.10939,-1.3415,-3.5972,-7.7328,-13.483,-12.026,-4.2187,-0.69639,2.5603,4.8631,6.1419,7.3783,8.1707,8.5627,8.6117,8.3626,7.7716,7.0889,5.8637,4.2342,2.7113,0.12775,-3.4347,-9.1172,-17.361,-13.664,-6.7037,-3.8334,-1.398,0.081389,0.86559
