 	TP9	AF7	AF8	TP10	
-1000.00000	4.87249	-5.80992	-3.51652	5.72889
-996.09375	2.45486	-5.81004	2.12645	7.34086
-992.18750	2.45479	-1.78087	0.51667	-1.52336
-988.28125	2.85771	8.69521	-1.49611	-3.53787
-984.37500	-2.78338	4.26289	-8.34396	-6.35813
-980.46875	-8.82739	4.66577	-7.13317	-11.19302
-976.56250	0.43999	8.29216	3.34506	-11.19274
-972.65625	8.49852	6.27737	4.15292	-9.17780
-968.75000	0.84282	4.26244	0.52856	-5.55121
-964.84375	-9.63346	-7.01984	0.53051	-6.75969
-960.93750	-12.85699	-13.46685	0.93544	-7.96815
-957.03125	-8.42480	-3.39371	-1.48015	-13.20596
-953.12500	-5.20144	4.66472	2.55114	-11.19102
-949.21875	-2.78392	-1.37943	2.95607	0.09130
-945.31250	-3.58989	3.05269	-3.89176	1.70320
-941.40625	-4.79877	9.49959	-3.08395	-0.31122
-937.50000	-3.99295	2.24684	6.18538	-1.51968
-933.59375	-2.38120	3.45561	13.44008	4.92743
-929.68750	6.08033	13.93166	9.00978	12.98632
-925.78125	3.66271	7.88748	-2.27036	9.76311
-921.87500	-8.02224	-5.81234	-7.90941	0.89893
-917.96875	-10.03680	-8.63307	-8.71328	-7.15935
-914.06250	-7.61915	-9.03610	-11.53186	-7.96491
-910.15625	-9.63380	-5.81273	-7.09771	-5.14408
-906.25000	-12.85727	-5.00702	-2.26049	-7.15840
-902.34375	-10.43974	-13.06592	-5.88484	-11.18735
-898.43750	-9.23093	-2.58991	-1.04759	-8.36646
-894.53125	-8.42501	17.55649	-3.46320	-4.73970
-890.62500	-5.20163	18.36217	-6.68473	-11.58928
-886.71875	-8.82803	5.87115	-1.84763	-11.58905
-882.81250	-4.39583	0.63293	-0.63683	-3.53020
-878.90625	-1.17240	7.88564	2.58855	-2.32110
-875.00000	-2.78420	-3.39648	4.20207	1.70847
-871.09375	-1.17254	-10.24631	5.41270	6.14094
-867.18750	-4.79904	-6.21706	4.20580	2.51478
-863.28125	-5.60492	-15.48462	-3.85081	1.70910
-859.37500	1.24486	-9.03797	-8.28102	6.94752
-855.46875	7.69177	7.48195	-8.27905	4.93322
-851.56250	2.85658	7.48184	-1.83029	-2.31920
-847.65625	-11.24611	7.88463	-2.23133	-6.34822
-843.75000	-11.64905	11.10791	0.59113	0.09894
-839.84375	-7.21685	2.24330	9.05472	4.93432
-835.93750	-6.00802	-0.17443	10.66838	0.09942
-832.03125	-3.99338	1.43718	5.02930	0.09973
-828.12500	1.24471	-3.80106	5.03120	-1.91461
-824.21875	-1.17292	-13.06864	5.43602	-9.16711
-820.31250	-4.79941	-20.72442	-4.63529	-4.33172
-816.40625	0.03568	-13.87480	-2.21576	1.30960
-812.50000	4.87081	0.22763	-0.60210	4.53334
-808.59375	0.84148	-12.26345	-4.22641	3.32485
-804.68750	-6.41123	-9.84619	2.62546	-2.71873
-800.78125	-3.99372	11.10607	1.41863	-1.91260
-796.87500	0.03552	9.09141	-3.01175	-1.91234
-792.96875	-4.39670	5.06211	-1.80111	-3.12084
-789.06250	-8.82899	5.06204	4.64768	-3.12059
-785.15625	-6.41143	11.10588	4.24668	-5.13495
-781.25000	4.46761	8.28524	-0.58649	-3.52290
-777.34375	12.92913	-2.19118	-0.18153	1.31266
-773.43750	8.09395	-1.38557	0.62631	4.93926
-769.53125	2.45277	-4.20622	4.65751	6.55121
-765.62500	4.06439	-6.22096	8.28579	6.14851
-761.71875	3.66146	0.22591	4.25832	1.71650
-757.81250	-5.60597	-4.60936	-1.78374	-7.55071
-753.90625	-3.18846	-6.22119	-4.19934	-5.93869
-750.00000	2.85546	3.85183	-12.65897	-0.70034
-746.09375	3.25832	6.67216	-14.67167	-2.71472
-742.18750	-1.17390	4.25449	0.64170	-2.31154
-738.28125	0.03481	4.25433	8.70231	-5.13177
-734.37500	1.24363	-6.22202	9.91305	-2.71390
-730.46875	-5.60614	-14.68370	9.10916	4.13620
-726.56250	-1.97982	0.22459	-1.76805	2.12191
-722.65625	-0.36817	11.50642	-6.19835	-0.69828
-718.75000	0.43754	7.87985	2.66796	-4.32445
-714.84375	6.07850	0.22413	10.72840	-2.71244
-710.93750	5.67557	-0.98477	13.55088	6.55527
-707.03125	6.88444	-5.82005	-1.35561	6.15263
-703.12500	5.67569	-10.25244	-9.00935	0.10897
-699.21875	-0.36820	9.89394	1.06591	3.73563
-695.31250	-1.97996	14.72901	3.88836	7.76531
-691.40625	4.46688	11.10248	11.14308	13.40658
-687.50000	2.04925	11.90819	13.15968	10.58640
-683.59375	-9.23280	1.83473	-2.95565	-2.30702
-679.68750	-6.81524	3.84918	-4.16248	0.51388
-675.78125	-10.84464	-0.58319	-0.93709	-0.29178
-671.87500	-13.66527	-6.22422	-2.54687	-8.35015
-667.96875	-7.62134	3.04313	2.69318	-8.75273
-664.06250	-11.24774	6.66936	1.48629	-6.73780
-660.15625	-10.84482	4.65459	-4.15281	-6.33478
-656.25000	-3.99506	2.23688	-0.92743	0.51530
-652.34375	-1.57740	-4.21024	5.52136	6.15669
-648.43750	2.04892	-15.49248	1.09112	-1.09576
-644.53125	5.67522	-7.43400	-5.75678	-5.52778
-640.62500	-1.57754	13.51829	-4.14301	-1.09519
-636.71875	-3.99516	13.51808	1.09708	2.12860
-632.81250	-1.57764	8.27976	-1.72163	3.33766
-628.90625	2.85454	0.62388	-5.74908	2.93497
-625.00000	9.70433	-9.44949	3.52022	-1.09406
-621.09375	6.07805	-1.39099	9.56607	-0.28796
-617.18750	-1.57758	5.86162	3.12112	-3.10818
-613.28125	-1.57757	5.45858	2.31709	-3.10789
-609.37500	0.43704	4.65256	7.15422	5.75695
-605.46875	1.24280	-5.01780	5.14156	5.35430
-601.56250	-0.77194	-10.65893	-1.30333	-0.28649
-597.65625	-3.18963	2.23480	-0.89834	-1.49486
-593.75000	-4.80138	5.86107	-2.91106	0.52021
-589.84375	-7.62192	-2.19766	-1.29731	-1.09116
-585.93750	0.43658	0.62269	1.92815	-4.71719
-582.03125	1.64528	7.87526	-2.90513	0.52114
-578.12500	1.64521	7.87515	-7.33544	2.53604
-574.21875	8.49494	7.87509	-12.16871	7.77442
-570.31250	11.31541	2.23397	-12.56962	10.19226
-566.40625	7.68904	-7.03357	-3.70318	4.14866
-562.50000	10.10660	-2.19848	6.37211	6.56664
-558.59375	10.91248	3.84548	7.58285	3.34363
-554.68750	6.07735	3.03957	6.37605	3.34404
-550.78125	11.71830	7.87450	8.79547	5.35897
-546.87500	11.31532	7.87430	7.18568	-0.28184
-542.96875	3.65966	-13.48118	0.74073	-1.49025
-539.06250	7.68889	-15.49603	1.54853	0.92764
-535.15625	4.46543	3.44161	3.96807	3.34560
-531.25000	-5.20490	8.67961	-8.11793	-1.48914
-527.34375	-0.77271	17.14094	-9.72782	-4.71223
-523.43750	6.88292	17.94681	-0.86139	1.73491
-519.53125	13.32981	1.42668	3.57278	6.57039
-515.62500	14.13564	-5.82615	-2.06625	1.73551
-511.71875	4.06230	-15.49663	-9.72002	-0.27882
-507.81250	0.03299	-17.91429	-1.25653	2.13910
-503.90625	-0.77284	-5.02061	5.59521	2.94526
-500.00000	1.24185	-0.99153	3.58243	7.78079
-496.09375	4.86828	-5.42403	5.59890	4.96056
-492.18750	2.04768	-2.20075	4.39206	-2.29186
-488.28125	-3.59330	-2.60374	-3.66447	0.93196
-484.37500	-2.78745	-14.69169	1.57567	2.54410
-480.46875	-1.17577	-9.05075	4.39815	-1.88783
-476.56250	-3.19054	7.06628	-6.47902	-8.73734
-472.65625	-2.38462	13.91586	-9.70053	-9.94580
-468.75000	-6.81685	7.87171	-3.65463	-8.33377
-464.84375	-3.19052	-3.81333	0.37664	-1.88652
-460.93750	2.45051	-0.18709	0.37860	2.14320
-457.03125	2.85346	5.05097	-0.42531	9.39634
-453.12500	12.92670	1.42460	-2.43800	22.69335
-449.21875	8.49440	9.08011	-8.07710	9.79989
-445.31250	2.85335	11.09460	-4.44884	0.12986
-441.40625	5.27092	-1.39631	4.82059	3.35371
-437.50000	-7.21992	-2.20227	-0.01259	-6.31627
-433.59375	-18.90489	3.03566	-3.63708	-14.37452
-429.68750	-16.48735	9.48243	3.21474	-9.94195
-425.78125	-8.02584	2.22957	1.60503	-7.52408
-421.87500	-1.17601	-13.08196	-1.21341	-4.30026
-417.96875	7.28546	-10.66448	-3.62900	3.35577
-414.06250	8.49425	1.82628	-12.89440	2.55023
-410.15625	5.27078	6.25845	-6.84842	3.35639
-406.25000	6.47949	7.46714	4.03273	5.37142
-402.34375	6.47941	4.64647	4.43760	0.13368
-398.43750	2.45011	4.24345	-0.39557	-3.49238
-394.53125	3.25599	-1.39771	0.00937	1.34321
-390.62500	0.43552	-11.06809	1.22014	3.35825
-386.71875	1.24144	-5.02426	-15.29811	-0.26775
-382.81250	2.04737	3.43719	-20.13138	-1.87903
-378.90625	0.43573	9.88401	-4.41522	2.15065
-375.00000	3.25623	11.49577	6.06289	11.01548
-371.09375	-8.02585	12.70456	-1.99375	2.15140
-367.18750	-10.44352	10.68986	-6.42407	-9.13035
-363.28125	-0.37024	-5.42746	2.44221	-1.47436
-359.37500	6.07669	-11.47149	-0.37641	0.54062
-355.46875	7.68843	1.82497	-11.25356	-2.68246
-351.56250	2.85335	6.25700	-8.83400	-0.66746
-347.65625	3.65924	-5.42807	-7.22019	1.75048
-343.75000	12.12084	-7.84566	-4.80071	-0.66661
-339.84375	8.89741	1.82461	6.08036	-5.50143
-335.93750	3.25632	6.65955	10.91746	-0.66591
-332.03125	0.43578	3.03302	0.04036	-2.27736
-328.12500	-3.19064	-0.19055	-3.58401	-6.30633
-324.21875	2.04743	1.42113	-1.56735	-3.88835
-320.31250	8.09144	1.42106	-8.41516	4.17060
-316.40625	0.83875	-2.60839	-7.60731	2.55921
-312.50000	-4.39938	-9.45830	0.45329	-2.27571
-308.59375	-2.38481	-2.60864	-0.35062	0.14217
-304.68750	1.64444	3.43530	-1.55753	2.96298
-300.78125	3.65907	-2.60878	3.68252	2.56044
-296.87500	13.32941	12.70249	10.93725	10.21646
-292.96875	11.71765	23.17853	7.31284	8.20219
-289.06250	-3.59367	5.04654	-1.95262	-2.67654
-285.15625	-8.02591	-5.83265	-3.96527	-1.06453
-281.25000	-6.01128	-0.99766	0.46887	-0.66120
-277.34375	-1.17608	-1.40074	0.06785	0.14504
-273.43750	2.04729	-2.20672	-4.36251	6.18932
-269.53125	6.47954	2.62827	-5.56936	5.38375
-265.62500	0.43564	7.06041	-1.94098	-3.48049
-261.71875	-4.39942	2.22527	8.94009	-6.70358
-257.81250	-5.60823	-5.43045	5.31572	-2.67395
-253.90625	-8.02589	-5.83345	-0.32338	-10.32929
-250.00000	-8.83174	-5.43071	2.49906	-15.96996
-246.09375	-9.23472	-2.20737	4.51564	-5.89629
-242.18750	-1.17609	4.64237	4.92046	2.56557
-238.28125	-2.38484	-0.59575	-3.53921	2.16293
-234.37500	-5.60824	-10.66897	-12.40164	-4.28366
-230.46875	-1.17597	-20.74232	-9.98207	-5.08921
-226.56250	-1.98188	-15.50439	-2.32442	-5.49177
-222.65625	0.83863	3.43325	-2.32254	-7.10305
-218.75000	-1.17608	11.49172	-0.30601	-2.67040
-214.84375	-2.38489	12.70041	11.38091	0.95631
-210.93750	-2.38487	4.64163	7.35353	3.37427
-207.03125	-6.81717	-5.02883	-2.31493	-3.47527
-203.12500	-1.17619	-11.07297	2.52212	-8.71295
-199.21875	4.46482	-5.83499	5.74750	-3.87739
-195.31250	2.85314	3.43236	4.13779	1.36105
-191.40625	3.65894	-9.46143	-0.29241	2.97307
-187.50000	0.83839	-9.86441	0.91844	-3.87636
-183.59375	-3.99690	7.86440	-4.72060	-11.53170
-179.68750	4.46461	11.89349	-8.34497	-5.89029
-175.78125	9.70270	7.46113	-5.52254	-0.24899
-171.87500	3.25577	3.83465	-9.54982	2.57196
-167.96875	-1.57941	-1.80643	-1.08628	4.58704
-164.06250	-2.38531	-1.00071	7.37714	-1.05362
-160.15625	-1.57952	12.29582	-2.29132	-5.88836
-156.25000	-1.57959	14.31029	-6.31866	-9.51437
-152.34375	-0.37085	3.02818	-0.67557	-3.06709
-148.43750	3.25548	-11.47731	5.77330	2.17139
-144.53125	1.24080	-9.46271	5.77526	-2.26051
-140.62500	3.65836	10.28077	1.34500	-0.24552
-136.71875	10.10521	13.50405	4.16743	4.99295
-132.81250	0.83775	2.22182	2.55757	0.96402
-128.90625	-5.20634	1.81872	-7.51380	-4.67663
-125.00000	-4.40049	2.22157	-11.94414	-5.48218
-121.09375	-3.19176	-3.41960	-10.73336	-1.04951
-117.18750	0.43464	-11.88132	-4.28450	2.17433
-113.28125	-1.17707	-20.34302	7.40242	0.56296
-109.37500	-3.19179	-13.09042	9.01607	-1.85432
-105.46875	-3.59469	-0.59974	6.60053	-2.25690
-101.56250	-4.80349	4.63823	9.82590	9.42854
-97.65625	-10.04156	11.48803	5.39568	1.77326
-93.75000	-5.60933	13.09964	-2.66107	-12.73189
-89.84375	-0.37130	1.81746	-2.25621	-2.25537
-85.93750	3.25496	2.22033	-3.46305	5.40066
-82.03125	7.28418	6.65245	-7.08743	4.19223
-78.12500	-1.17734	-6.24139	-5.07085	2.17794
-74.21875	-6.01251	-5.43566	2.58669	2.98421
-70.31250	-1.98319	9.47268	7.42386	2.58176
-66.40625	2.44910	9.06963	4.60536	4.99973
-62.50000	0.83749	-9.06240	4.20454	5.40309
-58.59375	4.46390	-3.01859	7.83288	4.19463
-54.68750	-3.19179	12.69567	-1.43257	-0.64012
-50.78125	-4.80352	9.87504	-9.48921	-2.25146
-46.87500	5.67271	2.62223	-4.65211	-4.26567
-42.96875	-3.99757	-2.21301	0.58798	-12.32383
-39.06250	-5.20636	-6.24244	8.64861	-7.48828
-35.15625	0.03172	-6.64559	8.24761	-6.68198
-31.25000	-7.22105	-4.22813	0.99680	-1.44352
-27.34375	-7.62394	-3.42233	1.80461	2.18322
-23.43750	2.85226	-12.28688	9.86519	-0.23394
-19.53125	3.65811	-6.24308	6.64377	3.39288
-15.62500	3.65811	13.90334	1.81056	5.00498
-11.71875	4.06100	15.51507	-3.02259	6.21421
-7.81250	-0.77409	9.87387	-5.43819	5.81174
-3.90625	-0.37107	-5.43768	1.01074	3.39456
0.00000	-1.17692	-9.06416	7.45960	6.21548
3.90625	-0.37109	2.21777	4.64095	9.43931
7.81250	-1.57977	-5.84092	1.01657	0.17233
11.71875	-3.19137	-4.22926	-2.20490	-6.67697
15.62500	-5.60887	-0.60297	-13.48501	-1.84143
19.53125	-10.84697	-5.03530	-2.60395	-10.70557
23.43750	-1.17661	7.05245	9.08303	-6.67584
27.34375	0.03213	11.88751	1.83224	4.20355
31.25000	-8.42936	8.26110	3.84884	-2.24300
35.15625	-2.38539	2.61996	7.47717	-1.83964
39.06250	1.64394	-1.00654	-5.01175	0.57838
42.96875	3.25565	2.21673	-4.60689	0.57879
46.87500	2.85276	0.60487	1.84192	2.59387
50.78125	-0.77366	-8.25963	0.23206	7.02647
54.68750	-3.59419	-14.70663	2.65149	10.25035
58.59375	-4.40005	-9.46868	5.07099	6.62438
62.50000	-2.38539	-1.00716	3.86411	1.38669
66.40625	1.24091	7.45443	-0.56610	-2.23925
70.31250	4.06137	15.51306	2.25643	-1.43288
74.21875	-1.98260	1.81339	0.24385	-0.22370
78.12500	-3.19139	-9.87172	-5.39512	-0.62612
82.03125	2.85265	2.21610	-0.15504	1.79186
85.93750	0.03211	1.41011	3.47326	-6.66925
89.84375	-2.38546	-13.09556	3.47515	-6.66889
93.75000	-2.38547	-15.11034	-5.79027	1.79298
97.65625	-3.59423	-3.02256	-13.04098	2.59927
101.56250	5.67317	-1.41101	2.27232	9.44943
105.46875	4.86729	0.60358	12.34748	9.44982
109.37500	-8.83242	3.82695	3.88780	-1.42895
113.28125	-3.59437	4.22976	-1.34837	-4.65207
117.18750	-0.37091	2.61784	-1.34634	-7.47220
121.09375	-1.57965	3.42366	5.50559	-5.85997
125.00000	-1.17670	10.27341	10.74568	-2.63609
128.90625	1.24082	0.20003	11.95636	2.19942
132.81250	1.24087	-16.72328	8.33204	3.40864
136.71875	-5.20603	-12.69412	-4.96269	-4.24667
140.62500	1.24079	-3.82963	-8.99016	0.18592
144.53125	3.25534	-0.20332	-8.58539	-1.82839
148.43750	-6.41505	3.42300	-4.55416	-5.45445
152.34375	-9.23567	6.64627	3.90929	-3.43943
156.25000	-7.62390	10.27251	5.12004	-2.63307
160.15625	-0.77409	5.43716	2.30155	-3.84135
164.06250	1.64344	3.42239	3.51237	-1.82627
167.96875	7.68733	-1.41287	5.52903	0.18882
171.87500	12.92546	-16.32132	-1.72173	-1.82537
175.78125	9.70203	-10.27749	-3.73453	-1.82497
179.68750	8.89617	7.45124	6.74352	-0.21291
183.59375	-0.37124	3.82468	2.31327	-2.22715
187.50000	-4.80351	-7.05445	-9.36970	1.39966
191.40625	-1.98305	2.61583	-8.15891	6.23517
195.31250	-2.38595	18.33006	1.91634	2.60921
199.21875	-2.78885	13.89777	9.97694	2.20665
203.12500	-1.17697	-1.41358	4.74082	-3.43396
207.03125	7.28457	-3.02542	-2.91286	-7.86572
210.93750	13.73142	-5.04031	-2.50804	0.59620
214.84375	12.92552	-4.63753	-0.89442	1.40240
218.75000	10.50788	1.40644	1.92793	0.59692
222.65625	8.49316	5.83862	7.57091	8.25295
226.56250	-3.59478	9.86794	3.54362	-7.05797
230.46875	-14.47399	2.61518	-6.12477	-14.31034
234.37500	-8.42999	-3.83176	-2.09353	-4.63959
238.28125	-6.41528	-7.05535	9.19052	0.19601
242.18750	-9.23580	-5.04084	8.78963	0.19646
246.09375	-10.04164	1.00298	3.15060	-1.01190
250.00000	-7.22113	3.42049	3.15261	5.83842
253.90625	-1.58008	-0.20606	0.73691	7.04763
257.81250	-8.42985	-9.87653	-6.11107	-4.63680
261.71875	-3.19184	-1.01215	-12.15318	-5.84515
265.62500	4.86675	6.24048	-3.68971	1.40795
269.53125	1.64332	-7.45928	7.99724	3.02002
273.43750	0.83744	-14.30915	14.44618	-0.20304
277.34375	-0.37140	-8.66825	7.59838	-1.00852
281.25000	-1.98317	-3.02723	-1.66709	4.22999
285.15625	-6.41533	-4.23609	2.76712	10.67734
289.06250	-2.38602	-7.05681	6.39553	10.27481
292.96875	4.06082	-3.43065	3.17396	4.23130
296.87500	3.65791	8.65724	-7.30030	1.41124
300.78125	2.44905	8.25424	-2.06022	1.81453
304.68750	5.67246	-4.23657	9.22383	4.23260
308.59375	6.88120	-7.05706	6.80832	6.24762
312.50000	2.44887	-1.41620	0.36336	-0.19896
316.40625	1.24003	-1.41626	-0.44058	-3.42199
320.31250	13.73091	-3.43096	3.18771	5.04002
324.21875	16.95439	1.80701	2.38373	5.44342
328.12500	14.13392	11.88014	4.40022	11.48786
332.03125	14.13392	11.88004	0.37288	14.71176
335.93750	0.43422	-7.05777	-5.66908	-4.62846
339.84375	-9.23615	-5.44624	2.39152	-12.28372
343.75000	-3.99805	7.85033	8.43751	1.81922
347.65625	-0.37166	5.83556	0.78383	3.43136
351.56250	-5.60982	1.80612	-7.67566	-5.83566
355.46875	-6.41574	-1.41743	-2.03273	-7.44705
359.37500	-4.40107	-16.32589	4.41604	-6.64074
363.28125	-5.20691	-13.90839	6.83555	-2.20808
367.18750	-1.17753	3.82050	2.80819	3.03048
371.09375	-2.78925	15.10246	-2.83080	2.62802
375.00000	-9.63907	15.50536	-1.62009	1.01668
378.90625	-10.84795	-1.41788	5.23167	0.61424
382.81250	-9.63912	-13.90893	4.83085	0.61478
386.71875	-10.04203	-7.86516	-0.00228	-5.02575
390.62500	-1.17751	-2.62715	3.62602	-4.21946
394.53125	3.65766	2.20799	6.44852	1.82488
398.43750	-6.01268	-3.03020	0.00364	0.21355
402.34375	-0.77463	-6.65662	-0.39732	-0.99490
406.25000	-4.80399	0.99913	5.64857	-0.18871
410.15625	-14.07144	3.01375	-4.82563	-0.59119
414.06250	-12.05678	7.04291	-5.62954	-0.18784
417.96875	-10.04208	-0.21003	5.65441	3.43903
421.87500	-3.19229	-1.82190	3.64175	3.43946
425.78125	-2.78932	4.62481	-1.59435	-10.66272
429.68750	-6.01275	8.65408	0.82521	-12.27400
433.59375	-6.41561	8.25107	0.42437	-4.61787
437.50000	-13.26535	-0.21052	-0.78246	-4.21448
441.40625	-14.07109	-5.85166	1.63707	-6.63156
445.31250	-12.45932	-5.85178	2.84780	-9.45168
449.21875	-11.65335	0.19208	-1.58243	-4.61604
453.12500	1.24040	0.19202	-5.20695	3.84585
457.03125	-2.38594	-2.22558	-5.20498	3.44339
460.93750	-7.22112	-0.61398	-1.97953	-0.18260
464.84375	-2.78881	-2.62888	-1.17174	3.04126
468.75000	0.43469	-3.83783	-1.57262	8.27974
472.65625	1.64350	5.42948	-0.36179	6.66848
476.56250	0.03171	12.27922	-1.16577	5.46014
480.46875	-3.59463	6.63811	-3.17846	2.64009
484.37500	-0.37118	10.66731	-3.57941	1.43176
488.28125	4.46390	5.83195	-3.17461	-0.58246
492.18750	-5.60935	-12.29985	-1.56087	-5.41728
496.09375	-8.83274	-5.85288	5.69387	-3.80515
500.00000	-3.19171	4.62326	4.08407	-1.38714
503.90625	-10.44443	-3.03244	-9.61360	-8.23657
507.81250	-10.04138	-4.64439	-9.61166	-5.01269
511.71875	-9.63834	-9.07674	-2.35692	1.43469
515.62500	-11.25008	-13.10614	-5.17539	-0.17656
519.53125	-5.20614	-4.64467	-4.77045	3.85325
523.43750	1.64375	5.83144	-2.35093	3.85376
527.34375	5.67312	13.08409	-3.55772	-1.38380
531.25000	8.89658	5.83123	-0.33233	-0.17464
535.15625	9.70242	6.23408	0.87840	6.67563
539.06250	-2.78844	8.24856	-0.32835	-0.57668
542.96875	-8.42945	2.20445	4.50872	0.22957
546.87500	-1.98251	3.41319	6.52534	11.51205
550.78125	12.12021	2.60722	6.93029	19.97404
554.68750	12.92613	3.81594	7.33515	23.60077
558.59375	8.09107	3.41299	5.72539	24.80998
562.50000	22.19365	-2.63108	8.14487	38.10712
566.40625	29.04351	3.00990	6.13221	38.91349
570.31250	29.04353	9.05386	1.70202	42.13734
574.21875	35.49037	8.65101	6.13617	56.64322
578.12500	39.11676	4.62154	8.15282	55.03191
582.03125	47.17540	-0.61667	6.54321	48.98840
585.93750	52.81640	-0.61670	5.73941	47.37710
589.84375	49.59306	0.59201	9.36777	47.78042
593.75000	55.23414	1.80069	13.39906	51.40724
597.65625	57.24886	-1.42282	10.17754	54.22815
601.56250	41.13177	-7.46681	10.58249	46.57294
605.46875	34.28204	-6.66109	8.97277	44.96176
609.37500	40.32605	-9.88467	3.33360	50.60321
613.28125	33.87909	-15.92866	4.14135	42.54504
617.18750	22.99990	-2.63200	-1.90066	35.69569
621.09375	23.40285	16.30569	-1.89866	36.50207
625.00000	25.01457	13.08213	10.59415	33.68209
628.90625	20.58238	1.39705	8.98440	29.25024
632.81250	24.20874	3.00867	13.01573	33.27994
636.71875	28.64104	-5.45293	6.16789	32.87748
640.62500	14.94140	-9.07938	-8.73852	17.96956
644.53125	12.52383	2.20251	7.38065	24.81987
648.43750	15.34445	6.23166	14.63537	34.49065
652.34375	11.71812	-4.24471	1.34061	20.79145
656.25000	14.53864	-12.70640	4.96898	15.55382
660.15625	17.35913	4.21661	11.41792	13.53959
664.06250	16.95614	10.26052	8.59938	6.69019
667.96875	14.13566	1.39604	6.18374	11.12280
671.87500	8.89763	0.59012	7.39452	13.94381
675.78125	12.52404	7.03697	8.60523	11.52663
679.68750	14.94169	13.08082	4.98076	15.15349
683.59375	14.13594	7.43974	10.62380	18.37735
687.50000	16.15066	0.18698	18.28148	17.16902
691.40625	17.76241	-3.84229	6.19556	18.78111
695.31250	15.34482	-6.25997	-11.53140	15.96100
699.21875	8.49490	-5.45424	-8.30603	9.11158
703.12500	11.31544	-3.03671	4.99260	12.73849
707.03125	15.74773	5.02185	4.59167	13.94775
710.93750	13.73311	-1.02214	-2.25621	16.76865
714.84375	18.16536	-3.43984	5.80435	21.20130
718.75000	14.53892	-1.42534	9.43264	12.33724
722.65625	6.48033	2.20095	0.16724	-2.97364
726.56250	10.91257	12.67719	0.16923	-5.39075
730.46875	13.33012	6.63308	5.40936	5.48881
734.37500	14.94175	-5.85820	0.97911	9.92141
738.28125	11.71823	0.99095	-8.28637	10.72764
742.18750	3.25666	8.64608	-7.07565	6.69876
746.09375	4.46547	4.61622	-2.64147	4.28160
750.00000	7.68891	1.39236	1.79275	6.69966
753.90625	2.45081	0.18304	5.82405	-0.55265
757.81250	-0.36970	-0.62342	5.02014	1.86534
761.71875	4.46544	-4.25020	10.26023	5.89514
765.62500	4.46541	-3.04175	9.85926	1.86613
769.53125	2.04783	-0.22155	3.41430	3.07528
773.43750	-0.77264	5.41920	-3.43349	6.70204
777.34375	1.24196	12.67168	-1.01394	7.50823
781.25000	8.09178	9.85080	4.62906	8.71742
785.15625	6.07712	5.41825	2.61637	8.31489
789.06250	0.83906	10.25310	1.00668	4.68904
792.96875	1.24202	13.07332	-1.40888	7.10709
796.87500	5.27138	-4.65586	-1.80989	13.15158
800.78125	4.06265	-19.56443	2.22139	10.33146
804.68750	4.06271	-9.49136	6.25264	10.73481
808.59375	20.17999	2.99927	-1.40108	16.77912
812.50000	14.13609	0.98449	-18.32220	9.52679
816.40625	-4.39868	0.17855	-0.59124	3.08040
820.31250	-4.80162	6.22237	9.48402	-3.76886
824.21875	-0.36936	7.43110	0.62158	-6.18592
828.12500	-2.78696	-1.43348	3.44408	1.06734
832.03125	0.43651	-1.43365	9.89296	6.70894
835.93750	4.06282	4.20717	8.28312	5.09773
839.84375	2.45111	-11.91027	6.67339	7.51580
843.75000	4.06284	-16.34263	4.25779	11.54555
847.65625	4.46583	6.22130	1.03627	5.90501
851.56250	1.64541	11.86217	4.26167	3.89074
855.46875	-4.39845	-4.65803	1.04016	5.10002
859.37500	0.83974	-12.31372	-3.79301	4.69765
863.28125	4.86910	-7.47864	-0.16463	0.26590
867.18750	0.43690	-0.62891	-4.59491	-0.13658
871.09375	-2.78645	12.26482	-0.56365	-2.55364
875.00000	-2.38341	16.69697	3.46758	-9.40301
878.90625	-0.77168	8.23530	-6.20085	-3.35865
882.81250	1.24298	4.60883	1.85970	6.71503
886.71875	12.92797	5.01173	10.32314	19.60921
890.62500	7.28694	-9.09094	7.90765	8.73060
894.53125	-2.78625	-23.99955	6.70093	-1.74512
898.43750	14.94270	-12.71766	10.73230	19.61062
902.34375	8.09290	5.01114	4.69039	11.14952
906.25000	-14.87415	11.45788	1.46898	-14.23465
910.15625	-30.18560	4.60791	1.06804	-28.33686
914.06250	-32.60321	-6.27118	-4.57096	-36.79812
917.96875	-33.00628	-1.03311	-9.80715	-40.82714
921.87500	-46.70606	3.80195	-11.01408	-51.70597
925.78125	-49.92964	11.05461	-3.35647	-52.91455
929.68750	-46.30354	9.03981	-0.13108	-50.09384
933.59375	-58.39162	-13.52444	-8.99362	-62.18156
937.50000	-71.68853	-26.41829	-21.07958	-69.03111
941.40625	-74.50919	-9.09225	-18.66012	-67.41921
945.31250	-70.48006	8.63665	-13.82299	-69.83654
949.21875	-63.63031	8.72193	-15.43282	-66.61288
953.12500	-53.15418	-0.27642	-15.02791	-60.16567
957.03125	-47.51320	-21.82851	-16.63766	-56.13606
960.93750	-36.63401	-22.25509	-9.78573	-43.64486
964.84375	-22.93437	-7.97190	3.91594	-42.03270
968.75000	-26.56059	0.25656	0.69444	-48.47920
972.65625	-27.76924	7.99723	-0.10938	-37.59963
976.56250	-25.75442	2.09519	4.72783	-26.71994
980.46875	-22.93375	-0.20596	-2.92585	-25.51059
984.37500	-19.30721	-0.54439	-6.14733	-27.12179
988.28125	-23.33640	-3.01163	-4.13071	-24.30067
992.18750	-27.76852	2.55327	-2.91991	-23.89720
996.09375	-24.54491	1.46873	-1.30615	-22.68777
1000.00000	-18.90369	-7.13037	-0.49831	-13.82262
1003.90625	-13.26249	-11.65457	-0.89927	-10.59861
1007.81250	-12.85936	-15.18394	-4.92654	-15.43316
1011.71875	-12.85924	-9.76500	-14.99774	-16.64138
1015.62500	-14.47089	2.07361	-17.01037	-20.26721
1019.53125	-14.47081	4.11689	-2.90585	-19.05789
1023.43750	-7.21799	1.01297	7.97528	-13.81927
1027.34375	-14.47070	-1.60500	5.55968	-14.22171
1031.25000	-16.88814	-2.36905	3.94995	-13.01238
1035.15625	-7.21771	6.32136	3.95183	-7.77375
1039.06250	-13.26157	5.73474	0.32739	-11.80253
1042.96875	-11.64968	-6.05148	-3.69991	-14.62257
1046.87500	-7.62017	-11.83185	-4.10091	-8.17516
1050.78125	-14.87281	-9.51284	1.94504	-5.75705
1054.68750	-8.82879	-5.53856	5.57338	-6.56236
1058.59375	-3.59062	-12.35015	-0.06553	-6.15889
1062.50000	-10.03753	-5.44173	-5.30160	-3.33785
1066.40625	-8.42574	8.53610	0.34134	-4.14319
1070.31250	0.03584	7.48179	-2.07428	-7.36615
1074.21875	0.43890	10.40614	-0.86352	-4.54510
1078.12500	-0.36684	10.30031	0.75011	-3.73875
1082.03125	-1.57556	4.86326	-0.85974	-4.94707
1085.93750	-3.99313	3.09420	5.18615	-1.32021
1089.84375	-1.97841	1.46935	1.56181	-1.72271
1093.75000	-3.18709	-3.06822	3.17551	-0.91639
1097.65625	1.24528	-7.70897	8.81858	0.69586
1101.56250	5.27464	-2.12807	3.17956	-2.12418
1105.46875	1.64833	4.88904	3.58454	-6.55585
1109.37500	-0.36624	-4.58394	2.78075	-8.16704
1113.28125	2.85735	0.77150	-1.24655	-1.31662
1117.18750	-1.57479	14.60796	5.20217	-3.33077
1121.09375	-10.43920	9.04762	8.02463	-10.18003
1125.00000	-4.79808	1.03432	8.42940	-0.91209
1128.90625	-0.36577	-7.05132	6.81965	7.14706
1132.81250	0.84307	-10.31603	9.23924	5.13290
1136.71875	2.05185	0.28563	6.42061	1.50700
1140.62500	-6.40958	3.33755	-7.27694	-6.95406
1144.53125	-14.06518	2.41542	-9.69246	-15.01216
1148.43750	-8.02114	11.79715	-1.22897	-0.50619
1152.34375	-7.21521	0.73213	-1.22710	1.50890
1156.25000	-5.20044	-8.77683	-4.04574	-9.77274
1160.15625	-2.78278	0.48835	3.61189	-6.54889
1164.06250	-7.21499	2.99674	10.06070	-6.95142
1167.96875	-9.22957	4.82228	8.85386	-9.77149
1171.87500	-4.79725	5.70653	4.82655	-8.56226
1175.78125	2.45566	-3.31794	1.60507	-9.77051
1179.68750	4.47062	-6.75197	4.42759	-13.79915
1183.59375	12.12665	2.38191	5.23547	-7.75452
1187.50000	22.20025	-3.79649	6.44626	3.93113
1191.40625	20.58896	-11.51493	6.44818	0.70847
1195.31250	4.87504	1.74647	-4.02604	-6.14062
1199.21875	-2.37730	8.20942	-8.85913	-1.30459
1203.12500	0.44362	2.59214	5.64839	5.14307
1207.03125	-6.00290	1.25676	8.87386	9.57604
1210.93750	-12.85236	9.10068	-1.60022	12.80023
1214.84375	-10.03158	11.24409	-1.59807	11.18928
1218.75000	0.04191	0.64541	2.83628	7.96667
1222.65625	7.29493	-3.21611	8.07654	4.34096
1226.56250	0.04247	-1.36682	9.69037	6.75922
1230.46875	-6.80709	-6.58732	5.66311	3.13344
1234.37500	-2.37462	-10.28970	9.29155	4.34286
1238.28125	-3.98620	-7.28521	9.69643	7.56690
1242.18750	-3.18017	0.27395	4.46029	-0.49111
1246.09375	4.87870	-4.00548	9.70045	-2.90807
1250.00000	2.46127	-9.42268	7.68792	0.71897
1253.90625	2.05841	-0.81132	-0.36858	-3.71271
1257.81250	10.92296	4.15629	-0.36654	-4.51800
1261.71875	23.01095	12.66289	0.44127	9.58512
1265.62500	14.54952	11.07640	2.05494	12.00329
1269.53125	-4.38813	0.99792	-7.21046	-4.91938
1273.43750	-4.38819	4.61803	-6.80550	-10.96304
1277.34375	-1.16487	7.56623	4.07570	-6.12765
1281.25000	1.25254	1.31732	7.70412	-6.12736
1285.15625	0.84954	-5.67384	6.49743	-3.30653
1289.06250	-5.59757	-8.76683	8.51406	-3.30632
1292.96875	-8.82134	-12.94574	8.11307	0.32018
1296.87500	-6.40408	-13.17875	4.89156	7.57304
1300.78125	-6.80737	-3.94414	-2.35932	6.76730
1304.68750	-16.88091	8.20504	1.26891	-3.70877
1308.59375	-16.88117	6.41439	1.27086	-4.11160
1312.50000	-13.25504	-3.94715	-4.77105	2.73842
1316.40625	-7.61422	-0.86937	6.11015	6.76789
1320.31250	1.24999	4.13172	11.35017	8.78272
1324.21875	-0.76488	3.15949	7.32277	5.96240
1328.12500	1.65249	-4.22381	4.50411	10.39485
1332.03125	3.66694	-8.68353	-1.13498	11.60394
1335.93750	-1.57129	-3.05761	-5.16242	7.57494
1339.84375	-1.97436	-1.45144	-15.63680	8.78408
1343.75000	0.84615	2.56652	-12.41142	-0.08006
1347.65625	-6.40657	1.63142	4.51367	-10.95875
1351.56250	-1.97441	-4.19128	8.54499	-4.91446
1355.46875	-7.21255	1.60357	0.89130	-5.31713
1359.37500	-13.25646	-5.78797	-0.31559	-7.73434
1363.28125	-4.79490	-11.29787	10.96837	-5.71936
1367.18750	-2.78027	-2.20519	12.98499	-2.09269
1371.09375	0.04017	1.87166	6.94297	-4.10705
1375.00000	0.44307	-4.62182	1.30385	-5.71839
1378.90625	-3.98911	1.19307	-10.37908	-3.30040
1382.81250	-3.98905	13.14774	-3.93033	2.74396
1386.71875	-4.39196	10.06184	3.72720	8.38530
1390.62500	-5.19789	7.89397	-3.52364	8.38574
1394.53125	-0.76562	2.83845	-2.71579	8.38618
1398.43750	-1.57145	-5.09143	0.50968	-1.68662
1402.34375	3.26367	-10.31978	10.98788	-1.68618
1406.25000	6.89002	-10.31537	13.40748	9.19331
1410.15625	6.48705	-6.27046	2.53032	7.58200
1414.06250	2.05479	-1.80952	-0.28832	5.56777
1417.96875	3.66661	5.17098	-9.15095	1.94187
1421.87500	11.72536	14.60323	-8.34301	-0.87810
1425.78125	5.27857	10.80961	2.53808	-2.48930
1429.68750	0.84640	1.28522	2.53998	-6.11524
1433.59375	2.45811	-1.24574	-0.27860	-6.51767
1437.50000	-1.16819	-5.09587	4.96147	-4.09966
1441.40625	-0.76522	0.48255	4.15759	-1.68161
1445.31250	-1.57099	5.34903	-2.28736	-2.48703
1449.21875	-2.77971	-3.68504	-5.91183	1.54271
1453.12500	0.84677	-9.17499	-1.07469	5.57243
1457.03125	5.27902	4.39461	4.56833	6.78169
1460.93750	7.69673	11.38452	9.00263	9.19975
1464.84375	7.69677	-1.70897	6.58701	1.94749
1468.75000	6.08509	3.80434	4.57432	-1.27547
1472.65625	4.47339	6.63270	3.36746	-2.88678
1476.56250	-1.57050	-7.46365	-3.48037	-10.94491
1480.46875	-5.19683	-5.47512	2.56557	-5.30339
1484.37500	-8.42017	-9.55121	-2.26769	-4.89987
1488.28125	-15.67288	-9.68398	-18.78593	-8.12283
1492.18750	-8.01706	10.71687	-8.30777	-7.31654
1496.09375	6.08565	19.35851	9.02019	1.14550
1500.00000	5.27985	10.74344	7.41051	5.57825
1503.90625	-2.37579	-6.48757	1.77150	0.74351
1507.81250	-1.16703	-20.77448	3.78821	7.59367
1511.71875	3.26523	-16.26485	1.37261	7.19113
1515.62500	1.25073	-1.77564	3.38918	5.57989
1519.53125	4.87724	6.44805	8.62915	5.98329
1523.43750	7.29478	4.26401	2.99003	-2.47786
1527.34375	0.04192	7.20624	-1.84329	2.35755
1531.25000	-5.59923	7.48159	-4.25894	0.74608
1535.15625	-10.43459	2.86268	2.18985	-6.50643
1539.06250	-13.25524	5.80963	5.81807	-8.92380
1542.96875	-12.04657	0.14342	5.81996	-8.11768
1546.87500	-15.27017	-6.32045	5.41888	-7.71450
1550.78125	-19.70258	-2.25503	2.19739	-13.35539
1554.68750	-20.10560	-4.60825	-1.02417	-14.96689
1558.59375	-13.65886	-8.50283	-1.02235	-9.72859
1562.50000	-6.40633	-15.22046	-3.03509	-4.49035
1566.40625	-7.21245	-13.39918	-8.67419	-4.49021
1570.31250	-5.60083	4.49073	-7.86639	4.37449
1574.21875	-6.40679	3.20528	-1.41755	7.19527
1578.12500	-12.04793	2.18600	-0.20681	-6.10109
1582.03125	-12.85387	6.12314	-3.42825	-6.10071
1585.93750	-7.21291	-2.33758	0.60308	-7.30914
1589.84375	0.44281	0.72480	7.45492	-15.36732
1593.75000	-1.57188	3.32975	5.84504	-13.35233
1597.65625	0.84571	-7.66299	3.83227	-4.08457
1601.56250	3.66622	-16.41238	5.04297	3.16863
1605.46875	-1.16895	-15.43663	2.22435	0.75153
1609.37500	-4.79540	-5.89177	-5.02648	-3.27742
1613.28125	-3.98957	3.01557	-5.02458	-6.90335
1617.18750	-3.98954	5.86411	5.05052	-8.91758
1621.09375	-6.00422	7.83266	9.08173	-7.30550
1625.00000	-1.57204	8.55638	8.68077	1.15644
1628.90625	-2.37788	2.77837	5.86229	5.58912
1632.81250	-9.22775	0.64773	-0.17974	3.17196
1636.71875	-10.83948	4.88379	-11.45988	-0.45394
1640.62500	-5.60136	1.89538	-10.24906	4.78460
1644.53125	-5.60140	3.16266	-1.78554	4.78497
1648.43750	-15.27180	4.98218	-2.58941	-3.27337
1652.34375	-13.66010	0.25344	3.45653	0.35342
1656.25000	-5.19868	-2.95561	5.07019	5.59198
1660.15625	-0.36350	-0.78386	3.86321	2.77192
1664.06250	-2.37812	-9.85379	1.44748	-0.04823
1667.96875	-3.18397	-4.91347	-2.98278	5.19025
1671.87500	-3.18391	15.53309	-8.21899	3.17598
1675.78125	-5.60135	8.12722	-6.20244	-3.27051
1679.68750	-6.00423	-9.07409	2.26106	0.35634
1683.59375	-8.01886	-11.95465	1.45708	8.41535
1687.50000	-6.00418	-8.77028	0.65322	11.23629
1691.40625	2.86037	-12.34084	6.69922	9.22210
1695.31250	2.45743	-13.44973	7.91006	5.59622
1699.21875	-6.40703	-0.01367	1.46513	-0.85020
1703.12500	-9.22752	8.14467	-5.38276	-12.13182
1707.03125	-9.22744	8.72999	-15.85705	-14.95187
1710.93750	-0.76585	5.27825	-17.06395	-2.05771
1714.84375	4.47229	0.40280	-6.58585	5.19546
1718.75000	6.08407	7.85639	3.48934	7.61357
1722.65625	1.65183	3.30339	-0.13502	1.16720
1726.56250	-0.36276	-8.00856	-1.34184	-6.08503
1730.46875	5.27829	-7.35600	-1.74283	-2.45809
1734.37500	0.84618	-14.78825	-4.96430	-1.65170
1738.28125	-1.57131	-12.87014	2.69329	-2.05410
1742.18750	-1.57128	-3.10920	9.94809	-2.05360
1746.09375	-12.04751	-2.16738	10.35305	-0.03850
1750.00000	-11.64458	7.37874	2.69932	-1.64973
1753.90625	0.84624	14.30613	-6.16316	2.38002
1757.81250	6.08433	1.86585	-8.57878	2.38050
1761.71875	9.30770	-2.22888	-2.53286	-1.24539
1765.62500	12.53114	-0.73506	1.49841	1.17252
1769.53125	12.53117	6.37548	-0.91716	-3.66221
1773.43750	4.06964	7.90332	0.29348	-5.67642
1777.34375	4.87557	-10.39743	8.35393	1.97972
1781.25000	12.93420	-6.95219	7.95291	9.23302
1785.15625	0.84635	12.00759	-7.35651	-4.46607
1789.06250	4.06984	16.63617	-8.96628	1.17541
1792.96875	12.12861	11.93606	-0.09977	3.19059
1796.87500	2.45827	-9.77674	-2.11241	-10.10563
1800.78125	-1.97397	-20.10324	2.32185	-3.25537
1804.68750	-1.97385	-9.06272	4.33852	-2.44893
1808.59375	-6.40590	-1.31939	-0.09172	-6.88060
1812.50000	-1.97357	2.22825	-7.34251	-13.32696
1816.40625	2.05584	1.70628	-8.54936	-13.32646
1820.31250	-1.57049	3.03894	-4.51813	-6.47615
1824.21875	-0.36173	0.12367	-8.14255	-9.29624
1828.12500	-2.37636	-13.23523	-1.69378	-12.92211
1832.03125	-0.36162	-11.14585	1.93455	-4.05720
1835.93750	-1.57026	6.71884	-8.13672	0.37562
1839.84375	-3.98771	8.87865	0.32683	6.01723
1843.75000	0.04168	4.11146	11.61086	14.07630
1847.65625	0.44470	2.65480	9.59818	5.61519
1851.56250	-0.36111	-15.28938	0.73565	-2.04008
1855.46875	1.65360	-20.53134	-7.72396	3.60144
1859.37500	3.66838	5.06596	1.54540	-0.42731
1863.28125	3.66856	14.18426	11.21766	-2.03850
1867.18750	-1.56948	4.04968	1.54916	-2.44104
1871.09375	0.44515	4.70908	-5.29868	-0.02321
1875.00000	3.66872	6.58040	-1.67029	8.84182
1878.90625	-1.97200	-2.76557	-5.69758	2.79859
1882.81250	-1.56866	-3.10144	-0.86048	-2.43877
1886.71875	-0.35950	-2.19379	7.60301	-2.03509
1890.62500	0.04381	1.71154	4.38158	-2.84012
1894.53125	5.28239	-3.41456	-6.09258	-2.03342
1898.43750	6.89463	-12.60798	-6.89643	4.81726
1902.34375	5.28327	-3.42436	-0.04465	-2.83768
1906.25000	-3.17792	4.48045	-8.90706	-14.52182
1910.15625	-4.38628	4.33204	-10.11362	-8.87986
1914.06250	-1.96832	8.71227	-0.84407	-7.26725
1917.96875	-1.96786	9.78025	-0.84200	-11.29555
1921.87500	1.65894	6.76591	-4.06340	-9.27999
1925.78125	3.67386	7.15426	-2.04663	-5.65282
1929.68750	0.85362	2.50292	-13.32652	-7.26389
1933.59375	0.04803	-0.96045	-16.54783	-2.02508
1937.50000	3.67474	-11.76235	0.78019	0.79619
1941.40625	1.25741	-14.43939	-0.42662	-0.81487
1945.31250	-1.15982	-1.82321	1.18719	6.43862
1949.21875	-3.57714	0.26083	8.44200	2.41004
1953.12500	-5.99457	-1.40611	7.23530	-4.03617
1957.03125	3.27301	3.34451	12.47554	-2.42375
1960.93750	6.49670	10.31841	12.88060	-2.02021
1964.84375	-4.38218	6.56302	-2.83146	-8.06353
1968.75000	-2.77040	-1.17830	-2.42644	-2.82483
1972.65625	2.46782	-1.48843	7.24594	5.63735
1976.56250	4.48271	-6.95769	-3.63124	1.60878
1980.46875	7.30347	-6.80604	-14.10548	-0.80814
1984.37500	2.06551	1.69179	-3.22432	1.20710
1988.28125	5.28900	-1.40490	6.04510	8.46043
1992.18750	6.90076	-8.86073	10.47936	3.22286
1996.09375	0.05095	-6.00732	3.63161	-7.65571
2000.00000	4.08036	5.50033	-0.79852	-5.23760
2003.90625	4.88639	6.93521	0.81512	-6.44582
2007.81250	2.06598	7.24492	8.06985	-4.02776
2011.71875	8.91598	8.31311	20.15969	-2.01257
2015.62500	5.69259	-0.25599	12.50597	-5.63836
2019.53125	-1.56019	-13.61254	-0.38587	-8.45836
2023.43750	0.05151	-12.76275	-6.83073	-8.05499
2027.34375	-0.75430	-6.24845	-7.63464	-6.03984
2031.25000	2.46920	-3.95534	-1.58864	2.01923
2035.15625	10.52789	0.21995	3.24860	6.85492
2039.06250	5.69281	2.73523	-4.80802	-0.80027
2042.96875	-0.35106	9.48364	-7.62665	-2.00859
2046.87500	8.11057	7.27913	2.04559	-6.03747
2050.78125	6.90182	-2.14364	7.28563	-13.69267
2054.68750	2.46964	-4.17909	7.28763	-9.26001
2058.59375	6.09614	4.57290	-1.57490	-1.60386
2062.50000	6.09620	1.54673	-6.40805	5.64942
2066.40625	5.69334	-9.38339	0.04088	2.42653
2070.31250	5.69341	-4.78048	7.29567	0.41239
2074.21875	5.69347	-0.96354	-0.76092	1.21881
2078.12500	-0.35041	-0.85433	-8.01175	1.21940
2082.03125	-12.43837	-7.16334	1.25757	-4.42107
2085.93750	-11.63250	-15.13250	9.31813	-6.83819
2089.84375	-6.79731	-10.65010	11.33480	-1.59957
2093.75000	-5.99140	1.80812	7.71044	-5.22545
2097.65625	-2.76789	11.42853	0.05665	-10.06011
2101.56250	2.47031	8.33015	-2.76196	-7.64203
2105.46875	5.29087	4.94374	-2.35717	-10.86504
2109.37500	4.48504	6.44537	0.46527	-6.83528
2113.28125	0.45577	-4.32372	-3.56218	-1.59669
2117.18750	0.45582	-9.35377	-6.78358	-8.84889
2121.09375	-1.96173	-4.35928	2.48584	-3.61025
2125.00000	-8.00561	4.51056	-1.13856	4.85184
2128.90625	0.45603	8.23505	-5.16590	11.70220
2132.81250	7.30595	-9.68568	0.47710	10.09109
2136.71875	6.50018	-6.79594	5.71705	5.65931
2140.62500	-10.01998	5.93415	1.68960	-0.38427
2144.53125	-23.31659	3.71549	-10.39641	-10.85999
2148.43750	-16.46668	6.41058	-6.36520	-10.85946
2152.34375	-7.19920	-1.78359	-4.75151	-8.44138
2156.25000	-3.57266	-10.31676	-8.37595	-4.81453
2160.15625	-5.99017	-6.32778	2.50509	-4.81404
2164.06250	-6.79596	-11.14153	11.37138	-1.99308
2167.96875	-2.36364	-13.52668	9.35861	1.23087
2171.87500	-2.36357	-1.56480	0.89897	5.26075
2175.78125	-6.79584	3.04728	-3.93427	3.64961
2179.68750	-8.40757	-3.68000	-0.30600	2.03831
2183.59375	-5.58706	-8.63353	-5.94500	1.23288
2187.50000	-1.15475	-5.63616	-6.74891	-4.40766
2191.40625	-2.76646	4.67680	5.34094	-4.40716
2195.31250	-0.75180	5.08975	2.92529	-2.39202
2199.21875	2.47166	-10.30503	-3.11673	-2.39152
2203.12500	-6.39272	-15.75971	4.54093	-7.62902
2207.03125	-8.40729	-10.60922	8.16922	-13.26951
2210.93750	-5.98968	-8.43813	5.35064	-13.26901
2214.84375	-2.36318	-0.56511	4.14376	-4.40399
2218.75000	10.12770	6.42644	6.96614	1.23749
2222.65625	6.09835	-2.70755	3.34159	-4.80605
2226.56250	2.87489	-4.66828	-0.28296	-3.19391
2230.46875	11.73933	-13.50231	-3.10159	-0.77583
2234.37500	-0.34859	-13.10990	-17.20234	-8.83398
2238.28125	-3.16915	-3.05167	-21.22990	-9.23647
2242.18750	0.05437	-12.59507	-7.52850	-3.19203
2246.09375	-10.42176	-11.18008	-1.07992	3.25534
2250.00000	-7.60117	9.23429	5.77163	4.86757
2253.90625	-3.57190	10.16675	11.81748	-1.57887
2257.81250	0.45738	-6.10900	6.17827	0.03328
2261.71875	2.06908	-2.71794	2.95667	3.66015
2265.62500	4.08377	7.73307	-0.26491	5.67529
2269.53125	6.09855	2.56367	-6.30705	5.27279
2273.43750	4.88977	-11.72025	0.94744	4.87038
2277.34375	-1.15413	-16.85261	11.42541	2.05034
2281.25000	-9.21272	-5.71966	4.57742	-9.23124
2285.15625	-11.22726	-4.33841	3.77345	-6.41020
2289.06250	-4.37735	-16.18161	5.79002	2.85770
2292.96875	-0.75097	-2.61354	-1.86381	6.48452
2296.87500	1.66674	13.46751	-12.33817	4.47039
2300.78125	-0.75079	11.83562	-20.79786	-2.37889
2304.68750	1.66690	6.19446	-9.51396	2.05384
2308.59375	6.09922	-4.28430	6.20218	9.71008
2312.50000	2.47287	-24.15626	4.99518	4.06954
2316.40625	-7.60030	-18.30199	0.96771	-4.79438
2320.31250	-12.83831	-4.85753	6.20764	-7.61432
2324.21875	-9.21187	-4.18613	0.56846	-5.19622
2328.12500	-11.22644	2.80421	-7.08541	-1.97226
2332.03125	-5.98826	4.64678	-5.87474	-3.98641
2335.93750	0.45879	3.07529	-4.26113	-2.37413
2339.84375	-0.34684	-5.03726	0.17307	11.32598
2343.75000	-1.55555	-3.65212	4.60717	13.34119
2347.65625	-1.55551	1.46209	7.83242	2.86545
2351.56250	5.29435	4.02132	5.81954	2.86592
2355.46875	5.29437	3.05609	-2.64009	0.44877
2359.37500	0.86222	0.00718	-3.44414	1.65801
2363.28125	-3.97286	2.55457	6.22804	5.28486
2367.18750	-9.61372	0.55862	0.99175	-4.38490
2371.09375	-10.82248	0.97152	-8.67679	-7.60783
2375.00000	0.45959	-5.06174	-1.82506	2.06295
2378.90625	2.47431	-16.32384	-7.46419	5.28688
2382.81250	-1.55494	-21.43206	-11.49161	1.66102
2386.71875	2.87739	-10.37970	6.64213	4.48198
2390.62500	-10.41925	4.77106	9.46447	-5.18788
2394.53125	-24.11874	-1.93647	-1.81569	-13.24596
2398.43750	-17.26885	-0.84999	-1.41092	-7.60444
2402.34375	-16.05996	2.95319	-2.61781	-8.00693
2406.25000	-14.04521	-6.36938	2.21915	-2.76836
2410.15625	-1.15128	2.13107	9.47372	3.67897
2414.06250	4.48985	6.39161	0.61111	0.85893
2417.96875	5.29582	-11.59822	-6.23678	10.52973
2421.87500	-4.77729	-20.19362	1.42080	8.91852
2425.78125	-15.65639	-0.70641	-2.60675	-7.19831
2429.68750	-12.43295	5.14639	-11.06647	-14.04769
2433.59375	-4.37422	0.18302	-9.04986	-9.61497
2437.50000	-5.18003	13.07587	-5.82443	-5.98813
2441.40625	-8.00046	18.31473	-3.80785	-5.58466
2445.31250	-4.77696	13.45855	-0.17963	4.89203
2449.21875	0.05828	2.13879	3.04572	11.33938
2453.12500	-0.34453	-8.46890	1.43593	6.50480
2457.03125	-1.15034	-6.20798	3.04946	4.49066
2460.93750	4.49066	-0.39336	7.08057	12.14685
2464.84375	0.86435	1.47150	13.52930	11.74436
2468.75000	-7.19429	7.61960	13.53118	2.47751
2472.65625	-0.74736	12.27289	9.10077	8.92499
2476.56250	-2.35900	1.86662	2.25279	2.47860
2480.46875	-12.43222	-6.21589	-3.78928	-10.81761
2484.37500	-12.83499	-8.06322	-4.99616	-11.62295
2488.28125	-6.79097	-5.80586	-2.17377	-5.17564
2492.18750	-4.37336	1.97575	-2.57485	-0.34000
2496.09375	-4.37332	-0.97856	-10.63166	0.46635
2500.00000	-5.17914	2.04987	-10.62972	4.09320
2503.90625	-8.80543	8.22072	-0.15168	0.06433
2507.81250	-0.74678	0.54841	11.13217	-1.94989
2511.71875	3.68559	-6.31284	13.55169	0.06531
2515.62500	0.46226	-0.23757	5.89791	-0.74001
2519.53125	2.07401	7.87651	2.27344	-0.33659
2523.43750	-0.74655	0.35441	0.26063	-4.36542
2527.34375	-3.16418	-1.51998	-0.14048	1.27600
2531.25000	-1.14940	8.36644	-0.54149	10.14096
2535.15625	-0.34349	7.71760	-5.37477	3.29159
2539.06250	5.29758	-1.63568	-2.14934	0.87449
2542.96875	3.68595	-5.88089	-5.77378	-0.33386
2546.87500	-1.14918	-7.57721	-7.38370	0.06945
2550.78125	2.07422	-4.74810	3.09439	-0.33306
2554.68750	-2.76091	5.96807	10.34902	-5.97370
2558.59375	-2.35793	10.98170	10.35084	-6.37606
2562.50000	3.28306	14.49052	-2.94400	-3.15212
2566.40625	-1.14917	0.91230	-8.18029	-5.16628
2570.31250	-5.17858	-12.60907	-4.95503	-7.58336
2574.21875	-4.77566	-1.45301	-11.40002	-3.55363
2578.12500	0.46239	0.59562	-1.72775	0.47609
2582.03125	0.86531	-2.20241	9.15323	-1.13512
2585.93750	-6.38744	5.00920	9.55803	-1.94054
2589.84375	-9.20802	4.53314	3.11290	-4.76062
2593.75000	-5.17873	4.80036	0.69719	-3.55134
2597.65625	-5.17863	12.73496	3.51961	4.10488
2601.56250	-3.56678	6.48821	2.31268	5.31424
2605.46875	2.47719	-5.76400	6.34374	0.07665
2609.37500	-0.34326	-2.06991	11.18069	-7.17562
2613.28125	-1.95497	1.36429	5.54161	-9.99568
2617.18750	3.28315	-0.95393	-0.50040	-3.14545
2621.09375	-0.74613	-6.58816	-5.33370	-2.33909
2625.00000	-8.80469	-8.84683	0.30923	-6.77084
2628.90625	-6.38703	-0.58171	4.74330	-8.78499
2632.81250	-5.58111	7.98923	1.52167	-9.59038
2636.71875	-11.62494	5.46271	0.71769	-9.99287
2640.62500	-8.40143	3.28650	8.37520	-11.20123
2644.53125	-3.56623	8.24676	0.72143	-11.60371
2648.43750	-5.98373	0.53965	-12.97637	-3.14178
2652.34375	-5.58065	-3.92609	-7.73639	-3.94713
2656.25000	-10.81868	-2.26333	2.74164	-16.03460
2660.15625	-10.41577	0.24544	11.20489	-13.21367
2664.06250	2.88103	4.01014	16.44478	0.48645
2667.96875	2.07522	6.13278	10.80569	7.73969
2671.87500	-0.34215	13.17188	-4.50372	12.57542
2675.78125	1.26973	2.86684	-10.54584	6.12916
2679.68750	-10.81808	-6.85293	-2.88828	-11.19639
2683.59375	-8.40039	2.61240	7.99271	-7.97246
2687.50000	-5.57978	3.70760	8.39744	-2.73389
2691.40625	-7.59430	-4.77599	11.62274	-7.97152
2695.31250	-0.34141	-1.30465	18.47438	-8.37394
2699.21875	-0.34130	7.37152	14.84990	-9.17936
2703.12500	-3.56464	-3.20534	9.21071	-6.35835
2707.03125	-4.37040	-8.34655	-0.86067	-5.95501
2710.93750	1.67363	3.08009	-6.90274	-4.34282
2714.84375	4.09132	4.16451	7.60467	2.50745
2718.75000	-5.17592	-6.64578	14.45636	0.89626
2722.65625	-10.81679	-10.22726	5.19083	0.89678
2726.56250	-9.20495	8.24694	4.78982	0.89733
2730.46875	-7.99609	11.76437	-0.84943	-3.53440
2734.37500	-3.56385	3.96787	-12.93555	-9.17498
2738.28125	-1.54918	5.08488	-6.88984	-4.74230
2742.18750	-2.75796	9.34150	14.46723	6.94309
2746.09375	-7.99600	5.94022	10.43974	-0.71216
2750.00000	-12.83107	-7.32522	-3.66100	-10.38200
2753.90625	-10.01042	-11.15520	3.59356	-4.33745
2757.81250	-13.63659	1.06069	8.83348	-4.33698
2761.71875	-13.23359	5.93360	4.00008	-5.94832
2765.62500	-5.17487	2.45871	-6.07135	-3.93327
2769.53125	-8.39816	3.43493	-2.44309	-7.15630
2773.43750	-10.00981	9.57104	6.82618	-7.55876
2777.34375	-0.74229	18.35080	-2.84228	-1.51434
2781.25000	0.06364	12.98519	-9.69013	0.50082
2785.15625	-5.17441	1.42431	2.80269	-4.33381
2789.06250	-9.60656	-5.51156	9.25140	-11.58609
2792.96875	-1.14499	-2.74730	14.89429	-6.34762
2796.87500	0.46673	12.63420	16.50783	1.71139
2800.78125	-5.57721	6.31425	-1.62219	-3.92922
2804.68750	-4.36834	-1.19776	-9.67899	-9.97275
2808.59375	-3.56240	2.10155	-2.82733	-15.21048
2812.50000	1.27284	-0.96005	2.00971	2.51890
2816.40625	-2.35340	-0.77548	-2.01773	6.54868
2820.31250	-5.57675	4.44974	-2.82179	-5.13587
2824.21875	-2.35319	8.28578	-2.81997	-1.50898
2828.12500	-3.96484	7.74072	-4.83273	2.52086
2832.03125	-6.78519	4.46396	4.03359	0.50682
2835.93750	-3.56157	9.95705	7.66184	-3.11899
2839.84375	-3.15850	6.98432	8.06661	-12.78874
2843.75000	-3.15828	-1.56021	13.70942	-13.59408
2847.65625	0.06529	-3.09903	10.08495	-7.54967
2851.56250	-2.75511	1.44367	-1.59813	-9.16093
2855.46875	-0.74031	16.22823	-9.25189	-8.35453
2859.37500	-5.57542	12.70517	-9.65292	-7.54829
2863.28125	-8.79883	3.90859	1.63094	-5.13032
2867.18750	-5.97810	2.62062	3.64740	-5.53269
2871.09375	-0.33684	0.05835	-2.39478	-3.51746
2875.00000	-2.35134	6.76150	-5.61648	-2.71111
2878.90625	-11.21570	13.55143	-8.43526	-5.12825
2882.81250	-7.58915	2.92739	-1.18070	-1.90431
2886.71875	1.67836	-0.88961	12.11791	-0.69506
2890.62500	-3.15676	7.96953	10.50806	0.91719
2894.53125	-9.60347	8.15658	-5.60722	-0.69406
2898.43750	4.49925	4.28339	-7.21708	-2.30522
2902.34375	11.75217	-8.94401	0.03751	1.72466
2906.25000	4.49964	-7.59022	4.06863	2.53106
2910.15625	-1.94710	13.49661	2.86173	-4.72113
2914.06250	-3.55865	15.98823	-0.35991	0.92049
2917.96875	-2.34969	6.65978	5.68586	0.92103
2921.87500	-4.76714	7.37237	6.49355	1.32447
2925.78125	-2.75234	9.10819	-0.35445	4.95141
2929.68750	-1.14045	-2.29413	-1.15856	4.95189
2933.59375	1.68016	-9.62655	1.26093	3.74356
2937.50000	0.47144	-3.09132	5.29212	-0.68820
2941.40625	0.06858	-0.91385	5.29398	0.52113
2945.31250	0.47164	-3.58431	0.46070	-4.31351
2949.21875	-5.57226	2.50388	-5.17855	-10.35707
2953.12500	-1.94585	14.72565	2.47898	-6.73024
2957.03125	4.50113	17.34015	10.94240	-4.31221
2960.93750	4.09821	12.93163	2.07968	-3.90891
2964.84375	6.11300	-1.35139	-5.17129	-5.52019
2968.75000	7.32189	-14.41510	-1.54306	-5.92261
2972.65625	2.48682	-7.24760	9.33784	-5.51907
2976.56250	-5.16881	10.33929	12.16024	-5.11566
2980.46875	-9.19801	10.62583	2.49182	-6.72688
2984.37500	-7.58621	0.08511	-1.53559	-3.50297
2988.28125	-10.40665	-2.28282	1.28670	0.12386
2992.18750	-8.39174	-5.43025	4.91490	-3.90490
2996.09375	2.08454	-7.56918	10.55773	-2.69560
