-0.16807,-0.73149,-1.492,-2.2266,-2.7452,-3.3675,-3.8235,-4.0362,-4.1624,-4.0618,-3.7415,-3.383,-2.7942,-2.1344,-1.6006,-0.88618,-0.22798,0.22794,0.78088,1.2456,1.6208,1.8431,2.0597,2.1988,2.2443,2.2433,2.1497,2.0433,1.8751,1.6688,1.4619,1.3164,1.1466,1.0192,0.95166,0.90232,0.88995,0.88461,0.88107,0.84477,0.76837,0.68032,0.49433,0.23229,-0.010076,-0.43254,-0.94944,-1.5701,-2.0842,-2.845,-3.6982,-4.3363,-5.1319,-5.7509,-6.0397,-6.0492,-5.6659,-4.9898,-4.3781,-3.5354,-2.7197,-2.1474,-1.4303,-0.79916,-0.23639,0.12357,0.59761,1.0248,1.347,1.7515,2.1059,2.3406,2.6129,2.8222,2.9606,3.0069,2.9718,2.8215,2.624,2.2141,1.6056,0.99673,-0.053955,-1.4578,-3.2958,-5.0096,-7.4178,-8.4097,-7.2504,-4.5971,-2.1312,-0.12247,1.0962,2.3758,3.3296,3.8669,4.3688,4.6475,4.7105,4.6042,4.2852,3.7265,3.1505,2.1205,0.76131,-0.54469,-2.8191,-5.9824,-9.4428,-17.594,-18.821,-10.962,-7.9044,-5.3759,-3.8419,-3.1227,-2.5878,-2.506,-2.8063,-3.3273,-4.3478,-5.743,-6.9359,-8.2448,-8.1715,-7.1403,-5.1733,-3.1971,-1.4994,-0.4364,0.73435,1.6324,2.1573,2.6999,3.0933,3.3306,3.5781,3.7882,3.9957,4.164,4.4414,4.7776,5.0626,5.4583,5.8443,6.1902,6.4071,6.6232,6.7511,6.7738,6.7152,6.5365,6.3436,6.0312,5.6766,5.3414,5.1405,4.9891,4.9976,5.1269,5.4051,5.7766,6.0793,6.4707,6.8124,7.0829,7.2327,7.3448,7.3646,7.3167,7.1754,6.9597,6.6757,6.4273,6.0506,5.6369,5.3151,4.8797,4.4559,4.1556,3.7835,3.4714,3.2185,3.0901,2.9873,2.9573,2.9841,3.0598,3.1958,3.314,3.4844,3.6352,3.7653,3.8456,3.8972,3.8844,3.8246,3.6855,3.4683,3.1549
-3.3661,-4.7373,-6.8228,-9.2082,-11.072,-12.939,-12.868,-11.634,-9.562,-7.609,-5.9212,-4.8137,-3.5139,-2.3768,-1.6212,-0.71991,0.060975,0.57636,1.1792,1.6813,2.0915,2.3463,2.6212,2.8237,2.9353,3.0372,3.0941,3.1154,3.1144,3.0962,3.0578,3.0248,2.9701,2.906,2.853,2.7707,2.6675,2.54,2.4226,2.2318,1.9941,1.7785,1.4364,1.0263,0.6718,0.13637,-0.49121,-1.1991,-1.7824,-2.6348,-3.5341,-4.215,-5.0589,-5.6898,-5.9355,-5.8927,-5.4333,-4.7016,-4.0571,-3.1711,-2.3175,-1.7231,-1.0123,-0.40334,0.11091,0.44225,0.81038,1.0928,1.2614,1.4301,1.5442,1.5982,1.6305,1.6214,1.5925,1.563,1.5271,1.5015,1.498,1.517,1.5634,1.62,1.7224,1.8588,2.0314,2.1966,2.4709,2.8178,3.1239,3.5902,4.1087,4.6487,5.0486,5.5585,6.0185,6.3167,6.6405,6.8684,6.9752,7.0289,6.9863,6.849,6.6902,6.4181,6.0942,5.8309,5.4821,5.1641,4.9616,4.7611,4.6385,4.5809,4.5651,4.5604,4.5519,4.5271,4.4631,4.3578,4.2125,4.0822,3.8968,3.7102,3.5847,3.4555,3.3787,3.3553,3.371,3.4187,3.4731,3.4955,3.4736,3.3613,3.1985,2.8407,2.2893,1.7156,0.70669,-0.63206,-2.3249,-3.7301,-5.1331,-4.7052,-3.2088,-0.81463,1.3626,3.1882,4.3391,5.6282,6.6807,7.34,8.0694,8.6538,9.0124,9.3987,9.6998,9.9286,10.063,10.197,10.285,10.322,10.331,10.287,10.215,10.063,9.8331,9.5186,9.2212,8.735,8.1397,7.619,6.8246,5.914,4.9,4.0777,2.933,1.7907,0.99215,0.11763,-0.43302,-0.58913,-0.48231,-0.12369,0.36602,0.76697,1.2942,1.7917,2.1356,2.5505,2.9135,3.1567,3.4374,3.6694,3.8494,3.946,4.0218,4.0315,3.9944,3.8786,3.6755,3.3803
-1.6274,-2.2948,-3.0367,-3.5293,-3.7259,-3.7511,-3.5385,-3.2446,-2.7122,-2.0832,-1.4015,-0.88546,-0.22553,0.3813,0.78853,1.2585,1.6306,1.8481,2.0366,2.1089,2.0694,1.9653,1.7394,1.4329,1.1565,0.75425,0.3598,0.10301,-0.14579,-0.24819,-0.18954,-0.053571,0.20873,0.53367,0.76791,1.0562,1.2812,1.4223,1.4655,1.4434,1.3244,1.1701,0.8812,0.51279,0.19026,-0.28727,-0.784,-1.2823,-1.6307,-2.016,-2.3124,-2.4477,-2.4978,-2.4158,-2.2707,-1.9812,-1.6249,-1.2257,-0.91508,-0.50114,-0.10535,0.16803,0.47863,0.72108,0.90133,0.98041,1.0169,0.95845,0.84755,0.59745,0.23282,-0.14853,-0.8168,-1.7126,-2.8942,-4.012,-5.8777,-8.185,-9.8672,-10.482,-8.3843,-6.2641,-3.7199,-1.6394,0.049822,1.1193,2.3341,3.3449,3.9952,4.7483,5.3845,5.9246,6.279,6.6891,7.0443,7.2824,7.5695,7.8235,7.9975,8.2145,8.4082,8.5727,8.675,8.7791,8.8429,8.8623,8.8428,8.7731,8.6882,8.5242,8.3009,8.013,7.7565,7.354,6.8855,6.4969,5.9358,5.348,4.7664,4.3693,3.9236,3.6237,3.5165,3.5201,3.6761,3.8607,4.1548,4.4739,4.7754,4.9705,5.1804,5.3211,5.3856,5.4104,5.3751,5.3231,5.2455,5.1751,5.1447,5.1635,5.2722,5.5031,5.7587,6.2039,6.7458,7.3559,7.8399,8.4988,9.1503,9.6235,10.222,10.77,11.145,11.594,11.983,12.308,12.509,12.719,12.863,12.922,12.935,12.869,12.764,12.543,12.222,11.794,11.393,10.746,9.9526,9.2513,8.166,6.8794,5.3701,4.0777,2.1464,0.056108,-1.4545,-2.8904,-3.1528,-2.6842,-1.7408,-0.82826,-0.1185,0.26005,0.57919,0.72134,0.73094,0.66898,0.55961,0.50885,0.52427,0.69281,1.0263,1.3642,1.8864,2.4313,2.8272,3.3058,3.7032,3.9981
-7.1921,-10.508,-17.639,-21.443,-14.515,-9.3513,-6.124,-4.3121,-2.3743,-0.83169,0.44326,1.246,2.1405,2.854,3.2735,3.6766,3.9174,3.9848,3.9099,3.6369,3.1508,2.6285,1.6966,0.44302,-0.7669,-2.8668,-5.8143,-9.0358,-17.023,-22.878,-11.29,-7.6227,-4.5156,-2.4277,-1.2796,-0.13736,0.6647,1.1647,1.3821,1.4792,1.3522,1.1191,0.61693,-0.11815,-0.8509,-2.0854,-3.6891,-5.7767,-7.7818,-11.083,-14.011,-13.39,-10.058,-7.0492,-5.2887,-3.4482,-2.0287,-0.94847,-0.32102,0.31349,0.74947,0.95817,1.0745,1.0331,0.85799,0.65998,0.33409,-0.016229,-0.28229,-0.57492,-0.77446,-0.86741,-0.94582,-1.0203,-1.1457,-1.2628,-1.4684,-1.6581,-1.6872,-1.4023,-0.68104,0.11254,1.3621,2.6417,3.8254,4.6099,5.4881,6.1595,6.5291,6.8456,6.9645,6.8806,6.6835,6.2552,5.6576,5.1597,4.5466,4.2118,4.3032,4.9199,5.9258,7.0549,7.8668,8.8303,9.6277,10.106,10.59,10.899,11.016,11.027,10.859,10.516,10.134,9.4464,8.5283,7.6709,6.2428,4.3784,1.871,-0.70795,-6.0623,-21.302,-12.646,-4.1805,-0.24048,1.6676,3.4552,4.6945,5.5455,5.9896,6.3625,6.5245,6.5297,6.399,6.116,5.8335,5.3929,4.9212,4.4856,4.2285,4.0549,4.1447,4.3952,4.9446,5.6734,6.5027,7.1506,8.0113,8.8395,9.4261,10.154,10.821,11.28,11.842,12.357,12.818,13.13,13.502,13.826,14.033,14.254,14.413,14.484,14.508,14.449,14.303,14.136,13.834,13.442,13.091,12.552,11.94,11.265,10.732,10.004,9.2792,8.752,8.0727,7.4416,6.9806,6.3602,5.7039,4.9623,4.322,3.3201,2.0847,0.9408,-0.99431,-3.6774,-6.5626,-13.061,-19.53,-9.3976,-5.4225,-1.9577,0.44831,1.8313,3.286,4.4138,5.2893
-6.9095,-7.8996,-8.6669,-8.5675,-7.9949,-6.7531,-5.2143,-4.008,-2.4472,-1.0268,0.22409,1.0316,1.9396,2.6479,3.046,3.4038,3.5809,3.5857,3.4242,3.0664,2.5144,1.9793,1.115,0.10195,-0.7302,-1.8731,-2.954,-3.6352,-4.2776,-4.4972,-4.3077,-3.9491,-3.3133,-2.5987,-2.0896,-1.4764,-0.99742,-0.68394,-0.55692,-0.53731,-0.72286,-0.97044,-1.4345,-2.0522,-2.5995,-3.4395,-4.3271,-5.2148,-5.8399,-6.4447,-6.6197,-6.4087,-5.6766,-4.6275,-3.7928,-2.7242,-1.797,-1.0485,-0.64233,-0.30477,-0.20361,-0.30464,-0.69449,-1.4077,-2.5243,-3.6631,-5.7572,-8.9072,-12.477,-20.724,-17.12,-11.799,-7.5721,-4.8362,-2.8511,-1.6715,-0.37637,0.68614,1.3883,2.2736,3.114,3.7275,4.5168,5.26,5.9374,6.383,6.8745,7.2309,7.3902,7.4543,7.3284,6.9733,6.5384,5.6848,4.4725,3.2856,1.3932,-0.37607,-0.76971,0.58995,2.8743,4.9973,6.3207,7.7255,8.7883,9.3945,9.9909,10.369,10.526,10.589,10.498,10.267,10.013,9.5614,9.0038,8.5229,7.819,7.067,6.3279,5.8254,5.2976,4.9919,4.9199,5.0192,5.2564,5.4654,5.7251,5.9035,5.9667,5.915,5.6979,5.2859,4.8487,4.0648,3.0091,2.0279,0.36442,-1.8462,-4.9317,-8.3056,-16.774,-18.725,-10.854,-5.7487,-2.6335,-0.44309,0.83834,2.2116,3.2981,3.9645,4.7006,5.3053,5.6892,6.1445,6.5768,7.0215,7.3776,7.8966,8.4742,8.9298,9.5427,10.135,10.547,11.03,11.425,11.719,11.869,11.975,11.975,11.908,11.732,11.466,11.114,10.798,10.312,9.7596,9.2978,8.6255,7.8918,7.3041,6.4552,5.548,4.5799,3.8206,2.7882,1.7487,0.98519,0.032057,-0.76488,-1.2319,-1.5577,-1.5198,-1.1402,-0.66931,0.12795,1.0044,1.6673,2.4962,3.233,3.8606
-11.872,-15.289,-17.008,-13.112,-10.18,-7.1092,-4.707,-3.2003,-1.4998,-0.073281,1.1259,1.885,2.7188,3.3586,3.7135,3.9944,4.0665,3.9788,3.6734,3.1512,2.4066,1.6958,0.52171,-0.92786,-2.2087,-4.1886,-6.4331,-8.1508,-9.9095,-10.01,-8.6395,-7.337,-5.7034,-4.3404,-3.5361,-2.7292,-2.2103,-1.966,-1.9412,-2.1344,-2.593,-3.084,-3.9595,-5.0678,-5.9871,-7.191,-8.0772,-8.2441,-7.9019,-6.9708,-5.7667,-4.8321,-3.6333,-2.5143,-1.7709,-0.90344,-0.1938,0.34841,0.63466,0.85291,0.86932,0.74345,0.39831,-0.1377,-0.84369,-1.4556,-2.3634,-3.2752,-3.8476,-4.3589,-4.4119,-4.1529,-3.4842,-2.6449,-1.7348,-1.0442,-0.12615,0.79005,1.4701,2.3814,3.2703,3.9063,4.7153,5.4721,6.1672,6.6387,7.2097,7.7082,8.0285,8.375,8.6288,8.7796,8.8295,8.8235,8.7755,8.7272,8.6881,8.7144,8.7901,8.9675,9.2175,9.512,9.7321,9.9896,10.174,10.241,10.225,10.08,9.8933,9.5477,9.1213,8.6468,8.2825,7.8133,7.4096,7.1587,6.914,6.7656,6.7059,6.7035,6.7438,6.8116,6.8583,6.9002,6.8883,6.842,6.7143,6.4925,6.1651,5.8303,5.2461,4.5043,3.86,2.8682,1.744,0.83352,-0.44514,-1.7344,-2.9447,-3.7382,-4.5197,-4.8308,-4.7044,-4.1682,-3.4328,-2.6879,-2.1874,-1.6362,-1.2449,-1.0764,-1.0113,-1.1466,-1.4001,-1.9587,-2.7282,-3.5114,-3.7999,-3.2906,-1.6994,-0.17431,1.8559,3.6592,4.8317,6.1572,7.2252,8.0652,8.555,9.0443,9.3527,9.4794,9.5208,9.4241,9.2082,8.9732,8.5611,8.0345,7.5656,6.8445,6.0096,5.3053,4.2543,3.0601,1.6935,0.54492,-1.1607,-3.0693,-4.5721,-6.4521,-7.4936,-7.3789,-6.2671,-4.7461,-3.2542,-2.2644,-1.133,-0.21506,0.34701,0.92566,1.3101,1.5065
-5.0561,-5.338,-5.4038,-5.0647,-4.5831,-3.7253,-2.7226,-1.9266,-0.87557,0.12982,1.0442,1.6558,2.3427,2.8878,3.1954,3.4528,3.5308,3.4632,3.2036,2.7446,2.0796,1.4388,0.38057,-0.92683,-2.081,-3.8381,-5.7742,-7.1688,-8.4281,-8.4862,-7.5663,-6.6444,-5.4793,-4.5113,-3.9478,-3.4261,-3.1269,-3.0742,-3.192,-3.55,-4.1694,-4.816,-5.9674,-7.4891,-8.9911,-11.527,-14.203,-14.664,-12.783,-9.7208,-7.1125,-5.5118,-3.7858,-2.4152,-1.5791,-0.67288,-0.0047475,0.45221,0.66917,0.79019,0.74159,0.59607,0.28228,-0.17675,-0.76622,-1.2731,-2.0322,-2.8309,-3.4396,-4.2369,-4.9486,-5.409,-5.8629,-6.0848,-5.9816,-5.6633,-4.9823,-4.0578,-3.2694,-2.1569,-1.0568,-0.26757,0.72924,1.6567,2.535,3.1547,3.943,4.688,5.2245,5.8917,6.4997,7.0447,7.4175,7.8586,8.2416,8.493,8.7828,9.0204,9.1611,9.2976,9.3676,9.3589,9.2934,9.1161,8.8237,8.5133,7.9588,7.217,6.5248,5.3923,3.9927,2.3186,0.90223,-1.0323,-2.449,-2.6516,-1.7369,-0.23576,1.208,2.1311,3.1274,3.8774,4.2956,4.6824,4.8846,4.9263,4.8194,4.5236,4.0379,3.5401,2.6924,1.6412,0.72047,-0.70285,-2.3041,-3.6093,-5.4127,-7.0439,-8.2522,-8.7722,-8.9177,-8.6487,-8.3324,-7.9028,-7.5763,-7.3913,-7.3599,-7.3942,-7.4916,-7.5777,-7.6714,-7.7486,-7.878,-8.3001,-9.0968,-10.309,-11.286,-11.4,-9.1233,-6.7535,-3.8678,-1.5273,-0.1097,1.4061,2.5755,3.4645,3.9732,4.472,4.7894,4.9247,4.9778,4.8923,4.6806,4.4361,4.0079,3.4701,2.9951,2.274,1.4602,0.78595,-0.18142,-1.239,-2.4303,-3.422,-4.9107,-6.6378,-8.0986,-9.9719,-10.953,-10.451,-8.6459,-6.6538,-4.9198,-3.843,-2.7056,-1.9017,-1.4971,-1.2267,-1.2698,-1.6439
-9.1182,-9.2062,-8.7789,-7.9069,-7.0242,-5.7439,-4.4082,-3.4296,-2.182,-1.0261,0.012649,0.70384,1.4931,2.1173,2.4831,2.8272,3.0171,3.06,2.98,2.7507,2.3735,2.009,1.4273,0.76639,0.24127,-0.47514,-1.1659,-1.6383,-2.1697,-2.5621,-2.8214,-2.9535,-3.0804,-3.1896,-3.2803,-3.4342,-3.623,-3.8675,-4.0766,-4.3822,-4.7067,-4.9297,-5.1983,-5.3907,-5.49,-5.481,-5.2969,-4.8993,-4.4554,-3.7158,-2.8759,-2.2461,-1.4301,-0.70853,-0.25781,0.22165,0.54907,0.71235,0.72974,0.60877,0.32547,0.0092664,-0.54644,-1.2586,-2.1273,-2.87,-3.9809,-5.2505,-6.327,-7.9874,-9.9954,-11.859,-15.071,-19.676,-24.106,-21.182,-16.044,-12.471,-10.481,-8.4553,-6.9346,-6.0152,-4.988,-4.1087,-3.2879,-2.671,-1.7956,-0.83513,-0.067732,0.99453,2.0742,3.1145,3.8551,4.7622,5.5564,6.0683,6.6331,7.0693,7.3142,7.536,7.6382,7.609,7.497,7.2181,6.7881,6.3584,5.6431,4.7499,3.9436,2.6536,1.0659,-0.874,-2.568,-5.0136,-6.894,-6.9849,-5.4111,-3.3352,-1.5033,-0.37842,0.81982,1.7118,2.2167,2.6968,2.9666,3.0388,2.9581,2.6681,2.1679,1.6593,0.7882,-0.35775,-1.4274,-3.1797,-5.4093,-7.5138,-11.102,-15.966,-20.603,-18.916,-14.938,-12.375,-11.248,-10.56,-10.622,-11.343,-12.333,-14.464,-18.016,-21.808,-21.725,-16.291,-13.385,-10.71,-8.8629,-7.4397,-6.514,-5.3847,-4.3532,-3.6227,-2.7175,-1.9057,-1.3794,-0.83093,-0.47,-0.29459,-0.26637,-0.31209,-0.40154,-0.47438,-0.56063,-0.65317,-0.80544,-0.99156,-1.3829,-1.9786,-2.5653,-3.5634,-4.7589,-5.7078,-6.8386,-7.535,-7.6454,-7.4278,-6.9675,-6.4405,-6.0546,-5.5508,-5.052,-4.6396,-4.0389,-3.4259,-2.8554,-2.4717,-2.0486,-1.7391,-1.5956,-1.5456,-1.6505,-1.9212
-28.787,-29.908,-20.876,-15.708,-12.849,-9.7769,-7.2252,-5.5695,-3.6527,-2.0159,-0.6548,0.21076,1.1805,1.9414,2.3828,2.8047,3.06,3.144,3.1257,2.9678,2.6843,2.4026,1.9458,1.4212,0.99525,0.4021,-0.19701,-0.6423,-1.2195,-1.757,-2.2704,-2.6418,-3.1251,-3.6268,-4.035,-4.6283,-5.2991,-6.0321,-6.6159,-7.3389,-7.8554,-7.996,-7.7678,-7.0214,-6.2626,-5.13,-3.9772,-2.8845,-2.1214,-1.1923,-0.36094,0.17607,0.77936,1.2466,1.5053,1.7077,1.7483,1.6175,1.4139,0.98611,0.38449,-0.17952,-1.0745,-2.121,-3.3,-4.2678,-5.6501,-7.1317,-8.28,-9.8429,-11.428,-12.562,-13.971,-15.022,-15.442,-15.159,-14.087,-12.705,-11.7,-10.587,-9.8562,-9.5425,-9.4646,-9.8662,-10.741,-11.563,-12.176,-10.912,-8.883,-5.9717,-3.3706,-1.1843,0.20617,1.7548,3.0117,3.7874,4.6284,5.2622,5.614,5.9266,6.0715,6.0548,5.943,5.6572,5.2265,4.8117,4.1643,3.4133,2.8071,1.9658,1.1177,0.31692,-0.21323,-0.76498,-1.0749,-1.1226,-0.97028,-0.63583,-0.20151,0.16643,0.6654,1.1363,1.4454,1.7796,2.0039,2.0951,2.1064,1.9985,1.7594,1.4818,0.9731,0.28985,-0.31639,-1.2414,-2.2653,-3.0564,-4.0935,-5.0009,-5.6705,-5.9924,-6.2107,-6.2942,-6.3666,-6.5475,-6.8439,-7.2995,-7.741,-8.4114,-8.9651,-9.1601,-8.8803,-7.9534,-7.0175,-5.6926,-4.4352,-3.3771,-2.7042,-1.9587,-1.3715,-1.046,-0.80614,-0.7971,-0.95603,-1.4188,-2.2047,-3.3804,-4.5636,-6.5131,-8.5778,-9.5039,-9.0568,-7.4759,-5.9791,-5.1962,-4.65,-4.6855,-5.1158,-6.2973,-8.304,-10.606,-15.334,-19.836,-14.66,-11.099,-7.9402,-5.8703,-4.7606,-3.6481,-2.8413,-2.391,-1.9597,-1.6609,-1.4687,-1.3984,-1.3761,-1.4171,-1.4718,-1.5712,-1.6768,-1.7739
-26.51,-26.516,-21.602,-16.519,-13.381,-9.8726,-6.9689,-5.1076,-3.0018,-1.2603,0.15107,1.0094,1.9225,2.618,2.9976,3.3328,3.4748,3.463,3.3052,3.0034,2.5762,2.1711,1.5327,0.78609,0.18531,-0.65741,-1.4973,-2.1069,-2.8752,-3.5645,-4.1622,-4.5353,-4.9642,-5.37,-5.6988,-6.2484,-7.0523,-8.2401,-9.5176,-12.105,-16.953,-25.939,-21.253,-12.531,-8.9803,-5.6531,-3.2412,-1.3734,-0.23536,1.001,1.9656,2.5317,3.1065,3.4702,3.6138,3.6272,3.4465,3.0571,2.6337,1.8793,0.9153,0.046442,-1.3149,-2.8764,-4.665,-6.135,-8.2505,-10.424,-11.979,-13.789,-14.987,-15.418,-15.385,-14.889,-13.996,-13.198,-12.043,-10.98,-10.307,-9.5928,-9.0949,-8.8646,-8.8426,-9.3191,-10.303,-11.284,-12.174,-11.291,-9.5066,-6.7622,-4.2466,-2.099,-0.74284,0.76168,1.9644,2.7125,3.5358,4.1798,4.5435,4.853,4.9616,4.8766,4.6975,4.2996,3.7194,3.1601,2.2614,1.2286,0.42316,-0.59004,-1.413,-1.9685,-2.1862,-2.2609,-2.1498,-1.9999,-1.7428,-1.4589,-1.1872,-0.98349,-0.69081,-0.36181,-0.10161,0.25845,0.61193,0.85965,1.1589,1.3997,1.5323,1.5482,1.4788,1.307,1.1252,0.80985,0.42676,0.095976,-0.38272,-0.84442,-1.2539,-1.5412,-1.8965,-2.2306,-2.4331,-2.5864,-2.6188,-2.5762,-2.518,-2.3675,-2.0806,-1.77,-1.2659,-0.70331,-0.26345,0.33186,0.94307,1.4925,1.829,2.1506,2.3293,2.3668,2.2706,1.9655,1.5721,0.80661,-0.2546,-1.6637,-2.96,-5.0549,-7.1975,-8.1022,-7.4388,-5.6367,-3.9202,-2.8866,-1.9064,-1.3495,-1.1518,-1.124,-1.2837,-1.4703,-1.6743,-1.6816,-1.4574,-1.1539,-0.66218,-0.17156,0.11924,0.37322,0.46104,0.41187,0.17268,-0.23379,-0.77168,-1.2442,-1.9368,-2.6394,-3.1164,-3.6412,-3.9612,-4.0648
-11.615,-11.35,-10.086,-8.153,-6.5757,-4.5393,-2.7032,-1.4584,-0.01676,1.1633,2.0977,2.6521,3.1832,3.5044,3.6208,3.6322,3.4856,3.272,2.8541,2.2868,1.5584,0.89702,-0.15359,-1.4031,-2.471,-4.0702,-5.7815,-7.0729,-8.6083,-9.705,-10.239,-10.256,-9.9161,-9.2805,-8.69,-7.8901,-7.2356,-6.7316,-6.5114,-6.29,-5.9938,-5.5818,-4.7077,-3.4181,-2.2677,-0.68877,0.79627,2.101,2.9497,3.8984,4.6533,5.0765,5.4785,5.6757,5.6978,5.5434,5.1858,4.6043,4.0172,3.0175,1.7515,0.60849,-1.2038,-3.3901,-6.0182,-8.3089,-11.912,-16.276,-20.403,-27.825,-44.861,-31.255,-24.084,-19.677,-16.396,-14.295,-12.038,-10.211,-9.0898,-7.8356,-6.7827,-6.1184,-5.473,-4.9943,-4.6308,-4.3543,-3.9328,-3.4209,-2.9817,-2.3008,-1.5334,-0.75279,-0.19753,0.49998,1.1695,1.6548,2.2694,2.8173,3.1758,3.5412,3.7374,3.7231,3.5532,3.0744,2.2839,1.4398,-0.075105,-2.1774,-4.2656,-7.9429,-12.443,-13.116,-10.571,-7.6545,-5.8459,-5.0505,-4.5424,-4.4469,-4.6156,-4.8495,-5.127,-5.1311,-4.8239,-4.0613,-3.0437,-2.2573,-1.3061,-0.5062,0.12346,0.48095,0.85294,1.1241,1.247,1.2807,1.1747,1.0293,0.73438,0.31733,-0.21823,-0.67329,-1.3527,-2.052,-2.5037,-2.8655,-2.8322,-2.378,-1.7841,-0.82613,0.20872,0.96745,1.9283,2.7924,3.3688,4.0352,4.5832,5.0162,5.264,5.4646,5.517,5.4608,5.2721,4.9626,4.6472,4.1279,3.5196,2.8904,2.4437,1.9284,1.5853,1.4706,1.556,1.8857,2.3563,2.7489,3.2736,3.7531,4.0666,4.4026,4.6594,4.799,4.9341,5.031,5.0817,5.0786,5.0048,4.8293,4.6227,4.2053,3.599,3.0041,1.9778,0.6544,-1.0152,-2.5143,-4.8825,-7.6679,-9.8546,-12.043,-12.346,-11.394
-3.7673,-3.073,-2.0787,-1.0573,-0.3174,0.64352,1.517,2.0877,2.7072,3.1375,3.3633,3.4111,3.3101,3.0185,2.6852,2.1445,1.5329,1.0683,0.45142,-0.20655,-0.9581,-1.6423,-2.7789,-4.335,-5.8713,-8.6107,-12.502,-16.643,-25.918,-29.139,-23.712,-23.123,-23.302,-19.389,-15.486,-11.279,-8.135,-5.7695,-4.3366,-2.789,-1.51,-0.65256,0.41325,1.4157,2.1344,3.0327,3.8613,4.6094,5.1035,5.6683,6.099,6.3381,6.5405,6.5951,6.5349,6.3128,5.9178,5.3246,4.7433,3.7685,2.5408,1.4383,-0.3228,-2.4537,-4.9919,-7.2501,-10.851,-15.197,-18.993,-25.032,-30.397,-27.694,-22.463,-18.431,-15.189,-13.133,-10.966,-9.2452,-8.0707,-6.6491,-5.3847,-4.5897,-3.7447,-3.0133,-2.3883,-2.0223,-1.7089,-1.5692,-1.5534,-1.6491,-1.8988,-2.3468,-2.759,-3.2288,-3.3262,-3.0396,-2.2206,-1.1393,-0.32617,0.6624,1.4603,1.999,2.1819,2.1319,1.7498,1.2493,0.27783,-1.0854,-2.3759,-4.2268,-5.675,-6.1285,-5.8834,-5.2593,-4.7724,-4.6968,-5.1192,-6.2584,-8.2698,-10.636,-16.226,-37.433,-19.605,-12.187,-8.5417,-6.7427,-5.0495,-3.9092,-3.0257,-2.445,-1.7658,-1.1951,-0.85058,-0.49159,-0.23181,-0.13602,-0.17705,-0.49052,-1.14,-1.8758,-3.2738,-5.3965,-7.8437,-13.491,-18.968,-10.509,-6.4758,-2.8023,-0.22599,1.2501,2.7959,4.0039,4.7474,5.5495,6.1162,6.4868,6.6584,6.766,6.7218,6.5771,6.2538,5.7995,5.3902,4.7682,4.0783,3.3811,2.9265,2.4981,2.3497,2.4321,2.7868,3.3669,4.0987,4.682,5.4446,6.1522,6.6366,7.1916,7.6317,7.8942,8.1494,8.2909,8.3155,8.2568,8.054,7.7,7.3274,6.6646,5.7776,4.9564,3.6258,1.9514,-0.14139,-2.0321,-5.0773,-8.7952,-11.876,-15.07,-15.521,-15.218
-0.59966,0.34802,1.4046,2.2603,2.7774,3.342,3.7609,3.9522,4.0313,3.8968,3.5122,3.0266,2.1159,0.85066,-0.3575,-2.3273,-4.4845,-5.8312,-6.4933,-5.8701,-4.9728,-4.4877,-4.3108,-4.6538,-5.2527,-6.4731,-8.0679,-9.3768,-10.952,-12.054,-12.675,-12.892,-12.646,-11.318,-9.6351,-7.1358,-4.8521,-2.9109,-1.707,-0.33614,0.76459,1.4377,2.2111,2.8677,3.2888,3.7908,4.2222,4.5987,4.8453,5.1182,5.3353,5.4548,5.5363,5.5395,5.4821,5.3258,5.0641,4.6994,4.3423,3.7353,2.9566,2.2595,1.1678,-0.11603,-1.6053,-2.8251,-4.5342,-6.2725,-7.5254,-8.9578,-10.014,-10.509,-10.774,-10.825,-10.644,-10.488,-10.183,-9.568,-8.8389,-7.534,-6.1059,-5.0708,-3.8115,-2.7326,-1.9535,-1.5608,-1.3078,-1.3543,-1.6078,-2.3148,-3.5289,-5.4101,-7.4457,-11.799,-22.58,-23.375,-11.824,-7.0963,-4.8083,-2.6035,-1.0372,0.11043,0.74838,1.3536,1.6695,1.7378,1.6628,1.4368,1.1835,0.77997,0.36104,-0.034091,-0.3112,-0.71833,-1.2378,-1.7008,-2.4589,-3.5129,-4.8242,-5.8385,-7.0689,-7.9719,-8.3363,-8.3447,-8.1175,-8.0496,-8.1075,-8.2741,-8.3577,-8.2009,-7.6176,-6.6359,-5.7729,-4.5072,-3.3669,-2.6837,-2.0024,-1.6015,-1.49,-1.5965,-1.9999,-2.6227,-3.1496,-3.6137,-3.4872,-2.579,-1.5229,0.029971,1.4981,2.4752,3.6029,4.5049,5.0379,5.5897,5.9723,6.1914,6.2399,6.1687,5.953,5.6915,5.1785,4.4585,3.7691,2.6312,1.1916,-0.63861,-2.2998,-4.6681,-5.9775,-5.1876,-2.7247,-0.21231,1.8948,3.2219,4.7103,5.9216,6.6705,7.4949,8.1409,8.5207,8.8996,9.1254,9.2088,9.1841,9.0382,8.7389,8.4144,7.8394,7.0904,6.4061,5.3292,4.055,2.5782,1.3421,-0.42348,-2.272,-3.6705,-5.5333,-7.4037,-9.2935
1.2042,1.7547,2.3761,2.8692,3.1678,3.4495,3.5801,3.5694,3.403,3.0427,2.4502,1.8064,0.64877,-0.912,-2.429,-5.0642,-8.5217,-11.097,-11.408,-8.6906,-6.2368,-4.9206,-3.7767,-3.1403,-2.8963,-2.7969,-2.9023,-3.0415,-3.2079,-3.3243,-3.3436,-3.2635,-2.9803,-2.5317,-2.1155,-1.4749,-0.81669,-0.21237,0.16912,0.57035,0.85284,0.96317,1.0008,0.95244,0.87573,0.78552,0.73582,0.7474,0.79506,0.89615,0.98501,1.0354,1.0561,1.0502,1.0329,1.0223,1.0328,1.0767,1.1113,1.1428,1.1011,0.99405,0.74521,0.35725,-0.15574,-0.6051,-1.3131,-2.1172,-2.7507,-3.6127,-4.5456,-5.3185,-6.4798,-7.8938,-9.8491,-11.964,-16.381,-25.647,-22.329,-13.866,-9.4926,-7.3125,-5.1054,-3.5379,-2.5197,-2.0363,-1.6953,-1.6921,-1.9146,-2.527,-3.4114,-4.4922,-5.4427,-6.7775,-7.7286,-7.9482,-7.6901,-7.0282,-6.2942,-5.1165,-3.8877,-2.7572,-1.9584,-0.97274,-0.15706,0.32477,0.77322,1.0594,1.1951,1.2276,1.1124,0.89721,0.68179,0.30026,-0.20851,-0.66275,-1.3406,-2.1167,-3.0009,-3.7197,-4.7347,-5.7891,-6.6103,-7.8216,-9.2422,-10.537,-12.681,-15.57,-20.479,-28.279,-25.923,-17.394,-13.815,-10.385,-7.8713,-6.4318,-4.9184,-3.7487,-2.8315,-2.3192,-1.8095,-1.4152,-1.1143,-0.71764,-0.33685,0.12251,0.56364,1.1679,1.7172,2.0931,2.5412,2.9019,3.0884,3.207,3.2381,3.202,3.1057,2.8827,2.5648,2.2793,1.8042,1.1717,0.55816,-0.46979,-1.781,-3.4759,-5.0504,-7.3506,-8.5327,-7.6949,-5.1751,-2.5572,-0.35656,1.0195,2.5524,3.7887,4.5489,5.3831,6.045,6.4294,6.811,7.0678,7.2099,7.2469,7.2007,7.0559,6.8768,6.5467,6.1024,5.6795,5.001,4.2124,3.302,2.541,1.4378,0.2421,-0.70039,-2.0059,-3.372,-4.7495
0.91596,1.0944,1.3129,1.5019,1.6153,1.7153,1.7381,1.7017,1.578,1.3356,0.98144,0.62666,0.036549,-0.67004,-1.2347,-1.9879,-2.6328,-2.9618,-3.1142,-2.9421,-2.5462,-2.1828,-1.6871,-1.2179,-0.92127,-0.58793,-0.31229,-0.14837,0.02716,0.18386,0.32327,0.42289,0.54304,0.65343,0.71723,0.75161,0.71609,0.5721,0.37278,-0.050597,-0.68486,-1.3099,-2.3726,-3.6938,-4.8127,-6.2611,-7.2422,-7.3579,-6.9731,-6.337,-5.8662,-5.7321,-5.8877,-6.3545,-6.8056,-7.2223,-7.0123,-6.0936,-5.1372,-3.8406,-2.6897,-1.9927,-1.2846,-0.81124,-0.54356,-0.47319,-0.523,-0.70691,-0.93725,-1.3639,-1.912,-2.4104,-3.2157,-4.1733,-5.2568,-6.0909,-7.1072,-7.6628,-7.5284,-6.7096,-5.561,-4.6606,-3.5676,-2.7296,-2.16,-1.8935,-1.7466,-1.8386,-2.0587,-2.525,-3.1863,-4.0771,-4.8515,-5.9951,-7.3,-8.4227,-10.046,-11.663,-12.526,-12.194,-10.261,-7.8851,-6.2527,-4.4493,-3.0272,-2.1763,-1.3227,-0.7629,-0.49071,-0.30284,-0.27805,-0.41125,-0.59637,-0.91905,-1.3382,-1.7314,-2.334,-2.9628,-3.7101,-4.3675,-5.3463,-6.4563,-7.4075,-8.946,-10.726,-12.203,-14.414,-16.678,-18.562,-19.088,-18.6,-17.014,-15.273,-12.709,-10.481,-9.0566,-7.4067,-6.0632,-5.0098,-4.3543,-3.6241,-3.0171,-2.6325,-2.1719,-1.7492,-1.3431,-1.0868,-0.80663,-0.60382,-0.51401,-0.51766,-0.6582,-0.84237,-1.204,-1.6771,-2.2009,-2.5444,-2.9058,-3.1597,-3.2795,-3.3576,-3.3987,-3.4844,-3.6908,-3.967,-4.2515,-4.4307,-4.5624,-4.425,-4.1039,-3.4117,-2.5285,-1.556,-0.82131,0.090003,0.89441,1.4124,1.974,2.3876,2.607,2.8044,2.9355,3.019,3.0586,3.1084,3.1664,3.2022,3.2154,3.1733,3.0847,2.8691,2.5386,2.0845,1.6666,0.99923,0.22585,-0.41217,-1.3409,-2.3516,-3.4196
-0.59731,-0.6467,-0.6857,-0.69735,-0.68929,-0.65969,-0.58575,-0.5137,-0.4286,-0.37497,-0.37713,-0.40069,-0.49183,-0.65758,-0.80705,-1.006,-1.1791,-1.27,-1.2985,-1.1998,-0.97599,-0.73668,-0.32486,0.15146,0.52469,1.0037,1.4557,1.7593,2.1056,2.3737,2.568,2.661,2.7035,2.6558,2.5596,2.3397,1.9988,1.5133,1.0389,0.21966,-0.88091,-1.9255,-3.7315,-6.222,-8.7998,-13.952,-21.993,-17.145,-13.202,-10.318,-8.9995,-8.7673,-9.3262,-11.087,-13.509,-19.899,-23.913,-14.179,-10.341,-6.9918,-4.7154,-3.4248,-2.0964,-1.0972,-0.35894,0.053234,0.46296,0.71681,0.81697,0.8369,0.74819,0.62145,0.38333,0.087185,-0.23252,-0.46595,-0.7453,-0.90709,-0.95219,-0.93146,-0.82719,-0.70448,-0.55358,-0.4878,-0.47402,-0.51795,-0.67895,-0.96328,-1.2516,-1.7282,-2.3754,-3.1767,-3.8745,-4.9892,-6.4551,-7.8182,-10.043,-12.963,-15.273,-15.246,-11.917,-8.7795,-6.8795,-4.9092,-3.4992,-2.7211,-1.9548,-1.4817,-1.3269,-1.3053,-1.4539,-1.7618,-2.0727,-2.54,-2.9997,-3.328,-3.7661,-4.2086,-4.6399,-4.9994,-5.6034,-6.3987,-7.1513,-8.3894,-10.02,-11.594,-14.346,-18.185,-25.071,-44.271,-24.349,-18.056,-15.07,-12.17,-10.145,-8.9841,-7.7421,-6.8302,-6.2206,-5.8995,-5.5436,-5.2221,-4.9792,-4.6132,-4.1392,-3.6579,-3.3738,-3.1044,-2.9616,-2.9855,-3.2444,-3.8176,-4.4474,-5.5658,-7.1377,-9.1715,-10.808,-12.344,-12.066,-10.984,-9.41,-8.1718,-7.4816,-6.8921,-6.6375,-6.5528,-6.5173,-6.4143,-6.2026,-5.8872,-5.2619,-4.4675,-3.5983,-2.968,-2.2168,-1.6272,-1.3137,-1.08,-1.0812,-1.2131,-1.5416,-1.9893,-2.3985,-2.5619,-2.4545,-1.9852,-1.468,-0.716,-0.033937,0.39204,0.79669,0.97378,0.95438,0.81148,0.46742,-0.036585,-0.50849,-1.2287,-2.0353,-2.9102
-2.9871,-3.3009,-3.7138,-4.0521,-4.2068,-4.1847,-3.9021,-3.537,-2.943,-2.2974,-1.7265,-1.3902,-1.068,-0.9037,-0.90249,-1.0358,-1.2715,-1.4875,-1.7478,-1.8493,-1.6566,-1.2734,-0.49486,0.4485,1.1993,2.1606,3.0054,3.5484,4.1344,4.5569,4.8173,4.9118,4.9167,4.7821,4.6017,4.2642,3.8239,3.2894,2.8298,2.141,1.3368,0.65095,-0.35939,-1.4792,-2.3431,-3.3691,-4.0704,-4.3503,-4.3069,-4.1556,-4.0944,-4.1816,-4.5146,-5.039,-5.4683,-5.8964,-5.8674,-5.2999,-4.6131,-3.5528,-2.4834,-1.7182,-0.7587,0.11839,0.91782,1.463,2.1039,2.6368,2.9623,3.3131,3.557,3.676,3.7578,3.7659,3.7068,3.6232,3.487,3.3154,3.154,2.9196,2.6668,2.4452,2.1038,1.7558,1.3821,1.0778,0.66058,0.24487,-0.071192,-0.5148,-0.95267,-1.3872,-1.7542,-2.2838,-2.8047,-3.1946,-3.715,-4.0406,-4.1104,-3.9525,-3.4531,-2.7245,-2.1549,-1.4611,-0.87731,-0.58083,-0.40552,-0.45444,-0.64615,-1.1287,-1.8881,-2.8564,-3.6951,-4.9021,-5.9671,-6.4367,-6.5289,-6.1847,-5.6012,-5.1694,-4.7637,-4.6396,-4.6957,-4.9896,-5.5893,-6.1813,-7.1118,-8.1253,-8.936,-9.1181,-8.8597,-8.1561,-7.3904,-6.4818,-5.813,-5.4514,-5.3041,-5.549,-6.1485,-6.8564,-8.0594,-9.1445,-9.44,-8.7844,-7.4286,-6.082,-5.2025,-4.3138,-3.8421,-3.7451,-3.9068,-4.4248,-5.1159,-6.4295,-8.2485,-10.862,-13.434,-16.339,-15.335,-13.054,-10.45,-8.8303,-8.132,-7.7419,-7.9115,-8.7046,-9.6554,-11.137,-12.122,-11.756,-9.9232,-7.6591,-5.7215,-4.5739,-3.4351,-2.7081,-2.4406,-2.4427,-2.8642,-3.4846,-4.8462,-7.0572,-10.553,-14.255,-15.499,-10.089,-6.9354,-3.9573,-1.9233,-0.83604,0.18162,0.80683,1.0825,1.0887,0.85435,0.36883,-0.14807,-1.0073,-1.9834,-3.0236
-6.6686,-7.3659,-8.6848,-10.526,-12.089,-13.259,-11.826,-9.7884,-7.1536,-4.979,-3.3076,-2.4004,-1.5645,-1.1105,-1.0384,-1.3462,-2.1589,-3.1493,-5.1301,-7.9052,-9.5562,-7.8424,-4.091,-0.93247,0.92494,2.8876,4.3599,5.1933,6.0166,6.5478,6.8032,6.8298,6.673,6.312,5.926,5.3077,4.6347,3.995,3.5771,3.1735,2.9176,2.7875,2.6588,2.5496,2.4719,2.3592,2.248,2.1415,2.0551,1.9149,1.7247,1.5387,1.2177,0.83475,0.51015,0.062818,-0.36826,-0.76266,-1.0198,-1.2643,-1.2971,-1.125,-0.60909,0.20424,1.1888,1.9663,2.9485,3.8031,4.3661,5.0029,5.4954,5.7805,6.0698,6.2492,6.3158,6.2986,6.1913,5.949,5.6879,5.2366,4.6598,4.1233,3.3271,2.4862,1.5789,0.91445,0.14189,-0.4487,-0.77024,-1.0393,-1.1232,-1.1025,-1.0736,-0.95064,-0.71712,-0.5298,-0.28866,0.043297,0.33799,0.71312,1.0949,1.4976,1.7448,1.9633,2.0637,2.0364,1.7979,1.3148,0.79951,-0.17956,-1.5614,-3.4095,-5.2416,-8.7145,-14.822,-25.519,-16.942,-10.036,-6.4674,-4.6772,-2.9822,-1.7863,-1.1623,-0.61477,-0.29256,-0.15032,-0.077136,-0.094243,-0.078514,-0.060294,-0.028218,0.079457,0.13827,0.09109,-0.072858,-0.31171,-0.91836,-1.9483,-3.4503,-5.0699,-8.3148,-13.288,-16.864,-12.976,-8.4445,-5.9037,-4.6476,-3.5224,-3.011,-2.9122,-2.9762,-3.2281,-3.5698,-4.1101,-4.5801,-5.0719,-5.4086,-5.583,-5.4374,-5.2452,-4.9018,-4.6076,-4.5773,-4.8728,-5.5452,-6.8409,-8.3442,-11.079,-13.902,-13.669,-10.173,-6.9986,-4.724,-3.5006,-2.3741,-1.7314,-1.5355,-1.6227,-2.0576,-2.6285,-3.6398,-4.8717,-6.1796,-6.87,-6.7191,-5.2763,-3.822,-1.9393,-0.3256,0.62392,1.5429,2.1164,2.3476,2.2965,1.941,1.2449,0.49113,-0.8946,-2.7694,-5.2632
-11.571,-11.836,-12.804,-14.517,-16.254,-17.806,-15.875,-13.3,-9.9807,-7.3279,-5.2919,-4.054,-2.8166,-2.0525,-1.7596,-1.7349,-2.2021,-2.8731,-4.16,-5.6258,-6.1623,-5.1346,-2.6517,-0.11607,1.5344,3.3183,4.6845,5.4658,6.1949,6.5807,6.6454,6.4746,5.9404,5.049,4.1273,2.5447,0.61048,-1.3778,-2.3895,-2.3821,-1.1087,0.026211,1.3498,2.3656,2.9391,3.479,3.817,3.9936,4.0302,3.9695,3.7854,3.5674,3.1681,2.6337,2.1319,1.3101,0.24925,-1.1478,-2.4911,-4.8391,-7.9095,-9.9809,-9.1157,-5.7047,-2.7556,-1.0558,0.65777,1.9356,2.6812,3.4437,4.0386,4.4146,4.8363,5.1717,5.4101,5.5068,5.4821,5.2676,4.9695,4.3361,3.4059,2.5172,1.0283,-0.88876,-3.1114,-4.8632,-6.925,-7.9855,-7.9468,-7.3604,-6.6902,-6.0489,-5.4689,-4.5918,-3.6466,-2.8939,-1.8073,-0.83128,-0.18367,0.61966,1.2737,1.7431,1.9975,2.2045,2.189,2.0506,1.7024,1.1006,0.48026,-0.53236,-1.7455,-3.1947,-4.3427,-5.8052,-7.0292,-7.3982,-6.9329,-5.7076,-4.0749,-2.8834,-1.4444,-0.19193,0.59212,1.4352,2.1157,2.5121,2.9225,3.244,3.4698,3.5707,3.6617,3.6926,3.6338,3.4919,3.2367,2.9286,2.3954,1.6905,0.79159,0.056819,-0.92828,-1.8045,-2.2427,-2.454,-2.4833,-2.393,-2.3989,-2.7127,-3.2739,-3.8374,-4.7789,-5.6425,-5.9833,-6.0087,-5.6276,-4.9239,-4.3473,-3.7177,-3.1587,-2.7961,-2.4742,-2.3017,-2.253,-2.3577,-2.6621,-3.029,-3.3429,-3.7129,-3.8264,-3.6982,-3.3003,-2.69,-2.0807,-1.7093,-1.4138,-1.4121,-1.5885,-2.0612,-2.7697,-3.39,-4.1338,-4.5663,-4.5502,-4.2255,-3.3941,-2.3294,-1.4627,-0.34399,0.60999,1.2054,1.7897,2.0929,2.1297,1.9867,1.5729,0.90129,0.21772,-0.96584,-2.5342,-4.5098
-13.536,-13.482,-13.867,-14.577,-15.006,-15.002,-14.13,-12.95,-10.931,-8.7427,-6.8124,-5.5761,-4.1654,-3.1203,-2.5533,-2.0255,-1.7066,-1.5689,-1.4087,-1.169,-0.71964,-0.20017,0.68847,1.7218,2.5338,3.5505,4.4145,4.9322,5.4118,5.6128,5.5118,5.2249,4.5158,3.3983,2.2359,0.13306,-2.8513,-7.0518,-10.377,-8.9991,-4.9483,-2.697,-0.55918,0.90735,1.6886,2.4168,2.8687,3.0976,3.1447,3.0682,2.8588,2.6246,2.2201,1.7031,1.2425,0.48865,-0.47694,-1.7052,-2.8507,-4.7482,-6.8614,-7.9992,-7.6634,-5.7872,-3.8497,-2.7091,-1.6576,-1.0472,-0.83511,-0.73773,-0.63053,-0.41661,0.11135,0.87108,1.6751,2.184,2.6305,2.7898,2.6663,2.1489,1.2092,0.20413,-1.6927,-4.2967,-7.8936,-11.715,-18.984,-20.687,-17.342,-15.096,-14.909,-15.864,-16.126,-14.337,-11.253,-9.0585,-6.5334,-4.5521,-3.4041,-2.1606,-1.168,-0.47799,-0.11294,0.2049,0.26545,0.13492,-0.23919,-0.88524,-1.5643,-2.6723,-4.0233,-5.5407,-6.6073,-7.6397,-7.9993,-7.7439,-6.7285,-5.3605,-3.9578,-2.9195,-1.6206,-0.49342,0.25658,1.1422,1.885,2.3444,2.8571,3.2786,3.5848,3.7614,3.9404,3.9963,3.994,3.9462,3.7964,3.6226,3.3544,3.0246,2.6142,2.2962,1.8497,1.3729,1.0263,0.53315,-0.079396,-0.76989,-1.4597,-2.7338,-4.4439,-6.1923,-9.6801,-15.717,-24.602,-17.361,-11.147,-7.8954,-6.2101,-4.6519,-3.6546,-3.1016,-2.6059,-2.377,-2.3101,-2.314,-2.4411,-2.5704,-2.6271,-2.6648,-2.5731,-2.4105,-2.1542,-1.8894,-1.6782,-1.6108,-1.7283,-2.1514,-2.7172,-3.9103,-5.7595,-7.7183,-11.495,-15.619,-13.018,-9.5307,-6.1241,-3.7345,-2.4021,-1.056,-0.15663,0.26192,0.56336,0.55629,0.28976,-0.02456,-0.55532,-1.1199,-1.5081,-1.9108,-2.206,-2.3543
-10.796,-11.523,-13.163,-15.833,-19.111,-29.006,-23.885,-17.402,-12.381,-9.2191,-6.8533,-5.4531,-4.0618,-3.0281,-2.4596,-1.9611,-1.6447,-1.4852,-1.2981,-1.0189,-0.54209,-0.040738,0.81231,1.8087,2.566,3.5286,4.362,4.859,5.3296,5.5679,5.5429,5.3546,4.8871,4.1694,3.4946,2.463,1.3875,0.46699,0.010925,-0.23095,-0.023168,0.30845,0.8374,1.34,1.6433,1.9345,2.0607,2.0222,1.8798,1.5673,1.1492,0.7926,0.32699,-0.066257,-0.29104,-0.48909,-0.6155,-0.73257,-0.83249,-0.97869,-1.0962,-1.118,-1.0486,-0.90722,-0.82866,-0.90182,-1.2973,-2.2437,-3.4453,-5.9793,-10.087,-12.899,-9.3403,-4.7997,-1.8059,-0.27414,1.1088,1.8817,2.1143,2.0403,1.5385,0.88238,-0.29161,-1.816,-3.6437,-5.0342,-6.8626,-8.4698,-9.536,-11.113,-13.049,-15.477,-16.969,-15.662,-12.77,-10.564,-8.2124,-6.4843,-5.3551,-4.1269,-3.1697,-2.354,-1.8716,-1.4485,-1.211,-1.2057,-1.4745,-2.0224,-2.6856,-4.018,-5.9249,-8.7277,-11.967,-19.946,-23.623,-15.017,-9.8653,-6.7556,-4.6044,-3.3754,-2.0612,-1.0289,-0.3922,0.35719,0.98795,1.4202,1.9465,2.383,2.7436,2.9749,3.1797,3.2902,3.3314,3.3066,3.2363,3.1888,3.1034,3.0318,2.9869,2.9315,2.8359,2.702,2.5361,2.2155,1.7931,1.1329,0.50772,-0.49474,-1.8152,-2.9551,-4.5778,-6.1313,-6.7783,-6.8345,-6.146,-5.0919,-4.4238,-3.6309,-3.0323,-2.763,-2.5771,-2.6058,-2.8031,-3.2212,-3.7571,-4.3724,-4.7212,-4.8386,-4.5095,-4.0034,-3.1242,-2.2784,-1.6031,-1.2551,-1.0451,-1.1526,-1.4798,-2.2447,-3.3998,-4.509,-6.1023,-6.9763,-6.3417,-5.1172,-3.2679,-1.7003,-0.78177,0.064467,0.54047,0.63268,0.38902,-0.2585,-1.3409,-2.4582,-4.2539,-6.0182,-6.7099,-6.1757,-4.6365,-3.0358
-5.6281,-6.209,-7.1583,-8.2227,-9.0033,-9.5415,-9.1658,-8.3292,-6.7972,-5.2652,-3.9692,-3.1453,-2.3294,-1.8214,-1.6397,-1.7057,-2.1531,-2.7262,-3.7788,-4.8304,-5.0302,-4.1919,-2.157,0.060632,1.5219,3.1407,4.3966,5.1012,5.7466,6.0953,6.1713,6.0613,5.7294,5.2037,4.7198,3.9915,3.2415,2.5325,2.076,1.5891,1.2808,1.1673,1.1248,1.1497,1.1866,1.1863,1.0545,0.72245,0.32151,-0.47631,-1.6143,-2.6689,-4.1641,-5.187,-5.1501,-4.0172,-2.409,-0.93514,-0.012362,0.97589,1.7048,2.1022,2.4444,2.5917,2.519,2.2893,1.7262,0.8018,-0.12436,-1.6259,-3.0891,-3.5735,-2.8509,-1.1707,0.54854,1.6161,2.7179,3.4139,3.71,3.8391,3.6552,3.3341,2.7227,1.8601,0.8794,0.061479,-1.1259,-2.3223,-3.2281,-4.4651,-5.5889,-6.6355,-7.2109,-7.6372,-7.8813,-7.8257,-7.591,-7.2981,-6.9041,-6.1708,-5.3778,-4.4443,-3.736,-2.9508,-2.2886,-1.904,-1.6529,-1.6743,-1.8711,-2.4547,-3.3016,-4.4136,-5.3377,-6.2184,-6.383,-5.9586,-4.8791,-3.8172,-2.9577,-2.4617,-2.0362,-1.7811,-1.6411,-1.4489,-1.141,-0.78015,-0.17247,0.44435,1.0099,1.3246,1.5548,1.6259,1.5536,1.3095,1.0596,0.93641,0.89636,1.1061,1.5572,1.9543,2.4939,2.971,3.2237,3.4156,3.4445,3.2379,2.9839,2.4878,1.8006,1.2356,0.43805,-0.4011,-0.94224,-1.5434,-2.0303,-2.2704,-2.3756,-2.412,-2.3021,-2.2464,-2.2875,-2.5185,-2.9307,-3.9531,-5.6526,-8.5268,-11.953,-17.341,-12.505,-8.4767,-4.8523,-2.4528,-0.8158,0.043404,0.83285,1.2854,1.4407,1.4693,1.3495,1.2382,1.1426,1.1488,1.3607,1.618,2.0392,2.4656,2.7364,2.935,2.9065,2.7157,2.1337,1.1492,-0.37999,-1.9906,-5.0246,-9.394,-12.111,-9.0567,-4.9671,-2.1532
-2.0502,-2.269,-2.5773,-2.8996,-3.1018,-3.2459,-3.266,-3.1515,-2.8959,-2.5279,-2.121,-1.8459,-1.5172,-1.3491,-1.3858,-1.7056,-2.4931,-3.5096,-5.7176,-9.4785,-13.141,-10.136,-4.8392,-1.2037,0.75463,2.6861,4.0193,4.7118,5.2969,5.5269,5.4581,5.2306,4.7081,3.9877,3.3213,2.3045,1.1768,-0.014763,-0.89298,-1.9079,-2.6489,-2.9347,-2.9343,-2.6207,-2.2912,-1.8997,-1.6784,-1.7422,-2.0348,-2.8405,-4.3009,-6.0024,-9.5961,-15.316,-15.023,-8.6392,-4.3852,-1.5351,0.044012,1.6287,2.7879,3.4284,4.0402,4.3926,4.5207,4.4823,4.2689,3.931,3.6169,3.1834,2.8654,2.7336,2.7608,2.9924,3.3601,3.6768,4.0812,4.3967,4.5692,4.6562,4.5885,4.4322,4.0498,3.5314,2.8537,2.2405,1.3494,0.33671,-0.47047,-1.5977,-2.8346,-4.0731,-5.075,-6.5642,-8.083,-9.4685,-11.512,-13.327,-14.279,-13.918,-11.919,-9.7187,-8.2299,-6.3897,-4.8792,-3.9496,-2.8948,-2.151,-1.7504,-1.378,-1.2473,-1.2368,-1.2696,-1.375,-1.405,-1.4514,-1.533,-1.7075,-2.087,-2.5621,-3.5679,-5.0624,-6.4997,-8.6104,-9.352,-8.2776,-5.9964,-3.959,-2.5297,-1.8908,-1.5022,-1.6675,-2.195,-3.3817,-5.2143,-6.8958,-8.1798,-6.7886,-4.1763,-2.3301,-0.33858,1.1267,1.9756,2.8032,3.2917,3.5666,3.5976,3.4156,3.0538,2.6177,1.8551,0.88792,-0.032673,-1.431,-3.0441,-4.7475,-5.6507,-5.9637,-5.2359,-4.3703,-3.3653,-2.7615,-2.5901,-2.8369,-3.5573,-4.6187,-5.4773,-5.9429,-5.169,-3.9669,-2.1973,-0.66187,0.55442,1.2618,1.9688,2.4526,2.7109,2.9335,3.0701,3.147,3.2575,3.3781,3.5455,3.6946,3.8953,4.0852,4.1883,4.2717,4.2156,4.0733,3.7435,3.2172,2.5236,1.9314,1.1346,0.50471,0.26134,0.34393,0.7936,1.4011
-1.5733,-1.5837,-1.7032,-1.9194,-2.132,-2.5095,-2.9267,-3.2585,-3.6671,-3.9537,-3.9623,-3.7783,-3.317,-2.7261,-2.3035,-1.8634,-1.6075,-1.5483,-1.5544,-1.5026,-1.1743,-0.6676,0.30098,1.3926,2.1638,3.0182,3.6092,3.8681,3.9584,3.7614,3.2812,2.7467,1.8063,0.61697,-0.43449,-2.0583,-3.9613,-6.2266,-8.2436,-11.474,-15.085,-16.232,-13.783,-10.611,-8.7644,-6.9158,-5.6228,-4.777,-4.4091,-4.2043,-4.2442,-4.3673,-4.51,-4.375,-3.958,-2.9602,-1.6433,-0.26443,0.71002,1.8711,2.8224,3.3979,3.979,4.3506,4.5232,4.5356,4.407,4.1352,3.8558,3.4293,2.9763,2.6606,2.32,2.1254,2.1042,2.2048,2.4391,2.7572,2.978,3.1994,3.3044,3.2812,3.0991,2.7525,2.2096,1.7125,0.90995,-0.037474,-0.83486,-2.01,-3.3119,-4.7694,-6.0129,-7.8802,-10.144,-12.223,-15.684,-20.402,-24.244,-23.099,-18.989,-15.75,-13.7,-11.219,-8.9407,-7.4157,-5.6592,-4.1675,-3.2701,-2.3111,-1.6144,-1.1354,-0.89213,-0.72988,-0.73147,-0.81195,-1.1082,-1.586,-2.3189,-3.101,-4.4964,-6.522,-8.5229,-11.69,-13.314,-11.685,-8.6138,-6.2428,-4.7443,-4.0681,-3.6788,-3.9442,-4.5124,-5.8792,-8.0572,-10.092,-12.039,-10.293,-7.0465,-4.9622,-2.7684,-1.1023,-0.12423,0.90066,1.6541,2.171,2.3943,2.5038,2.3692,2.0881,1.4476,0.4731,-0.56374,-2.465,-5.2333,-9.6338,-14.932,-16.45,-9.548,-6.5249,-3.9465,-2.3738,-1.6371,-1.0181,-0.73477,-0.62199,-0.58385,-0.50444,-0.30627,-0.10115,0.23533,0.58329,0.87828,1.0563,1.2175,1.3032,1.3252,1.3224,1.3119,1.3019,1.305,1.3968,1.5478,1.7194,2.0211,2.3569,2.6074,2.9089,3.1498,3.2563,3.3126,3.2535,3.1001,2.9317,2.6731,2.4178,2.2508,2.0568,1.9245,1.8294
-2.4359,-2.223,-2.1583,-2.3442,-2.6712,-3.3992,-4.4941,-5.6351,-7.6163,-10.121,-11.887,-11.136,-8.3578,-5.6461,-3.9861,-2.255,-0.94422,-0.16957,0.66226,1.3474,1.9287,2.3257,2.7991,3.1787,3.3942,3.5351,3.4855,3.2985,2.828,2.1041,1.1049,0.1774,-1.2968,-3.0405,-4.4925,-6.5838,-8.8309,-11.176,-13.069,-15.695,-17.97,-18.405,-16.596,-13.837,-11.957,-9.9069,-8.2696,-7.0122,-6.2369,-5.4121,-4.7337,-4.2794,-3.6839,-3.0389,-2.4936,-1.681,-0.79515,0.13671,0.82188,1.6894,2.4512,2.9297,3.4225,3.7372,3.8529,3.8041,3.5508,3.0634,2.5513,1.667,0.54391,-0.41724,-1.7479,-2.8408,-3.2258,-2.9278,-1.9838,-0.86037,-0.11247,0.69472,1.2088,1.4013,1.4464,1.2042,0.74264,0.257,-0.5814,-1.5648,-2.4086,-3.6078,-4.8668,-6.2293,-7.24,-8.7094,-10.326,-11.557,-13.535,-15.42,-16.984,-19.132,-21.351,-23.28,-21.649,-16.945,-12.956,-10.451,-7.8275,-5.8063,-4.5839,-3.339,-2.4003,-1.7427,-1.4252,-1.145,-1.0897,-1.1345,-1.3289,-1.6715,-2.1554,-2.6033,-3.2661,-3.9907,-4.494,-5.0206,-5.2058,-5.1315,-4.7936,-4.308,-3.8925,-3.6639,-3.5471,-3.6739,-3.8791,-4.3487,-4.8025,-5.1312,-5.3253,-5.1683,-4.7147,-4.1978,-3.4371,-2.6117,-1.9809,-1.1588,-0.33093,0.37766,0.83434,1.3339,1.6033,1.6903,1.5872,1.2443,0.84599,0.092426,-0.75083,-1.5939,-2.0073,-2.0957,-1.6564,-1.103,-0.33171,0.37442,0.77651,1.1632,1.3678,1.4126,1.3799,1.2359,1.0278,0.83078,0.50539,0.1297,-0.28907,-0.62621,-1.092,-1.5557,-1.9063,-2.3634,-2.8018,-3.1117,-3.4608,-3.6279,-3.5164,-3.2022,-2.5046,-1.6121,-0.89736,-0.022687,0.74756,1.218,1.6779,1.9713,2.0905,2.0714,1.9267,1.653,1.3844,0.94264,0.45129,-0.054879
-3.755,-3.2413,-2.8596,-2.8146,-3.0174,-3.5859,-4.606,-5.6988,-7.6753,-10.219,-12.07,-11.268,-8.259,-5.3488,-3.5699,-1.662,-0.18124,0.71603,1.6765,2.4197,2.9744,3.2833,3.5503,3.649,3.6071,3.3768,2.9346,2.4462,1.5605,0.39232,-1.0987,-2.4447,-4.5623,-7.0889,-9.2638,-12.479,-15.74,-18.015,-18.612,-18.275,-17.391,-16.596,-15.37,-14.008,-12.983,-11.625,-10.39,-9.2804,-8.5382,-7.6744,-6.9306,-6.4239,-5.7567,-5.0617,-4.487,-3.6294,-2.6754,-1.6603,-0.89765,0.065341,0.93137,1.4873,2.0669,2.4408,2.5858,2.5271,2.2149,1.6028,0.92095,-0.36378,-2.1868,-4.0691,-7.7411,-14.623,-28.19,-13.881,-7.8023,-4.6128,-3.0592,-1.6497,-0.81474,-0.4845,-0.3881,-0.65361,-1.2261,-1.8813,-2.9929,-4.3604,-5.5154,-7.089,-8.546,-9.6398,-10.182,-10.714,-11.136,-11.514,-12.225,-13.177,-14.103,-15.669,-17.465,-18.53,-17.684,-14.889,-11.873,-9.9472,-7.7713,-6.078,-5.065,-4.0175,-3.2755,-2.7924,-2.5816,-2.4561,-2.4742,-2.5805,-2.7619,-3.0184,-3.2818,-3.4666,-3.7183,-3.9007,-4.0186,-4.1116,-4.1194,-4.0813,-3.9817,-3.8767,-3.7736,-3.7228,-3.7476,-3.8183,-3.9599,-4.21,-4.5322,-4.8271,-5.241,-5.6817,-6.1466,-6.4593,-6.7573,-6.7088,-6.3273,-5.39,-4.0966,-2.7301,-1.7436,-0.59723,0.32737,0.88227,1.4344,1.7744,1.9303,2.0199,2.0244,2.0052,2.0027,2.0584,2.1556,2.2595,2.4002,2.5016,2.5417,2.4878,2.3279,2.031,1.7199,1.181,0.47604,-0.15182,-1.1408,-2.2864,-3.5541,-4.5461,-5.8185,-6.9086,-7.5789,-8.3536,-9.2121,-10.029,-11.527,-13.599,-14.925,-13.953,-10.88,-7.8568,-5.9943,-4.0006,-2.5073,-1.6324,-0.76669,-0.20379,0.070735,0.10553,-0.085727,-0.55089,-1.0857,-2.0202,-3.2083,-4.5417
-4.5706,-3.9498,-3.3641,-3.0442,-2.9522,-3.0183,-3.2452,-3.4879,-3.8476,-4.0481,-3.9931,-3.6895,-2.9984,-2.0659,-1.304,-0.30458,0.62322,1.2373,1.9379,2.4875,2.8878,3.0818,3.1949,3.1376,2.9626,2.5553,1.9161,1.2782,0.19448,-1.1957,-2.9151,-4.4584,-6.8916,-9.8793,-12.58,-17.079,-23.266,-29.158,-26.686,-22.61,-20.312,-19.085,-17.778,-16.652,-15.821,-14.715,-13.671,-12.702,-12.082,-11.397,-10.91,-10.672,-10.482,-10.265,-9.9238,-9.0297,-7.6059,-5.9203,-4.6321,-3.0426,-1.6879,-0.84953,0.024793,0.61628,0.93207,0.9915,0.83213,0.41285,-0.085632,-0.97255,-2.1169,-3.1084,-4.4825,-5.6206,-6.0444,-5.7843,-4.8743,-3.8123,-3.0791,-2.3254,-1.865,-1.7158,-1.8292,-2.2521,-3.0816,-3.9518,-5.531,-7.7084,-9.8171,-13.675,-18.911,-21.127,-18.274,-14.867,-12.839,-11.948,-11.135,-10.827,-10.674,-10.631,-10.5,-10.225,-9.8215,-9.0209,-8.0911,-7.3249,-6.4127,-5.6046,-5.1372,-4.6858,-4.4559,-4.4586,-4.5738,-4.9287,-5.3826,-5.782,-6.3121,-6.7127,-6.9286,-6.964,-6.8773,-6.6962,-6.5333,-6.3047,-6.1236,-5.9891,-5.8319,-5.7146,-5.6154,-5.5766,-5.5415,-5.5733,-5.654,-5.8254,-6.194,-6.5406,-7.2606,-8.2987,-9.7929,-11.415,-14.524,-19.226,-20.296,-14.726,-10.136,-6.901,-4.9984,-3.027,-1.4469,-0.50829,0.50371,1.2987,1.751,2.2376,2.5733,2.8244,2.9499,3.0522,3.102,3.091,3.0281,2.8755,2.7036,2.3844,1.9439,1.3729,0.83073,-0.044365,-1.1461,-2.1452,-3.7648,-5.8115,-8.4356,-10.893,-14.874,-18.283,-18.172,-16.248,-15.008,-14.833,-15.585,-17.278,-18.628,-17.531,-14.085,-10.83,-8.8695,-6.786,-5.1685,-4.2244,-3.232,-2.5563,-2.1732,-2.089,-2.279,-2.8463,-3.5703,-5.015,-7.2177,-10.632
-4.461,-3.9347,-3.3747,-2.9689,-2.749,-2.5679,-2.4486,-2.3845,-2.2857,-2.145,-1.9055,-1.6549,-1.2171,-0.69336,-0.26007,0.33619,0.91733,1.3261,1.8091,2.2026,2.4872,2.6168,2.6679,2.5593,2.3663,1.9405,1.3036,0.67386,-0.38305,-1.7068,-3.3159,-4.7191,-6.8556,-9.2503,-11.19,-13.856,-16.371,-18.367,-19.48,-20.434,-20.934,-21.16,-21.246,-21.02,-20.497,-19.381,-17.92,-16.483,-15.573,-14.714,-14.41,-14.656,-15.873,-18.696,-22.618,-23.332,-15.763,-10.809,-8.177,-5.5272,-3.5669,-2.4434,-1.3142,-0.55288,-0.1095,0.041194,0.023411,-0.21655,-0.51081,-1.0143,-1.5928,-2.0258,-2.5475,-2.9205,-3.0841,-3.063,-2.8791,-2.5872,-2.3441,-2.0835,-1.9433,-1.9591,-2.1519,-2.6051,-3.3299,-4.0773,-5.3895,-7.0848,-8.6306,-10.959,-13.14,-13.908,-13.324,-11.835,-10.468,-9.6154,-8.7902,-8.1781,-7.8558,-7.4882,-7.1776,-6.8473,-6.5931,-6.2309,-5.8478,-5.577,-5.2527,-5.0501,-4.9851,-5.0698,-5.3762,-5.944,-6.5753,-7.698,-9.2073,-10.525,-12.459,-13.904,-14.13,-13.51,-12.235,-11.11,-10.426,-9.7745,-9.3617,-9.1824,-9.0539,-8.948,-8.8471,-8.7325,-8.5009,-8.2825,-8.0989,-7.973,-7.9621,-8.1135,-8.5215,-9.2369,-10.269,-11.27,-12.791,-13.919,-13.824,-12.125,-9.6968,-7.2868,-5.7019,-3.8586,-2.3003,-1.308,-0.18693,0.72688,1.2929,1.8887,2.3475,2.6597,2.8184,2.9237,2.9253,2.8579,2.6727,2.393,2.1073,1.6503,1.0765,0.3889,-0.21197,-1.1492,-2.26,-3.2477,-4.8073,-6.7327,-9.1257,-11.286,-14.512,-16.899,-16.826,-15.254,-13.738,-12.968,-12.337,-11.919,-11.509,-11.058,-10.3,-9.3859,-8.6459,-7.6447,-6.6412,-5.9028,-4.9906,-4.1883,-3.5657,-3.2663,-3.1124,-3.2836,-3.6444,-4.4652,-5.6462,-7.1026
-4.0024,-3.5451,-3.0656,-2.7159,-2.5368,-2.3852,-2.3089,-2.2717,-2.1848,-2.0686,-1.839,-1.6129,-1.2152,-0.74361,-0.36248,0.16539,0.6724,1.0312,1.4638,1.8388,2.1332,2.2951,2.4205,2.4151,2.3229,2.0442,1.5828,1.0905,0.23685,-0.86931,-2.2446,-3.4578,-5.3227,-7.4434,-9.2128,-11.759,-14.486,-17.246,-19.278,-21.701,-23.61,-24.887,-27.226,-31.261,-33.962,-27.857,-22.154,-18.41,-16.436,-14.585,-13.504,-13.134,-13.108,-13.408,-13.469,-12.612,-10.493,-7.9851,-6.2152,-4.2171,-2.6458,-1.7197,-0.80272,-0.20825,0.089121,0.13572,-0.0063293,-0.36235,-0.72648,-1.3318,-1.9666,-2.4195,-2.9086,-3.1805,-3.2109,-3.0708,-2.7645,-2.3646,-2.0738,-1.7403,-1.5144,-1.4457,-1.4753,-1.703,-2.0607,-2.4612,-3.1006,-3.8446,-4.4231,-5.1533,-5.7226,-6.049,-6.1504,-6.0471,-5.8712,-5.662,-5.485,-5.2869,-5.21,-5.0934,-5.0066,-4.8868,-4.7802,-4.6435,-4.4646,-4.3733,-4.2554,-4.2553,-4.3317,-4.6136,-5.1345,-5.9585,-6.8385,-8.3898,-10.667,-12.944,-17.5,-24.998,-23.808,-19.144,-15.594,-13.621,-12.747,-12.181,-12.06,-12.251,-12.768,-13.355,-13.758,-13.637,-12.893,-11.735,-10.785,-9.7766,-8.9546,-8.6245,-8.3729,-8.4109,-8.6221,-8.8196,-9.0484,-9.0128,-8.777,-8.0459,-7.0362,-5.7151,-4.7099,-3.3456,-2.0795,-1.2183,-0.18464,0.65225,1.1977,1.7665,2.2099,2.4967,2.6298,2.6967,2.6204,2.4835,2.1753,1.7623,1.3763,0.78514,0.12682,-0.57681,-1.1137,-1.8601,-2.6221,-3.2411,-4.1023,-5.0302,-5.9989,-6.7043,-7.5271,-8.1164,-8.338,-8.3908,-8.2864,-8.1778,-8.0576,-8.0409,-8.1394,-8.2848,-8.5915,-9.0108,-9.3264,-9.4875,-9.0963,-8.2961,-6.8334,-5.2802,-3.9225,-3.099,-2.2798,-1.79,-1.616,-1.6245,-1.8345,-2.1754
-3.4672,-2.9716,-2.5212,-2.3045,-2.3086,-2.4776,-2.8265,-3.1453,-3.5313,-3.7156,-3.6029,-3.2988,-2.6936,-1.9749,-1.4329,-0.74947,-0.14059,0.26127,0.74466,1.1789,1.5818,1.874,2.2287,2.5271,2.6804,2.7638,2.6635,2.4514,1.953,1.1898,0.14289,-0.83575,-2.4488,-4.4297,-6.1907,-8.982,-12.493,-17.139,-22.074,-33.738,-29.414,-25.437,-23.266,-22.409,-21.569,-19.369,-16.476,-13.762,-11.994,-10.081,-8.5864,-7.6946,-6.7088,-5.8471,-5.2001,-4.2733,-3.2434,-2.151,-1.3496,-0.37025,0.44085,0.91053,1.3339,1.5182,1.4583,1.2445,0.73683,-0.03015,-0.78864,-2.0326,-3.519,-4.7267,-6.124,-6.744,-6.2432,-5.379,-4.0465,-2.827,-2.0901,-1.3053,-0.76317,-0.49778,-0.32914,-0.3094,-0.42401,-0.57196,-0.79822,-1.0511,-1.2304,-1.4487,-1.6326,-1.7855,-1.8773,-2.0207,-2.1747,-2.3364,-2.5919,-2.919,-3.1849,-3.5635,-3.8828,-4.1123,-4.1752,-4.1023,-3.9007,-3.6998,-3.4473,-3.238,-3.1755,-3.2234,-3.4869,-3.9942,-4.5591,-5.5369,-6.8044,-7.8612,-9.2879,-10.453,-11.141,-11.308,-11.332,-11.365,-11.505,-11.94,-12.72,-13.608,-15.409,-18.728,-25.547,-32.509,-20.385,-14.669,-12.09,-9.7036,-8.1595,-7.4259,-6.8931,-6.7955,-7.0686,-7.4524,-8.0846,-8.6265,-8.7356,-8.2427,-7.0445,-5.498,-4.3146,-2.8063,-1.5236,-0.69578,0.22742,0.96641,1.4087,1.899,2.2521,2.5059,2.6095,2.6318,2.4863,2.2621,1.7945,1.1252,0.51128,-0.44642,-1.4299,-2.3374,-2.865,-3.3259,-3.5324,-3.5732,-3.5861,-3.6002,-3.6369,-3.6761,-3.7203,-3.744,-3.7399,-3.7057,-3.6875,-3.7019,-3.8044,-4.0784,-4.5745,-5.1898,-6.4289,-8.4539,-10.899,-16.959,-25.484,-14.924,-8.5705,-4.8898,-2.4167,-1.0508,0.29654,1.2205,1.6875,2.0732,2.2157,2.1667
-2.5736,-1.9265,-1.4487,-1.4385,-1.7289,-2.5757,-3.957,-5.4031,-7.8894,-10.15,-10.123,-8.5104,-6.167,-4.3449,-3.316,-2.3585,-1.723,-1.4077,-1.1097,-0.82448,-0.38104,0.11013,0.96014,1.9276,2.6181,3.4141,3.9683,4.2107,4.2641,4.0171,3.4517,2.8193,1.6974,0.24579,-1.0603,-3.1003,-5.4571,-8.0443,-9.9306,-11.873,-12.587,-12.408,-11.668,-10.71,-9.881,-8.6817,-7.3279,-5.9468,-4.9427,-3.7101,-2.5882,-1.8181,-0.89693,-0.065295,0.50903,1.241,1.9247,2.5505,2.9576,3.404,3.7215,3.8503,3.867,3.6811,3.2832,2.8398,2.0264,0.92621,-0.1451,-1.9717,-4.5612,-7.3009,-13.493,-27.384,-12.532,-8.1803,-4.7253,-2.5748,-1.4445,-0.39461,0.22997,0.49843,0.61079,0.55911,0.35326,0.22782,0.089968,0.10083,0.18954,0.40314,0.62791,0.7958,0.85691,0.76267,0.49378,0.10668,-0.56066,-1.5474,-2.4074,-3.7907,-5.1902,-6.3055,-6.6466,-6.262,-5.3578,-4.5043,-3.4887,-2.6326,-2.1391,-1.6648,-1.4163,-1.3834,-1.5008,-1.8669,-2.3827,-2.9098,-3.6728,-4.5769,-5.5383,-6.3161,-7.42,-8.6673,-9.653,-10.854,-11.868,-12.318,-12.776,-13.064,-13.098,-12.48,-10.92,-8.7625,-7.3019,-5.5942,-4.4536,-3.8617,-3.567,-3.7924,-4.6318,-5.751,-8.199,-12.592,-18.763,-17.895,-10.05,-5.9167,-3.8594,-1.9052,-0.62482,0.059608,0.6124,0.9861,1.1493,1.3688,1.6169,1.9264,2.1479,2.3301,2.334,2.1352,1.5816,0.57512,-0.49255,-2.4132,-4.939,-7.7881,-9.2333,-8.7211,-6.8707,-5.5464,-4.2208,-3.2854,-2.6088,-2.2069,-1.7434,-1.2974,-0.98551,-0.59644,-0.24639,-0.040101,0.11793,0.12888,-0.071069,-0.3806,-1.033,-1.9126,-2.6699,-3.4491,-3.4209,-2.6398,-0.99911,0.77828,2.3519,3.351,4.4196,5.2181,5.6517,6.0325,6.2033,6.179
-1.1706,-0.56292,-0.16628,-0.25354,-0.6392,-1.6552,-3.3308,-5.0936,-8.3393,-11.893,-12.041,-9.9224,-7.442,-5.7893,-5.0284,-4.4935,-4.4886,-4.8162,-5.7976,-7.3302,-8.4435,-7.5269,-4.3107,-1.1169,0.86286,2.9038,4.3744,5.1448,5.8073,6.0844,6.0198,5.7603,5.1829,4.345,3.5647,2.379,1.0873,-0.2376,-1.1444,-2.2044,-2.9588,-3.3091,-3.4724,-3.3059,-2.999,-2.399,-1.652,-0.8349,-0.22619,0.56978,1.2991,1.7971,2.4047,2.9613,3.353,3.8447,4.2917,4.6697,4.8997,5.098,5.1391,5.0579,4.7793,4.305,3.6439,3.0508,2.1544,1.1662,0.39294,-0.72742,-1.9026,-2.8046,-3.7853,-4.1495,-3.6891,-2.9914,-1.8955,-0.92619,-0.31876,0.1996,0.42998,0.3699,0.011422,-0.7708,-1.8359,-2.7637,-3.6475,-3.438,-2.5592,-1.0439,0.32003,1.3077,1.7449,1.9956,1.7885,1.3809,0.37405,-1.1165,-2.7041,-5.5318,-9.9701,-18.424,-30.032,-14.4,-9.3382,-7.1682,-5.0206,-3.4924,-2.5489,-1.5448,-0.77274,-0.22461,0.044327,0.18993,0.11323,-0.11234,-0.63419,-1.4246,-2.4992,-3.5789,-5.4287,-8.0419,-10.668,-15.825,-19.95,-16.555,-12.026,-8.9806,-6.8714,-5.5377,-4.0517,-2.6705,-1.7906,-0.79047,-0.060847,0.2945,0.4735,0.28559,-0.26954,-0.95595,-2.1475,-3.4648,-4.1198,-4.0649,-2.9073,-1.5622,-0.64801,0.1282,0.47254,0.36787,-0.17642,-1.2331,-2.1563,-3.2079,-3.0722,-1.8522,-0.71595,0.57188,1.3644,1.604,1.4124,0.63715,-0.3842,-2.4062,-5.4195,-9.389,-11.766,-10.515,-7.7197,-6.2513,-4.9961,-4.2757,-3.799,-3.4446,-2.8446,-2.0412,-1.3234,-0.31487,0.66031,1.326,2.0853,2.6828,3.1026,3.327,3.5101,3.6188,3.7049,3.8627,4.1718,4.5007,5.0788,5.7341,6.4096,6.8888,7.452,7.907,8.1718,8.3928,8.4761,8.405
-0.73131,-0.28551,0.058721,0.11017,-0.068827,-0.58842,-1.4294,-2.1741,-3.3464,-4.3823,-5.2715,-5.771,-6.4448,-7.0384,-7.5064,-7.9117,-8.1862,-8.3997,-9.082,-10.487,-11.949,-10.67,-6.4156,-2.5168,-0.2203,2.1442,3.8674,4.8191,5.7101,6.2326,6.4473,6.4279,6.1842,5.7177,5.2402,4.4352,3.4886,2.4112,1.5585,0.35146,-0.79589,-1.5462,-2.2655,-2.5041,-2.3321,-1.721,-0.94551,-0.14787,0.38156,0.9555,1.3524,1.534,1.6844,1.8049,1.9394,2.2067,2.5962,3.0289,3.3266,3.5793,3.5932,3.4044,2.853,1.9604,0.73929,-0.32044,-1.7079,-2.7051,-3.021,-2.9992,-2.7085,-2.5069,-2.2884,-2.1343,-1.9927,-1.8971,-1.7601,-1.6309,-1.4981,-1.3986,-1.3463,-1.4921,-2.0026,-3.2007,-5.3515,-8.2639,-15.676,-14.409,-8.262,-3.625,-0.93398,0.74346,1.458,1.9402,1.8509,1.5112,0.58112,-0.73891,-2.0837,-4.1146,-6.4017,-8.4169,-9.4119,-9.8393,-9.4759,-8.9854,-8.067,-6.8213,-5.749,-4.2633,-2.9094,-1.7615,-1.0814,-0.39608,-0.041569,0.057276,-0.096466,-0.50798,-1.2411,-2.0071,-3.3528,-5.044,-6.5238,-8.3551,-9.1992,-8.5134,-6.7363,-4.7998,-3.1084,-2.0116,-0.75024,0.28823,0.95417,1.6895,2.259,2.5467,2.783,2.844,2.7696,2.6166,2.3855,2.1137,1.9793,1.8615,1.895,1.8727,1.8406,1.5267,0.94207,0.1413,-1.3803,-3.9617,-6.8714,-13.699,-14.003,-6.9654,-4.0008,-1.3676,0.15041,0.82768,1.1615,1.0337,0.62134,-0.21909,-1.314,-2.4303,-3.2063,-4.0269,-4.7416,-5.3312,-6.402,-7.8786,-9.7339,-10.937,-10.806,-8.5964,-6.5066,-3.9622,-1.8618,-0.5325,0.95712,2.1557,3.1147,3.6959,4.3168,4.7776,5.065,5.3627,5.6268,5.7974,6.0227,6.2461,6.4834,6.6542,6.8986,7.1224,7.2719,7.4169,7.4697,7.4065
-1.7046,-1.1138,-0.53543,-0.19077,-0.10626,-0.2041,-0.56063,-0.98674,-1.7245,-2.7382,-4.028,-5.2691,-7.4418,-10.664,-14.249,-19.605,-15.486,-11.864,-8.6406,-6.489,-4.6796,-3.3904,-1.6293,0.097104,1.3067,2.6938,3.8113,4.4629,5.1016,5.5073,5.7149,5.7638,5.6711,5.4205,5.1235,4.55,3.7338,2.6429,1.5808,-0.20735,-2.629,-5.0103,-8.8933,-10.727,-8.6,-5.2381,-2.8498,-1.3255,-0.63105,-0.22571,-0.3684,-0.81081,-1.8248,-3.1278,-3.9269,-3.9869,-2.7543,-1.1335,-0.099758,0.85595,1.2654,1.1947,0.57474,-0.74268,-2.948,-5.4625,-10.931,-20.921,-14.872,-8.6029,-5.6417,-4.3563,-3.451,-3.2131,-3.4885,-3.9594,-4.8731,-5.7254,-6.0715,-5.6601,-4.6557,-3.8455,-3.0427,-2.5901,-2.5716,-2.5951,-2.5565,-2.0036,-1.2463,-0.030903,1.0916,1.9138,2.3082,2.4692,2.2567,1.844,1.0166,-0.15459,-1.2171,-2.8571,-4.7015,-6.6567,-8.2409,-10.504,-13.307,-15.641,-18.021,-15.426,-12.358,-8.9068,-6.2382,-4.2452,-3.108,-1.9456,-1.1761,-0.78491,-0.53156,-0.52691,-0.75488,-1.0026,-1.4692,-1.9258,-2.2581,-2.5287,-2.5322,-2.3476,-1.8383,-1.1791,-0.42121,0.11758,0.82324,1.4225,1.8555,2.3209,2.7304,2.9689,3.2511,3.4611,3.6019,3.6746,3.7082,3.6994,3.6474,3.5436,3.3383,3.0603,2.7435,2.2227,1.5016,0.86274,-0.13125,-1.2127,-1.9339,-2.6119,-2.5909,-1.9656,-1.2231,-0.23831,0.61324,1.0794,1.4571,1.5365,1.4041,1.0114,0.38404,-0.43257,-1.1914,-2.3543,-3.8145,-5.0912,-7.2115,-10.007,-13.751,-16.997,-17.952,-13.731,-10.716,-7.4698,-4.785,-3.133,-1.2142,0.31652,1.5708,2.3006,3.0642,3.5949,3.8472,4.0342,4.0459,3.9738,3.7791,3.5378,3.3173,3.2192,3.2372,3.4264,3.6368,3.9634,4.2178,4.3395
-3.5471,-2.577,-1.571,-0.88031,-0.5329,-0.30452,-0.30245,-0.49261,-0.90698,-1.6106,-2.5526,-3.4791,-4.9809,-6.78,-8.1129,-9.0137,-8.1575,-6.7136,-4.6558,-2.8183,-1.2361,-0.21277,0.97832,1.9617,2.5743,3.1902,3.587,3.7496,3.8347,3.8252,3.7989,3.8069,3.8867,3.989,4.0203,3.9474,3.633,3.0075,2.2752,0.92072,-0.97519,-2.7438,-5.1905,-6.1483,-5.1833,-3.1151,-1.3881,-0.29153,0.11668,0.11519,-0.54619,-1.5312,-3.7264,-7.5459,-12.394,-14.714,-7.6665,-3.6262,-1.732,-0.14916,0.66176,0.867,0.65457,-0.098003,-1.3201,-2.4933,-4.1127,-5.1139,-5.0807,-4.2679,-3.3491,-2.8488,-2.627,-2.9508,-3.9573,-5.2872,-8.2276,-14.134,-26.887,-14.831,-8.0571,-5.2077,-2.7445,-1.0712,0.084424,0.75696,1.4939,2.1235,2.5596,3.0636,3.4557,3.6525,3.6828,3.4757,3.0237,2.4806,1.5274,0.28395,-0.83147,-2.5611,-4.5514,-6.7118,-8.5362,-11.037,-13.893,-15.751,-17.316,-15.596,-13.211,-10.153,-7.5905,-5.65,-4.4244,-3.238,-2.3283,-1.8966,-1.5049,-1.3611,-1.3475,-1.4148,-1.5073,-1.5981,-1.5897,-1.5082,-1.2633,-1.0395,-0.66135,-0.25845,0.12927,0.38777,0.67093,0.88534,1.0017,1.1357,1.2903,1.4689,1.774,2.1436,2.526,2.8051,3.0937,3.3001,3.3563,3.3206,3.1028,2.7621,2.3894,1.8174,1.13,0.60614,-0.1169,-0.69485,-1.0269,-1.2016,-1.102,-0.75589,-0.33422,0.24889,0.84124,1.2086,1.5993,1.7676,1.7773,1.5685,1.1329,0.44307,-0.23697,-1.3895,-2.8319,-4.1164,-6.1049,-8.3165,-10.591,-12.113,-13.362,-13.195,-11.977,-9.5575,-7.0512,-5.2782,-3.2689,-1.6159,-0.34327,0.41173,1.1328,1.5673,1.694,1.6132,1.2111,0.7009,-0.293,-1.6286,-3.1732,-4.1314,-4.5411,-3.6531,-2.5881,-1.2542,-0.24168,0.36269
-5.0922,-4.0697,-2.9162,-2.0332,-1.5278,-1.0715,-0.82838,-0.75457,-0.84028,-1.0177,-1.3174,-1.5784,-1.9227,-2.1668,-2.2231,-2.0898,-1.6392,-1.1295,-0.31102,0.57431,1.3973,1.9437,2.526,2.9124,3.0285,2.9494,2.5377,1.9994,0.96905,-0.29416,-1.3461,-1.5551,-0.7825,0.59807,1.6157,2.7016,3.4191,3.7577,3.7974,3.5948,3.2089,2.87,2.4807,2.284,2.2942,2.4504,2.6459,2.7432,2.6884,2.4055,1.862,1.2854,0.37436,-0.52716,-1.0159,-1.1718,-0.71432,0.087545,0.70593,1.4111,1.8908,2.08,2.1049,1.9131,1.5513,1.2273,0.79914,0.46553,0.2923,0.15988,0.086861,-0.011437,-0.25462,-0.69273,-1.3675,-2.0236,-3.0052,-3.8172,-4.0623,-3.5375,-2.3387,-1.2733,0.095384,1.2634,2.2563,2.8399,3.5065,4.0174,4.3123,4.5775,4.6903,4.6479,4.4746,4.0889,3.4613,2.8338,1.7415,0.3535,-0.87455,-2.8436,-5.1257,-7.8145,-9.9194,-12.723,-14.526,-14.865,-13.992,-12.375,-11.022,-9.1723,-7.5278,-6.0797,-5.2379,-4.3039,-3.7131,-3.4414,-3.3264,-3.4213,-3.6802,-3.9605,-4.2772,-4.4437,-4.3513,-3.9453,-3.3234,-2.7737,-2.1012,-1.552,-1.2261,-1.1236,-1.2424,-1.6026,-2.059,-2.7067,-3.2288,-3.2782,-2.7999,-1.8008,-0.65811,0.1155,0.96295,1.5074,1.7454,1.7933,1.6143,1.1447,0.67138,-0.20305,-1.2317,-2.1021,-3.2642,-4.2324,-4.7172,-4.7878,-4.2886,-3.341,-2.5676,-1.4737,-0.50661,0.13653,0.79379,1.2557,1.4429,1.4787,1.2645,0.77756,0.2523,-0.71487,-1.9611,-3.1355,-4.9975,-7.348,-10.425,-13.579,-20.605,-27.129,-18.08,-12.257,-8.7116,-6.7633,-4.8006,-3.3079,-2.2409,-1.6304,-1.0863,-0.81765,-0.78081,-1.0219,-1.5979,-2.3369,-3.8242,-6.1944,-10.101,-15.183,-20.321,-11.799,-8.2741,-5.4828,-3.8934,-3.0985
-6.8622,-5.872,-4.662,-3.6486,-3.0766,-2.5128,-2.1999,-2.0602,-2.0063,-1.9853,-1.945,-1.8375,-1.5934,-1.2197,-0.85628,-0.28556,0.36171,0.86629,1.5438,2.1793,2.7284,3.0604,3.351,3.4273,3.3071,2.8577,1.986,0.95753,-1.154,-4.686,-11.719,-18.94,-7.6185,-2.3228,0.10841,2.3075,3.7674,4.7323,5.218,5.6161,5.81,5.8591,5.845,5.7823,5.7134,5.5899,5.4142,5.1613,4.9144,4.5088,4.0307,3.6401,3.1184,2.6636,2.4061,2.2145,2.1914,2.308,2.448,2.6647,2.8547,2.9466,2.994,2.9585,2.8354,2.7055,2.4998,2.2763,2.1165,1.9078,1.7083,1.5566,1.3594,1.147,0.94034,0.80125,0.66713,0.6548,0.73977,1.0218,1.4517,1.8444,2.4298,2.9968,3.529,3.8763,4.2685,4.5711,4.7309,4.8567,4.8616,4.7404,4.539,4.1224,3.4977,2.8805,1.839,0.48809,-0.72406,-2.7035,-5.1727,-8.3773,-11.496,-17.548,-27.733,-21.873,-15.686,-12.315,-10.55,-8.8221,-7.5218,-6.5116,-5.9719,-5.4526,-5.2549,-5.2529,-5.5765,-6.2449,-7.4103,-8.6083,-10.741,-12.682,-12.811,-10.59,-7.9226,-6.2406,-4.5685,-3.4696,-2.9136,-2.8523,-3.2519,-4.3364,-5.6597,-8.6231,-14.009,-20.419,-13.486,-7.7102,-4.4255,-2.7892,-1.3058,-0.42915,-0.082946,0.012344,-0.26064,-0.90885,-1.6414,-2.9516,-4.7265,-6.4053,-9.3045,-13.254,-16.593,-16.766,-12.349,-8.8124,-6.7475,-4.5534,-2.8033,-1.7408,-0.61763,0.21709,0.63494,0.96671,1.0189,0.81342,0.48628,-0.16716,-1.06,-1.8869,-3.1883,-4.7002,-6.3235,-7.4972,-8.6975,-9.1735,-8.9401,-8.0832,-7.0086,-6.2227,-5.3225,-4.6363,-4.1192,-3.8802,-3.6533,-3.5354,-3.5049,-3.5512,-3.7204,-3.9812,-4.5183,-5.2652,-6.0899,-6.5524,-6.7557,-6.3443,-5.853,-5.1897,-4.7999,-4.7964
-10.567,-8.6364,-6.74,-5.4422,-4.8116,-4.3637,-4.3147,-4.5362,-4.9707,-5.4964,-5.6788,-5.4512,-4.6186,-3.4429,-2.4958,-1.2576,-0.1542,0.58667,1.4515,2.1766,2.7709,3.1216,3.457,3.6136,3.6138,3.4112,2.9757,2.4963,1.6792,0.81304,0.20013,0.1683,0.82417,1.986,2.9565,4.1575,5.1533,5.9357,6.3794,6.8226,7.099,7.216,7.2632,7.1972,7.0774,6.8318,6.4863,6.0409,5.6449,5.0379,4.367,3.8486,3.1698,2.5615,2.1919,1.8495,1.6953,1.7049,1.8019,1.9788,2.1611,2.2812,2.3921,2.4155,2.3595,2.2572,2.0567,1.8005,1.5909,1.3186,1.0711,0.94426,0.85087,0.8605,0.95958,1.0791,1.2824,1.5074,1.7085,1.9589,2.232,2.431,2.6821,2.9238,3.1217,3.2822,3.4479,3.5928,3.6775,3.7588,3.7883,3.7263,3.634,3.3725,2.9612,2.5354,1.774,0.80611,-0.12438,-1.5361,-3.2077,-5.0868,-6.514,-8.3268,-9.4925,-9.8387,-9.6803,-9.127,-8.682,-8.0923,-7.617,-7.2993,-7.0782,-6.9996,-6.9808,-7.119,-7.4523,-8.1338,-9.2632,-10.545,-13.054,-16.056,-16.276,-12.704,-9.1647,-7.1222,-5.1801,-3.922,-3.2226,-3.0446,-3.2114,-3.8458,-4.6284,-5.9288,-7.2546,-7.6265,-6.9531,-5.4147,-3.8122,-2.8511,-1.9127,-1.3589,-1.2131,-1.3117,-1.8155,-2.6335,-3.5032,-4.9712,-6.8039,-8.5359,-11.077,-14.039,-15.756,-15.955,-13.948,-11.192,-9.3017,-6.9075,-4.8641,-3.5742,-2.1173,-1.023,-0.3906,0.17563,0.4616,0.4928,0.34163,-0.038614,-0.63052,-1.1739,-2.03,-2.9469,-3.8708,-4.5289,-5.2735,-5.7833,-6.0217,-6.166,-6.2268,-6.263,-6.3774,-6.6415,-7.0369,-7.4095,-7.8611,-8.0431,-7.9206,-7.3548,-6.6239,-6.0554,-5.4387,-4.9834,-4.6808,-4.5393,-4.3911,-4.3154,-4.3133,-4.4788,-4.8802,-5.5969
-10.076,-8.3178,-6.6425,-5.6241,-5.2178,-5.2201,-5.8207,-6.7692,-8.8786,-12.5,-18.356,-18.025,-11.618,-7.4463,-5.274,-3.1558,-1.5908,-0.66994,0.32404,1.129,1.8046,2.2425,2.7543,3.1825,3.4378,3.6904,3.8351,3.8845,3.9114,3.9282,4.0153,4.1628,4.4618,4.8796,5.238,5.7336,6.2152,6.6343,6.902,7.1787,7.3626,7.4357,7.4387,7.321,7.1494,6.799,6.3018,5.6482,5.0471,4.0937,2.9682,2.0285,0.70397,-0.58421,-1.3922,-2.0637,-2.1424,-1.7556,-1.3158,-0.70312,-0.16499,0.159,0.45339,0.58208,0.54801,0.41045,0.07715,-0.41458,-0.87716,-1.548,-2.1416,-2.4326,-2.483,-2.1189,-1.4919,-0.96299,-0.28939,0.26682,0.59148,0.89566,1.0638,1.1158,1.0925,1.0223,0.92876,0.86185,0.81823,0.83257,0.89681,1.0362,1.234,1.4535,1.6053,1.7561,1.7887,1.7088,1.43,0.94937,0.44606,-0.40171,-1.4229,-2.5569,-3.4449,-4.6022,-5.6544,-6.3693,-7.1117,-7.7197,-8.082,-8.4717,-8.7969,-9.1076,-9.3365,-9.5687,-9.6584,-9.6396,-9.4123,-9.0971,-8.759,-8.5426,-8.2508,-7.7725,-7.2641,-6.2677,-5.1164,-4.2675,-3.2616,-2.5332,-2.0622,-1.8752,-1.8467,-1.9802,-2.1867,-2.4498,-2.6255,-2.6625,-2.5218,-2.239,-1.9013,-1.6735,-1.4996,-1.5357,-1.7146,-2.1885,-2.9081,-3.8832,-4.7444,-6.139,-7.7538,-9.1152,-11.051,-13.143,-14.55,-16.035,-15.845,-13.786,-11.659,-8.8448,-6.4215,-4.8665,-3.2105,-1.9386,-1.2217,-0.55376,-0.18067,-0.081338,-0.15598,-0.45394,-0.9544,-1.441,-2.2104,-3.0922,-4.0341,-4.7318,-5.6072,-6.315,-6.7183,-7.1179,-7.4166,-7.683,-8.2165,-9.0981,-10.642,-12.317,-15.792,-20.146,-19.088,-14.127,-10.482,-8.5874,-6.7521,-5.4852,-4.6177,-4.1824,-3.8084,-3.6799,-3.7221,-4.012,-4.5882,-5.5145
-4.7219,-4.2804,-3.7657,-3.4461,-3.3851,-3.6306,-4.2624,-4.9798,-6.3367,-7.9717,-9.1753,-9.0596,-7.6092,-5.7196,-4.4746,-3.1606,-2.2163,-1.7013,-1.1709,-0.70426,-0.17837,0.29915,1.0426,1.856,2.4496,3.1863,3.8134,4.2019,4.618,4.9355,5.1835,5.3395,5.5166,5.684,5.8006,5.9619,6.135,6.3107,6.4509,6.6168,6.761,6.8278,6.8436,6.7535,6.595,6.233,5.6762,4.8877,4.1246,2.8489,1.1912,-0.36737,-3.0125,-6.6207,-10.222,-14.159,-11.222,-7.6187,-5.7816,-4.0864,-2.9641,-2.4034,-1.913,-1.6578,-1.633,-1.7769,-2.2398,-3.1001,-4.0923,-6.0097,-8.7203,-11.041,-11.648,-8.6312,-5.6618,-3.9808,-2.3731,-1.3706,-0.94693,-0.70766,-0.84274,-1.1131,-1.6629,-2.3399,-2.9785,-3.4461,-3.8591,-4.0696,-4.0588,-3.8108,-3.2028,-2.287,-1.5426,-0.54268,0.26964,0.71266,1.0596,1.0892,0.94503,0.47508,-0.25771,-1.199,-2.0638,-3.3467,-4.7835,-5.9405,-7.4521,-8.8741,-9.7918,-10.768,-11.576,-12.372,-13.236,-14.503,-15.796,-15.768,-13.914,-11.273,-8.9035,-7.4522,-5.8249,-4.5075,-3.6764,-2.7138,-1.8967,-1.4184,-0.91913,-0.62222,-0.50772,-0.51586,-0.66609,-0.87057,-1.0217,-1.1946,-1.2397,-1.2482,-1.1447,-1.0191,-0.94925,-0.95408,-1.1206,-1.5155,-1.9568,-2.7912,-3.8109,-5.0331,-6.0028,-7.3133,-8.6959,-9.6717,-11.284,-13.455,-15.693,-20.8,-24.016,-16.645,-12.573,-8.8351,-6.1334,-4.5863,-3.0202,-1.8829,-1.306,-0.7946,-0.55506,-0.56823,-0.69662,-1.0622,-1.62,-2.1759,-3.1109,-4.3263,-5.8015,-7.0574,-8.7954,-10.211,-10.7,-10.547,-9.8832,-9.4499,-9.1666,-9.3254,-10.137,-11.082,-12.669,-13.788,-13.461,-11.382,-9.1038,-7.6525,-6.0917,-4.958,-4.1284,-3.6908,-3.3036,-3.101,-3.0682,-3.1717,-3.4802,-4.0193
-1.1586,-1.0612,-0.92639,-0.85694,-0.87732,-0.97513,-1.2092,-1.4179,-1.7709,-2.0982,-2.2736,-2.3072,-2.2035,-2.024,-1.9494,-2.019,-2.3959,-2.9161,-3.8969,-4.942,-5.2881,-4.6277,-2.8523,-0.85175,0.47271,1.9533,3.0913,3.7408,4.3706,4.7739,4.9816,5.0233,4.9753,4.823,4.6749,4.4654,4.2952,4.247,4.3123,4.536,4.8562,5.1086,5.3889,5.545,5.5484,5.3681,4.9514,4.2756,3.5826,2.4008,0.88347,-0.51781,-2.7722,-5.47,-7.5676,-9.3838,-8.8898,-7.4273,-6.4567,-5.5607,-5.0544,-4.8293,-4.5632,-4.2211,-3.8472,-3.6318,-3.5684,-3.9425,-4.5698,-6.0551,-8.2716,-10.012,-10.378,-7.8484,-5.1633,-3.6303,-2.2487,-1.4977,-1.3429,-1.5713,-2.3663,-3.3275,-5.0746,-7.3529,-9.722,-10.991,-11.663,-11.976,-12.569,-13.447,-12.201,-8.488,-5.8376,-2.9579,-0.91437,0.20156,1.2051,1.6891,1.7873,1.5443,0.91568,-0.070292,-1.0784,-2.7439,-4.8605,-6.8271,-9.9558,-13.731,-16.176,-17.023,-15.73,-14.832,-15.056,-16.474,-19.856,-20.967,-15.591,-10.634,-7.147,-5.1315,-3.0853,-1.5551,-0.65877,0.22049,0.81442,1.0628,1.1589,1.014,0.60487,0.13644,-0.61719,-1.4668,-1.9896,-2.4674,-2.4798,-2.2281,-1.703,-1.1547,-0.79843,-0.69698,-0.85049,-1.3666,-2.0028,-3.2599,-4.9901,-7.1625,-8.9882,-10.83,-11.351,-10.902,-10.223,-9.7138,-9.4337,-9.121,-8.3749,-7.0952,-5.9756,-4.4223,-3.0706,-2.2701,-1.4507,-0.9812,-0.82384,-0.83496,-1.0388,-1.3459,-1.6162,-2.0153,-2.4675,-2.9333,-3.8079,-5.1034,-7.0242,-9.1146,-13.428,-22.922,-29.947,-16.046,-11.612,-9.6612,-8.1108,-7.2611,-6.8147,-6.715,-6.6461,-6.5116,-6.2651,-5.7935,-5.2393,-4.7888,-4.2663,-3.8576,-3.5742,-3.4119,-3.2403,-3.0502,-2.9089,-2.6788,-2.4573,-2.3039
-0.16471,-0.09853,-0.0028924,0.089231,0.15423,0.24288,0.32392,0.33993,0.37445,0.41417,0.4241,0.40564,0.3144,0.072785,-0.23859,-0.93786,-2.0941,-3.3934,-6.0703,-10.858,-19.627,-13.865,-6.8653,-2.9725,-0.98063,0.90561,2.1871,2.845,3.4017,3.6328,3.5775,3.3653,2.865,2.1173,1.4145,0.3216,-0.7903,-1.5112,-1.5201,-0.70617,0.55981,1.5312,2.625,3.3785,3.7125,3.8672,3.708,3.2717,2.7799,1.9257,0.93148,0.11767,-1.0046,-2.0715,-2.7899,-3.5524,-4.1465,-4.7083,-5.2206,-6.2714,-7.9241,-9.4596,-11.033,-10.097,-7.5594,-5.8234,-4.1105,-3.0318,-2.5718,-2.2638,-2.1766,-2.0915,-1.8268,-1.3533,-0.80521,-0.43515,-0.13487,-0.1314,-0.35882,-1.0991,-2.3336,-3.71,-6.3863,-10.444,-17.171,-23.199,-17.614,-14.544,-14.209,-15.037,-13.431,-8.7084,-5.5578,-2.3359,0.0067889,1.2397,2.3753,2.999,3.1229,2.9428,2.3504,1.3159,0.28833,-1.4614,-3.7233,-5.7243,-9.0789,-13.163,-15.949,-16.167,-13.705,-11.556,-10.316,-9.181,-8.0892,-7.0931,-5.547,-3.7483,-1.9704,-0.74268,0.63071,1.7134,2.3234,2.8692,3.0974,3.0862,2.7796,2.1297,1.095,-0.004491,-1.9773,-4.7272,-7.5278,-10.996,-9.7759,-6.9456,-4.0814,-2.1495,-0.94448,-0.46061,-0.26753,-0.57564,-1.1897,-2.5196,-4.6135,-7.8914,-11.479,-19.057,-16.004,-11.616,-7.9563,-5.7711,-4.6328,-3.3821,-2.4054,-1.5779,-0.9795,-0.35762,0.078431,0.25731,0.19833,-0.20953,-0.73625,-1.7851,-3.1099,-4.3578,-4.9837,-5.0397,-4.5755,-4.2048,-3.9875,-4.2041,-4.9168,-5.6955,-6.8672,-7.8631,-8.1018,-7.6578,-6.6509,-5.8834,-5.0561,-4.4696,-4.0435,-3.8277,-3.6418,-3.515,-3.4301,-3.4145,-3.4242,-3.508,-3.7506,-4.1355,-4.6893,-5.1472,-5.6597,-5.8025,-5.4729,-4.5497,-3.3224,-2.0917
-1.8634,-1.7135,-1.5544,-1.3843,-1.2215,-0.98457,-0.64706,-0.36259,0.067255,0.48162,0.81682,1.0152,1.1459,1.0914,0.91893,0.48061,-0.19253,-0.8333,-1.8043,-2.657,-3.0222,-2.7771,-1.9071,-0.75926,0.077369,1.0053,1.6646,1.9599,2.0864,1.907,1.4394,0.91066,-0.07344,-1.3831,-2.6954,-5.1006,-8.9826,-17.672,-23.031,-9.7407,-4.6207,-2.2402,-0.11167,1.2119,1.7886,2.1027,1.9714,1.4665,0.91179,0.026125,-0.87299,-1.4233,-1.9304,-2.1772,-2.2607,-2.3679,-2.6172,-3.1157,-3.7678,-5.1524,-7.3367,-9.6742,-12.874,-11.237,-7.2864,-4.9402,-2.6646,-1.0786,-0.24236,0.5699,1.1172,1.3966,1.6793,1.8497,1.9273,1.9022,1.7516,1.4191,1.061,0.38953,-0.50057,-1.3085,-2.5682,-3.9257,-5.0633,-5.5181,-5.6258,-5.154,-4.578,-3.6501,-2.4007,-0.88264,0.31385,1.8204,3.1162,3.8734,4.5768,4.9299,4.9497,4.6606,4.0182,3.0209,2.0548,0.48333,-1.3513,-2.7959,-4.7144,-6.3024,-7.0209,-7.279,-6.7228,-5.6503,-4.7091,-3.3776,-2.0129,-1.0424,0.22927,1.4324,2.5263,3.2335,4.0352,4.6142,4.895,5.0593,4.9699,4.7337,4.1853,3.331,2.1524,1.0455,-0.86826,-3.2684,-5.2837,-7.3703,-6.7679,-4.9962,-2.7178,-0.96611,0.23938,0.8308,1.2431,1.2464,0.99652,0.38246,-0.5252,-1.5813,-2.3576,-2.9731,-2.9146,-2.4821,-1.5945,-0.63263,0.055724,0.85711,1.518,2.0392,2.3275,2.543,2.5445,2.3688,1.8195,0.84922,-0.26041,-2.4687,-5.9896,-12.682,-29.418,-13.072,-7.1942,-4.9301,-3.1587,-2.2711,-1.9398,-1.9356,-2.1234,-2.375,-2.5471,-2.7019,-2.7541,-2.7919,-2.7577,-2.7241,-2.7424,-2.7227,-2.732,-2.7887,-2.9073,-3.1101,-3.4377,-3.8198,-4.5235,-5.5834,-7.1675,-8.9457,-12.711,-18.916,-17.109,-10.174,-5.8156,-2.8456
-5.0114,-4.8308,-4.8412,-4.9684,-5.0008,-4.7387,-4.0525,-3.2203,-2.0426,-0.89187,0.12731,0.7436,1.3616,1.7506,1.8744,1.8559,1.6579,1.414,1.0497,0.72583,0.5313,0.50223,0.63895,0.89429,1.1161,1.3596,1.4546,1.3838,1.0245,0.35571,-0.63344,-1.5523,-2.897,-4.1837,-5.0022,-5.8991,-6.5368,-6.6855,-6.1847,-4.6034,-2.6263,-1.2507,0.1907,1.1328,1.5084,1.5479,1.0394,-0.056918,-1.2949,-3.5113,-6.2119,-7.6985,-7.1579,-5.0082,-3.5069,-2.0503,-1.1345,-0.68874,-0.61991,-0.7579,-1.0622,-1.2885,-1.3556,-1.0057,-0.28094,0.39569,1.316,2.1488,2.6768,3.2226,3.6131,3.7895,3.8744,3.8022,3.5883,3.3379,2.9125,2.4151,2.0052,1.5313,1.1121,0.86369,0.66237,0.58698,0.62286,0.7932,1.1762,1.6928,2.1865,2.951,3.7853,4.649,5.3063,6.0962,6.7466,7.1427,7.4556,7.5147,7.4073,6.9896,6.2644,5.2436,4.2514,2.586,0.55468,-1.262,-4.041,-6.835,-8.0869,-7.2911,-4.9073,-2.5527,-0.97439,0.86964,2.3863,3.3781,4.5333,5.4816,6.2383,6.6756,7.0843,7.2863,7.3,7.1345,6.7746,6.3629,5.6661,4.8228,3.8547,3.0978,2.1157,1.2125,0.68883,0.34414,0.42704,0.74375,1.4084,2.111,2.7566,3.1634,3.5306,3.702,3.7369,3.6345,3.4149,3.1817,3.0187,2.8715,2.8918,2.9984,3.2221,3.5642,3.8384,4.1842,4.5286,4.8184,4.9499,5.0594,5.0079,4.8327,4.4184,3.7309,2.9949,1.7566,0.29906,-1.0604,-1.6422,-1.4879,-0.63947,0.084085,0.86868,1.334,1.5118,1.4517,1.1551,0.69734,0.26057,-0.39736,-1.1564,-1.7098,-2.38,-2.8855,-3.211,-3.3572,-3.4434,-3.5205,-3.6287,-3.8207,-4.191,-4.527,-5.0572,-5.7443,-6.5816,-7.3184,-8.3928,-8.8179,-8.0106,-5.7473,-3.1046,-0.7548
-6.547,-7.0616,-8.4532,-10.801,-13.176,-14.795,-11.632,-8.5092,-5.0545,-2.4475,-0.44769,0.70195,1.8435,2.5942,2.9201,3.0687,2.9188,2.643,2.1235,1.5068,0.95674,0.67578,0.58671,0.78918,1.0439,1.3651,1.4789,1.3479,0.80013,-0.28163,-2.0507,-3.9466,-7.4133,-11.478,-11.783,-8.4286,-5.4246,-3.2238,-1.8389,-0.32427,0.98165,1.7856,2.629,3.1381,3.2811,3.1053,2.4651,1.2789,-0.082854,-2.669,-6.2963,-8.7267,-7.2675,-3.603,-1.4349,0.62319,2.0085,2.8937,3.3329,3.6833,3.8498,3.9233,4.0114,4.1269,4.3105,4.4978,4.7975,5.1094,5.3459,5.5993,5.7465,5.7751,5.6401,5.3009,4.7158,4.1223,3.1255,2.0081,1.2078,0.44358,0.33938,0.6964,1.539,2.5529,3.5587,4.244,5.1492,6.0007,6.6036,7.3942,8.1333,8.8136,9.2724,9.8052,10.211,10.415,10.548,10.491,10.311,9.8854,9.2185,8.2857,7.3918,5.9022,3.9701,2.1266,-1.0556,-5.3145,-7.9294,-5.4275,-1.2964,1.7684,3.5403,5.3914,6.8423,7.7304,8.6551,9.3403,9.7978,10.001,10.071,9.9281,9.678,9.1534,8.4196,7.7522,6.7245,5.616,4.5292,3.771,2.9882,2.5292,2.3875,2.4924,2.8561,3.2109,3.7885,4.3912,4.9571,5.317,5.7061,5.9891,6.1227,6.2026,6.209,6.1448,6.0985,6.0167,5.9496,5.9367,5.9632,6.0216,6.0898,6.2389,6.4228,6.6387,6.8278,7.0673,7.2667,7.3684,7.4163,7.3296,7.1867,6.9234,6.6016,6.302,6.1405,6.0172,5.9711,5.9603,5.8834,5.6884,5.3114,4.9014,4.1685,3.1795,2.2625,0.78937,-0.98754,-2.4678,-4.5814,-6.3082,-6.7677,-6.4493,-5.695,-5.1207,-4.9016,-5.0816,-5.5887,-6.0375,-6.4873,-6.3554,-5.643,-4.8616,-3.6475,-2.3193,-1.2804,0.20329,1.6819,3.0714
-5.0937,-6.435,-8.6781,-11.289,-13.211,-14.161,-11.654,-8.6913,-5.1393,-2.2726,0.010328,1.3694,2.7286,3.605,3.9741,4.0637,3.6877,3.0928,1.7989,-0.12191,-2.623,-4.3657,-4.707,-2.6525,-1.0034,0.66965,1.6582,1.9702,1.8786,1.1783,-0.13019,-1.581,-4.0027,-6.1866,-6.2413,-4.2015,-1.7148,0.33382,1.5526,2.8869,3.9241,4.5228,5.1112,5.4692,5.5659,5.4806,5.1683,4.6408,4.1425,3.4517,2.9205,2.7582,2.9982,3.6567,4.3011,5.1869,5.9495,6.5327,6.8315,7.0294,7.0337,6.9311,6.6744,6.3452,6.0272,5.8516,5.7731,5.8974,6.0918,6.4147,6.666,6.747,6.6499,6.2285,5.3976,4.4423,2.5944,-0.21354,-3.3267,-9.6795,-8.91,-4.1291,0.0071588,2.7302,4.7251,5.883,7.1651,8.2568,8.9707,9.8175,10.569,11.22,11.628,12.087,12.423,12.571,12.658,12.602,12.445,12.118,11.651,11.03,10.473,9.6417,8.7075,7.9579,7.0492,6.3986,6.2233,6.5342,7.346,8.4012,9.1929,10.191,11.052,11.572,12.106,12.444,12.579,12.54,12.297,11.819,11.294,10.365,9.1403,8.0325,6.2822,4.238,2.0274,0.4621,-0.98231,-1.084,-0.4437,0.71495,1.95,2.8099,3.8344,4.7651,5.5384,6.0112,6.5251,6.8809,7.0279,7.1231,7.1088,6.9929,6.8667,6.6942,6.4828,6.318,6.1206,5.9008,5.77,5.6812,5.7195,5.9877,6.3806,7.0366,7.8074,8.3924,9.0776,9.6405,9.9767,10.283,10.459,10.525,10.512,10.408,10.214,9.9926,9.5903,9.0425,8.309,7.6338,6.5405,5.1694,3.9305,1.9115,-0.671,-3.2393,-8.2454,-18.274,-16.444,-10.617,-7.0265,-5.4114,-5.0593,-5.5837,-7.293,-9.8216,-16.407,-15.848,-8.2183,-4.7515,-1.5119,0.82306,2.2207,3.7552,5.0062,5.9946
-4.5258,-6.5993,-9.7919,-13.319,-14.963,-13.579,-10.223,-7.784,-4.8186,-2.2362,-0.12436,1.1498,2.4953,3.3927,3.7789,3.907,3.5563,2.9291,1.5165,-0.72384,-4.0216,-6.9022,-7.3763,-3.8882,-1.6053,0.47752,1.7478,2.2992,2.5945,2.5117,2.157,1.7884,1.3154,1.022,1.0289,1.3356,1.8985,2.5772,3.0758,3.7147,4.2534,4.6082,4.9665,5.1941,5.2781,5.284,5.1729,4.9932,4.8687,4.7371,4.7378,4.8489,5.1683,5.6508,6.0617,6.6266,7.1142,7.4546,7.5657,7.5017,7.1543,6.6724,5.7161,4.3927,2.7601,1.53,0.54445,1.004,1.9961,3.4631,4.6435,5.2281,5.6253,5.5655,5.0628,4.3812,3.0673,1.3115,-0.18487,-1.7951,-1.7952,-0.73157,1.1093,2.7923,4.2084,5.1373,6.202,7.1432,7.8087,8.6231,9.3765,10.05,10.493,10.964,11.302,11.471,11.549,11.483,11.359,11.094,10.766,10.427,10.19,9.913,9.7188,9.6433,9.6204,9.7202,9.8781,10.201,10.617,11.09,11.454,11.901,12.262,12.464,12.633,12.659,12.527,12.306,11.842,11.143,10.445,9.2509,7.7051,6.2545,3.8456,0.68831,-3.7369,-8.8244,-26.087,-12.644,-7.9007,-4.5582,-2.3634,-0.97571,0.54198,1.8268,2.8883,3.5433,4.1786,4.5374,4.6496,4.5912,4.32,3.9467,3.6036,3.1645,2.7942,2.5129,2.0581,1.4793,0.8872,-0.16004,-1.0922,-1.058,-0.075592,2.1136,4.3662,5.8418,7.5001,8.8017,9.5564,10.313,10.825,11.115,11.194,11.139,10.904,10.605,10.054,9.3195,8.4135,7.6076,6.3792,4.9933,3.8592,2.2,0.42744,-0.91741,-2.6525,-3.9414,-4.3231,-4.1153,-3.5612,-3.1107,-3.047,-3.2726,-3.9764,-4.6919,-5.3501,-4.7006,-2.7879,-1.1194,0.95451,2.6718,3.7429,4.859,5.6825,6.2412
-4.5429,-6.5195,-9.7586,-13.513,-15.414,-13.71,-10.19,-7.8939,-5.284,-3.121,-1.3484,-0.2168,1.0062,1.9221,2.3993,2.7564,2.7932,2.6111,2.1463,1.4971,0.81806,0.44079,0.25766,0.46447,0.7934,1.2362,1.5603,1.7008,1.7264,1.6226,1.4254,1.2822,1.0837,0.94594,0.8738,0.85192,0.86218,0.90423,0.97381,1.0628,1.1944,1.3234,1.5215,1.6876,1.7767,1.7867,1.6442,1.3829,1.1463,0.9042,0.918,1.1991,1.8976,2.8478,3.6036,4.5259,5.2662,5.7407,5.9016,5.8268,5.3595,4.7118,3.3617,1.2363,-2.1109,-6.1483,-15.429,-8.439,-3.8864,-0.38716,1.6798,2.6739,3.4462,3.7487,3.6821,3.4397,2.9159,2.2594,1.7858,1.2239,0.88541,0.78483,0.8091,0.94554,1.1328,1.3578,1.7504,2.3155,2.8615,3.705,4.5962,5.458,6.0444,6.6705,7.1041,7.2992,7.3454,7.1563,6.8954,6.4052,5.8566,5.4408,5.3258,5.4844,5.9802,6.4969,7.2187,7.9155,8.3945,8.9359,9.3702,9.6964,9.8813,10.027,10.078,10.069,9.9761,9.805,9.5428,9.2751,8.7845,8.1096,7.4606,6.3455,4.9308,3.6472,1.6097,-0.81296,-3.4888,-5.4714,-7.7465,-9.1357,-9.5383,-9.597,-8.8391,-7.5874,-5.6268,-3.7532,-2.1634,-1.253,-0.46626,-0.13057,-0.15878,-0.63369,-1.5682,-2.8794,-3.9425,-5.1708,-5.5503,-5.3139,-4.953,-4.9876,-5.5713,-7.5691,-12.053,-18.295,-10.995,-4.2927,-0.20752,2.02,4.2778,5.9475,6.9051,7.8737,8.5254,8.8981,9.0119,8.9564,8.6641,8.2996,7.6086,6.6945,5.5717,4.6062,3.1896,1.7115,0.61927,-0.70255,-1.7503,-2.3488,-2.8216,-3.0213,-2.9815,-2.8001,-2.4581,-2.0977,-1.8154,-1.5016,-1.2386,-1.0132,-0.6028,-0.02635,0.71971,1.339,2.1637,2.9019,3.3375,3.771,3.9814,3.9913
-3.2874,-4.4005,-5.8152,-6.9021,-7.3605,-7.3724,-6.7988,-6.085,-4.893,-3.5595,-2.2604,-1.3047,-0.17505,0.79337,1.381,1.9794,2.3719,2.539,2.6148,2.5615,2.4117,2.2727,2.0745,1.8577,1.6704,1.3653,0.95651,0.59418,0.061788,-0.48866,-0.96131,-1.1985,-1.4097,-1.5121,-1.5985,-1.7643,-2.094,-2.6232,-3.0785,-3.7102,-4.0937,-4.0855,-3.6539,-2.9955,-2.5631,-2.2999,-2.5051,-3.3253,-4.4595,-6.5752,-8.5318,-7.9848,-4.838,-1.7225,0.1565,2.0639,3.4239,4.31,4.707,4.8956,4.7168,4.3536,3.5789,2.506,1.2769,0.41602,-0.31598,-0.27506,0.14472,0.93252,1.6623,2.0968,2.4489,2.5922,2.5235,2.3571,1.9927,1.5023,1.0871,0.44643,-0.27229,-0.88185,-1.8045,-2.8888,-4.1218,-5.0474,-5.9555,-5.8634,-5.0314,-3.3579,-1.5948,-0.034128,0.95103,1.9804,2.6676,2.9457,2.9819,2.5754,1.959,0.62938,-1.3969,-3.8562,-4.972,-3.5281,-0.57256,1.4052,3.478,4.9928,5.831,6.6107,7.0729,7.2453,7.2222,7.0099,6.6675,6.3821,6.0027,5.7058,5.5053,5.3908,5.1832,4.856,4.4857,3.7592,2.7621,1.8331,0.34514,-1.4314,-3.4629,-5.1254,-7.5774,-10.639,-13.766,-21.01,-28.613,-17.532,-11.596,-8.1456,-5.8523,-4.682,-3.7379,-3.3946,-3.5251,-4.3464,-5.9933,-8.9075,-12.5,-23.374,-20.257,-13.721,-9.7172,-7.7175,-6.9089,-6.2985,-5.8442,-4.9978,-3.9517,-2.1393,-0.21621,1.1692,2.7608,4.0649,4.8593,5.6851,6.2425,6.5554,6.634,6.5318,6.1762,5.7398,4.9115,3.7814,2.3123,0.97837,-1.1387,-3.5772,-5.4801,-7.5032,-8.2074,-7.8922,-6.867,-5.7682,-4.827,-4.1298,-3.2599,-2.4378,-1.8104,-1.0551,-0.36048,0.13506,0.74217,1.2857,1.7759,2.084,2.386,2.5527,2.5374,2.3616,1.9627,1.334
-2.522,-3.3726,-4.4619,-5.4735,-6.1112,-6.7185,-6.8967,-6.697,-5.9612,-4.7984,-3.3811,-2.3153,-0.96605,0.22565,0.99507,1.8351,2.4806,2.8405,3.1655,3.3226,3.3318,3.2537,3.0187,2.6118,2.1592,1.3586,0.29252,-0.71831,-2.3356,-4.099,-5.5219,-5.9673,-5.5846,-4.7623,-4.2573,-4.0068,-4.3683,-5.508,-7.0685,-10.476,-15.838,-16.226,-10.633,-6.8653,-5.1535,-3.8601,-3.4877,-3.9768,-4.97,-7.1414,-9.4282,-8.7765,-5.1315,-1.7091,0.27667,2.28,3.7107,4.6948,5.1803,5.5305,5.6038,5.4947,5.1692,4.7172,4.1889,3.7944,3.3311,2.9734,2.7999,2.6191,2.4753,2.3655,2.1887,1.9608,1.6717,1.4079,0.98742,0.48031,-0.011153,-0.75016,-1.7001,-2.5853,-4.0913,-6.1161,-8.9184,-12.118,-20.068,-26.328,-15.982,-10.145,-6.6724,-4.2421,-2.8195,-1.3036,-0.25911,0.2307,0.54351,0.38427,-0.13431,-1.4035,-3.5118,-6.4809,-8.055,-5.8928,-2.0996,0.20732,2.5118,4.1041,4.9139,5.5798,5.7988,5.5857,5.1297,4.1673,2.8403,1.6815,0.29197,-0.26911,0.1913,0.86837,1.7119,2.2462,2.3936,2.2583,1.7518,1.1406,0.076504,-1.2595,-2.8465,-4.1528,-6.0745,-8.057,-9.4659,-10.986,-11.384,-10.634,-9.0214,-7.2792,-5.7643,-4.8533,-3.9662,-3.5256,-3.5415,-3.9295,-4.7547,-5.9651,-7.0045,-8.0771,-8.2252,-7.6253,-6.6353,-5.6527,-4.9844,-4.1159,-3.2402,-2.3183,-1.5772,-0.45446,0.66537,1.4655,2.4495,3.2939,3.8195,4.3557,4.7205,4.9261,4.972,4.8699,4.5586,4.1642,3.3969,2.2701,0.71505,-0.80875,-3.4859,-7.2475,-11.36,-21.15,-19.47,-14.172,-10.662,-8.613,-7.1011,-6.1167,-4.7591,-3.3595,-2.3521,-1.0963,0.031729,0.7521,1.546,2.1506,2.558,2.7355,2.7799,2.5951,2.294,1.6495,0.70069,-0.62611
-2.968,-3.8057,-5.0516,-6.4941,-7.7774,-9.8928,-12.178,-13.135,-11.632,-8.5358,-5.6148,-3.7989,-1.7878,-0.20505,0.75678,1.7956,2.5794,3.0296,3.4743,3.7594,3.901,3.896,3.727,3.3405,2.881,1.9568,0.59611,-0.83673,-3.5758,-8.0014,-17.406,-21.823,-10.403,-6.2075,-4.5125,-3.3665,-3.1253,-3.625,-4.4867,-6.03,-7.3347,-7.3115,-5.7313,-3.732,-2.4781,-1.2241,-0.45798,-0.062512,0.093278,0.2156,0.51534,0.95712,1.8601,2.9532,3.7855,4.7954,5.6177,6.2211,6.532,6.7744,6.8265,6.7523,6.5203,6.1543,5.6807,5.2717,4.6725,4.0146,3.5014,2.7961,2.0991,1.5833,0.97532,0.4293,-0.02177,-0.31599,-0.66894,-1.0447,-1.3812,-1.9561,-2.725,-3.4436,-4.6454,-6.1869,-8.0707,-9.438,-11.141,-11.832,-11.543,-10.275,-8.4759,-6.4356,-4.9771,-3.2275,-1.7754,-0.91143,-0.095244,0.39747,0.57016,0.59848,0.55032,0.58665,0.83187,1.549,2.5899,3.4601,4.5481,5.4204,5.8805,6.1725,6.0455,5.4625,4.6624,2.999,0.34404,-2.731,-10.313,-18.658,-6.2916,-2.8073,-0.21119,1.1727,1.6966,1.9136,1.6655,1.2298,0.35242,-0.79404,-2.1605,-3.285,-4.8687,-6.3798,-7.293,-8.0353,-8.0879,-7.7357,-6.7643,-5.531,-4.312,-3.4866,-2.5744,-1.9516,-1.6838,-1.5549,-1.7007,-2.0156,-2.3049,-2.7516,-3.1399,-3.3572,-3.5731,-3.6542,-3.5919,-3.3495,-2.7956,-1.9719,-1.2345,-0.24418,0.69753,1.3003,1.9631,2.4305,2.6607,2.8553,2.9822,3.0799,3.1539,3.2372,3.2552,3.1691,2.8476,2.2354,1.2586,0.27641,-1.338,-3.2894,-4.8377,-6.6473,-7.9498,-8.6075,-9.3694,-10.346,-10.916,-10.376,-8.0697,-5.2722,-3.3953,-1.2781,0.36836,1.3383,2.3323,3.0079,3.382,3.4806,3.3814,3.0006,2.556,1.6871,0.50037,-1.0546
-5.2038,-5.747,-6.6034,-7.7801,-8.9853,-11.211,-14.365,-16.441,-13.996,-9.6722,-6.2455,-4.2764,-2.2539,-0.75026,0.1212,1.0082,1.6558,2.0349,2.454,2.8237,3.1451,3.3368,3.5028,3.5137,3.398,3.011,2.3072,1.569,0.36403,-0.93634,-1.9276,-2.1965,-1.7844,-0.95933,-0.35365,0.24965,0.56126,0.6094,0.54136,0.38331,0.33373,0.44267,0.79129,1.3215,1.7664,2.3578,2.9001,3.3667,3.6833,4.087,4.5,4.8235,5.2752,5.727,6.0426,6.4137,6.6977,6.8801,6.9505,6.9581,6.8562,6.7127,6.4236,5.9908,5.4182,4.8819,4.0113,2.9666,2.0365,0.66653,-0.80636,-1.9008,-3.2168,-4.1177,-4.527,-4.5775,-4.4714,-4.3281,-4.194,-4.1993,-4.3804,-4.6744,-5.261,-6.1303,-7.339,-8.5067,-10.265,-12.472,-14.301,-15.822,-13.694,-10.02,-7.6466,-5.0619,-3.0469,-1.8776,-0.7141,0.14128,0.68376,1.2906,1.8529,2.4643,2.9816,3.7741,4.6244,5.2377,5.9964,6.6033,6.9206,7.0994,6.9748,6.5049,5.9286,4.8318,3.3979,2.2002,0.80464,0.1613,0.43497,0.95107,1.6461,2.1116,2.2486,2.1298,1.6966,1.1835,0.22123,-1.0406,-2.6143,-4.0365,-6.2293,-8.8582,-11.139,-13.356,-12.715,-10.932,-8.1632,-5.7772,-3.8772,-2.7158,-1.4772,-0.56891,-0.054365,0.34458,0.47213,0.34875,0.10545,-0.40421,-1.1775,-2.0131,-3.3411,-4.9738,-6.2654,-7.4165,-6.8498,-4.9297,-3.4024,-1.718,-0.47547,0.15199,0.55746,0.52045,0.23232,-0.39427,-1.0758,-1.3821,-1.1435,-0.2921,0.73995,1.4149,2.0237,2.281,2.1698,1.8621,1.1833,0.24841,-0.57879,-1.8323,-3.3058,-4.6127,-6.8665,-10.314,-15.635,-16.35,-10.059,-5.5212,-3.113,-0.71907,0.99895,1.9673,2.8948,3.4572,3.7015,3.6836,3.4163,2.8926,2.3355,1.4117,0.30594,-0.92305
-9.4509,-9.0702,-8.6541,-8.4058,-8.3128,-8.1532,-7.9186,-7.4619,-6.5285,-5.2825,-3.9332,-3.007,-1.9622,-1.2107,-0.85257,-0.65113,-0.66104,-0.73082,-0.73441,-0.42564,0.26372,0.96379,1.9375,2.7807,3.2539,3.6782,3.8534,3.8584,3.7351,3.5477,3.3882,3.3286,3.3611,3.4718,3.575,3.6979,3.764,3.7556,3.7247,3.6485,3.5742,3.5513,3.5743,3.6727,3.8121,4.0581,4.3779,4.7601,5.0466,5.4421,5.7899,6.0109,6.2196,6.3296,6.336,6.2437,6.0587,5.8238,5.6364,5.3909,5.175,5.0149,4.7594,4.4036,3.8574,3.2808,2.24,0.83006,-0.51429,-2.7934,-5.8024,-8.584,-12.944,-15.621,-14.159,-12.496,-10.792,-9.4817,-8.6727,-7.6765,-6.8884,-6.5022,-6.3077,-6.4535,-6.9896,-7.7424,-9.248,-11.563,-13.813,-16.052,-13.801,-9.9414,-7.5765,-5.2176,-3.5366,-2.6177,-1.7311,-1.1486,-0.83211,-0.38434,0.21059,1.0922,1.9034,3.0852,4.2927,5.1474,6.1362,6.9137,7.3336,7.6828,7.7831,7.6247,7.3537,6.8217,6.1671,5.6382,4.9616,4.3837,3.937,3.6552,3.3313,2.966,2.6366,2.0678,1.3444,0.66727,-0.40024,-1.7076,-3.2865,-4.722,-7.0384,-9.9744,-12.705,-16.477,-15.083,-11.933,-8.2919,-5.5373,-3.3683,-2.0469,-0.63933,0.44142,1.0462,1.5944,1.8715,1.8525,1.6333,1.0765,0.13908,-0.86425,-2.7779,-5.7037,-9.0575,-15.682,-12.63,-7.0259,-4.3977,-2.1335,-0.83485,-0.35303,-0.29757,-0.94682,-1.9809,-4.4125,-9.0279,-19.283,-13.585,-5.9836,-2.102,-0.24125,1.4281,2.436,2.9724,3.1138,3.0033,2.6346,2.2067,1.4491,0.55178,-0.21645,-1.268,-2.1702,-2.7105,-2.6723,-1.9915,-0.8599,0.059907,1.231,2.2324,2.819,3.3564,3.6142,3.5831,3.3671,2.8137,1.9873,1.1747,-0.063002,-1.4074,-2.6818
-14.875,-13.688,-12.015,-10.238,-8.9671,-7.4939,-6.1887,-5.2844,-4.2425,-3.2818,-2.5078,-2.0368,-1.6495,-1.5833,-1.8153,-2.5751,-4.0381,-5.7542,-8.8589,-10.101,-6.4484,-3.4904,-0.50255,1.6287,2.8001,3.9394,4.7204,5.1151,5.4371,5.5953,5.6535,5.6706,5.6483,5.6105,5.5702,5.4923,5.374,5.2058,5.0263,4.7397,4.3758,4.0597,3.6295,3.2514,3.0701,3.0531,3.3273,3.8428,4.3156,4.9222,5.4107,5.6494,5.7605,5.599,5.2942,4.6367,3.7332,2.701,1.9762,1.3222,1.2015,1.3751,1.7082,1.9282,1.8445,1.5382,0.75198,-0.53389,-1.8489,-4.1441,-7.2389,-10.167,-14.741,-17.948,-17.774,-17.384,-17.173,-16.206,-14.69,-11.947,-9.6273,-8.2479,-6.9455,-6.1648,-5.7898,-5.6826,-5.8176,-6.0773,-6.2302,-6.1258,-5.6216,-4.8196,-4.1477,-3.3752,-2.8723,-2.7206,-2.8652,-3.473,-4.2869,-5.5504,-5.9713,-4.3964,-2.3865,0.33083,2.6352,4.0698,5.5857,6.7145,7.3344,7.8898,8.1519,8.1665,8.0209,7.6642,7.1576,6.7104,6.0302,5.2956,4.5331,3.9613,3.1829,2.3884,1.7776,0.95373,0.069594,-0.65062,-1.6803,-2.8183,-4.0481,-4.9973,-6.2399,-7.3642,-7.9891,-8.2402,-7.7191,-6.8924,-5.4331,-3.8108,-2.1977,-1.0928,0.17936,1.2418,1.864,2.5095,2.9156,3.0855,3.0556,2.7773,2.2564,1.7356,0.8335,-0.18146,-0.90962,-1.4827,-1.4225,-0.79777,-0.1742,0.55606,1.0193,1.1403,0.98038,0.41416,-0.2744,-1.5455,-2.899,-3.5967,-3.2167,-1.7267,0.055918,1.243,2.5302,3.4547,4.0501,4.3056,4.4286,4.3217,4.1106,3.695,3.1675,2.7391,2.1597,1.6814,1.3638,1.2934,1.3932,1.7021,2.0485,2.5462,3.0196,3.3065,3.545,3.5608,3.2928,2.8855,2.0267,0.74576,-0.51152,-2.6686,-5.4491,-8.7437
-24.539,-26.26,-18.415,-13.222,-10.581,-8.0156,-6.1102,-5.0659,-3.918,-3.0473,-2.4149,-2.0853,-1.868,-1.933,-2.2025,-2.922,-4.2023,-5.5671,-7.6377,-8.0961,-5.5685,-3.1692,-0.44916,1.6118,2.7966,3.9761,4.7809,5.1776,5.4962,5.6233,5.6101,5.5344,5.3827,5.2131,5.0853,4.912,4.7219,4.478,4.2155,3.717,2.9856,2.228,0.89323,-0.80872,-2.1617,-3.1832,-2.2948,-0.31913,1.1737,2.7519,3.8296,4.304,4.5132,4.2135,3.6341,2.324,0.23069,-2.9999,-6.5333,-11.555,-8.4974,-5.2494,-2.4678,-0.93411,-0.19393,-0.039488,-0.29049,-1.0035,-1.8211,-3.2603,-5.0351,-6.5417,-8.7216,-10.99,-13.579,-16.043,-20.925,-24.22,-19.256,-13.885,-10.459,-8.6845,-6.9416,-5.7099,-4.8781,-4.4155,-3.9497,-3.575,-3.3394,-3.0621,-2.774,-2.5282,-2.3756,-2.2623,-2.3615,-2.6364,-3.3943,-4.764,-6.4007,-10.013,-14.632,-9.8958,-5.4795,-1.3581,1.5572,3.2018,4.9019,6.1253,6.7843,7.3421,7.5807,7.5459,7.3591,6.9149,6.2651,5.6654,4.7372,3.6912,2.5528,1.6666,0.46769,-0.6882,-1.5021,-2.4804,-3.3741,-3.9775,-4.8277,-5.7583,-6.818,-7.624,-8.6744,-9.4562,-9.7003,-9.3826,-8.3948,-7.2556,-5.6395,-3.9917,-2.4396,-1.378,-0.096152,0.97594,1.6541,2.3807,2.9126,3.2725,3.4363,3.5089,3.4425,3.307,3.0723,2.8167,2.654,2.5162,2.4819,2.5309,2.5795,2.6474,2.6456,2.5764,2.3592,2.0243,1.7218,1.3414,1.0614,1.0178,1.1706,1.6111,2.2214,2.7372,3.4083,3.9828,4.4055,4.6089,4.7267,4.6463,4.4681,4.0911,3.5544,3.0847,2.3894,1.6694,1.0638,0.72693,0.5231,0.63752,0.91499,1.43,1.969,2.3227,2.6471,2.7225,2.4958,2.0938,1.2239,-0.098303,-1.4176,-3.7476,-6.8583,-10.966
-13.931,-14.012,-12.547,-10.347,-8.8016,-7.0885,-5.7812,-5.0328,-4.246,-3.7103,-3.2984,-3.0739,-2.7983,-2.5717,-2.428,-2.3005,-2.1939,-2.0835,-1.7919,-1.2254,-0.32023,0.49706,1.6312,2.6641,3.3114,3.9623,4.3434,4.4616,4.4149,4.1575,3.7293,3.3243,2.7837,2.3153,2.0765,1.9464,1.9811,2.0492,2.0503,1.8312,1.2606,0.50978,-1.136,-3.8822,-7.1574,-12.867,-8.4339,-3.1285,-0.59684,1.6835,3.0888,3.7083,4.0244,3.811,3.3018,2.1402,0.41052,-1.8995,-3.8099,-5.5897,-5.2297,-4.1026,-2.6027,-1.5611,-0.96226,-0.77478,-0.81029,-1.1239,-1.5251,-2.2958,-3.2633,-4.1269,-5.3564,-6.6884,-8.0504,-8.9876,-9.9726,-10.279,-10.055,-9.2144,-8.151,-7.3398,-6.3622,-5.4933,-4.7335,-4.2874,-3.7219,-3.2579,-2.9538,-2.6448,-2.4219,-2.275,-2.234,-2.2593,-2.3756,-2.5304,-2.8286,-3.2014,-3.4338,-3.5389,-3.1257,-2.0624,-0.90325,0.82016,2.4669,3.5641,4.7673,5.6501,6.0937,6.4104,6.4334,6.1577,5.7797,5.0496,4.0815,3.1966,1.8504,0.30594,-1.4343,-2.8728,-4.9189,-6.9188,-8.1562,-9.2249,-9.5409,-9.5698,-9.6832,-10.121,-11.082,-12.257,-14.698,-18.27,-20.632,-18.411,-13.857,-11.029,-8.1263,-5.8312,-3.9876,-2.8162,-1.4661,-0.36501,0.33907,1.1124,1.7258,2.1932,2.4617,2.7513,2.9479,3.0339,3.1152,3.1589,3.1878,3.1883,3.1816,3.1411,3.0777,2.949,2.7509,2.5493,2.2081,1.8148,1.5081,1.1641,0.92322,0.84719,0.93074,1.2178,1.6678,2.0748,2.6343,3.1538,3.5687,3.7807,3.8894,3.7983,3.5864,3.0911,2.3475,1.6001,0.37509,-1.16,-2.921,-4.2572,-5.3662,-4.9822,-3.9433,-2.2428,-0.72265,0.17813,1.0322,1.4998,1.597,1.4251,0.86955,-0.037219,-0.9409,-2.4152,-4.0721,-5.6966
-6.6989,-6.7158,-6.4419,-5.9542,-5.5444,-5.0902,-4.8228,-4.7252,-4.8493,-5.1243,-5.4062,-5.4734,-5.217,-4.539,-3.8471,-2.8243,-1.7773,-1.0251,-0.063976,0.85932,1.7376,2.3375,3.0412,3.5956,3.8877,4.0663,3.9887,3.7516,3.1628,2.2447,0.98476,-0.18099,-1.9801,-3.7281,-4.4898,-4.1371,-2.7277,-1.2099,-0.27231,0.61806,1.0693,1.1505,0.96351,0.58952,0.32207,0.31113,0.89764,1.928,2.7969,3.8462,4.6333,5.0105,5.2127,5.0809,4.7712,4.1037,3.2072,2.1863,1.4219,0.55044,-0.089603,-0.40734,-0.70048,-0.87043,-0.98792,-1.0559,-1.1314,-1.2326,-1.3581,-1.6026,-1.975,-2.3429,-2.9594,-3.6638,-4.415,-4.9768,-5.64,-6.1697,-6.4237,-6.6925,-6.8194,-6.7783,-6.535,-6.1504,-5.5958,-5.1493,-4.5654,-4.0501,-3.7244,-3.3587,-3.1331,-3.028,-3.0417,-3.1713,-3.3428,-3.4391,-3.3989,-3.1059,-2.6983,-1.8988,-0.86595,0.32124,1.2556,2.4984,3.6352,4.3731,5.148,5.6568,5.8457,5.8395,5.523,4.8929,4.2163,3.0613,1.6453,0.43106,-1.3686,-3.3846,-5.6942,-7.7087,-11.177,-16.276,-22.815,-25.398,-17.887,-15.314,-13.459,-12.799,-12.956,-13.627,-15.032,-16.881,-17.776,-16.439,-13.493,-11.35,-8.8255,-6.7713,-5.1413,-4.1143,-2.9949,-2.066,-1.4784,-0.80693,-0.23917,0.23984,0.54838,0.91881,1.2462,1.4877,1.7585,1.9937,2.1342,2.2854,2.3732,2.3863,2.3426,2.1499,1.8015,1.4313,0.81558,0.066911,-0.54861,-1.4081,-2.1193,-2.5134,-2.4886,-2.0144,-1.1536,-0.40696,0.577,1.4519,2.1377,2.5038,2.7679,2.7748,2.5932,2.0844,1.2546,0.38189,-1.1866,-3.3946,-6.7022,-10.526,-20.313,-14.447,-9.0841,-4.9703,-2.3968,-1.0306,0.25676,1.069,1.4657,1.5221,1.2792,0.69637,0.045924,-1.0872,-2.5242,-4.2455
-4.0946,-3.859,-3.5161,-3.2544,-3.1721,-3.2678,-3.7121,-4.355,-5.7281,-7.79,-10.749,-13.042,-13.146,-9.8036,-7.3645,-4.6936,-2.6009,-1.2897,0.20724,1.4754,2.5164,3.153,3.8038,4.2025,4.3215,4.2293,3.8364,3.3221,2.3217,0.91833,-0.97248,-2.8103,-6.2186,-11.888,-19.598,-13.267,-6.7876,-3.1142,-1.2447,0.58727,1.8654,2.5543,3.2439,3.7511,4.0824,4.523,5.0026,5.5204,5.9065,6.3756,6.7362,6.9028,6.9711,6.8342,6.5963,6.1033,5.4091,4.556,3.8193,2.7153,1.4941,0.50871,-0.86152,-2.133,-3.0275,-3.2683,-3.0467,-2.5,-2.0717,-1.6059,-1.3772,-1.3455,-1.526,-1.9189,-2.4922,-3.0308,-3.884,-4.9141,-5.7701,-7.0172,-8.2563,-9.0584,-9.6075,-9.3523,-8.5466,-7.6859,-6.6804,-5.7885,-5.2743,-4.7662,-4.4959,-4.5234,-4.7333,-5.3053,-6.205,-6.968,-7.6255,-7.0368,-5.7522,-3.5433,-1.3504,0.5937,1.8574,3.2707,4.4037,5.0511,5.6553,5.9456,5.9556,5.6618,4.9907,3.9496,2.9022,1.1516,-0.96871,-2.7265,-5.1522,-7.3581,-9.1607,-10.417,-12.018,-13.796,-14.907,-15.426,-14.564,-13.693,-12.7,-12.089,-11.839,-11.812,-11.845,-11.776,-11.538,-10.953,-10.023,-9.2527,-8.1044,-7.0334,-6.0736,-5.465,-4.8341,-4.3482,-4.0683,-3.7517,-3.4178,-3.0173,-2.6798,-2.2545,-1.8256,-1.4961,-1.0825,-0.66142,-0.35182,0.08384,0.44831,0.69608,0.76308,0.64705,0.25451,-0.25038,-1.2211,-2.5821,-3.8885,-6.1267,-8.9465,-11.693,-12.031,-9.4487,-6.315,-4.3281,-2.1874,-0.57601,0.59411,1.2036,1.7201,1.8878,1.8062,1.4467,0.80669,0.17371,-0.90917,-2.1528,-3.4982,-4.3949,-5.0504,-4.7642,-4.0269,-2.6757,-1.2842,-0.33943,0.71896,1.5121,2.0216,2.2076,2.1936,1.861,1.3898,0.47648,-0.82477,-2.5865
