-0.68233,-0.51397,-0.28489,-0.058191,0.11064,0.32805,0.53444,0.67766,0.84719,0.9905,1.1028,1.1656,1.2211,1.2404,1.2294,1.1744,1.0721,0.97058,0.80074,0.58815,0.32599,0.094741,-0.26402,-0.68184,-1.0343,-1.5585,-2.1443,-2.6338,-3.3589,-4.1789,-5.1013,-5.8658,-6.9875,-8.2471,-9.292,-10.838,-12.571,-14.471,-15.951,-17.731,-18.705,-18.662,-17.761,-16.484,-15.522,-14.343,-13.285,-12.343,-11.712,-10.946,-10.244,-9.7739,-9.2063,-8.6989,-8.3559,-7.9305,-7.5338,-7.1777,-6.9475,-6.6935,-6.5254,-6.4545,-6.456,-6.5967,-6.8934,-7.227,-7.8546,-8.7302,-9.5813,-11.043,-12.931,-14.576,-16.451,-16.177,-13.728,-11.652,-9.1953,-7.1547,-5.8728,-4.4168,-3.2028,-2.4262,-1.5431,-0.8158,-0.22858,0.13068,0.51041,0.78163,0.91779,1.0203,1.0327,0.95499,0.83888,0.6095,0.29792,0.0097915,-0.44532,-0.9796,-1.4332,-2.1119,-2.8742,-3.7155,-4.3933,-5.3508,-6.3556,-7.1351,-8.1771,-9.1833,-9.8664,-10.595,-11.058,-11.226,-11.179,-10.944,-10.599,-10.307,-9.9312,-9.5998,-9.3208,-9.1486,-8.9792,-8.8828,-8.8634,-8.8958,-8.9937,-9.1001,-9.275,-9.5098,-9.8455,-10.163,-10.661,-11.253,-11.745,-12.436,-13.154,-13.706,-14.4,-14.967,-15.291,-15.301,-14.956,-14.156,-13.322,-12.022,-10.607,-9.1697,-8.1072,-6.7317,-5.4257,-4.4998,-3.3421,-2.2651,-1.5082,-0.57013,0.28656,1.0658,1.5992,2.2431,2.8146,3.1972,3.6456,4.022,4.2573,4.511,4.6979,4.8175,4.8631,4.8671,4.8078,4.7211,4.5484,4.3114,4.0112,3.744,3.3272,2.8458,2.4424,1.8495,1.1915,0.65725,-0.1111,-0.94012,-1.8229,-2.5191,-3.4871,-4.4907,-5.2592,-6.2822,-7.2826,-7.9977,-8.8656,-9.607,-10.172,-10.468,-10.71,-10.777,-10.728,-10.576,-10.354,-10.101
-0.84868,-0.64548,-0.39066,-0.15609,0.0047283,0.19593,0.36481,0.47551,0.60261,0.70898,0.79908,0.85581,0.91439,0.95461,0.97323,0.98357,0.97146,0.94316,0.87376,0.76162,0.5988,0.43775,0.16439,-0.18347,-0.4972,-0.99141,-1.5764,-2.0772,-2.8313,-3.6844,-4.6392,-5.4206,-6.541,-7.7371,-8.6674,-9.9223,-11.138,-12.219,-12.876,-13.462,-13.667,-13.572,-13.174,-12.547,-11.974,-11.113,-10.186,-9.2265,-8.4998,-7.536,-6.5968,-5.9181,-5.0543,-4.2445,-3.678,-2.9852,-2.3648,-1.8168,-1.4544,-1.0398,-0.70811,-0.51781,-0.34522,-0.26452,-0.27405,-0.33836,-0.49381,-0.7192,-0.91938,-1.2076,-1.4853,-1.656,-1.7903,-1.7787,-1.592,-1.3409,-0.87402,-0.3027,0.16509,0.80887,1.4427,1.8952,2.4532,2.9478,3.3692,3.6316,3.9051,4.0886,4.1648,4.1817,4.1,3.9168,3.712,3.3486,2.879,2.4564,1.7979,1.0284,0.37827,-0.58453,-1.6571,-2.8417,-3.8042,-5.186,-6.6668,-7.8297,-9.3948,-10.852,-11.727,-12.358,-12.239,-11.519,-10.768,-9.6912,-8.6518,-7.938,-7.0982,-6.3875,-5.8081,-5.4577,-5.0995,-4.8715,-4.778,-4.7543,-4.8514,-5.0062,-5.3247,-5.7785,-6.3799,-6.9353,-7.8357,-8.9377,-9.9235,-11.495,-13.456,-15.3,-18.601,-23.911,-33.96,-27.66,-20.344,-16.16,-13.864,-11.385,-9.3047,-7.4795,-6.2332,-4.6907,-3.2645,-2.2597,-1.0014,0.17202,0.99873,2.0294,2.9773,3.8447,4.4411,5.1633,5.8019,6.2255,6.7158,7.1209,7.3683,7.6224,7.7901,7.8721,7.8777,7.8114,7.6613,7.4942,7.1996,6.8237,6.3676,5.9739,5.3819,4.7153,4.1669,3.3734,2.5093,1.8171,0.8375,-0.20545,-1.3097,-2.1756,-3.3822,-4.6423,-5.6207,-6.9663,-8.3452,-9.3887,-10.767,-12.066,-13.172,-13.792,-14.235,-14.217,-13.937,-13.348,-12.649,-11.92
-2.0315,-1.6936,-1.2507,-0.85125,-0.6045,-0.36843,-0.25914,-0.27654,-0.42412,-0.70401,-1.0723,-1.3726,-1.7289,-1.9157,-1.8792,-1.5651,-1.0034,-0.49442,0.20684,0.84841,1.38,1.6842,1.9525,2.0556,2.0231,1.8329,1.4739,1.0939,0.43732,-0.38976,-1.3871,-2.2435,-3.5301,-4.9783,-6.1649,-7.879,-9.7087,-11.585,-12.932,-14.485,-15.604,-16.111,-16.365,-16.217,-15.814,-14.79,-13.161,-11.076,-9.4024,-7.1733,-5.0839,-3.6368,-1.872,-0.29627,0.76611,2.0279,3.1217,4.0599,4.6718,5.3633,5.9157,6.2435,6.5687,6.7707,6.8599,6.8548,6.757,6.5606,6.3549,6.0107,5.6033,5.2615,4.7847,4.3159,3.8986,3.6555,3.4734,3.5067,3.6904,4.1241,4.7284,5.2483,5.9733,6.6797,7.3229,7.7459,8.2155,8.5637,8.7421,8.866,8.8536,8.7022,8.4964,8.0991,7.5612,7.0622,6.264,5.3113,4.4914,3.2551,1.8457,0.24999,-1.0689,-2.9978,-5.0839,-6.6785,-8.5711,-9.615,-9.5491,-8.5642,-7.124,-5.6469,-4.6111,-3.3492,-2.2363,-1.4993,-0.64096,0.07666,0.67429,1.0405,1.4109,1.6585,1.7696,1.8226,1.7747,1.677,1.4672,1.1691,0.78944,0.45575,-0.045913,-0.60318,-1.0432,-1.6303,-2.2162,-2.6365,-3.1338,-3.5097,-3.7242,-3.7796,-3.7089,-3.4944,-3.2555,-2.8562,-2.3782,-1.8098,-1.3173,-0.56526,0.30399,1.0294,2.0789,3.1983,4.0575,5.205,6.3175,7.3653,8.0961,8.9854,9.7657,10.276,10.855,11.313,11.577,11.822,11.945,11.945,11.867,11.66,11.336,11.019,10.497,9.8684,9.1366,8.5242,7.6256,6.6459,5.8613,4.7565,3.5951,2.6959,1.4702,0.22356,-1.0335,-1.9833,-3.2592,-4.5736,-5.5984,-7.0377,-8.6181,-9.929,-11.896,-14.092,-16.291,-17.491,-17.658,-16.242,-14.869,-13.161,-11.791,-10.739
-12.593,-8.5049,-5.205,-3.1277,-2.0779,-1.1669,-0.7279,-0.68543,-0.99629,-1.7457,-3.0128,-4.3612,-6.8845,-10.287,-12.235,-10.205,-6.3826,-4.05,-1.6604,0.12315,1.4518,2.2155,2.9757,3.4761,3.699,3.8096,3.7139,3.5088,3.06,2.4102,1.5613,0.78387,-0.44845,-1.9253,-3.2111,-5.159,-7.3263,-9.5164,-10.886,-11.855,-11.698,-11.251,-10.691,-10.372,-10.31,-10.323,-10.035,-8.8689,-7.3733,-4.9409,-2.4903,-0.77319,1.2798,3.0723,4.2589,5.6513,6.8452,7.8547,8.499,9.2136,9.765,10.08,10.375,10.53,10.548,10.472,10.248,9.8773,9.4982,8.8477,8.009,7.2334,5.9529,4.3052,2.1017,-0.13638,-4.5859,-12.252,-10.612,-3.2477,1.0266,3.2537,5.4985,7.1955,8.5022,9.28,10.09,10.673,10.978,11.219,11.282,11.172,10.982,10.593,10.055,9.5547,8.7614,7.8261,7.0366,5.8719,4.589,3.1992,2.1032,0.59779,-0.87649,-1.8684,-2.8448,-3.2116,-3.0328,-2.327,-1.3235,-0.24497,0.54076,1.5039,2.3423,2.8823,3.4745,3.9251,4.2498,4.4096,4.5107,4.492,4.4018,4.1885,3.8906,3.6272,3.2419,2.8481,2.4746,2.2277,1.9584,1.7572,1.6522,1.5565,1.4847,1.4313,1.3643,1.2892,1.183,1.0612,0.82192,0.46018,0.082798,-0.61095,-1.6096,-3.0672,-4.6272,-7.7588,-12.724,-13.591,-7.2202,-2.2885,0.43538,3.2987,5.5733,7.4281,8.6021,9.9237,11,11.661,12.362,12.869,13.125,13.309,13.316,13.147,12.907,12.435,11.793,11.2,10.263,9.1604,7.9005,6.8559,5.3393,3.6924,2.3817,0.53968,-1.391,-2.8813,-4.878,-6.7849,-8.3782,-9.1908,-9.6461,-9.5089,-9.2247,-8.7992,-8.4532,-8.2909,-8.1567,-8.0714,-7.9903,-7.961,-7.936,-7.9329,-7.929,-7.9413,-8.0159,-8.1877
-1.4388,-1.2839,-0.98781,-0.69314,-0.52767,-0.40935,-0.43982,-0.57156,-0.87591,-1.3078,-1.8143,-2.1984,-2.6523,-2.9489,-3.0162,-2.8702,-2.4591,-2.0207,-1.3269,-0.57332,0.16086,0.67074,1.269,1.7484,2.0223,2.2756,2.3984,2.4037,2.3032,2.0895,1.7735,1.4781,1.02,0.51258,0.11682,-0.40755,-0.89599,-1.3173,-1.5705,-1.7968,-1.8848,-1.8753,-1.7893,-1.6088,-1.4124,-1.0552,-0.58815,0.0010275,0.51864,1.3018,2.1711,2.8606,3.7978,4.7201,5.3851,6.2171,6.9675,7.6241,8.0492,8.5194,8.8747,9.0628,9.2141,9.2462,9.1595,9.017,8.7291,8.3347,7.9793,7.4327,6.8237,6.3389,5.6806,5.0456,4.4788,4.1353,3.8533,3.8249,3.99,4.4512,5.1223,5.7057,6.5196,7.3082,8.0183,8.4786,8.9776,9.3357,9.5072,9.6022,9.543,9.324,9.0557,8.5627,7.9123,7.323,6.4009,5.3346,4.4491,3.1731,1.8416,0.53754,-0.34913,-1.291,-1.8497,-1.9848,-1.8279,-1.3906,-0.95002,-0.28656,0.4045,1.0708,1.5333,2.0786,2.5209,2.7844,3.0189,3.1074,3.0445,2.891,2.5393,2.0058,1.4716,0.55866,-0.60566,-1.655,-3.3189,-5.255,-7.2231,-8.312,-8.4969,-7.3207,-6.1185,-4.5906,-3.328,-2.5601,-1.7393,-1.1172,-0.68036,-0.45744,-0.29116,-0.24449,-0.27595,-0.38942,-0.5675,-0.78215,-0.92916,-1.0383,-0.91847,-0.59374,0.20882,1.38,2.4136,3.8678,5.2981,6.6276,7.5315,8.593,9.4793,10.023,10.584,10.952,11.102,11.127,10.948,10.559,10.123,9.3417,8.3156,7.3742,5.8683,4.046,1.8572,-0.061173,-3.0412,-6.5454,-9.4368,-13.047,-15.031,-15.44,-15.941,-17.136,-18.948,-19.763,-18.337,-15.451,-13.508,-11.467,-9.9961,-9.2088,-8.5075,-8.0704,-7.8499,-7.8116,-7.9423,-8.2644,-8.6199,-9.2391,-9.9963,-10.883
2.5907,2.5278,2.4078,2.2152,2.0007,1.6109,1.0782,0.56524,-0.29454,-1.3731,-2.6689,-3.7647,-5.3091,-6.6906,-7.2808,-7.1681,-6.1305,-5.0861,-3.6804,-2.4069,-1.3371,-0.66927,0.054242,0.60009,0.90808,1.2164,1.4213,1.521,1.5987,1.627,1.6117,1.5715,1.4842,1.3689,1.2684,1.1079,0.91773,0.71153,0.56369,0.39433,0.26925,0.21305,0.19774,0.28767,0.43133,0.72644,1.1425,1.6665,2.1145,2.7676,3.4542,3.9774,4.6754,5.36,5.8518,6.4661,7.019,7.4993,7.8052,8.1305,8.3516,8.4427,8.4674,8.3635,8.1135,7.8302,7.317,6.6483,6.0518,5.1413,4.1373,3.3688,2.4355,1.7726,1.5448,1.6974,2.2615,3.0702,3.7463,4.6674,5.5562,6.1789,6.9301,7.5832,8.1279,8.4599,8.7966,9.007,9.0816,9.0717,8.9357,8.6641,8.368,7.8428,7.1576,6.5295,5.51,4.2515,3.1113,1.2534,-1.1489,-4.4318,-7.944,-15.857,-16.175,-10.223,-5.7742,-3.0303,-1.5505,-0.053689,1.0712,1.9236,2.4181,2.9133,3.2447,3.4036,3.4853,3.411,3.1848,2.9085,2.3994,1.7198,1.0816,0.046582,-1.2112,-2.3125,-3.9987,-5.8732,-7.6515,-8.5463,-8.582,-7.5038,-6.4208,-5.0192,-3.8225,-3.0873,-2.2981,-1.7082,-1.327,-1.164,-1.0815,-1.0869,-1.1246,-1.1797,-1.1752,-1.038,-0.80185,-0.27634,0.48326,1.1833,2.2386,3.3795,4.2593,5.427,6.556,7.6075,8.3313,9.1897,9.9123,10.354,10.804,11.085,11.18,11.144,10.921,10.5,10.05,9.262,8.253,7.3438,5.9164,4.2337,2.2932,0.6829,-1.6093,-3.889,-5.3761,-6.7232,-7.2661,-7.3223,-7.211,-7.0593,-6.8877,-6.7282,-6.4482,-6.0798,-5.7814,-5.3964,-5.0391,-4.8188,-4.6855,-4.7424,-4.9712,-5.2549,-5.821,-6.6382,-7.4413,-8.8027,-10.562,-12.825
3.3419,3.5234,3.6676,3.6777,3.5729,3.2747,2.7793,2.2667,1.3611,0.16569,-1.3672,-2.7857,-5.0402,-7.4256,-8.6583,-8.3496,-6.5358,-5.0788,-3.4674,-2.2921,-1.5037,-1.1377,-0.89981,-0.91873,-1.0635,-1.3638,-1.6989,-1.891,-1.9832,-1.8349,-1.4837,-1.1531,-0.71243,-0.35274,-0.16277,-0.053501,-0.12614,-0.39266,-0.7214,-1.34,-2.1471,-2.8212,-3.709,-4.3404,-4.4662,-4.048,-3.075,-1.8584,-0.92797,0.24336,1.2843,1.9752,2.7851,3.495,3.9769,4.5667,5.1034,5.5944,5.9291,6.3217,6.6343,6.8026,6.9237,6.8917,6.6813,6.4012,5.8368,5.0179,4.1981,2.7542,0.77797,-1.2147,-5.0604,-11.928,-15.347,-8.4798,-3.3225,-0.1617,1.5524,3.3074,4.6416,5.4359,6.2724,6.8958,7.3225,7.5314,7.6771,7.6892,7.6216,7.449,7.2179,6.9557,6.7523,6.4668,6.158,5.9029,5.5081,5.0347,4.613,3.9709,3.2643,2.5589,2.0885,1.6255,1.4285,1.4643,1.6884,2.0178,2.2752,2.5815,2.8253,3.0033,3.094,3.1634,3.1749,3.1581,3.0932,2.961,2.7441,2.5037,2.0772,1.5273,1.0337,0.27211,-0.57549,-1.2386,-2.1211,-2.9107,-3.5097,-3.7965,-3.9383,-3.8167,-3.585,-3.1683,-2.6966,-2.3698,-2.014,-1.8211,-1.8607,-2.0412,-2.5135,-3.3152,-4.1985,-5.8501,-8.1711,-10.99,-12.033,-9.5391,-5.7343,-3.2478,-0.50798,1.737,3.179,4.8497,6.2811,7.5137,8.3166,9.2324,9.982,10.435,10.897,11.199,11.318,11.336,11.195,10.895,10.569,9.9993,9.2861,8.6623,7.728,6.6946,5.594,4.7486,3.6252,2.5554,1.8136,0.93193,0.18532,-0.28196,-0.78724,-1.168,-1.4165,-1.5328,-1.6074,-1.6144,-1.6015,-1.585,-1.5885,-1.5947,-1.6425,-1.7868,-2.0524,-2.3292,-2.8109,-3.427,-3.9997,-4.921,-6.0105,-7.2244
0.7799,1.4182,2.0883,2.5744,2.815,2.9779,2.9693,2.8572,2.5841,2.1871,1.6962,1.293,0.76444,0.29161,0.00038498,-0.26586,-0.4321,-0.52268,-0.64864,-0.85267,-1.2184,-1.6383,-2.4533,-3.6462,-4.8686,-7.1598,-10.707,-15.009,-23.468,-15.244,-9.9545,-7.5294,-5.3453,-3.9286,-3.238,-2.6996,-2.5512,-2.7655,-3.1771,-4.1278,-5.6068,-7.1579,-10.098,-14.487,-17.506,-14.41,-10.001,-7.0358,-5.4903,-4.0335,-3.0768,-2.61,-2.2428,-2.0701,-2.006,-1.8726,-1.5464,-0.96244,-0.37713,0.50305,1.3791,1.9719,2.6272,3.097,3.3811,3.4682,3.4013,3.1339,2.8062,2.2273,1.5421,1.0014,0.34283,-0.10039,-0.20669,-0.037352,0.46089,1.1451,1.7061,2.4457,3.11,3.5347,3.9788,4.261,4.3444,4.2638,3.9407,3.3537,2.7322,1.6746,0.47078,-0.57614,-0.96352,-0.70159,0.22899,1.0755,2.1184,2.9408,3.401,3.8185,4.0431,4.1095,4.0731,3.9221,3.6768,3.4356,3.031,2.5211,2.0662,1.3511,0.53803,-0.32178,-0.91629,-1.5216,-1.8205,-1.8201,-1.5994,-1.2834,-1.0124,-0.91162,-0.97394,-1.2902,-1.7068,-2.5244,-3.6667,-4.7433,-6.4967,-8.5734,-10.643,-11.617,-11.316,-9.7056,-8.3376,-6.7345,-5.4827,-4.7585,-4.0713,-3.6867,-3.5627,-3.6093,-3.8809,-4.4017,-4.9518,-5.8302,-6.7477,-7.4448,-7.535,-6.746,-5.1163,-3.6573,-1.7099,0.090327,1.3267,2.8179,4.1315,5.2787,6.0301,6.8971,7.6096,8.0438,8.492,8.7944,8.9265,8.9783,8.8956,8.6811,8.4391,8.0109,7.4734,7.0008,6.2877,5.4833,4.5954,3.8779,2.8614,1.7838,0.94051,-0.21241,-1.3564,-2.1646,-3.0953,-3.7454,-4.0462,-4.0555,-3.8498,-3.5044,-3.2217,-2.8822,-2.6471,-2.5332,-2.4586,-2.4507,-2.525,-2.6168,-2.7761,-2.954,-3.0991,-3.3094,-3.539,-3.7895
-1.87,-0.89358,0.14641,0.94745,1.4195,1.8955,2.2099,2.3508,2.4288,2.3926,2.2682,2.1263,1.8877,1.6045,1.3695,1.034,0.67265,0.37607,-0.056413,-0.54363,-1.1073,-1.589,-2.3344,-3.1987,-3.9267,-4.9723,-5.9798,-6.5898,-6.9865,-6.7662,-6.1031,-5.4833,-4.6695,-3.9752,-3.581,-3.2303,-3.0673,-3.0861,-3.2045,-3.4802,-3.8709,-4.2231,-4.6994,-5.0601,-5.1729,-5.1303,-4.9097,-4.6462,-4.4944,-4.489,-4.8008,-5.2979,-6.4301,-8.3097,-10.486,-15.306,-22.941,-15.459,-10.957,-7.1627,-4.6317,-3.2266,-1.8024,-0.76664,-0.014508,0.37607,0.69678,0.83015,0.82918,0.71864,0.50126,0.28201,-0.052496,-0.39209,-0.71143,-0.90537,-1.0573,-1.0623,-0.94191,-0.61102,-0.12844,0.28665,0.82953,1.2733,1.5284,1.5538,1.306,0.66821,-0.12485,-1.7256,-4.1426,-7.3716,-9.1581,-7.3779,-3.8756,-1.7241,0.43496,1.9672,2.8041,3.5935,4.0727,4.295,4.3165,4.1653,3.809,3.4008,2.6573,1.6539,0.70212,-0.91064,-3.0723,-6.1209,-9.4486,-17.659,-23.207,-13.667,-8.5707,-5.8474,-4.2213,-3.4599,-2.901,-2.7816,-2.9433,-3.4954,-4.4283,-5.3872,-7.0279,-9.0621,-11.146,-12.122,-11.754,-10.135,-8.8323,-7.3463,-6.2508,-5.6614,-5.1489,-4.8873,-4.8243,-4.8772,-5.0893,-5.3848,-5.6165,-5.8751,-6.0198,-5.9738,-5.7802,-5.2864,-4.5359,-3.8553,-2.8423,-1.7649,-0.94206,0.14532,1.1793,2.1339,2.7813,3.5431,4.184,4.5779,4.9822,5.2437,5.3462,5.3617,5.2443,5.0015,4.7539,4.346,3.8641,3.4639,2.8833,2.2447,1.5276,0.91906,-0.029238,-1.1883,-2.25,-4.0103,-6.3476,-8.6809,-13.191,-20.485,-18.316,-13.674,-9.9351,-7.7059,-6.5997,-5.6144,-5.0915,-4.9644,-5.0582,-5.3488,-5.7285,-5.9901,-6.1911,-6.0985,-5.8321,-5.2749,-4.6212,-3.9932
-1.937,-1.1705,-0.2984,0.41219,0.8544,1.3407,1.7149,1.9231,2.1087,2.1914,2.1672,2.0836,1.8812,1.5795,1.2914,0.84243,0.33989,-0.062401,-0.60272,-1.118,-1.5662,-1.854,-2.1728,-2.4298,-2.5848,-2.7484,-2.8647,-2.9268,-2.9809,-2.994,-2.9712,-2.9464,-2.9272,-2.9201,-2.927,-2.9378,-2.9495,-2.9502,-2.9184,-2.8144,-2.6651,-2.5421,-2.3573,-2.1602,-2.0193,-1.8804,-1.8133,-1.8496,-1.9491,-2.2228,-2.7027,-3.2142,-4.0985,-5.1541,-5.9845,-6.9617,-7.4835,-7.3149,-6.8,-5.8429,-4.8309,-4.1178,-3.2592,-2.5202,-1.8936,-1.5193,-1.1353,-0.87092,-0.75617,-0.73796,-0.89978,-1.1491,-1.6623,-2.4235,-3.4927,-4.532,-6.3031,-8.3732,-9.5309,-9.0105,-6.5487,-4.5467,-2.2587,-0.48027,0.85304,1.6033,2.2934,2.6898,2.8363,2.882,2.8363,2.8243,2.9132,3.1996,3.6579,4.065,4.6122,5.1038,5.4066,5.6941,5.8334,5.8205,5.7131,5.4432,5.0277,4.6178,3.9431,3.1173,2.399,1.3197,0.12994,-1.1056,-1.9445,-2.7832,-3.1523,-3.0994,-2.6992,-2.1187,-1.5759,-1.2496,-0.95217,-0.83466,-0.85768,-1.0279,-1.345,-1.6541,-2.1209,-2.6074,-3.0318,-3.2802,-3.503,-3.6002,-3.636,-3.6916,-3.802,-3.9516,-4.2697,-4.7243,-5.343,-5.9366,-6.8974,-7.9227,-8.6863,-9.6573,-10.351,-10.525,-10.254,-9.4503,-8.3612,-7.4679,-6.2713,-5.0896,-4.2242,-3.1196,-2.0782,-1.106,-0.43088,0.39305,1.0948,1.5278,1.9652,2.2144,2.2682,2.1569,1.8294,1.2947,0.78224,-0.00098337,-0.77309,-1.2552,-1.6619,-1.7773,-1.7112,-1.6439,-1.64,-1.8294,-2.1289,-2.7513,-3.6187,-4.3648,-5.3299,-5.9456,-5.9478,-5.6019,-4.9206,-4.289,-3.9888,-3.87,-4.0895,-4.5267,-5.5935,-7.3376,-10.077,-13.288,-20.686,-18.741,-13.287,-8.9266,-6.1364,-4.1745
-0.58128,-0.32522,0.027702,0.39703,0.67897,1.06,1.4472,1.7311,2.0656,2.3111,2.4391,2.4229,2.2355,1.8442,1.4001,0.58549,-0.47247,-1.411,-2.7703,-4.0394,-4.7899,-4.8074,-4.2231,-3.318,-2.6444,-1.8755,-1.31,-1.0235,-0.8145,-0.81169,-0.99619,-1.2504,-1.7708,-2.4782,-3.1079,-3.9927,-4.7689,-5.1451,-5.0103,-4.2706,-3.1636,-2.2684,-1.116,-0.14335,0.44619,1.0494,1.4668,1.677,1.7111,1.5997,1.3126,0.99178,0.42654,-0.25567,-0.8141,-1.5918,-2.3551,-3.0791,-3.5782,-4.1271,-4.4915,-4.6173,-4.5086,-4.1271,-3.5388,-3.0576,-2.3675,-1.7421,-1.3672,-1.03,-0.89967,-0.91963,-1.1454,-1.619,-2.3654,-3.1481,-4.4766,-5.9497,-6.7068,-6.1401,-3.9122,-1.9673,0.41738,2.4086,4.0121,4.9987,6.0614,6.8715,7.3429,7.831,8.188,8.4375,8.5763,8.7126,8.8091,8.8534,8.8676,8.8263,8.7534,8.5962,8.3725,8.0771,7.8095,7.3974,6.9333,6.5571,6.0257,5.4548,5.0098,4.4095,3.8281,3.2799,2.9129,2.5276,2.2518,2.1091,1.9962,1.9712,2.0023,2.0409,2.1043,2.1607,2.1806,2.1804,2.136,2.0689,1.9404,1.7653,1.5418,1.3404,1.0202,0.63586,0.29542,-0.24721,-0.90472,-1.4909,-2.4129,-3.5294,-4.8938,-6.0887,-7.8978,-10.095,-12.204,-16.139,-22.937,-32.966,-22.209,-16.178,-12.913,-11.252,-9.6252,-8.3788,-7.587,-6.6322,-5.6478,-4.5153,-3.5957,-2.3207,-1.1163,-0.33816,0.49268,1.0225,1.2039,1.1178,0.60744,-0.41772,-1.6137,-4.0039,-7.8968,-12.75,-16.687,-9.1517,-4.8161,-2.7457,-0.85833,0.38041,1.0129,1.5724,1.8886,2.0272,2.1344,2.1974,2.2408,2.2554,2.2597,2.223,2.126,1.8317,1.3547,0.88869,0.089357,-0.89127,-1.9514,-2.6741,-3.3107,-3.2827,-2.7925,-1.768,-0.66743,0.34547
-0.63296,-1.1462,-1.8776,-2.4399,-2.5512,-2.1111,-1.1214,-0.21804,0.94367,1.9189,2.607,2.9264,3.0729,2.8819,2.4918,1.5933,0.18057,-1.3349,-4.2393,-8.8605,-15.001,-12.234,-6.661,-3.2653,-1.5755,-0.038186,0.90208,1.3201,1.5744,1.5028,1.126,0.64533,-0.29214,-1.6589,-3.0582,-5.6992,-9.9632,-19.203,-18.553,-8.8943,-4.1844,-1.8018,0.55892,2.2811,3.2604,4.2519,4.9463,5.3587,5.4894,5.4475,5.1851,4.8473,4.2059,3.3403,2.5397,1.2673,-0.25769,-2.0935,-3.7447,-6.4026,-9.6856,-12.261,-13.467,-10.955,-8.0157,-6.2066,-4.2575,-2.8225,-2.0355,-1.262,-0.71874,-0.41796,-0.13788,0.063143,0.2773,0.48748,0.88699,1.4736,2.0473,3.019,4.1798,5.1366,6.4404,7.7041,8.8645,9.6341,10.513,11.224,11.637,12.042,12.297,12.41,12.406,12.294,12.072,11.839,11.452,10.988,10.592,10.01,9.3942,8.76,8.2817,7.6533,7.0573,6.6446,6.1483,5.7178,5.4339,5.0963,4.797,4.5093,4.2776,3.9699,3.674,3.468,3.2021,2.9729,2.8291,2.7982,2.8673,3.065,3.2715,3.5881,3.9045,4.1032,4.3026,4.3913,4.3557,4.2427,3.9649,3.5334,3.1035,2.3762,1.4551,0.63056,-0.65982,-2.1653,-3.8395,-5.1601,-7.0523,-9.0643,-10.411,-11.862,-12.897,-13.038,-12.565,-11.603,-10.686,-10.183,-9.8626,-10.18,-11.049,-13.348,-16.178,-13.822,-9.9653,-5.8166,-2.809,-1.1003,0.61207,1.7953,2.3828,2.8002,2.8395,2.5304,2.0857,1.2899,0.44416,-0.0072244,-0.022763,0.72288,1.9135,2.8683,4.0482,5.041,5.6562,6.3154,6.8187,7.1076,7.3928,7.5809,7.687,7.7208,7.6952,7.5935,7.4831,7.2573,6.9367,6.6571,6.232,5.7701,5.3223,5.0277,4.7158,4.5079,4.4239,4.4319,4.5522,4.7406
-3.8381,-5.2525,-8.1959,-13.585,-22.535,-15.797,-8.5288,-5.4219,-2.6003,-0.68191,0.65209,1.3551,1.9775,2.2684,2.3049,2.1355,1.7245,1.3163,0.71489,0.18985,-0.068359,-0.021648,0.32431,0.82668,1.203,1.6029,1.8195,1.8355,1.6501,1.2551,0.6546,0.096928,-0.71485,-1.5768,-2.2135,-2.9556,-3.3886,-3.3111,-2.8608,-1.7869,-0.36125,0.79167,2.2371,3.4732,4.2605,5.1188,5.7144,6.0744,6.1855,6.1149,5.7919,5.3918,4.6441,3.6317,2.6898,1.1714,-0.66503,-2.8456,-4.7197,-7.5409,-10.475,-12.328,-13.267,-12.296,-10.423,-8.9006,-7.0411,-5.6936,-4.954,-4.2867,-3.9815,-4.0135,-4.2892,-4.5568,-4.3848,-3.7355,-2.1908,-0.26743,1.2156,3.1198,4.854,6.049,7.4837,8.7351,9.8059,10.486,11.221,11.766,12.049,12.25,12.249,12.065,11.806,11.304,10.627,10.013,9.0797,8.0309,7.1893,6.021,4.8211,3.6219,2.7482,1.6327,0.65217,0.060717,-0.44547,-0.5864,-0.50465,-0.27069,-0.051316,0.10586,0.11164,-0.077363,-0.49784,-0.96287,-1.7798,-2.817,-3.8431,-4.3385,-4.2391,-3.206,-2.1151,-0.6523,0.61724,1.3919,2.1765,2.705,2.982,3.0375,2.9249,2.5751,2.1692,1.4218,0.41554,-0.5243,-2.0541,-3.9638,-6.3705,-8.6279,-12.379,-16.751,-19.225,-17.986,-14.988,-12.659,-11.351,-10.093,-9.2142,-8.7037,-8.2949,-8.361,-8.6742,-9.1152,-9.1181,-8.1228,-6.6984,-4.4499,-2.3581,-1.0036,0.49337,1.6371,2.2965,2.937,3.3476,3.5855,3.6855,3.7661,3.8452,3.9435,4.1553,4.4721,4.8888,5.2394,5.7278,6.2071,6.542,6.9399,7.2836,7.4953,7.7212,7.884,7.9893,8.0361,8.0355,7.9469,7.8423,7.6725,7.4361,7.1982,6.8323,6.4068,5.9161,5.5213,4.9716,4.405,3.9677,3.3876,2.8878,2.5427
-5.4569,-5.7552,-6.1392,-6.3658,-6.3046,-5.7773,-4.795,-3.9123,-2.7436,-1.6846,-0.80801,-0.2542,0.34969,0.80837,1.0745,1.3614,1.5735,1.691,1.8061,1.897,1.9711,2.0199,2.0714,2.0712,2.0098,1.82,1.4892,1.1172,0.40585,-0.5517,-1.7828,-2.8923,-4.5266,-6.069,-6.8089,-6.7683,-5.6603,-4.0342,-2.7359,-1.0896,0.39512,1.4079,2.6068,3.6157,4.2598,4.9475,5.3999,5.6378,5.6854,5.5728,5.2402,4.8377,4.1077,3.1442,2.2541,0.81241,-0.94328,-3.0175,-4.837,-7.6961,-11.194,-14.397,-18.757,-17.906,-13.796,-11.343,-8.9154,-7.3892,-6.5974,-6.0444,-6.1751,-6.8377,-8.6015,-12.098,-19.001,-17.074,-8.9423,-4.036,-1.3709,1.4404,3.6802,5.0912,6.6833,7.9895,9.0343,9.6595,10.29,10.676,10.816,10.799,10.527,9.9929,9.4157,8.4047,7.0987,5.9263,4.1061,2.0446,0.41581,-1.7226,-3.6688,-5.3924,-6.6867,-8.7629,-11.687,-14.546,-16.829,-13.853,-11.261,-8.7422,-7.147,-6.1339,-5.6204,-5.3176,-5.4713,-5.919,-7.0097,-8.9428,-12.334,-16.408,-17.799,-11.417,-8.0744,-4.9842,-2.9135,-1.787,-0.72927,-0.058128,0.31022,0.41922,0.37902,0.14466,-0.14067,-0.68065,-1.412,-2.1079,-3.2493,-4.6942,-6.4579,-7.931,-10.063,-12.272,-13.215,-13.092,-12.037,-10.746,-9.9007,-8.9424,-8.0322,-7.4177,-6.7222,-6.0868,-5.5926,-4.884,-4.1624,-3.347,-2.6906,-1.7677,-0.87779,-0.27185,0.43752,1.0053,1.3344,1.6592,1.8775,2.0171,2.0979,2.2058,2.3409,2.4719,2.6868,2.9489,3.2308,3.4478,3.7249,3.9805,4.156,4.3617,4.5401,4.6581,4.7991,4.9245,5.0286,5.0876,5.1431,5.1599,5.1093,4.9853,4.7919,4.5858,4.2258,3.7629,3.1742,2.626,1.746,0.67328,-0.29332,-1.8971,-3.9087,-6.2241
-7.6237,-6.518,-5.2296,-4.2735,-3.741,-3.1481,-2.6607,-2.3731,-2.1031,-1.9401,-1.8154,-1.7107,-1.4986,-1.1275,-0.73276,-0.10622,0.57826,1.0822,1.6786,2.1627,2.5195,2.6883,2.8011,2.766,2.648,2.34,1.852,1.357,0.49234,-0.66857,-2.2076,-3.7371,-6.5015,-10.497,-14.232,-13.466,-8.1625,-4.4269,-2.3488,-0.17984,1.5221,2.5602,3.6749,4.5652,5.0865,5.5844,5.8984,6.0314,6.0144,5.8545,5.5497,5.2211,4.6464,3.9213,3.2758,2.2682,1.0623,-0.35164,-1.5555,-3.3604,-5.3236,-6.75,-8.0451,-8.0814,-7.0069,-5.9589,-4.7472,-3.8228,-3.276,-2.8652,-2.7963,-2.8693,-3.0429,-3.1481,-2.9226,-2.4106,-1.2505,0.29726,1.58,3.2929,4.9165,6.0379,7.3643,8.4957,9.4111,9.9445,10.46,10.728,10.762,10.585,10.142,9.4015,8.6291,7.283,5.5179,3.8478,1.012,-2.8172,-6.7984,-15.592,-23.28,-14.026,-11.97,-11.327,-11.923,-12.729,-13.368,-12.641,-11.734,-10.731,-9.9771,-9.5152,-9.1389,-8.4062,-7.5228,-6.9661,-6.4074,-6.041,-5.8025,-5.5481,-5.0227,-4.2073,-3.5016,-2.605,-1.8652,-1.474,-1.1821,-1.1496,-1.3057,-1.5131,-1.8321,-2.0763,-2.1991,-2.2967,-2.3655,-2.4623,-2.6993,-3.0927,-3.6416,-4.1452,-4.9322,-5.6597,-6.0823,-6.6769,-7.2312,-7.6485,-7.9057,-7.9464,-7.6076,-7.1246,-6.2675,-5.1625,-4.2499,-3.1393,-2.1661,-1.3002,-0.73236,-0.11773,0.34145,0.57363,0.72586,0.69304,0.54262,0.20071,-0.25153,-0.73447,-1.0419,-1.298,-1.2782,-1.0998,-0.70053,-0.24972,0.1708,0.42541,0.65938,0.76873,0.7784,0.73382,0.64794,0.59923,0.60336,0.70174,0.89057,1.064,1.3242,1.6076,1.7547,1.8165,1.7682,1.6598,1.4017,1.012,0.50653,0.031417,-0.76066,-1.7576,-2.6405,-4.1341,-6.1414,-8.6163
-6.2672,-4.636,-3.0773,-2.029,-1.4896,-1.0798,-1.0341,-1.2422,-1.8576,-2.921,-4.494,-6.0085,-7.8989,-7.886,-6.3112,-3.7421,-1.5414,-0.22758,1.1262,2.0835,2.7212,3.0232,3.2059,3.1907,3.0667,2.7811,2.3643,1.9936,1.4539,0.862,0.25204,-0.19557,-0.7331,-1.0779,-1.083,-0.68397,0.10089,1.1837,2.0443,3.1354,4.1102,4.7424,5.4289,5.9379,6.1876,6.3634,6.3965,6.2978,6.1414,5.8438,5.4879,5.209,4.8325,4.4595,4.1865,3.8289,3.4487,3.0318,2.7108,2.2797,1.8784,1.623,1.4059,1.3414,1.3914,1.487,1.6063,1.7335,1.7318,1.5824,1.33,1.1058,0.74527,0.45345,0.3761,0.55675,1.1851,2.2315,3.2238,4.6816,6.1526,7.1953,8.453,9.5124,10.36,10.85,11.299,11.526,11.541,11.348,10.923,10.258,9.5991,8.4864,7.1053,5.8897,4.038,1.9778,0.42504,-1.4008,-2.6485,-3.2063,-3.3783,-3.5875,-3.9362,-4.2828,-4.9037,-5.8002,-6.7278,-8.534,-11.524,-17.403,-24.099,-14.806,-9.2729,-6.6505,-4.2374,-2.6078,-1.4455,-0.79384,-0.14454,0.29313,0.50482,0.59167,0.45065,0.1491,-0.54968,-1.6485,-3.2421,-4.7497,-6.9804,-8.3488,-7.9042,-6.0233,-4.1182,-2.9851,-1.9086,-1.2503,-0.96606,-0.98115,-1.2106,-1.698,-2.3219,-3.4066,-4.8914,-7.0452,-9.2527,-13.529,-16.929,-13.74,-8.8809,-5.5038,-3.6763,-1.8614,-0.50888,0.47313,0.99723,1.4394,1.6097,1.5675,1.2589,0.63784,-0.0635,-1.3877,-3.2547,-5.8152,-8.249,-11.133,-10.472,-8.3688,-5.8862,-4.183,-3.1584,-2.7479,-2.599,-2.8558,-3.2978,-4.1592,-5.2352,-6.0375,-6.7622,-6.6615,-5.7552,-4.8286,-3.6471,-2.7475,-2.1966,-1.6964,-1.5267,-1.5736,-1.8449,-2.2629,-2.7146,-2.9968,-3.2709,-3.4653,-3.5683,-3.6176,-3.6527,-3.6496
-0.87447,-0.31466,0.30261,0.73514,0.9546,1.015,0.77471,0.38049,-0.4615,-1.7604,-3.6338,-5.3945,-7.7747,-7.9821,-6.284,-3.5876,-1.3641,-0.1113,1.1332,1.9384,2.3677,2.4873,2.3973,2.0611,1.6724,1.0526,0.40493,-0.035352,-0.45843,-0.59813,-0.45771,-0.17636,0.33253,0.9333,1.4405,2.1869,2.9321,3.6541,4.1701,4.7952,5.2994,5.58,5.8301,5.8885,5.81,5.5673,5.124,4.5028,3.9517,3.1365,2.3148,1.804,1.4063,1.4374,1.7061,2.2808,2.9521,3.5897,4.0078,4.4825,4.8598,5.0871,5.3172,5.482,5.564,5.5587,5.4699,5.2344,4.9113,4.3221,3.4811,2.6,1.0387,-1.1061,-3.9904,-6.2057,-5.9539,-2.2722,0.40939,3.2924,5.551,6.9102,8.3841,9.5215,10.361,10.821,11.209,11.377,11.371,11.189,10.823,10.311,9.8444,9.1278,8.335,7.7177,6.8827,6.0654,5.4844,4.8037,4.2318,3.7373,3.4213,3.0102,2.5558,2.1699,1.5652,0.77888,0.087411,-0.97244,-2.0669,-2.8515,-3.0622,-2.538,-1.3738,-0.44087,0.73521,1.7021,2.4415,2.8279,3.1521,3.2609,3.2031,2.9391,2.4313,1.8763,0.86134,-0.53986,-2.4337,-4.2248,-7.0596,-8.9407,-8.1355,-5.4205,-2.9497,-1.5,-0.054469,0.92545,1.5303,1.776,1.8524,1.5793,1.181,0.45961,-0.58919,-1.9154,-3.0568,-4.4314,-4.9045,-4.4744,-3.1565,-1.5731,-0.54303,0.54395,1.3904,1.9508,2.1937,2.3263,2.2474,2.0378,1.5533,0.81161,0.074376,-1.2302,-2.9549,-5.1401,-6.9444,-8.7969,-8.7026,-7.6662,-6.1753,-5.1476,-4.6646,-4.6553,-5.0877,-6.0247,-7.072,-9.0652,-12.003,-15.407,-24.09,-22.752,-14.822,-11.554,-8.5345,-6.7486,-5.9458,-5.3052,-5.2112,-5.5454,-6.4838,-8.0791,-10.2,-11.499,-11.296,-9.1512,-7.512,-5.6905,-4.272,-3.2624
0.97497,1.2304,1.523,1.756,1.8481,1.8396,1.7065,1.523,1.1546,0.6851,0.19395,-0.13165,-0.42812,-0.44051,-0.26061,0.13344,0.603,0.92159,1.2276,1.334,1.1763,0.86022,0.15814,-0.91992,-2.0093,-3.8809,-6.2221,-8.2155,-10.227,-9.5738,-7.2582,-5.4571,-3.3367,-1.5661,-0.45464,0.80064,1.8722,2.7261,3.2268,3.7417,4.0519,4.1333,4.0554,3.7464,3.3818,2.7167,1.7455,0.46585,-0.72667,-2.7625,-5.6535,-8.6351,-12.895,-10.497,-6.8397,-3.193,-0.58433,1.38,2.5364,3.7713,4.7316,5.3098,5.9029,6.3224,6.5906,6.6879,6.6683,6.4419,6.1616,5.6157,4.788,3.9638,2.6058,0.88808,-0.99783,-2.0854,-1.9901,-0.19851,1.5021,3.5911,5.3278,6.3882,7.5203,8.3688,8.9572,9.2376,9.4138,9.3591,9.1867,8.8077,8.2669,7.6248,7.1287,6.5093,6.0144,5.7605,5.581,5.556,5.5898,5.6925,5.8098,5.8837,5.9124,5.9029,5.8249,5.7118,5.5016,5.2402,5.0059,4.6883,4.3778,4.2013,4.1231,4.105,4.2114,4.3339,4.492,4.6103,4.6452,4.6038,4.4586,4.2026,3.9322,3.476,2.9091,2.4331,1.7389,1.0176,0.31335,-0.13827,-0.55478,-0.6585,-0.50576,-0.022651,0.6617,1.2259,1.9613,2.5985,3.0915,3.3709,3.5732,3.6113,3.5782,3.3796,3.0623,2.6937,2.4179,2.1298,1.9366,1.8718,1.9214,2.0108,2.0496,2.0828,2.0163,1.8165,1.6037,1.2571,0.86743,0.57288,0.19335,-0.20327,-0.52524,-0.99094,-1.5333,-2.1231,-2.5551,-3.0608,-3.4501,-3.7059,-4.0644,-4.5365,-5.2105,-5.8878,-7.0511,-8.4993,-9.7443,-11.483,-13.082,-13.981,-14.518,-14.146,-12.879,-11.776,-10.413,-8.9641,-8.1523,-7.5767,-7.4624,-7.7561,-8.5997,-10.181,-12.592,-14.201,-13.808,-11.134,-8.9695,-6.6965,-5.1056,-4
0.78899,0.98434,1.2353,1.4662,1.5804,1.6837,1.7125,1.6698,1.5391,1.3658,1.1768,1.0442,0.92653,0.86706,0.87635,0.95405,1.048,1.1032,1.0791,0.89709,0.49459,-0.0047471,-0.96866,-2.3229,-3.6425,-5.9345,-8.8133,-11.276,-13.978,-13.36,-10.617,-8.4863,-6.0423,-3.9138,-2.5003,-0.91431,0.35657,1.3513,1.8998,2.3478,2.4977,2.4203,2.0543,1.4284,0.78246,-0.30106,-1.491,-2.7967,-3.8292,-5.2398,-6.6706,-7.6713,-8.2793,-7.2984,-5.7696,-3.4299,-1.2457,0.58884,1.7649,3.105,4.2052,4.9002,5.6739,6.2757,6.7159,6.9485,7.118,7.1441,7.0837,6.8425,6.4804,6.1543,5.6483,5.1354,4.7183,4.5268,4.5013,4.7399,5.0466,5.5608,6.1102,6.5072,6.969,7.3075,7.5028,7.5307,7.3991,7.0281,6.5687,5.7076,4.5391,3.0385,1.7292,0.015143,-1.0062,-0.86133,0.34691,1.9337,3.0648,4.3385,5.353,6.157,6.6253,7.1039,7.4388,7.6054,7.7269,7.7643,7.7383,7.657,7.5228,7.3466,7.218,7.0238,6.7898,6.6063,6.3141,5.9612,5.5245,5.1463,4.5582,3.8835,3.3276,2.5614,1.7959,1.258,0.63172,0.16734,-0.095727,-0.17108,-0.076611,0.19901,0.5082,1.0265,1.6253,2.1048,2.7403,3.3403,3.876,4.2104,4.5616,4.8386,4.972,5.0268,5.0197,4.9361,4.8413,4.6647,4.4321,4.2433,3.9321,3.4998,3.1107,2.462,1.5774,0.47381,-0.4867,-1.8904,-3.1789,-3.7944,-3.8836,-3.3117,-2.7482,-2.0481,-1.5633,-1.308,-1.275,-1.4338,-1.8105,-2.2262,-2.9855,-3.9791,-5.2903,-6.4897,-8.4282,-10.821,-12.962,-16.421,-20.222,-22.064,-20.778,-17.781,-15.069,-13.191,-11.2,-9.7305,-8.6676,-7.5782,-6.8997,-6.5627,-6.4159,-6.3737,-6.3891,-6.3788,-6.1113,-5.6271,-5.2304,-4.5952,-4.0179,-3.5676
-0.45512,-0.2266,0.20183,0.64478,0.97104,1.3428,1.5411,1.5748,1.489,1.2409,0.87711,0.57973,0.26189,0.10702,0.13646,0.39956,0.79892,1.1074,1.4339,1.5575,1.4458,1.1681,0.50852,-0.48136,-1.4474,-3.0299,-4.8699,-6.3479,-8.3596,-9.9734,-10.523,-9.6417,-7.2454,-4.6204,-2.8673,-0.84628,0.70545,1.8081,2.3791,2.7678,2.7446,2.479,1.745,0.57317,-0.66092,-2.7289,-5.0624,-7.2792,-8.1386,-7.777,-6.5086,-5.4931,-4.2143,-2.9631,-2.0283,-0.81144,0.41603,1.5715,2.3913,3.4284,4.4001,5.0704,5.8876,6.6122,7.2119,7.5767,7.9514,8.2137,8.299,8.2965,8.2082,8.075,7.8133,7.5226,7.2117,6.991,6.718,6.5101,6.3936,6.3093,6.2994,6.3455,6.4584,6.5872,6.6665,6.6506,6.4746,6.0925,5.6032,4.6107,3.1706,1.0886,-1.1038,-5.3271,-10.419,-8.5432,-3.1999,0.4332,2.4097,4.4291,5.9433,7.1277,7.8386,8.5864,9.1411,9.4528,9.7409,9.8905,9.9318,9.8941,9.7826,9.5553,9.3434,9.0103,8.587,8.2148,7.6476,6.9792,6.2001,5.5282,4.4823,3.2629,2.2318,0.70956,-0.88538,-2.0346,-3.2348,-3.7852,-3.6067,-3.1445,-2.317,-1.4182,-0.71328,0.2454,1.2096,1.9268,2.8458,3.7073,4.4824,4.9849,5.5641,6.0115,6.2308,6.457,6.5865,6.6095,6.5726,6.4408,6.2486,6.0422,5.6511,5.1391,4.6365,3.7051,2.4557,0.72687,-1.055,-4.5049,-10.541,-21.397,-12.718,-6.1484,-3.5201,-1.3246,-0.0062851,0.72412,0.97461,0.98637,0.66181,0.22095,-0.62218,-1.7823,-3.2749,-4.6286,-6.7645,-9.3721,-11.618,-15.053,-18.442,-19.89,-19.339,-17.03,-14.368,-12.627,-10.151,-8.0451,-6.876,-5.5157,-4.4295,-3.8091,-3.2584,-2.9245,-2.695,-2.6345,-2.6434,-2.624,-2.646,-2.7084,-2.7013,-2.6713
-5.9241,-5.0293,-3.1047,-1.3269,-0.23071,0.79885,1.3622,1.5131,1.3243,0.63627,-0.57607,-1.87,-4.0702,-5.8653,-5.6767,-3.482,-1.0087,0.49733,1.985,2.9516,3.4488,3.5643,3.3723,2.8059,2.1435,0.94371,-0.71329,-2.296,-5.0051,-8.7556,-12.384,-10.548,-5.9802,-2.3997,-0.38859,1.636,3.1514,4.1779,4.6635,4.9755,4.8876,4.5355,3.6736,2.2892,0.90367,-1.683,-5.3724,-9.9629,-11.636,-8.3784,-5.2086,-3.5074,-1.8944,-0.80494,-0.19861,0.44201,0.92727,1.4177,1.8526,2.5605,3.4307,4.1705,5.1902,6.1765,7.0714,7.6457,8.2641,8.7029,8.8963,9.0498,9.0243,8.8997,8.6334,8.247,7.7454,7.2958,6.6062,5.8195,5.2099,4.4374,3.8746,3.6977,3.8614,4.3979,5.046,5.4899,5.8815,6.0156,5.9409,5.5642,4.9184,4.0993,3.4424,2.7116,2.389,2.5185,3.2011,4.2616,5.1579,6.3567,7.5128,8.5239,9.1798,9.9164,10.481,10.801,11.094,11.231,11.244,11.143,10.926,10.617,10.301,9.8087,9.2476,8.7629,8.0538,7.241,6.3063,5.4852,4.21,2.6244,1.1748,-1.3153,-4.7495,-8.4337,-17.241,-19.65,-11.364,-8.4634,-6.248,-4.7785,-3.833,-2.5255,-1.0309,0.14925,1.7289,3.1621,4.3757,5.1371,5.9546,6.5152,6.7999,7.0718,7.1702,7.1719,7.1282,7.0556,6.9791,6.8952,6.764,6.5907,6.3669,5.953,5.3787,4.5787,3.8722,2.8627,1.9779,1.6212,1.7293,2.3638,2.9674,3.7268,4.2861,4.5702,4.6098,4.4289,3.9982,3.5035,2.6261,1.4947,0.11492,-1.0951,-2.9618,-5.1309,-6.9683,-9.7931,-13.193,-16.3,-20.631,-18.701,-13.633,-10.532,-7.5864,-5.0845,-3.6134,-2.1323,-1.0378,-0.46773,0.056508,0.26488,0.17744,-0.028495,-0.58056,-1.3685,-2.0161,-2.9691,-3.7257,-3.9673
-13.632,-10.808,-6.9759,-4.2182,-2.7238,-1.4077,-0.62563,-0.36501,-0.47551,-1.0655,-2.2313,-3.5578,-5.9314,-8.1142,-7.8863,-5.0257,-2.0793,-0.32881,1.4083,2.6131,3.3571,3.6566,3.7682,3.5735,3.2624,2.6636,1.8709,1.226,0.37227,-0.26066,-0.52897,-0.37263,0.27092,1.1755,1.9507,2.9483,3.7761,4.4331,4.7586,4.9733,4.9254,4.6964,4.158,3.3663,2.6456,1.4958,0.37754,-0.56512,-1.065,-1.3796,-1.4342,-1.4292,-1.4795,-1.731,-2.0981,-2.8449,-3.9807,-5.3227,-6.1498,-6.1943,-4.5925,-2.8853,-0.64424,1.2342,2.7425,3.6416,4.5555,5.1373,5.422,5.6001,5.5032,5.3086,4.9188,4.3333,3.5935,2.9255,1.8234,0.34005,-1.1439,-3.983,-8.3625,-11.81,-8.4676,-3.7009,-0.60742,0.9716,2.3988,3.1631,3.4229,3.4398,3.1075,2.543,2.0391,1.3524,0.86332,0.75526,1.0202,1.7422,2.5057,3.6066,4.7192,5.722,6.3724,7.0858,7.6284,7.9079,8.1246,8.1772,8.1037,7.8503,7.4185,6.8823,6.3913,5.6394,4.8751,4.3006,3.5617,2.8638,2.1699,1.6203,0.79823,-0.23621,-1.1776,-2.7232,-4.5385,-6.0038,-7.7316,-8.774,-9.2064,-9.5666,-10.527,-12.601,-15.014,-15.219,-10.022,-6.629,-3.2297,-0.77337,0.97306,1.937,2.8026,3.2613,3.4354,3.3466,2.9904,2.5354,2.1947,1.9194,1.9248,2.1719,2.7317,3.3289,3.7584,4.2755,4.6189,4.8399,4.9455,5.0288,5.0906,5.1507,5.2553,5.3841,5.4624,5.5115,5.4557,5.2603,5.0048,4.5075,3.8387,3.2366,2.31,1.2815,0.16594,-0.74328,-2.0424,-3.4626,-4.6217,-6.351,-8.2554,-9.6028,-10.71,-10.15,-8.3067,-6.761,-4.5997,-3.0307,-2.0301,-0.94796,-0.20851,0.12659,0.34261,0.25791,-0.20422,-0.7593,-1.8677,-3.6515,-5.4799,-9.1402,-16.271,-21.728
-5.987,-5.7081,-5.0919,-4.2834,-3.7052,-3.0455,-2.5126,-2.2387,-2.0246,-1.9501,-1.9996,-2.059,-2.0944,-1.9285,-1.5855,-0.90167,-0.033986,0.64232,1.4893,2.1609,2.6431,2.8536,2.9486,2.8395,2.6248,2.2093,1.6952,1.2659,0.70655,0.27592,0.059814,0.047445,0.27603,0.73774,1.1769,1.8504,2.4812,3.0167,3.3259,3.5679,3.6058,3.5171,3.2285,2.7753,2.3236,1.704,0.9863,0.26911,-0.24058,-0.92635,-1.5821,-2.1094,-2.9191,-3.9017,-4.8534,-6.4965,-8.7266,-12.077,-15.469,-17.64,-12.896,-9.6153,-6.3861,-4.015,-2.2859,-1.3036,-0.35029,0.208,0.43174,0.34338,-0.031738,-0.48968,-1.3349,-2.2544,-3.0877,-3.583,-4.1025,-4.6345,-5.1806,-6.1327,-7.0519,-7.2092,-6.2022,-4.2544,-2.3321,-1.1824,-0.073301,0.56068,0.69353,0.4824,-0.19419,-1.407,-2.6988,-5.0857,-8.3298,-10.725,-10.409,-7.0153,-4.7115,-2.3069,-0.58119,0.67418,1.3971,2.1005,2.5811,2.8021,2.9209,2.8527,2.6504,2.2069,1.4946,0.49042,-0.40572,-1.8351,-3.4096,-4.4904,-5.4979,-5.7122,-5.3468,-4.9394,-4.5381,-4.3375,-4.3645,-4.5894,-5.0096,-5.4262,-6.0448,-6.7245,-7.4505,-8.1456,-9.2404,-10.524,-11.233,-10.957,-9.0637,-7.253,-4.9949,-3.1982,-1.8716,-1.1925,-0.70059,-0.64349,-0.91042,-1.8089,-3.252,-5.5162,-7.8244,-11.376,-11.373,-8.6732,-5.2801,-2.8127,-1.3595,0.17567,1.3455,2.3012,2.8803,3.5053,3.9985,4.2798,4.5393,4.6675,4.6692,4.5277,4.2093,3.6938,3.1692,2.2923,1.221,0.32869,-0.90562,-2.0746,-3.0125,-3.5048,-3.924,-4.1417,-4.2677,-4.3807,-4.4541,-4.444,-4.3056,-3.965,-3.3945,-2.936,-2.2934,-1.6427,-1.2746,-0.86107,-0.61811,-0.53538,-0.6181,-0.88413,-1.3351,-1.8389,-2.6513,-3.7353,-4.6914,-5.99,-7.0324,-7.2071
-4.9932,-4.9723,-4.8332,-4.6242,-4.4579,-4.1374,-3.7909,-3.5018,-3.0505,-2.594,-2.0965,-1.6972,-1.1318,-0.52942,-0.048692,0.60704,1.2546,1.7101,2.2527,2.6826,2.9611,3.0678,3.0397,2.8157,2.51,1.9048,1.0956,0.34965,-0.78213,-2.0121,-3.0164,-3.3761,-3.1011,-2.0674,-1.0804,0.18155,1.3056,2.1603,2.6297,3.0266,3.1684,3.1211,2.8697,2.4264,2.0019,1.3327,0.57671,-0.2042,-0.79466,-1.5761,-2.36,-2.9507,-3.7817,-4.6867,-5.4314,-6.5381,-7.6556,-8.6716,-9.2078,-9.443,-9.0125,-8.3055,-7.0769,-5.7703,-4.5265,-3.7385,-2.9613,-2.4867,-2.4706,-2.8441,-3.7305,-4.8798,-7.1433,-10.517,-14.417,-14.414,-10.819,-7.8244,-6.249,-4.7122,-3.5685,-2.8245,-1.8961,-1.0164,-0.21462,0.29769,0.75429,0.95046,0.911,0.519,-0.24812,-1.4559,-2.6894,-4.7676,-7.226,-8.7065,-8.8431,-7.1429,-5.7304,-4.2204,-3.1727,-2.5138,-2.2027,-1.9181,-1.7528,-1.648,-1.5604,-1.624,-1.7858,-2.2345,-2.9886,-4.2453,-5.5466,-7.9392,-11.705,-16.254,-35.797,-18.899,-12.772,-10.298,-8.1774,-6.8379,-6.177,-5.6,-5.3012,-5.188,-5.1721,-5.2489,-5.3838,-5.4564,-5.5532,-5.5401,-5.4001,-5.0181,-4.4026,-3.8285,-3.0256,-2.2941,-1.7282,-1.4599,-1.3426,-1.566,-2.0597,-2.9693,-4.4311,-6.4306,-8.2186,-10.249,-10.534,-9.2591,-7.172,-5.2409,-3.9107,-2.3787,-0.94877,0.34814,1.2152,2.2277,3.0544,3.5425,4.0183,4.2715,4.316,4.1646,3.7488,3.0385,2.2964,0.97599,-0.78485,-2.4779,-5.3303,-8.8534,-11.451,-10.719,-8.0561,-5.7882,-4.5134,-3.2541,-2.3459,-1.8364,-1.2945,-0.86989,-0.56286,-0.3348,-0.19594,-0.12276,-0.10475,-0.2258,-0.43449,-0.63935,-0.96723,-1.3319,-1.672,-1.9329,-2.2757,-2.5193,-2.7024,-2.8396,-2.8198,-2.6426
-5.8504,-6.1008,-6.3822,-6.6286,-6.7436,-6.7227,-6.5436,-6.2323,-5.5748,-4.6891,-3.6379,-2.818,-1.7044,-0.63454,0.096707,1.0068,1.8056,2.3321,2.9043,3.3482,3.6268,3.7253,3.6876,3.4334,3.0972,2.3847,1.3117,0.2039,-1.8512,-5.0416,-10.751,-22.135,-13.401,-6.0378,-3.0225,-0.37169,1.3841,2.5526,3.1131,3.5283,3.607,3.4507,2.9975,2.2859,1.6109,0.4902,-0.67083,-1.8733,-2.6969,-3.5687,-4.221,-4.5863,-5.0178,-5.5349,-5.9849,-6.7878,-7.7975,-8.9062,-9.8023,-10.767,-11.06,-10.589,-9.1887,-7.4537,-5.7778,-4.7171,-3.6024,-2.8924,-2.6964,-2.698,-3.2657,-4.0298,-5.4437,-7.3076,-8.6831,-8.5545,-6.8473,-4.7468,-3.3246,-1.7518,-0.51652,0.22987,1.0903,1.7703,2.2927,2.586,2.8436,2.8979,2.8374,2.5709,2.111,1.4774,0.90641,0.093673,-0.7144,-1.2337,-1.7826,-2.1939,-2.4575,-2.95,-3.6771,-4.6578,-5.571,-6.7099,-7.2813,-7.1012,-6.298,-5.4875,-5.0095,-4.878,-5.0768,-5.7599,-6.5521,-7.7744,-9.2593,-10.241,-10.99,-10.778,-9.8193,-8.962,-7.8114,-6.8353,-6.2384,-5.6504,-5.2155,-4.961,-4.7114,-4.5027,-4.3352,-4.1816,-3.9362,-3.6114,-3.3308,-2.8787,-2.3692,-1.9543,-1.4203,-0.92326,-0.54636,-0.35618,-0.26369,-0.4053,-0.6649,-1.1646,-1.9749,-2.8826,-3.6332,-4.632,-5.5355,-6.076,-6.6745,-6.8107,-6.4352,-5.2749,-3.4455,-1.5228,-0.17342,1.4121,2.6876,3.4482,4.2104,4.6863,4.855,4.8404,4.5384,3.9457,3.2928,2.1109,0.51499,-0.98986,-3.4501,-6.2252,-7.9815,-7.4337,-5.3012,-3.1807,-1.8856,-0.56097,0.40472,0.93919,1.445,1.7486,1.8328,1.8068,1.6226,1.2291,0.84909,0.1636,-0.64908,-1.3392,-2.2092,-2.9708,-3.4293,-3.5013,-3.3617,-2.9459,-2.5706,-2.0577,-1.5445,-1.0603
-9.1601,-9.7894,-10.645,-11.458,-12.052,-13.135,-14.021,-14.021,-12.636,-10.194,-7.6867,-5.9719,-3.9904,-2.2996,-1.2096,0.045467,1.0925,1.7579,2.4884,3.0438,3.458,3.6598,3.7981,3.7762,3.6373,3.3012,2.7395,2.1775,1.2388,0.19488,-0.73319,-1.0491,-0.71402,0.37326,1.3227,2.5463,3.5246,4.1848,4.4716,4.5634,4.3272,3.9314,3.0975,1.8822,0.68862,-1.3233,-3.8951,-7.0609,-9.4835,-11.078,-10.026,-8.7734,-7.5309,-6.9406,-6.8815,-7.2709,-8.31,-10.108,-12.204,-16.911,-31.095,-22.601,-13.652,-9.2114,-6.3331,-4.7516,-3.1656,-2.0995,-1.4983,-0.96615,-0.75771,-0.69353,-0.78845,-0.85245,-0.79854,-0.63663,-0.23344,0.35141,0.84225,1.4945,2.122,2.5444,3.0487,3.4764,3.8115,3.9849,4.1521,4.2062,4.1547,4.0168,3.7689,3.438,3.1318,2.6669,2.1561,1.7194,1.0931,0.31731,-0.39274,-1.6105,-3.3111,-5.7881,-8.5115,-14.588,-25.901,-16.333,-10.444,-7.5694,-6.4153,-5.6837,-5.6983,-6.106,-6.6996,-7.6134,-8.4866,-9.0056,-9.3441,-9.2043,-8.7386,-8.295,-7.6822,-7.1694,-6.8373,-6.5405,-6.3425,-6.2583,-6.136,-5.9744,-5.7163,-5.4894,-5.0985,-4.6374,-4.2356,-3.6256,-2.9555,-2.4128,-1.6739,-0.9605,-0.31723,0.081384,0.45614,0.63457,0.67839,0.41698,-0.0017293,-0.70254,-1.3967,-2.6144,-4.2292,-5.953,-9.2233,-15.66,-35.645,-13.913,-7.119,-3.2916,-1.1954,0.95402,2.5758,3.5322,4.4822,5.1287,5.4217,5.5833,5.5042,5.1977,4.8263,4.1817,3.4062,2.7846,1.9795,1.339,0.9933,0.97352,1.2374,1.71,2.1182,2.6564,3.1078,3.3614,3.5641,3.5834,3.4316,3.1344,2.622,1.8099,1.0011,-0.33123,-2.0872,-3.7608,-6.5367,-9.8785,-12.037,-10.983,-8.1631,-5.9069,-4.5697,-3.2409,-2.3035,-1.5893
-16.929,-18.072,-17.472,-16.734,-17.055,-18.631,-22.32,-25.538,-20.594,-14.82,-10.846,-8.5999,-6.1391,-4.219,-2.9802,-1.6016,-0.47117,0.22532,1.0149,1.6401,2.1413,2.4619,2.8301,3.1478,3.3425,3.5622,3.7321,3.8205,3.9082,3.9946,4.1138,4.2695,4.5756,4.9621,5.2895,5.6791,5.9837,6.1307,6.1166,5.8921,5.4008,4.8514,3.832,2.439,1.1498,-1.0199,-3.8546,-7.3752,-10.348,-12.164,-10.372,-8.6459,-7.0289,-6.0795,-5.7789,-5.749,-6.0967,-6.7513,-7.328,-8.0508,-8.2591,-7.8951,-6.7589,-5.3169,-3.8383,-2.8298,-1.6557,-0.65934,0.0034399,0.62632,1.1776,1.4844,1.8033,2.0568,2.2356,2.3607,2.5037,2.6383,2.7344,2.8591,2.9954,3.1306,3.3052,3.5059,3.7124,3.8607,3.983,4.0603,4.0554,3.9791,3.8391,3.6503,3.4955,3.2618,3.0106,2.7951,2.4359,1.9718,1.5038,0.75034,-0.24433,-1.4173,-2.3635,-3.5194,-4.1972,-4.315,-4.0633,-3.7721,-3.7332,-3.9099,-4.6419,-5.8907,-7.2044,-9.6846,-12.602,-14.636,-14.974,-12.946,-10.941,-9.7881,-8.8193,-8.3984,-8.4213,-8.7204,-9.3203,-9.8384,-10.383,-10.538,-10.198,-9.7601,-9.1346,-8.5571,-8.1015,-7.3986,-6.4171,-5.515,-4.1145,-2.6786,-1.3467,-0.47937,0.46354,1.152,1.4544,1.639,1.5676,1.2003,0.7574,-0.04077,-1.1014,-2.0028,-3.2591,-4.2143,-4.4288,-3.8437,-2.4239,-0.78775,0.44668,1.9215,3.1905,3.9863,4.8388,5.4452,5.7559,5.9677,5.9707,5.7827,5.5439,5.1275,4.6579,4.2988,3.8791,3.5803,3.4472,3.4559,3.6051,3.8641,4.0903,4.3885,4.6306,4.7434,4.769,4.6266,4.3108,3.9362,3.2121,2.2934,1.4063,-0.040756,-1.8515,-3.5195,-6.2443,-9.219,-11.044,-10.238,-8.0813,-6.0307,-4.9726,-3.9872,-3.4243,-3.2119
-16.342,-17.319,-15.887,-14.219,-13.619,-13.075,-12.925,-12.563,-11.802,-10.575,-9.126,-7.9595,-6.4463,-4.934,-3.8957,-2.6855,-1.6958,-1.1142,-0.55206,-0.15875,0.11402,0.34261,0.77328,1.415,2.0462,2.9517,3.8769,4.5266,5.3142,5.9872,6.5897,6.9791,7.4391,7.8127,8.0478,8.2796,8.3809,8.3511,8.2154,7.8824,7.3571,6.8228,5.9333,4.8554,3.9115,2.536,1.0926,-0.30507,-1.195,-2.05,-2.502,-2.6457,-2.6747,-2.666,-2.651,-2.7073,-2.7638,-2.8262,-2.8565,-2.8322,-2.6749,-2.4692,-2.0857,-1.5637,-1.0048,-0.53793,0.12342,0.85771,1.376,2.0619,2.7231,3.1312,3.6251,3.9354,4.0886,4.0885,3.9402,3.6074,3.2671,2.7543,2.2551,1.9837,1.8848,2.0728,2.4517,2.7708,3.1086,3.2639,3.2896,3.1428,2.899,2.6458,2.5346,2.55,2.7308,2.9563,3.25,3.5013,3.6106,3.6184,3.5045,3.2759,3.0598,2.7414,2.4519,2.2282,1.9185,1.5119,1.1142,0.32126,-0.72654,-2.3052,-3.7949,-6.4476,-9.7358,-12.11,-12.597,-10.426,-8.5297,-7.6502,-7.1583,-7.3346,-7.9601,-9.5077,-12.094,-15.007,-21.183,-22.819,-17.452,-14.951,-13.333,-13.085,-13.776,-15.458,-15.169,-12.274,-7.9384,-4.471,-1.8378,-0.2865,1.319,2.5056,3.0931,3.6802,3.8762,3.8372,3.6381,3.1776,2.5741,2.0832,1.3865,0.87479,0.60842,0.62737,0.97638,1.6825,2.3633,3.3649,4.3546,5.0152,5.761,6.298,6.5472,6.675,6.5624,6.2348,5.8664,5.2315,4.4929,3.9388,3.3052,2.9159,2.878,3.0845,3.5818,4.2148,4.7007,5.2676,5.6891,5.8852,5.9632,5.8288,5.4477,5.0693,4.3152,3.4548,2.7107,1.6448,0.5457,-0.2405,-1.2187,-1.9897,-2.4868,-2.6312,-2.6358,-2.5801,-2.5538,-2.7536,-3.2134,-4.0877
-4.0287,-4.9004,-5.7351,-6.3707,-6.6844,-7.0991,-7.5493,-7.9186,-8.5102,-9.0076,-9.2375,-8.9094,-7.8053,-6.105,-4.7675,-3.2767,-2.2051,-1.7308,-1.6691,-2.2357,-3.4641,-4.6493,-5.4424,-3.7923,-1.6402,1.1472,3.3708,4.7228,6.1714,7.3036,8.2055,8.7547,9.3513,9.8236,10.085,10.341,10.456,10.426,10.294,9.9773,9.4881,9.0073,8.2397,7.3448,6.5656,5.5534,4.4883,3.5092,2.8231,1.9881,1.2803,0.7825,0.2128,-0.28881,-0.55168,-0.76196,-0.78844,-0.61224,-0.42731,-0.11587,0.12025,0.24433,0.28265,0.21147,0.057804,-0.019501,0.086154,0.59119,1.2123,2.4127,3.5869,4.3711,5.2273,5.742,5.958,5.8696,5.3991,4.4649,3.4133,1.4143,-1.3408,-3.6845,-4.7358,-2.4565,0.061509,1.3782,2.5144,2.8775,2.7453,2.0026,0.67229,-1.0073,-1.9825,-1.712,0.075426,1.6103,3.3889,4.7364,5.5112,6.237,6.7463,7.0456,7.183,7.268,7.2463,7.1804,6.9885,6.6892,6.392,5.7664,5.0519,4.1044,3.3362,2.2065,1.1418,0.46354,-0.19866,-0.61366,-0.90538,-1.1804,-1.7308,-2.5424,-3.3854,-4.9285,-6.9052,-8.5419,-10.444,-11.21,-10.637,-10.091,-9.6644,-9.813,-10.399,-11.316,-10.731,-8.6093,-4.9648,-1.7684,0.8394,2.4217,4.0945,5.3425,6.0378,6.6871,6.9718,6.9914,6.8062,6.3152,5.5635,4.82,3.6266,2.2126,1.1208,-0.0041818,-0.2624,0.77469,1.9617,3.6597,5.1616,6.0796,7.0161,7.6228,7.847,7.8587,7.5444,6.8851,6.1593,4.8509,3.1301,1.5721,-0.84144,-2.8489,-2.6797,-1.1173,1.3305,3.421,4.691,5.9953,6.8813,7.2913,7.5207,7.4043,6.9061,6.3555,5.3615,4.1375,3.1897,2.0622,1.2651,0.98466,0.88383,0.95491,1.0475,1.0217,0.92776,0.53717,0.15009,-0.62633,-1.6582,-2.9465
0.56444,-0.41868,-1.5825,-2.632,-3.2792,-4.2584,-5.2258,-6.2521,-8.0336,-11.081,-17.287,-37.841,-15.26,-8.7091,-5.8745,-3.3867,-1.9053,-1.3543,-1.2781,-2.0791,-3.8381,-5.8881,-8.0366,-5.5615,-2.5046,0.77165,3.1688,4.5118,5.8708,6.9295,7.7051,8.1954,8.7532,9.2583,9.5862,9.9377,10.194,10.284,10.244,9.9952,9.5258,9.0323,8.1766,7.1325,6.2785,5.0953,3.9807,3.0285,2.4159,1.6594,0.89266,0.23432,-0.87495,-2.2328,-3.3492,-4.3264,-4.1019,-2.8111,-1.6508,-0.35591,0.46674,0.73251,0.60756,-0.25288,-1.9866,-4.1796,-8.5462,-8.8857,-4.7672,-0.18777,2.7231,4.3502,5.8158,6.7463,7.1752,7.2033,6.8183,5.9515,4.9299,2.9861,0.39588,-1.6834,-2.6788,-0.77512,1.4934,2.7371,3.6695,3.9062,3.5496,2.4365,0.30982,-3.1314,-6.4169,-5.9167,-1.3358,1.2958,3.7655,5.4618,6.351,7.2499,7.8804,8.3531,8.6407,8.9684,9.2153,9.3609,9.4757,9.4904,9.4104,9.2128,8.8464,8.3911,7.9659,7.368,6.696,6.1927,5.5283,4.8429,4.1297,3.5678,2.7212,1.7296,0.94555,-0.19209,-1.3801,-2.2198,-3.1792,-3.8669,-4.1774,-4.2167,-4.0541,-3.6989,-3.2909,-2.5325,-1.4762,-0.47336,1.08,2.7051,4.242,5.2992,6.5532,7.5125,8.1316,8.6223,8.9096,8.876,8.6615,8.1041,7.1686,6.1835,4.4108,1.8006,-0.99777,-7.663,-15.148,-4.2027,-0.2777,3.0426,5.2046,6.3702,7.4444,8.0526,8.2473,8.1598,7.6845,6.7992,5.8419,4.1804,1.9989,-0.073105,-3.5445,-7.2728,-6.7594,-3.6846,0.11226,3.0265,4.6964,6.3935,7.5532,8.0958,8.4053,8.2209,7.5568,6.6283,4.9598,2.324,-0.28645,-4.9743,-7.0499,-4.4864,-1.1412,0.91721,2.0975,2.5075,2.598,2.1861,1.5374,0.25497,-1.5749,-3.8023
-0.37913,-1.7594,-3.2856,-4.2653,-4.778,-5.0003,-5.201,-5.3428,-5.7471,-6.2263,-6.5799,-6.4357,-5.4933,-3.9154,-2.7086,-1.278,-0.21098,0.32274,0.74893,0.87527,0.8265,0.78501,0.89859,1.3155,1.8075,2.5231,3.1612,3.5275,3.8331,3.9137,3.9252,3.9532,4.2004,4.7101,5.2809,6.097,6.8248,7.3464,7.5462,7.5152,7.1161,6.5483,5.3985,3.7729,2.2728,-0.24461,-2.5702,-3.8255,-3.5565,-2.7052,-2.2438,-2.3532,-3.3093,-5.4159,-8.3269,-14.932,-12.821,-6.3755,-3.4391,-0.96601,0.53647,1.1509,1.3934,1.0174,0.073146,-0.8904,-1.9875,-1.7709,-0.57059,1.7564,3.7076,4.9308,6.136,6.9827,7.4397,7.582,7.5363,7.243,6.8837,6.3235,5.7579,5.4065,5.2006,5.2673,5.4724,5.6682,5.7955,5.7392,5.5463,5.0952,4.4949,3.9373,3.6637,3.6661,4.05,4.4701,5.0161,5.419,5.6042,5.7262,5.7793,5.9342,6.176,6.6817,7.3582,7.8694,8.5004,8.9723,9.1971,9.3832,9.3346,9.1459,8.888,8.4614,7.927,7.4767,6.8308,6.1293,5.3576,4.7409,3.8337,2.8139,1.9606,0.73275,-0.58225,-1.6322,-2.9945,-4.1142,-4.778,-4.7557,-4.1528,-3.1432,-2.2543,-1.0248,0.2354,1.1964,2.4467,3.6541,4.8069,5.6089,6.5602,7.3958,7.8858,8.3751,8.6715,8.7167,8.5955,8.2008,7.5437,6.8856,5.7707,4.5263,3.5456,2.55,2.1562,2.6348,3.3108,4.4157,5.465,6.1392,6.8083,7.1942,7.2848,7.1097,6.5564,5.6149,4.6399,2.9728,0.92541,-0.72404,-2.6503,-3.4308,-2.5907,-1.1593,1.1319,3.3644,4.8447,6.4478,7.6168,8.1996,8.577,8.4988,7.9882,7.2539,5.85,3.9076,2.1192,-0.15454,-1.0582,-0.33999,1.1705,2.5486,3.3561,3.6834,3.6272,3.1714,2.4554,1.0305,-1.1161,-4.274
-4.6513,-7.8288,-12.912,-15.089,-12.437,-8.9323,-6.6476,-5.3597,-4.1241,-3.1489,-2.3347,-1.7674,-0.95199,-0.16412,0.41041,1.1214,1.7055,2.0641,2.3901,2.6017,2.7004,2.7466,2.7619,2.7553,2.6818,2.5117,2.1373,1.6854,0.7496,-0.78326,-2.9792,-5.1275,-7.1789,-5.1298,-2.5444,0.43671,2.5134,3.919,4.5623,4.9813,4.884,4.4624,3.4223,1.6921,-0.17286,-3.6862,-8.8901,-11.131,-7.8164,-4.3335,-2.3447,-1.5672,-1.1252,-1.1486,-1.2661,-1.271,-0.79757,0.12067,0.95305,2.0112,2.8469,3.3175,3.6993,3.8929,3.9311,3.9335,4.0097,4.2411,4.5742,5.0856,5.6915,6.0927,6.5646,6.8943,7.1105,7.1868,7.216,7.1688,7.1151,7.0185,6.9207,6.8779,6.8351,6.8265,6.8313,6.8019,6.7724,6.6668,6.5819,6.4016,6.2163,6.0257,5.9084,5.7526,5.587,5.3947,4.9965,4.2903,3.5362,2.0387,0.059565,-1.8291,-1.9511,0.07235,2.6554,4.2956,5.9547,7.1063,7.6939,8.0986,8.2443,8.0858,7.8454,7.3394,6.7456,6.2482,5.5502,4.8679,4.1948,3.6568,2.8908,2.0062,1.1669,-0.19268,-1.9651,-3.6659,-6.6668,-11.06,-16.597,-14.913,-9.6706,-6.1686,-4.2857,-2.3733,-0.888,0.047969,1.1291,2.1443,3.132,3.8645,4.7896,5.6835,6.2256,6.8985,7.3141,7.5592,7.586,7.42,7.0649,6.6575,6.0214,5.2806,4.7563,4.1271,3.7464,3.6032,3.712,4.0442,4.5474,4.9514,5.4496,5.8281,5.9636,5.9129,5.5439,4.7962,3.9424,2.2846,-0.14356,-2.8062,-8.7475,-18.42,-6.9619,-2.506,1.3372,4.0111,5.528,7.0921,8.1994,8.769,9.2059,9.3186,9.1075,8.8128,8.1638,7.428,6.8447,6.1756,5.7235,5.526,5.4633,5.4562,5.4491,5.3722,5.1625,4.7709,4.3805,3.7272,2.9773,2.2827
-5.6103,-7.9425,-10.633,-11.319,-10.434,-8.1687,-6.016,-4.6033,-3.0112,-1.6954,-0.61895,0.051439,0.78978,1.3864,1.7448,2.1198,2.3676,2.4978,2.5737,2.5894,2.5362,2.4683,2.3156,2.0987,1.8408,1.4012,0.76534,0.11057,-1.0406,-2.6203,-4.7071,-6.5724,-8.0066,-6.4771,-4.2032,-1.4818,0.63672,2.1619,2.9791,3.6658,3.9538,3.928,3.6034,2.9571,2.353,1.4617,0.77921,0.42458,0.5685,0.96866,1.5038,1.8633,2.2832,2.6017,2.8253,3.1095,3.4479,3.844,4.1602,4.5794,4.9508,5.1786,5.4075,5.5642,5.6617,5.7027,5.7319,5.7646,5.8201,5.7752,5.7834,5.7174,5.6152,5.4148,5.2357,5.1041,4.9799,4.9587,5.0258,5.1906,5.3986,5.572,5.7362,5.8347,5.8829,5.8289,5.7477,5.6016,5.5038,5.4049,5.3709,5.3734,5.4001,5.3997,5.3001,5.1103,4.6377,3.8015,2.8559,0.97889,-1.728,-5.0103,-5.466,-2.2084,1.1528,3.041,4.8292,5.9732,6.5232,6.7986,6.7272,6.2552,5.7293,4.7298,3.5729,2.6718,1.611,0.92535,0.65481,0.60018,0.55425,0.34066,-0.0042197,-0.77616,-1.9221,-3.058,-4.9557,-6.974,-8.4123,-8.3145,-6.9425,-5.3548,-4.3504,-3.3734,-2.7348,-2.4472,-2.1495,-1.7376,-1.0148,-0.21745,1.0956,2.4351,3.36,4.4585,5.2052,5.7283,5.9078,5.9075,5.6392,5.2534,4.5368,3.5642,2.746,1.5182,0.40487,-0.4184,-0.52424,-0.072555,0.88416,1.7116,2.7821,3.6895,4.2179,4.6993,4.9287,4.8687,4.6388,4.1148,3.3817,2.7683,2.1652,2.1583,2.9271,3.8759,5.3035,6.6705,7.5695,8.5506,9.2699,9.6439,9.9301,10.002,9.8472,9.6642,9.2519,8.7842,8.4047,7.8709,7.3892,7.0405,6.6588,6.2797,5.9881,5.7559,5.5243,5.2854,5.1543,5.0022,4.9162,4.919
-5.6035,-7.1927,-8.4005,-8.2036,-7.2484,-5.6178,-3.836,-2.6057,-1.1083,0.097479,1.0494,1.6094,2.1274,2.4322,2.5416,2.5025,2.3399,2.1318,1.8339,1.5374,1.2893,1.1317,0.9553,0.74095,0.55622,0.18808,-0.27611,-0.69433,-1.2999,-1.8338,-2.2575,-2.3409,-2.1187,-1.4607,-0.71313,0.40241,1.5467,2.5335,3.1788,3.8362,4.291,4.5211,4.6621,4.7104,4.6708,4.5947,4.532,4.5271,4.5543,4.6577,4.783,4.8963,5.0495,5.1943,5.3062,5.4531,5.6147,5.7898,5.9064,6.0604,6.1939,6.2562,6.3136,6.2958,6.229,6.1478,6.0015,5.7956,5.5985,5.2845,4.8406,4.4265,3.7178,2.8341,1.8011,1.031,0.29241,0.21125,0.6261,1.5639,2.5796,3.2115,3.8301,4.144,4.1557,4.0011,3.555,3.0142,2.6032,2.3371,2.475,3.0164,3.5482,4.277,4.861,5.1727,5.3616,5.324,5.1488,4.8077,4.4399,4.2727,4.3622,4.8034,5.4964,6.0236,6.6439,7.0177,7.1057,6.9732,6.4284,5.4797,4.4349,2.5318,-0.21364,-3.0375,-7.9078,-9.6864,-5.8621,-3.4903,-1.4763,-0.39678,0.055321,0.21494,0.01509,-0.28944,-0.81377,-1.3371,-1.748,-1.964,-2.1096,-2.2121,-2.3725,-2.8224,-3.7636,-4.9058,-7.278,-10.738,-11.422,-8.1182,-3.8516,-0.78918,0.9524,2.6544,3.8691,4.6215,4.9424,5.0541,4.778,4.3669,3.403,2.0358,0.56573,-2.0209,-6.1203,-12.862,-16.573,-8.9524,-4.2781,-2.0138,0.23589,1.9052,2.9241,4.0488,4.937,5.6237,6.0179,6.4304,6.7421,6.9612,7.2686,7.6551,8.1492,8.5792,9.1798,9.7557,10.146,10.559,10.826,10.921,10.906,10.719,10.4,10.062,9.5543,8.9554,8.4712,7.7975,7.1212,6.6268,5.9703,5.3693,4.836,4.4983,4.1864,4.0551,4.0969,4.3116,4.6985,5.1729
-7.5741,-12.787,-31.735,-12.019,-7.3969,-3.7797,-1.2653,0.14301,1.5984,2.6473,3.3696,3.6976,3.8913,3.7679,3.4756,2.828,1.8918,1.0271,-0.20265,-1.3028,-1.8616,-1.877,-1.5508,-1.2035,-1.0549,-1.1742,-1.6199,-2.1105,-2.8597,-3.3994,-3.3687,-2.8749,-1.8601,-0.58164,0.32375,1.4793,2.4535,3.2738,3.7681,4.3408,4.7992,5.0966,5.4637,5.8081,6.0365,6.3245,6.5262,6.7094,6.7611,6.8045,6.7811,6.7362,6.6311,6.5288,6.4541,6.4088,6.4073,6.4461,6.4962,6.5469,6.5497,6.5146,6.3867,6.178,5.8922,5.6497,5.3151,4.9693,4.6655,4.3238,3.7721,3.2454,2.1951,0.64678,-1.8516,-4.7575,-12.152,-15.127,-7.419,-2.3082,0.55795,1.932,3.0784,3.5695,3.4082,2.9202,1.5777,-0.62953,-3.1081,-6.987,-5.888,-1.6259,0.88076,3.2902,4.9739,5.882,6.758,7.3408,7.6437,7.9348,8.1302,8.3172,8.461,8.6812,8.8881,9.0203,9.1161,9.0921,8.9279,8.5493,7.8768,6.9286,5.9372,4.2958,2.1483,0.28631,-2.0441,-2.8246,-1.6573,-0.46139,0.91946,1.8444,2.245,2.504,2.4915,2.3627,2.1154,1.799,1.5234,1.3188,1.0169,0.67141,0.32661,-0.32733,-1.3092,-2.3135,-4.0702,-5.7542,-5.8559,-4.4453,-1.8588,0.3939,1.8245,3.1999,4.3122,4.9973,5.334,5.499,5.3557,5.0181,4.2824,3.1399,2.0373,0.15183,-1.9213,-3.863,-4.4706,-4.0748,-2.8778,-1.8273,-0.40296,1.0889,2.2339,3.75,5.1665,6.4461,7.2978,8.2701,9.0978,9.6432,10.274,10.825,11.311,11.63,11.997,12.274,12.404,12.467,12.386,12.22,11.853,11.319,10.654,10.032,9.1646,8.1963,7.4603,6.5026,5.5328,4.8233,3.8161,2.8071,1.6926,0.94351,0.077032,-0.13384,0.17725,1.1958,2.5087,3.8539
-1.731,-2.3802,-2.6726,-2.0486,-1.0767,0.29875,1.6306,2.475,3.3755,4.0188,4.3801,4.4581,4.3,3.8077,3.1766,1.9457,0.090836,-1.8417,-5.6914,-12.545,-17.969,-11.091,-6.4577,-4.1601,-3.3972,-3.2032,-3.9963,-5.2942,-8.3843,-14.139,-16.158,-10.551,-5.5795,-2.6247,-1.0466,0.35494,1.2431,1.7388,1.9099,2.0049,2.1334,2.3386,2.8762,3.5773,4.1739,4.9093,5.4956,5.849,5.9908,5.9425,5.6836,5.3466,4.7714,4.1347,3.7024,3.3121,3.2209,3.3881,3.6146,3.8853,4.0073,3.9645,3.6642,3.1315,2.3801,1.7398,0.94313,0.46785,0.42706,0.51596,0.79835,0.84484,0.70423,0.11335,-0.79505,-1.6091,-2.485,-2.387,-1.5945,-0.031355,1.4463,2.347,3.1805,3.55,3.466,3.0349,2.0269,0.43181,-1.0843,-2.6584,-2.1913,-0.03023,1.6593,3.5434,4.9778,5.7919,6.6363,7.2456,7.6102,7.9825,8.2993,8.5485,8.7179,8.9004,9.0242,9.0838,9.0744,8.9727,8.8351,8.4913,8.0556,7.4622,6.9437,6.1634,5.3444,4.7589,4.118,3.7112,3.5446,3.5412,3.5548,3.536,3.4028,3.0946,2.6529,2.2532,1.694,1.2126,0.89015,0.79855,0.82212,0.91437,0.97999,0.99082,0.91536,0.7786,0.59188,0.49703,0.63517,0.88257,1.4016,1.9926,2.4749,3.0669,3.5881,4.0721,4.3581,4.6313,4.7649,4.6914,4.4399,3.8909,3.3461,2.4,1.2938,0.11665,-0.87347,-2.2421,-3.8042,-4.9318,-5.645,-4.1392,-2.0418,0.78304,3.204,5.1632,6.387,7.7317,8.8238,9.4992,10.259,10.877,11.366,11.653,11.93,12.076,12.084,11.948,11.621,11.237,10.522,9.5718,8.3583,7.3079,5.7019,4.013,2.8185,1.4137,0.33372,-0.36152,-1.2763,-2.5413,-4.4534,-6.5928,-11.498,-18.992,-13.074,-6.439,-2.4684,0.23559
-0.087224,0.12302,0.45611,0.87647,1.2323,1.7784,2.2729,2.6169,2.9639,3.1783,3.2163,3.1321,2.8226,2.2925,1.7337,0.70938,-0.62888,-1.8454,-3.6823,-5.3265,-6.0293,-5.7221,-4.7394,-3.878,-3.4901,-3.4365,-3.9094,-4.6101,-5.8185,-7.0099,-6.9878,-6.0541,-4.3815,-2.8176,-2.0011,-1.3239,-1.2345,-1.7856,-2.6368,-4.5029,-6.8778,-7.8166,-6.0897,-3.0671,-1.1786,0.69949,1.9391,2.5908,2.7844,2.6039,1.935,1.0914,-0.53274,-2.8305,-4.9026,-7.2585,-6.8265,-4.5972,-3.1001,-1.6877,-0.9388,-0.80995,-1.1526,-2.173,-3.9921,-6.0437,-10.082,-13.866,-11.586,-7.4809,-4.5878,-3.2086,-1.9956,-1.3067,-0.94259,-0.78994,-0.56226,-0.24662,0.098894,0.66018,1.3079,1.7746,2.3103,2.6834,2.8904,2.8842,2.7523,2.4616,2.2936,2.1305,2.1698,2.4295,2.6955,3.0766,3.39,3.5908,3.7876,3.9714,4.0978,4.2992,4.5473,4.8145,5.0135,5.2399,5.4255,5.507,5.5543,5.4946,5.4212,5.248,5.0436,4.7804,4.6052,4.3382,4.104,3.9332,3.7158,3.5087,3.2849,3.0913,2.7281,2.196,1.6833,0.74327,-0.50683,-1.6679,-3.4729,-5.1734,-5.9748,-5.5638,-4.172,-2.6987,-1.7695,-0.82111,-0.1895,0.11966,0.36794,0.43255,0.36064,0.24424,-0.04599,-0.36408,-0.69281,-0.89133,-0.95093,-0.52273,-0.02295,0.78464,1.5187,1.9737,2.2971,2.3751,2.2017,1.7701,1.0009,-0.071786,-1.1393,-3.0306,-5.7373,-8.6026,-12.411,-9.5198,-5.9027,-2.2238,0.42253,2.4013,3.5562,4.799,5.7663,6.3535,7.0106,7.5565,8.0115,8.2991,8.5838,8.7381,8.7567,8.6033,8.2097,7.7338,6.8117,5.5194,3.7292,2.0985,-0.83534,-4.5777,-8.1809,-12.088,-11.077,-9.4518,-8.121,-7.8685,-8.3061,-9.0335,-9.9875,-10.221,-9.4736,-7.4543,-5.2579,-3.2471
-0.21155,0.18934,0.64338,1.0256,1.239,1.4973,1.6666,1.7409,1.762,1.6809,1.522,1.3537,1.075,0.73961,0.44976,0.02547,-0.44502,-0.80771,-1.2612,-1.6154,-1.8076,-1.8247,-1.7424,-1.6486,-1.5766,-1.5764,-1.6547,-1.7576,-1.8822,-1.9266,-1.7886,-1.6044,-1.2478,-0.92216,-0.79986,-0.84287,-1.278,-2.2195,-3.3431,-5.5564,-8.3833,-9.6878,-7.7958,-4.663,-2.6809,-0.87322,0.30311,0.91339,0.99971,0.72808,-0.055579,-1.0002,-2.8334,-5.4986,-8.076,-11.408,-10.669,-7.657,-5.8921,-4.3192,-3.5088,-3.2994,-3.4882,-4.2485,-5.5329,-6.8531,-8.8366,-9.8686,-9.1165,-7.2553,-5.3097,-4.1447,-3.0552,-2.3217,-1.944,-1.7937,-1.6904,-1.5872,-1.4248,-1.0581,-0.49264,0.033451,0.76749,1.4841,2.0555,2.4151,2.7036,2.8508,2.8677,2.7684,2.5649,2.2323,1.913,1.3597,0.6759,0.10111,-0.68737,-1.3296,-1.6192,-1.6203,-1.3008,-0.74835,-0.33006,0.18808,0.56959,0.73781,0.83359,0.78445,0.64152,0.49812,0.31633,0.29309,0.34538,0.5479,0.82291,1.0436,1.298,1.4682,1.5115,1.423,1.1511,0.61856,0.037196,-1.0785,-2.7291,-4.4487,-7.77,-13.322,-19.476,-13.75,-8.3269,-5.2013,-3.6461,-2.2042,-1.3027,-0.87192,-0.60135,-0.62356,-0.96719,-1.4444,-2.4552,-4.0364,-5.7191,-8.9843,-12.007,-10.211,-7.1648,-3.9445,-1.7301,-0.54113,0.50462,1.1115,1.3077,1.2731,0.9786,0.40666,-0.12068,-0.95325,-1.7735,-2.2581,-2.5496,-2.2854,-1.77,-0.88167,0.046716,0.85264,1.3375,1.8268,2.1574,2.3522,2.5977,2.9055,3.3308,3.7105,4.2432,4.7094,4.9578,5.0959,4.9592,4.6446,3.9047,2.7546,1.1245,-0.42497,-3.0784,-6.3597,-9.0816,-11.814,-11.845,-10.964,-10.182,-9.8102,-9.8469,-10.019,-10.028,-9.8677,-9.3997,-8.4831,-7.318,-6.0108
-0.21017,0.11147,0.44814,0.69517,0.82688,0.85578,0.78303,0.62142,0.30752,-0.10543,-0.55219,-0.87482,-1.1857,-1.3303,-1.3245,-1.1686,-0.93941,-0.75553,-0.51071,-0.29797,-0.11866,-0.0095114,0.092475,0.1854,0.21928,0.26386,0.29844,0.34312,0.4192,0.58925,0.77377,0.94508,1.1801,1.3441,1.442,1.4115,1.2308,0.90307,0.55628,0.084174,-0.27606,-0.35534,-0.16628,0.31811,0.73815,1.2573,1.6041,1.7426,1.6717,1.3585,0.80699,0.24171,-0.66409,-1.6423,-2.3325,-3.029,-3.3384,-3.3062,-3.1726,-2.9885,-2.9098,-2.9224,-3.0784,-3.3063,-3.5803,-3.7717,-3.8942,-3.8135,-3.6019,-3.1045,-2.6214,-2.2519,-1.9901,-1.9894,-2.3088,-2.7647,-3.6951,-4.8128,-5.5299,-5.6174,-4.4376,-3.0718,-1.2027,0.3975,1.642,2.345,2.9959,3.3592,3.4057,3.2549,2.8176,2.07,1.2915,-0.092309,-1.9217,-3.691,-6.6387,-10.243,-12.418,-11.848,-9.206,-7.0024,-5.7604,-4.5678,-3.8593,-3.5712,-3.573,-3.9257,-4.46,-5.4172,-6.3209,-6.5154,-6.0453,-4.7437,-3.3214,-2.3531,-1.2934,-0.51823,-0.0029064,0.22534,0.33778,0.24384,-0.0096075,-0.53159,-1.2884,-1.9836,-2.9886,-3.8295,-4.1789,-4.016,-3.342,-2.4755,-1.8718,-1.2173,-0.75366,-0.5427,-0.44618,-0.54403,-0.86461,-1.3035,-2.1583,-3.471,-4.7975,-6.851,-8.4338,-7.4061,-5.5096,-3.0175,-1.1092,-0.03428,0.99939,1.5895,1.8447,1.9039,1.7552,1.4614,1.1627,0.75252,0.37845,0.15816,-0.018128,-0.066474,-0.035725,0.049177,0.089461,-0.019805,-0.23067,-0.76274,-1.5829,-2.3554,-3.3936,-3.8705,-3.2052,-2.1129,-0.42928,1.0626,1.9306,2.748,3.1726,3.2335,2.9969,2.3752,1.4558,0.50046,-0.90474,-2.463,-3.6878,-5.1748,-6.4987,-7.4113,-8.6106,-9.8914,-11.344,-12.394,-13.725,-14.24,-13.914,-12.637,-10.801,-8.9944
-0.49562,-0.16562,0.22454,0.49901,0.63022,0.55141,0.25355,-0.17839,-1.0094,-2.1434,-3.5412,-4.6592,-5.7485,-5.7919,-5.0325,-3.5831,-2.1161,-1.1688,-0.1556,0.59564,1.1106,1.3442,1.5013,1.5393,1.4776,1.3981,1.3462,1.3798,1.5441,1.8939,2.3324,2.7176,3.2124,3.6493,3.9441,4.2101,4.376,4.451,4.4417,4.4099,4.3421,4.3069,4.261,4.2481,4.1945,4.1297,3.9523,3.6969,3.4673,3.0743,2.6207,2.2554,1.7565,1.2719,0.91128,0.44345,0.0032165,-0.47744,-0.84127,-1.3668,-1.8912,-2.2514,-2.6137,-2.6807,-2.4716,-2.1478,-1.5695,-0.97788,-0.58324,-0.019632,0.30014,0.46504,0.43595,0.059402,-0.70723,-1.6698,-3.6751,-7.1165,-11.769,-19.794,-8.9591,-4.6936,-1.0311,1.3745,3.0635,3.934,4.7458,5.1576,5.2166,5.0152,4.4515,3.5289,2.5728,0.89488,-1.317,-3.3877,-6.8244,-10.817,-13.345,-13.345,-11.387,-9.5481,-8.3668,-7.1432,-6.2631,-5.8195,-5.7717,-6.3958,-7.3943,-10.163,-15.807,-35.59,-16.189,-9.4864,-5.8711,-4.1414,-2.508,-1.3815,-0.5859,-0.10789,0.36959,0.75739,0.95916,1.1304,1.1955,1.1846,1.0969,0.98115,0.90483,0.85661,0.82327,0.77636,0.72615,0.60673,0.48629,0.39792,0.33048,0.32843,0.38547,0.41152,0.43451,0.39463,0.32757,0.35681,0.49762,0.90538,1.3885,2.1107,2.7759,3.1871,3.5731,3.6975,3.6697,3.4185,2.977,2.4371,1.9716,1.4031,0.93731,0.70986,0.5844,0.5743,0.60569,0.60448,0.44283,0.030876,-0.50101,-1.6282,-3.4353,-5.5134,-10.129,-21.946,-13.085,-7.3491,-3.0403,-0.30237,1.1552,2.5398,3.4176,3.7992,3.9825,3.8178,3.3982,2.8294,1.9609,0.85956,-0.11937,-1.5544,-3.1772,-4.5645,-6.6545,-9.1398,-12.32,-15.229,-21.06,-36.773,-27.772,-18.863,-14.197,-10.825
-2.4795,-1.4558,-0.25296,0.55189,0.88989,0.99673,0.64434,0.12236,-1.0436,-2.8427,-5.6025,-8.837,-17.288,-17.902,-10.264,-5.2319,-2.1563,-0.5292,1.0234,2.077,2.6823,2.8849,2.8556,2.4548,1.9696,1.127,0.2906,-0.09032,0.14143,1.0642,2.3962,3.3918,4.5573,5.5419,6.1041,6.7147,7.147,7.4225,7.5602,7.6399,7.6352,7.5723,7.4161,7.1534,6.8768,6.4216,5.8512,5.1744,4.6776,4.0244,3.5101,3.2442,3.0277,2.9166,2.8075,2.6095,2.2138,1.5589,0.84861,-0.44413,-2.1847,-3.7688,-5.7519,-6.0837,-4.3117,-2.6027,-0.58535,1.0218,1.9261,2.8604,3.4926,3.7343,3.8904,3.7568,3.3676,2.9271,2.1703,1.4061,1.0071,1.0382,1.8675,2.8582,4.3191,5.6618,6.7542,7.3956,7.9882,8.2596,8.2916,8.0409,7.4719,6.5933,5.7133,4.2507,2.4641,0.9079,-1.3594,-3.7853,-5.6242,-7.9965,-10.192,-11.396,-10.802,-8.855,-6.7553,-5.5961,-4.5581,-4.2319,-4.208,-4.756,-5.3101,-5.3799,-5.0035,-3.9354,-2.8824,-2.2539,-1.7024,-1.387,-1.1123,-0.77265,-0.058585,0.86109,1.6371,2.5801,3.3469,3.7871,4.1872,4.3709,4.366,4.2355,3.8682,3.2578,2.6485,1.6415,0.47517,-0.31522,-0.85423,-0.54143,0.48447,1.437,2.6113,3.6314,4.2574,4.9459,5.5502,6.0125,6.3164,6.6172,6.8152,6.8396,6.7147,6.3893,5.9573,5.1827,4.0988,2.705,1.5212,-0.13725,-1.3665,-1.6525,-1.1421,-0.16074,0.52476,1.1554,1.427,1.344,1.0297,0.35264,-0.57781,-1.3542,-2.2647,-2.5901,-1.9581,-0.97511,0.65564,2.2538,3.3203,4.4935,5.3567,5.8082,6.1478,6.2425,6.0486,5.7454,5.1322,4.2428,3.4603,2.126,0.54616,-0.89312,-3.1182,-5.7928,-9.1247,-11.781,-15.792,-18.872,-19.14,-16.791,-12.951,-9.4873
-5.5303,-3.0641,-0.93753,0.34105,0.8249,1.0874,0.87012,0.45405,-0.39269,-1.5368,-2.8111,-3.6529,-4.3447,-4.0858,-3.2321,-1.6787,-0.0036189,1.1173,2.3733,3.2364,3.7131,3.8009,3.4835,2.5756,1.4505,-1.0451,-5.5089,-12.322,-12.559,-3.7837,0.48009,2.5303,4.4893,5.8293,6.557,7.2727,7.7501,8.0589,8.2152,8.3174,8.3338,8.2648,8.063,7.668,7.2634,6.4368,5.3257,3.8809,2.5231,0.69935,-0.53966,-0.57842,0.37599,1.5806,2.3368,2.957,3.0943,2.7655,2.1453,0.75826,-1.4515,-3.8536,-8.2504,-9.458,-4.9786,-2.093,0.66064,2.5795,3.6751,4.65,5.3794,5.7164,5.979,6.0984,6.0795,6.0328,5.9729,5.9866,6.0905,6.3809,6.8743,7.3539,8.0547,8.7627,9.3965,9.7999,10.156,10.328,10.307,10.061,9.5765,8.8254,8.0896,6.8867,5.4139,4.1193,2.1564,-0.15938,-2.2084,-5.5216,-10.132,-15.128,-13.368,-8.6118,-5.3415,-3.6361,-1.994,-0.88832,-0.4231,0.095978,0.3639,0.45984,0.48976,0.39463,-0.0061108,-0.56311,-1.8453,-3.9781,-6.9509,-8.4827,-5.9781,-2.1913,0.080252,2.3593,3.9528,4.8093,5.5945,6.0161,6.0742,5.9044,5.3543,4.4012,3.336,1.2915,-1.9435,-5.9532,-19.979,-8.9867,-2.1781,0.70227,3.3433,5.1759,6.2152,7.2286,7.9884,8.4988,8.7208,8.8538,8.8011,8.6384,8.2302,7.6186,6.9805,5.8489,4.3215,2.1763,-0.084713,-4.6621,-15.18,-17.531,-5.9992,-1.8035,-0.020017,1.3797,2.008,2.0551,1.8044,1.192,0.45631,-0.011906,-0.38056,-0.18391,0.53099,1.3164,2.5088,3.71,4.5361,5.4896,6.2423,6.672,7.0713,7.2712,7.2489,7.1688,6.8018,6.2396,5.668,4.7018,3.4341,2.2749,0.45541,-1.8134,-4.4967,-6.8199,-10.87,-15.882,-17.508,-13.547,-9.3009,-6.1499
-2.9805,-2.0937,-1.1114,-0.45464,-0.22963,-0.31864,-0.74941,-1.3397,-2.3541,-3.4643,-4.4746,-4.9083,-4.9363,-4.224,-3.342,-1.9261,-0.49084,0.53228,1.6991,2.5769,3.1519,3.3384,3.2338,2.7476,2.0918,0.91758,-0.40759,-1.1369,-1.0723,0.0036374,1.4446,2.4324,3.4595,4.1473,4.5166,4.7565,4.8631,4.9168,4.9431,5.0459,5.1722,5.2684,5.3035,5.1695,4.8794,4.1674,2.9252,0.96181,-1.2328,-5.9191,-14.771,-11.667,-4.6349,-0.98706,0.68837,2.0602,2.7731,2.9579,2.8389,2.3775,1.6938,1.1392,0.62359,0.52962,0.96375,1.5175,2.3461,3.1214,3.6326,4.1397,4.461,4.6452,4.7135,4.7024,4.6589,4.6254,4.6633,4.8173,5.0425,5.5013,6.0897,6.5839,7.2718,7.9363,8.5329,8.8821,9.2373,9.4267,9.4234,9.2725,8.9163,8.3434,7.7787,6.8383,5.6845,4.7046,3.2339,1.5787,0.32729,-1.348,-2.7512,-3.5968,-3.7063,-3.28,-2.3629,-1.5718,-0.53964,0.42107,0.98833,1.6182,2.0072,2.1732,2.1618,1.8415,1.2099,0.44347,-1.0312,-3.1109,-5.5012,-6.4639,-4.9728,-2.1493,-0.254,1.7493,3.2533,4.09,4.8776,5.334,5.4795,5.3803,4.992,4.2994,3.5722,2.3494,0.9481,-0.044472,-0.74482,-0.26849,1.1276,2.3707,3.9291,5.2266,6.0572,6.9036,7.4615,7.8023,7.8952,7.8367,7.5528,7.2369,6.6889,5.986,5.4178,4.5447,3.5216,2.3895,1.4285,0.16489,-0.69032,-0.78952,-0.21387,0.69543,1.2881,1.7748,1.7965,1.2689,0.50286,-1.1193,-3.5124,-5.8192,-8.2781,-7.0652,-3.9969,-1.9644,0.12599,1.6635,2.5393,3.4121,4.0456,4.4067,4.7887,5.0545,5.2874,5.3715,5.4009,5.3025,5.0646,4.6059,3.896,3.2249,2.1187,0.81313,-0.65037,-1.7734,-3.2261,-4.2483,-4.6314,-4.57,-3.9441,-3.0474
-2.3081,-1.7045,-1.1505,-0.96099,-1.0266,-1.5373,-2.5119,-3.5705,-5.5333,-8.2882,-12.122,-15.446,-14.918,-10.471,-7.7217,-4.8001,-2.5563,-1.1738,0.33148,1.5351,2.3929,2.8294,3.1762,3.2698,3.1805,2.9649,2.6972,2.5299,2.374,2.3356,2.331,2.3016,2.1462,1.8155,1.3917,0.63149,-0.30382,-1.22,-1.6559,-1.5595,-0.74474,0.10323,1.1726,1.9875,2.3156,2.4597,2.2089,1.5804,0.97579,0.13235,-0.33942,-0.26431,0.38091,1.2915,1.9271,2.6251,3.0676,3.248,3.251,3.1166,2.8653,2.6511,2.386,2.189,2.1028,2.0921,2.1286,2.182,2.166,2.1774,2.0113,1.8203,1.4694,0.95441,0.3833,-0.026056,-0.40457,-0.37132,-0.013283,0.86318,1.9796,2.8634,3.9946,5.0047,5.8285,6.3273,6.838,7.1315,7.239,7.2155,6.9995,6.6162,6.2138,5.5157,4.6537,3.8982,2.7459,1.4763,0.4635,-0.90757,-2.1111,-3.0085,-3.3877,-3.2778,-2.6107,-1.8705,-0.74887,0.31111,1.1084,1.8722,2.4624,2.8254,2.9111,2.8251,2.528,2.1585,1.5544,0.90314,0.39943,0.20775,0.31858,0.76476,1.2401,1.9471,2.6538,3.1284,3.6432,3.9961,4.1877,4.2003,4.051,3.7104,3.3686,2.8482,2.3468,2.0679,1.9063,2.0807,2.551,3.0609,3.8206,4.5915,5.0946,5.656,5.9627,6.0233,5.9128,5.5106,4.8504,4.1992,3.2243,2.2732,1.6958,1.2868,1.24,1.3819,1.5878,1.8387,2.1217,2.3508,2.6326,2.8829,2.9819,2.9045,2.5117,1.7266,0.80217,-0.95709,-3.4795,-5.8164,-8.4126,-7.4263,-4.6839,-2.9822,-1.3406,-0.34689,0.062868,0.2804,0.26357,0.20113,0.22131,0.54277,1.1548,1.6425,2.377,2.9362,3.2372,3.391,3.3267,3.1301,2.6492,1.9974,1.2188,0.54926,-0.30405,-1.0996,-1.6398,-2.168,-2.4911,-2.6076
-1.7696,-1.1266,-0.68951,-0.67435,-0.93975,-1.5999,-2.7179,-3.8513,-5.7717,-8.2297,-10.955,-12.588,-12.639,-10.409,-8.4493,-5.9538,-3.7543,-2.3095,-0.62807,0.74655,1.8119,2.4316,3.0303,3.3644,3.4934,3.4861,3.3371,3.1473,2.7834,2.3452,1.7796,1.2523,0.39867,-0.68994,-1.7769,-3.5993,-6.2566,-10.739,-17.203,-18.102,-9.0345,-5.4916,-2.3831,-0.3763,0.7062,1.6585,2.2337,2.5304,2.6099,2.65,2.671,2.7164,2.8448,2.9899,3.1064,3.2076,3.2189,3.1417,2.9971,2.7191,2.3555,2.0424,1.5563,1.0674,0.57433,0.2326,-0.1596,-0.48651,-0.71161,-1.0436,-1.4072,-1.8735,-2.6708,-3.8526,-5.6305,-7.407,-10.492,-12.49,-10.873,-7.1864,-4.0025,-2.1341,-0.14177,1.3842,2.5424,3.2293,3.8624,4.2606,4.4379,4.484,4.3855,4.1646,3.9178,3.4841,2.9,2.3315,1.3725,0.16742,-0.98776,-2.8863,-5.3594,-8.4221,-10.515,-10.245,-7.1669,-4.8233,-2.3122,-0.37942,0.72222,1.899,2.7303,3.257,3.4687,3.5638,3.4148,3.1944,2.7623,2.2377,1.668,1.2653,0.79258,0.49443,0.40294,0.50356,0.79984,1.1297,1.621,2.0735,2.3881,2.5198,2.5022,2.2722,1.9682,1.4169,0.78977,0.35031,-0.043781,-0.03827,0.43094,1.0014,1.9415,2.8811,3.4509,4.0288,4.3477,4.298,4.0086,3.2372,1.9725,0.61987,-1.9141,-5.2808,-7.7371,-7.4014,-4.1623,-1.4904,0.016487,1.523,2.596,3.202,3.8026,4.1759,4.321,4.3178,4.0826,3.6198,3.1265,2.3129,1.4072,0.75617,0.1003,-0.24598,-0.34325,-0.36138,-0.51661,-0.9557,-1.5609,-2.8278,-4.7795,-6.7262,-9.2914,-8.81,-5.8656,-3.5536,-1.3096,0.31927,1.2453,2.0699,2.5431,2.6751,2.6179,2.2927,1.7323,1.1521,0.22367,-0.93498,-1.9221,-3.3371,-4.7324,-5.7437
0.46072,0.66732,0.70779,0.47911,0.098302,-0.64453,-1.6598,-2.6119,-4.1106,-5.761,-7.406,-8.5307,-9.4608,-9.4516,-8.6886,-6.9052,-4.7452,-3.1545,-1.2795,0.25069,1.465,2.1599,2.8043,3.1722,3.289,3.2326,2.9668,2.6391,2.0728,1.3202,0.40946,-0.38521,-1.5672,-2.9066,-3.9367,-5.344,-6.7462,-7.8972,-8.3089,-7.7119,-5.8691,-4.2098,-2.1221,-0.37619,0.68967,1.7465,2.487,2.9695,3.1766,3.3173,3.3315,3.2903,3.1718,3.0176,2.8849,2.6587,2.3877,2.0564,1.7509,1.2366,0.60085,0.021796,-0.87439,-1.9099,-3.0371,-3.8564,-4.7752,-5.3248,-5.3914,-5.4295,-5.3735,-5.4438,-5.9581,-6.9325,-8.4485,-10.12,-12.732,-14.241,-13.053,-9.9444,-7.0359,-5.2098,-3.1691,-1.5952,-0.36764,0.2681,0.82848,1.0984,1.1002,0.97349,0.80148,0.66944,0.64037,0.66604,0.63608,0.51064,0.11971,-0.63824,-1.4779,-3.0459,-5.2541,-8.1334,-10.2,-9.8655,-6.7085,-4.393,-1.8858,0.049103,1.1748,2.3804,3.2177,3.7591,4.0018,4.0695,3.8741,3.5687,2.9373,2.0652,0.93757,-0.056596,-1.571,-3.1261,-4.0796,-4.5766,-3.9777,-3.0746,-1.7474,-0.59756,0.22879,0.60971,0.78856,0.57793,0.12373,-0.92536,-2.5831,-4.2988,-7.0228,-8.461,-6.2427,-3.8689,-1.2297,0.69904,1.7784,2.729,3.27,3.3911,3.1871,2.5454,1.4061,0.17094,-2.0162,-4.801,-6.6233,-6.3001,-3.6256,-1.1,0.39697,1.9851,3.177,3.8716,4.5977,5.1041,5.3548,5.5382,5.55,5.3907,5.1799,4.7893,4.3102,3.903,3.3361,2.7361,2.0871,1.5474,0.67964,-0.41561,-1.4502,-3.2331,-5.6024,-7.8542,-10.813,-10.444,-7.2038,-5.0254,-2.5632,-0.71393,0.32126,1.3961,2.0911,2.4067,2.5789,2.4468,1.9873,1.4531,0.38378,-1.14,-2.6488,-5.4546,-9.8325,-18.555
2.6422,2.4908,2.1879,1.7283,1.2905,0.49749,-0.49266,-1.3725,-2.8012,-4.6052,-6.9652,-9.3614,-14.309,-25.264,-18.162,-10.314,-5.9301,-3.6373,-1.3305,0.35149,1.5483,2.1733,2.6831,2.883,2.8189,2.5296,2.0046,1.4767,0.62323,-0.42612,-1.6823,-2.7528,-4.4315,-6.3589,-7.7518,-9.1421,-9.2258,-8.0433,-6.785,-5.0243,-3.2696,-2.0466,-0.5668,0.69431,1.4442,2.2405,2.7414,2.9862,3.0405,2.9194,2.6445,2.3546,1.889,1.4053,1.0297,0.57063,0.15228,-0.28708,-0.63015,-1.1929,-1.9594,-2.7145,-4.0139,-5.8191,-8.2747,-10.715,-14.618,-16.144,-14.107,-11.042,-9.2137,-8.2868,-7.747,-7.8033,-8.2503,-8.754,-9.4377,-9.8637,-9.849,-9.3183,-8.1513,-6.9491,-5.3062,-3.7742,-2.6256,-2.062,-1.7349,-2.0174,-2.6394,-3.9091,-5.4068,-6.0281,-5.3613,-3.7057,-2.148,-1.2878,-0.60087,-0.40414,-0.50643,-0.89599,-1.4504,-1.9391,-2.1113,-1.9475,-1.3216,-0.63433,0.44172,1.5056,2.2864,3.144,3.8302,4.2901,4.4678,4.4635,4.1982,3.7856,2.9582,1.7506,0.1082,-1.5149,-4.3956,-8.7216,-14.357,-29.9,-12.371,-8.2581,-4.9332,-2.7906,-1.3284,-0.6065,-0.060429,-0.0051034,-0.29785,-1.1763,-2.7589,-4.4789,-7.3862,-9.0183,-6.601,-4.1305,-1.4571,0.45465,1.5269,2.5196,3.0879,3.3528,3.3674,3.1507,2.7062,2.2499,1.5918,1.0305,0.75926,0.73851,1.1094,1.7415,2.2827,3.034,3.767,4.2767,4.8913,5.4256,5.7538,6.0846,6.2811,6.3302,6.2656,6.0495,5.6916,5.3423,4.7498,4.0456,3.2286,2.5354,1.5316,0.42761,-0.45136,-1.6502,-2.793,-3.5085,-4.1033,-4.132,-3.6386,-2.9497,-1.8417,-0.70295,0.10082,1.0786,1.8642,2.3162,2.6761,2.7727,2.5863,2.2568,1.5155,0.44565,-0.57894,-2.2329,-4.0623,-5.4798
3.1742,2.8822,2.4247,1.8781,1.4139,0.73008,-0.055,-0.71716,-1.6904,-2.8182,-4.1393,-5.2057,-6.5086,-7.0233,-6.476,-4.7951,-2.8003,-1.4243,0.10421,1.2463,2.0046,2.3285,2.4561,2.227,1.8402,1.0637,0.048813,-0.81449,-2.0511,-3.2712,-4.4913,-5.5168,-7.3284,-10.068,-13.34,-22.835,-18.333,-10.708,-7.4339,-4.3918,-2.2101,-0.93859,0.39142,1.3531,1.864,2.2877,2.4154,2.2571,1.9653,1.3465,0.48432,-0.30411,-1.4555,-2.6489,-3.4527,-4.1958,-4.5444,-4.601,-4.6082,-4.683,-5.0034,-5.4463,-6.3958,-7.8332,-9.8528,-11.789,-14.533,-15.393,-13.995,-11.546,-9.765,-8.902,-8.1649,-7.9828,-8.3761,-8.9309,-10.206,-12.216,-14.232,-16.585,-14.702,-11.643,-8.1366,-5.5747,-3.8942,-3.0834,-2.7087,-3.1575,-4.0686,-6.5226,-11.068,-15.763,-11.358,-6.1088,-3.0311,-1.5815,-0.38694,0.22621,0.38074,0.30011,0.015776,-0.33288,-0.53316,-0.65542,-0.46685,-0.10897,0.60075,1.4949,2.1569,3.0044,3.7129,4.2064,4.403,4.4548,4.2179,3.8403,3.0585,1.9383,0.47454,-0.85158,-2.8598,-5.0211,-6.4023,-7.4389,-7.1678,-6.34,-4.8674,-3.316,-1.9369,-1.039,-0.12944,0.4181,0.60366,0.56433,0.29387,0.0036472,-0.33579,-0.41367,-0.12682,0.27835,0.94219,1.5872,1.9992,2.4743,2.7901,2.9819,3.0643,3.068,2.9784,2.8744,2.6589,2.4175,2.2605,2.0644,1.9047,1.8502,1.8906,2.0603,2.4171,2.8119,3.4511,4.1561,4.6774,5.285,5.7409,6.0186,6.0891,5.9968,5.6867,5.3184,4.6537,3.8054,2.8019,1.962,0.78332,-0.42666,-1.3078,-2.4105,-3.4106,-4.0429,-4.6895,-5.0648,-4.9881,-4.5221,-3.64,-2.415,-1.4138,-0.15583,0.96522,1.6428,2.3245,2.7429,2.9185,2.8655,2.6211,2.1862,1.7503,1.1037,0.47802,-0.023014
2.0271,1.6576,1.0739,0.43322,-0.081716,-0.6632,-1.1432,-1.4372,-1.6814,-1.787,-1.829,-1.7801,-1.608,-1.2268,-0.7964,-0.059115,0.76062,1.3703,2.064,2.5647,2.7962,2.7624,2.4117,1.6548,0.80452,-0.76354,-2.8658,-4.7729,-7.4547,-9.0738,-8.7746,-8.0937,-7.4294,-7.1635,-7.0701,-6.8402,-5.9228,-4.4091,-3.099,-1.5117,-0.15223,0.65703,1.4654,1.9631,2.1472,2.123,1.8145,1.1958,0.51247,-0.67342,-2.2818,-3.8079,-6.3617,-9.7774,-12.826,-15.456,-13.692,-11.04,-9.654,-8.4912,-7.899,-7.7295,-7.8353,-8.1799,-8.6464,-8.9625,-9.2389,-9.2112,-9.0414,-8.4573,-7.9031,-7.5902,-7.2141,-7.113,-7.3825,-7.847,-8.922,-10.587,-12.166,-13.826,-12.35,-9.8027,-6.6387,-4.1918,-2.4401,-1.5246,-0.81061,-0.56984,-0.63595,-0.98784,-1.3429,-1.3616,-1.0336,-0.26799,0.57545,1.0701,1.4711,1.5441,1.3466,0.76732,-0.15971,-1.4219,-2.5043,-3.8988,-4.5072,-4.0541,-2.575,-0.76424,0.44764,1.8598,2.9311,3.6706,4.0148,4.2266,4.1251,3.8709,3.272,2.3755,1.1918,0.11885,-1.5207,-3.4071,-4.8971,-6.8808,-8.2323,-8.2772,-6.916,-4.7318,-2.6521,-1.315,0.10697,1.1382,1.6766,2.1191,2.3292,2.3661,2.3045,2.1714,2.0046,1.8614,1.6586,1.4499,1.2787,1.1544,1.1366,1.2061,1.3333,1.5333,1.7038,1.7948,1.7667,1.5737,1.3322,0.80747,0.053386,-0.88302,-1.6249,-2.4758,-2.6283,-2.0512,-0.62776,1.0064,2.1553,3.4409,4.3839,4.9946,5.2344,5.2694,4.9733,4.5386,3.6905,2.523,1.0675,-0.1758,-1.9668,-3.7205,-4.877,-6.144,-7.1702,-7.9665,-9.2914,-11.115,-12.655,-12.369,-9.7613,-6.482,-4.3952,-2.1538,-0.41029,0.58962,1.623,2.3345,2.7695,2.9087,2.953,2.8284,2.6382,2.311,1.9213,1.5116
-0.30395,-0.77581,-1.6991,-2.9082,-3.9343,-5.1293,-5.5865,-5.307,-4.3686,-3.1856,-2.0287,-1.2382,-0.28651,0.58237,1.1995,1.9602,2.634,3.0579,3.4873,3.7213,3.7082,3.5168,2.9623,2.0204,1.0209,-0.82615,-3.4719,-6.2156,-11.547,-15.737,-10.935,-7.9413,-5.3056,-3.5898,-2.6627,-1.6127,-0.68463,0.18992,0.80669,1.5313,2.0991,2.4064,2.6041,2.5649,2.3766,1.8814,1.1471,0.16039,-0.73458,-2.2079,-3.9872,-5.5771,-8.1831,-11.435,-14.099,-16.253,-15.088,-13.004,-11.807,-10.724,-10.086,-9.8161,-9.6451,-9.5266,-9.3916,-9.2321,-8.9513,-8.5548,-8.2689,-7.7437,-7.1954,-6.8574,-6.4441,-6.0983,-5.8115,-5.7095,-5.6043,-5.4747,-5.2953,-4.7865,-3.8802,-2.9715,-1.6524,-0.30813,0.88597,1.6139,2.4016,2.9638,3.2421,3.5076,3.6733,3.8166,3.9234,4.0365,4.0755,4.0197,3.7892,3.2907,2.7197,1.6167,0.030383,-2.2651,-4.7748,-10.149,-22.762,-14.031,-6.6096,-2.812,-0.82331,1.02,2.3014,3.1708,3.619,3.9293,3.967,3.8318,3.4196,2.7635,1.8248,0.91072,-0.61665,-2.6432,-4.6506,-8.4758,-15.409,-19.356,-10.545,-5.4951,-2.296,-0.6002,1.0593,2.2216,2.8233,3.3366,3.5414,3.5292,3.3087,2.8686,2.1999,1.5641,0.50385,-0.76615,-1.804,-3.1024,-3.7287,-3.4737,-2.8487,-1.7798,-0.85775,-0.35493,0.028592,0.030686,-0.23642,-0.95147,-2.1788,-4.2017,-6.5669,-12.088,-32.761,-13.728,-6.2422,-2.1942,-0.12391,1.8882,3.2847,4.1688,4.5418,4.6698,4.3895,3.8933,2.8407,1.2825,-0.87276,-2.9526,-6.5817,-11.273,-14.487,-14.308,-12.275,-11.557,-11.882,-13.649,-16.409,-16.112,-11.829,-7.711,-5.2811,-2.8574,-1.0593,-0.0083302,1.0316,1.7415,2.1658,2.3523,2.4211,2.3088,2.1423,1.83,1.4226,0.92153
-3.0327,-3.4824,-4.7521,-7.0373,-9.673,-16.197,-28.341,-15.754,-9.6006,-6.2407,-3.9692,-2.6562,-1.1856,0.0414,0.84965,1.7954,2.5897,3.0691,3.5489,3.8107,3.8492,3.7198,3.3296,2.69,2.0456,0.97785,-0.24846,-1.1755,-2.2046,-2.6791,-2.4693,-1.9625,-1.0839,-0.187,0.44849,1.221,1.8708,2.3998,2.692,2.9772,3.0658,3.0018,2.7174,2.1894,1.6177,0.65985,-0.53284,-1.8908,-2.9693,-4.4407,-5.8605,-6.9,-8.2018,-9.43,-10.207,-11.064,-11.617,-12.02,-12.317,-12.681,-13.153,-13.519,-13.751,-13.679,-13.27,-12.832,-12.08,-11.267,-10.542,-9.8,-8.9734,-8.3539,-7.6781,-7.0083,-6.2974,-5.7145,-4.8679,-3.9478,-3.2039,-2.1169,-0.97761,-0.1129,1.0626,2.1604,3.159,3.8311,4.5866,5.1713,5.5041,5.8329,6.0352,6.1247,6.1203,6.0214,5.7973,5.5485,5.0727,4.4085,3.7778,2.7551,1.4919,0.048073,-1.0948,-2.4619,-3.2028,-3.1184,-2.3089,-1.1453,-0.30385,0.71246,1.5258,2.1326,2.4468,2.7005,2.795,2.7411,2.539,2.1886,1.6831,1.2047,0.41406,-0.51568,-1.2661,-2.2317,-2.8188,-2.779,-2.0412,-0.78745,0.53262,1.4442,2.4356,3.1573,3.5165,3.7592,3.7315,3.5369,3.048,2.281,1.1999,0.15321,-1.6676,-4.203,-6.7817,-12.303,-27.754,-14.379,-9.5637,-5.9439,-3.821,-2.8211,-2.0019,-1.6895,-1.7657,-2.2063,-2.9998,-4.0627,-4.9491,-5.9764,-6.162,-5.4637,-3.6809,-1.6629,-0.23923,1.3709,2.6338,3.5067,3.9076,4.0956,3.8898,3.4687,2.5072,1.077,-0.89246,-2.77,-5.9076,-9.4936,-11.592,-11.768,-10.296,-9.3454,-8.5493,-8.0476,-7.4765,-7.0088,-5.9514,-4.6181,-3.6024,-2.3854,-1.3685,-0.74773,-0.143,0.23705,0.40335,0.42413,0.26173,-0.03769,-0.32438,-0.78403,-1.2804,-1.8292
-3.7716,-3.9122,-4.5911,-5.75,-6.9002,-8.3517,-8.9979,-8.6848,-7.6616,-6.458,-5.2435,-4.329,-3.083,-1.7724,-0.80621,0.40061,1.4429,2.0948,2.7558,3.1806,3.3738,3.3679,3.1923,2.8417,2.4864,1.9508,1.4121,1.0459,0.70133,0.55667,0.6283,0.81632,1.2011,1.6846,2.0728,2.5459,2.9558,3.2525,3.3825,3.3917,3.1992,2.8881,2.2466,1.296,0.34811,-1.2277,-3.1887,-5.4763,-7.3623,-9.4381,-10.551,-10.714,-10.588,-10.496,-10.595,-11.05,-11.787,-12.867,-13.95,-15.87,-18.375,-20.568,-22.96,-23.057,-21.147,-19.522,-17.529,-15.855,-14.679,-13.479,-12.507,-11.822,-11.044,-10.294,-9.397,-8.4687,-7.0028,-5.3274,-4.0073,-2.2656,-0.61069,0.54002,1.9502,3.1768,4.2326,4.9065,5.6336,6.1864,6.497,6.7575,6.878,6.861,6.765,6.5399,6.2069,5.8793,5.3335,4.6789,4.1085,3.2592,2.3358,1.3847,0.70869,-0.053504,-0.60328,-0.83904,-0.92266,-0.77774,-0.62193,-0.31428,-0.025237,0.20476,0.30919,0.41699,0.45121,0.446,0.42521,0.38065,0.35303,0.35211,0.35502,0.39931,0.45192,0.59456,0.85293,1.1263,1.6105,2.1717,2.7381,3.115,3.5226,3.761,3.8172,3.7027,3.3903,3.0132,2.3223,1.4049,0.27523,-0.74288,-2.2936,-4.0482,-5.5007,-7.3155,-8.2676,-7.897,-6.9788,-5.5902,-4.3586,-3.6744,-3.1005,-2.8784,-2.9169,-3.2566,-3.8307,-4.461,-4.8092,-5.0011,-4.6489,-4.02,-2.7708,-1.3013,-0.18803,1.1976,2.3392,3.2032,3.6391,3.934,3.8853,3.6329,3.0186,2.0988,0.91446,-0.11211,-1.5363,-2.8642,-3.6821,-4.4264,-4.7966,-4.8961,-4.8556,-4.707,-4.4836,-4.2505,-3.8227,-3.3607,-3.0338,-2.6047,-2.2724,-2.1225,-2.0078,-2.0538,-2.2629,-2.5846,-3.1593,-3.8881,-4.5259,-5.3895,-6.0814,-6.4456
-1.7407,-1.7074,-1.9063,-2.3458,-2.7852,-3.5062,-4.2905,-4.8794,-5.7756,-6.8336,-7.7931,-7.9789,-6.8656,-4.6686,-2.9424,-0.93416,0.64603,1.5553,2.4347,2.9837,3.2298,3.2463,3.0708,2.7198,2.3777,1.8859,1.411,1.1199,0.87684,0.84075,1.0256,1.2852,1.7525,2.2999,2.7091,3.2234,3.6502,3.9434,4.0634,4.0259,3.7666,3.3979,2.6377,1.5186,0.42467,-1.511,-4.1538,-7.8883,-11.931,-22.735,-21.985,-15.556,-12.019,-10.473,-10.056,-10.118,-10.855,-12.162,-13.608,-16.257,-19.897,-23.608,-29.158,-29.932,-26.943,-24.927,-22.421,-19.86,-18.404,-16.566,-15.696,-15.466,-15.518,-16.038,-16.206,-15.071,-11.809,-8.1561,-5.6985,-2.8629,-0.46807,1.0727,2.8029,4.2364,5.3734,6.0409,6.7245,7.1818,7.385,7.4857,7.4183,7.2162,6.9957,6.6251,6.1875,5.8086,5.2452,4.596,4.0452,3.1933,2.2493,1.2249,0.45048,-0.52962,-1.3379,-1.7902,-2.1507,-2.3058,-2.274,-2.2653,-2.2753,-2.3491,-2.4172,-2.5627,-2.7335,-2.8016,-2.816,-2.6526,-2.2518,-1.8003,-1.0066,-0.12032,0.55819,1.4426,2.2458,2.7882,3.4284,3.9387,4.3245,4.507,4.6065,4.5199,4.329,3.9091,3.3047,2.7414,1.8531,0.83482,-0.28505,-1.1807,-2.3784,-3.4902,-4.188,-4.8703,-5.1754,-4.9912,-4.6232,-4.0387,-3.433,-3.0586,-2.7884,-2.8401,-3.1118,-3.8293,-5.0032,-6.6953,-8.2403,-9.7807,-9.1027,-7.1974,-4.325,-1.7986,-0.20814,1.5412,2.8966,3.8949,4.4182,4.8353,4.9425,4.8292,4.4576,3.8458,3.0391,2.3334,1.3278,0.29264,-0.45649,-1.3525,-2.1041,-2.5504,-2.9815,-3.242,-3.3777,-3.3173,-3.2921,-3.2974,-3.3242,-3.3996,-3.5459,-3.7025,-3.9701,-4.3212,-4.8109,-5.3515,-6.3023,-7.7675,-9.3446,-12.176,-15.313,-15.002
0.85582,0.96046,0.9496,0.73564,0.45944,-0.12108,-1.0225,-1.9878,-3.784,-6.6109,-11.644,-18.154,-12.659,-6.2481,-3.3351,-0.67557,1.1034,2.0249,2.8325,3.2248,3.2655,3.0965,2.6167,1.8909,1.2175,0.18314,-0.87813,-1.5541,-2.1173,-2.0829,-1.4683,-0.76082,0.30966,1.3704,2.1148,3.003,3.7165,4.2406,4.4901,4.645,4.5506,4.3194,3.7631,2.918,2.0907,0.70028,-1.0178,-2.9891,-4.5231,-6.1578,-6.9552,-6.9761,-6.7094,-6.4887,-6.5106,-6.8645,-7.6412,-8.88,-10.041,-12.063,-14.524,-16.575,-19.65,-23.465,-29.578,-39.335,-28.205,-22.052,-19.543,-17.246,-16.094,-15.965,-16.65,-18.712,-21.849,-20.223,-13.717,-8.467,-5.3608,-2.0331,0.64132,2.3142,4.161,5.6147,6.7037,7.3088,7.8376,8.0585,8.0335,7.7905,7.3257,6.7142,6.2123,5.5584,4.9857,4.6317,4.2069,3.721,3.2496,2.4141,1.2564,-0.24964,-1.6031,-3.6769,-5.6117,-6.5053,-6.6423,-6.1089,-5.6582,-5.3934,-5.5001,-5.9225,-6.3412,-7.03,-7.6625,-8.1445,-8.7895,-9.077,-8.3818,-7.0069,-4.5753,-2.1448,-0.52844,1.2915,2.7329,3.6014,4.4835,5.0907,5.4217,5.5081,5.386,5.0186,4.5828,3.8144,2.8318,1.9883,0.75725,-0.5285,-1.8787,-2.894,-4.3015,-5.7051,-6.5799,-7.157,-6.9241,-5.9742,-5.0543,-3.8361,-2.8601,-2.3058,-1.8701,-1.8329,-2.1056,-2.8786,-4.2493,-6.4366,-8.8702,-13.017,-11.824,-7.8997,-3.7234,-0.70992,1.0559,2.8949,4.2804,5.2762,5.8045,6.2297,6.3724,6.2992,5.9668,5.3979,4.6124,3.8988,2.7885,1.5256,0.51046,-0.89384,-2.241,-3.1159,-3.9792,-4.3807,-4.377,-4.3151,-4.261,-4.3432,-4.5416,-5.0874,-5.8363,-6.4037,-7.102,-7.4737,-7.5904,-7.5718,-7.8562,-8.7103,-9.8329,-12.005,-14.352,-13.713
1.024,1.3143,1.6223,1.8005,1.8024,1.6507,1.2667,0.80738,0.0050011,-0.92603,-1.7209,-1.9933,-1.6802,-0.78204,0.032783,1.0377,1.7971,2.1774,2.4075,2.3236,1.9389,1.438,0.49007,-0.8375,-2.1162,-4.3301,-7.2815,-10.127,-13.967,-13.01,-9.2147,-6.8174,-4.2445,-2.1927,-0.89728,0.52451,1.6705,2.5472,3.026,3.4614,3.6469,3.6304,3.4186,3.0053,2.5496,1.8096,0.96547,0.05193,-0.60297,-1.4252,-2.0949,-2.5043,-2.9522,-3.3745,-3.7147,-4.2942,-5.019,-5.9637,-6.8021,-8.1277,-9.6706,-10.96,-12.905,-14.916,-16.711,-17.529,-17.414,-16.378,-15.748,-15.023,-14.428,-14.14,-13.913,-13.337,-12.168,-10.725,-8.2302,-5.4038,-3.3065,-0.7121,1.5723,3.0524,4.6873,5.9516,6.8578,7.3,7.5578,7.4355,7.0869,6.2549,4.9983,3.3329,1.9073,0.1654,-0.6573,-0.49138,0.17122,0.69651,0.78596,0.43585,-0.56732,-2.3349,-4.3407,-8.3244,-15.747,-29.439,-15.718,-10.957,-9.5834,-8.992,-9.6693,-11.397,-13.314,-15.747,-16.335,-16.203,-16.977,-21.252,-26.517,-16.103,-8.9662,-4.6005,-2.2078,0.21628,2.0117,3.0293,4.0049,4.6098,4.8572,4.8201,4.4747,3.7844,3.0355,1.7196,0.069412,-1.3414,-3.3011,-5.1156,-6.5806,-7.5319,-9.07,-11.569,-14.966,-24.01,-17.381,-10.842,-7.9188,-5.2419,-3.4944,-2.6167,-1.8718,-1.5222,-1.4801,-1.6934,-2.1144,-2.6102,-2.8993,-2.9414,-2.3765,-1.5514,-0.16983,1.3444,2.4116,3.6782,4.7056,5.474,5.878,6.1839,6.2257,6.091,5.6819,5.0229,4.1116,3.2635,1.8815,0.18141,-1.3459,-3.8089,-6.9097,-9.6201,-12.5,-11.748,-9.4427,-8.2216,-7.1342,-6.8233,-7.1272,-8.2674,-10.429,-12.93,-17.359,-17.493,-13.368,-11.069,-9.1644,-8.0807,-7.6117,-7.241,-6.8715,-6.3189
-1.5617,-0.77704,0.21036,1.0535,1.536,1.9765,2.2133,2.2747,2.2084,2.0595,1.8851,1.7877,1.7293,1.7236,1.7331,1.6985,1.5635,1.3654,0.94973,0.36006,-0.42769,-1.1603,-2.3508,-3.8441,-5.2296,-7.4894,-10.373,-12.883,-15.813,-15.733,-13.378,-11.425,-8.9296,-6.6085,-5.0495,-3.1789,-1.6492,-0.46022,0.22697,0.85427,1.2391,1.3767,1.4132,1.2975,1.1277,0.8136,0.4127,-0.054542,-0.41912,-0.95381,-1.4879,-1.8821,-2.3808,-2.8558,-3.1968,-3.6398,-4.088,-4.5529,-4.9885,-5.5953,-6.3198,-6.918,-7.7891,-8.6571,-9.4579,-9.9718,-10.605,-11.22,-11.652,-12.541,-13.863,-15.069,-16.442,-15.896,-13.059,-10.481,-7.2136,-4.2934,-2.3298,-0.014205,1.9619,3.2217,4.6101,5.6579,6.362,6.6455,6.7007,6.3561,5.805,4.5907,2.7111,-0.16159,-3.4,-11.176,-17.352,-8.6588,-3.9514,-1.7114,-0.87115,-0.5317,-0.86806,-1.7838,-2.8062,-4.4404,-6.0653,-6.934,-7.4182,-7.5859,-7.7444,-8.4717,-9.9723,-12.576,-15.597,-20.406,-19.433,-16.522,-13.84,-12.034,-10.126,-8.4007,-5.8827,-3.4756,-1.8639,-0.089832,1.3148,2.119,2.8911,3.3185,3.431,3.2838,2.7862,1.8794,0.88927,-0.94366,-3.5251,-6.1724,-11.203,-18.287,-16.528,-13.468,-11.454,-10.997,-11.056,-10.988,-9.8465,-7.889,-6.4103,-4.6937,-3.4466,-2.8189,-2.2884,-2.0456,-1.9908,-2.0381,-2.1206,-2.1456,-2.0611,-1.7216,-1.132,-0.53826,0.39467,1.4009,2.1428,3.0478,3.815,4.3913,4.6714,4.8404,4.7499,4.5155,4.0002,3.2403,2.2429,1.3385,-0.088715,-1.7864,-3.2971,-5.744,-8.8587,-11.68,-14.866,-13.758,-11.008,-9.3092,-8.067,-7.6462,-7.8275,-8.6404,-10.169,-11.753,-13.756,-13.763,-11.741,-10.113,-8.31,-6.9963,-6.2757,-5.5654,-4.9956,-4.5187
-5.8472,-3.7698,-1.5009,0.23157,1.245,2.2408,2.9075,3.2337,3.4722,3.5228,3.424,3.2703,2.9615,2.5535,2.1704,1.552,0.80168,0.14451,-0.83448,-1.9031,-3.018,-3.8401,-4.9372,-6.0243,-6.9119,-8.2239,-9.7291,-11.003,-12.794,-14.733,-16.672,-17.038,-14.739,-11.114,-8.6534,-6.053,-4.1622,-2.8476,-2.1744,-1.6171,-1.3447,-1.2533,-1.2223,-1.2237,-1.1969,-1.1885,-1.2564,-1.4109,-1.6459,-2.0359,-2.5646,-3.0148,-3.6393,-4.1698,-4.4483,-4.5633,-4.4565,-4.2212,-4.0358,-3.8646,-3.8187,-3.8785,-4.0582,-4.3695,-4.7911,-5.1782,-5.8077,-6.6428,-7.4308,-8.838,-10.954,-13.209,-17.224,-17.597,-12.328,-8.9177,-5.3392,-2.5164,-0.74265,1.2827,2.9614,4.009,5.1648,6.0239,6.5883,6.8198,6.8624,6.5841,6.1536,5.2921,4.0839,2.5907,1.3814,-0.0044865,-0.65205,-0.55727,0.0068374,0.60315,0.92837,1.0941,0.96799,0.58245,0.1716,-0.50417,-1.2351,-1.7724,-2.4453,-3.113,-3.6143,-4.4367,-5.3761,-6.3797,-7.1114,-7.6997,-7.6968,-7.3383,-6.5258,-5.4907,-4.3538,-3.4538,-2.2485,-1.0797,-0.27821,0.66461,1.4281,1.8728,2.3069,2.5422,2.571,2.4479,2.0484,1.351,0.59818,-0.76856,-2.5968,-4.2943,-6.7948,-8.7685,-8.9241,-8.0806,-6.8162,-5.8055,-5.2018,-4.5331,-3.8756,-3.2511,-2.8141,-2.3745,-2.1393,-2.1114,-2.2939,-2.7074,-3.1337,-3.7313,-4.2537,-4.5164,-4.4603,-4.0034,-3.1501,-2.3419,-1.1289,0.07148,0.92199,1.9158,2.7042,3.2539,3.4937,3.5691,3.3665,3.0268,2.3378,1.4054,0.27878,-0.66311,-1.9539,-3.2135,-4.1026,-5.2029,-6.1297,-6.6668,-7.0364,-6.962,-6.5313,-6.1764,-5.7546,-5.5482,-5.5296,-5.7203,-6.0797,-6.3868,-6.6397,-6.6651,-6.3968,-6.0442,-5.5689,-5.1308,-4.8514,-4.534,-4.314,-4.1369
-7.0226,-4.2457,-1.4325,0.60335,1.7741,2.9273,3.6958,4.0478,4.2877,4.2782,4.0598,3.7623,3.1983,2.4505,1.7607,0.66658,-0.65649,-1.8131,-3.5731,-5.5497,-7.4902,-8.6492,-9.3669,-9.3141,-9.0897,-8.9595,-9.2119,-9.764,-11.059,-13.185,-16.261,-17.787,-14.962,-10.822,-8.4154,-6.1289,-4.6445,-3.8665,-3.6852,-3.8649,-4.4587,-5.0048,-5.5731,-5.575,-5.2049,-4.4819,-3.8266,-3.4688,-3.454,-3.791,-4.5738,-5.4727,-7.0398,-8.7688,-9.5723,-9.0745,-7.2741,-5.3828,-4.1445,-2.8912,-1.9956,-1.537,-1.1605,-1.0213,-1.087,-1.2581,-1.6184,-2.1369,-2.6498,-3.4124,-4.1648,-4.613,-4.9235,-4.5998,-3.6155,-2.5825,-1.0191,0.55295,1.6685,3.042,4.2522,5.0439,5.9237,6.6109,7.0914,7.3209,7.4335,7.3299,7.1162,6.6746,6.0818,5.4109,4.902,4.2861,3.8196,3.576,3.3826,3.2772,3.2159,3.1225,2.9562,2.7008,2.4521,2.0454,1.5684,1.1656,0.58922,0.020673,-0.43381,-1.0015,-1.5243,-1.9479,-2.1524,-2.2819,-2.234,-2.0727,-1.7143,-1.2465,-0.74577,-0.37612,0.093622,0.48613,0.71543,0.96105,1.117,1.2077,1.3089,1.4236,1.5146,1.5686,1.5595,1.4339,1.2439,0.85294,0.3301,-0.09879,-0.62918,-0.99452,-1.1028,-1.01,-0.74856,-0.42416,-0.21822,0.016716,0.16218,0.19268,0.11422,-0.20409,-0.76725,-1.3659,-2.4555,-3.8944,-5.2202,-7.3311,-9.6776,-11.666,-12.121,-10.869,-8.4491,-6.5427,-4.1749,-2.1435,-0.86258,0.54773,1.5772,2.2433,2.5114,2.5417,2.2113,1.7166,0.69863,-0.70514,-2.4566,-3.9224,-5.7733,-7.0415,-7.3331,-6.9904,-6.3318,-5.8136,-5.1573,-4.5763,-4.082,-3.8086,-3.449,-3.2033,-3.105,-3.1084,-3.208,-3.3139,-3.4796,-3.6449,-3.8082,-3.9423,-4.1242,-4.3268,-4.48,-4.6724,-4.847,-4.9919
