6.3919,5.7226,4.7674,3.734,2.8919,1.6635,0.30379,-0.8348,-2.5227,-4.5032,-6.9679,-9.2779,-13.56,-21.071,-25.599,-16.411,-11.577,-9.2033,-6.816,-4.9896,-3.5515,-2.6659,-1.7075,-0.93799,-0.47423,0.016653,0.37767,0.5824,0.75438,0.84245,0.82944,0.78549,0.63971,0.44012,0.25359,-0.037487,-0.36318,-0.71641,-0.98271,-1.347,-1.6894,-1.9485,-2.2436,-2.5161,-2.7051,-2.9139,-3.0875,-3.2157,-3.2886,-3.3517,-3.3534,-3.3119,-3.1999,-3.0213,-2.828,-2.5035,-2.0991,-1.6286,-1.2447,-0.69568,-0.12695,0.29593,0.85101,1.3746,1.8462,2.1712,2.5632,2.8943,3.0967,3.3043,3.4399,3.4918,3.4907,3.4035,3.2178,3.0242,2.6804,2.2398,1.8488,1.2341,0.52965,-0.063142,-0.9383,-1.8781,-2.7995,-3.4355,-4.0752,-4.3139,-4.1835,-3.6483,-2.8407,-1.935,-1.2435,-0.38997,0.40158,0.93671,1.5669,2.1077,2.4537,2.8404,3.1447,3.3785,3.5056,3.6184,3.6783,3.6742,3.6284,3.5231,3.4205,3.2397,3.0201,2.7689,2.5533,2.2377,1.8807,1.5869,1.1491,0.67129,0.15259,-0.25947,-0.83236,-1.4378,-1.9107,-2.5672,-3.2268,-3.7268,-4.3752,-4.9363,-5.3689,-5.5887,-5.6961,-5.564,-5.3101,-4.8183,-4.181,-3.653,-2.9071,-2.1429,-1.3849,-0.82976,-0.1241,0.55307,1.0284,1.6117,2.1364,2.598,2.9138,3.2887,3.6062,3.8118,4.0383,4.211,4.3094,4.3963,4.4277,4.4168,4.3742,4.2842,4.144,4.0098,3.806,3.5758,3.3874,3.1166,2.8283,2.5378,2.3183,2.0373,1.7735,1.5876,1.3619,1.1697,1.0132,0.91498,0.82686,0.77408,0.76052,0.76542,0.80918,0.84879,0.90254,0.94935,0.97974,0.98943,0.98889,0.94566,0.87983,0.75323,0.56963,0.38166,0.058792,-0.37369,-0.93211,-1.4356,-2.2417,-3.2291,-4.0967,-5.4444,-6.9891,-8.5372
3.953,3.2342,2.2303,1.1762,0.36442,-0.72017,-1.8017,-2.5783,-3.5328,-4.3574,-4.9926,-5.3237,-5.5545,-5.5156,-5.3247,-4.8972,-4.3005,-3.773,-2.9971,-2.1932,-1.3921,-0.80944,-0.072692,0.59987,1.0589,1.6089,2.0842,2.3958,2.751,3.0418,3.2727,3.4067,3.5368,3.6149,3.6395,3.6339,3.5849,3.4923,3.4001,3.2408,3.0359,2.8531,2.5654,2.2209,1.9205,1.4517,0.89091,0.21918,-0.37692,-1.3272,-2.5007,-3.5754,-5.3738,-7.7575,-10.06,-13.526,-13.837,-10.14,-7.4422,-4.5779,-2.3535,-0.99764,0.50464,1.7269,2.7206,3.3388,4.0134,4.5344,4.8332,5.12,5.2817,5.328,5.2891,5.1407,4.891,4.6374,4.2184,3.7162,3.2905,2.6681,2.0046,1.4917,0.81103,0.16925,-0.38943,-0.73391,-1.0546,-1.1896,-1.1634,-0.98212,-0.65114,-0.21085,0.16309,0.69395,1.2308,1.6186,2.1011,2.5311,2.812,3.1253,3.3703,3.5397,3.6206,3.6619,3.6352,3.5715,3.4324,3.2338,3.0514,2.7665,2.4351,2.0641,1.7571,1.312,0.82656,0.43247,-0.13462,-0.75259,-1.4285,-1.9727,-2.7518,-3.5888,-4.2544,-5.1805,-6.1112,-6.7938,-7.6102,-8.2415,-8.5801,-8.6137,-8.3615,-7.8398,-7.3291,-6.5563,-5.7434,-5.1248,-4.3187,-3.5537,-2.8275,-2.3078,-1.6447,-1.0126,-0.5564,0.029314,0.59407,1.1378,1.5296,2.0358,2.5144,2.855,3.2799,3.6683,3.9298,4.2399,4.501,4.7072,4.8278,4.942,5.0081,5.0289,5.0173,4.9695,4.9138,4.8172,4.704,4.5818,4.4895,4.3698,4.2632,4.1959,4.1212,4.0692,4.0389,4.028,4.0292,4.0437,4.0578,4.0786,4.0974,4.1043,4.1016,4.0821,4.038,3.9871,3.8942,3.7744,3.6651,3.4944,3.296,3.1293,2.8889,2.6324,2.3662,2.1633,1.9027,1.6589,1.4978,1.3263,1.2119,1.175
2.6537,2.037,1.0387,-0.20111,-1.3237,-3.1703,-5.5318,-7.8446,-12.311,-21.215,-24.068,-15.619,-10.558,-7.5602,-5.9209,-4.2337,-2.9101,-2.0888,-1.1645,-0.39677,0.25616,0.6817,1.2117,1.6913,2.0317,2.4688,2.8905,3.197,3.5859,3.9487,4.2807,4.5038,4.7635,4.9762,5.1119,5.2543,5.3531,5.429,5.465,5.5038,5.5326,5.5523,5.5813,5.6128,5.6327,5.6546,5.6664,5.66,5.6429,5.6053,5.5588,5.5163,5.4715,5.4521,5.4706,5.5553,5.7274,5.9879,6.2353,6.6214,7.0453,7.372,7.7983,8.1899,8.5329,8.748,8.9716,9.1158,9.1628,9.1468,9.0375,8.8868,8.5949,8.1948,7.68,7.2143,6.48,5.5976,4.8311,3.6507,2.2489,1.0195,-0.93737,-3.4287,-6.8085,-10.548,-20.761,-19.525,-12.102,-7.2869,-4.3307,-2.2276,-0.97903,0.37287,1.4618,2.1374,2.8823,3.4578,3.7948,4.1084,4.2848,4.3157,4.2477,4.0371,3.6865,3.3353,2.7521,2.0603,1.4794,0.6666,-0.12834,-0.83338,-1.2568,-1.6511,-1.8682,-1.9486,-2.0178,-2.1311,-2.3448,-2.5947,-3.0853,-3.7834,-4.4658,-5.6185,-7.08,-8.4099,-10.486,-12.673,-13.954,-13.533,-11.695,-9.6207,-8.2648,-6.7822,-5.6291,-4.9291,-4.2156,-3.7417,-3.4714,-3.3995,-3.4549,-3.662,-3.8746,-4.1459,-4.2586,-3.9909,-3.4863,-2.4789,-1.2464,-0.2874,0.93467,2.0309,2.757,3.5839,4.246,4.7498,5.0254,5.2647,5.3624,5.3432,5.2055,4.9386,4.6549,4.1868,3.6234,2.9936,2.5047,1.8842,1.3765,1.123,1.017,1.1789,1.5575,1.9438,2.5119,3.0866,3.49,3.9679,4.3572,4.589,4.8119,4.9258,4.9402,4.8835,4.7181,4.4568,4.2013,3.7909,3.2998,2.895,2.3284,1.7549,1.2145,0.84723,0.43285,0.12097,-0.053713,-0.21048,-0.28706,-0.3117
2.4392,2.4597,2.3269,2.0369,1.7383,1.2576,0.72774,0.35613,-0.10047,-0.40145,-0.49918,-0.45319,-0.30895,-0.10837,0.03363,0.16485,0.19465,0.14134,-0.0723,-0.47361,-1.0673,-1.64,-2.5032,-3.3441,-3.7997,-3.8333,-3.1581,-2.3217,-1.0646,0.11301,1.0949,1.6877,2.2595,2.6148,2.7443,2.7336,2.5396,2.1921,1.8712,1.429,1.1055,1.0211,1.2409,1.8189,2.4239,3.3445,4.2857,5.173,5.776,6.5001,7.1275,7.5378,8.0114,8.4139,8.6706,8.9681,9.2199,9.4336,9.5724,9.733,9.8647,9.9456,10.03,10.08,10.1,10.088,10.04,9.951,9.8498,9.6704,9.4355,9.2188,8.871,8.4548,7.9615,7.5392,6.8948,6.1596,5.5486,4.6526,3.6732,2.9005,1.8371,0.77071,-0.2073,-0.84465,-1.4746,-1.8107,-1.8641,-1.6908,-1.2894,-0.73189,-0.24644,0.46716,1.2082,1.7666,2.4597,3.0851,3.4709,3.864,4.0924,4.1274,4.0236,3.6917,3.114,2.4953,1.3857,-0.12221,-1.5944,-4.1836,-7.8722,-13.439,-16.895,-12.294,-8.0249,-5.9335,-4.0413,-2.8128,-2.0387,-1.6856,-1.4534,-1.4342,-1.5263,-1.7513,-2.0562,-2.3134,-2.6491,-2.9519,-3.1664,-3.2497,-3.2531,-3.1433,-3.0219,-2.8574,-2.6936,-2.5926,-2.5098,-2.535,-2.6936,-2.9209,-3.4325,-4.2295,-5.0704,-6.5156,-8.2575,-9.5655,-9.2896,-7.1593,-4.5187,-2.7137,-0.67852,0.96549,1.9621,3.0255,3.8222,4.3803,4.653,4.8308,4.808,4.652,4.2676,3.6686,3.0669,2.0381,0.70712,-1.022,-2.6622,-5.5645,-9.9376,-15.284,-18.33,-10.586,-6.1943,-3.9741,-1.7772,-0.12419,0.86966,1.9274,2.738,3.2073,3.6526,3.9069,3.9646,3.8787,3.5747,3.0502,2.4953,1.5087,0.18845,-1.0757,-3.2081,-6.0435,-9.8394,-13.004,-13.637,-10.374,-8.2881,-6.4065,-5.3451,-4.9708
0.81517,1.0017,1.1972,1.3332,1.4062,1.4743,1.5167,1.5381,1.5554,1.5568,1.5871,1.598,1.6012,1.5652,1.4999,1.3216,1.0257,0.70994,0.13908,-0.64973,-1.6885,-2.6716,-4.2848,-6.1341,-7.3995,-7.99,-6.885,-5.4698,-3.6514,-2.1558,-1.0226,-0.40678,0.10105,0.29905,0.24378,-0.1049,-0.8173,-1.9487,-3.1468,-5.3846,-8.7272,-12.016,-13.255,-8.4979,-5.3617,-2.2556,0.032794,1.7918,2.8514,4.0073,4.9202,5.469,6.0597,6.4912,6.7287,6.9432,7.048,7.0566,7.0159,6.8974,6.7225,6.5638,6.3191,6.055,5.7991,5.6076,5.3732,5.166,5.0261,4.8484,4.6887,4.5577,4.3687,4.1453,3.8766,3.6279,3.2295,2.7643,2.3716,1.7955,1.1496,0.63315,-0.099534,-0.90274,-1.7666,-2.4654,-3.4813,-4.6296,-5.6452,-7.2057,-8.9423,-10.303,-10.267,-8.5236,-5.9967,-4.2131,-2.152,-0.47643,0.54792,1.6269,2.4166,2.9235,3.1359,3.2077,3.0604,2.8174,2.3352,1.7091,1.1724,0.41986,-0.29716,-0.89632,-1.2255,-1.4953,-1.5778,-1.5577,-1.4801,-1.4092,-1.3594,-1.3857,-1.4891,-1.6807,-1.892,-2.2451,-2.6819,-3.0611,-3.6125,-4.1966,-4.7756,-5.1922,-5.6739,-6.0209,-6.1886,-6.2834,-6.2046,-6.0368,-5.7279,-5.3374,-4.8968,-4.5575,-4.1171,-3.6929,-3.4032,-3.0079,-2.591,-2.118,-1.7027,-1.0724,-0.38052,0.16306,0.87228,1.5209,1.9433,2.4031,2.7282,2.9099,2.9476,2.8685,2.6367,2.3627,1.8541,1.2217,0.64811,-0.23196,-1.2288,-2.3319,-3.1823,-4.2977,-5.2787,-5.8432,-6.2618,-6.2645,-5.8461,-5.3159,-4.4055,-3.3506,-2.5354,-1.4887,-0.53727,0.084207,0.77291,1.2841,1.605,1.71,1.6744,1.4284,1.1157,0.51454,-0.26855,-0.96165,-1.9916,-3.05,-3.962,-4.3992,-4.5438,-4.27,-3.9101,-3.3829,-2.9237,-2.6234
-3.2252,-2.918,-2.4893,-2.0686,-1.7664,-1.3789,-0.99678,-0.73553,-0.40269,-0.12679,0.11821,0.27992,0.51034,0.7267,0.87107,1.019,1.1148,1.1317,1.0911,0.97462,0.80811,0.64539,0.41026,0.20038,0.08331,0.029126,0.063361,0.14044,0.2854,0.44678,0.55763,0.59808,0.57446,0.44991,0.28562,-0.021364,-0.42075,-0.85583,-1.1907,-1.577,-1.8299,-1.8789,-1.7141,-1.2617,-0.77086,-0.0014395,0.82851,1.6474,2.2217,2.8985,3.4457,3.76,4.0428,4.1675,4.1594,4.0175,3.719,3.268,2.8364,2.1369,1.3264,0.66903,-0.26614,-1.2172,-2.1056,-2.6742,-3.2508,-3.5344,-3.546,-3.3416,-2.9821,-2.6757,-2.2891,-1.9977,-1.8209,-1.7795,-1.8479,-2.0325,-2.2863,-2.7117,-3.2201,-3.6273,-4.1928,-4.7049,-5.1531,-5.4493,-5.817,-6.2151,-6.6075,-7.1929,-7.8055,-8.1076,-7.8823,-6.7223,-4.8677,-3.3608,-1.4621,0.16852,1.2058,2.3264,3.1876,3.7961,4.0936,4.2847,4.2567,4.1004,3.7281,3.1778,2.6683,1.8779,0.99108,0.037466,-0.67657,-1.5729,-2.318,-2.7318,-3.0399,-3.137,-3.0909,-3.0363,-3.0208,-3.1363,-3.37,-3.8787,-4.6484,-5.4082,-6.6958,-8.3234,-10.315,-12.072,-14.536,-16.6,-17.303,-17.069,-16.2,-15.401,-14.216,-12.796,-11.146,-9.8581,-8.0994,-6.4335,-5.2973,-3.9372,-2.753,-1.7516,-1.0959,-0.33617,0.28813,0.67983,1.0859,1.3566,1.4715,1.5097,1.4023,1.1724,0.91859,0.48331,-0.05612,-0.50103,-1.1442,-1.8095,-2.3579,-3.1041,-3.9191,-4.8202,-5.5761,-6.723,-8.154,-9.4788,-11.786,-15.034,-18.897,-18.735,-14.228,-10.242,-7.9279,-5.5002,-3.6266,-2.5111,-1.3209,-0.43895,0.18928,0.50783,0.76015,0.81163,0.74272,0.53224,0.21979,-0.058274,-0.46626,-0.87304,-1.2185,-1.4124,-1.565,-1.5938,-1.5345,-1.3653,-1.1127,-0.78235
-10.308,-9.454,-7.9965,-6.5946,-5.7128,-4.8361,-4.2523,-3.9662,-3.7214,-3.5518,-3.2755,-2.9542,-2.351,-1.5947,-0.95292,-0.1169,0.63211,1.1145,1.6459,2.0233,2.2824,2.4091,2.5125,2.5481,2.5291,2.474,2.3727,2.2818,2.1289,1.9259,1.6553,1.4135,1.0138,0.53316,0.11495,-0.49048,-1.1217,-1.7183,-2.0869,-2.4031,-2.4375,-2.2776,-1.8279,-1.1834,-0.62588,0.16426,0.92772,1.6338,2.1175,2.6452,3.0297,3.2096,3.2787,3.161,2.9217,2.398,1.6171,0.55927,-0.42954,-2.0388,-3.9572,-5.6254,-8.1289,-10.768,-13.522,-15.718,-18.723,-20.537,-19.085,-15.205,-11.916,-10.004,-8.049,-6.6818,-5.7894,-5.3726,-5.1843,-5.2943,-5.6473,-6.4715,-7.7761,-9.0531,-11.301,-13.742,-14.314,-12.657,-9.6944,-7.1394,-5.551,-3.786,-2.3263,-1.0175,-0.089604,1.0905,2.235,3.0653,4.1114,5.0652,5.7055,6.4206,6.9749,7.3604,7.53,7.5921,7.4552,7.2127,6.6974,5.9431,5.2031,3.9504,2.3252,0.19303,-1.892,-5.7591,-12.496,-24.986,-13.468,-7.5643,-4.6191,-3.2492,-2.145,-1.6239,-1.5547,-1.8152,-2.4893,-3.2577,-4.6523,-6.4676,-8.7899,-10.829,-13.564,-15.56,-16.198,-16.344,-16.871,-17.942,-21.083,-23.895,-18.003,-13.748,-9.7169,-6.7176,-4.9316,-3.0156,-1.4814,-0.27492,0.44932,1.2093,1.7459,2.0054,2.1624,2.1163,1.9405,1.5165,0.86536,-0.0092944,-0.83187,-2.1286,-3.6123,-4.7511,-6.1704,-7.1183,-7.3878,-7.2262,-6.8388,-6.4423,-6.2822,-6.2514,-6.4353,-6.6981,-7.1938,-7.6609,-7.7881,-7.5102,-6.5858,-5.2649,-4.182,-2.8082,-1.588,-0.80332,0.056445,0.69696,1.1319,1.3208,1.4264,1.3549,1.1876,0.82514,0.3102,-0.17215,-0.92694,-1.7673,-2.6434,-3.2777,-3.9867,-4.35,-4.3192,-3.8816,-3.1019,-2.1589
-11.741,-10.075,-7.5289,-5.6071,-4.6144,-3.9233,-4.0315,-4.6425,-6.2619,-9.3059,-15.666,-23.946,-11.848,-6.0898,-3.4556,-0.99289,0.70106,1.6253,2.4732,3.0099,3.2854,3.348,3.3081,3.1569,3.0044,2.7666,2.5294,2.3731,2.1613,1.9174,1.6007,1.2924,0.72571,-0.067117,-0.84779,-2.1911,-4.012,-6.4798,-8.8852,-12.543,-13.12,-10.549,-7.1378,-4.5043,-2.9699,-1.3024,0.067342,1.1667,1.8514,2.578,3.1013,3.3649,3.5347,3.4668,3.2471,2.7017,1.8368,0.59584,-0.60958,-2.6998,-5.4703,-8.1905,-12.931,-19.378,-21.598,-19.104,-17.124,-15.976,-14.855,-12.801,-10.606,-9.185,-7.6842,-6.626,-5.9621,-5.6709,-5.5103,-5.5518,-5.7262,-6.0201,-6.443,-6.8765,-7.5049,-7.9238,-7.5546,-6.5387,-4.5458,-2.3932,-0.85215,1.025,2.6875,4.1326,5.1072,6.2983,7.355,8.0763,8.9347,9.6844,10.181,10.743,11.176,11.474,11.605,11.653,11.556,11.386,11.023,10.5,10.001,9.192,8.2364,7.1654,6.3281,5.2551,4.3859,3.9638,3.7714,3.9217,4.2263,4.4414,4.6276,4.6441,4.5289,4.2119,3.7063,3.2191,2.438,1.5596,0.61914,-0.095165,-0.99921,-1.8014,-2.3042,-2.8361,-3.1993,-3.3787,-3.441,-3.2193,-2.7066,-2.1301,-1.1961,-0.17362,0.5923,1.5635,2.4056,3.1248,3.5565,3.9918,4.2579,4.3342,4.2678,4.0022,3.655,2.985,2.0372,0.74255,-0.47157,-2.5186,-5.2203,-7.8652,-12.513,-15.868,-13.784,-10.049,-7.4615,-5.6988,-4.7189,-3.7312,-2.9906,-2.5164,-1.93,-1.3929,-0.88306,-0.49652,0.043045,0.61443,1.0405,1.5735,2.0221,2.3041,2.5959,2.7641,2.8012,2.7461,2.5625,2.2465,1.9144,1.3174,0.52491,-0.23152,-1.4875,-3.1299,-5.4275,-7.8124,-12.716,-25.278,-21.898,-11.838,-7.4212,-4.6244
-0.0055568,0.040442,0.21898,0.41052,0.504,0.52724,0.38384,0.12356,-0.36361,-0.87091,-1.1883,-1.1637,-0.752,0.011873,0.64799,1.4475,2.0414,2.3268,2.451,2.2669,1.7759,1.1903,0.1588,-1.1365,-2.1897,-3.4376,-4.1088,-4.0747,-3.5213,-2.7535,-2.131,-1.8188,-1.6962,-1.9071,-2.3131,-3.1311,-4.2985,-5.7284,-6.8534,-8.1244,-8.5483,-8.2136,-7.2352,-6.169,-5.415,-4.4176,-3.4279,-2.3704,-1.5571,-0.54677,0.38238,0.97648,1.5797,1.9739,2.1092,2.0571,1.7753,1.2512,0.72082,-0.1677,-1.1893,-1.9804,-2.9627,-3.8256,-4.4379,-4.7299,-4.8743,-4.8893,-4.8686,-4.8258,-4.8265,-4.9212,-5.2686,-5.9443,-7.0696,-8.2301,-10.312,-12.148,-12.237,-10.344,-7.974,-6.3668,-4.5603,-3.0173,-1.6585,-0.69036,0.55883,1.7687,2.6448,3.7543,4.8133,5.8161,6.5198,7.4019,8.2316,8.8153,9.5326,10.183,10.615,11.117,11.529,11.835,11.993,12.109,12.12,12.061,11.906,11.672,11.457,11.125,10.766,10.399,10.133,9.8087,9.5219,9.3447,9.1389,8.9605,8.7856,8.6379,8.3884,8.0626,7.7664,7.2853,6.7111,6.224,5.5065,4.7553,4.0027,3.4472,2.7465,2.1375,1.7444,1.3129,0.98271,0.81737,0.71043,0.72697,0.85371,1.003,1.2742,1.6237,1.9066,2.3088,2.6974,3.0563,3.2981,3.5425,3.6912,3.7277,3.6623,3.456,3.1895,2.6864,2.0046,1.1523,0.41729,-0.69553,-1.8711,-2.7433,-3.7586,-4.5532,-4.9661,-5.3056,-5.3653,-5.2187,-4.9984,-4.5108,-3.8246,-3.2232,-2.3771,-1.5082,-0.69359,-0.14351,0.47668,0.95958,1.2224,1.4427,1.5139,1.4518,1.2466,0.91978,0.52475,0.18674,-0.26543,-0.67874,-0.95798,-1.3154,-1.7054,-2.0523,-2.6171,-3.3461,-4.1525,-4.784,-5.5625,-6.1107,-6.2113,-5.9043,-5.3112,-4.6564
1.2656,1.3155,1.3969,1.4766,1.5033,1.5534,1.614,1.6605,1.6818,1.6728,1.6853,1.7386,1.8127,1.8771,1.8903,1.8531,1.6821,1.4298,0.88704,0.080575,-1.0528,-2.1747,-4.1478,-6.8315,-9.4992,-14.308,-17.675,-14.952,-11.063,-8.4806,-6.8003,-5.9332,-5.1673,-4.7133,-4.5727,-4.6086,-4.8602,-5.2603,-5.6562,-6.2925,-7.0665,-7.7615,-8.9841,-10.65,-12.399,-15.39,-16.729,-13.588,-10.751,-7.6964,-5.4381,-4.1338,-2.8362,-1.9368,-1.4588,-1.0269,-0.7944,-0.72297,-0.72768,-0.80028,-0.91614,-1.0373,-1.1974,-1.3435,-1.4757,-1.5733,-1.7136,-1.876,-2.0143,-2.2718,-2.6578,-3.0341,-3.7258,-4.678,-5.9438,-7.0639,-8.709,-9.953,-10.028,-8.8162,-6.8785,-5.4837,-3.8627,-2.5028,-1.376,-0.66144,0.12568,0.76556,1.1718,1.6328,2.0211,2.3944,2.7074,3.1872,3.7637,4.2622,4.992,5.7406,6.269,6.8966,7.4065,7.7884,7.9821,8.1134,8.1114,8.0352,7.8577,7.6399,7.4778,7.3027,7.2054,7.1936,7.2401,7.3521,7.4851,7.5786,7.6638,7.6765,7.5922,7.4577,7.1745,6.7619,6.3548,5.6776,4.8558,4.1519,3.0986,1.9519,0.77717,-0.083104,-1.1208,-1.9376,-2.3958,-2.7892,-2.9917,-3.0617,-3.1265,-3.1949,-3.2499,-3.2962,-3.3102,-3.2769,-3.1801,-2.9415,-2.6002,-2.2049,-1.9004,-1.5078,-1.1774,-0.98317,-0.8208,-0.78608,-0.84442,-1.0432,-1.3621,-1.8173,-2.2493,-2.9387,-3.7342,-4.4085,-5.4332,-6.6334,-7.6578,-9.2626,-11.311,-13.89,-15.772,-16.181,-13.469,-11.024,-8.3327,-6.2603,-4.6823,-3.7551,-2.8273,-2.2453,-2.0253,-2.0198,-2.3387,-2.824,-3.8175,-5.2392,-7.1236,-8.7609,-10.865,-11.652,-11.007,-9.5077,-8.1212,-7.4066,-6.8063,-6.5645,-6.5758,-6.7317,-7.0486,-7.4251,-7.6865,-8.0183,-8.3515,-8.6671
0.17711,0.32028,0.47628,0.63153,0.73831,0.8712,1.0464,1.2058,1.4372,1.6592,1.8583,1.9919,2.133,2.2105,2.1955,2.0731,1.8114,1.516,0.96946,0.21946,-0.72059,-1.5391,-2.7933,-4.1413,-5.1596,-6.3903,-7.3359,-7.7898,-8.0718,-7.9925,-7.655,-7.2458,-6.666,-6.0626,-5.6449,-5.2198,-4.9437,-4.8575,-4.9032,-5.1468,-5.6194,-6.1165,-7.0401,-8.1631,-9.1068,-10.184,-10.502,-9.7242,-8.7068,-7.2423,-5.9329,-5.1817,-4.4489,-4.0033,-3.8017,-3.648,-3.5233,-3.3785,-3.2,-2.8838,-2.4764,-2.1444,-1.6822,-1.2606,-0.89985,-0.69387,-0.48788,-0.3792,-0.35383,-0.40152,-0.53789,-0.68547,-0.95354,-1.2741,-1.6083,-1.8267,-2.0721,-2.1989,-2.1674,-1.9561,-1.6188,-1.3291,-0.91144,-0.53465,-0.24942,-0.12299,-0.10659,-0.29512,-0.58937,-1.228,-2.1787,-3.3841,-4.3684,-5.1915,-4.7101,-3.5223,-1.5713,0.28081,1.4522,2.6951,3.5832,4.1326,4.3361,4.3393,4.0365,3.6034,2.7731,1.7115,0.87724,0.00066054,-0.13809,0.60259,1.5061,2.7968,3.9477,4.6677,5.4069,5.8934,6.1392,6.1695,6.0073,5.6048,5.147,4.3078,3.1954,2.1554,0.44481,-1.7336,-4.4865,-7.0417,-11.059,-13.939,-13.205,-10.85,-9.0834,-8.2964,-7.8669,-8.0531,-8.7032,-9.4669,-10.7,-11.797,-12.206,-11.801,-10.623,-9.3039,-8.3982,-7.3728,-6.5492,-6.0466,-5.5129,-5.1155,-4.8975,-4.7146,-4.6842,-4.8057,-4.9842,-5.3843,-5.9252,-6.4266,-7.216,-8.1054,-8.8749,-10.08,-11.527,-12.933,-13.689,-13.638,-12.236,-10.68,-8.5881,-6.7713,-5.3177,-4.4573,-3.6011,-3.063,-2.8783,-2.9115,-3.2772,-3.8,-4.8581,-6.4109,-8.453,-10.261,-12.62,-13.372,-12.453,-10.705,-9.2553,-8.5144,-7.9549,-7.8557,-8.1215,-8.5747,-9.3936,-10.459,-11.389,-12.771,-14.146,-15.245
-1.255,-1.2979,-1.4497,-1.5852,-1.5995,-1.4511,-1.1196,-0.74513,-0.10449,0.62397,1.32,1.7656,2.2476,2.6115,2.8011,2.9133,2.8766,2.7425,2.4243,1.9242,1.2495,0.62582,-0.37373,-1.5829,-2.6253,-4.2582,-6.225,-7.9911,-10.673,-13.136,-13.382,-11.783,-9.2089,-7.1041,-5.8662,-4.5919,-3.6648,-3.0416,-2.7282,-2.4673,-2.3572,-2.3496,-2.4139,-2.5139,-2.586,-2.6691,-2.6933,-2.6625,-2.6204,-2.5829,-2.6609,-2.8622,-3.3791,-4.2173,-5.1061,-6.6837,-8.5469,-9.8607,-9.6389,-7.7783,-5.5409,-4.0605,-2.4671,-1.2425,-0.31307,0.22475,0.75131,1.1064,1.2723,1.3976,1.4274,1.4095,1.344,1.2563,1.1667,1.1086,1.0545,1.0526,1.0844,1.1712,1.2701,1.3541,1.4735,1.5433,1.5302,1.4381,1.1736,0.69775,0.14602,-0.874,-2.3422,-4.4585,-6.498,-9.1736,-8.7632,-6.375,-3.2175,-0.80492,0.56186,1.9352,2.8766,3.4276,3.5938,3.4867,2.9804,2.3064,0.91292,-1.2707,-3.6879,-8.4669,-10.813,-5.434,-2.1302,0.94801,3.0773,4.246,5.382,6.1446,6.5897,6.7344,6.6939,6.3999,6.0163,5.2882,4.2878,3.3578,1.8533,0.0080796,-2.1646,-3.9431,-6.1966,-7.5706,-7.7356,-7.2398,-6.6987,-6.5391,-6.7709,-7.5736,-9.0324,-10.672,-13.78,-17.988,-20.564,-18.329,-15.139,-13.114,-12.216,-11.484,-11.011,-10.624,-9.9251,-9.0401,-8.342,-7.546,-6.9988,-6.7553,-6.7671,-6.9755,-7.452,-7.9009,-8.5273,-9.0698,-9.3216,-9.366,-9.0793,-8.6082,-8.1119,-7.2658,-6.2923,-5.5328,-4.5332,-3.5665,-2.6789,-2.1192,-1.5257,-1.1219,-0.92435,-0.83282,-0.92294,-1.0939,-1.4493,-1.9296,-2.4852,-2.8916,-3.3667,-3.7066,-3.8739,-4.0271,-4.2144,-4.4295,-4.8666,-5.5346,-6.541,-7.5402,-9.23,-11.494,-13.739,-17.617,-23.334,-36.674
-2.9462,-3.6996,-5.1785,-7.3222,-9.2553,-10.979,-9.2884,-6.921,-4.0979,-1.939,-0.29743,0.6599,1.6503,2.3578,2.7519,3.1253,3.3594,3.4359,3.4294,3.2835,2.9748,2.6437,2.0261,1.1878,0.39002,-0.94677,-2.6009,-4.0726,-6.2602,-8.1406,-8.4271,-7.5238,-5.7921,-4.2253,-3.3018,-2.3769,-1.7183,-1.2547,-0.97092,-0.64202,-0.3205,-0.073819,0.26466,0.55983,0.75733,0.99905,1.1612,1.2175,1.1845,1.0049,0.6297,0.18632,-0.62442,-1.7782,-2.932,-4.9294,-7.347,-9.255,-9.0495,-6.8723,-4.4331,-2.8844,-1.2679,-0.060084,0.77761,1.2083,1.591,1.7822,1.8282,1.7896,1.668,1.5398,1.3655,1.2015,1.0609,0.99177,0.96098,1.0101,1.0676,1.1887,1.3729,1.557,1.8006,2.0296,2.2192,2.3124,2.359,2.2944,2.1597,1.8856,1.5261,1.1566,0.93814,0.81093,0.9456,1.2075,1.7564,2.4152,2.902,3.4923,3.9611,4.2896,4.4278,4.4698,4.3454,4.1477,3.7812,3.3555,3.0686,2.8606,2.9934,3.5028,4.0712,4.9339,5.794,6.3746,7.0165,7.4809,7.7619,7.8525,7.8205,7.6169,7.3597,6.8744,6.2368,5.6756,4.8441,3.9347,2.9943,2.3055,1.4574,0.72585,0.26132,-0.25831,-0.77318,-1.1922,-1.8273,-2.5871,-3.508,-4.2903,-5.3779,-6.4196,-7.1292,-7.9547,-8.8169,-10.01,-11.298,-14.085,-19.4,-28.512,-20.858,-14.053,-11.255,-8.9301,-7.6039,-7.0192,-7.0074,-7.556,-8.7909,-10.253,-13.169,-17.363,-19.254,-15.708,-11.598,-8.6728,-7.0285,-5.2917,-3.9196,-3.0468,-2.0827,-1.2866,-0.63664,-0.23002,0.21283,0.55179,0.73965,0.92007,1.0179,1.0485,1.0516,1.015,0.93906,0.86044,0.73151,0.57121,0.41672,0.15811,-0.21285,-0.57278,-1.2115,-2.0472,-3.1296,-4.1174,-5.751,-7.6883,-9.3087,-11.759,-14.385,-16.884
-4.1023,-4.6822,-5.781,-7.3523,-8.5802,-9.3313,-8.3768,-6.8863,-4.6919,-2.924,-1.6585,-0.9607,-0.27577,0.17182,0.41763,0.68767,0.99175,1.2643,1.6657,2.0796,2.4253,2.5985,2.7092,2.6572,2.5154,2.1975,1.7708,1.3872,0.87509,0.44458,0.10862,-0.067477,-0.28903,-0.54215,-0.79357,-1.2953,-1.9876,-2.7414,-3.227,-3.5083,-3.1246,-2.4556,-1.3186,-0.19083,0.56152,1.3573,1.9332,2.2949,2.4285,2.425,2.2376,2.0185,1.5866,1.0501,0.61235,0.051777,-0.42025,-0.69047,-0.72016,-0.54751,-0.19488,0.085138,0.42998,0.66259,0.73954,0.68284,0.43374,0.0025927,-0.44001,-1.135,-1.87,-2.4014,-3.0237,-3.5067,-3.7735,-3.8822,-3.9492,-3.9372,-3.8727,-3.6217,-3.1571,-2.6831,-1.9574,-1.16,-0.37778,0.1561,0.77001,1.2425,1.5024,1.7222,1.8305,1.8582,1.8463,1.811,1.7999,1.8153,1.8611,1.9657,2.0924,2.3019,2.526,2.759,2.9351,3.1612,3.3588,3.4914,3.6644,3.8542,4.0187,4.2708,4.5763,4.9427,5.2354,5.6432,6.0237,6.2767,6.5501,6.7307,6.8079,6.7963,6.6889,6.4837,6.2666,5.9139,5.5078,5.1654,4.6914,4.2057,3.7236,3.3766,2.9306,2.5123,2.214,1.819,1.4261,1.1271,0.69553,0.23659,-0.2753,-0.68169,-1.2753,-1.8959,-2.3949,-3.1132,-3.916,-4.8249,-5.5731,-6.6099,-7.4665,-7.8084,-7.653,-6.9313,-6.2654,-5.4958,-4.9593,-4.737,-4.8272,-5.2854,-6.1279,-6.9916,-8.305,-9.4161,-9.6996,-9.004,-7.5907,-6.0767,-5.036,-3.9136,-3.0559,-2.5437,-1.997,-1.6038,-1.3436,-1.2144,-1.0769,-0.96665,-0.89064,-0.77371,-0.61613,-0.47272,-0.24095,0.05007,0.36963,0.59788,0.87978,1.0954,1.1915,1.2217,1.1292,0.96549,0.59274,0.039663,-0.67667,-1.339,-2.3604,-3.5489,-4.5593,-6.0463,-7.5727,-9.1778
-5.1089,-4.743,-4.275,-3.9085,-3.6792,-3.3027,-2.8312,-2.4862,-2.1075,-1.8567,-1.8588,-2.0876,-2.7482,-3.8316,-4.8683,-6.1183,-6.3118,-5.3838,-3.4442,-1.4975,0.12874,1.1088,2.1229,2.8578,3.245,3.594,3.7689,3.807,3.7528,3.5851,3.2959,2.9891,2.4303,1.6289,0.82591,-0.62349,-2.7225,-5.9441,-9.8653,-21.858,-13.466,-7.9383,-3.873,-1.3732,-0.043511,1.1941,1.973,2.4216,2.5715,2.562,2.3761,2.1382,1.7285,1.2953,0.99273,0.66418,0.43532,0.34589,0.32993,0.37465,0.42385,0.4311,0.3513,0.11529,-0.32421,-0.82235,-1.7688,-3.0884,-4.329,-6.4156,-8.9868,-11.094,-13.351,-13.708,-12.854,-12.286,-12.078,-12.536,-13.181,-14.113,-13.805,-12.339,-9.6487,-7.0765,-4.9564,-3.6683,-2.3241,-1.3386,-0.7823,-0.2891,-0.064445,-0.075931,-0.22829,-0.58164,-1.0639,-1.457,-1.9751,-2.392,-2.5506,-2.5343,-2.2781,-1.8755,-1.5407,-1.0842,-0.62256,-0.26904,0.21423,0.72869,1.1251,1.6685,2.1984,2.6887,3.0209,3.3995,3.6828,3.8245,3.931,3.9301,3.8194,3.6744,3.4037,3.0619,2.774,2.3704,1.99,1.7191,1.401,1.1553,0.97853,0.87856,0.78109,0.70129,0.64285,0.56142,0.48853,0.43428,0.33639,0.21361,0.10093,0.0056007,-0.13701,-0.31348,-0.45366,-0.6845,-0.92421,-1.188,-1.3849,-1.6198,-1.7968,-1.8779,-1.9089,-1.8686,-1.8173,-1.7403,-1.6955,-1.7465,-1.8372,-2.0441,-2.2988,-2.5256,-2.8137,-3.0421,-3.1525,-3.1863,-3.1187,-3.0518,-3.0058,-2.9836,-3.0646,-3.2324,-3.5448,-3.958,-4.427,-4.7866,-5.2722,-5.7065,-5.9783,-6.2358,-6.244,-6.0496,-5.4538,-4.5363,-3.4364,-2.5827,-1.5161,-0.60054,-0.030054,0.5452,0.91012,1.0517,1.0668,0.90404,0.56738,0.22128,-0.35128,-1.0424,-1.6006,-2.347,-3.1159,-3.8739
-8.4245,-6.7342,-4.9511,-3.5342,-2.6968,-1.8834,-1.3055,-1.0038,-0.8459,-0.99265,-1.4403,-2.0403,-3.3045,-5.2144,-7.2063,-10.517,-11.943,-9.8431,-6.2682,-3.4584,-1.3719,-0.14794,1.1499,2.1656,2.778,3.4365,3.9268,4.2036,4.4505,4.5457,4.4928,4.3516,4.0241,3.523,3.0236,2.205,1.2496,0.24542,-0.40354,-0.91541,-0.86295,-0.49506,0.23662,0.99067,1.473,1.9374,2.1708,2.1395,1.9515,1.4841,0.75994,0.048708,-1.0389,-2.2007,-2.9825,-3.6662,-3.7279,-3.2814,-2.7867,-2.1213,-1.6044,-1.3402,-1.2116,-1.3657,-1.8286,-2.3948,-3.4701,-4.9744,-6.4385,-8.9353,-12.181,-15.07,-18.359,-18.293,-16.625,-15.825,-15.515,-16.183,-17.338,-19.446,-19.684,-17.464,-13.811,-10.601,-8.0949,-6.5973,-5.0209,-3.864,-3.262,-2.7866,-2.6839,-2.9472,-3.4081,-4.4339,-6.0068,-7.6044,-10.326,-13.414,-14.729,-13.489,-11.237,-9.5835,-8.7735,-8.1587,-7.7874,-7.5071,-6.9102,-6.0003,-5.1676,-3.9967,-2.9222,-2.0386,-1.5246,-1.0369,-0.75034,-0.6585,-0.70493,-0.92121,-1.2825,-1.649,-2.26,-2.9931,-3.5971,-4.4357,-5.2254,-5.6534,-5.9453,-5.8651,-5.5113,-5.1621,-4.6941,-4.2804,-4.0306,-3.7608,-3.5524,-3.4222,-3.2193,-2.9766,-2.6932,-2.4531,-2.1046,-1.7647,-1.5229,-1.229,-1.0028,-0.83165,-0.74075,-0.66185,-0.63273,-0.62893,-0.65267,-0.70561,-0.75032,-0.82369,-0.91508,-1.0142,-1.0907,-1.1971,-1.3197,-1.4158,-1.5578,-1.724,-1.8644,-2.107,-2.43,-2.8502,-3.2836,-4.0169,-4.9436,-5.7994,-7.1902,-8.8266,-10.595,-11.866,-13.267,-14.251,-14.901,-16.138,-18.32,-20.325,-19.179,-14.215,-10.051,-7.6539,-5.1727,-3.3004,-2.2149,-1.1178,-0.36847,-0.010488,0.25218,0.28032,0.1088,-0.12225,-0.54117,-1.0359,-1.4321,-1.9652,-2.4577,-2.842
-8.1705,-6.3857,-4.4306,-2.9325,-2.015,-1.0499,-0.39303,-0.071337,0.16404,0.16083,-0.08411,-0.40026,-0.96035,-1.6313,-2.1258,-2.6692,-2.9314,-2.8935,-2.6032,-2.0953,-1.4746,-0.96595,-0.24659,0.50595,1.0808,1.8245,2.5288,3.0093,3.5564,3.9883,4.2944,4.4277,4.4852,4.4118,4.2758,4.0122,3.6849,3.3426,3.0974,2.8263,2.64,2.5499,2.482,2.4487,2.3899,2.2531,1.9993,1.5682,1.0848,0.17703,-1.121,-2.4174,-4.7744,-8.3522,-12.653,-26.908,-16.378,-9.986,-7.4082,-5.2297,-3.8903,-3.2702,-2.8226,-2.73,-2.9561,-3.3059,-4.0011,-4.9395,-5.7905,-7.0598,-8.4292,-9.4395,-10.649,-11.635,-12.435,-12.96,-13.594,-14.12,-14.412,-14.431,-13.937,-13.272,-12.008,-10.455,-8.9034,-7.822,-6.5669,-5.5563,-5.0139,-4.5734,-4.4569,-4.7203,-5.1746,-6.1617,-7.6837,-9.2005,-11.654,-14.244,-15.366,-14.907,-13.669,-13.03,-13.161,-14.318,-17.161,-21.173,-25.452,-17.708,-13.836,-10.55,-8.4537,-7.1361,-6.5079,-6.079,-6.0252,-6.1713,-6.5757,-7.1414,-7.8246,-8.4135,-9.3539,-10.568,-11.785,-14.026,-17.284,-20.371,-22.137,-18.505,-15.14,-13.372,-11.767,-10.82,-10.425,-10.205,-10.243,-10.321,-10.227,-9.752,-8.9162,-8.1177,-6.9599,-5.8079,-5.029,-4.113,-3.3643,-2.7849,-2.4627,-2.1763,-2.0373,-2.0259,-2.1208,-2.3058,-2.4954,-2.7752,-3.0454,-3.2374,-3.3168,-3.3233,-3.2504,-3.1585,-3.0506,-2.9932,-3.0172,-3.1889,-3.5355,-4.0815,-4.6501,-5.6822,-7.0786,-8.3934,-10.644,-13.738,-18.299,-23.92,-43.493,-24.689,-21.082,-18.963,-18.226,-17.723,-16.151,-13.428,-10.433,-8.4129,-6.1561,-4.3727,-3.334,-2.2812,-1.5807,-1.2694,-1.1211,-1.24,-1.6064,-2.0329,-2.7662,-3.6249,-4.3095,-5.1956,-5.8574,-6.1933
-3.9963,-3.065,-1.8587,-0.80317,-0.1411,0.60852,1.1699,1.45,1.6664,1.7191,1.5882,1.3916,1.0245,0.53402,0.11287,-0.51412,-1.1947,-1.7137,-2.4369,-3.1613,-3.7563,-4.0135,-3.9424,-3.2863,-2.4914,-1.2264,0.087251,1.0029,2.0813,2.9807,3.693,4.1046,4.4893,4.7041,4.7615,4.7011,4.5206,4.2376,3.9705,3.5767,3.171,2.8845,2.5429,2.267,2.1055,1.9229,1.7152,1.4299,1.1235,0.5336,-0.27505,-1.0562,-2.3247,-3.7066,-4.6755,-5.5415,-5.6312,-5.1075,-4.5763,-3.9143,-3.4072,-3.1593,-3.015,-3.0292,-3.1981,-3.4256,-3.8528,-4.4031,-4.9107,-5.671,-6.5544,-7.2809,-8.3402,-9.544,-10.892,-12.04,-13.826,-15.76,-17.114,-18.158,-17.454,-16.064,-13.735,-11.558,-9.6906,-8.4844,-7.1217,-6.0631,-5.4409,-4.8371,-4.5098,-4.4422,-4.5587,-4.9114,-5.4365,-5.9554,-6.6828,-7.3677,-7.835,-8.3463,-8.805,-9.383,-9.9413,-10.895,-11.999,-12.694,-12.946,-12.234,-11.343,-10.164,-9.3227,-8.9082,-8.9018,-9.3202,-10.231,-11.213,-12.797,-14.447,-15.63,-16.002,-15.961,-15.982,-16.272,-17.056,-18.441,-19.399,-19.65,-18.463,-16.845,-15.799,-14.887,-14.59,-14.796,-15.696,-17.499,-19.658,-23.995,-25.065,-19.352,-15.908,-12.537,-10.047,-8.5604,-6.9686,-5.7481,-4.8439,-4.3494,-3.9441,-3.8219,-3.9041,-4.2647,-4.9085,-5.5604,-6.6447,-7.7882,-8.673,-8.9092,-8.4827,-7.4766,-6.6381,-5.6316,-4.8714,-4.493,-4.2475,-4.2981,-4.6503,-5.0997,-5.9281,-7.0505,-8.0425,-9.5547,-11.221,-12.802,-13.736,-14.425,-14.254,-13.724,-12.696,-11.483,-10.545,-9.189,-7.7574,-6.3354,-5.3153,-4.0804,-3.0391,-2.4072,-1.8125,-1.48,-1.4117,-1.5831,-2.0531,-2.8432,-3.6649,-5.1258,-7.0805,-8.9459,-11.991,-15.414,-16.702
-1.6494,-0.87127,0.066084,0.91175,1.4509,2.0095,2.4177,2.6239,2.7517,2.7218,2.5604,2.3418,1.9173,1.3506,0.81279,-0.062536,-1.1785,-2.2241,-3.9627,-6.3401,-9.8414,-13.913,-20.848,-13.775,-9.4335,-5.593,-2.9066,-1.3366,0.37154,1.7277,2.7863,3.4191,4.0435,4.4296,4.5667,4.5435,4.2748,3.7654,3.2301,2.3277,1.2589,0.4335,-0.51436,-1.0154,-0.98708,-0.53731,0.094483,0.66001,0.96666,1.1874,1.1706,1.0195,0.67979,0.22543,-0.15886,-0.68155,-1.1749,-1.6471,-1.9996,-2.4762,-2.9683,-3.3273,-3.7557,-4.1097,-4.3456,-4.4757,-4.6143,-4.7849,-4.9582,-5.3136,-5.8137,-6.3022,-7.1454,-8.2232,-9.5887,-10.881,-13.079,-15.968,-18.76,-22.363,-20.665,-17.659,-14.155,-11.602,-9.635,-8.4236,-7.0953,-6.0395,-5.4018,-4.7356,-4.2632,-3.9508,-3.8185,-3.7725,-3.8255,-3.9254,-4.1389,-4.3802,-4.577,-4.8839,-5.2355,-5.6106,-5.9099,-6.3203,-6.6846,-6.925,-7.1639,-7.304,-7.3844,-7.5349,-7.7942,-8.2901,-8.8987,-10.069,-11.827,-13.692,-17.227,-23.095,-30.894,-25.362,-20.219,-17.676,-16.577,-15.741,-15.355,-15.213,-15.017,-14.819,-14.604,-14.508,-14.546,-14.835,-15.271,-16.195,-17.41,-18.439,-19.653,-19.556,-18.071,-16.453,-14.145,-11.97,-10.477,-8.7561,-7.3471,-6.2594,-5.6699,-5.1804,-5.0444,-5.1885,-5.7336,-6.7591,-7.9162,-10.166,-13.83,-21.107,-32.304,-17.726,-12.14,-9.648,-7.3924,-5.9238,-5.1906,-4.5932,-4.3959,-4.5649,-4.9005,-5.6199,-6.6131,-7.5126,-8.8245,-10.104,-11.155,-11.607,-11.588,-10.965,-10.215,-9.0155,-7.7299,-6.7647,-5.5432,-4.4256,-3.4179,-2.75,-1.999,-1.4213,-1.1172,-0.87529,-0.85627,-0.98666,-1.3616,-2.0084,-2.9423,-3.859,-5.4031,-7.3683,-9.1669,-12.017,-14.768,-15.953
-1.1676,-0.22562,0.79998,1.5769,2.0395,2.4643,2.6945,2.7696,2.7401,2.5786,2.3229,2.0681,1.6364,1.1084,0.62802,-0.14961,-1.1136,-1.9925,-3.38,-4.9929,-6.7318,-7.89,-8.6803,-8.2124,-7.23,-5.5814,-3.8535,-2.5923,-0.99527,0.45032,1.6977,2.4847,3.3273,3.8946,4.1281,4.1704,3.8661,3.1713,2.3543,0.75294,-1.6599,-4.3146,-10.237,-20.974,-11.802,-5.5444,-2.2438,-0.20919,0.81648,1.7204,2.2169,2.3868,2.38,2.1282,1.8056,1.1926,0.36674,-0.68813,-1.6412,-3.1456,-4.9396,-6.4036,-8.2142,-9.256,-9.1087,-8.4617,-7.4678,-6.6622,-6.2327,-5.9011,-5.8239,-5.9269,-6.2654,-6.7943,-7.5104,-8.1364,-9.0637,-10.009,-10.631,-11.149,-11.248,-11.045,-10.411,-9.6434,-8.7812,-8.1218,-7.2819,-6.5007,-5.9742,-5.3766,-4.8901,-4.5242,-4.3037,-4.0712,-3.9144,-3.8021,-3.7009,-3.6614,-3.6585,-3.709,-3.8223,-3.9919,-4.1562,-4.4243,-4.7169,-4.9478,-5.2697,-5.5894,-5.8364,-6.2047,-6.6252,-7.166,-7.6698,-8.4912,-9.4964,-10.381,-11.65,-12.798,-13.579,-13.859,-13.876,-13.745,-13.648,-13.663,-13.682,-13.758,-13.907,-14.017,-14.065,-14.105,-14.179,-14.366,-14.612,-15.116,-15.882,-16.532,-17.443,-18.342,-18.644,-18.07,-16.359,-14.011,-12.257,-10.118,-8.3591,-7.0186,-6.2809,-5.6324,-5.3442,-5.3596,-5.6629,-6.2576,-6.8606,-7.8139,-8.7879,-9.4334,-9.529,-8.9953,-7.9321,-7.0241,-5.8736,-4.9129,-4.3632,-3.8952,-3.7394,-3.9014,-4.2514,-5.0314,-6.2276,-7.4592,-9.6869,-12.897,-17.916,-22.616,-18.862,-13.447,-10.7,-8.0004,-5.9823,-4.777,-3.4627,-2.4326,-1.6355,-1.1804,-0.74495,-0.49884,-0.42397,-0.46078,-0.64079,-0.86985,-1.2943,-1.8517,-2.5681,-3.2024,-4.2093,-5.3816,-6.3661,-7.7493,-9.1516,-10.627
0.042857,1.0386,2.0198,2.6366,2.8773,2.9739,2.8198,2.5655,2.1189,1.6181,1.1355,0.84019,0.55295,0.32704,0.15417,-0.15173,-0.58895,-1.0239,-1.7694,-2.6646,-3.6638,-4.4366,-5.4315,-6.2827,-6.689,-6.7103,-5.8583,-4.6733,-2.7428,-0.77095,1.0135,2.1606,3.4151,4.3415,4.8161,5.1548,5.1678,4.8355,4.3578,3.4235,2.1909,1.1498,-0.09581,-0.6793,-0.46939,0.42617,1.5544,2.5888,3.2278,3.8648,4.2727,4.4292,4.4302,4.2023,3.8751,3.2103,2.2475,0.9358,-0.32676,-2.4794,-5.4145,-8.3976,-14.213,-20.272,-14.623,-11.402,-8.8131,-7.277,-6.5296,-5.856,-5.4519,-5.27,-5.1595,-5.2049,-5.4201,-5.6705,-6.1237,-6.7132,-7.2137,-7.9355,-8.6645,-9.1406,-9.6886,-9.9077,-9.6589,-9.2108,-8.4283,-7.6036,-7.0592,-6.5008,-6.1362,-5.9168,-5.7942,-5.6036,-5.3226,-5.0568,-4.6047,-4.1637,-3.8753,-3.5831,-3.4342,-3.4639,-3.5893,-3.8926,-4.3213,-4.6831,-5.1821,-5.6337,-5.889,-6.0997,-6.2173,-6.2655,-6.3036,-6.4426,-6.6787,-6.9284,-7.3621,-7.8572,-8.4074,-8.8492,-9.5058,-10.256,-10.922,-11.967,-13.167,-14.093,-15.189,-15.753,-15.592,-15.117,-14.357,-13.748,-13.5,-13.49,-13.984,-14.71,-16.421,-19.414,-25.121,-28.436,-20.022,-14.558,-11.775,-9.0815,-7.1233,-5.7547,-5.0317,-4.4294,-4.202,-4.2375,-4.5222,-5.0174,-5.4627,-6.0528,-6.4659,-6.6027,-6.4626,-5.9616,-5.2173,-4.5838,-3.7223,-2.9511,-2.477,-2.0329,-1.8227,-1.8525,-2.0662,-2.5937,-3.3964,-4.1868,-5.5027,-7.0054,-8.3575,-8.856,-8.3186,-6.8122,-5.4952,-3.8413,-2.4357,-1.5749,-0.6623,-0.0076509,0.38512,0.52406,0.50816,0.29516,0.026829,-0.44339,-0.95239,-1.3214,-1.7495,-2.086,-2.3731,-2.6028,-2.9662,-3.4768,-3.9503,-4.7606,-5.8293,-7.1362
3.2628,3.8204,4.2749,4.401,4.2402,3.7028,2.7733,1.7769,0.087909,-1.8893,-3.6489,-4.1704,-3.5551,-2.3403,-1.4962,-0.70074,-0.31959,-0.28186,-0.56745,-1.1951,-2.1828,-3.197,-5.0369,-7.7529,-10.954,-20.519,-18.479,-10.541,-5.0625,-1.5103,1.1236,2.6967,4.368,5.6384,6.3587,7.0406,7.4219,7.5363,7.464,7.2001,6.7985,6.4493,6.0023,5.645,5.467,5.3665,5.4106,5.5635,5.7276,5.9767,6.2071,6.3312,6.3957,6.309,6.1093,5.6538,4.957,3.9956,3.0987,1.6793,0.058854,-1.2218,-2.8188,-4.078,-4.8896,-5.2599,-5.6414,-5.9446,-6.1121,-6.1445,-5.8626,-5.4868,-4.8837,-4.357,-4.0122,-3.9484,-4.1082,-4.5951,-5.2106,-6.4395,-8.2485,-10.174,-13.876,-18.571,-17.688,-14.263,-10.865,-8.8624,-8.0221,-7.5723,-7.7971,-8.6246,-9.5461,-10.62,-10.482,-9.4319,-7.5624,-5.8463,-4.8592,-3.9542,-3.4774,-3.4152,-3.622,-4.212,-5.1978,-6.169,-7.6858,-9.1576,-9.8114,-9.5601,-8.3988,-7.0618,-6.1881,-5.3097,-4.7573,-4.5275,-4.4432,-4.615,-5.0136,-5.4736,-6.3023,-7.4265,-8.508,-10.365,-13.028,-15.795,-21.9,-51.673,-22.025,-17.485,-14.02,-11.907,-10.859,-9.9504,-9.4412,-9.313,-9.3263,-9.3957,-9.3001,-8.8842,-7.9304,-6.6441,-5.6122,-4.3397,-3.3044,-2.558,-2.2156,-2.0504,-2.2252,-2.5951,-3.4144,-4.6296,-5.8181,-7.6971,-9.5589,-10.29,-9.5041,-7.5061,-5.4347,-4.0822,-2.5923,-1.437,-0.77271,-0.12101,0.28838,0.4645,0.48175,0.34554,0.086136,-0.15547,-0.48966,-0.75568,-0.87295,-0.82737,-0.54273,-0.053276,0.41051,1.061,1.672,2.0666,2.4351,2.5948,2.5018,2.2415,1.6134,0.63521,-0.35753,-1.9996,-3.8521,-5.0554,-5.7128,-5.108,-3.9771,-3.2052,-2.4456,-2.0284,-1.91,-2.0069,-2.3246,-2.7895
4.8036,4.9778,4.9776,4.6909,4.2682,3.3437,1.9668,0.55384,-2.0587,-5.8219,-11.123,-12.855,-8.6071,-5.1302,-3.4334,-2.0049,-1.2519,-1.013,-1.0452,-1.429,-2.1077,-2.7872,-3.8494,-4.9846,-5.7199,-6.2009,-5.7367,-4.7277,-2.8755,-0.84988,1.1071,2.4334,4.0008,5.2981,6.095,6.9192,7.4741,7.7747,7.8451,7.7412,7.4331,7.0829,6.4693,5.7276,5.1133,4.2975,3.6102,3.229,3.2247,3.5787,4.1776,4.6569,5.2179,5.5985,5.7339,5.7071,5.4384,4.944,4.4352,3.5841,2.5703,1.7158,0.46172,-0.92426,-2.4949,-3.8708,-6.1332,-9.1934,-12.274,-16.319,-14.108,-10.994,-7.9442,-5.94,-4.6735,-4.0887,-3.7456,-3.8209,-4.166,-4.98,-6.2462,-7.4528,-9.2491,-10.71,-10.703,-9.8596,-8.5434,-7.5571,-7.2091,-7.3202,-8.2048,-10.044,-12.311,-16.511,-17.304,-13.887,-9.983,-7.4742,-6.2048,-5.1372,-4.6574,-4.6383,-4.9385,-5.7458,-7.1092,-8.6416,-11.632,-16.626,-21.968,-17.978,-12.393,-9.062,-7.3876,-5.8222,-4.8134,-4.34,-4.0228,-4.0128,-4.276,-4.6402,-5.3333,-6.2568,-7.0945,-8.3782,-9.8641,-10.953,-12.22,-12.79,-12.453,-11.727,-10.517,-9.2931,-8.4361,-7.4547,-6.6031,-6.0844,-5.4463,-4.8742,-4.3165,-3.8706,-3.2587,-2.6382,-2.2015,-1.6833,-1.3062,-1.0976,-1.0801,-1.276,-1.746,-2.3097,-3.4024,-4.9565,-6.5258,-9.3937,-13.278,-15.694,-13.364,-9.3627,-6.4189,-4.7512,-3.0956,-1.8955,-1.2408,-0.62453,-0.25766,-0.10575,-0.096056,-0.17703,-0.33575,-0.45913,-0.56581,-0.55421,-0.38496,-0.14346,0.29718,0.83546,1.2719,1.8384,2.3272,2.6106,2.8382,2.8454,2.5849,2.1814,1.3091,-0.053725,-1.4735,-4.1279,-8.1855,-12.651,-15.428,-9.9274,-6.3211,-4.6209,-3.1719,-2.3452,-2.0202,-1.8574,-1.8856,-2.09
4.6256,4.6753,4.5755,4.2468,3.861,3.1413,2.1919,1.3679,0.1524,-1.0429,-2.0008,-2.429,-2.5922,-2.4156,-2.2126,-1.9819,-1.8857,-1.9528,-2.2181,-2.7031,-3.3867,-4.0061,-4.9183,-5.8121,-6.3539,-6.6512,-6.2781,-5.5153,-4.0164,-2.2308,-0.39958,0.90491,2.4729,3.8131,4.6557,5.5446,6.176,6.5408,6.6393,6.5301,6.1337,5.6342,4.6551,3.2463,1.8323,-0.74077,-4.411,-8.6534,-8.3823,-4.2546,-0.96895,0.76706,2.4024,3.4563,3.9685,4.3373,4.4101,4.2356,3.9624,3.4305,2.7245,2.0852,1.0805,-0.10785,-1.5224,-2.7594,-4.6739,-6.8753,-8.542,-10.017,-9.6776,-8.5768,-6.9119,-5.5241,-4.4941,-3.9351,-3.44,-3.2103,-3.1737,-3.2898,-3.5393,-3.7674,-4.0937,-4.3041,-4.3921,-4.3756,-4.3109,-4.3017,-4.3653,-4.6246,-5.0864,-5.6931,-6.1557,-6.6742,-6.8302,-6.7182,-6.3599,-5.942,-5.709,-5.5343,-5.5545,-5.7732,-6.0522,-6.5879,-7.2538,-7.814,-8.5534,-9.1014,-9.2467,-8.925,-8.1354,-7.1609,-6.4494,-5.6597,-5.0818,-4.8116,-4.6687,-4.7457,-5.0359,-5.3731,-5.9729,-6.7071,-7.3283,-8.1864,-8.9878,-9.5676,-10.119,-10.39,-10.327,-10.063,-9.4788,-8.7021,-8.0442,-7.1177,-6.2399,-5.5831,-4.7677,-4.0289,-3.3502,-2.9127,-2.3879,-1.9507,-1.6864,-1.4394,-1.3157,-1.3384,-1.4497,-1.7318,-2.1776,-2.61,-3.3078,-4.1216,-4.7701,-5.5723,-6.166,-6.3595,-6.1892,-5.6382,-4.8835,-4.2936,-3.585,-3.0379,-2.7455,-2.535,-2.5465,-2.7557,-3.0651,-3.632,-4.326,-4.864,-5.4359,-5.5974,-5.1626,-4.4896,-3.3459,-2.1263,-1.2661,-0.2473,0.59402,1.0857,1.5589,1.8052,1.8118,1.6536,1.2166,0.52318,-0.14376,-1.1742,-2.2228,-2.8687,-3.3709,-3.4294,-3.2264,-3.0436,-2.9075,-2.95,-3.1094,-3.4463,-3.9017,-4.3749
4.4864,4.5502,4.4948,4.2498,3.9504,3.4322,2.7681,2.2144,1.4383,0.6626,-0.03161,-0.4897,-0.99133,-1.3746,-1.6196,-1.9154,-2.2233,-2.5071,-3.0018,-3.6632,-4.5687,-5.4496,-7.0234,-9.2428,-11.594,-16.001,-17.375,-13.239,-8.3256,-4.7303,-1.9929,-0.31458,1.5405,3.0359,3.9496,4.9127,5.6019,6.0347,6.1875,6.1649,5.8694,5.4605,4.6436,3.4747,2.3424,0.48454,-1.6055,-3.1549,-3.1775,-1.7885,-0.0051885,1.1642,2.3639,3.1713,3.5636,3.8384,3.885,3.7437,3.5379,3.1646,2.6905,2.2837,1.6611,0.95412,0.16603,-0.47054,-1.3424,-2.1945,-2.7561,-3.3319,-3.6468,-3.7209,-3.6488,-3.4409,-3.1708,-2.9544,-2.6407,-2.3401,-2.1223,-1.8744,-1.6629,-1.5385,-1.4083,-1.2891,-1.215,-1.1778,-1.1545,-1.1994,-1.2796,-1.4678,-1.7333,-2.0719,-2.352,-2.7612,-3.1717,-3.4942,-3.9675,-4.4892,-4.9433,-5.6116,-6.3033,-6.9758,-7.3817,-7.7437,-7.8571,-7.7916,-7.5741,-7.2346,-6.9185,-6.4644,-5.9778,-5.515,-5.2118,-4.8954,-4.7389,-4.726,-4.8619,-5.1787,-5.6622,-6.1382,-6.8945,-7.7802,-8.5175,-9.5656,-10.619,-11.392,-12.256,-12.817,-12.864,-12.51,-11.615,-10.4,-9.4227,-8.1082,-6.8651,-5.9876,-4.9546,-4.0598,-3.2844,-2.8056,-2.2905,-1.9235,-1.74,-1.621,-1.6386,-1.7933,-1.9977,-2.3534,-2.7885,-3.1481,-3.6293,-4.0772,-4.3652,-4.655,-4.8263,-4.8542,-4.7901,-4.6362,-4.421,-4.2701,-4.0978,-4.0057,-4.0099,-4.149,-4.4902,-5.0735,-5.7164,-6.9756,-8.8457,-10.871,-15.079,-21.084,-16.607,-12.168,-8.1624,-5.3969,-3.8187,-2.1668,-0.88091,-0.1148,0.68457,1.2656,1.6486,1.8104,1.8724,1.7815,1.6173,1.3004,0.91297,0.58947,0.13337,-0.36268,-0.92356,-1.4253,-2.2518,-3.2896,-4.2233,-5.6822,-7.3018,-8.7338
4.5387,4.6442,4.597,4.3686,4.0642,3.5104,2.8053,2.1889,1.3039,0.37364,-0.52375,-1.146,-1.8546,-2.4156,-2.7267,-3.0434,-3.2989,-3.463,-3.742,-4.1118,-4.6292,-5.1568,-6.0866,-7.3112,-8.3588,-9.4942,-9.3153,-8.0079,-5.5582,-3.0917,-0.93119,0.47484,2.0753,3.4027,4.2252,5.1256,5.8022,6.2719,6.494,6.6267,6.5773,6.4255,6.0922,5.626,5.2167,4.6575,4.1545,3.818,3.7099,3.7505,3.9234,4.0742,4.2094,4.23,4.137,3.8756,3.4857,3.0196,2.6631,2.2448,1.9271,1.7536,1.5867,1.4237,1.2174,1.0113,0.64384,0.17979,-0.2257,-0.83128,-1.4899,-1.9927,-2.6457,-3.1774,-3.4645,-3.4615,-3.1688,-2.6016,-2.1036,-1.4156,-0.77409,-0.35497,0.1327,0.50542,0.7997,0.96421,1.1069,1.175,1.1632,1.0747,0.8934,0.60382,0.30858,-0.18123,-0.83013,-1.4139,-2.3748,-3.5764,-4.6556,-6.4075,-8.5356,-10.892,-12.41,-12.958,-11.71,-10.366,-8.6887,-7.3269,-6.4964,-5.6214,-4.9769,-4.5236,-4.3128,-4.1926,-4.2671,-4.451,-4.8653,-5.4775,-6.2738,-6.9867,-8.0783,-9.3107,-10.313,-11.858,-13.646,-15.22,-17.929,-21.417,-23.512,-21.394,-17.232,-13.839,-11.801,-9.5866,-7.7528,-6.6033,-5.3139,-4.2355,-3.3903,-2.8715,-2.3471,-2.0212,-1.9031,-1.9163,-2.125,-2.5218,-2.929,-3.6047,-4.3605,-4.9273,-5.6097,-6.0765,-6.2448,-6.2525,-6.0793,-5.8218,-5.6307,-5.4142,-5.2739,-5.2265,-5.233,-5.3068,-5.4121,-5.6049,-5.8592,-6.2588,-6.6533,-7.3952,-8.4169,-9.3604,-10.644,-11.248,-10.423,-9.0764,-7.0633,-5.219,-4.0249,-2.6358,-1.4782,-0.71046,0.19772,0.9924,1.6693,2.0983,2.5547,2.8687,3.0041,3.0545,2.9487,2.7627,2.3747,1.8045,1.0221,0.27281,-0.9895,-2.6487,-4.2328,-7.0171,-11.035,-18.265
4.6783,4.8091,4.7592,4.4645,4.0846,3.3326,2.3383,1.4123,-0.033958,-1.6711,-3.4139,-4.6146,-5.859,-6.4672,-6.5384,-6.328,-5.9785,-5.6938,-5.2819,-4.8973,-4.5435,-4.3183,-4.0488,-3.7936,-3.5646,-3.1594,-2.5351,-1.9188,-0.91946,0.2063,1.3579,2.2063,3.2538,4.1884,4.8067,5.5122,6.084,6.5156,6.7578,6.975,7.0923,7.1236,7.1021,7.0341,6.9648,6.8558,6.7493,6.6491,6.576,6.4597,6.2917,6.0996,5.7259,5.1614,4.5822,3.5729,2.2721,0.7495,-0.39285,-1.5038,-1.6166,-1.095,-0.068006,0.89069,1.5708,1.8676,1.9752,1.7656,1.393,0.59699,-0.58887,-1.7706,-3.8102,-6.4278,-9.0206,-9.5359,-7.6455,-5.1003,-3.4943,-1.8139,-0.57813,0.13972,0.88367,1.4396,1.8793,2.1456,2.429,2.6409,2.7498,2.816,2.7675,2.592,2.3589,1.8996,1.2379,0.59424,-0.48407,-1.888,-3.1985,-5.3973,-8.3111,-12.297,-15.993,-17.279,-13.249,-10.688,-8.252,-6.5435,-5.6059,-4.651,-3.9952,-3.6005,-3.459,-3.4928,-3.7553,-4.1226,-4.8456,-5.8344,-7.0901,-8.1804,-9.7818,-11.44,-12.642,-14.112,-15.494,-16.569,-18.168,-19.839,-20.327,-19.091,-16.317,-13.543,-11.734,-9.6483,-7.9144,-6.7883,-5.4664,-4.3642,-3.478,-2.9463,-2.4235,-2.119,-2.0498,-2.1835,-2.6007,-3.3293,-4.097,-5.4669,-7.2807,-8.9195,-11.22,-12.655,-12.415,-10.909,-9.2805,-8.0616,-7.4505,-6.9857,-6.8965,-7.0054,-7.3421,-7.76,-8.0132,-8.14,-7.9721,-7.5877,-7.2764,-6.8743,-6.5692,-6.3811,-6.1331,-5.8221,-5.3988,-5.0264,-4.4742,-3.9349,-3.5533,-3.0572,-2.4917,-1.9695,-1.0882,-0.038899,1.0731,1.8812,2.8456,3.6222,4.0729,4.4798,4.6585,4.6482,4.436,4.0005,3.331,2.674,1.5844,0.22729,-0.96474,-2.7384,-4.6459,-6.3032
4.7505,4.9315,4.9454,4.6402,4.2125,3.3397,2.0689,0.82625,-1.3555,-4.2839,-8.3957,-12.88,-21.239,-17.451,-14.016,-11.643,-10.429,-9.8039,-8.7961,-7.4505,-5.9511,-4.8567,-3.5708,-2.4884,-1.8031,-1.0094,-0.3054,0.18932,0.85137,1.5173,2.2078,2.7278,3.427,4.0835,4.5444,5.073,5.5024,5.8305,6.0126,6.1876,6.3134,6.3997,6.5216,6.6762,6.8159,7.0219,7.2364,7.4189,7.5142,7.5545,7.4569,7.2678,6.824,6.0906,5.3185,3.8791,1.799,-1.3381,-4.9949,-14.948,-11.457,-5.3819,-1.1795,1.2519,2.7379,3.4253,3.902,3.928,3.6726,2.9614,1.7977,0.57378,-1.6137,-4.5381,-7.6847,-8.4488,-6.3808,-3.7886,-2.2866,-0.85551,0.08013,0.55522,0.97121,1.2948,1.5939,1.855,2.2749,2.7264,3.0625,3.4424,3.7026,3.8057,3.7664,3.5308,3.0999,2.624,1.8036,0.76607,-0.13825,-1.4805,-2.895,-4.2259,-5.0194,-5.6195,-5.7002,-5.4964,-5.0178,-4.4586,-4.0346,-3.5299,-3.1136,-2.84,-2.7507,-2.825,-3.1722,-3.6379,-4.5709,-5.9159,-7.7612,-9.5454,-12.581,-16.48,-19.514,-20.524,-18.575,-17.118,-15.73,-14.761,-13.92,-13.279,-12.304,-11.235,-10.387,-9.228,-8.0247,-7.1513,-5.986,-4.9044,-3.9246,-3.308,-2.6795,-2.2783,-2.147,-2.2184,-2.5997,-3.3342,-4.168,-5.7141,-7.9221,-10.198,-14.334,-18.14,-16.56,-12.67,-10.005,-8.4348,-7.7847,-7.5259,-7.9125,-8.6625,-10.333,-12.921,-15.257,-16.638,-14.012,-10.84,-8.9951,-7.164,-5.8268,-5.0632,-4.2907,-3.7546,-3.4314,-3.3336,-3.4398,-3.8837,-4.4762,-5.7059,-7.1351,-7.6798,-6.3955,-3.5879,-0.81799,0.92372,2.7936,4.2096,5.0063,5.7599,6.204,6.3523,6.321,6.0511,5.5695,5.0783,4.2691,3.3293,2.561,1.4869,0.44206,-0.52383
4.4853,4.7787,4.9241,4.7652,4.443,3.7548,2.7017,1.6894,-0.047044,-2.2121,-4.8088,-6.8275,-9.0665,-10.213,-10.757,-12.014,-14.97,-19.598,-21.984,-12.962,-8.1433,-5.7858,-3.5857,-2.1143,-1.3733,-0.7142,-0.36157,-0.21892,-0.10222,0.050536,0.36757,0.71786,1.3347,2.0118,2.4792,2.9869,3.3122,3.4486,3.4348,3.3023,3.1136,3.0182,3.071,3.3983,3.8332,4.5829,5.4032,6.1767,6.6711,7.1862,7.4987,7.5882,7.4969,7.158,6.7379,5.9559,4.9533,3.8205,3.0311,2.3412,2.387,2.8769,3.8528,4.8543,5.6934,6.1643,6.5527,6.667,6.5715,6.2163,5.6202,5.0356,4.1394,3.224,2.4451,2.0434,1.7448,1.6077,1.5168,1.2732,0.80749,0.27945,-0.63411,-1.5602,-2.0974,-1.9294,-0.95895,0.40989,1.427,2.5827,3.4587,4.0252,4.2649,4.3385,4.1719,3.8905,3.3244,2.5819,1.9235,0.95124,-0.10156,-1.1418,-1.9027,-2.8366,-3.6548,-4.1436,-4.5776,-4.7234,-4.6016,-4.2211,-3.6798,-3.1351,-2.8117,-2.5778,-2.6503,-2.9174,-3.6179,-4.7465,-6.3643,-7.9345,-10.596,-13.806,-16.005,-16.825,-15.316,-14.015,-12.744,-11.969,-11.579,-11.468,-11.496,-11.668,-11.737,-11.596,-10.902,-10.015,-8.4921,-6.943,-5.5038,-4.5861,-3.5886,-2.9027,-2.5562,-2.3437,-2.4007,-2.7353,-3.1455,-3.8883,-4.7851,-5.4783,-6.2772,-6.7515,-6.8072,-6.5495,-6.1119,-5.7878,-5.684,-5.8679,-6.4799,-7.3017,-8.9118,-11.13,-12.894,-13.827,-12.071,-9.6155,-8.0022,-6.3098,-5.0033,-4.2199,-3.3913,-2.7754,-2.3855,-2.2553,-2.3872,-2.9541,-3.7645,-5.5511,-8.3141,-10.249,-8.2735,-3.8664,-0.33988,1.6882,3.7616,5.2859,6.1351,6.936,7.4053,7.5616,7.5421,7.2828,6.8184,6.3522,5.6044,4.7491,4.0598,3.1135,2.1751,1.2447
3.3993,3.7511,3.9656,3.9941,3.8672,3.5476,3.0417,2.5474,1.7526,0.80516,-0.23131,-1.0475,-2.1265,-3.2004,-4.0489,-5.2359,-6.4311,-7.0209,-6.9296,-5.7012,-4.081,-2.9632,-1.8269,-1.1618,-0.98722,-1.1986,-1.9324,-2.8447,-4.5448,-6.3782,-7.0822,-6.2369,-4.2893,-2.4933,-1.5064,-0.65371,-0.32966,-0.51392,-0.97208,-2.0316,-3.6079,-5.0642,-6.6046,-5.9657,-4.1129,-1.3371,1.041,2.9404,4.0814,5.273,6.1262,6.5716,6.9312,7.0748,7.0404,6.8761,6.6217,6.357,6.1988,6.1042,6.1816,6.3591,6.7149,7.1491,7.5862,7.8793,8.175,8.3418,8.3708,8.2696,8.0163,7.7385,7.2741,6.7354,6.1307,5.6525,4.9625,4.172,3.4788,2.3411,0.83771,-0.65808,-3.4096,-8.0096,-19.309,-18.642,-7.6742,-3.1107,-0.93217,1.101,2.4654,3.3419,3.7363,3.975,3.8854,3.6565,3.1367,2.4128,1.7453,0.72843,-0.41376,-1.6781,-2.7087,-4.2562,-6.0246,-7.5608,-9.8383,-11.566,-11.45,-9.4317,-7.0706,-5.1677,-4.1039,-3.1206,-2.5788,-2.4392,-2.5782,-3.064,-3.826,-4.5533,-5.6271,-6.6967,-7.4188,-8.0893,-8.5759,-8.8137,-9.1529,-9.5844,-10.261,-10.994,-12.455,-14.744,-17.391,-23.35,-24.638,-18.621,-13.579,-10.369,-8.0701,-6.7844,-5.4415,-4.4723,-3.9672,-3.5294,-3.3324,-3.346,-3.4595,-3.7136,-4.0279,-4.2633,-4.5079,-4.6207,-4.608,-4.4873,-4.299,-4.0969,-4.0164,-4.0269,-4.2227,-4.4904,-4.9667,-5.514,-5.8881,-6.2136,-6.3436,-6.2675,-6.1534,-5.8391,-5.4207,-5.0015,-4.284,-3.4432,-2.5993,-2.0346,-1.4227,-1.0022,-0.79751,-0.58658,-0.31129,0.074003,0.90681,2.0772,3.3948,4.3578,5.5074,6.4318,6.9629,7.4404,7.6541,7.646,7.4183,6.9515,6.2613,5.613,4.6122,3.4805,2.5972,1.4431,0.37711,-0.51622
0.97475,1.1182,1.191,1.182,1.1901,1.2024,1.2727,1.3065,1.3385,1.2914,1.1805,1.0371,0.78973,0.48398,0.25806,-0.024309,-0.24288,-0.33551,-0.32558,-0.17513,0.042984,0.18093,0.23643,0.046883,-0.29999,-1.1513,-2.5513,-4.096,-7.0178,-11.24,-13.969,-11.638,-7.9431,-5.585,-4.4943,-3.7722,-3.7103,-4.2381,-5.0119,-6.5883,-8.8437,-11.142,-14.441,-13.43,-10.044,-5.9966,-2.9036,-0.51394,0.91411,2.4119,3.5267,4.1429,4.7159,5.0299,5.1345,5.1238,5.0012,4.8407,4.7382,4.7035,4.8269,5.0403,5.4638,5.9981,6.5628,6.9647,7.4339,7.7814,7.9506,8.0455,7.9909,7.8558,7.5517,7.1148,6.558,6.0538,5.2768,4.3706,3.5926,2.4167,1.0653,-0.039167,-1.5998,-3.0001,-3.8686,-3.8756,-3.0593,-1.7509,-0.73807,0.47203,1.4073,2.0463,2.3155,2.4005,2.1799,1.8187,1.1001,0.11767,-0.74971,-2.0507,-3.4332,-4.8404,-5.8902,-7.3536,-9.0638,-10.715,-13.686,-16.967,-16.532,-12.481,-8.9373,-6.4194,-5.0326,-3.7342,-2.9102,-2.5658,-2.3968,-2.5093,-2.8607,-3.2511,-3.8839,-4.6004,-5.1601,-5.905,-6.6415,-7.2095,-7.9612,-8.7879,-9.7286,-10.563,-11.87,-13.42,-14.656,-15.914,-16.009,-15.051,-13.287,-11.51,-10.031,-9.0767,-8.0575,-7.2473,-6.79,-6.3519,-6.1282,-6.085,-6.19,-6.4664,-6.8433,-7.13,-7.4081,-7.3995,-7.1667,-6.5885,-5.8619,-5.0991,-4.5977,-4.0615,-3.7282,-3.6073,-3.6499,-3.8912,-4.2067,-4.8038,-5.6291,-6.7489,-7.8291,-9.5798,-11.2,-11.487,-9.9356,-7.4826,-5.1907,-3.76,-2.1797,-0.91572,-0.11856,0.79783,1.6247,2.2249,3.0193,3.8064,4.5585,5.0825,5.6917,6.1603,6.3926,6.5288,6.4408,6.2189,5.6938,4.8996,3.818,2.8097,1.1799,-0.7615,-2.3876,-4.6669,-6.5299,-7.308
-2.4302,-2.9777,-3.7958,-4.5435,-4.724,-4.266,-3.2243,-2.2938,-1.145,-0.16839,0.57345,1.0089,1.429,1.7136,1.8533,1.9624,2.0236,2.0399,2.0507,2.0231,1.9468,1.8324,1.5807,1.1826,0.7654,0.049691,-0.86252,-1.6393,-2.7345,-3.699,-4.3432,-4.5345,-4.5473,-4.5131,-4.5784,-4.9156,-5.605,-6.6496,-7.6592,-9.1556,-10.573,-11.238,-11.266,-10.169,-8.8378,-6.747,-4.6698,-2.802,-1.6011,-0.27839,0.73042,1.2766,1.7525,1.9327,1.9076,1.6349,1.1192,0.40581,-0.17231,-0.79786,-0.89523,-0.48449,0.60315,1.9435,3.2414,4.0901,5.0184,5.7007,6.0546,6.3373,6.4197,6.3598,6.1324,5.7428,5.2141,4.7219,3.9456,3.0335,2.2661,1.1483,-0.022951,-0.89367,-1.9258,-2.6942,-3.0272,-2.9695,-2.5521,-1.8492,-1.2557,-0.49178,0.12874,0.51651,0.63352,0.50775,0.080718,-0.4901,-1.5824,-3.0943,-4.5108,-6.7977,-9.3403,-11.45,-12.128,-11.78,-10.996,-10.461,-9.8511,-9.1789,-8.5413,-7.4264,-6.2007,-5.0432,-4.3011,-3.5075,-2.9928,-2.7733,-2.7034,-2.8552,-3.2177,-3.5964,-4.2413,-5.0091,-5.6435,-6.5758,-7.5067,-8.1964,-9.0584,-9.8522,-10.562,-11.05,-11.639,-12.172,-12.53,-12.898,-13.118,-13.105,-13.023,-12.765,-12.52,-12.21,-11.733,-11.18,-10.727,-10.218,-9.8968,-9.8782,-10.112,-10.825,-12.069,-13.381,-15.449,-16.586,-15.528,-12.636,-9.8669,-7.7061,-6.4191,-5.1187,-4.2143,-3.778,-3.486,-3.5099,-3.7405,-4.3611,-5.384,-6.9191,-8.5169,-11.56,-15.742,-17.554,-13.863,-9.7156,-6.7629,-5.0598,-3.2659,-1.8411,-0.93528,0.10276,1.0085,1.6077,2.3385,2.9883,3.5594,3.9305,4.3285,4.5965,4.6951,4.6632,4.4177,4.0716,3.37,2.3668,1.0233,-0.23647,-2.3226,-5.0041,-7.5955,-12.367,-21.085,-21.989
-5.0432,-6.6402,-9.8652,-16.102,-28.04,-15.623,-9.2089,-6.3237,-3.667,-1.7767,-0.40831,0.38544,1.191,1.7725,2.0778,2.3562,2.5272,2.5965,2.6187,2.5702,2.4545,2.3211,2.0746,1.7457,1.426,0.93225,0.36608,-0.089142,-0.73977,-1.3878,-2.0179,-2.4491,-3.05,-3.6884,-4.2636,-5.1956,-6.4101,-8.0826,-9.7388,-12.823,-17.922,-24.392,-21.318,-14.493,-11.338,-8.3246,-6.1138,-4.4261,-3.4318,-2.4145,-1.7014,-1.3431,-1.0745,-1.0686,-1.2624,-1.832,-2.8734,-4.6439,-6.7323,-11.607,-20.933,-13.681,-6.6467,-2.7081,-0.13052,1.2572,2.5949,3.4888,3.919,4.2274,4.2811,4.1862,3.9096,3.4993,2.958,2.4753,1.7095,0.77814,-0.051032,-1.374,-2.9655,-4.3578,-6.3621,-8.1388,-8.5893,-7.8142,-6.0902,-4.3466,-3.2273,-2.0536,-1.2352,-0.77543,-0.64355,-0.77848,-1.2727,-1.8975,-3.0877,-4.789,-6.4846,-9.5401,-14.026,-20.804,-20.954,-15.256,-11.68,-9.888,-8.1789,-6.8815,-6.0911,-5.1801,-4.4204,-3.796,-3.4482,-3.1219,-2.9969,-3.018,-3.2195,-3.6085,-4.1688,-4.7035,-5.5792,-6.6393,-7.5517,-8.9676,-10.473,-11.596,-12.941,-13.718,-13.918,-13.792,-13.537,-13.322,-13.292,-13.403,-13.754,-14.23,-15.149,-16.388,-17.745,-18.562,-18.598,-17.246,-15.938,-14.365,-13.259,-12.754,-12.727,-13.189,-14.315,-15.709,-18.324,-20.114,-18.429,-14.419,-10.952,-8.3442,-6.8008,-5.2178,-4.0554,-3.4458,-2.9117,-2.7111,-2.7528,-3.0652,-3.6439,-4.4497,-5.1458,-6.0788,-6.7891,-7.029,-6.8725,-6.283,-5.4694,-4.7931,-3.8767,-2.9898,-2.3541,-1.5643,-0.8526,-0.36834,0.21833,0.75164,1.2503,1.5883,1.987,2.2933,2.4421,2.4848,2.307,2.0063,1.3602,0.40049,-0.88177,-2.0698,-3.926,-6.0241,-7.6913,-9.7554,-11.246,-11.745
-4.1234,-5.193,-6.7256,-7.971,-8.3019,-7.6757,-6.1058,-4.7784,-3.0557,-1.5819,-0.37317,0.35304,1.0984,1.6299,1.8975,2.1307,2.2294,2.2397,2.1841,2.086,1.9669,1.8652,1.7087,1.5167,1.3373,1.0243,0.63064,0.27406,-0.27031,-0.88885,-1.5622,-2.0907,-2.8115,-3.5248,-4.0717,-4.8314,-5.7147,-6.773,-7.7257,-9.1952,-10.652,-11.283,-10.971,-9.544,-8.2692,-6.7405,-5.526,-4.6718,-4.2291,-3.8749,-3.7185,-3.6415,-3.6025,-3.5256,-3.5328,-3.6241,-3.9336,-4.5074,-5.0984,-5.8921,-5.9978,-5.2802,-3.54,-1.6414,-0.022041,0.94176,1.8571,2.3807,2.5474,2.4912,2.1732,1.798,1.2078,0.59748,0.022907,-0.3527,-0.86499,-1.4599,-2.0507,-3.1399,-4.7549,-6.4589,-9.8659,-15.355,-17.958,-13.082,-8.3296,-5.3901,-3.8533,-2.4324,-1.5244,-1.0199,-0.88373,-0.95188,-1.342,-1.7917,-2.6267,-3.6827,-4.6039,-5.8946,-7.1299,-7.9636,-8.1466,-7.8319,-7.0652,-6.3846,-5.4763,-4.6476,-4.0982,-3.504,-3.0768,-2.8106,-2.7249,-2.7921,-3.0402,-3.3439,-3.8722,-4.5266,-5.2914,-5.9507,-6.972,-8.2347,-9.3937,-11.412,-14.205,-17.16,-23.131,-27.057,-20.997,-17.999,-15.632,-14.353,-13.842,-13.682,-13.975,-14.603,-15.882,-18.101,-21.834,-26.422,-28.87,-22.033,-18.689,-15.788,-14.07,-13.05,-12.642,-12.395,-12.365,-12.335,-12.166,-11.591,-10.815,-9.3996,-7.7557,-6.1343,-5.0024,-3.6806,-2.6314,-2.021,-1.4424,-1.1439,-1.0857,-1.2053,-1.5211,-2.0209,-2.4631,-3.142,-3.8567,-4.3856,-5.0231,-5.5476,-5.8535,-5.8991,-5.6828,-5.1771,-4.7262,-4.1035,-3.5869,-3.2665,-2.9548,-2.664,-2.2875,-1.8866,-1.205,-0.47356,0.014561,0.49917,0.70987,0.65197,0.26296,-0.50834,-1.6723,-2.8086,-4.6773,-6.925,-8.8209,-11.47,-13.609,-14.192
-2.1325,-3.0269,-4.0836,-4.6175,-4.6773,-4.165,-3.2549,-2.3923,-1.2502,-0.18408,0.705,1.2185,1.6962,1.9357,1.988,1.8876,1.635,1.3845,1.0463,0.76898,0.61154,0.5858,0.64871,0.74909,0.81859,0.80997,0.62871,0.35571,-0.1863,-0.94513,-1.8806,-2.6639,-3.631,-4.3749,-4.6531,-4.7081,-4.5589,-4.3561,-4.2455,-4.1392,-4.06,-3.9667,-3.7541,-3.4725,-3.2809,-3.1031,-3.1038,-3.4164,-3.8887,-4.8324,-6.0487,-6.9571,-7.5637,-7.021,-6.0249,-4.5987,-3.3794,-2.4219,-1.8277,-1.1095,-0.38352,0.19419,1.0067,1.788,2.446,2.7987,3.0302,2.9277,2.6029,1.8191,0.62078,-0.54569,-2.3416,-4.019,-4.773,-4.5737,-3.7651,-2.9864,-2.6037,-2.4227,-2.601,-2.9203,-3.4205,-3.8147,-3.7209,-3.2885,-2.4248,-1.4903,-0.88035,-0.26351,0.097628,0.21694,0.15882,-0.079236,-0.44235,-0.78752,-1.3346,-1.9282,-2.3904,-2.9966,-3.5242,-3.9034,-4.0625,-4.0541,-3.8288,-3.5266,-3.0016,-2.4374,-2.039,-1.6081,-1.3525,-1.3459,-1.5069,-1.9813,-2.7307,-3.4749,-4.6166,-5.7793,-6.7731,-7.314,-7.8196,-8.317,-8.8592,-9.8381,-11.356,-12.728,-14.54,-15.254,-14.529,-13.606,-12.532,-11.836,-11.568,-11.514,-11.751,-12.007,-12.558,-13.169,-13.704,-13.966,-13.862,-13.162,-12.49,-11.628,-10.995,-10.665,-10.638,-10.85,-11.14,-11.203,-10.768,-9.6724,-8.5094,-6.7676,-5.0039,-3.3645,-2.2821,-1.0341,-0.054782,0.5136,1.0333,1.3205,1.379,1.2661,0.93801,0.41327,-0.12295,-1.0133,-2.1551,-3.2109,-4.9446,-7.1026,-9.5742,-11.093,-11.129,-9.2975,-7.8385,-6.4493,-5.7932,-5.8195,-6.5147,-7.8648,-8.9684,-8.3843,-5.9173,-3.2926,-1.7179,-0.19789,0.71519,1.0417,1.0298,0.5424,-0.42043,-1.4635,-3.3153,-5.8497,-8.342,-12.878,-19.823,-21.021
-0.84447,-2.8619,-5.9972,-8.3719,-7.8494,-5.1764,-2.5396,-0.96436,0.67162,1.841,2.61,2.9515,3.1134,2.9298,2.5764,1.8023,0.73931,-0.21467,-1.5633,-2.6931,-3.0859,-2.7339,-1.7075,-0.54796,0.18479,0.90027,1.2252,1.1932,0.713,-0.31413,-2.0006,-3.8323,-7.2643,-10.943,-10.617,-7.0068,-3.9828,-1.9412,-0.85249,0.17794,0.87083,1.2107,1.4896,1.5748,1.5174,1.2361,0.64698,-0.32011,-1.401,-3.5039,-6.8669,-11.092,-21.812,-12.176,-7.4932,-3.8093,-1.4182,0.25947,1.2468,2.3574,3.2923,3.9283,4.6688,5.2644,5.665,5.798,5.7213,5.2954,4.6895,3.434,1.5042,-0.5231,-4.5437,-11.918,-17.509,-9.7469,-4.8969,-2.3043,-1.0339,0.12757,0.91883,1.3454,1.7915,2.1472,2.4664,2.6888,2.9449,3.1024,3.1122,2.9756,2.6268,2.0772,1.5888,0.86141,0.21628,-0.20165,-0.5962,-0.90778,-1.1382,-1.5175,-1.9874,-2.5416,-2.9534,-3.2911,-3.1832,-2.739,-1.8088,-0.7497,-0.030292,0.72538,1.1596,1.2017,0.93544,0.1626,-1.2081,-2.6979,-5.5177,-9.6066,-13.694,-12.821,-9.3811,-7.0463,-6.0411,-5.3568,-5.2168,-5.3156,-5.59,-5.9118,-6.2217,-6.4621,-6.8468,-7.35,-7.8231,-8.4551,-8.9866,-9.1567,-9.0755,-8.6848,-8.0864,-7.6349,-7.019,-6.4693,-6.1551,-5.938,-5.9933,-6.4846,-7.224,-8.9229,-11.885,-15.636,-19.181,-12.322,-8.3304,-4.5701,-1.8902,0.15248,1.3459,2.5809,3.4816,3.952,4.3411,4.4963,4.473,4.265,3.867,3.3064,2.7469,1.829,0.64565,-0.46477,-2.4034,-5.0552,-8.7604,-11.749,-11.595,-8.0226,-5.9343,-4.1836,-3.4703,-3.5894,-4.6468,-6.9625,-9.7848,-9.0778,-4.825,-1.2535,0.68661,2.4809,3.5926,4.0502,4.2322,3.9804,3.3339,2.6081,1.337,-0.21439,-1.4972,-3.2655,-4.8068,-5.8655
1.1451,-0.9159,-4.1706,-6.7379,-6.2256,-3.3454,-0.75641,0.70537,2.1453,3.0577,3.5213,3.6013,3.3515,2.703,1.9139,0.46672,-1.5266,-3.5286,-7.3174,-14.213,-27.274,-13.133,-6.7152,-3.1213,-1.3006,0.38151,1.4049,1.7844,1.7864,1.2113,0.019633,-1.3056,-3.467,-5.1868,-4.9338,-2.9165,-0.65038,1.1501,2.1851,3.1836,3.8366,4.1492,4.3475,4.3408,4.2185,3.8824,3.3476,2.6151,1.9369,0.86463,-0.2794,-1.0479,-1.6056,-1.4592,-0.92414,-0.057825,0.83209,1.6601,2.2846,3.1328,4.0535,4.7603,5.6742,6.4635,7.045,7.3123,7.3886,7.1216,6.6877,5.7733,4.4801,3.3192,1.6438,0.11807,-0.78124,-0.94969,-0.63526,0.0037122,0.59101,1.4567,2.3732,3.0533,3.8613,4.5635,5.0638,5.3,5.4146,5.2629,4.9578,4.2388,3.1261,1.5523,0.060567,-2.2366,-4.3353,-4.9783,-4.3494,-3.2464,-2.6575,-2.4226,-2.953,-4.3801,-6.2358,-10.194,-12.72,-9.2118,-4.4266,-1.2266,0.45886,1.9986,2.903,3.2804,3.2227,2.6969,1.6249,0.44982,-1.6634,-4.174,-5.9789,-5.8088,-4.2011,-2.5543,-1.6134,-0.83422,-0.42174,-0.34903,-0.47658,-0.88023,-1.5318,-2.2073,-3.4169,-5.1024,-6.7879,-9.7513,-13.273,-14.446,-11.689,-8.464,-6.0697,-4.7211,-3.3754,-2.4885,-2.0292,-1.6978,-1.7028,-2.0612,-2.5725,-3.5562,-4.8245,-5.6469,-5.683,-4.081,-2.3535,-0.091898,1.8074,3.3058,4.1835,5.0313,5.5579,5.7604,5.8105,5.6196,5.3597,4.9014,4.386,3.8356,3.4416,2.8789,2.2844,1.799,1.0937,0.35063,-0.26527,-0.52204,-0.47992,-0.044489,0.42114,1.0352,1.5183,1.7647,1.9345,2.08,2.3909,2.8322,3.6925,4.7115,5.4354,6.2285,6.7465,6.9399,6.9407,6.6576,6.1229,5.5853,4.7131,3.7221,2.9343,1.8664,0.81185,-0.18346
2.5229,1.7784,0.97287,0.46005,0.38334,0.63682,1.0981,1.5075,1.9377,2.1914,2.1832,1.9706,1.3726,0.39038,-0.60033,-2.3082,-4.4494,-6.2473,-8.5803,-10.112,-10.087,-8.9872,-6.6969,-4.2531,-2.5922,-0.78629,0.52503,1.187,1.7232,1.9005,1.7904,1.6241,1.3806,1.2708,1.3471,1.6814,2.2049,2.7475,3.0987,3.4496,3.6353,3.662,3.5577,3.3241,3.0811,2.728,2.3961,2.0823,1.8679,1.5851,1.307,1.0952,0.83692,0.53266,0.24981,-0.26213,-1.0268,-1.9157,-2.4283,-2.2454,-0.7905,0.69256,2.6178,4.2093,5.3851,5.9966,6.4612,6.5424,6.3765,5.8659,5.079,4.3137,3.1224,1.7835,0.32168,-0.87254,-2.4533,-3.6504,-3.8541,-2.857,-1.0659,0.33287,1.9485,3.1995,4.0697,4.4829,4.6997,4.5388,4.1623,3.2695,1.8661,-0.17812,-2.3137,-6.3332,-12.166,-13.791,-9.0429,-5.7242,-4.2937,-3.3291,-3.228,-3.8698,-4.7192,-5.999,-6.1938,-5.0251,-2.6487,-0.39162,0.98055,2.3742,3.2996,3.8116,3.9648,3.8766,3.5222,3.11,2.4607,1.829,1.3753,1.2064,1.1911,1.3204,1.4348,1.557,1.5482,1.4408,1.1359,0.65049,-0.061223,-0.77108,-1.9998,-3.6386,-5.164,-7.6709,-10.165,-10.856,-9.1738,-6.6824,-4.5842,-3.3569,-2.1345,-1.2464,-0.78057,-0.36282,-0.14933,-0.060929,-0.052947,-0.071185,-0.023012,0.12827,0.53594,1.1909,1.796,2.6583,3.4796,4.1345,4.4858,4.728,4.6766,4.4434,3.8596,2.9774,2.1456,0.91494,-0.23543,-1.0104,-1.1842,-0.98924,-0.56901,-0.25588,0.11901,0.41711,0.68452,0.8949,1.2468,1.6891,2.0876,2.6583,3.2547,3.6976,4.264,4.8108,5.3374,5.721,6.2061,6.6254,6.8717,7.075,7.0855,6.9606,6.6084,6.0556,5.3353,4.7119,3.8352,2.9544,2.3237,1.5798,0.94164,0.33668
2.1153,1.8259,1.4928,1.2629,1.2022,1.1813,1.2761,1.3543,1.4345,1.4165,1.2355,0.94795,0.31694,-0.67675,-1.7131,-3.5676,-6.1592,-8.7982,-14.282,-23.27,-15.21,-10.579,-6.5008,-3.5975,-1.9224,-0.17091,1.1216,1.8372,2.5008,2.8847,3.0684,3.1127,3.0893,3.071,3.0732,3.1326,3.2122,3.2822,3.2839,3.1841,2.9122,2.5611,1.9081,1.0654,0.37811,-0.39892,-0.76823,-0.58203,-0.18728,0.46205,1.0175,1.3085,1.4289,1.2293,0.78018,-0.28559,-2.1756,-5.5788,-10.275,-16.878,-6.6659,-2.4979,1.0375,3.3608,4.9157,5.7035,6.3579,6.6247,6.589,6.2682,5.6453,4.9747,3.8139,2.3166,0.35929,-1.5677,-5.2057,-11.654,-18.427,-9.4201,-3.8812,-1.2905,1.1335,2.7615,3.8642,4.3895,4.7477,4.7382,4.4942,3.8878,2.9704,1.8089,0.82048,-0.45495,-1.4875,-1.8824,-1.8898,-1.521,-1.1481,-0.71429,-0.37168,-0.14589,-0.0051278,0.24695,0.68106,1.1499,1.929,2.7872,3.4065,4.1354,4.7035,5.0785,5.232,5.2835,5.1787,5.0174,4.7371,4.4109,4.0851,3.8566,3.5889,3.3646,3.2093,3.015,2.7833,2.5887,2.2636,1.8638,1.364,0.91845,0.24372,-0.49857,-1.066,-1.7553,-2.1962,-2.3255,-2.1564,-1.699,-1.1526,-0.72143,-0.24099,0.13012,0.31592,0.47552,0.59074,0.71434,0.84992,1.1172,1.5225,1.8989,2.4764,3.1027,3.5687,4.1318,4.5719,4.8275,4.8643,4.6801,4.1768,3.5532,2.3275,0.58044,-1.2071,-4.496,-9.632,-15.566,-12.508,-7.4558,-4.5138,-3.0953,-1.8624,-1.0744,-0.5559,-0.2316,0.23016,0.83908,1.4046,2.3052,3.2723,3.9973,4.9226,5.7384,6.4262,6.8485,7.2715,7.5122,7.5661,7.4504,7.1135,6.6996,5.9216,4.8904,3.6234,2.5452,1.0508,-0.28092,-0.99416,-1.4318,-1.3773,-1.1057
-0.37444,-0.45403,-0.63208,-0.76046,-0.80415,-0.79093,-0.61641,-0.44552,-0.16266,0.071508,0.186,0.15192,-0.067301,-0.53113,-1.0971,-2.0691,-3.3722,-4.5127,-5.977,-6.5396,-5.6323,-4.3129,-2.3454,-0.54796,0.5993,1.8061,2.6825,3.141,3.4923,3.5874,3.4681,3.2759,2.9571,2.6682,2.5106,2.4374,2.464,2.5451,2.574,2.4433,2.0279,1.447,0.20145,-1.8189,-4.0996,-8.7924,-13.149,-7.7646,-4.2602,-1.1753,0.79492,1.7824,2.5852,2.947,2.9409,2.6401,2.0912,1.4389,1.0803,1.1569,1.9633,2.8647,4.1663,5.3285,6.2447,6.7453,7.1584,7.3036,7.2437,6.944,6.4037,5.8624,4.9576,3.8595,2.6106,1.6287,0.37057,-0.54434,-0.75197,-0.27156,0.81349,1.7777,3.0241,4.0574,4.8519,5.2415,5.5333,5.5471,5.3821,4.9516,4.3145,3.526,2.8851,2.0756,1.3977,1.0444,0.80807,0.82779,0.99512,1.3326,1.7553,2.1925,2.5264,2.967,3.4038,3.7477,4.2122,4.666,4.9932,5.3791,5.7001,5.9343,6.0312,6.0551,5.9524,5.7933,5.4949,5.1096,4.6547,4.2924,3.8206,3.3879,3.1044,2.7789,2.5246,2.3775,2.2002,2.0041,1.7936,1.6193,1.3752,1.1395,0.97532,0.80085,0.72025,0.71607,0.76356,0.85971,0.93517,0.96225,0.9074,0.68634,0.43992,-0.016383,-0.52084,-0.91329,-0.97985,-0.60732,0.24281,1.0688,2.2293,3.2998,3.9943,4.7257,5.1998,5.4178,5.3878,5.0855,4.458,3.7616,2.5287,0.9053,-0.57878,-2.8565,-5.1898,-6.6485,-6.5083,-5.2849,-3.9542,-3.2035,-2.6442,-2.6036,-3.0067,-3.4782,-3.9877,-3.5822,-2.5127,-0.46506,1.6186,3.0174,4.5947,5.8466,6.7957,7.3186,7.7813,7.9756,7.9467,7.6722,7.1122,6.489,5.3586,3.8222,1.761,-0.22605,-3.7968,-9.0076,-13.237,-10.644,-6.3081,-3.6846
-4.9554,-4.9809,-5.4865,-6.1773,-6.7,-6.7817,-6.1533,-5.3527,-4.173,-3.1421,-2.3368,-1.8686,-1.4305,-1.1474,-1.0083,-0.92339,-0.89807,-0.84338,-0.66769,-0.33754,0.22025,0.76697,1.5768,2.3544,2.872,3.4109,3.7269,3.7865,3.5914,3.0845,2.2208,1.3423,-0.051399,-1.5029,-2.2751,-2.3962,-1.5191,-0.36528,0.36448,1.0186,1.2309,1.0773,0.44721,-0.68573,-1.8135,-3.3799,-3.9596,-2.7724,-1.2693,0.68602,2.2514,3.1618,4.0508,4.6122,4.8858,5.0661,5.1367,5.1865,5.2342,5.3794,5.6295,5.8865,6.2667,6.6271,6.9158,7.0641,7.1371,7.047,6.8749,6.4885,5.9465,5.4534,4.6871,3.8416,3.0122,2.4738,1.9359,1.691,1.7249,2.0662,2.6511,3.1788,3.9137,4.586,5.1117,5.3912,5.5644,5.4965,5.2881,4.7838,4.0348,3.0357,2.1648,0.87428,-0.36882,-1.0958,-1.5405,-1.2474,-0.70398,0.23235,1.1266,1.8921,2.3688,2.8729,3.2509,3.4771,3.7291,3.9612,4.146,4.396,4.64,4.8466,4.95,4.9854,4.8573,4.6416,4.1738,3.5096,2.6801,1.9735,0.99426,0.10005,-0.39398,-0.77696,-0.82368,-0.73956,-0.55542,-0.39971,-0.30485,-0.26718,-0.24342,-0.20343,-0.1431,0.011933,0.19993,0.37924,0.59263,0.73944,0.79348,0.70084,0.38883,-0.24335,-0.974,-2.4233,-4.6627,-7.9872,-10.805,-9.8244,-5.2924,-2.5277,0.21043,2.1836,3.2793,4.3406,4.9973,5.2916,5.2863,4.9957,4.3935,3.7539,2.6865,1.4337,0.45873,-0.78068,-1.7819,-2.3745,-2.556,-2.4996,-2.3465,-2.3205,-2.5531,-3.3318,-4.9973,-7.2377,-13.239,-19.614,-10.075,-3.8437,-0.10715,1.8869,3.8843,5.3399,6.3727,6.9109,7.3502,7.504,7.4362,7.1046,6.4989,5.8542,4.7375,3.2952,1.4854,-0.12691,-2.6018,-5.0817,-6.2722,-6.1367,-4.7688,-3.338
-7.8803,-8.3433,-9.944,-13.41,-18.597,-28.936,-15.9,-11.955,-8.8925,-7.0216,-5.793,-5.0649,-4.227,-3.4053,-2.7383,-1.8706,-0.98246,-0.33656,0.4903,1.2659,2,2.5204,3.1481,3.6665,3.9505,4.1786,4.182,4.003,3.4886,2.5723,1.1459,-0.36644,-3.3709,-8.5237,-16.529,-15.235,-6.8668,-3.0485,-1.2846,0.26523,1.2011,1.6141,1.876,1.9295,1.9187,1.9427,2.1053,2.5048,2.9253,3.5704,4.2157,4.6447,5.1278,5.4843,5.6812,5.8554,5.9386,5.9722,5.989,5.9895,5.9889,5.9929,5.9908,5.9803,5.935,5.8672,5.7229,5.4797,5.2119,4.73,4.0762,3.4521,2.462,1.3222,0.13322,-0.67677,-1.3797,-1.4028,-0.97841,-0.038274,1.0787,1.8986,2.8769,3.6936,4.2883,4.6046,4.8008,4.7402,4.5095,3.9329,3.0001,1.6356,0.25165,-2.3136,-6.1727,-10.592,-15.229,-8.916,-5.5064,-2.6058,-0.78332,0.35839,0.86423,1.1934,1.214,1.0701,0.78885,0.57172,0.54728,0.80101,1.2996,1.8672,2.2418,2.5566,2.5918,2.401,1.8078,0.78676,-0.7148,-2.2095,-4.7638,-7.8168,-9.6977,-9.718,-7.868,-6.5627,-5.3423,-4.6592,-4.4213,-4.4337,-4.547,-4.5698,-4.3913,-3.8649,-3.1036,-2.4897,-1.7098,-1.0893,-0.68707,-0.55032,-0.62395,-0.98521,-1.5234,-2.6124,-4.1855,-6.0933,-7.1549,-6.4972,-3.9577,-1.9404,0.35408,2.1293,3.1501,4.1437,4.7602,5.0061,4.9665,4.6054,3.8947,3.1301,1.7873,0.11336,-1.296,-3.1538,-4.4238,-4.5579,-4.0549,-3.0888,-2.2022,-1.7184,-1.3859,-1.4015,-1.7331,-2.0816,-2.3827,-2.0662,-1.3239,0.12388,1.7036,2.7998,4.058,5.0486,5.7726,6.1461,6.422,6.4497,6.3124,5.9232,5.3127,4.7243,3.7808,2.7022,1.5623,0.69454,-0.382,-1.2644,-1.733,-2.0941,-2.1856,-2.133
-5.9775,-6.4677,-7.4926,-8.9333,-9.9887,-10.709,-10.45,-9.9721,-9.4064,-9.3034,-9.5581,-9.7819,-9.5116,-8.2423,-6.8203,-4.7684,-2.8765,-1.6295,-0.20965,1.0015,2.0165,2.6565,3.3525,3.8925,4.1877,4.4125,4.4289,4.2975,3.9117,3.2529,2.307,1.4129,0.060192,-1.2581,-1.9529,-2.1369,-1.4792,-0.47635,0.28642,1.1701,1.8807,2.309,2.7657,3.1238,3.3445,3.6167,3.8865,4.1539,4.3512,4.5915,4.8045,4.9277,5.0462,5.1212,5.1235,5.0931,5.0073,4.8553,4.7136,4.4865,4.2258,4.0031,3.7024,3.4235,3.1919,3.0469,2.8828,2.7131,2.5275,2.15,1.5212,0.82775,-0.46018,-2.3151,-5.0571,-8.0885,-13.728,-12.921,-8.618,-4.5899,-1.9072,-0.42089,1.076,2.1779,2.9703,3.3728,3.7149,3.8185,3.7276,3.3743,2.7169,1.7306,0.73664,-0.9387,-2.8974,-4.2801,-5.0797,-4.1939,-3.0385,-1.6079,-0.58915,-0.049634,0.027815,-0.30943,-1.2039,-2.2895,-4.378,-7.0572,-8.5168,-7.3662,-4.5143,-2.1437,-0.8838,0.19657,0.68462,0.69187,0.25469,-0.72313,-2.3097,-3.9693,-6.9417,-10.96,-13.923,-13.708,-10.852,-9.2744,-8.1235,-7.868,-8.4337,-9.4216,-11.512,-14.009,-14.449,-11.882,-8.666,-6.7619,-4.8084,-3.4215,-2.4837,-1.9733,-1.539,-1.3179,-1.2586,-1.2754,-1.3071,-1.2479,-1.0439,-0.48687,0.36253,1.1221,2.1777,3.1563,3.7914,4.4537,4.8796,5.0398,4.9673,4.5845,3.8321,2.9843,1.3961,-0.91958,-3.3878,-8.5984,-22.492,-13.297,-7.6855,-3.8594,-1.6245,-0.51265,0.46164,1.0374,1.3666,1.5317,1.7267,1.9659,2.2274,2.6589,3.1665,3.5719,4.0874,4.5459,4.8968,5.0687,5.1462,5.0136,4.7681,4.2414,3.4896,2.7977,1.7502,0.65429,-0.37039,-1.0124,-1.6239,-2.0091,-2.1868,-2.3379,-2.4999,-2.7621
-2.3487,-2.6478,-3.2349,-3.9252,-4.445,-5.1874,-5.9881,-6.6448,-7.8785,-9.7438,-12.869,-17.05,-35.18,-16.921,-11.726,-7.5199,-4.6626,-3.0205,-1.2756,0.12347,1.2503,1.9504,2.7267,3.3366,3.7006,4.0518,4.2547,4.3075,4.23,4.0005,3.6293,3.2666,2.7462,2.2209,1.8744,1.538,1.3516,1.2962,1.3336,1.4816,1.717,1.952,2.3258,2.7262,3.0159,3.3553,3.6325,3.8028,3.8652,3.8623,3.7609,3.6441,3.4329,3.1871,2.9947,2.7257,2.4557,2.1464,1.845,1.3551,0.72001,0.1499,-0.6846,-1.497,-2.0468,-2.1581,-1.9282,-1.4458,-1.0744,-0.76708,-0.76313,-1.0024,-1.7229,-2.9114,-4.5743,-6.0232,-7.575,-7.4192,-6.188,-4.1855,-2.4188,-1.3362,-0.18048,0.69067,1.386,1.7969,2.2436,2.5733,2.7436,2.8414,2.7805,2.553,2.2804,1.848,1.3869,1.0962,0.8673,0.83454,0.90196,1.0206,1.0473,0.86858,0.56755,-0.15354,-1.342,-2.6108,-4.9484,-8.0212,-9.8095,-8.4465,-5.2453,-2.732,-1.3817,-0.19181,0.41108,0.53286,0.30901,-0.31193,-1.2857,-2.193,-3.5517,-4.8674,-5.6968,-6.423,-6.813,-6.9793,-7.2678,-7.8467,-8.8838,-10.073,-12.367,-15.034,-15.539,-12.955,-9.872,-8.0429,-6.2304,-4.965,-4.0567,-3.5477,-2.9777,-2.493,-2.1046,-1.5705,-1.0052,-0.3914,0.098228,0.7802,1.5011,2.0512,2.7725,3.4578,3.9265,4.4675,4.8739,5.1239,5.1777,5.0546,4.6746,4.2023,3.3112,2.1441,1.1289,-0.19762,-1.0273,-0.92439,-0.3463,0.70407,1.7006,2.2947,2.8694,3.1973,3.3256,3.3144,3.1925,2.9966,2.834,2.6395,2.5164,2.503,2.6102,2.8284,3.0849,3.2409,3.3229,3.1901,2.9059,2.2379,1.1925,0.13313,-1.6567,-3.8259,-5.9984,-7.0201,-6.9503,-5.8802,-5.0621,-4.2942,-4.0227,-4.2692
0.73696,0.47731,0.014902,-0.5394,-1.0234,-1.7891,-2.6668,-3.42,-4.5849,-5.9081,-7.2819,-8.1505,-8.6646,-8.1604,-7.2987,-5.7938,-4.2923,-3.2778,-2.0149,-0.92439,-0.010454,0.58346,1.295,1.9105,2.3189,2.8208,3.2644,3.5379,3.8065,3.9456,3.9406,3.8422,3.5593,3.1359,2.7265,2.0717,1.2882,0.44489,-0.1731,-0.80894,-1.0168,-0.82383,-0.20332,0.59839,1.1823,1.8071,2.1868,2.317,2.2429,1.9354,1.4033,0.89331,0.13735,-0.61679,-1.0623,-1.4826,-1.7206,-1.8829,-2.0766,-2.5692,-3.4598,-4.475,-6.5103,-9.6549,-13.829,-14.448,-10.304,-6.7105,-4.8456,-3.1639,-2.1498,-1.7333,-1.5541,-1.7009,-2.0147,-2.2589,-2.5133,-2.573,-2.4722,-2.2153,-1.9149,-1.7236,-1.5249,-1.3795,-1.1881,-0.91446,-0.40447,0.28015,0.84877,1.5739,2.1867,2.628,2.852,3.0156,3.0545,3.032,2.9485,2.8107,2.6851,2.478,2.215,1.8771,1.5629,1.0618,0.47654,-0.0027659,-0.61609,-1.0587,-1.1637,-0.94303,-0.37269,0.32066,0.80202,1.2809,1.5155,1.5128,1.2505,0.71959,-0.047323,-0.74938,-1.8007,-2.8928,-3.7087,-4.663,-5.4489,-5.9025,-6.3302,-6.6359,-6.9164,-7.1356,-7.4067,-7.5229,-7.4512,-7.1239,-6.6046,-6.243,-5.9557,-5.8855,-6.0004,-6.1489,-6.1605,-5.7239,-5.1028,-4.0003,-2.8281,-1.7231,-0.99089,-0.14164,0.59172,1.0899,1.7203,2.3485,2.83,3.4845,4.1192,4.6885,5.0489,5.4089,5.6114,5.6562,5.5791,5.3899,5.2084,4.9807,4.8348,4.8056,4.8614,4.9947,5.1167,5.1572,5.1026,4.8938,4.4978,4.0653,3.3022,2.328,1.4473,0.15468,-1.0763,-1.7188,-1.8288,-1.1484,-0.14303,0.55343,1.2243,1.5209,1.462,0.97115,-0.041986,-1.2062,-3.4679,-6.9453,-12.718,-18.353,-13.219,-8.3428,-6.2311,-4.6267,-3.937,-3.9893
3.0284,2.7522,2.337,1.8372,1.3945,0.75345,0.03896,-0.57017,-1.4351,-2.355,-3.255,-3.8959,-4.5693,-4.9687,-5.0608,-4.8829,-4.4294,-3.925,-3.1857,-2.5132,-1.9459,-1.6032,-1.232,-0.81724,-0.40523,0.32437,1.1967,1.8695,2.6951,3.3282,3.7199,3.8449,3.7559,3.3704,2.8614,1.8328,0.3365,-1.8138,-4.0358,-8.095,-11.243,-9.0634,-5.0326,-2.25,-0.84755,0.3687,0.96139,1.0507,0.798,0.031591,-1.2326,-2.5527,-4.8054,-7.4148,-9.0227,-9.2618,-7.9104,-6.5666,-5.864,-5.4874,-5.6989,-6.2393,-7.485,-9.2541,-10.877,-10.814,-8.756,-6.1957,-4.5705,-2.9011,-1.7756,-1.2441,-0.82387,-0.69118,-0.76508,-0.9031,-1.1359,-1.3987,-1.6134,-1.9424,-2.409,-2.9129,-3.8959,-5.2409,-6.7762,-7.3933,-6.3854,-4.0273,-2.2462,-0.25412,1.2487,2.3355,2.9143,3.4063,3.6526,3.6942,3.5902,3.3463,3.0911,2.6865,2.2601,1.8659,1.6043,1.3437,1.2077,1.1809,1.2374,1.408,1.6036,1.9223,2.2757,2.6243,2.8277,2.9895,2.983,2.8448,2.4625,1.8318,0.94823,0.10776,-1.2418,-2.8624,-4.2055,-6.0673,-7.5748,-8.1322,-7.9227,-7.0457,-6.0782,-5.4552,-4.7963,-4.3502,-4.1485,-4.0414,-4.1788,-4.4719,-5.2125,-6.5176,-8.69,-11.099,-15.525,-15.522,-11.833,-7.8655,-5.215,-3.4735,-2.5836,-1.8115,-1.4025,-1.2351,-1.0359,-0.65143,-0.12632,0.8916,2.1375,3.3938,4.2719,5.2876,6.1094,6.6013,7.1068,7.4543,7.637,7.7935,7.869,7.8797,7.8497,7.7353,7.5218,7.2887,6.8484,6.2394,5.4236,4.6543,3.3614,1.6604,0.0038137,-3.0327,-7.9628,-15.235,-16.156,-7.155,-3.1312,-1.2768,0.3227,1.2021,1.4985,1.4824,1.0547,0.49343,-0.49875,-1.6261,-2.6182,-3.0222,-2.9731,-2.3996,-1.8694,-1.2423,-0.8346,-0.7307
4.4471,4.1213,3.6699,3.202,2.8494,2.381,1.8463,1.3881,0.66623,-0.22034,-1.3314,-2.317,-3.8912,-5.6996,-6.9794,-8.0549,-7.6093,-6.5701,-5.2214,-4.333,-4.0681,-4.3379,-5.3455,-6.6443,-6.8651,-5.0998,-2.3348,-0.45133,1.5427,2.9598,3.8773,4.27,4.4728,4.2925,3.921,3.089,1.8245,0.059512,-1.5908,-4.0173,-5.3073,-4.6085,-2.5506,-0.65758,0.38496,1.2539,1.6034,1.4398,0.99649,-0.05071,-1.6712,-3.3409,-6.4379,-10.941,-14.827,-14.452,-10.491,-7.9632,-6.8562,-5.9847,-5.5913,-5.4813,-5.3827,-5.1798,-4.7606,-4.2442,-3.2959,-2.2389,-1.458,-0.5786,0.031928,0.29943,0.37754,0.17942,-0.26241,-0.70411,-1.3004,-1.7977,-2.0722,-2.3691,-2.7632,-3.263,-4.4485,-6.6182,-10.347,-13.7,-10.807,-5.5334,-2.7438,-0.093119,1.7212,2.9441,3.5522,4.0371,4.1824,4.0885,3.7259,3.1274,2.5377,1.6166,0.64081,-0.21205,-0.62324,-0.7523,-0.41829,0.059221,0.84173,1.6594,2.2405,2.9532,3.5506,4.0106,4.26,4.4427,4.4276,4.2732,3.8734,3.2174,2.272,1.3436,-0.26669,-2.4489,-4.6053,-8.8678,-17.326,-31.857,-12.871,-7.7442,-4.9325,-3.5401,-2.2786,-1.5146,-1.1882,-1.0533,-1.2738,-1.6673,-2.5042,-3.7815,-5.5401,-7.1236,-9.004,-9.0336,-7.7379,-5.6126,-3.9015,-2.8152,-2.4071,-2.4235,-3.1493,-4.2447,-6.5475,-9.0135,-8.4677,-4.6701,-1.0394,1.7366,3.3766,5.1201,6.4772,7.2948,8.172,8.8395,9.2189,9.579,9.7869,9.8516,9.8002,9.6007,9.2498,8.881,8.2447,7.4341,6.4586,5.6169,4.3479,2.9003,1.7073,0.013363,-1.6202,-2.4684,-2.5223,-1.4348,0.037198,1.061,2.1354,2.8412,3.1391,3.2696,3.1436,2.926,2.5461,2.1592,1.88,1.7767,1.8071,2.0215,2.2588,2.6345,2.9816,3.2553
3.9595,3.4079,2.7477,2.3136,2.1712,2.1045,2.0734,2.001,1.7192,1.1351,0.14035,-0.94739,-3.0585,-6.3505,-10.328,-18.767,-12.694,-8.376,-5.2351,-3.6721,-3.3451,-3.8493,-5.6242,-8.9992,-10.952,-7.2616,-2.7147,-0.24237,2.0852,3.657,4.6558,5.1142,5.4126,5.4159,5.264,4.9061,4.3992,3.822,3.3932,2.9355,2.7263,2.7594,2.9865,3.2778,3.4449,3.4924,3.2928,2.794,2.2345,1.2581,0.046175,-0.99522,-2.4327,-3.7315,-4.5184,-5.0874,-5.2824,-5.3069,-5.4082,-5.7346,-6.1725,-6.366,-6.1109,-5.1308,-3.6789,-2.5235,-1.0881,0.14316,0.87192,1.5641,1.901,1.9082,1.5034,0.5975,-0.85374,-2.3254,-4.6227,-6.2514,-6.0869,-4.5799,-3.0402,-2.2346,-1.6233,-1.402,-1.2978,-1.0894,-0.3809,0.69713,1.5816,2.6957,3.6089,4.2444,4.5351,4.6667,4.4859,4.1448,3.3884,2.2355,1.0721,-0.93819,-3.6429,-7.0748,-9.449,-9.199,-6.1858,-4.0331,-1.7008,0.12777,1.2634,2.5162,3.5133,4.2584,4.6686,5.0088,5.1217,5.0597,4.7796,4.2859,3.5669,2.8834,1.7779,0.44769,-0.67746,-2.2125,-3.3815,-3.6784,-3.1211,-1.92,-0.65985,0.1594,0.99635,1.5416,1.7649,1.8248,1.6591,1.3942,0.87705,0.24543,-0.40395,-0.83643,-1.2164,-1.2734,-1.128,-0.7801,-0.43282,-0.25227,-0.31916,-0.78538,-1.7808,-2.9559,-5.1191,-7.067,-6.6702,-3.7337,-0.6067,1.9374,3.482,5.1789,6.5605,7.435,8.4143,9.2116,9.6909,10.177,10.483,10.598,10.553,10.321,9.8815,9.4066,8.5936,7.5863,6.4216,5.4822,4.246,3.1609,2.5333,1.9981,1.836,1.9332,2.2953,2.8563,3.4915,3.9411,4.4107,4.6956,4.7611,4.6472,4.3272,3.9911,3.4748,2.9992,2.7094,2.6729,2.9112,3.3961,3.8712,4.5428,5.1822,5.7486
-0.64391,-2.2583,-4.4473,-5.2171,-4.383,-2.6078,-1.0135,-0.13157,0.59155,0.85659,0.7163,0.35117,-0.40255,-1.3486,-2.007,-2.532,-2.3713,-1.8936,-1.172,-0.53855,-0.20718,-0.1387,-0.18515,-0.21924,-0.03844,0.58289,1.4876,2.2146,3.0494,3.6508,3.9792,4.0679,3.99,3.8031,3.6303,3.4333,3.3462,3.3718,3.4399,3.5781,3.7295,3.8274,3.8977,3.8496,3.7088,3.3482,2.7425,1.9123,1.1626,0.041706,-1.12,-1.923,-2.7832,-3.3651,-3.7241,-4.0718,-4.4997,-5.1991,-6.0253,-7.9127,-11.245,-15.878,-20.811,-11.441,-6.3548,-3.8292,-1.4441,0.23762,1.142,1.9224,2.242,2.1777,1.662,0.55933,-1.2705,-3.3194,-7.3527,-11.937,-10.467,-5.8936,-2.8441,-1.3157,0.056263,0.93989,1.516,1.8451,2.2189,2.5501,2.7724,3.0216,3.1851,3.2506,3.221,3.0371,2.6457,2.1939,1.3163,0.040077,-1.2388,-3.4394,-6.3672,-10.014,-12.466,-12.576,-9.9356,-7.9425,-5.5683,-3.4858,-2.0911,-0.49829,0.81293,1.8178,2.367,2.8414,3.0502,3.0579,2.8796,2.5398,2.0873,1.703,1.1858,0.71073,0.40796,0.13209,0.054344,0.14646,0.454,0.89869,1.3956,1.7373,2.0832,2.2676,2.2738,2.1056,1.7717,1.4258,0.88146,0.32428,-0.12882,-0.37289,-0.5194,-0.4667,-0.32727,-0.074869,0.14249,0.26908,0.26315,0.10416,-0.21116,-0.50305,-0.84978,-0.97614,-0.84663,-0.35366,0.39732,1.2832,1.9713,2.9249,3.8971,4.6328,5.5904,6.4857,7.0821,7.7371,8.1933,8.4194,8.4308,8.2192,7.7194,7.1489,6.1045,4.715,2.9149,1.2983,-1.1133,-3.2129,-3.768,-2.8729,-1.2046,0.011604,1.3634,2.4258,3.211,3.6169,3.9368,3.9736,3.8102,3.2996,2.4364,1.5505,0.029568,-1.7308,-3.1701,-3.3741,-2.2133,-0.37197,0.97926,2.5196,3.7598,4.7259
-5.1352,-7.5971,-12.485,-15.073,-11.327,-6.9788,-4.175,-2.7416,-1.4064,-0.56071,-0.057451,0.14021,0.25207,0.26299,0.2633,0.30442,0.44716,0.59987,0.85514,1.1079,1.3366,1.48,1.6245,1.7728,1.8814,2.0247,2.1452,2.1756,2.0885,1.7845,1.2204,0.606,-0.43624,-1.6,-2.3667,-2.8682,-2.4973,-1.5529,-0.7339,0.25764,1.0079,1.3937,1.68,1.6761,1.4737,0.92082,0.015188,-1.295,-2.5793,-4.6943,-7.1065,-8.6613,-9.4019,-8.5511,-7.5565,-6.515,-5.8925,-5.8241,-6.0664,-6.7857,-7.8274,-8.4524,-8.3555,-6.8411,-4.7377,-3.2396,-1.5282,-0.19792,0.5597,1.2657,1.6434,1.6991,1.5304,1.0722,0.37057,-0.23107,-0.98427,-1.4122,-1.3869,-0.93751,-0.27145,0.22089,0.75617,1.1028,1.2418,1.2261,1.0434,0.71393,0.41178,-0.04724,-0.4888,-0.8362,-1.0112,-1.1979,-1.3849,-1.6099,-2.1129,-2.9126,-3.7358,-5.1547,-6.8536,-8.7865,-10.25,-12.064,-13.419,-13.524,-11.947,-9.3442,-7.4318,-5.2462,-3.6036,-2.4331,-1.845,-1.3985,-1.2982,-1.4168,-1.7805,-2.3136,-2.8851,-3.2586,-3.564,-3.5585,-3.3554,-2.8529,-2.2212,-1.7043,-1.0225,-0.42295,0.069847,0.3308,0.51995,0.48149,0.29153,-0.19186,-0.95684,-1.7004,-2.8756,-4.1262,-5.1347,-5.4827,-5.2879,-4.5728,-3.9097,-3.0668,-2.3944,-1.9379,-1.7301,-1.6159,-1.6447,-1.745,-1.9398,-2.1745,-2.3596,-2.6314,-2.9316,-3.2593,-3.4496,-3.447,-2.9027,-2.1141,-0.73061,0.71895,1.7024,2.7856,3.5621,4.0155,4.1563,4.0601,3.6442,3.121,2.1032,0.63705,-1.4019,-3.4575,-7.3724,-13.397,-15.44,-9.6007,-5.4518,-3.3906,-1.4539,-0.14724,0.7162,1.123,1.3927,1.3381,1.069,0.39881,-0.72974,-1.9724,-4.3682,-8.205,-15.067,-17.909,-10.045,-5.4561,-3.2211,-1.1545,0.28917,1.3234
-4.5189,-5.1393,-5.7519,-5.8391,-5.4932,-4.668,-3.6601,-2.9162,-2.0297,-1.296,-0.71978,-0.3634,0.0098895,0.30836,0.4927,0.72787,0.9409,1.0963,1.3234,1.524,1.7118,1.8336,1.9615,2.046,2.0611,1.9934,1.8061,1.5524,1.0282,0.21301,-0.99484,-2.2583,-4.6127,-8.349,-13.009,-24.782,-12.828,-7.4013,-4.9829,-2.8334,-1.4325,-0.73573,-0.19628,-0.037507,-0.16287,-0.66959,-1.5833,-3.0084,-4.5131,-7.3072,-11.623,-16.529,-18.162,-12.275,-9.3908,-6.9869,-5.5329,-4.6517,-4.2715,-3.9541,-3.7529,-3.5597,-3.1704,-2.6048,-1.8735,-1.2744,-0.48516,0.23224,0.69126,1.1907,1.554,1.7413,1.8624,1.8715,1.7895,1.7014,1.5848,1.504,1.4848,1.4936,1.5184,1.5019,1.3943,1.1373,0.6934,0.20205,-0.69294,-1.8973,-3.0212,-4.766,-6.5415,-7.7007,-7.7656,-6.9707,-5.952,-5.3643,-4.9391,-4.9484,-5.2382,-6.0085,-7.2176,-8.9164,-10.653,-13.898,-19.207,-23.927,-18.398,-12.989,-10.342,-7.925,-6.3235,-5.3583,-4.9725,-4.8583,-5.1742,-5.6963,-6.7395,-8.1949,-10.008,-11.409,-12.576,-11.908,-10.423,-8.2172,-6.2251,-4.9582,-3.5695,-2.4929,-1.7271,-1.3465,-1.1006,-1.1734,-1.4474,-2.1448,-3.3071,-4.5575,-6.9127,-10.521,-16.729,-21.993,-15.07,-10.238,-8.0362,-6.1218,-4.9264,-4.2411,-3.9701,-3.8524,-3.9439,-4.1118,-4.4428,-4.8962,-5.333,-6.1304,-7.3229,-9.2116,-11.378,-15.933,-17.692,-13.108,-8.1789,-4.9352,-3.2108,-1.5588,-0.47299,0.16854,0.39416,0.41521,0.174,-0.16995,-0.81401,-1.6458,-2.6175,-3.4165,-4.4202,-5.0853,-5.1794,-4.7278,-3.8841,-3.1816,-2.3164,-1.6221,-1.125,-0.87233,-0.71574,-0.74003,-0.89089,-1.2775,-1.8958,-2.5179,-3.5052,-4.542,-5.3072,-5.4729,-5.0679,-4.257,-3.601,-2.8063,-2.1982,-1.7788
-3.8018,-3.9131,-3.9747,-3.9344,-3.8208,-3.5191,-3.1017,-2.7254,-2.2065,-1.6724,-1.1691,-0.81783,-0.40128,-0.042767,0.1909,0.46481,0.70459,0.88371,1.1057,1.3386,1.5626,1.7199,1.914,2.037,2.0791,2.0421,1.8572,1.6112,1.0995,0.3568,-0.65326,-1.6029,-3.1488,-4.8863,-6.0764,-6.8681,-6.2723,-4.8752,-3.7578,-2.4511,-1.434,-0.8651,-0.3601,-0.11867,-0.10491,-0.30756,-0.77973,-1.4899,-2.1599,-3.1955,-4.2063,-4.7464,-4.9394,-4.5118,-3.9406,-3.1021,-2.3781,-1.7952,-1.4669,-1.1504,-0.90214,-0.75326,-0.54821,-0.31985,-0.064346,0.15109,0.45939,0.78472,1.0399,1.3905,1.7375,2.0023,2.3185,2.5937,2.8218,2.9487,3.0712,3.1374,3.1429,3.0833,2.9335,2.7493,2.3768,1.8243,1.0462,0.27656,-1.0451,-2.8354,-4.6305,-7.9523,-13.412,-26.428,-19.038,-11.645,-8.2277,-6.673,-5.3951,-4.7669,-4.6205,-4.7731,-5.2908,-6.0846,-6.8083,-7.8412,-8.6893,-8.9747,-8.73,-7.9692,-7.295,-6.5015,-5.9608,-5.7364,-5.8052,-6.2404,-7.0763,-7.9906,-9.6355,-11.863,-15.003,-18.421,-24.757,-20.745,-15.947,-11.504,-8.3844,-6.5958,-4.7254,-3.312,-2.304,-1.7768,-1.3773,-1.299,-1.4582,-1.9702,-2.8481,-3.7648,-5.3555,-7.2882,-9.1083,-9.735,-9.1463,-7.749,-6.7213,-5.7026,-5.1312,-4.9625,-5.0734,-5.4718,-6.0673,-6.5434,-7.1046,-7.4962,-7.7224,-8.0463,-8.6071,-9.5393,-10.52,-11.755,-11.624,-10.247,-7.7689,-5.597,-4.3201,-3.083,-2.3263,-1.9639,-1.9265,-2.1029,-2.4702,-2.8015,-3.2154,-3.4955,-3.6345,-3.6425,-3.5628,-3.4108,-3.2503,-3.0001,-2.7386,-2.5745,-2.4343,-2.3688,-2.3579,-2.3538,-2.3176,-2.2215,-2.1173,-2.0161,-1.9835,-2.0184,-2.1525,-2.3497,-2.5705,-2.7266,-2.9366,-3.1511,-3.3614,-3.6883,-4.0987,-4.5493
-3.4721,-3.5124,-3.6324,-3.7546,-3.8038,-3.7566,-3.5685,-3.3346,-2.8873,-2.3522,-1.785,-1.3946,-0.92437,-0.55366,-0.33691,-0.13518,0.030244,0.15054,0.32702,0.59922,0.95684,1.2653,1.6823,2.056,2.2798,2.4755,2.5214,2.4504,2.2064,1.7972,1.2429,0.75639,0.071105,-0.57262,-0.9688,-1.2638,-1.3059,-1.0909,-0.82473,-0.39931,0.025122,0.31267,0.65207,0.90845,1.0499,1.1761,1.2214,1.1951,1.1412,1.0399,0.96442,0.94287,0.98576,1.1162,1.244,1.4252,1.5854,1.6701,1.6985,1.6668,1.5845,1.4906,1.3365,1.1714,0.99281,0.86135,0.72799,0.68894,0.76388,1.0263,1.4749,1.8919,2.5247,3.148,3.7065,4.0575,4.4156,4.6434,4.7238,4.7175,4.5662,4.3619,3.9565,3.3922,2.6479,1.9618,0.87048,-0.43487,-1.5496,-3.1549,-4.643,-5.5556,-5.6305,-5.023,-4.0932,-3.3961,-2.6455,-2.1361,-1.9154,-1.8125,-1.8976,-2.1371,-2.3776,-2.7241,-3.0342,-3.2115,-3.373,-3.4521,-3.4995,-3.5806,-3.7941,-4.1888,-4.6456,-5.5156,-6.7189,-7.84,-9.6388,-11.62,-13.423,-14.263,-14.299,-12.999,-11.415,-9.0257,-6.7241,-5.1999,-3.4806,-2.1247,-1.1075,-0.5513,-0.057072,0.1831,0.20725,0.053396,-0.27476,-0.61664,-1.1536,-1.7003,-2.165,-2.4021,-2.5498,-2.5579,-2.5733,-2.7011,-3.0751,-3.7894,-4.6087,-6.1537,-8.2597,-10.137,-12.209,-12.046,-10.711,-8.8277,-7.413,-6.4569,-5.93,-5.3384,-4.7012,-4.163,-3.412,-2.7268,-2.3186,-2.0022,-1.9918,-2.3438,-2.8373,-3.8306,-5.1577,-6.208,-7.2276,-7.1776,-6.1081,-5.0467,-3.7423,-2.7315,-2.1965,-1.7778,-1.6878,-1.8418,-2.3445,-3.1624,-4.1483,-4.8025,-5.0964,-4.561,-3.7958,-2.681,-1.7393,-1.211,-0.76389,-0.58214,-0.64366,-0.84772,-1.3433,-2.1117,-2.8917,-4.3093,-6.1699,-8.3728
-3.2151,-3.4808,-4.0253,-4.6649,-5.1399,-5.6939,-5.8635,-5.6421,-4.859,-3.8119,-2.7462,-2.0538,-1.3525,-0.94019,-0.8318,-0.93399,-1.2529,-1.555,-1.752,-1.5183,-0.74901,0.048478,1.1378,2.1273,2.7255,3.3055,3.664,3.7842,3.7849,3.6149,3.3013,2.9975,2.5473,2.0791,1.751,1.3833,1.1401,1.033,1.0328,1.1081,1.2433,1.3696,1.5715,1.8345,2.0915,2.526,3.0731,3.6533,4.0747,4.6007,5.0388,5.2967,5.5468,5.6816,5.6978,5.6032,5.3869,5.0436,4.7184,4.2343,3.6961,3.2931,2.7321,2.1185,1.4125,0.78499,-0.17538,-1.1361,-1.6264,-1.5271,-0.45215,0.68503,2.2524,3.6324,4.7296,5.3783,6.0142,6.4102,6.5717,6.6201,6.5,6.3067,5.9357,5.4485,4.8685,4.3843,3.6623,2.9035,2.3392,1.6353,1.0422,0.64765,0.49362,0.50081,0.69917,0.9007,1.1945,1.4777,1.651,1.799,1.8594,1.8128,1.709,1.5021,1.232,0.98919,0.63063,0.2381,-0.071239,-0.51461,-1.0095,-1.6165,-2.1763,-3.1306,-4.4389,-5.7233,-8.0672,-11.517,-17.167,-22.883,-16.998,-11.16,-8.2755,-5.3744,-3.1538,-1.8095,-0.37349,0.70309,1.4868,1.9039,2.2924,2.5192,2.62,2.6882,2.7044,2.6904,2.6534,2.596,2.5209,2.4404,2.3003,2.0909,1.8507,1.38,0.6713,-0.38078,-1.4555,-3.4183,-6.2537,-9.2156,-13.77,-12.467,-9.1647,-5.81,-3.551,-2.0134,-1.1597,-0.3206,0.26643,0.58764,0.84376,0.92384,0.85173,0.55765,0.0069286,-0.87424,-1.798,-3.5622,-6.2577,-9.5428,-19.171,-17.042,-8.3092,-4.9981,-2.1831,-0.39593,0.44792,1.0298,1.0188,0.61651,-0.51394,-2.5654,-6.134,-10.945,-23.446,-9.6798,-5.4019,-2.0644,-0.047382,0.93491,1.7631,2.1456,2.1623,1.9528,1.3963,0.46052,-0.52056,-2.3357,-4.9723,-8.9717
-3.1739,-3.8005,-4.9063,-6.5028,-8.1825,-11.413,-15.214,-14.419,-9.9317,-6.2747,-3.7291,-2.3556,-1.1738,-0.63995,-0.67929,-1.3607,-3.0211,-5.1313,-9.4669,-10.88,-5.5967,-2.4474,0.4651,2.3811,3.3744,4.2552,4.7571,4.9442,4.9915,4.8543,4.5577,4.235,3.6634,2.9791,2.4246,1.6807,1.1205,0.80362,0.74796,0.80535,0.86666,0.84188,0.67651,0.5786,0.76882,1.6249,3.0904,4.7662,5.9551,7.3161,8.3568,8.9287,9.4167,9.5929,9.5319,9.1886,8.5386,7.6266,6.7749,5.5246,4.3076,3.5426,2.8097,2.237,1.5241,0.67148,-1.2721,-4.9607,-10.665,-17.508,-4.9495,-0.93472,2.4406,4.6482,6.156,6.9497,7.6672,8.0661,8.1901,8.1487,7.9257,7.6579,7.2091,6.6953,6.1634,5.7796,5.2914,4.8354,4.5238,4.1465,3.8143,3.5542,3.4291,3.3518,3.4059,3.5214,3.7798,4.0968,4.346,4.6441,4.8476,4.9357,4.9052,4.7157,4.3492,3.9667,3.3398,2.6127,2.0542,1.3479,0.81566,0.44944,0.23637,-0.086546,-0.61618,-1.2321,-2.3731,-3.8789,-5.3438,-5.7949,-4.8733,-2.8702,-1.3218,0.50203,1.925,2.7491,3.5396,4.0061,4.2072,4.225,4.1374,4.0282,4.0058,4.1206,4.3969,4.6853,5.1081,5.5007,5.82,5.9884,6.0911,6.0302,5.8871,5.5352,5.0017,4.2853,3.6366,2.6606,1.6541,1.0019,0.48838,0.5696,0.99663,1.8593,2.792,3.6282,4.1317,4.6165,4.8674,4.9028,4.7597,4.3938,3.9756,3.2676,2.4347,1.5692,0.89995,0.042102,-0.80623,-1.3223,-1.5569,-0.90908,0.56328,1.8481,3.4466,4.6899,5.351,5.8507,5.904,5.6428,4.8954,3.7182,2.2437,1.2093,0.58188,1.1755,2.1042,3.3869,4.4206,4.9783,5.4457,5.6266,5.5515,5.3472,4.891,4.2278,3.593,2.6198,1.5341,0.53509
-4.7348,-5.383,-6.3157,-7.5702,-8.7461,-10.619,-11.965,-11.393,-8.6818,-5.7357,-3.351,-1.9498,-0.59028,0.17226,0.35686,0.042852,-0.92394,-2.0511,-3.5579,-3.6677,-1.8276,-0.16482,1.6931,2.9616,3.5476,3.9822,4.0788,4.0315,3.8588,3.6201,3.2944,2.9238,2.1573,0.93748,-0.33533,-2.5118,-4.8401,-5.4095,-4.3579,-2.6364,-1.6643,-1.6456,-2.8305,-6.3172,-11.932,-8.2567,-0.50061,4.0126,6.3792,8.67,10.257,11.08,11.743,11.947,11.807,11.22,10.122,8.4349,6.6884,3.5111,-0.74176,-3.6011,-2.7031,-0.024958,1.5166,1.9704,1.8375,1.2238,0.8104,0.95609,2.1321,3.3234,4.8562,6.0932,6.9972,7.4565,7.8056,7.8856,7.7679,7.3996,6.7953,6.2226,5.3432,4.4657,3.7331,3.3445,3.1139,3.0444,3.0006,2.8714,2.6415,2.2946,2.0181,1.7,1.5934,1.7834,2.3571,3.1511,3.7866,4.5786,5.1864,5.5626,5.6721,5.5489,5.0828,4.4965,3.3428,1.7375,0.26003,-1.7274,-2.6696,-1.8079,-0.61124,0.87652,1.9689,2.5036,2.9495,3.1878,3.3868,3.601,4.0382,4.6052,5.0716,5.6009,5.9741,6.0991,6.0098,5.6015,4.8319,4.0224,2.656,1.2214,0.45936,0.49291,1.6812,2.8562,4.3306,5.5308,6.4214,6.9099,7.33,7.519,7.526,7.3764,7.0677,6.6552,6.3024,5.8429,5.4763,5.3012,5.2492,5.4217,5.6974,6.1647,6.6672,7.1166,7.3597,7.5235,7.4585,7.2228,6.6515,5.7408,4.8344,3.3397,1.6571,0.22139,-0.26453,0.14853,1.2937,2.329,3.7089,5.027,6.3151,7.2108,8.2861,9.1482,9.635,10.049,10.202,10.151,9.8802,9.4469,8.9407,8.581,8.203,7.9898,7.9075,7.8556,7.7825,7.6848,7.459,7.1549,6.7975,6.5154,6.1179,5.7434,5.4678,5.1112,4.8126,4.6186
-9.3846,-10.126,-10.388,-9.9628,-9.5446,-8.8729,-8.0603,-7.2498,-6.0106,-4.4531,-2.8498,-1.7028,-0.34131,0.76343,1.3914,1.938,2.2435,2.3551,2.4816,2.6668,2.9414,3.1499,3.2945,3.1332,2.7574,1.8814,0.66069,-0.32132,-1.1903,-1.1758,-0.63982,-0.30617,-0.28891,-1.0677,-2.281,-5.0728,-9.2142,-10.095,-6.9309,-3.4316,-1.3733,-0.57859,-0.20958,-0.27901,-0.047783,1.4097,3.9438,6.6173,8.3669,10.256,11.658,12.408,13.022,13.213,13.071,12.49,11.44,9.8308,8.2296,5.4732,2.2124,0.37299,0.7113,2.5665,4.0676,4.778,5.3046,5.5166,5.5737,5.6296,5.715,5.8316,5.9424,6.0151,6.0028,5.9474,5.7849,5.4695,5.0937,4.3454,3.1849,1.9804,-0.15795,-2.8548,-5.2007,-5.5137,-4.1021,-2.4864,-1.6788,-1.2167,-1.4291,-2.3198,-3.476,-5.5497,-7.4102,-7.1846,-4.6527,-1.7531,0.034922,1.8784,3.2287,4.1042,4.484,4.6342,4.3561,3.8119,2.5545,0.4801,-1.8905,-6.9438,-11.924,-5.4955,-1.8029,1.4095,3.5077,4.6486,5.7506,6.5429,7.1139,7.4377,7.7678,7.9804,8.0548,8.0141,7.776,7.4335,6.7219,5.6538,4.1193,2.5342,-0.44589,-5.4228,-13.007,-12.609,-4.049,-0.82155,1.9442,3.7638,4.9855,5.6079,6.1501,6.4302,6.4693,6.3441,6.0265,5.5464,5.1234,4.5615,4.1524,4.0571,4.2941,4.901,5.4971,6.3375,7.1027,7.6878,7.9792,8.1276,7.974,7.6388,6.8375,5.5854,4.2738,1.8081,-2.1101,-9.9852,-25.208,-5.5889,0.031634,2.666,5.2252,7.1684,8.6996,9.6399,10.652,11.422,11.844,12.205,12.346,12.325,12.149,11.829,11.402,11.031,10.479,9.8833,9.4015,8.6939,7.8857,7.2032,6.2057,5.1685,4.238,3.7144,3.3496,3.3127,3.412,3.547,3.6336,3.6623
-18.164,-31.69,-20.285,-14.161,-11.993,-10.489,-9.7129,-9.2554,-8.3102,-6.752,-4.7128,-3.1431,-1.182,0.49888,1.5622,2.7,3.534,3.9967,4.3919,4.5968,4.5961,4.4419,3.9607,3.0686,2.0435,-0.065877,-3.5025,-7.8873,-26.767,-10.641,-4.6987,-2.4761,-0.8548,-0.15599,-0.070617,-0.22249,-0.34941,-0.14939,0.29277,1.178,2.186,2.9423,3.903,4.9117,5.7292,6.9718,8.3437,9.7582,10.77,11.967,12.934,13.474,13.938,14.1,14.025,13.665,13.026,12.139,11.357,10.243,9.2255,8.6195,8.1221,7.9241,7.8585,7.811,7.6758,7.4077,7.1083,6.5821,5.8961,5.2732,4.3343,3.3218,2.3816,1.8514,1.4605,1.3011,1.1801,0.74712,-0.18401,-1.3517,-3.7191,-7.4078,-12.09,-12.423,-8.6252,-5.9971,-4.8772,-4.2318,-4.4535,-5.4597,-6.8512,-9.6148,-13.05,-12.876,-8.6908,-4.9662,-2.831,-0.6596,0.96477,2.1644,2.805,3.3624,3.5923,3.5416,3.2092,2.6356,2.1348,1.6282,1.6083,2.3058,3.1492,4.4254,5.649,6.4526,7.3544,8.059,8.5775,8.8454,9.0384,9.0486,8.9228,8.5971,8.0522,7.5,6.5665,5.3965,4.0025,2.8295,1.166,-0.35821,-1.1556,-1.3669,-0.64612,0.18272,1.293,2.2243,2.918,3.2837,3.6113,3.7493,3.7332,3.509,3.0104,2.1344,1.1741,-0.59415,-2.7466,-3.8096,-2.7523,0.0083657,1.9828,4.1207,5.6885,6.7619,7.2859,7.6277,7.5884,7.3325,6.6944,5.7476,4.8475,3.4759,2.0935,1.1234,1.0431,1.9866,3.7213,5.1404,6.9304,8.5142,9.8239,10.645,11.511,12.134,12.448,12.674,12.688,12.569,12.265,11.806,11.214,10.693,9.9089,9.0086,8.2557,7.1037,5.7279,4.4816,2.4378,-0.23021,-3.521,-5.6142,-5.2491,-2.9403,-1.5046,-0.3358,-0.019058,-0.43036
