-1.3822,-0.92112,-0.38808,0.052179,0.31164,0.57767,0.75328,0.82017,0.83166,0.75462,0.58098,0.3937,0.073619,-0.31341,-0.63125,-1.0639,-1.4546,-1.6829,-1.8503,-1.8244,-1.6027,-1.3319,-0.88322,-0.39571,-0.030057,0.42705,0.83053,1.0798,1.349,1.5327,1.6199,1.6282,1.567,1.425,1.2706,1.009,0.69397,0.34497,0.071563,-0.28955,-0.62632,-0.85018,-1.0839,-1.2465,-1.3283,-1.3803,-1.3641,-1.289,-1.1975,-1.0468,-0.88434,-0.76174,-0.61327,-0.5029,-0.44529,-0.39549,-0.38593,-0.40263,-0.42474,-0.44013,-0.41691,-0.35132,-0.17457,0.11351,0.51296,0.8793,1.4393,2.0639,2.5557,3.2128,3.8562,4.3157,4.8971,5.4364,5.9339,6.2771,6.6859,7.0301,7.2434,7.4655,7.6148,7.6791,7.7044,7.6633,7.5515,7.4242,7.1975,6.9008,6.6232,6.1744,5.6461,5.0648,4.6148,4.0335,3.5254,3.2293,2.9992,3.0011,3.1676,3.5897,4.1916,4.8966,5.4511,6.1825,6.8761,7.3516,7.9194,8.4084,8.7251,9.0845,9.3827,9.6481,9.846,10.133,10.476,10.788,11.288,11.881,12.545,13.071,13.784,14.485,14.988,15.614,16.178,16.557,16.998,17.363,17.654,17.823,17.981,18.064,18.079,18.033,17.914,17.779,17.538,17.227,16.849,16.522,16.029,15.471,15.009,14.337,13.603,12.806,12.168,11.262,10.291,9.5193,8.4319,7.2855,6.3818,5.1035,3.7201,2.2148,0.98803,-0.80473,-2.8193,-4.5203,-7.1317,-10.263,-12.97,-16.019,-15.25,-12.283,-10.345,-8.4096,-7.04,-6.265,-5.4698,-4.8664,-4.4426,-4.2269,-4.0696,-4.0428,-4.0979,-4.2737,-4.5436,-4.7919,-5.1563,-5.5102,-5.8051,-5.9544,-6.0271,-5.9685,-5.8517,-5.6247,-5.3655,-5.1776,-4.9487,-4.7548,-4.6392,-4.5792,-4.5235,-4.5009,-4.4947,-4.4739,-4.3954,-4.2182
0.05458,0.42752,0.86339,1.2166,1.4275,1.6289,1.7286,1.7265,1.6146,1.3648,0.95934,0.53566,-0.20766,-1.1901,-2.1129,-3.6329,-5.5274,-7.1637,-9.1537,-9.561,-7.8938,-6.1749,-4.0293,-2.2404,-1.1239,0.11453,1.1117,1.7271,2.405,2.9447,3.3659,3.6125,3.8613,4.029,4.1086,4.1627,4.1665,4.1298,4.0827,4.0066,3.9235,3.8623,3.788,3.7291,3.6973,3.6681,3.6531,3.6463,3.6393,3.6147,3.5536,3.4728,3.2985,3.0217,2.7298,2.2022,1.4765,0.50725,-0.41952,-2.0033,-4.1094,-6.1378,-9.3694,-11.248,-8.9356,-6.4217,-3.5875,-1.3925,-0.065131,1.4043,2.6236,3.4192,4.3599,5.1894,5.9321,6.4372,7.0477,7.5816,7.9286,8.3174,8.61,8.7628,8.8737,8.8742,8.7624,8.6041,8.29,7.8594,7.4613,6.8363,6.1211,5.352,4.7846,4.1384,3.7627,3.744,4.1277,4.932,5.7358,6.9618,8.2654,9.5741,10.535,11.769,12.939,13.771,14.817,15.79,16.473,17.323,18.108,18.834,19.342,19.977,20.568,20.985,21.51,22.001,22.46,22.781,23.177,23.533,23.77,24.044,24.264,24.392,24.507,24.557,24.537,24.475,24.326,24.099,23.877,23.511,23.062,22.671,22.076,21.397,20.634,20.006,19.097,18.109,17.318,16.201,15.025,13.803,12.868,11.622,10.41,9.5441,8.4729,7.5148,6.8765,6.1272,5.4739,4.8922,4.4913,3.9947,3.5446,3.2418,2.896,2.6312,2.5064,2.4542,2.5208,2.6654,2.7981,2.968,3.0963,3.1492,3.1467,3.0382,2.8075,2.5432,2.0509,1.3796,0.74042,-0.3126,-1.62,-2.7729,-4.5212,-6.346,-7.7517,-8.0979,-7.5265,-6.3577,-5.4705,-4.4986,-3.8212,-3.5121,-3.3478,-3.4588,-3.8534,-4.343,-5.2821,-6.6029,-7.9065,-10.227,-13.609,-18.993
-3.1502,-2.355,-1.4447,-0.72231,-0.29899,0.11014,0.36831,0.47004,0.50526,0.45544,0.3577,0.26822,0.12973,-0.0051936,-0.089246,-0.18826,-0.25866,-0.28405,-0.26888,-0.20098,-0.08032,0.028932,0.17668,0.30144,0.37077,0.41881,0.43274,0.44845,0.51956,0.7132,1.0515,1.3863,1.8874,2.3865,2.7241,3.0691,3.2555,3.2563,3.1236,2.753,2.151,1.5485,0.56907,-0.51759,-1.2584,-1.7828,-1.4382,-0.32503,0.72964,2.1361,3.3791,4.167,5.016,5.6464,5.9828,6.2602,6.3624,6.3092,6.18,5.9066,5.5431,5.2351,4.8044,4.3663,3.9198,3.5688,3.0371,2.3682,1.7302,0.64014,-0.7439,-1.8805,-2.9994,-2.6675,-0.85538,0.8117,2.8795,4.6055,5.6713,6.8109,7.6698,8.1502,8.5892,8.8233,8.8687,8.785,8.5207,8.0809,7.6337,6.8826,5.9465,4.8223,3.8562,2.4289,1.0072,0.2201,0.21243,1.6758,3.2993,5.5824,7.7415,9.7209,11.092,12.779,14.322,15.393,16.717,17.932,18.777,19.822,20.783,21.665,22.28,23.04,23.737,24.219,24.811,25.345,25.822,26.141,26.516,26.829,27.021,27.219,27.346,27.391,27.382,27.289,27.108,26.913,26.568,26.124,25.725,25.1,24.368,23.746,22.819,21.776,20.615,19.663,18.28,16.756,15.509,13.685,11.628,9.2537,7.1752,3.7646,-1.0477,-7.0313,-21.287,-5.2188,-1.3329,1.7418,3.7238,5.101,5.8694,6.655,7.2582,7.6218,8.0049,8.2882,8.4517,8.6133,8.726,8.7962,8.8235,8.8238,8.784,8.723,8.6011,8.4313,8.212,8.0145,7.7119,7.3652,7.0728,6.6553,6.2152,5.8781,5.4342,5.0158,4.6285,4.3538,4.0091,3.6684,3.4017,2.9944,2.4997,2.0625,1.3793,0.55668,-0.42439,-1.2651,-2.5253,-3.9298,-5.048,-6.56,-7.984,-9.1528
-2.0838,-1.1439,-0.21074,0.3652,0.55892,0.49538,0.033474,-0.61626,-1.9844,-4.0485,-6.9793,-9.4359,-9.9423,-6.6387,-4.1668,-1.6093,0.24147,1.2987,2.3663,3.0984,3.5428,3.6942,3.6329,3.2591,2.7344,1.6265,-0.10962,-1.9744,-5.5504,-9.658,-7.4795,-3.9443,-0.39422,2.0354,3.3708,4.6739,5.5422,6.0469,6.209,6.1585,5.8263,5.4066,4.6546,3.7683,3.1386,2.6588,2.9019,3.8708,4.8775,6.3006,7.6323,8.5168,9.5265,10.352,10.858,11.389,11.772,12.021,12.124,12.163,12.097,11.985,11.759,11.439,11.024,10.649,10.054,9.3497,8.7458,7.8602,6.9491,6.3296,5.7528,5.6394,6.0161,6.5319,7.347,8.1534,8.6911,9.275,9.6907,9.89,10.007,9.9568,9.758,9.5112,9.0552,8.4677,7.9541,7.1962,6.3975,5.6169,5.0913,4.5503,4.306,4.3684,4.8294,5.719,6.6163,7.9984,9.4841,11.005,12.144,13.628,15.043,16.045,17.291,18.43,19.216,20.176,21.042,21.828,22.372,23.05,23.685,24.14,24.722,25.284,25.822,26.207,26.687,27.118,27.401,27.713,27.94,28.047,28.097,28.031,27.844,27.618,27.199,26.64,26.124,25.304,24.329,23.492,22.233,20.81,19.223,17.932,16.094,14.168,12.707,10.819,9.1207,7.7392,6.9583,6.2654,5.9448,5.9315,6.1877,6.6874,7.1709,7.8809,8.6029,9.2716,9.6968,10.153,10.502,10.701,10.883,10.966,10.963,10.88,10.717,10.497,10.305,10.035,9.7662,9.579,9.3604,9.1904,9.0697,9.0074,8.9611,8.942,8.9356,8.9283,8.9073,8.8736,8.804,8.6954,8.5398,8.3859,8.1189,7.7883,7.4904,7.0109,6.4282,5.9237,5.1525,4.2386,3.1692,2.2555,0.86829,-0.72141,-2.0675,-4.1147,-6.4468,-8.9008
-2.6456,-2.3792,-2.0972,-1.921,-1.8791,-1.9483,-2.1704,-2.4443,-2.9142,-3.4316,-3.8617,-4.0185,-3.8897,-3.3345,-2.7107,-1.7506,-0.78462,-0.11525,0.67104,1.3148,1.8153,2.0922,2.3337,2.4382,2.4379,2.343,2.1807,2.0479,1.9092,1.8622,1.9429,2.0923,2.379,2.6996,2.9281,3.1889,3.3786,3.4893,3.5177,3.4992,3.4309,3.3646,3.279,3.2227,3.2239,3.3121,3.514,3.825,4.1244,4.59,5.1025,5.4928,6.0004,6.4791,6.8077,7.1917,7.504,7.7385,7.8624,7.9586,7.9812,7.952,7.8588,7.7037,7.4911,7.2984,7.0037,6.6783,6.4211,6.0742,5.7376,5.4976,5.2079,4.9549,4.7367,4.5894,4.4009,4.2023,4.0351,3.7641,3.4248,3.1183,2.6296,2.0382,1.3466,0.75234,-0.14227,-1.1381,-1.9506,-3.1425,-4.5164,-6.1938,-7.7856,-10.726,-15.832,-25.303,-19.465,-10.73,-6.9799,-3.2949,-0.46123,1.85,3.3546,5.1287,6.6696,7.6807,8.8456,9.8093,10.405,11.033,11.475,11.737,11.828,11.84,11.802,11.813,12.005,12.516,13.358,14.144,15.275,16.38,17.137,18.011,18.707,19.105,19.468,19.638,19.617,19.476,19.119,18.569,18.028,17.13,16.024,15.051,13.546,11.783,9.7238,7.9494,5.2001,1.8378,-1.3042,-6.9168,-13.203,-9.6074,-6.3443,-3.5026,-1.6154,-0.54327,0.60631,1.5375,2.1209,2.7805,3.3366,3.7934,4.0527,4.2575,4.3066,4.2482,4.0379,3.6672,3.2801,2.6049,1.7467,0.70406,-0.19139,-1.5101,-2.8979,-3.8851,-4.8969,-5.278,-4.9426,-4.3527,-3.3687,-2.36,-1.6471,-0.80661,-0.10447,0.33075,0.78826,1.1095,1.3007,1.3628,1.3337,1.1976,1.0285,0.71219,0.30492,-0.045236,-0.56143,-1.1211,-1.7066,-2.1481,-2.7356,-3.305,-3.7173,-4.2238,-4.6772,-5.0593
-3.827,-3.5879,-3.3434,-3.1827,-3.1116,-3.0649,-3.0515,-3.051,-3.024,-2.9419,-2.7843,-2.6112,-2.3046,-1.9135,-1.575,-1.0731,-0.54012,-0.13584,0.39004,0.87792,1.3068,1.5857,1.8972,2.1393,2.2801,2.4164,2.501,2.5285,2.5245,2.4769,2.3917,2.3076,2.1648,1.9719,1.7864,1.4792,1.0943,0.63066,0.23942,-0.32269,-0.90894,-1.3317,-1.8303,-2.1868,-2.3195,-2.2779,-1.9935,-1.5172,-1.073,-0.4214,0.25199,0.74365,1.3565,1.9065,2.2704,2.6843,3.006,3.2338,3.3481,3.4273,3.4284,3.3825,3.2716,3.1112,2.9129,2.7468,2.5121,2.2714,2.0872,1.837,1.5775,1.3729,1.0833,0.76221,0.40393,0.10538,-0.34585,-0.86503,-1.3104,-1.9933,-2.7914,-3.4678,-4.4889,-5.6552,-6.9724,-8.0562,-9.5691,-11.026,-12.012,-13.062,-13.659,-13.797,-13.638,-13.197,-12.534,-11.862,-10.679,-9.1617,-7.8628,-6.0293,-4.2108,-2.515,-1.3089,0.20818,1.5815,2.4897,3.5207,4.3345,4.7979,5.2048,5.3391,5.1419,4.7239,3.6907,1.8723,-0.32403,-5.4141,-10.531,-2.3168,1.8624,5.6072,8.2239,9.7181,11.259,12.397,13.03,13.62,13.948,14.037,13.957,13.664,13.167,12.666,11.83,10.809,9.9229,8.5877,7.0868,5.4342,4.12,2.3127,0.50821,-0.78788,-2.3444,-3.5868,-4.4384,-4.8052,-4.9345,-4.6967,-4.3224,-3.6487,-2.8689,-2.2895,-1.6024,-1.0387,-0.59726,-0.35597,-0.19116,-0.22998,-0.3996,-0.82534,-1.4803,-2.1284,-3.2235,-4.6178,-6.3787,-7.9888,-10.619,-13.962,-17.061,-21.645,-22.524,-19.201,-16.831,-14.217,-12.044,-10.61,-8.9287,-7.5088,-6.6047,-5.6306,-4.9169,-4.4527,-4.267,-4.2398,-4.435,-4.724,-5.2988,-6.0551,-6.7068,-7.6108,-8.4054,-8.9076,-9.025,-8.8543,-8.4365,-8.0566,-7.5402,-7.0701,-6.6855
-3.4039,-3.3507,-3.4248,-3.6513,-3.9011,-4.3076,-4.733,-5.0118,-5.2389,-5.2229,-4.94,-4.5595,-3.8892,-3.1079,-2.4986,-1.692,-0.91966,-0.37612,0.29697,0.90221,1.4333,1.7864,2.1933,2.5268,2.7304,2.94,3.0802,3.1368,3.1457,3.0743,2.9143,2.7307,2.395,1.9485,1.5363,0.8686,0.037354,-0.99412,-1.9219,-3.417,-5.2923,-7.0143,-9.9037,-13.562,-15.998,-15.086,-11.607,-8.6926,-6.9815,-5.1685,-3.7389,-2.8547,-1.8782,-1.1019,-0.63815,-0.16478,0.14945,0.31207,0.34006,0.25747,0.039504,-0.20768,-0.62457,-1.1024,-1.5877,-1.9194,-2.2723,-2.4938,-2.5755,-2.5972,-2.576,-2.5719,-2.617,-2.7537,-3.0072,-3.2838,-3.779,-4.4203,-4.9979,-5.8971,-6.9476,-7.8264,-9.1258,-10.588,-12.28,-13.773,-16.181,-19.502,-23.195,-30.639,-27.66,-21.772,-18.883,-16.016,-13.796,-12.391,-10.727,-9.1833,-8.0621,-6.6076,-5.2116,-3.8749,-2.8823,-1.5719,-0.31454,0.56716,1.6554,2.6324,3.2816,4.0148,4.5837,4.9889,5.1936,5.3594,5.4573,5.5355,5.7356,6.141,6.8056,7.4534,8.4295,9.4224,10.118,10.927,11.568,11.928,12.24,12.363,12.298,12.129,11.749,11.199,10.681,9.8543,8.8843,8.0695,6.8754,5.563,4.1321,2.9852,1.3549,-0.42076,-1.8935,-4.1326,-6.858,-10.468,-14.277,-20.808,-16.482,-12.249,-8.5488,-6.0502,-4.6259,-3.1647,-2.1313,-1.4488,-1.1198,-0.89717,-0.90297,-1.0596,-1.475,-2.1111,-2.7353,-3.7687,-5.038,-6.5605,-7.8755,-9.8544,-12.069,-13.877,-16.61,-20.034,-25.42,-31.783,-25.303,-18.736,-15.506,-12.335,-9.9793,-8.5859,-7.1385,-6.096,-5.4076,-5.113,-5.0282,-5.3009,-5.7531,-6.7365,-8.2423,-9.8261,-12.854,-17.749,-25.116,-21.381,-15.246,-11.754,-10.017,-8.3989,-7.2992,-6.569
-1.2,-1.4525,-2.0337,-2.9156,-3.8138,-5.4242,-7.686,-10.036,-14.538,-18.639,-14.306,-10.847,-7.5687,-5.2602,-3.9306,-2.5221,-1.3998,-0.70354,0.087633,0.76572,1.3586,1.763,2.254,2.6851,2.9644,3.2721,3.5042,3.6223,3.7029,3.696,3.5883,3.4319,3.1184,2.6793,2.2641,1.5864,0.74963,-0.25732,-1.1389,-2.5002,-4.0709,-5.3625,-7.1464,-8.7389,-9.5133,-9.6723,-8.9902,-7.94,-7.0923,-5.9933,-4.9781,-4.2707,-3.4009,-2.6356,-2.1504,-1.6388,-1.2982,-1.1561,-1.2005,-1.4842,-2.0682,-2.7334,-3.9733,-5.7027,-7.9985,-10.051,-12.434,-12.209,-10.603,-8.4025,-6.7318,-5.8533,-5.1097,-4.7921,-4.8477,-5.1147,-5.7474,-6.6599,-7.5064,-8.8172,-10.273,-11.402,-12.844,-14.08,-15.033,-15.609,-16.197,-16.536,-16.54,-16.281,-15.825,-15.107,-14.378,-13.249,-12.091,-11.24,-10.175,-9.1979,-8.51,-7.6392,-6.7756,-5.8266,-4.985,-3.7104,-2.3377,-1.2722,0.17327,1.6036,2.6289,3.8932,5.0137,5.9903,6.6397,7.4129,8.1035,8.5813,9.1799,9.7547,10.316,10.729,11.257,11.743,12.065,12.416,12.658,12.755,12.758,12.606,12.291,11.947,11.344,10.584,9.9163,8.9119,7.8056,6.9319,5.742,4.5623,3.412,2.5774,1.504,0.45408,-0.34193,-1.4312,-2.5328,-3.5442,-4.1337,-4.5081,-4.2859,-3.7744,-2.8262,-1.85,-1.1879,-0.39907,0.24822,0.69973,0.90162,0.9969,0.91855,0.74409,0.35617,-0.20575,-0.73996,-1.5771,-2.527,-3.5641,-4.3986,-5.5754,-6.8025,-7.7145,-8.8649,-9.8063,-10.393,-10.505,-10.132,-9.243,-8.33,-6.9916,-5.6744,-4.7619,-3.6933,-2.8226,-2.1596,-1.7996,-1.5091,-1.4415,-1.5294,-1.8101,-2.2462,-2.6464,-3.2073,-3.6873,-3.9671,-4.0026,-3.8513,-3.5729,-3.3491,-3.1269,-3.0662,-3.214
1.7756,1.5182,1.0215,0.3341,-0.32377,-1.392,-2.634,-3.5976,-4.6988,-5.2416,-5.0862,-4.6193,-3.8207,-3.0714,-2.6132,-2.1658,-1.8641,-1.6935,-1.4737,-1.1735,-0.73464,-0.31632,0.31956,0.98773,1.4698,2.042,2.5055,2.7748,3.0257,3.1542,3.1743,3.1203,2.9596,2.6908,2.4116,1.9373,1.3602,0.68093,0.10351,-0.75065,-1.7033,-2.4701,-3.5212,-4.5812,-5.3532,-6.333,-7.2474,-8.0338,-8.4597,-8.6219,-8.2159,-7.5609,-6.3924,-5.1212,-4.2166,-3.1509,-2.3082,-1.7235,-1.4818,-1.4407,-1.7126,-2.1395,-3.0297,-4.3112,-5.9072,-7.1534,-8.3127,-8.2541,-7.4946,-6.2134,-5.1104,-4.5234,-4.0878,-4.0518,-4.4004,-4.9046,-5.9089,-7.3344,-8.7283,-11.123,-14.422,-17.894,-25.307,-33.132,-23.752,-20.462,-17.927,-16.462,-15.719,-15.147,-14.782,-14.248,-13.676,-12.777,-11.858,-11.187,-10.374,-9.7865,-9.599,-9.7873,-10.614,-12.162,-13.584,-13.486,-9.7125,-6.6037,-3.0863,-0.27305,1.4577,3.3651,4.9271,6.224,7.0536,7.9967,8.7882,9.3078,9.9328,10.513,11.063,11.456,11.941,12.366,12.633,12.903,13.053,13.073,12.957,12.659,12.16,11.645,10.753,9.6155,8.589,6.9788,5.0892,3.5105,1.3142,-0.59335,-1.6294,-1.6994,-1.2049,-0.53211,-0.075412,0.39331,0.71432,0.94226,1.0906,1.299,1.5335,1.7171,1.9967,2.3085,2.5136,2.7133,2.8496,2.9301,2.9304,2.8253,2.5859,2.3163,1.8431,1.2336,0.68936,-0.13529,-1.0377,-1.9731,-2.6693,-3.5473,-4.329,-4.8053,-5.2636,-5.4853,-5.4426,-5.2483,-4.7751,-4.0902,-3.4669,-2.5526,-1.5961,-0.8817,0.01477,0.83222,1.5297,1.9667,2.4373,2.78,2.9542,3.0897,3.1234,3.0996,3.0278,2.9289,2.8191,2.7296,2.5955,2.4313,2.2807,2.0152,1.6379,1.1015
3.2288,3.1634,3.0324,2.8223,2.6136,2.2847,1.9256,1.6442,1.2664,0.8773,0.47529,0.16306,-0.30664,-0.94552,-1.5887,-2.7561,-4.3842,-5.9782,-8.5807,-10.73,-9.8616,-7.7973,-5.1912,-3.2089,-2.094,-0.98947,-0.23477,0.14703,0.4601,0.58655,0.59156,0.54869,0.46178,0.34562,0.23559,0.056913,-0.16969,-0.4715,-0.75798,-1.2287,-1.8397,-2.4024,-3.3146,-4.4415,-5.4672,-7.1588,-9.3673,-12.458,-15.909,-25.122,-24.629,-17.015,-11.892,-8.6403,-6.8052,-4.8403,-3.3121,-2.1323,-1.4554,-0.79322,-0.37508,-0.20611,-0.14861,-0.24997,-0.43948,-0.59913,-0.79595,-0.9511,-1.0295,-1.107,-1.2101,-1.3522,-1.6625,-2.1385,-2.7865,-3.3897,-4.3868,-5.6266,-6.7068,-8.2991,-9.9922,-11.23,-12.652,-13.555,-13.957,-14.024,-14.09,-14.541,-15.232,-16.892,-19.144,-21.62,-21.823,-18.445,-14.774,-12.608,-10.432,-8.8715,-8.0749,-7.4712,-7.3306,-7.5234,-7.6141,-6.828,-4.9356,-3.2893,-1.053,1.062,2.44,3.9427,5.091,5.9402,6.4036,6.8261,7.0817,7.2216,7.4286,7.7606,8.2769,8.7788,9.5399,10.316,10.848,11.438,11.851,12.023,12.058,11.855,11.397,10.882,9.9461,8.703,7.5464,5.6557,3.2688,1.0585,-2.5727,-6.7374,-8.1107,-6.1032,-3.2117,-1.1589,-0.052261,1.021,1.7421,2.2038,2.4203,2.5941,2.67,2.6732,2.6349,2.646,2.6961,2.7681,2.8224,2.8608,2.8616,2.7712,2.5215,2.214,1.6379,0.84523,0.098372,-1.1181,-2.5897,-4.2353,-5.4909,-7.0289,-8.2183,-8.7574,-9.0724,-9.0071,-8.5577,-7.9703,-6.8371,-5.3838,-4.189,-2.5732,-1.0385,0.030467,1.3014,2.4013,3.3199,3.8882,4.4968,4.9555,5.2067,5.4328,5.5491,5.582,5.5663,5.4968,5.3929,5.3012,5.1615,5.0071,4.8784,4.6851,4.4595,4.1867
1.352,1.673,2.1187,2.51,2.7502,2.982,3.0923,3.0867,2.9688,2.7318,2.3789,2.0314,1.4258,0.6223,-0.13027,-1.379,-2.9593,-4.34,-6.2669,-7.6082,-7.4985,-6.6117,-5.2134,-4.0723,-3.5045,-3.1149,-3.1022,-3.2883,-3.7174,-4.2999,-4.8945,-5.257,-5.5428,-5.523,-5.3257,-4.8951,-4.3962,-3.9521,-3.6905,-3.451,-3.4063,-3.5218,-3.8903,-4.5391,-5.2252,-6.3696,-7.7084,-9.171,-10.237,-11.27,-11.663,-11.462,-10.512,-8.9807,-7.6241,-5.7612,-4.0492,-2.577,-1.6331,-0.563,0.27073,0.73645,1.1737,1.4284,1.5301,1.5152,1.3968,1.1893,0.9812,0.62238,0.16225,-0.24898,-0.87145,-1.5716,-2.3536,-2.9891,-3.8834,-4.7896,-5.4444,-6.2407,-6.9505,-7.4446,-8.0405,-8.458,-8.7985,-9.0428,-9.4616,-10.082,-10.618,-11.35,-12.183,-13.099,-13.062,-11.717,-9.7752,-8.2456,-6.368,-4.8029,-3.8031,-2.612,-1.5429,-0.58173,0.096928,1.047,2.0061,2.695,3.6138,4.4666,5.0027,5.5445,5.8479,5.8253,5.5411,4.7544,3.4097,1.9443,-0.75204,-3.4201,-2.1674,0.58376,3.8372,6.2632,7.6391,9.0118,9.942,10.39,10.697,10.702,10.431,10.056,9.3311,8.3714,7.518,6.2371,4.8612,3.8244,2.5605,1.5912,0.99873,0.81084,0.88165,1.1806,1.4578,1.8004,2.0452,2.1188,2.0168,1.645,1.03,0.41826,-0.58147,-1.5481,-1.9573,-1.8224,-1.073,-0.12274,0.52243,1.161,1.4632,1.4438,1.0699,0.27928,-0.59906,-2.2486,-4.5992,-7.9154,-11.435,-19.318,-33.642,-20.888,-16.838,-16.529,-19.169,-24.107,-19.588,-11.808,-8.0777,-4.4683,-1.7957,-0.20679,1.4928,2.8025,3.8046,4.3797,4.9335,5.274,5.4063,5.4457,5.3525,5.2153,4.9654,4.6639,4.3595,4.1533,3.9522,3.8536,3.8412,3.9071,4.0508,4.2395
-4.9694,-2.8175,-0.73618,0.71159,1.5028,2.232,2.6499,2.8084,2.8664,2.7974,2.6289,2.4281,2.0842,1.6868,1.3609,0.88987,0.37369,-0.018456,-0.51094,-0.90704,-1.2263,-1.4603,-1.82,-2.2822,-2.7698,-3.7158,-5.1244,-6.5622,-9.0235,-12.198,-16.014,-18.473,-18.897,-17.309,-15.911,-13.788,-11.445,-9.1752,-7.6755,-6.0968,-4.973,-4.4077,-4.0423,-4.0633,-4.3242,-4.9904,-6.0457,-7.5459,-9.0291,-11.672,-15.778,-21.003,-22.631,-14.522,-10.763,-7.265,-4.7072,-2.7653,-1.5968,-0.34707,0.57638,1.0769,1.5368,1.795,1.8501,1.7808,1.5448,1.1693,0.78461,0.15679,-0.59087,-1.2166,-2.1404,-3.1887,-4.3589,-5.2858,-6.5161,-7.6346,-8.3377,-8.9439,-9.0686,-8.878,-8.3782,-7.7581,-7.1721,-6.8244,-6.4336,-6.0838,-5.848,-5.6206,-5.4828,-5.1978,-4.8095,-4.1818,-3.4906,-2.8828,-1.9512,-0.95248,-0.19158,0.82046,1.8177,2.7945,3.5055,4.3837,5.1178,5.6392,6.3165,6.8518,7.1146,7.2967,7.274,7.0027,6.6122,5.8268,4.7163,3.6879,2.2324,1.3102,1.7177,2.7943,4.5675,6.2223,7.2629,8.3608,9.1375,9.5234,9.7906,9.7883,9.5282,9.1689,8.4833,7.5616,6.7227,5.4188,3.9277,2.7041,1.0316,-0.41245,-1.3143,-1.4874,-1.0824,-0.25323,0.41696,1.1754,1.6776,1.8713,1.7761,1.2509,0.18365,-1.0357,-3.6594,-8.3143,-13.638,-11.72,-5.7081,-2.1372,-0.40072,1.1432,2.0695,2.4295,2.4998,2.1589,1.671,0.75576,-0.45868,-1.9442,-3.1092,-4.4729,-5.4242,-5.8748,-6.2385,-6.3981,-6.4077,-6.1865,-5.321,-3.801,-2.4547,-0.69252,0.89059,1.9075,3.0192,3.8498,4.3986,4.6513,4.7789,4.6786,4.4606,3.9886,3.3325,2.7234,1.7742,0.71011,-0.40281,-1.1895,-1.996,-2.2651,-2.021,-1.1903,-0.064408,1.1038
-2.2013,-1.1347,0.093938,1.023,1.4873,1.8061,1.8454,1.7392,1.4623,1.0939,0.72729,0.51802,0.39334,0.44804,0.55438,0.75397,0.95243,1.0638,1.1411,1.1082,0.95713,0.74535,0.29799,-0.38277,-1.0698,-2.2755,-3.8878,-5.4592,-8.0532,-11.178,-14.564,-16.782,-18.571,-20.377,-23.463,-23.194,-15.852,-11.077,-8.4673,-5.8936,-4.1052,-3.1665,-2.3603,-1.9606,-1.8985,-2.123,-2.6753,-3.4703,-4.2243,-5.3424,-6.318,-6.8026,-6.8034,-5.9661,-4.9946,-3.5736,-2.2811,-1.1079,-0.34028,0.47441,1.0485,1.3431,1.5534,1.5544,1.3513,1.0718,0.53235,-0.18874,-0.84131,-1.8166,-2.8969,-3.7701,-5.0354,-6.4207,-7.9586,-9.3164,-11.617,-14.955,-18.827,-26.383,-20.243,-15.607,-11.577,-8.9305,-7.0575,-5.9824,-4.853,-3.9906,-3.541,-3.124,-2.8229,-2.5066,-2.3433,-2.2003,-1.9669,-1.6924,-1.1853,-0.44364,0.26932,1.3631,2.5022,3.6332,4.4655,5.4926,6.4027,7.0173,7.6928,8.1791,8.4438,8.6507,8.6717,8.5383,8.3629,8.0256,7.5957,7.2648,6.9186,6.7449,6.7523,6.8849,7.225,7.6879,8.0494,8.4864,8.8192,8.9861,9.0653,8.9528,8.6328,8.25,7.5482,6.6083,5.7218,4.2589,2.4026,0.63498,-2.543,-7.4686,-17.116,-14.797,-6.6593,-2.5908,-0.59453,1.2822,2.5263,3.2797,3.6029,3.7539,3.6076,3.3809,3.0128,2.5775,2.3901,2.5326,3.0216,3.661,4.1594,4.7422,5.1601,5.3581,5.4644,5.3859,5.206,4.8577,4.4195,3.9285,3.5555,3.085,2.6843,2.4523,2.2505,2.1778,2.2243,2.3608,2.6595,3.0804,3.4403,3.9423,4.4239,4.73,5.0268,5.1712,5.119,4.9312,4.4746,3.7651,3.0635,1.8857,0.43185,-0.83978,-2.7357,-4.8989,-7.4748,-9.9977,-15.387,-36.639,-18.534,-10.211,-5.776,-2.7968
2.1723,2.2471,2.3044,2.2269,2.0114,1.4834,0.66403,-0.19785,-1.7606,-3.836,-6.2205,-7.5611,-7.3584,-5.4046,-3.8048,-2.0089,-0.62427,0.17027,0.95706,1.4575,1.7297,1.8093,1.75,1.4641,1.122,0.51719,-0.24044,-0.92521,-1.965,-2.9924,-3.9136,-4.5515,-5.216,-5.5092,-5.4772,-5.047,-4.2274,-3.1282,-2.2578,-1.183,-0.27653,0.25841,0.77086,1.0509,1.1094,1.0064,0.74192,0.36621,0.021757,-0.4641,-0.88851,-1.1271,-1.2956,-1.279,-1.1521,-0.84916,-0.44087,-0.0065231,0.30657,0.63178,0.83914,0.91217,0.84444,0.54778,0.0090294,-0.56265,-1.5669,-2.8525,-3.974,-5.6713,-7.5306,-8.9116,-10.45,-11.418,-11.899,-12.183,-12.635,-13.059,-13.231,-13.02,-11.9,-10.598,-8.6633,-6.862,-5.32,-4.3293,-3.2537,-2.5053,-2.1543,-1.9073,-1.9021,-2.2458,-2.807,-3.8522,-5.1501,-6.2165,-7.1538,-6.3537,-4.6916,-2.1215,0.25905,2.2835,3.5652,5.0026,6.2351,7.0183,7.7857,8.3166,8.6146,8.8511,8.8812,8.7198,8.4834,8.0256,7.4523,6.9792,6.3467,5.7913,5.4389,5.369,5.5329,5.9102,6.2633,6.7347,7.1199,7.3103,7.4056,7.312,7.0306,6.7004,6.1113,5.3834,4.7595,3.8547,2.8908,2.1719,1.2016,0.4533,0.20636,0.3837,1.082,2.0962,2.9111,3.947,4.8679,5.6025,6.023,6.4392,6.6866,6.7788,6.8973,6.9792,6.9862,7.0009,7.0534,7.1187,7.1787,7.2547,7.289,7.2832,7.2557,7.2021,7.1259,6.9745,6.7934,6.6024,6.4403,6.2111,5.9903,5.8512,5.6922,5.5685,5.5021,5.4977,5.5387,5.6208,5.7004,5.813,5.895,5.9129,5.8383,5.6211,5.2309,4.7849,3.9537,2.8072,1.7021,-0.16199,-2.5615,-4.7952,-8.4437,-12.538,-14.678,-14.015,-12.281,-10.474,-8.9939,-6.8183,-4.6781,-2.7645
2.4799,2.4487,2.2984,1.96,1.5703,0.85578,-0.18372,-1.2364,-3.0378,-5.3675,-8.1547,-9.9217,-9.7124,-7.4123,-5.6452,-3.6836,-2.1825,-1.3015,-0.36811,0.35144,0.87584,1.1577,1.4155,1.5446,1.5639,1.4899,1.3503,1.2202,0.99763,0.75433,0.56523,0.47562,0.40652,0.43015,0.54775,0.79079,1.082,1.4516,1.7554,2.1212,2.4204,2.5753,2.6782,2.628,2.4908,2.1831,1.7397,1.1428,0.63029,-0.14313,-0.98555,-1.5975,-2.3295,-2.887,-3.1353,-3.1786,-2.8881,-2.4298,-2.077,-1.6533,-1.3287,-1.2181,-1.2896,-1.6332,-2.2705,-2.9869,-4.2661,-6.0036,-7.6853,-10.656,-14.806,-19.447,-34.394,-25.149,-18.876,-16.498,-14.317,-12.629,-11.526,-10.202,-8.8488,-7.7419,-6.3185,-5.0589,-3.8909,-3.1286,-2.2981,-1.7387,-1.4791,-1.3425,-1.5473,-2.2058,-2.9077,-4.2167,-6.2342,-8.1675,-10.547,-9.8435,-7.3299,-4.0523,-1.4349,0.71009,2.0682,3.5582,4.7742,5.506,6.2777,6.8844,7.1944,7.3922,7.367,7.0771,6.653,5.8116,4.6328,3.4416,1.3219,-1.4232,-4.1687,-4.7619,-2.8345,-0.32585,1.1883,2.6719,3.6332,4.0421,4.2319,4.0858,3.6573,3.1787,2.3821,1.5247,0.92037,0.28224,-0.068197,-0.091663,0.13921,0.55885,1.1498,1.6929,2.4834,3.3278,3.9617,4.76,5.4771,6.1158,6.5175,6.9338,7.2426,7.3662,7.4092,7.4043,7.3472,7.1639,6.9141,6.6305,6.4016,6.1092,5.8685,5.7329,5.6133,5.5713,5.5883,5.6179,5.6219,5.5819,5.5088,5.3584,5.1451,4.946,4.6515,4.3575,4.1093,3.9671,3.8701,3.8812,3.9541,4.1067,4.261,4.3466,4.3858,4.2691,3.9803,3.6241,2.9369,1.9624,1.0265,-0.52933,-2.4874,-4.2516,-6.8741,-9.2427,-10.185,-9.6098,-7.9816,-6.3872,-5.3462,-4.0832,-3.0146,-2.1651
1.392,1.5739,1.6786,1.6214,1.4738,1.09,0.50113,-0.033729,-0.83618,-1.7006,-2.5177,-2.9761,-3.3498,-3.4795,-3.43,-3.1774,-2.7901,-2.4351,-1.91,-1.3351,-0.75175,-0.35103,0.1128,0.52591,0.78264,1.0529,1.2477,1.3818,1.5648,1.7322,1.8977,2.0526,2.2882,2.5382,2.7327,3.0039,3.2884,3.5425,3.6993,3.8578,3.931,3.918,3.7902,3.5219,3.2187,2.6634,1.9043,0.92633,0.040823,-1.3832,-3.1691,-4.8061,-7.4598,-10.508,-12.27,-11.856,-9.4419,-7.1634,-5.8076,-4.4215,-3.4884,-3.0703,-2.8192,-2.8789,-3.2692,-3.7765,-4.7501,-6.0925,-7.3246,-9.2009,-11.311,-12.907,-14.626,-15.655,-16.128,-16.117,-15.42,-14.005,-12.652,-10.588,-8.5268,-7.1281,-5.4524,-3.9841,-2.7167,-1.9285,-1.1052,-0.497,-0.17968,0.017072,-0.028269,-0.21531,-0.45611,-0.96621,-1.5295,-1.8542,-2.0912,-2.0209,-1.7602,-1.1414,-0.29277,0.63421,1.3442,2.3364,3.2803,3.8919,4.6877,5.3913,5.7774,6.102,6.2123,6.0763,5.7946,5.1307,4.064,2.9881,1.1665,-1.1084,-3.2538,-3.7008,-2.4393,-0.56767,0.64739,1.7955,2.4101,2.5608,2.3803,1.7521,0.66752,-0.46068,-2.4214,-5.0062,-7.296,-9.9841,-9.7733,-7.9871,-5.3622,-3.134,-1.36,-0.20639,1.158,2.3563,3.1668,4.1449,4.9731,5.6495,6.0661,6.4871,6.7598,6.8792,6.8453,6.5979,6.3174,5.7854,5.0407,4.0993,3.2836,2.1372,1.1538,0.70408,0.62798,1.062,1.5662,2.2651,2.8199,3.1331,3.2153,3.1068,2.738,2.2897,1.5047,0.55142,-0.4614,-1.1183,-1.5836,-1.4,-0.89438,0.007794,0.92386,1.5297,2.1661,2.5847,2.7591,2.7465,2.5434,2.1408,1.7217,1.0319,0.2497,-0.34626,-1.1011,-1.7158,-2.0769,-2.1918,-2.1717,-1.9926,-1.8057,-1.5874,-1.4602,-1.4683
0.67032,1.3098,1.9071,2.2591,2.3547,2.2764,2.0423,1.762,1.2347,0.57734,-0.18299,-0.83193,-1.8378,-2.9221,-3.754,-4.8286,-5.5407,-5.5974,-5.0088,-3.9706,-2.8488,-2.0634,-1.2025,-0.56502,-0.20416,0.19367,0.51504,0.72382,1.0406,1.4434,1.8947,2.2507,2.7691,3.3094,3.6926,4.1707,4.6228,4.9952,5.2037,5.4041,5.4862,5.4648,5.304,4.9957,4.6534,4.0194,3.1899,2.1431,1.1778,-0.33731,-2.1898,-3.861,-6.4425,-9.2197,-10.768,-10.593,-8.5949,-6.6303,-5.3794,-4.0322,-3.1039,-2.5929,-2.1239,-1.9179,-1.9808,-2.182,-2.6719,-3.3966,-4.0826,-5.2229,-6.5949,-7.7541,-9.5653,-11.952,-15.306,-19.446,-38.514,-20.044,-14.618,-10.17,-6.9856,-5.1228,-3.1514,-1.5119,-0.19647,0.60174,1.4531,2.1008,2.4403,2.6782,2.7488,2.67,2.4418,2.0273,1.564,1.1342,0.52563,-0.047432,-0.45435,-0.88661,-1.0269,-0.82762,-0.46024,0.33066,1.3801,2.2814,3.5124,4.5552,5.2325,6.0273,6.5934,6.9421,7.0755,7.0439,6.7976,6.5353,6.1053,5.617,5.2402,5.0844,4.9894,4.9943,5.0219,4.9787,4.736,4.4028,3.719,2.6997,1.2803,-0.05212,-2.2545,-4.9881,-7.2844,-9.8244,-9.9277,-8.4898,-6.4152,-4.5094,-2.6756,-1.3908,0.2156,1.6866,2.6741,3.8436,4.859,5.6793,6.1659,6.6682,6.9418,7.0456,7.0481,6.7591,6.3525,5.5747,4.4111,2.74,1.0293,-2.279,-8.0633,-18.143,-11.952,-4.6782,-1.9178,0.34963,1.7141,2.4503,2.668,2.5397,1.9741,1.2474,-0.21052,-2.4335,-5.8649,-10.064,-24.969,-12.936,-7.5975,-3.6604,-1.1863,0.13369,1.3935,2.2717,2.8288,3.0773,3.2098,3.1734,3.0464,2.786,2.4569,2.1999,1.8492,1.5368,1.3056,1.1833,1.0456,0.95573,0.90619,0.78862,0.57953,0.23441
1.4138,2.1807,2.8867,3.2958,3.4232,3.4596,3.3621,3.1694,2.7571,2.1956,1.4161,0.60871,-0.80502,-2.7041,-4.7514,-8.9545,-17.791,-26.021,-11.54,-6.6796,-4.1259,-2.9412,-1.9697,-1.5902,-1.5979,-1.8315,-2.0864,-2.2137,-2.0886,-1.4884,-0.50861,0.29671,1.363,2.4114,3.1493,4.0415,4.8031,5.4444,5.8513,6.2662,6.5195,6.5987,6.5484,6.3149,6.0138,5.468,4.7541,3.8668,3.086,1.9532,0.75285,-0.15509,-1.3217,-2.3074,-2.8419,-3.3054,-3.3979,-3.2036,-2.8848,-2.3928,-1.8805,-1.4475,-0.88909,-0.4595,-0.16279,-0.035066,-0.029974,-0.19319,-0.44357,-0.95292,-1.6071,-2.206,-3.1665,-4.1812,-5.1196,-5.7033,-5.9376,-5.3922,-4.5939,-3.1698,-1.6915,-0.63371,0.69653,1.9105,2.9386,3.6012,4.3593,4.9333,5.2223,5.4607,5.5019,5.2851,4.9544,4.3971,3.5775,2.7284,1.3397,-0.37712,-1.9319,-4.4707,-7.3999,-9.3326,-8.6145,-5.7944,-2.9049,-0.83078,1.6376,3.5231,4.7497,6.2064,7.3567,8.2175,8.6939,9.1431,9.4271,9.5267,9.5343,9.4745,9.3617,9.2292,9.0245,8.7902,8.561,8.1726,7.6725,7.1973,6.3974,5.4079,4.2086,3.1638,1.6047,-0.089826,-1.4059,-3.1434,-4.8948,-6.0166,-6.9439,-6.8795,-5.2828,-3.5444,-1.2497,0.79756,2.1124,3.5471,4.7019,5.6461,6.2119,6.8194,7.2455,7.4039,7.557,7.5513,7.3713,6.9269,6.2455,5.3099,4.468,3.1818,2.0028,1.4854,1.4349,2.0203,2.6835,3.4983,4.0642,4.3749,4.4019,4.1492,3.6134,3.0254,1.9751,0.69045,-0.66109,-1.5855,-2.3127,-2.1598,-1.5618,-0.46856,0.67422,1.4663,2.3327,2.9798,3.4458,3.6613,3.7871,3.7426,3.6197,3.3608,3.0223,2.7517,2.4065,2.1438,1.9537,1.8898,1.8998,1.9543,2.0052,2.0641,2.0778,1.9854
2.6644,2.7601,2.7396,2.5872,2.465,2.3403,2.2287,2.1895,2.1906,2.1169,1.9003,1.6388,1.1096,0.27385,-0.43182,-1.4149,-2.1904,-2.4018,-2.1977,-1.7302,-1.2684,-1.1464,-1.4222,-2.243,-3.3069,-5.647,-9.4338,-13.726,-16.751,-10.787,-6.8482,-4.8069,-2.7409,-1.1432,-0.07894,1.2716,2.4844,3.5641,4.2789,5.0325,5.5595,5.797,5.9084,5.7692,5.5112,4.9868,4.247,3.3587,2.6249,1.5514,0.47869,-0.30259,-1.3186,-2.2616,-2.9071,-3.732,-4.5381,-5.0934,-5.3115,-5.1847,-4.4046,-3.5746,-2.4137,-1.3021,-0.33809,0.23483,0.81033,1.1637,1.2993,1.359,1.2686,1.1169,0.87659,0.6039,0.33279,0.20689,0.13887,0.18518,0.32563,0.68593,1.1781,1.6109,2.3187,3.0913,3.887,4.4908,5.2369,5.8439,6.1992,6.5263,6.6078,6.4276,6.1693,5.5029,4.469,3.4969,1.7874,-0.44714,-2.4926,-5.9203,-9.9253,-12.815,-12.983,-10.565,-6.8667,-4.0417,-0.89109,1.7796,3.6064,5.5327,7.0162,8.1633,8.8003,9.4302,9.8542,10.029,10.132,10.15,10.056,9.9318,9.7431,9.4979,9.2596,8.88,8.4257,8.0047,7.3344,6.5275,5.5772,4.7426,3.4907,2.0336,0.76661,-1.2141,-3.8275,-6.4156,-10.741,-13.354,-8.6368,-5.3632,-2.2324,-0.083581,1.1099,2.3352,3.1849,3.7937,4.1989,4.6806,5.2625,5.6958,6.1376,6.5859,6.8663,7.0639,7.1033,6.9785,6.8056,6.5443,6.249,6.0472,5.8862,5.8009,5.7477,5.7252,5.6648,5.5065,5.3122,4.9636,4.4458,3.9592,3.2116,2.4095,1.5683,1.0028,0.42122,0.099551,0.045859,0.23527,0.66409,1.0331,1.5793,2.0379,2.3361,2.4347,2.3866,2.1044,1.747,1.0844,0.25454,-0.44029,-1.3104,-1.9646,-2.2339,-2.1246,-1.6113,-0.90295,-0.37429,0.30827,0.8999,1.3662
2.1756,1.4105,0.115,-1.4319,-2.5776,-3.7328,-3.7709,-3.0038,-1.5861,-0.29861,0.72034,1.3148,1.84,2.1145,2.2458,2.3158,2.2967,2.2635,2.1978,2.0175,1.7162,1.3607,0.59755,-0.49408,-1.5676,-3.4233,-5.5071,-6.8854,-8.1267,-8.2072,-7.9764,-8.0172,-8.1078,-7.742,-6.7562,-4.6516,-2.301,-0.21984,1.0319,2.3113,3.2065,3.625,3.8685,3.7668,3.4737,2.7613,1.6984,0.36352,-0.78393,-2.4603,-4.0373,-4.9701,-5.7821,-6.3681,-6.8748,-7.8049,-9.5546,-12.791,-17.085,-22.226,-13.701,-9.5994,-6.1051,-3.698,-1.9646,-1.0174,-0.057886,0.59834,0.95006,1.2789,1.4438,1.5143,1.5386,1.4572,1.2891,1.1278,0.80649,0.39399,0.048324,-0.49859,-0.94579,-1.0709,-0.79195,0.033618,1.2748,2.3066,3.5879,4.6817,5.3578,6.001,6.3558,6.4749,6.3768,5.8958,5.1758,4.4488,3.1266,1.4275,-0.078774,-2.4611,-5.5808,-9.5994,-14.445,-19.511,-10.04,-5.4683,-1.3971,1.4017,3.214,5.0341,6.3196,7.24,7.7276,8.1262,8.2427,8.2205,8.0951,7.8448,7.5665,7.3983,7.1907,6.9962,6.884,6.7187,6.4801,6.2522,5.8701,5.3542,4.7368,4.2098,3.4156,2.5354,1.8544,0.93918,0.041179,-0.63415,-1.1234,-1.2705,-0.98048,-0.56872,0.040552,0.52176,0.65807,0.53583,0.061392,-0.80751,-1.4873,-1.9527,-1.2737,0.05049,1.8828,3.354,4.2987,5.2583,5.879,6.2144,6.2989,6.2795,6.1057,5.8785,5.5517,5.214,4.9344,4.5932,4.3167,4.0349,3.8171,3.489,3.0123,2.5445,1.7526,0.69958,-0.626,-1.7337,-3.3502,-4.7945,-5.3725,-5.0932,-3.993,-3.046,-1.8932,-1.0069,-0.49156,-0.35161,-0.47904,-0.99127,-1.646,-2.9336,-4.7529,-6.6356,-10.102,-15.067,-17.093,-13.658,-9.659,-6.9547,-5.4392,-3.8998,-2.7565,-1.8175
0.46468,-0.7669,-2.9074,-5.956,-9.3407,-15.66,-14.664,-9.9291,-5.8702,-3.2567,-1.3433,-0.26169,0.83624,1.7353,2.224,2.7059,3.0472,3.193,3.2642,3.2009,2.941,2.6383,2.091,1.3309,0.65288,-0.35205,-1.5517,-2.4516,-3.7394,-5.2833,-7.1145,-9.0446,-12.996,-17.889,-15.991,-10.116,-6.2471,-3.5181,-2.0336,-0.55787,0.45439,0.94228,1.2352,1.1407,0.79307,-0.08645,-1.4642,-3.5918,-5.7725,-9.9392,-17.377,-25.239,-16.216,-11.915,-10.423,-9.5717,-9.5257,-9.9822,-10.287,-10.202,-8.9099,-7.6397,-5.999,-4.5307,-3.4462,-2.8378,-2.2731,-1.9003,-1.6975,-1.5061,-1.3045,-1.1335,-0.93156,-0.77551,-0.72574,-0.85176,-1.265,-2.0359,-2.9668,-4.9493,-8.2349,-12.484,-19.368,-10.22,-4.743,-2.1032,0.41673,2.231,3.2628,4.249,4.9129,5.2924,5.3469,5.3,5.013,4.6193,3.9837,3.1528,2.4367,1.4343,0.36694,-0.47362,-0.85128,-0.87513,-0.1042,0.77787,1.8864,3.1854,4.0003,4.7646,5.3238,5.5467,5.5253,5.2276,4.6176,4.0206,3.0393,1.9217,0.97655,0.50967,0.27553,0.51046,0.86869,1.3476,1.6858,1.831,1.8242,1.5972,1.187,0.81528,0.24852,-0.24555,-0.52273,-0.72777,-0.63517,-0.51126,-0.30633,0.048881,0.36653,0.52624,0.59017,0.41315,0.069349,-0.87679,-2.4647,-5.096,-8.2264,-14.378,-10.128,-6.0652,-2.3731,0.21119,1.4789,2.6755,3.4128,3.7822,3.846,3.6198,3.1409,2.6249,1.6791,0.62036,-0.12177,-0.93581,-1.2668,-1.1111,-0.8462,-0.58176,-0.4937,-0.64011,-1.2124,-2.2487,-3.8352,-5.5756,-8.9218,-14.535,-21.053,-15.723,-10.234,-7.7412,-5.6227,-4.3993,-3.7394,-3.5675,-3.7395,-4.3187,-5.0154,-6.2761,-7.9125,-9.3837,-11.545,-13.415,-14.211,-13.732,-12.301,-10.984,-10.126,-9.2148,-8.5263,-7.7625
-0.55093,-1.3777,-2.6331,-3.9962,-4.8788,-5.7343,-6.0434,-5.7291,-4.9478,-3.9068,-2.7081,-1.8402,-0.74325,0.28986,0.94219,1.6725,2.2542,2.572,2.8343,2.9577,2.9012,2.756,2.448,1.9814,1.5526,0.90543,0.094094,-0.5763,-1.5133,-2.6041,-3.6968,-4.5101,-5.4786,-5.9853,-6.0409,-5.6961,-4.8972,-4.0109,-3.3625,-2.4837,-1.7213,-1.2591,-0.84048,-0.71558,-0.83858,-1.2943,-2.1331,-3.4254,-4.5849,-6.3199,-7.9291,-8.6417,-8.6694,-8.1607,-7.6453,-7.1549,-6.8181,-6.5309,-6.3643,-6.1154,-5.6828,-5.4137,-5.0302,-4.7381,-4.7078,-4.8382,-5.3178,-6.0715,-6.7557,-7.5197,-7.5452,-7.0202,-5.8672,-4.6337,-3.6589,-3.2006,-2.8985,-3.0296,-3.3929,-4.1141,-5.1234,-5.7236,-5.7906,-4.8444,-3.1812,-1.9063,-0.36692,0.94137,1.7128,2.5291,3.1465,3.5172,3.681,3.8519,3.8192,3.7329,3.6015,3.4144,3.2502,3.0693,2.9648,2.8878,2.9592,3.1406,3.4095,3.6831,3.9688,4.3498,4.4744,4.457,4.2874,3.8198,3.2376,2.1531,0.70693,-0.77133,-3.3411,-6.7513,-12.07,-17.422,-14.813,-9.5498,-7.1535,-5.0794,-3.7402,-3.1528,-2.8811,-3.061,-3.7871,-4.6707,-6.1807,-7.7314,-8.2996,-7.5992,-5.7637,-4.2192,-2.5802,-1.3006,-0.36866,0.11396,0.49489,0.57045,0.47485,0.093832,-0.50953,-1.1699,-1.6151,-1.9896,-1.9286,-1.3827,-0.73914,0.015485,0.54328,1.0452,1.3253,1.3642,1.2321,0.73098,-0.14536,-1.0963,-3.0081,-5.8894,-9.1192,-16.571,-16.414,-9.6465,-6.8471,-4.6609,-3.4493,-3.0217,-2.9442,-3.3034,-4.0639,-4.8188,-5.9222,-6.9281,-7.4001,-7.5087,-7.2092,-6.8146,-6.2262,-5.857,-5.7572,-5.8543,-6.2899,-7.0148,-7.7587,-8.9676,-10.364,-11.368,-12.553,-13.462,-13.71,-13.824,-13.864,-13.945,-14.367,-15.627,-17.531,-19.427
-0.66253,-1.3026,-2.3463,-3.4942,-4.4117,-5.6729,-6.6073,-7.0965,-7.1787,-6.4003,-5.1518,-4.0491,-2.4961,-1.1507,-0.24752,0.80929,1.6171,2.0934,2.5532,2.8062,2.9166,2.8905,2.7323,2.4776,2.2044,1.7636,1.2789,0.82985,0.19432,-0.4926,-1.2807,-1.8584,-2.6768,-3.5345,-4.1391,-4.9479,-5.5613,-5.8467,-5.6595,-4.8502,-3.7144,-2.8308,-1.7828,-1.0065,-0.62329,-0.38117,-0.45698,-0.73218,-1.114,-1.6842,-2.2901,-2.7177,-3.2287,-3.6783,-3.9511,-4.246,-4.5058,-4.6571,-4.6987,-4.581,-4.4571,-4.3396,-4.1946,-4.2898,-4.6355,-5.1725,-6.3966,-8.5168,-11.074,-17.368,-25.291,-15.5,-9.6399,-6.3332,-4.3093,-3.2477,-2.2923,-1.7643,-1.5481,-1.4065,-1.3876,-1.3505,-1.24,-0.98056,-0.57359,-0.23686,0.25985,0.75048,1.0658,1.4534,1.7471,1.9292,2.0769,2.0994,2.1088,2.17,2.22,2.3882,2.5755,2.8927,3.3146,3.7469,4.0768,4.5242,4.8708,5.0603,5.3197,5.321,5.1959,4.9381,4.3497,3.5186,2.6726,1.2705,-0.50252,-2.1094,-4.4838,-7.1902,-9.6998,-10.859,-11.147,-9.8866,-8.6632,-7.1333,-5.8558,-5.1947,-4.7328,-4.7722,-5.4507,-6.4965,-8.7793,-12.449,-14.954,-12.113,-7.5197,-5.1161,-2.6071,-0.87232,0.32369,0.97696,1.5769,1.8858,1.9527,1.915,1.6931,1.3886,1.1242,0.86291,0.4879,0.27879,0.20578,0.022226,-0.024824,-0.038295,-0.020357,-0.045184,-0.1263,-0.31955,-0.80614,-1.3479,-2.3056,-3.6734,-4.7018,-5.7667,-5.8443,-4.9436,-4.1,-3.0589,-2.3523,-2.0949,-2.035,-2.3101,-2.8277,-3.3126,-4.0626,-4.8071,-5.2949,-5.8283,-6.1288,-6.246,-6.3507,-6.3601,-6.4824,-6.7166,-7.2522,-8.1886,-9.1873,-11.042,-13.618,-16.052,-19.667,-20.566,-18.086,-16.29,-14.836,-14.156,-14.22,-14.981,-16.427,-17.7
-0.038115,-0.74775,-1.9645,-3.567,-5.1078,-7.6391,-11.432,-15.796,-22.45,-14.899,-9.5402,-6.8034,-4.04,-1.9916,-0.74542,0.57453,1.5541,2.0957,2.5997,2.8611,2.9264,2.8792,2.708,2.4742,2.2801,1.9956,1.7396,1.5443,1.2134,0.84124,0.31867,-0.18865,-1.051,-2.2762,-3.4955,-5.7475,-9.502,-16.325,-19.91,-10.935,-5.9436,-3.5053,-1.2275,0.33759,1.1701,1.8822,2.2563,2.3422,2.2358,1.8996,1.3805,0.86387,0.01434,-0.98797,-1.89,-3.1771,-4.4771,-5.5159,-5.8269,-5.5447,-4.7529,-4.0052,-3.1918,-2.6378,-2.3929,-2.4488,-2.7864,-3.3763,-3.8923,-4.4516,-4.4448,-4.04,-3.0814,-1.9847,-1.01,-0.40023,0.18645,0.58134,0.75381,0.78655,0.75483,0.63807,0.42586,0.2136,-0.024993,-0.14388,-0.22607,-0.25455,-0.1789,-0.067404,-0.031479,-0.021968,-0.15854,-0.50891,-0.86479,-1.1656,-1.3465,-1.045,-0.42034,0.76397,2.0347,3.3356,4.1718,5.0913,5.8446,6.2435,6.5805,6.6248,6.5558,6.1954,5.5457,4.6059,3.7318,2.2087,0.36841,-1.1913,-3.7489,-6.476,-9.4499,-11.604,-12.5,-11.145,-9.5695,-7.3012,-5.5097,-4.4684,-3.3683,-2.7334,-2.3898,-2.3012,-2.3443,-2.2998,-2.0935,-1.5162,-0.59055,0.24846,1.2411,2.1558,2.8821,3.3001,3.6574,3.8416,3.8458,3.6999,3.4151,2.9512,2.5145,1.8066,1.046,0.22345,-0.82209,-1.8213,-2.5061,-2.9359,-2.7234,-2.0265,-1.4162,-0.64862,-0.054563,0.22089,0.4455,0.51219,0.50554,0.53723,0.58599,0.69579,0.7813,0.85907,0.80381,0.65507,0.25857,-0.38411,-1.259,-2.1065,-3.4332,-4.9512,-6.1769,-7.643,-8.4928,-8.5499,-8.0409,-7.2784,-6.6078,-6.3214,-6.2709,-6.6786,-7.3181,-8.6291,-10.581,-12.387,-14.664,-15.15,-13.272,-11.843,-10.159,-9.126,-8.593,-8.143,-7.9514,-7.7282
1.3148,0.6592,-0.47273,-1.9642,-3.2604,-5.2677,-7.3386,-8.5806,-9.4469,-8.5173,-6.7114,-5.0823,-3.0089,-1.2111,-0.011697,1.2079,2.1025,2.5332,2.7926,2.7594,2.3983,1.9895,1.3358,0.67257,0.35045,0.20465,0.36065,0.66386,1.0618,1.3701,1.529,1.4594,1.1861,0.63486,0.019507,-0.99138,-2.1509,-2.9549,-2.9233,-1.8261,-0.15999,1.1144,2.6215,3.8077,4.4974,5.1445,5.5221,5.6063,5.5405,5.2093,4.6335,4.0165,2.937,1.4838,0.02638,-2.5461,-6.4442,-13.896,-35.708,-11.424,-5.855,-3.3822,-1.2731,0.12858,0.99731,1.4011,1.7076,1.8324,1.8564,1.8656,1.9211,1.9913,2.1643,2.3383,2.5429,2.6563,2.7233,2.7026,2.5949,2.2935,1.8331,1.3341,0.50324,-0.5803,-1.8376,-2.742,-3.7092,-3.9953,-3.7279,-3.1131,-2.5475,-2.301,-2.5718,-3.2249,-4.8901,-7.1586,-12.008,-14.744,-9.027,-3.4378,0.16443,2.7336,4.2447,5.7527,6.8863,7.5241,7.9905,8.2424,8.2505,7.9046,7.3688,6.4879,5.6513,4.2268,2.5186,0.95419,-1.5218,-4.4883,-8.3663,-11.43,-13.716,-10.537,-8.0308,-5.276,-3.1669,-1.9211,-0.54134,0.48737,1.2831,1.7721,2.3158,2.7979,3.1295,3.6079,3.994,4.3523,4.7521,5.0781,5.3497,5.4766,5.5192,5.4531,5.3233,4.987,4.5415,3.9079,3.3085,2.1886,1.0023,-0.35483,-2.7654,-6.0948,-10.323,-19.418,-11.356,-5.6632,-3.0033,-0.65312,1.0122,1.9267,2.7768,3.44,3.7576,4.061,4.2367,4.2926,4.2785,4.1138,3.7881,3.4387,2.7702,1.8696,0.64501,-0.53604,-2.498,-5.2026,-8.0089,-13.943,-35.677,-18.581,-10.946,-7.444,-5.3311,-4.2806,-3.4074,-2.9364,-2.8069,-2.858,-3.0882,-3.3018,-3.4899,-3.4952,-3.233,-2.9826,-2.565,-2.1873,-1.9489,-1.7038,-1.5284,-1.4088
2.8931,2.3919,1.4165,0.14559,-1.0399,-2.8896,-4.8647,-6.4441,-7.8399,-7.5962,-5.7854,-3.9838,-1.7378,0.18656,1.373,2.5255,3.253,3.5106,3.4284,2.8669,1.7355,0.44469,-1.9891,-5.4993,-8.3915,-8.2763,-4.7467,-2.4983,-0.25194,1.243,2.2842,2.8424,3.3359,3.6599,3.7943,3.9398,4.1062,4.3326,4.6412,5.1428,5.7868,6.2997,6.9746,7.5739,7.93,8.2933,8.4896,8.5104,8.4095,8.1141,7.6241,7.1362,6.2976,5.2494,4.3349,2.928,1.5287,0.38606,0.053474,0.41727,1.4218,2.288,3.3273,4.195,4.8008,5.122,5.3613,5.4247,5.3816,5.2463,5.0161,4.8346,4.5807,4.3284,4.1194,3.9686,3.8001,3.5759,3.3508,2.9702,2.287,1.6094,0.31087,-1.6207,-4.4749,-7.9097,-16.844,-18.86,-10.847,-6.4054,-3.9497,-2.8015,-2.3817,-2.3116,-2.9167,-3.3993,-4.0032,-3.6049,-2.299,0.00020605,2.3611,4.4638,5.7417,7.241,8.3343,8.9657,9.5226,9.8582,9.8502,9.654,9.1917,8.4571,7.7215,6.5963,5.1503,3.9963,2.3396,0.57814,-0.86291,-1.8618,-2.4104,-2.4025,-1.9503,-0.94654,0.17343,1.0852,2.1802,3.1839,4.0194,4.5365,5.1234,5.5551,5.8079,6.0789,6.273,6.324,6.4136,6.4067,6.3398,6.2387,6.0759,5.7989,5.5574,5.1432,4.6066,3.9923,3.4706,2.594,1.6155,0.91587,-0.48235,-1.756,-2.6618,-3.1518,-2.4042,-0.85922,0.38994,1.9516,3.2106,4.0065,4.8342,5.4494,5.8055,6.1222,6.3295,6.4049,6.3797,6.2178,5.9164,5.5658,4.9449,4.1251,3.069,2.1581,0.71166,-0.8987,-2.1472,-3.6269,-4.4033,-4.3608,-3.6426,-2.4756,-1.2989,-0.48766,0.4352,1.1792,1.6224,2.0584,2.3926,2.5722,2.7509,2.9051,2.9754,3.0628,3.101,3.1245,3.1011,3.0072,2.916,2.7707
2.4482,2.1622,1.525,0.52001,-0.51022,-2.3107,-5.0489,-7.7591,-13.185,-12.836,-7.2957,-4.1764,-1.3083,0.8271,1.9315,2.9866,3.5545,3.6839,3.4973,2.8147,1.6955,0.46183,-1.6332,-4.1193,-5.6682,-5.8503,-4.2806,-2.8103,-1.2159,0.12359,1.1304,1.8044,2.5856,3.268,3.7679,4.3631,4.9371,5.4935,5.8854,6.3886,6.8769,7.2216,7.6241,7.9633,8.1643,8.3504,8.4244,8.4146,8.305,8.0839,7.7484,7.4354,6.9441,6.4022,6.0051,5.4955,5.0701,4.819,4.7663,4.8294,5.0971,5.3155,5.6496,5.905,6.0563,6.0703,5.945,5.6411,5.2966,4.6803,3.9186,3.2701,2.3451,1.5228,0.85508,0.58918,0.51911,0.66192,0.81391,0.92037,0.84384,0.59857,-0.035394,-0.94355,-2.2188,-3.1981,-4.2966,-4.5852,-4.2916,-3.536,-2.7694,-2.2591,-1.8931,-1.8764,-1.6078,-1.4442,-1.0186,-0.16967,0.62516,1.9653,3.3822,4.8028,5.7966,6.9403,7.8965,8.4112,8.9865,9.215,9.2452,9.1378,8.7018,8.0805,7.4486,6.3988,5.137,4.0501,2.3998,0.6345,-1.2847,-2.5776,-3.8684,-4.1579,-3.5759,-2.2154,-0.6468,0.4757,1.7611,2.8232,3.6583,4.126,4.5488,4.7759,4.8408,4.7469,4.6153,4.4156,4.0885,3.7713,3.4121,3.1614,2.8321,2.4663,2.129,1.6697,1.0697,0.45079,-0.00079337,-0.31989,-0.79337,-0.75922,-0.62844,-0.46915,-0.16599,0.29159,0.85026,1.5481,2.0576,2.7024,3.3095,3.6437,4.0772,4.3598,4.5527,4.7792,4.9444,5.0685,5.0953,5.0852,4.9475,4.7463,4.3405,3.7355,2.9965,2.3206,1.31,0.26405,-0.49151,-1.3332,-1.9327,-2.0424,-1.7977,-1.1941,-0.31932,0.41834,1.4281,2.34,2.9435,3.6249,4.1512,4.4589,4.7411,4.8898,4.9162,4.8533,4.6737,4.3757,4.0871,3.6311,3.083,2.5263
-0.14695,-0.028775,-0.042983,-0.27631,-0.55391,-1.1259,-1.6826,-2.0959,-2.3207,-2.0653,-1.2782,-0.50611,0.58507,1.5453,2.1125,2.6707,2.9371,2.9445,2.71,2.2023,1.4474,0.77059,-0.25097,-1.2436,-1.9293,-2.5962,-3.0908,-3.311,-3.4586,-3.4863,-3.2094,-2.8556,-2.0828,-1.1119,-0.33351,0.69402,1.5935,2.4046,2.8921,3.4693,3.9098,4.1746,4.4542,4.6538,4.7766,4.8707,4.908,4.8564,4.7795,4.5847,4.3131,4.0545,3.6915,3.3259,3.0879,2.8972,2.836,2.9487,3.1006,3.4055,3.7136,3.9408,4.1832,4.2855,4.2361,4.0615,3.6423,2.9811,2.3032,1.1221,-0.41334,-1.8723,-4.2766,-7.3373,-10.427,-11.15,-9.1963,-6.608,-5.0416,-3.5878,-2.5497,-2.0958,-1.7427,-1.6891,-1.782,-1.9241,-2.1853,-2.4144,-2.6341,-2.8593,-3.2801,-3.7722,-4.3716,-5.1667,-5.9085,-6.2396,-5.784,-4.4936,-3.161,-1.3383,0.47307,1.9774,3.0276,4.1518,5.0358,5.5604,6.0213,6.2247,6.299,6.1139,5.7732,5.2088,4.6568,3.6912,2.5542,1.4365,-0.24685,-2.5339,-5.5138,-8.8029,-16.932,-21.939,-12.395,-7.1692,-4.0324,-2.4417,-0.88784,0.17806,0.82337,1.1042,1.1953,1.0398,0.75013,0.17104,-0.67605,-1.3238,-2.3903,-3.3658,-4.079,-4.3896,-4.6099,-4.6307,-4.768,-5.2329,-6.0664,-7.4742,-8.7924,-10.078,-9.4783,-8.4009,-6.0908,-4.2419,-3.1409,-1.9684,-1.106,-0.53987,-0.23045,-0.035454,-0.029713,-0.11787,-0.36856,-0.57825,-0.71329,-0.70862,-0.50656,-0.13816,0.19372,0.58702,0.84445,0.93776,0.84944,0.53056,-0.061239,-0.69166,-1.7371,-3.101,-4.2944,-6.1204,-7.872,-8.6816,-8.2089,-6.4135,-4.2918,-2.8173,-1.1197,0.28026,1.1419,2.0754,2.7561,3.1176,3.4233,3.5144,3.4441,3.2324,2.807,2.1575,1.5364,0.50653,-0.78925,-2.3228
-2.7662,-2.2805,-1.7609,-1.3228,-1.0354,-0.70961,-0.34675,-0.12234,0.29922,0.71597,1.2216,1.5852,2.0881,2.4664,2.6908,2.8417,2.8138,2.6787,2.3065,1.7765,1.0482,0.43927,-0.51668,-1.552,-2.4328,-3.6861,-5.1029,-6.3636,-8.2827,-10.722,-12.719,-12.711,-10.381,-7.4939,-5.7307,-3.7916,-2.3602,-1.3406,-0.80061,-0.30214,-0.059945,0.011149,0.028704,0.0066234,0.011259,0.04898,0.13854,0.17187,0.18447,0.036114,-0.289,-0.67441,-1.3425,-2.1039,-2.6463,-2.9844,-2.7174,-1.9142,-1.15,-0.06393,0.83151,1.3967,1.9053,2.1708,2.1612,1.9676,1.465,0.66486,-0.14206,-1.5019,-3.2598,-4.8429,-7.4195,-10.513,-13.578,-14.251,-12.23,-9.5632,-7.8582,-6.073,-4.7218,-3.9627,-3.1639,-2.6728,-2.3425,-2.2554,-2.2613,-2.4518,-2.7106,-3.2439,-4.0819,-5.3021,-6.6993,-8.9832,-13.671,-20.049,-22.859,-12.117,-8.2335,-4.8215,-2.3983,-0.59433,0.44401,1.5508,2.3128,2.7554,3.0471,3.1962,3.1835,2.9122,2.6024,2.0906,1.6623,0.9763,0.16316,-0.51805,-1.5305,-2.7021,-3.9249,-4.8538,-5.6653,-5.8365,-5.3723,-4.3773,-3.2798,-2.5762,-1.831,-1.4014,-1.303,-1.4195,-1.8406,-2.555,-3.3123,-4.5148,-6.293,-7.7799,-10.489,-14.205,-18.126,-18.027,-14.572,-11.906,-10.616,-10.036,-10.311,-11.821,-14.05,-16.978,-16.615,-12.441,-8.9669,-6.2555,-4.9217,-3.654,-2.8806,-2.5947,-2.6215,-2.9842,-3.8014,-4.6144,-6.2321,-8.0855,-9.5702,-10.581,-9.5323,-7.5369,-6.0588,-4.517,-3.4255,-2.8655,-2.4799,-2.4193,-2.7673,-3.2373,-4.2429,-5.7214,-7.2446,-10.099,-14.44,-18.862,-16.587,-10.989,-7.2192,-5.143,-3.0107,-1.392,-0.43494,0.55039,1.2557,1.6073,1.8594,1.8646,1.6427,1.3196,0.68863,-0.18455,-1.0177,-2.4141,-4.1754,-6.584
-5.4575,-4.897,-4.0947,-3.1485,-2.4128,-1.3798,-0.44849,0.22509,1.0223,1.7137,2.2926,2.6452,3.0024,3.214,3.2916,3.2257,2.994,2.7078,2.1625,1.4571,0.59078,-0.15763,-1.2632,-2.4916,-3.4658,-4.9357,-6.51,-7.9393,-10.144,-13.091,-15.889,-16.077,-12.896,-9.647,-7.6987,-5.8335,-4.493,-3.7512,-3.4439,-3.4849,-3.8979,-4.4495,-5.4062,-6.312,-6.7352,-6.5651,-5.7982,-4.9003,-4.3892,-4.0474,-4.2141,-4.7152,-6.1012,-8.512,-11.594,-18.443,-15.309,-8.9165,-5.9037,-3.1781,-1.328,-0.34355,0.50058,0.95792,1.0228,0.86462,0.35193,-0.47802,-1.295,-2.6254,-4.1477,-5.3816,-7.0077,-8.4041,-9.3067,-9.5296,-9.3039,-8.4453,-7.7296,-6.5655,-5.5203,-4.7826,-3.9468,-3.2679,-2.7809,-2.5476,-2.3554,-2.3729,-2.4725,-2.863,-3.3886,-4.1919,-4.8631,-6.0657,-7.0115,-7.5847,-7.4259,-6.3812,-5.317,-3.7547,-2.4287,-1.2761,-0.62631,0.0097854,0.42761,0.55243,0.55338,0.43901,0.11723,-0.262,-0.81774,-1.3813,-1.7719,-2.1885,-2.5454,-2.6302,-2.818,-2.7687,-2.8231,-2.7024,-2.6097,-2.3478,-2.1528,-1.856,-1.5963,-1.482,-1.4719,-1.7314,-2.2174,-2.791,-3.7915,-5.1137,-6.2607,-7.8886,-9.7347,-11.173,-13.063,-15.186,-16.554,-16.154,-14.131,-11.771,-10.372,-8.954,-8.164,-7.6686,-7.4072,-7.1515,-6.3616,-5.8479,-4.7214,-3.8552,-3.2733,-2.8017,-2.6666,-2.8528,-3.278,-4.1454,-5.4858,-6.7902,-9.154,-12.466,-15.769,-19.19,-15.752,-11.65,-9.422,-7.2615,-5.7213,-4.9385,-4.2551,-3.9433,-3.9395,-4.1304,-4.6499,-5.366,-6.0197,-6.851,-7.4698,-7.6463,-7.2749,-6.3165,-5.0099,-3.9852,-2.6765,-1.5171,-0.78049,-0.0039777,0.53803,0.78609,0.89486,0.77616,0.37454,-0.041565,-0.83353,-1.7887,-2.6392,-3.8376,-5.1107,-6.3342
-10.24,-10.404,-9.1196,-6.7898,-4.9811,-2.7927,-1.0385,0.10902,1.3052,2.2793,2.9911,3.4013,3.7392,3.905,3.8757,3.6816,3.2799,2.8365,2.0866,1.107,-0.043617,-1.0428,-2.4487,-3.9523,-4.9977,-6.3558,-7.3918,-7.9924,-8.5261,-8.7111,-8.5724,-8.1618,-7.3433,-6.3002,-5.5532,-4.6566,-4.1094,-3.8884,-4.0245,-4.6524,-5.885,-7.3435,-10.427,-16.125,-27.531,-18.751,-11.802,-8.323,-6.793,-5.5301,-4.9879,-4.9793,-5.4213,-6.3256,-7.0809,-7.7059,-6.9982,-5.2565,-3.7429,-1.9993,-0.58884,0.1809,0.90472,1.2436,1.2436,1.0127,0.40589,-0.54699,-1.4975,-3.0873,-5.0493,-6.7785,-9.2705,-11.773,-13.142,-13.073,-11.818,-10.247,-9.0609,-7.6725,-6.4363,-5.5881,-4.647,-3.7954,-3.142,-2.7097,-2.3219,-2.0724,-2.0151,-2.0255,-2.1987,-2.4237,-2.6475,-2.9543,-3.1268,-3.2071,-3.0415,-2.7871,-2.4295,-1.99,-1.4947,-1.1508,-0.94247,-0.86023,-0.95474,-1.2042,-1.6148,-2.4181,-3.018,-3.9988,-5.2021,-6.3631,-7.2295,-7.9226,-7.6894,-7.0935,-5.7779,-4.4672,-3.2283,-2.4515,-1.6044,-0.93299,-0.57201,-0.24453,-0.1406,-0.20351,-0.54819,-1.1611,-2.1058,-3.065,-4.7403,-6.879,-8.8368,-11.93,-14.525,-15.617,-14.703,-13.113,-11.439,-10.278,-8.718,-7.1995,-6.2076,-4.9961,-3.995,-3.1588,-2.5879,-2.0327,-1.4284,-1.1153,-0.73844,-0.51403,-0.46129,-0.57948,-0.96545,-1.6043,-2.2804,-3.4222,-4.8113,-5.9915,-7.511,-8.9757,-9.6873,-10.192,-9.8213,-8.8936,-7.9876,-6.8594,-5.8022,-5.179,-4.546,-4.2284,-4.1254,-4.2389,-4.5026,-4.9215,-5.2582,-5.6674,-5.8773,-5.8396,-5.5354,-4.8499,-3.9433,-3.1821,-2.1636,-1.2135,-0.59789,0.058423,0.47355,0.62402,0.5956,0.28995,-0.28589,-0.92277,-2.0073,-3.376,-4.5212,-6.1118,-7.4772,-8.1651
-14.558,-18.264,-14.191,-8.6642,-5.7562,-2.8912,-0.74873,0.49888,1.8237,2.8226,3.5471,3.93,4.2497,4.3383,4.2508,3.9467,3.4028,2.8275,1.833,0.54132,-1.0502,-2.4676,-4.6984,-7.3037,-9.486,-11.963,-13.008,-12.212,-10.518,-8.6963,-7.1896,-6.1616,-4.9897,-4.0151,-3.4251,-2.8311,-2.5366,-2.5035,-2.7388,-3.2778,-4.2123,-5.1015,-6.4509,-7.6949,-8.2754,-8.1074,-7.0746,-5.8495,-4.9644,-3.9859,-3.2671,-2.8956,-2.5243,-2.2994,-2.0797,-1.7557,-1.2469,-0.5833,-0.0045988,0.75204,1.4418,1.8432,2.2419,2.3885,2.287,2.0029,1.3612,0.36854,-0.63669,-2.3628,-4.6855,-6.865,-10.766,-16.474,-22.647,-19.345,-14.65,-12.018,-10.637,-9.2194,-8.0177,-7.1563,-6.0101,-4.9609,-4.0092,-3.3875,-2.764,-2.3133,-2.1251,-1.956,-1.9769,-2.0622,-2.1946,-2.2217,-2.3811,-2.3168,-2.2864,-2.0987,-1.9458,-1.7218,-1.5613,-1.5197,-1.6091,-1.8647,-2.4332,-2.9584,-4.0568,-5.3405,-6.4324,-8.3043,-10.28,-12.921,-16.013,-24.3,-22.482,-15.243,-9.657,-6.2469,-3.686,-2.3084,-0.82995,0.18695,0.73775,1.1867,1.3187,1.2185,0.82803,0.1313,-0.92505,-1.9569,-3.7017,-5.9793,-8.1245,-11.993,-16.128,-17.141,-13.925,-10.542,-7.956,-6.4712,-4.6927,-3.2656,-2.2602,-1.1469,-0.12882,0.69727,1.1919,1.85,2.173,2.477,2.5506,2.5251,2.3241,1.8702,1.1603,0.12538,-0.81898,-2.42,-4.2951,-5.9763,-8.3063,-10.54,-11.608,-11.641,-10.508,-9.0067,-7.9495,-6.6174,-5.6164,-5.0093,-4.4513,-4.1631,-4.2128,-4.4204,-4.9541,-5.7665,-6.5176,-7.6722,-8.7095,-9.0328,-8.523,-7.1456,-5.4325,-4.1556,-2.6175,-1.3639,-0.61417,0.13219,0.59719,0.74272,0.67406,0.27009,-0.44942,-1.263,-2.694,-4.701,-6.6766,-10.479,-16.972,-23.739
-4.5797,-4.6344,-4.136,-3.0822,-2.114,-0.82173,0.42447,1.2145,2.134,2.8493,3.4023,3.6762,3.9075,3.9318,3.8418,3.5122,2.9395,2.3289,1.2442,-0.1739,-1.9685,-3.6238,-6.3013,-9.6992,-12.838,-17.994,-19.529,-16.423,-12.084,-9.1072,-6.6941,-5.3227,-3.7722,-2.6502,-1.9894,-1.4442,-1.1558,-1.1644,-1.3418,-1.7552,-2.3736,-2.8945,-3.5902,-4.1787,-4.4506,-4.5375,-4.3355,-3.8857,-3.457,-2.812,-2.2051,-1.7706,-1.2604,-0.80892,-0.50626,-0.078839,0.36611,0.84905,1.2154,1.7363,2.218,2.5393,2.8723,3.0526,3.0369,2.8733,2.4241,1.6997,0.95839,-0.30899,-1.8542,-3.2023,-5.1184,-7.0428,-8.5599,-9.4676,-10.351,-11.218,-11.948,-12.679,-12.415,-11.444,-9.4369,-7.5194,-5.915,-5.015,-4.1362,-3.5869,-3.3768,-3.35,-3.5196,-3.8578,-4.1604,-4.4852,-4.7981,-4.7675,-4.7491,-4.3226,-4.0573,-3.5318,-3.2168,-2.985,-3.0586,-3.3628,-4.1393,-4.9449,-6.7629,-8.5935,-11.199,-13.783,-15.891,-15.644,-14.896,-13.704,-11.67,-9.8091,-6.9935,-4.5138,-2.3326,-1.0644,0.37262,1.3751,1.939,2.3715,2.52,2.4229,2.0631,1.4171,0.51397,-0.30443,-1.5441,-2.9293,-3.902,-5.1873,-5.813,-6.0795,-5.6692,-4.8492,-3.7275,-2.8147,-1.6034,-0.43414,0.39089,1.419,2.3346,3.1405,3.6176,4.2108,4.5597,4.7682,4.8201,4.6945,4.4323,3.8523,3.0124,1.8064,0.70689,-1.2129,-3.5546,-5.9259,-9.8501,-16.349,-23.424,-18.631,-13.027,-9.9623,-8.4779,-6.8664,-5.7886,-5.1643,-4.6675,-4.4082,-4.5297,-4.8104,-5.6398,-6.9487,-8.377,-11.223,-16.654,-26.172,-20.016,-11.954,-7.7568,-5.5677,-3.3841,-1.7915,-0.89271,-0.041069,0.47502,0.64786,0.61222,0.26021,-0.38661,-1.0585,-2.2089,-3.6535,-4.8884,-6.6196,-8.1377,-8.5154
-1.1193,-1.1596,-0.95673,-0.57632,-0.16047,0.40078,1.0212,1.3998,1.8949,2.2621,2.5707,2.7457,2.9137,2.9938,3.0038,2.8526,2.509,2.0843,1.2087,0.0073143,-1.6479,-3.1332,-5.487,-8.0985,-10.119,-11.945,-12.33,-11.28,-9.2357,-6.8589,-4.7368,-3.37,-1.9167,-0.83343,-0.2589,0.19672,0.35489,0.16618,-0.11466,-0.7956,-1.6401,-2.4374,-3.5818,-4.7145,-5.3435,-5.7917,-5.6399,-4.9368,-4.2402,-3.3325,-2.4996,-1.978,-1.4798,-1.0588,-0.8835,-0.62976,-0.40711,-0.065576,0.26056,0.85098,1.5135,2.0756,2.7049,3.2362,3.5505,3.6731,3.6123,3.302,2.9187,2.197,1.2674,0.42907,-0.82524,-2.1933,-3.7432,-5.0053,-7.0611,-9.648,-12.578,-18.354,-23.285,-16.919,-11.588,-8.5721,-6.5481,-5.6781,-4.8289,-4.5659,-4.5492,-5.0198,-5.7448,-6.9319,-7.9523,-9.8513,-11.039,-11.782,-11.021,-9.4741,-8.0879,-6.5705,-5.2904,-4.4029,-4.0162,-3.9355,-4.315,-4.9926,-6.2615,-8.8059,-10.762,-15.439,-17.498,-14.168,-11.332,-8.5209,-6.0458,-4.6997,-2.7401,-1.1848,0.30772,1.2017,2.2866,3.0653,3.5084,3.8365,3.9221,3.8008,3.3856,2.7018,1.7594,0.91317,-0.36069,-1.6532,-2.5315,-3.46,-3.8562,-3.8585,-3.4114,-2.6537,-1.7983,-1.0123,-0.029164,1.0198,1.7585,2.7686,3.6788,4.5272,5.1512,5.7152,6.2892,6.4631,6.6785,6.6021,6.4163,5.9414,5.1941,4.1755,3.2042,1.6684,-0.18084,-1.7226,-3.8815,-5.9122,-7.0965,-7.9812,-8.1007,-7.7813,-7.2918,-6.5574,-5.7588,-5.1885,-4.6182,-4.2921,-4.2073,-4.383,-4.8608,-5.6555,-6.4152,-7.5265,-8.4528,-8.7625,-8.2336,-6.8875,-5.1747,-3.8797,-2.3703,-1.1406,-0.40147,0.33539,0.73686,0.86016,0.77552,0.44656,-0.12671,-0.68118,-1.5521,-2.4611,-3.0967,-3.7572,-4.0248,-3.9025
-0.92563,-1.0206,-0.85896,-0.43325,-0.042422,0.50879,0.88443,1.095,1.1692,1.101,0.92885,0.90916,1.0694,1.5406,1.9421,2.5,2.8421,2.9053,2.6516,1.9606,0.77613,-0.43051,-2.6924,-5.8301,-9.4349,-17.459,-17.866,-11.255,-6.2573,-3.1506,-0.97008,0.30151,1.5213,2.3826,2.741,2.9814,2.8424,2.4103,1.8389,0.80098,-0.65696,-2.0543,-4.4964,-7.9358,-11.621,-16.337,-12.362,-8.1506,-5.8838,-3.9069,-2.5953,-2.0119,-1.5975,-1.6502,-1.8662,-2.5251,-3.2835,-3.7522,-3.4855,-2.2858,-0.5218,0.79981,2.3542,3.5988,4.5161,4.9827,5.3595,5.4591,5.3648,5.0493,4.5026,3.9925,3.1299,2.1285,0.94361,-0.025723,-1.4277,-2.9524,-3.9925,-5.2225,-5.7451,-5.7595,-5.2013,-4.5608,-4.0147,-3.7013,-3.5755,-3.7583,-4.1955,-5.0188,-6.493,-8.3941,-10.675,-13.823,-21.065,-26.42,-19.895,-14.082,-11.047,-7.9771,-5.6981,-4.0749,-3.132,-2.3275,-1.884,-1.8803,-2.0308,-2.5171,-2.914,-3.3124,-3.4329,-2.8968,-2.3707,-1.4009,-0.38291,0.44291,1.43,2.4465,3.2966,3.9788,4.6966,5.3628,5.7058,6.0396,6.0942,5.9674,5.5131,4.7074,3.5155,2.3102,0.25668,-2.4071,-4.7906,-7.5231,-8.1481,-6.5599,-4.4992,-2.7657,-1.4511,-0.68091,0.29112,1.2197,2.0446,3.1449,4.3492,5.4917,6.2716,7.2417,7.9687,8.4285,8.8061,8.9701,8.9446,8.7074,8.2052,7.4876,6.7496,5.5964,4.1605,2.9873,1.1817,-0.76923,-2.3386,-4.5872,-6.9494,-8.7848,-9.0482,-7.9785,-6.1975,-5.0517,-3.8157,-3.1196,-2.8059,-2.8457,-3.0786,-3.5494,-3.9834,-4.5046,-4.7238,-4.7418,-4.2317,-3.4214,-2.3508,-1.5074,-0.41814,0.51668,1.0767,1.6092,1.8884,1.91,1.6865,1.1922,0.39976,-0.37446,-1.6487,-3.0689,-4.1431,-5.1567,-5.1646,-4.2083
-7.7183,-8.0068,-6.5955,-4.4868,-3.2079,-1.8882,-1.2483,-1.0883,-1.5666,-2.7968,-4.999,-7.1709,-8.0547,-4.7784,-2.2346,0.40873,2.1313,2.9569,3.5859,3.6854,3.3897,2.8816,1.9698,0.87506,0.02806,-0.71138,-0.7816,-0.25702,0.79016,1.9297,2.9783,3.5814,4.2193,4.5453,4.6313,4.469,4.0257,3.323,2.5917,1.4202,-0.070375,-1.35,-3.3482,-5.5799,-7.207,-8.4797,-7.861,-6.0553,-4.8595,-3.5107,-2.7246,-2.4286,-2.4207,-3.0311,-3.8233,-5.7576,-9.1692,-17.085,-25.49,-10.048,-4.3118,-1.6436,0.99343,2.8218,4.1709,4.8642,5.4921,5.821,5.8875,5.7779,5.4833,5.1438,4.5847,3.8706,3.0965,2.4285,1.5436,0.58093,-0.054044,-0.93089,-1.6206,-2.0238,-2.5015,-2.7884,-3.1036,-3.2059,-3.5647,-3.9573,-4.4962,-5.4108,-6.7515,-8.6407,-10.033,-13.159,-14.931,-16.9,-16.102,-13.917,-11.553,-8.3588,-5.9136,-3.692,-2.5436,-1.1646,-0.27049,0.2711,0.59407,1.0526,1.0199,1.2782,1.3816,1.5287,1.7081,1.8999,2.04,2.2353,2.3889,2.7455,3.1587,3.6703,4.3855,5.2183,5.7667,6.3737,6.712,6.7612,6.542,5.9084,4.8449,3.699,1.6247,-1.2512,-4.0553,-7.7834,-8.2217,-6.5573,-4.3725,-3.293,-2.915,-3.1064,-3.4823,-3.383,-2.5721,-0.58356,1.6438,3.6916,4.9505,6.4493,7.5345,8.2856,8.9329,9.4094,9.5873,9.6268,9.4434,9.0042,8.528,7.6593,6.5281,5.5172,3.8599,1.8921,0.020837,-3.0142,-7.2712,-13.426,-14.739,-9.8788,-6.2208,-4.6014,-3.2052,-2.4871,-2.3636,-2.5233,-3.1942,-4.2329,-5.2665,-6.8433,-8.2359,-8.4065,-7.3898,-5.3713,-3.3996,-2.1551,-0.78932,0.25322,0.79821,1.2312,1.4126,1.3505,1.032,0.40258,-0.58322,-1.5581,-3.3871,-6.0837,-9.2786,-17.698,-20.006,-9.4699
-16.549,-17.22,-13.196,-9.5314,-7.5757,-5.8046,-4.71,-4.4154,-4.5137,-5.4097,-6.9925,-8.3898,-8.6814,-6.1469,-3.9001,-1.3489,0.49045,1.5047,2.4057,2.9378,3.1495,3.138,2.9953,2.7458,2.5791,2.4081,2.3772,2.4658,2.6471,2.9293,3.1583,3.2924,3.3429,3.1941,2.9605,2.395,1.6198,0.55473,-0.33488,-1.7097,-3.0637,-4.0247,-5.0732,-5.7633,-6.0923,-6.2124,-6.0027,-5.6223,-5.3869,-5.0974,-5.0338,-5.1087,-5.4774,-5.9475,-6.5275,-7.255,-7.9623,-8.2122,-7.7959,-6.4566,-4.5359,-3.1502,-1.3692,0.026445,1.0844,1.683,2.1956,2.4303,2.4566,2.3074,2.0221,1.7198,1.2715,0.76666,0.20481,-0.24564,-0.95382,-1.6964,-2.3809,-3.3064,-4.3838,-5.1954,-6.3188,-7.263,-7.8095,-8.0985,-8.0595,-8.0279,-7.9754,-8.3682,-8.9772,-10.233,-11.538,-13.846,-18.217,-21.795,-23.954,-17.413,-13.636,-10.161,-7.3814,-5.5489,-4.2404,-3.0554,-2.0631,-1.4808,-0.87835,-0.45733,-0.13733,0.056615,0.2335,0.17763,0.066987,-0.27907,-0.86157,-1.6062,-2.7352,-4.1352,-4.5394,-3.9798,-1.9033,0.17628,1.6244,3.0424,4.0646,4.5278,4.789,4.6867,4.2069,3.6497,2.6521,1.5015,0.55682,-0.49903,-1.4397,-1.8918,-2.6141,-3.5535,-5.1944,-7.0391,-11.588,-21.26,-15.659,-8.0369,-3.8248,-1.0747,0.57633,2.1111,3.5355,4.2435,5.2013,5.8924,6.2979,6.6461,6.791,6.6833,6.4745,5.9631,5.2362,4.5278,3.396,2.0601,0.925,-0.63682,-2.1834,-3.4008,-3.9331,-4.18,-4.0695,-3.8977,-3.8175,-3.9222,-4.3022,-4.7992,-5.8367,-7.4182,-9.0611,-12.467,-18.252,-22.13,-15.1,-10.19,-7.169,-5.5903,-4.1252,-3.2237,-2.8269,-2.5983,-2.6971,-2.8951,-3.2826,-3.8165,-4.3821,-4.9708,-5.7993,-6.838,-7.5256,-8.1772,-7.8872,-6.6581
-10.874,-10.802,-10.19,-9.1052,-8.1332,-6.9354,-5.7626,-5.1144,-4.3884,-3.8731,-3.503,-3.1576,-2.5724,-1.7472,-0.98788,-0.015292,0.90618,1.4702,2.0645,2.4612,2.6556,2.7264,2.6851,2.5631,2.4618,2.298,2.1931,2.111,2.0872,2.0813,2.0707,2.0419,1.8646,1.5421,1.1162,0.32167,-0.84236,-2.4152,-3.9361,-6.3593,-9.1667,-10.965,-11.661,-10.578,-9.486,-8.2409,-7.4029,-7.0092,-6.8539,-7.0331,-7.4454,-7.9663,-8.8326,-9.6432,-10.145,-10.272,-9.82,-8.9071,-7.9501,-6.6164,-5.2323,-4.2561,-3.1028,-2.1306,-1.4934,-1.1863,-1.0547,-1.2214,-1.5095,-2.0571,-2.7257,-3.1787,-3.7026,-3.9965,-4.2114,-4.3382,-4.6462,-5.1466,-5.7494,-6.8428,-8.398,-10.025,-12.778,-16.602,-19.426,-18.258,-14.79,-12.376,-11.109,-10.069,-9.7039,-9.6684,-10.04,-10.521,-10.921,-11.435,-11.067,-10.344,-9.556,-8.2341,-7.1323,-6.1568,-5.5089,-4.8634,-4.2554,-3.9298,-3.3261,-3.0347,-2.5602,-2.2783,-2.0005,-1.8836,-2.0216,-2.4463,-3.2893,-4.3926,-6.6384,-10.569,-16.257,-13.118,-6.8322,-2.9405,-0.8507,1.143,2.5203,3.238,3.8268,4.0812,4.0397,3.8503,3.4326,2.8493,2.3573,1.61,0.81008,0.20177,-0.73115,-1.7472,-2.9376,-3.8492,-4.9857,-5.5937,-5.6513,-5.0818,-4.1981,-3.3234,-2.7904,-1.8649,-1.061,-0.29632,0.75239,1.7855,2.5016,3.294,3.8254,4.1274,4.162,4.0107,3.6463,3.214,2.5464,1.7011,1.0645,0.13009,-0.75574,-1.5732,-2.1743,-2.8262,-3.4919,-3.9449,-4.582,-5.2727,-5.941,-6.5059,-7.1923,-7.9323,-8.4763,-9.1135,-9.5654,-9.4177,-8.8761,-7.8693,-6.8802,-6.2767,-5.7599,-5.663,-5.8353,-6.373,-7.2518,-8.0087,-8.9436,-9.4266,-9.3684,-9.1261,-8.6854,-8.277,-7.974,-7.5765,-7.1609,-6.5598
-11.476,-11.781,-11.521,-10.453,-9.1994,-7.3748,-5.65,-4.4502,-3.1459,-2.045,-1.1547,-0.58041,0.10272,0.6895,1.1119,1.5914,2.0003,2.234,2.4686,2.5664,2.5576,2.4664,2.24,1.9219,1.6086,1.1838,0.77455,0.54484,0.41302,0.44629,0.64844,0.79471,0.93508,0.88063,0.64533,0.050791,-1.0172,-2.5974,-4.2245,-7.2219,-11.441,-15.445,-15.997,-11.941,-9.7736,-7.9225,-6.995,-6.6684,-6.7675,-7.3557,-8.4781,-9.7467,-12.066,-15.708,-19.108,-20.811,-16.021,-12.082,-9.8918,-7.5878,-5.8734,-4.7635,-3.7103,-2.9598,-2.5558,-2.5295,-2.8396,-3.6009,-4.52,-6.2289,-8.4632,-10.258,-11.57,-10.773,-9.1314,-8.1645,-7.2946,-7.0947,-7.2397,-7.9256,-9.1803,-10.426,-12.65,-15.207,-16.578,-16.084,-13.712,-11.377,-10.124,-8.7169,-7.8591,-7.2667,-6.9269,-6.8165,-6.5916,-6.5312,-6.3979,-6.2337,-6.0545,-6.0038,-6.0111,-6.0155,-6.3188,-6.5259,-6.8872,-6.9318,-6.7747,-6.0608,-5.5521,-4.5376,-3.7514,-3.0493,-2.6841,-2.4143,-2.4546,-2.4839,-2.8243,-3.0107,-2.754,-2.2934,-1.071,0.31121,1.3069,2.5251,3.4558,4.001,4.5065,4.773,4.8488,4.7753,4.5441,4.1698,3.8323,3.2526,2.6471,2.099,1.356,0.5475,-0.23764,-0.8701,-1.6087,-2.2986,-2.811,-3.4392,-4.2568,-5.26,-6.2868,-7.5508,-8.0721,-6.7814,-4.413,-1.948,-0.46714,1.0639,2.1087,2.7398,2.9556,2.983,2.7242,2.41,1.8456,1.2014,0.6909,0.0076911,-0.65398,-1.3394,-1.8827,-2.699,-3.6328,-4.498,-5.7558,-7.1363,-8.4286,-9.0095,-9.1935,-8.723,-8.2261,-7.4661,-6.7701,-6.298,-5.7469,-5.3124,-5.0394,-4.9915,-5.2222,-5.8234,-6.6145,-8.2561,-10.745,-13.509,-19.387,-22.858,-16.936,-13.806,-11.312,-9.748,-9.0873,-8.4773,-8.1749,-8.0536
-13.377,-17.289,-28.124,-16.63,-11.465,-7.2246,-4.3922,-2.7104,-1.0777,0.19582,1.1458,1.6653,2.2069,2.5386,2.7057,2.8188,2.8332,2.809,2.7279,2.5793,2.3759,2.1242,1.6562,0.97626,0.21423,-0.99253,-2.5141,-3.5626,-4.2206,-3.4439,-1.8473,-0.70423,0.57454,1.3773,1.7042,1.7638,1.4193,0.71067,0.0053952,-1.1628,-2.2906,-2.9908,-3.5434,-3.6374,-3.5568,-3.4795,-3.5364,-3.8326,-4.3062,-5.1639,-6.4442,-7.6528,-9.6032,-11.861,-13.407,-13.855,-12.201,-9.9113,-8.3153,-6.4162,-4.8921,-3.8874,-2.922,-2.2737,-1.9481,-1.9829,-2.3883,-3.3005,-4.3939,-6.56,-9.8178,-13.266,-16.619,-13.27,-9.8126,-8.2125,-6.8606,-6.3184,-6.1965,-6.4455,-7.0133,-7.4919,-8.1699,-8.6919,-8.7314,-8.5789,-7.8819,-7.021,-6.3886,-5.4794,-4.7058,-4.1119,-3.6783,-3.3872,-3.1929,-3.0361,-3.1101,-3.2374,-3.4136,-3.9231,-4.6326,-5.6488,-6.8911,-8.8257,-11.798,-14.293,-15.756,-11.876,-9.8122,-6.8056,-4.9978,-3.4896,-2.5394,-1.5455,-0.78595,-0.19154,0.40883,1.0427,1.7458,2.2256,2.9924,3.7308,4.2349,4.8649,5.3452,5.6225,5.8612,5.9572,5.9399,5.8483,5.6257,5.3109,5.0126,4.5076,3.9719,3.4662,2.7935,2.0662,1.344,0.78187,0.078697,-0.64397,-1.2164,-2.0842,-3.2969,-5.0024,-6.9928,-10.531,-14.161,-11.12,-5.7447,-2.2929,-0.43052,1.2934,2.4087,2.9605,3.0902,2.9032,2.3234,1.7501,0.75773,-0.19285,-0.80313,-1.3117,-1.5559,-1.7152,-1.8774,-2.4069,-3.2786,-4.3396,-6.4272,-9.6419,-15.376,-22.851,-16.967,-10.854,-8.2647,-6.0132,-4.4746,-3.7229,-2.9555,-2.5714,-2.4374,-2.5246,-2.8996,-3.5684,-4.3183,-5.7011,-7.4772,-9.0059,-11.02,-11.875,-11.112,-10.238,-9.132,-8.4768,-8.3439,-8.502,-9.0166,-9.9531
-6.2619,-6.8528,-7.0139,-5.9165,-4.5219,-2.518,-0.79505,0.36004,1.5212,2.3696,2.9441,3.1677,3.2618,3.1311,2.8591,2.4102,1.8328,1.4472,1.0135,0.79865,0.74069,0.68655,0.49666,-0.05389,-0.81571,-2.4919,-5.5308,-9.3539,-16.75,-8.961,-3.5202,-0.94378,1.3388,2.8017,3.5282,4.0548,4.2391,4.1131,3.8664,3.4092,2.8305,2.3959,1.8285,1.2687,0.86659,0.27601,-0.33882,-1.0545,-1.7024,-2.6498,-3.7236,-4.5788,-5.7155,-6.7968,-7.3207,-7.7503,-7.6159,-6.9748,-6.2882,-5.1418,-3.9777,-3.1527,-2.1475,-1.4049,-0.9189,-0.73785,-0.77559,-1.1355,-1.594,-2.4073,-3.3457,-3.8992,-4.4257,-4.5326,-4.3192,-4.1525,-4.1019,-4.2269,-4.5523,-5.1846,-5.9164,-6.553,-7.1955,-7.5242,-7.3985,-6.8794,-6.0825,-5.1182,-4.3526,-3.4792,-2.626,-2.0287,-1.6501,-1.2383,-1.1435,-1.0143,-1.1495,-1.4073,-1.7465,-2.3312,-3.1302,-4.4311,-5.5318,-7.5877,-10.334,-12.221,-13.094,-10.845,-9.389,-6.9374,-5.351,-3.9648,-3.0281,-1.7842,-0.53501,0.29638,1.4919,2.5073,3.4317,4.0771,4.7407,5.3176,5.6296,5.9036,6.0479,6.0533,5.9706,5.8086,5.5912,5.4199,5.1678,4.8787,4.5781,4.1648,3.5773,3.053,2.268,1.4046,0.51205,-0.053338,-0.65756,-1.045,-1.1517,-1.2859,-1.3723,-1.5563,-1.5386,-1.6264,-1.3471,-0.58117,0.4909,1.7487,2.6019,3.4952,4.0202,4.1204,3.9212,3.1917,1.902,0.51296,-2.1387,-5.6521,-8.1901,-7.8883,-5.1287,-3.0082,-2.0248,-1.4144,-1.4854,-1.8686,-2.9011,-4.3008,-5.7432,-6.3991,-6.0702,-4.7715,-3.6734,-2.386,-1.4093,-0.90969,-0.44676,-0.2267,-0.21375,-0.31927,-0.59556,-1.0356,-1.4353,-2.0702,-2.7598,-3.2991,-3.9473,-4.4221,-4.867,-5.0619,-5.473,-6.1109,-6.7339,-8.0158,-9.749,-11.988
-1.0434,-0.9403,-0.62489,-0.16055,0.29751,1.0033,1.6832,2.1123,2.6121,2.8773,2.9055,2.7744,2.2917,1.479,0.61459,-0.98324,-3.0379,-4.8187,-6.7024,-6.4538,-4.7257,-3.3487,-2.0121,-1.2497,-0.93279,-0.98518,-1.2154,-1.3252,-1.1512,-0.32093,0.96636,1.974,3.2056,4.1892,4.7097,5.1768,5.3646,5.3215,5.1401,4.7665,4.2397,3.7615,3.0524,2.262,1.6297,0.76902,-0.15437,-1.1479,-1.8643,-2.9238,-4.025,-4.9095,-6.1699,-7.5403,-8.5519,-9.8449,-10.669,-10.491,-9.6391,-7.9338,-6.0982,-4.8922,-3.4224,-2.2939,-1.4701,-1.028,-0.68127,-0.55124,-0.57549,-0.72538,-0.94856,-1.1653,-1.4255,-1.7013,-2.0428,-2.3438,-2.9334,-3.7593,-4.6272,-6.1422,-8.1754,-10.085,-13.103,-14.792,-13.3,-11.115,-8.6846,-6.6778,-5.4702,-4.2222,-3.2681,-2.5312,-2.219,-1.8382,-1.6412,-1.7347,-1.7846,-2.0443,-2.3407,-2.7586,-3.3268,-4.0121,-4.5067,-5.3174,-6.105,-6.5098,-7.0874,-7.1737,-7.2874,-7.5882,-7.5712,-7.6511,-7.2967,-5.9594,-3.9901,-2.4934,-0.55311,1.0453,2.3082,3.0988,3.8208,4.2585,4.4059,4.3244,3.9831,3.5656,2.8636,2.1293,1.5263,1.2599,1.1662,1.193,1.1913,1.0271,0.4901,-0.073428,-1.2621,-2.868,-4.8167,-6.2861,-7.4629,-6.8921,-5.7252,-3.9756,-2.4048,-1.1271,-0.28502,0.60947,1.6085,2.195,3.0165,3.7572,4.195,4.6236,4.786,4.6715,4.3329,3.5201,2.2684,0.89524,-1.4829,-4.3906,-6.2954,-6.0867,-3.8516,-1.8135,-0.7767,0.14744,0.55357,0.62532,0.51277,0.22934,-0.064154,-0.19753,-0.27918,-0.19762,-0.1009,0.038867,0.088897,0.10063,-0.063314,-0.2787,-0.57566,-0.80221,-1.0798,-1.3145,-1.4515,-1.5909,-1.7482,-1.8848,-2.0789,-2.3745,-2.7874,-3.1989,-3.9539,-4.9933,-6.0056,-7.7781,-10.225,-13.572
0.41785,0.61399,0.87493,1.144,1.334,1.5737,1.805,1.8994,1.973,1.9135,1.6557,1.3234,0.62942,-0.43802,-1.5132,-3.5032,-6.3761,-9.3453,-13.931,-12.544,-8.1771,-5.7864,-3.539,-1.9531,-1.1052,-0.21474,0.51049,0.97832,1.6191,2.3132,3.0151,3.5286,4.148,4.6368,4.8993,5.0947,5.0752,4.8604,4.5782,4.017,3.3002,2.6491,1.6459,0.52563,-0.37811,-1.6184,-2.861,-4.0375,-4.8532,-5.8579,-6.868,-7.6865,-9.0208,-10.657,-12.499,-16.043,-23.207,-29.901,-19.037,-12.987,-9.371,-7.4818,-5.5429,-4.1159,-3.1198,-2.5839,-2.0901,-1.7887,-1.6601,-1.5778,-1.5521,-1.6021,-1.6793,-1.8307,-2.1224,-2.4584,-3.0677,-4.0167,-4.97,-6.5813,-8.8964,-11.089,-14.633,-17.098,-15.262,-12.811,-10.226,-8.3699,-7.2494,-6.0771,-5.2862,-4.6685,-4.3721,-4.2657,-4.2147,-4.4038,-4.6997,-5.0721,-5.3259,-5.6649,-5.9203,-5.896,-5.9373,-5.9466,-5.9204,-6.1022,-6.3849,-7.1465,-7.6714,-9.3668,-12.238,-18.077,-33.768,-16.36,-9.2961,-6.26,-3.3194,-1.1591,0.33167,1.1341,1.8905,2.1716,2.1288,1.6877,0.69395,-0.44183,-2.605,-5.7041,-8.905,-9.3111,-6.9543,-4.6904,-3.5439,-2.9204,-2.9514,-3.4433,-4.7652,-6.8536,-10.193,-13.845,-20.347,-15.189,-10.906,-7.0861,-4.4654,-2.4018,-1.2374,0.27433,1.4191,2.1377,3.0071,3.6617,4.0551,4.4103,4.5838,4.5529,4.3842,3.9964,3.4089,2.8616,2.1138,1.4223,1.0626,0.88587,1.02,1.3086,1.555,1.8063,1.9583,1.9587,1.8813,1.7075,1.4832,1.2896,1.0171,0.7046,0.44084,-0.00386,-0.56741,-1.0905,-1.9348,-2.948,-4.0001,-4.706,-5.2803,-5.2373,-4.8969,-4.233,-3.5706,-3.1497,-2.7851,-2.6702,-2.7392,-3.0108,-3.5665,-4.3898,-5.248,-6.6501,-8.3593,-10.422
0.48836,0.62293,0.71066,0.77021,0.79441,0.79363,0.78463,0.79403,0.71514,0.60347,0.40237,0.13518,-0.33025,-0.97859,-1.6245,-2.5581,-3.5477,-4.2455,-4.7636,-4.7134,-4.1345,-3.479,-2.4701,-1.4781,-0.79062,0.13199,0.95571,1.5463,2.308,2.9925,3.6111,4.0261,4.4571,4.7418,4.8606,4.8352,4.6283,4.2082,3.7593,2.9677,1.9439,1.0343,-0.40666,-2.094,-3.5355,-5.6412,-7.7957,-9.4696,-10.303,-10.663,-10.625,-10.623,-10.83,-11.341,-11.947,-12.82,-13.46,-13.186,-12.202,-10.435,-8.557,-7.2771,-5.9454,-4.8949,-4.2069,-3.8941,-3.676,-3.6416,-3.6627,-3.6592,-3.554,-3.3445,-3.0476,-2.7645,-2.5793,-2.5897,-2.8125,-3.3073,-3.8579,-4.8487,-6.0247,-7.0052,-8.1792,-9.0087,-9.4109,-9.4811,-9.1645,-8.6523,-8.2128,-7.5977,-7.0678,-6.7459,-6.5392,-6.6446,-7.1336,-7.4727,-8.5351,-9.7903,-10.663,-11.483,-11.09,-9.8995,-8.8667,-7.5483,-6.5988,-6.1484,-5.7616,-5.7912,-6.2181,-6.6925,-7.612,-8.4352,-8.4424,-7.5677,-5.8971,-4.5061,-2.8221,-1.3672,-0.19702,0.43812,1.0535,1.3317,1.2773,0.85266,-0.061893,-1.1461,-3.2218,-6.0715,-8.9558,-9.3395,-7.2777,-5.1444,-4.1854,-3.5054,-3.486,-3.932,-4.8488,-6.1391,-7.5293,-8.4368,-9.0562,-8.7141,-7.8563,-6.3202,-4.5383,-2.8681,-1.6104,-0.2681,0.87179,1.6917,2.4976,3.1593,3.5567,3.95,4.2122,4.3311,4.3627,4.3164,4.1634,4.0391,3.8327,3.6129,3.4843,3.3369,3.2315,3.1326,3.0669,2.9255,2.744,2.5745,2.2812,1.957,1.5938,1.289,0.86875,0.38257,-0.036818,-0.7317,-1.6157,-2.5223,-4.0326,-6.1994,-9.3363,-12.745,-18.056,-14.808,-11.061,-7.7069,-5.5249,-4.3965,-3.3935,-2.7936,-2.5626,-2.5661,-2.8129,-3.3013,-3.7977,-4.6048,-5.5461,-6.4997
0.54462,0.46315,0.25349,-0.055487,-0.29404,-0.56898,-0.77983,-0.8157,-0.75977,-0.64798,-0.52906,-0.48865,-0.55677,-0.7565,-0.979,-1.3865,-1.7953,-2.0825,-2.3515,-2.4481,-2.3436,-2.1279,-1.6919,-1.127,-0.57522,0.1948,1.0579,1.754,2.6499,3.4967,4.2438,4.696,5.1562,5.4182,5.4613,5.3229,4.9625,4.3739,3.7702,2.7891,1.5644,0.46314,-1.2686,-3.4068,-5.3959,-8.8359,-14.011,-24.676,-26.628,-16.923,-13.285,-11.849,-10.733,-10.264,-9.9688,-9.6655,-9.2639,-8.6134,-7.9582,-6.9596,-5.9248,-5.1564,-4.3876,-3.9232,-3.7672,-3.9278,-4.539,-5.5916,-6.5718,-7.6561,-7.5948,-6.6053,-4.8706,-3.3032,-2.1371,-1.5464,-1.1625,-1.1427,-1.345,-1.95,-2.8021,-3.5922,-4.8612,-6.3034,-7.7671,-8.879,-9.995,-10.253,-9.9813,-9.172,-8.2607,-7.6993,-7.5542,-7.5314,-8.0963,-8.8923,-10.425,-13.121,-16.561,-28.074,-21.367,-13.467,-10.003,-7.2053,-5.3163,-4.2257,-3.3465,-2.7239,-2.5831,-2.5295,-2.5044,-2.5713,-2.5102,-2.3278,-1.9632,-1.4773,-0.84979,-0.1289,0.67616,1.2307,1.8495,2.3561,2.5804,2.6449,2.4804,2.1967,1.6236,1.0179,0.51713,0.29122,0.17699,0.17095,0.093219,-0.16676,-0.8078,-1.5098,-2.7532,-4.4213,-6.3122,-7.8665,-9.4583,-9.5967,-8.6689,-6.5671,-4.4263,-2.496,-1.301,0.054377,1.2354,1.8608,2.586,3.1454,3.4554,3.7931,4.0488,4.2707,4.4157,4.5694,4.7131,4.7952,4.8503,4.8802,4.8607,4.7842,4.6391,4.4303,4.2022,3.8352,3.3551,2.9613,2.3778,1.7772,1.2017,0.83114,0.39204,0.021057,-0.26434,-0.70406,-1.3252,-1.9543,-3.1045,-4.6383,-6.5898,-8.1207,-9.4695,-8.7948,-7.4135,-5.4161,-3.7946,-2.8574,-1.9132,-1.3058,-1.0222,-0.94532,-1.066,-1.3925,-1.7256,-2.2846,-2.9266,-3.5847
1.2773,0.86089,0.11087,-0.9219,-1.8491,-3.103,-3.93,-4.0622,-3.2645,-2.1118,-1.066,-0.4313,0.0581,0.19617,0.13364,-0.21733,-0.76128,-1.1643,-1.7285,-2.1341,-2.3075,-2.318,-2.2109,-1.8916,-1.5131,-0.71951,0.49478,1.544,3.0362,4.4459,5.6137,6.3006,6.9553,7.2854,7.3113,7.0909,6.5486,5.7357,4.9789,3.7835,2.4756,1.4375,0.0016458,-1.5744,-2.8492,-4.8198,-6.8382,-8.4244,-8.9916,-8.8827,-8.3404,-8.0607,-7.9905,-8.1419,-8.3082,-8.2957,-7.6742,-6.5105,-5.444,-4.0014,-2.7212,-1.9419,-1.1215,-0.73167,-0.7805,-1.1681,-2.3056,-4.4146,-7.0537,-13.566,-15.199,-8.6597,-3.7149,-0.75701,1.124,2.0645,2.8266,3.1036,3.0263,2.6112,1.7867,0.89828,-0.69159,-2.9068,-6.0393,-9.3905,-17.505,-22.439,-14.223,-9.6938,-7.417,-6.2692,-6.0125,-6.0152,-6.185,-6.7298,-7.3119,-7.7818,-8.1926,-8.0453,-6.9427,-5.1636,-3.7407,-1.8601,-0.30431,0.59557,1.472,2.0251,2.3475,2.3381,2.1786,1.891,1.5118,0.99299,0.48376,0.16919,0.15746,0.60904,1.4826,2.368,3.5329,4.5891,5.289,6.0248,6.5323,6.7887,6.9865,7.0265,6.9606,6.8526,6.6161,6.2372,5.8877,5.1784,4.1879,3.2674,1.621,-0.53856,-3.5569,-6.7412,-13.599,-16.594,-10.189,-5.3269,-2.3141,-0.24087,0.86945,2.099,2.8461,3.2151,3.5656,3.6895,3.7174,3.7313,3.8083,4.0325,4.2688,4.6901,5.173,5.4861,5.873,6.1624,6.2841,6.338,6.24,5.9817,5.66,5.0747,4.2723,3.5046,2.3239,1.0086,-0.19644,-0.81761,-1.0589,-0.71609,-0.30374,0.20589,0.47173,0.54223,0.37235,0.029116,-0.38894,-0.66891,-0.85629,-0.76648,-0.50754,-0.016533,0.56433,0.97721,1.4432,1.7587,1.9314,1.9038,1.7091,1.3205,0.89649,0.18941,-0.59154,-1.3903
2.2785,1.6776,0.49671,-1.23,-3.1343,-7.3108,-17.668,-20.017,-7.6128,-2.9618,-0.38381,0.78993,1.6869,1.8927,1.6136,0.81072,-0.57293,-1.9247,-3.8612,-5.16,-5.2112,-4.8726,-4.7085,-5.3929,-6.5697,-6.8686,-3.5986,-0.4269,3.1004,5.7099,7.6137,8.6571,9.5432,9.935,9.9372,9.528,8.6658,7.3508,6.1067,4.1892,2.2408,1.1258,0.35657,0.21333,0.22973,0.19559,-0.011264,-0.38159,-0.68415,-1.1668,-1.8694,-2.6021,-4.1017,-6.4184,-9.2301,-14.7,-12.989,-7.0903,-4.0553,-1.1005,0.97531,2.0968,3.2272,3.9605,4.2695,4.2723,4.0059,3.4874,3.0692,2.7389,3.0165,3.6733,4.8993,6.1659,7.2275,7.8413,8.3976,8.6236,8.5767,8.2545,7.5941,6.8693,5.5924,3.9623,1.9868,0.34019,-1.5765,-2.5562,-2.5286,-2.107,-1.8622,-2.0137,-2.393,-3.5215,-4.8693,-5.3768,-5.4049,-4.2203,-2.92,-1.1139,0.61443,2.2081,3.3495,4.7324,5.8527,6.5046,7.1778,7.4798,7.5572,7.3978,6.8219,5.9004,4.908,3.1171,0.64654,-1.9312,-5.2798,-4.2434,-0.46465,2.1098,4.7865,6.8261,8.1049,9.4984,10.577,11.212,11.864,12.276,12.479,12.501,12.366,12.029,11.638,10.915,10.002,9.1653,7.8393,6.3254,4.6941,3.4781,2.2318,1.7105,1.8087,2.4676,3.3131,4.0313,4.5631,4.8643,4.8973,4.8586,4.3611,3.5589,2.8068,1.6951,0.9519,1.0575,1.7878,3.1537,4.4534,5.3274,6.255,6.885,7.2235,7.4724,7.5145,7.3179,7.0369,6.3721,5.3728,4.3041,2.2931,-0.76564,-5.7785,-11.943,-9.2034,-3.2227,-0.5888,1.5948,2.9125,3.4803,3.899,3.9956,3.9088,3.7789,3.6158,3.5057,3.5121,3.6257,3.8679,4.1041,4.4066,4.6543,4.7823,4.734,4.4718,3.925,3.2844,2.0979,0.48103,-1.4796
-0.40797,-0.85729,-1.4309,-2.0363,-2.5677,-3.2355,-3.5846,-3.3626,-2.1231,-0.5683,0.76169,1.4443,1.9364,1.8806,1.4173,0.17268,-1.9499,-4.4875,-10.112,-19.066,-11.383,-7.863,-5.8492,-5.7775,-6.5387,-6.6561,-3.2437,-0.069695,3.4606,6.114,8.0094,8.9971,9.8344,10.153,10.06,9.4607,8.3085,6.4814,4.5025,0.71236,-5.8488,-18.138,-8.6553,-2.6418,-0.47642,1.2064,2.0213,2.2994,2.2593,1.9381,1.283,0.57136,-0.68522,-2.3346,-3.7572,-5.1351,-4.7293,-2.7475,-1.0699,0.99316,2.6698,3.6929,4.7624,5.5859,6.188,6.5135,6.8306,7.0649,7.2286,7.5059,7.8932,8.232,8.7914,9.3776,9.9174,10.254,10.575,10.733,10.731,10.523,10.114,9.6823,8.9296,8.0202,7.0075,6.2658,5.278,4.383,3.7633,2.9686,2.0047,0.67445,-0.67449,-3.2487,-7.7756,-14.975,-15.313,-6.0885,-2.4675,0.76808,3.1238,4.997,6.1159,7.3185,8.2596,8.7995,9.271,9.4706,9.3523,9.0299,8.3519,7.2191,6.1117,4.1607,1.5625,-0.69305,-3.243,-2.992,-0.54227,1.4372,3.9397,6.1362,7.583,9.3285,10.802,11.713,12.664,13.35,13.76,13.896,13.865,13.612,13.252,12.627,11.824,11.096,10.041,8.9092,7.7711,6.9911,6.0573,5.3352,4.9462,4.626,4.4223,4.3222,4.1904,3.9132,3.569,3.0613,1.9597,0.28038,-1.6351,-5.7515,-15.2,-14.791,-7.1231,-2.4303,0.26067,1.6414,2.8387,3.6346,4.0516,4.4069,4.6146,4.6927,4.6526,4.4145,3.9005,3.3184,2.2016,0.68076,-0.97042,-1.7576,-1.4786,-0.052888,1.1248,2.4562,3.3365,3.6864,3.8446,3.65,3.1671,2.6701,1.8973,1.1929,0.81569,0.72304,1.0598,1.5299,2.2732,2.9588,3.421,3.6488,3.6536,3.2848,2.7232,1.5006,-0.50644,-3.762
-9.5851,-10.114,-8.8598,-7.0055,-5.749,-4.3655,-3.2404,-2.5533,-1.6545,-0.83746,-0.17987,0.14085,0.37238,0.32342,0.082642,-0.56078,-1.4493,-2.2574,-3.2374,-3.7602,-3.5399,-3.0426,-2.2107,-1.3896,-0.66813,0.41007,1.7579,2.8658,4.3839,5.7617,6.8678,7.4682,7.9872,8.1421,8.0125,7.4902,6.5735,5.2682,4.0283,2.1111,0.24798,-0.67802,-0.89405,-0.25297,0.3814,1.0847,1.5239,1.7209,1.691,1.4713,1.0667,0.65628,0.067655,-0.52367,-0.94288,-1.2338,-1.2135,-0.84989,-0.40819,0.32554,1.1456,1.7546,2.5033,3.1902,3.823,4.2204,4.6871,5.1045,5.3856,5.7573,6.1543,6.462,6.9095,7.3688,7.8162,8.1102,8.4324,8.6486,8.7315,8.6933,8.5138,8.2904,7.8702,7.3353,6.709,6.2172,5.5029,4.7501,4.1558,3.3327,2.4218,1.3631,0.48717,-0.72138,-1.7538,-2.2783,-2.122,-1.0133,0.088964,1.6495,3.1467,4.4617,5.2698,6.1955,6.9322,7.3524,7.6945,7.8417,7.7187,7.4029,6.8456,5.9684,5.1382,3.8238,2.2699,1.0111,-0.50392,-1.7718,-2.5506,-2.4847,-0.99329,1.3755,3.2158,5.5405,7.4666,8.6349,9.8441,10.704,11.224,11.407,11.392,11.118,10.732,10.057,9.1723,8.378,7.232,6.0131,4.7512,3.8547,2.681,1.5877,0.89636,0.12836,-0.49253,-0.81179,-1.1055,-1.267,-1.324,-1.608,-2.1828,-3.0566,-3.9527,-5.2873,-6.3275,-6.5098,-6.085,-5.1371,-4.2547,-3.8087,-3.5291,-3.4348,-3.423,-3.3863,-3.1392,-2.5559,-2.0444,-1.3285,-0.77938,-0.47885,-0.24907,-0.15018,-0.1084,-0.02179,0.22258,0.56688,0.82097,1.0944,1.1627,1.0384,0.58597,-0.23221,-1.5212,-2.8555,-5.2444,-8.4744,-11.252,-12.293,-9.3807,-7.0757,-4.6589,-2.918,-1.6811,-0.95064,-0.32444,-0.021233,0.0004894,-0.22351,-0.70279,-1.3026
-17.294,-18.653,-14.079,-10.142,-8.0737,-6.0593,-4.5626,-3.7028,-2.8788,-2.2458,-1.7957,-1.5432,-1.364,-1.3048,-1.2728,-1.3071,-1.368,-1.4117,-1.3481,-1.1541,-0.80975,-0.46389,0.12322,0.82118,1.401,2.1884,3.0269,3.6728,4.49,5.2099,5.7977,6.1321,6.4023,6.4509,6.3298,5.9939,5.4422,4.713,4.1039,3.2465,2.4444,1.94,1.447,1.1468,1.0172,0.87258,0.74341,0.56928,0.38075,0.044526,-0.36145,-0.7,-1.1866,-1.6797,-2.0273,-2.4221,-2.7198,-2.8855,-2.8933,-2.786,-2.4423,-2.0472,-1.4346,-0.77152,-0.12325,0.32401,0.79639,1.1703,1.3936,1.6537,1.9321,2.2216,2.674,3.2352,3.8693,4.3369,4.8925,5.3272,5.5522,5.7195,5.7236,5.6212,5.3808,5.0277,4.5909,4.2006,3.6731,3.1068,2.6675,2.0676,1.4676,0.90785,0.51636,0.050481,-0.22449,-0.19582,-0.046477,0.35229,0.8122,1.5426,2.3296,3.0925,3.6334,4.2922,4.8412,5.1638,5.4592,5.6166,5.6535,5.4515,5.0718,4.5068,3.9299,2.9061,1.6008,0.36673,-1.7803,-4.9076,-10.524,-21.023,-10.992,-3.7312,-0.5014,2.5842,4.8022,6.0522,7.2969,8.1178,8.5698,8.6808,8.5452,8.0968,7.5895,6.6561,5.4419,4.3771,2.8069,1.0916,-0.66145,-1.9636,-3.6541,-5.3028,-6.439,-7.9933,-9.2137,-9.6132,-9.3594,-8.1075,-7.0605,-6.5615,-5.9778,-5.7877,-5.8528,-6.1141,-6.4932,-6.9337,-7.2566,-7.6933,-8.3033,-9.0147,-10.086,-11.661,-13.36,-15.718,-16.059,-13.155,-10.742,-8.0285,-5.9905,-4.8703,-3.7031,-2.8223,-2.1688,-1.8204,-1.4333,-1.1648,-1.0542,-1.0762,-1.2964,-1.5931,-2.2987,-3.3668,-4.8652,-6.3353,-8.8464,-12.059,-14.621,-15.787,-13.789,-11.926,-9.8618,-8.1299,-6.6126,-5.615,-4.4173,-3.4215,-2.8082,-2.1556,-1.6334,-1.2113
-8.6744,-8.5994,-7.9645,-6.9574,-6.1464,-5.1526,-4.3493,-3.8631,-3.4345,-3.2215,-3.1563,-3.1518,-3.1685,-3.1278,-3.0304,-2.7182,-2.2871,-1.8722,-1.2853,-0.65756,-0.019374,0.47167,1.123,1.7783,2.2342,2.8656,3.4632,3.8875,4.3993,4.8426,5.1943,5.3941,5.535,5.538,5.4459,5.196,4.8072,4.2905,3.8373,3.1947,2.536,2.0424,1.4297,0.88408,0.51303,0.079755,-0.32937,-0.76176,-1.091,-1.5695,-2.1013,-2.5257,-3.1559,-3.8367,-4.3339,-5.0944,-5.9107,-6.791,-7.4365,-8.0703,-8.1675,-7.6999,-6.5337,-5.2222,-4.1117,-3.4651,-2.934,-2.8082,-2.937,-3.3364,-3.7684,-3.8429,-3.3063,-2.1018,-0.67048,0.35949,1.5024,2.3382,2.7647,3.1035,3.1887,3.1136,2.8715,2.513,2.0913,1.7464,1.2796,0.83258,0.51749,0.095658,-0.29561,-0.62216,-0.81853,-0.9804,-1.0571,-1.0042,-0.78987,-0.4741,-0.14237,0.35101,0.86364,1.4042,1.8422,2.3575,2.8244,3.1465,3.5361,3.8084,3.9975,4.1126,4.0553,3.8522,3.5839,3.0606,2.3522,1.7406,0.74032,-0.33617,-1.179,-1.3411,-0.65841,0.78998,2.0277,3.6273,5.0056,5.8462,6.6818,7.1936,7.3918,7.3332,6.9776,6.2859,5.5565,4.2448,2.5556,1.0476,-1.348,-4.1813,-7.21,-9.377,-11.585,-12.901,-14.064,-16.747,-22.539,-36.533,-20.542,-14.567,-11.21,-9.355,-7.9856,-7.2488,-7.0128,-7.081,-7.5405,-8.3082,-9.0403,-10.275,-11.725,-12.831,-14.344,-16.127,-17.827,-20.341,-20.729,-16.964,-14.054,-10.981,-8.6618,-7.3434,-5.9488,-4.8995,-4.0794,-3.5947,-3.1161,-2.7926,-2.6482,-2.6155,-2.7744,-3.0479,-3.6169,-4.4428,-5.5371,-6.4935,-7.9707,-9.503,-10.627,-11.898,-12.912,-13.497,-13.714,-13.01,-11.404,-9.9724,-7.9378,-6.1418,-4.9974,-3.703,-2.6472,-1.7743
-5.7247,-5.2821,-4.6536,-4.0336,-3.6099,-3.1771,-2.957,-2.9421,-3.1189,-3.5909,-4.3296,-5.0467,-5.9661,-6.5141,-6.4827,-5.675,-4.3383,-3.2637,-1.9363,-0.76295,0.24806,0.90762,1.6588,2.2912,2.7159,3.2213,3.6573,3.9418,4.297,4.6114,4.8703,5.0108,5.1313,5.1515,5.0944,4.8793,4.5214,4.0201,3.5412,2.7918,1.9478,1.2919,0.42026,-0.36932,-0.88594,-1.4361,-1.9037,-2.3468,-2.7139,-3.2731,-3.9497,-4.5326,-5.3453,-6.1577,-6.7843,-7.6946,-8.8562,-10.615,-12.745,-17.585,-25.382,-18.539,-11.891,-8.2471,-6.0434,-5.0627,-4.4355,-4.6284,-5.3766,-7.4457,-11.663,-18.399,-15.911,-8.0929,-4.0171,-2.0149,-0.19541,0.93091,1.4214,1.6688,1.5461,1.2636,0.67355,-0.0418,-0.76434,-1.2028,-1.6975,-2.0521,-2.275,-2.5407,-2.8147,-3.1244,-3.3208,-3.4359,-3.3872,-3.3277,-2.9631,-2.4621,-2.1025,-1.5973,-1.0992,-0.62603,-0.30857,0.13862,0.63251,1.0431,1.6362,2.2322,2.6183,3.1685,3.5967,3.864,3.9745,4.0394,3.9878,3.89,3.7675,3.6941,3.7529,3.9075,4.3155,4.9172,5.4531,6.18,6.8477,7.2703,7.6807,7.8782,7.8284,7.6167,7.0802,6.2315,5.3559,3.8466,1.9049,0.10813,-2.9463,-7.0099,-13.022,-21.059,-25.484,-17.18,-15.229,-14.165,-13.742,-13.107,-12.187,-10.319,-8.4982,-7.5297,-6.5183,-5.9658,-5.8627,-6.1387,-6.9029,-8.1871,-9.5451,-12.018,-15.209,-17.492,-19.04,-17.896,-16.563,-14.896,-13.441,-11.936,-10.836,-9.4472,-8.2776,-7.5054,-6.673,-5.9516,-5.3188,-4.834,-4.274,-3.8006,-3.5333,-3.2948,-3.2541,-3.3836,-3.6998,-4.2195,-4.933,-5.6087,-6.6644,-7.9454,-9.0556,-10.939,-13.534,-16.411,-23.736,-29.74,-17.322,-13.28,-9.711,-7.2099,-5.7373,-4.1715,-2.9226,-1.8895
-4.0739,-3.0888,-2.0887,-1.3727,-1.016,-0.77449,-0.81664,-1.0794,-1.7503,-2.8562,-4.5762,-6.4675,-10.424,-18.475,-21.399,-11.525,-6.6762,-4.3449,-2.0902,-0.47373,0.6996,1.3674,2.0491,2.5331,2.8208,3.0729,3.2746,3.4171,3.6147,3.8382,4.0985,4.2991,4.5591,4.7419,4.7922,4.7148,4.4219,3.882,3.3032,2.2577,0.89372,-0.30672,-2.0291,-3.5942,-4.3527,-4.6848,-4.4992,-4.2978,-4.3724,-4.8818,-5.8902,-6.9567,-8.5588,-9.7939,-10.171,-9.8305,-9.3686,-9.2793,-9.5072,-10.043,-9.9156,-8.9486,-6.896,-4.8658,-3.3239,-2.5352,-1.9805,-1.9585,-2.3018,-3.1645,-4.2191,-4.6898,-4.2121,-2.6213,-0.83993,0.28268,1.3868,2.0005,2.1305,1.8701,1.1133,0.20553,-1.4381,-3.4836,-5.5394,-6.565,-6.7165,-6.1923,-5.8548,-5.7163,-6.0445,-6.7597,-7.4118,-8.2019,-8.2412,-7.7379,-6.7539,-5.6153,-4.8795,-4.1067,-3.5878,-3.3549,-3.3463,-3.2433,-2.8991,-2.3979,-1.362,-0.0092527,0.92558,2.115,3.1486,3.9573,4.433,4.9092,5.2548,5.4317,5.6644,5.9226,6.2332,6.5083,6.9304,7.4158,7.8159,8.3244,8.7683,9.0324,9.2703,9.3386,9.2009,8.9462,8.3863,7.5671,6.7531,5.4235,3.7898,2.3503,0.1533,-2.2955,-4.7579,-6.3378,-7.6321,-7.9264,-7.6825,-7.2123,-6.677,-6.0466,-5.3203,-4.5055,-3.7582,-3.2969,-2.7325,-2.4772,-2.5118,-2.8865,-3.6791,-4.9884,-6.4072,-8.9993,-12.6,-15.746,-17.436,-14.465,-12.275,-10.17,-8.7253,-7.8223,-7.3438,-7.0502,-7.052,-7.1845,-7.4562,-7.5691,-7.2635,-6.7361,-5.7646,-4.8004,-4.1856,-3.5928,-3.2649,-3.1651,-3.2471,-3.5249,-3.9423,-4.3552,-4.9853,-5.7563,-6.4299,-7.5121,-8.768,-9.7841,-10.791,-10.834,-9.7786,-8.6289,-7.0712,-5.6915,-4.7734,-3.7016,-2.7159,-1.7916
-1.9478,-0.82634,0.26278,0.97354,1.2877,1.4503,1.3338,1.0669,0.41328,-0.55503,-1.8614,-2.996,-4.6651,-5.9009,-6.0447,-5.0029,-3.3264,-2.0689,-0.67725,0.3632,1.0898,1.4406,1.6904,1.7222,1.5981,1.33,0.99804,0.77873,0.59287,0.68999,1.1365,1.6734,2.4678,3.2059,3.6324,3.9912,4.016,3.6467,3.0804,1.876,0.020687,-1.9821,-5.9292,-13.305,-24.362,-12.225,-7.3981,-5.3306,-4.7264,-4.9141,-6.2004,-8.0376,-12.427,-23.643,-21.151,-11.828,-7.7905,-5.4908,-4.2962,-3.108,-2.107,-1.3871,-0.42158,0.48402,1.2572,1.7146,2.1182,2.3225,2.3777,2.3724,2.3894,2.4705,2.7533,3.192,3.6878,4.0156,4.2932,4.287,4.0439,3.3422,2.0992,0.70223,-1.955,-6.0615,-13.317,-22.123,-13.382,-9.1028,-7.7581,-7.3821,-8.2617,-10.335,-12.977,-19.571,-25.366,-16.876,-11.891,-9.0945,-7.6125,-6.536,-6.2459,-6.7194,-7.5808,-9.8267,-12.791,-12.283,-7.7911,-3.7646,-1.5169,0.6739,2.2857,3.4594,4.0831,4.642,5.0161,5.2428,5.4741,5.7403,6.1068,6.4833,7.0698,7.7182,8.2038,8.838,9.3946,9.7303,10.037,10.165,10.096,9.9034,9.4531,8.7804,8.1324,7.1016,5.868,4.8225,3.3493,1.8556,0.41261,-0.55089,-1.5796,-2.2727,-2.5419,-2.63,-2.4111,-1.9057,-1.4948,-0.83863,-0.15648,0.39398,0.87185,1.1734,1.2565,1.142,0.75392,0.088389,-0.58064,-1.5993,-2.6226,-3.2216,-3.7221,-3.789,-3.6733,-3.4125,-3.2698,-3.3874,-3.7078,-4.5303,-5.9218,-7.5448,-10.714,-15.369,-16.11,-12.579,-8.6765,-6.221,-5.0071,-4.0108,-3.5187,-3.3945,-3.5328,-3.847,-4.2108,-4.3981,-4.5397,-4.5274,-4.4953,-4.4429,-4.4359,-4.4542,-4.4855,-4.4957,-4.4594,-4.4024,-4.4501,-4.598,-4.7636,-4.7955,-4.3833,-3.4424
0.56957,1.2268,1.9206,2.3674,2.5545,2.5991,2.4165,2.1552,1.6696,1.0368,0.3356,-0.18905,-0.76091,-1.1064,-1.1352,-0.97199,-0.59356,-0.28367,0.11186,0.35748,0.4056,0.27443,-0.14642,-0.83114,-1.5545,-2.6964,-4.1919,-5.5839,-7.6185,-8.6157,-6.8999,-4.7076,-1.9735,0.17216,1.3927,2.5095,3.1321,3.2855,3.0936,2.4421,1.3439,0.24765,-1.5027,-3.1434,-3.8026,-3.6254,-2.7666,-2.0206,-1.7083,-1.7156,-2.1823,-2.7683,-3.6332,-4.124,-3.9724,-3.0262,-1.7262,-0.43042,0.42499,1.4452,2.2944,2.8409,3.4574,3.9504,4.3319,4.5353,4.7133,4.7919,4.8213,4.8587,4.9365,5.0427,5.2608,5.5379,5.8308,6.0148,6.1362,6.0533,5.8199,5.23,4.2792,3.3317,1.7402,-0.10329,-1.8824,-2.9406,-3.6924,-4.0813,-4.4092,-5.187,-6.444,-8.2389,-9.9177,-11.932,-12.785,-12.111,-10.848,-9.4233,-8.5635,-7.6614,-7.2542,-7.4091,-7.9152,-9.2671,-10.487,-9.9312,-7.0319,-3.9063,-1.8154,0.12444,1.4661,2.308,2.6485,2.7799,2.5918,2.3477,1.9665,1.7744,2.0478,2.6159,3.7212,4.9696,5.8693,6.9822,7.9209,8.49,9.0455,9.3637,9.4468,9.3578,9.043,8.5011,7.9823,7.1105,6.0702,5.1994,3.9686,2.6701,1.3232,0.29332,-1.0097,-2.1353,-2.8152,-3.1788,-2.818,-1.923,-1.1364,0.11182,1.2766,2.0096,2.8158,3.4363,3.7665,4.0256,4.0808,3.9643,3.7944,3.4787,3.1048,2.7984,2.4352,2.1042,1.872,1.5057,1.02,0.37247,-0.3007,-1.4658,-3.0495,-4.5303,-6.8887,-9.193,-9.663,-8.6708,-6.7925,-5.253,-4.5236,-4.0126,-4.0713,-4.4996,-5.4995,-6.949,-8.4799,-9.0191,-8.2621,-6.4927,-5.1584,-3.6999,-2.668,-2.1294,-1.7431,-1.681,-1.9647,-2.4545,-3.5751,-5.478,-7.7136,-12.453,-15.692,-9.7184
2.4287,2.7358,3.0468,3.2194,3.2387,3.0981,2.7617,2.371,1.7458,1.0258,0.3051,-0.19323,-0.66224,-0.86984,-0.8334,-0.60184,-0.32144,-0.15627,-0.059472,-0.18695,-0.64594,-1.2193,-2.3221,-3.8194,-5.0671,-6.905,-8.7899,-10.46,-13.353,-15.772,-11.887,-7.8725,-3.8673,-0.99863,0.58155,2.1094,3.1149,3.6999,3.9043,3.909,3.6767,3.4015,2.9926,2.6423,2.4773,2.4068,2.4611,2.5746,2.6358,2.6587,2.6068,2.5425,2.4709,2.5049,2.6559,2.9998,3.4613,3.9948,4.4016,4.9201,5.3808,5.6731,5.956,6.1154,6.1272,6.0415,5.8178,5.4884,5.2019,4.8633,4.6894,4.7483,5.0768,5.6398,6.288,6.7454,7.2313,7.5141,7.5678,7.4053,6.9838,6.5179,5.7208,4.7762,3.7617,2.9769,1.9054,0.79297,-0.12587,-1.4917,-3.0711,-4.8751,-6.3301,-8.3104,-10.143,-10.976,-11.108,-10.2,-9.2246,-7.7144,-6.4079,-5.4425,-4.9518,-4.3134,-3.5992,-2.8794,-1.8025,-0.67583,0.24062,1.1684,1.7358,1.8885,1.7228,1.0569,-0.2566,-1.8429,-4.7907,-8.5788,-9.0164,-6.1441,-2.2621,0.69258,2.4562,4.315,5.7658,6.6196,7.4816,8.0214,8.25,8.2283,7.9594,7.4366,6.902,6.0039,4.982,4.1677,2.9938,1.686,0.22659,-1.0246,-3.1297,-6.0188,-8.913,-12.295,-9.6505,-5.3902,-2.7263,-0.20381,1.6883,2.7895,4.0571,5.015,5.5672,6.1208,6.4911,6.7004,6.7656,6.734,6.5929,6.4201,6.1384,5.786,5.4772,4.9752,4.3762,3.6593,3.0448,2.1202,1.081,0.28622,-0.72806,-1.5719,-2.0968,-2.3003,-2.3892,-2.4089,-2.4648,-2.7353,-3.3555,-4.1554,-5.7952,-8.6219,-13.64,-18.624,-12.909,-7.2828,-4.5763,-2.1425,-0.52858,0.27727,0.93082,1.1572,0.95813,0.50982,-0.46972,-1.9371,-3.3102,-5.1416,-5.7646,-4.4732
3.6201,3.7847,3.935,3.9834,3.9042,3.6173,3.0875,2.5069,1.4034,-0.024661,-1.7081,-2.9397,-4.0373,-3.8877,-3.1806,-1.897,-0.80127,-0.18338,0.21547,0.14522,-0.45757,-1.3091,-3.0635,-5.7531,-8.5179,-13.58,-15.479,-12.59,-9.1244,-6.5463,-4.1817,-2.4891,-0.3754,1.4423,2.5679,3.7608,4.6047,5.1629,5.441,5.6628,5.77,5.8051,5.8461,5.8966,5.9452,6.0501,6.1721,6.3024,6.3808,6.4588,6.5035,6.5228,6.5459,6.5878,6.6525,6.7731,6.9637,7.1945,7.389,7.6263,7.8375,7.9519,8.018,7.9406,7.6645,7.3002,6.542,5.4319,4.3296,2.5392,0.86774,0.50224,1.8307,4.0515,6.0739,7.3023,8.5571,9.4111,9.8163,10.085,10.079,9.9016,9.4839,8.8782,8.1055,7.4369,6.4007,5.2046,4.1866,2.6446,0.81926,-1.3549,-3.3193,-6.5879,-11.368,-17.928,-25.451,-13.33,-9.6121,-6.5659,-4.5498,-3.0615,-2.1681,-1.0932,-0.11457,0.60057,1.4907,2.2675,2.6785,3.1899,3.4159,3.2821,2.8982,1.9111,0.34821,-1.2591,-4.0047,-6.862,-7.5783,-6.2384,-3.616,-1.0641,0.71491,2.8067,4.5758,5.6592,6.7511,7.4505,7.7473,7.7087,7.3191,6.592,5.7967,4.5632,3.2283,2.2804,1.1636,0.30868,-0.45379,-1.1122,-2.3545,-4.1434,-5.7387,-7.0361,-5.5111,-2.616,-0.72184,1.5194,3.3545,4.5436,5.7998,6.8301,7.478,8.1872,8.7323,9.1143,9.2908,9.4014,9.3768,9.2881,9.0458,8.6905,8.3504,7.8279,7.2334,6.5548,6.0131,5.2416,4.4436,3.8142,2.9871,2.2141,1.4838,1.0211,0.45463,-0.050773,-0.34506,-0.69742,-0.99939,-1.2188,-1.5881,-1.9762,-2.1662,-1.963,-1.0922,0.26554,1.3657,2.7469,3.8673,4.5013,5.0734,5.3328,5.304,5.1252,4.6859,4.1098,3.6557,3.1375,2.8486,2.8313
2.4871,2.7263,3.1083,3.4069,3.5104,3.4065,2.9434,2.3308,1.0148,-1.0454,-4.2871,-8.283,-20.946,-12.659,-7.1336,-3.1803,-0.89418,0.17102,1.0091,1.2594,1.004,0.4571,-0.77088,-2.5705,-4.2369,-6.5029,-6.9225,-5.6687,-3.2944,-1.1374,0.67527,1.8168,3.1022,4.0996,4.6839,5.2266,5.5416,5.6662,5.6813,5.6829,5.7415,5.8586,6.1087,6.4509,6.7414,7.1289,7.4896,7.7748,7.9406,8.0775,8.124,8.106,8.0349,7.9278,7.8277,7.7315,7.7074,7.7733,7.8813,8.088,8.3114,8.4568,8.59,8.5784,8.3637,8.013,7.1989,5.8452,4.3338,1.244,-3.839,-6.6822,-1.1196,3.6644,6.7656,8.4169,10.026,11.123,11.685,12.141,12.31,12.272,12.023,11.576,10.942,10.35,9.4326,8.3445,7.4276,6.0243,4.4236,2.587,1.0734,-1.1463,-3.3463,-4.6621,-5.477,-5.0161,-4.3173,-3.25,-2.268,-1.3838,-0.67233,0.1706,1.0727,1.7351,2.7147,3.6626,4.1839,4.7568,5.079,5.0694,4.8022,4.0987,2.994,1.937,0.25764,-1.6276,-3.598,-4.9745,-5.8542,-4.2143,-1.8738,1.1344,3.5349,4.9284,6.2601,7.0602,7.3577,7.253,6.6616,5.5168,4.2352,1.9154,-1.2867,-4.1109,-6.1508,-4.2802,-2.0678,-0.98892,-0.098213,0.38625,0.64568,1.0111,1.5504,2.2842,2.9858,3.9328,4.88,5.5532,6.4689,7.3908,8.0623,8.8817,9.571,10.098,10.374,10.582,10.602,10.502,10.216,9.7865,9.3865,8.7872,8.1242,7.4399,6.9136,6.1945,5.4627,4.8899,4.0619,3.1528,2.1256,1.2849,0.15676,-0.82724,-1.3151,-1.359,-0.74389,-0.024943,1.0018,2.0424,3.027,3.747,4.7368,5.7125,6.414,7.2676,7.9757,8.3938,8.7782,8.9532,8.9355,8.8063,8.494,8.0581,7.6784,7.1358,6.5992,6.1074
