3.0963,3.0614,2.9923,2.8981,2.8063,2.6502,2.448,2.2651,1.982,1.6473,1.2591,0.92847,0.43096,-0.10471,-0.53599,-1.1516,-1.8221,-2.3404,-3.0419,-3.7345,-4.3808,-4.7839,-5.1425,-5.2945,-5.2223,-4.8833,-4.3539,-3.8915,-3.2743,-2.7212,-2.2565,-1.9982,-1.745,-1.6255,-1.6357,-1.8121,-2.1678,-2.7167,-3.2629,-4.1601,-5.21,-6.0453,-6.9815,-7.265,-6.8452,-5.5445,-3.9034,-2.2882,-1.1639,0.14989,1.2423,1.95,2.7646,3.4341,3.8474,4.2958,4.6408,4.8942,5.0297,5.1457,5.1955,5.1887,5.1366,5.0582,4.9598,4.874,4.7597,4.6501,4.5706,4.4786,4.4027,4.3518,4.2903,4.2286,4.1508,4.0597,3.9017,3.6868,3.4672,3.0667,2.5094,1.9757,1.0817,-0.080329,-1.6232,-3.1221,-5.8308,-10.016,-15.295,-20.99,-11.749,-7.0637,-4.807,-2.6554,-1.135,-0.2953,0.50722,1.0039,1.2005,1.2319,1.0113,0.54548,-0.00227,-1.0073,-2.4201,-3.8146,-6.3007,-9.7579,-12.725,-12.989,-8.98,-5.4651,-3.4281,-1.2813,0.38969,1.4349,2.5956,3.567,4.3892,4.9307,5.5672,6.1228,6.4907,6.9292,7.3137,7.5709,7.8762,8.1462,8.3801,8.5364,8.722,8.8765,8.9714,9.0756,9.1509,9.1894,9.218,9.2241,9.2079,9.1821,9.1287,9.0373,8.9536,8.8046,8.6289,8.422,8.2453,7.9802,7.6862,7.4496,7.1124,6.7486,6.4715,6.095,5.7135,5.3453,5.0835,4.7736,4.5103,4.3479,4.1844,4.0807,4.0426,4.0415,4.0913,4.1691,4.2406,4.34,4.437,4.5053,4.5789,4.6222,4.628,4.6033,4.5279,4.4074,4.2853,4.0788,3.842,3.6423,3.3736,3.1145,2.9058,2.7884,2.7079,2.7211,2.7889,2.9565,3.1604,3.3363,3.5949,3.8746,4.1508,4.3595,4.6279,4.8889,5.0761,5.3162,5.5439,5.7549
1.4097,1.8183,2.2148,2.4605,2.5505,2.5529,2.4356,2.2767,1.9777,1.59,1.126,0.73775,0.17378,-0.42926,-0.88751,-1.4866,-2.0532,-2.4391,-2.8827,-3.222,-3.4345,-3.5048,-3.477,-3.3272,-3.1335,-2.7778,-2.343,-1.9843,-1.4684,-0.93684,-0.41156,-0.034593,0.43394,0.86169,1.1498,1.4859,1.7691,1.9949,2.1278,2.2713,2.3782,2.4451,2.5291,2.6176,2.6876,2.7942,2.9071,3.0145,3.0865,3.1615,3.203,3.2113,3.1941,3.1566,3.1271,3.1031,3.1032,3.1207,3.1342,3.1379,3.0891,2.9917,2.7488,2.3411,1.7274,1.1024,0.016226,-1.3953,-2.6617,-4.4511,-5.5998,-5.3487,-3.6737,-1.5592,0.35822,1.5757,2.9147,3.963,4.5867,5.2302,5.6876,5.9246,6.1185,6.1997,6.1989,6.1639,6.1031,6.0652,6.0695,6.1399,6.2874,6.5004,6.6892,6.9558,7.2128,7.3851,7.566,7.6809,7.7156,7.6931,7.5902,7.4091,7.2282,6.9346,6.6015,6.3428,6.0003,5.6876,5.4843,5.2667,5.1178,5.0271,4.9886,4.9604,4.9421,4.9258,4.8933,4.8509,4.7985,4.7647,4.729,4.7244,4.7478,4.8233,4.9485,5.071,5.2678,5.492,5.7281,5.9064,6.1416,6.3683,6.5314,6.7412,6.9396,7.0842,7.2733,7.4572,7.6361,7.7626,7.9188,8.054,8.1371,8.2148,8.2476,8.2243,8.1685,8.0292,7.8131,7.593,7.2122,6.7194,6.2647,5.5296,4.6208,3.4987,2.4825,0.81905,-1.3311,-3.403,-7.0141,-10.827,-10.283,-6.2115,-2.7747,-0.24995,1.2254,2.7965,4.0304,4.78,5.588,6.2132,6.6812,6.9427,7.1815,7.3065,7.3335,7.2859,7.1556,7.0108,6.7603,6.4562,6.1105,5.8346,5.4514,5.0659,4.7845,4.4415,4.1465,3.9707,3.8065,3.7334,3.7466,3.8092,3.9464,4.1202,4.2595,4.4359,4.581,4.6768
4.9085,5.0463,5.0693,4.9029,4.6541,4.1621,3.4779,2.8447,1.8472,0.68531,-0.6244,-1.6799,-3.1286,-4.5853,-5.6533,-7.0413,-8.3942,-9.4757,-11.065,-12.713,-13.829,-13.647,-12.028,-9.8619,-8.3389,-6.6212,-5.2603,-4.4539,-3.6129,-2.9677,-2.4375,-2.088,-1.5693,-0.87785,-0.2364,0.76251,1.8509,2.9582,3.754,4.7225,5.5672,6.1203,6.7342,7.1977,7.4475,7.6415,7.6627,7.4969,7.2292,6.6526,5.7679,4.8507,3.1674,0.69365,-2.0227,-8.1099,-14.559,-5.3262,-1.4498,1.8229,3.9592,5.0947,6.1671,6.844,7.2021,7.2934,7.2235,6.9909,6.7686,6.4992,6.3951,6.5012,6.8979,7.5234,8.2622,8.8245,9.5193,10.116,10.491,10.884,11.161,11.302,11.415,11.452,11.434,11.396,11.328,11.257,11.212,11.175,11.17,11.203,11.243,11.32,11.412,11.483,11.563,11.619,11.636,11.625,11.568,11.464,11.352,11.161,10.925,10.72,10.414,10.069,9.7819,9.363,8.8972,8.3702,7.9289,7.2488,6.4372,5.7183,4.569,3.1368,1.3343,-0.31038,-2.9652,-5.7525,-6.8114,-5.5144,-3.1417,-1.5803,0.0067923,1.1002,1.7937,2.0942,2.2587,2.2098,2.0676,1.7986,1.5384,1.4091,1.4184,1.6948,2.2154,2.7224,3.492,4.3069,4.9105,5.6765,6.3776,6.993,7.3919,7.8357,8.1773,8.3581,8.5041,8.5302,8.4754,8.3076,8.0336,7.6653,7.3396,6.8661,6.3932,6.0797,5.7759,5.672,5.7583,6.0854,6.6045,7.2374,7.7393,8.3949,9.0017,9.4042,9.8585,10.209,10.451,10.558,10.604,10.531,10.397,10.115,9.7102,9.3245,8.684,7.903,6.9601,6.1396,4.8597,3.3245,1.9598,-0.24236,-3.032,-5.6111,-9.1831,-9.1934,-5.9065,-3.6012,-1.1858,0.64611,1.7268,2.8578,3.7098,4.3211
6.1567,6.0079,5.6914,5.2035,4.7137,3.8693,2.7686,1.7604,0.1179,-1.964,-4.6261,-7.0971,-11.03,-14.071,-13.457,-11.102,-9.3849,-8.6324,-8.1596,-8.0127,-7.9284,-7.692,-6.9708,-5.8807,-4.9789,-3.899,-3.0945,-2.7178,-2.5306,-2.7868,-3.5661,-4.5401,-6.4608,-8.5936,-8.8897,-6.0497,-2.4188,0.60533,2.4651,4.4905,6.1066,7.1109,8.2152,9.084,9.6085,10.153,10.537,10.774,10.86,10.861,10.756,10.62,10.389,10.151,9.9943,9.8704,9.8862,10.056,10.277,10.649,11.056,11.359,11.729,12.046,12.302,12.451,12.598,12.696,12.744,12.782,12.796,12.799,12.789,12.758,12.709,12.649,12.53,12.354,12.176,11.867,11.459,11.085,10.495,9.7995,8.9976,8.3426,7.4227,6.513,5.9025,5.3031,5.0698,5.2461,5.6007,6.2362,6.9431,7.4516,8.0458,8.5129,8.7696,8.9867,9.0677,9.0046,8.8719,8.5888,8.2071,7.8732,7.392,6.9075,6.5656,6.1706,5.8614,5.6164,5.454,5.2277,4.931,4.646,4.1351,3.4732,2.6769,2.0294,1.2202,0.60147,0.37739,0.42115,0.70163,0.95226,1.1566,1.1026,0.70672,0.13487,-1.0329,-2.7537,-4.5411,-7.9029,-13.321,-21.226,-23.165,-14.559,-11.247,-9.7995,-8.3098,-6.7025,-5.2864,-3.2093,-1.1661,0.66289,1.8521,3.1916,4.2669,4.9156,5.5885,6.0696,6.318,6.5382,6.6409,6.6573,6.6333,6.5734,6.5189,6.4956,6.5128,6.5997,6.7138,6.9347,7.2187,7.5549,7.8263,8.1997,8.5653,8.8217,9.1179,9.3463,9.4801,9.5154,9.4642,9.291,9.0772,8.6723,8.1413,7.6448,6.8524,5.9114,4.8144,3.9019,2.5719,1.1258,-0.012988,-1.5378,-2.9644,-3.8521,-4.6217,-4.7752,-4.3401,-3.7433,-2.7521,-1.6774,-0.88091,0.12312,1.0308,1.8333
1.7935,1.7852,1.7258,1.5894,1.4365,1.1582,0.79479,0.47809,0.012475,-0.48503,-0.96766,-1.2859,-1.6242,-1.8387,-1.8961,-1.8689,-1.7748,-1.6725,-1.504,-1.3097,-1.088,-0.91205,-0.65625,-0.38203,-0.17215,0.092615,0.32595,0.48216,0.67189,0.82212,0.95137,1.0502,1.2161,1.4582,1.7137,2.1675,2.7628,3.4637,4.0418,4.8218,5.5789,6.119,6.7809,7.368,7.7552,8.2046,8.5764,8.8772,9.0544,9.2339,9.3574,9.4164,9.4588,9.4737,9.4736,9.4706,9.477,9.4948,9.5239,9.5787,9.648,9.7081,9.7944,9.8807,9.9642,10.019,10.078,10.119,10.131,10.115,10.053,9.9728,9.8135,9.5855,9.2865,9.0096,8.5662,8.028,7.5573,6.8304,5.9757,5.2419,4.1329,2.8476,1.3388,0.023435,-2.0702,-4.7831,-7.4441,-12.351,-15.356,-10.28,-6.9468,-3.7915,-1.5544,-0.27515,1.035,1.9685,2.4522,2.8361,2.944,2.7598,2.4226,1.6774,0.55517,-0.58857,-2.6511,-5.608,-8.7159,-13.54,-11.46,-6.877,-4.4169,-2.0783,-0.45112,0.44919,1.3342,1.9484,2.3586,2.5623,2.7306,2.8034,2.8005,2.746,2.6031,2.4281,2.0951,1.6152,0.97305,0.37619,-0.57952,-1.6784,-2.579,-3.819,-5.0128,-5.8336,-6.8198,-7.7551,-8.7837,-9.6401,-10.751,-11.201,-10.623,-8.8581,-6.7647,-4.8499,-3.6271,-2.3087,-1.3273,-0.78626,-0.29634,-0.060265,-0.028835,-0.15823,-0.46711,-0.94142,-1.3787,-2.0233,-2.6693,-3.0851,-3.444,-3.4934,-3.3059,-2.8144,-2.1138,-1.3084,-0.68216,0.13295,0.90486,1.4329,2.0677,2.5967,3.0002,3.2119,3.3624,3.3516,3.2284,2.9059,2.3948,1.8704,0.98187,-0.13369,-1.4929,-2.6805,-4.4863,-6.5605,-8.2472,-10.557,-12.601,-13.617,-14.04,-13.606,-12.936,-12.406,-11.747,-11.063,-10.459,-9.4507,-8.1892,-6.7802
-4.0206,-3.574,-3.0427,-2.5991,-2.3246,-2.023,-1.7787,-1.6126,-1.398,-1.1831,-0.9534,-0.76611,-0.5138,-0.26059,-0.067348,0.1798,0.40821,0.56497,0.7544,0.9139,1.047,1.1236,1.2054,1.2626,1.2924,1.3202,1.3459,1.3702,1.4253,1.4985,1.5959,1.6834,1.8326,2.0212,2.1889,2.4453,2.7423,3.0473,3.2806,3.5886,3.8978,4.137,4.4631,4.7913,5.0331,5.3534,5.6592,5.9342,6.1115,6.3055,6.4461,6.5102,6.5337,6.4835,6.4004,6.2318,6.0097,5.7496,5.5468,5.2873,5.0782,4.9742,4.9234,4.9762,5.1283,5.2853,5.519,5.7521,5.9031,6.055,6.1273,6.1207,6.0187,5.8042,5.4675,5.1241,4.5347,3.7934,3.1371,2.1285,0.96083,-0.010961,-1.4071,-2.8911,-4.3776,-5.4122,-6.5669,-7.3184,-7.5556,-7.4839,-6.976,-6.1001,-5.2745,-4.1066,-2.9576,-2.1632,-1.2294,-0.47576,-0.037251,0.36818,0.56155,0.53396,0.37893,-0.012016,-0.58821,-1.1267,-1.9143,-2.6788,-3.1341,-3.4104,-3.1824,-2.501,-1.8132,-0.80803,0.18169,0.86825,1.6743,2.3524,2.8913,3.2107,3.534,3.7496,3.842,3.8781,3.8056,3.6844,3.4401,3.1082,2.6892,2.3196,1.7634,1.1532,0.66812,0.0065037,-0.6521,-1.1348,-1.7493,-2.3156,-2.8236,-3.1469,-3.4812,-3.6864,-3.7434,-3.7034,-3.5661,-3.3762,-3.2232,-3.0447,-2.9691,-2.9926,-3.1562,-3.5055,-3.9079,-4.6654,-5.7199,-7.1423,-8.4993,-10.904,-14.305,-18.05,-27.513,-26.884,-20.331,-15.983,-13.343,-11.425,-10.196,-8.6626,-7.2011,-6.1478,-4.8261,-3.643,-2.6248,-1.9858,-1.3089,-0.84982,-0.65172,-0.58752,-0.75497,-1.0444,-1.6541,-2.527,-3.6894,-4.764,-6.4875,-8.5702,-10.355,-12.871,-14.902,-15.525,-15.229,-14.591,-14.276,-14.466,-15.452,-17.553,-20.125,-23.206,-19.142,-14.191
-7.2266,-6.2479,-5.4826,-5.1572,-5.1084,-5.1476,-5.141,-4.976,-4.4398,-3.5758,-2.5297,-1.7203,-0.70185,0.19743,0.77979,1.4235,1.9276,2.2126,2.4852,2.6227,2.6398,2.5675,2.3793,2.0958,1.8277,1.4127,0.97635,0.65903,0.29741,0.070127,0.032481,0.13092,0.393,0.74441,1.0195,1.3434,1.5817,1.6905,1.6922,1.5979,1.413,1.2542,1.0902,1.0833,1.2285,1.6387,2.2322,2.8932,3.3727,3.9198,4.3204,4.5021,4.5741,4.4439,4.2081,3.6997,2.9492,1.9399,1.0095,-0.44686,-2.021,-3.0666,-3.7377,-3.2135,-1.881,-0.75029,0.63429,1.7845,2.4751,3.1807,3.6562,3.8728,3.9854,3.9039,3.6342,3.3076,2.6933,1.8819,1.1418,-0.040606,-1.4886,-2.7818,-4.8602,-7.5262,-11.183,-15.243,-27.235,-22.287,-15.784,-11.27,-8.3702,-6.2183,-4.8915,-3.3997,-2.1389,-1.3372,-0.44128,0.26223,0.67207,1.0637,1.2785,1.3342,1.2898,1.1137,0.84063,0.59245,0.26526,0.0092563,-0.096478,-0.077598,0.14374,0.55975,0.97767,1.6353,2.3498,2.8942,3.5892,4.2164,4.754,5.09,5.4433,5.6872,5.7998,5.8584,5.8159,5.7208,5.5133,5.2259,4.8593,4.5345,4.0468,3.5036,3.0639,2.4443,1.7937,1.2895,0.60969,-0.064864,-0.71682,-1.1813,-1.7424,-2.2107,-2.4917,-2.7569,-2.9072,-2.9716,-2.9907,-3.0037,-3.0571,-3.1411,-3.3461,-3.6873,-4.0614,-4.7403,-5.6233,-6.6976,-7.6361,-9.0431,-10.54,-11.65,-12.974,-14.021,-14.696,-15.78,-17.433,-20.36,-23.782,-23.474,-17.005,-13.346,-9.7483,-7.0758,-5.0267,-3.79,-2.4581,-1.4366,-0.85332,-0.29741,0.023933,0.12831,0.10835,-0.090776,-0.44694,-0.79658,-1.3452,-1.9494,-2.4035,-2.9872,-3.5058,-3.8348,-4.1967,-4.4777,-4.698,-4.8586,-5.0419,-5.1561,-5.1539,-4.9726,-4.5794,-4.0064
-2.0807,-2.2938,-2.8757,-3.9752,-5.2652,-7.9647,-12.906,-20.231,-15.575,-8.4202,-4.4531,-2.3999,-0.37563,1.1068,1.9571,2.8039,3.3962,3.6888,3.8927,3.9024,3.7216,3.4601,2.9311,2.1599,1.3929,0.065207,-1.7093,-3.4519,-6.448,-9.7379,-9.9158,-7.6098,-4.5205,-2.2303,-0.98627,0.14261,0.77476,0.93031,0.74606,0.048454,-1.2998,-2.9043,-6.3385,-12.79,-16.876,-8.5339,-3.582,-0.59756,0.95288,2.4023,3.3204,3.7225,3.9266,3.7957,3.4839,2.8003,1.8025,0.46347,-0.79692,-2.8997,-5.5414,-7.7093,-9.4161,-7.8979,-5.1944,-3.3814,-1.4262,0.067299,0.92819,1.7907,2.3507,2.5981,2.7177,2.6165,2.3319,2.0139,1.4677,0.78555,0.17978,-0.74085,-1.7849,-2.6418,-3.8449,-5.0505,-6.1591,-6.8306,-7.3694,-7.3609,-7.0075,-6.1546,-5.0331,-3.8023,-2.8888,-1.7422,-0.68575,0.040889,0.88206,1.5509,1.9348,2.2701,2.3904,2.2893,2.0668,1.5618,0.78662,0.022023,-1.2529,-2.7457,-3.8429,-4.7144,-4.2435,-2.6613,-1.2406,0.57729,2.1542,3.1584,4.2743,5.1645,5.8557,6.2544,6.6418,6.8704,6.946,6.9325,6.8011,6.6365,6.3296,5.9362,5.4774,5.0962,4.5409,3.9361,3.445,2.7306,1.9374,1.2827,0.30563,-0.80225,-2.0594,-3.091,-4.5341,-5.9166,-6.7287,-7.1832,-6.8819,-6.1326,-5.4952,-4.7243,-4.1287,-3.822,-3.5914,-3.5544,-3.6564,-3.9212,-4.3066,-4.8008,-5.212,-5.7991,-6.4233,-6.891,-7.5217,-8.1428,-8.5983,-9.2285,-9.8679,-10.401,-10.53,-10.139,-9.1207,-8.0748,-6.5328,-4.9834,-3.5364,-2.5376,-1.3732,-0.37478,0.26745,0.98317,1.5553,1.8902,2.2196,2.4266,2.51,2.5063,2.4246,2.2795,2.1376,1.9193,1.6909,1.5169,1.3008,1.1129,0.96311,0.88826,0.83613,0.83713,0.86644,0.94688,1.0744,1.2407
0.8472,0.59915,0.20229,-0.27995,-0.67969,-1.2032,-1.5895,-1.711,-1.5749,-1.1231,-0.47418,0.050959,0.6982,1.2376,1.5532,1.8431,1.9951,2.0218,1.9561,1.7887,1.5222,1.2496,0.77766,0.15836,-0.41079,-1.337,-2.4519,-3.3811,-4.6112,-5.4659,-5.4065,-4.7013,-3.3185,-1.9115,-0.99614,-0.039829,0.60334,0.9404,0.99314,0.80462,0.34927,-0.12357,-0.78819,-1.2517,-1.3004,-0.89129,-0.10827,0.74901,1.3217,1.901,2.2191,2.2814,2.1287,1.704,1.212,0.34434,-0.72315,-1.9277,-2.8677,-4.0623,-5.0229,-5.4674,-5.6283,-5.3016,-4.6058,-3.9719,-3.1023,-2.3203,-1.8484,-1.4076,-1.2011,-1.2093,-1.4239,-1.8653,-2.4968,-3.0489,-3.8266,-4.6169,-5.1649,-5.8024,-6.3471,-6.74,-7.266,-7.8439,-8.49,-9.006,-9.6628,-10.096,-10.145,-9.6844,-8.681,-7.2756,-6.1191,-4.5848,-3.1801,-2.2506,-1.1836,-0.33416,0.16431,0.6269,0.86423,0.85143,0.66589,0.16547,-0.62846,-1.4515,-2.9323,-4.8994,-6.6202,-8.3896,-7.7695,-5.3277,-3.4321,-1.2851,0.40992,1.4195,2.4769,3.2462,3.7727,4.0265,4.187,4.1649,4.0384,3.7296,3.2792,2.8661,2.2116,1.4917,0.74559,0.20017,-0.46964,-1.0577,-1.4497,-1.9372,-2.4566,-2.915,-3.702,-4.7616,-6.2061,-7.6355,-10.209,-13.965,-17.737,-19.544,-15.098,-11.654,-9.906,-8.3387,-7.3719,-6.9442,-6.7135,-6.7624,-6.9109,-7.229,-7.6169,-8.0194,-8.2736,-8.508,-8.6073,-8.6081,-8.5347,-8.4412,-8.3672,-8.2598,-8.1445,-8.014,-7.8862,-7.6521,-7.3315,-7.0359,-6.5728,-6.0254,-5.3963,-4.8536,-4.0616,-3.2354,-2.594,-1.7644,-0.98949,-0.46729,0.12387,0.5794,0.90033,1.0514,1.1266,1.0651,0.94694,0.70432,0.38934,0.12889,-0.22578,-0.54494,-0.78318,-0.88399,-0.89822,-0.78751,-0.65002,-0.43038,-0.20938,-0.01696
1.6973,1.7028,1.6975,1.673,1.6442,1.6027,1.5605,1.5277,1.4883,1.4359,1.3474,1.2414,1.0274,0.70499,0.38698,-0.12878,-0.71471,-1.1755,-1.7375,-2.1755,-2.4494,-2.5496,-2.5822,-2.557,-2.5252,-2.495,-2.4435,-2.3767,-2.2203,-1.9559,-1.5226,-1.1036,-0.46435,0.21381,0.71375,1.3442,1.8871,2.3141,2.5394,2.7193,2.8019,2.8212,2.8121,2.7762,2.7467,2.7152,2.6915,2.652,2.5821,2.4028,2.0929,1.7611,1.1668,0.36118,-0.41319,-1.7179,-3.3945,-5.5573,-7.6054,-11.176,-15.95,-18.036,-14.479,-10.717,-8.1088,-6.6776,-5.284,-4.3436,-3.9176,-3.6839,-3.8238,-4.1735,-4.9649,-6.1944,-7.964,-9.7067,-12.624,-15.743,-16.896,-15.695,-13.626,-12.455,-11.549,-11.329,-11.76,-12.52,-14.357,-17.711,-22.591,-31.689,-18.485,-12.944,-10.252,-7.5631,-5.4955,-4.2665,-2.9565,-1.9454,-1.3503,-0.74275,-0.31172,-0.045447,0.045945,0.044507,-0.070155,-0.21021,-0.43586,-0.65053,-0.76298,-0.7854,-0.61851,-0.27837,0.061466,0.54818,1.007,1.2938,1.5888,1.756,1.7724,1.6752,1.4042,0.96323,0.51988,-0.24157,-1.222,-2.1113,-3.5279,-5.2436,-7.2678,-8.8611,-10.611,-10.995,-10.334,-9.0129,-7.8185,-7.1484,-6.5884,-6.3781,-6.465,-6.6776,-7.0673,-7.4797,-7.7345,-7.9023,-7.8567,-7.7086,-7.5912,-7.5472,-7.6995,-7.9924,-8.6667,-9.6967,-10.721,-12.43,-14.496,-16.509,-17.322,-16.794,-15.255,-14.003,-12.558,-11.447,-10.794,-10.1,-9.6129,-9.313,-9.2191,-9.2917,-9.5694,-9.8988,-10.488,-11.187,-11.751,-11.831,-11.118,-9.5982,-8.2381,-6.449,-4.8675,-3.8633,-2.7808,-1.9701,-1.42,-1.176,-1.0679,-1.2113,-1.4873,-2.0957,-2.9775,-3.8236,-5.1828,-6.6861,-7.9741,-8.405,-7.9724,-6.7755,-5.7471,-4.5083,-3.5342,-2.8599
1.4478,1.7157,2.069,2.4122,2.6481,2.9147,3.1112,3.1973,3.2167,3.096,2.8027,2.4482,1.771,0.80516,-0.15293,-1.7914,-3.9679,-6.0161,-9.2043,-11.589,-10.824,-9.1676,-7.2407,-5.8904,-5.1852,-4.5642,-4.1133,-3.7737,-3.2142,-2.4594,-1.5225,-0.75534,0.28514,1.2966,1.9993,2.8465,3.5623,4.135,4.4722,4.7982,5.0036,5.0814,5.0845,4.9869,4.8594,4.6217,4.3104,3.9442,3.6345,3.1716,2.6569,2.2364,1.6142,0.90874,0.31071,-0.61967,-1.7472,-3.0659,-4.1456,-5.5941,-6.7172,-7.0462,-6.6285,-5.6063,-4.5126,-3.7871,-3.0431,-2.5843,-2.4328,-2.4899,-2.8462,-3.3144,-4.2136,-5.4326,-7.0264,-8.4546,-10.503,-12.268,-12.887,-12.29,-10.948,-9.9812,-8.988,-8.3736,-8.086,-8.0356,-8.1813,-8.3958,-8.4611,-8.2146,-7.5466,-6.5719,-5.7562,-4.6995,-3.7305,-3.0972,-2.3806,-1.7953,-1.4313,-1.0326,-0.68971,-0.37116,-0.13885,0.1523,0.41134,0.59547,0.82646,1.0565,1.2161,1.4086,1.5695,1.6915,1.755,1.7833,1.7278,1.6225,1.3877,1.0381,0.57325,0.15155,-0.50577,-1.2583,-1.8803,-2.8059,-3.8796,-4.8038,-6.26,-8.1056,-10.461,-12.572,-15.2,-15.125,-13.23,-10.519,-8.4047,-7.1875,-5.9684,-5.1095,-4.5376,-4.2583,-4.026,-3.907,-3.8868,-3.916,-4.0164,-4.2182,-4.4371,-4.8601,-5.4822,-6.1011,-7.169,-8.6296,-10.02,-12.3,-15.042,-17.915,-19.268,-18.471,-16.35,-14.891,-13.305,-12.042,-11.284,-10.46,-9.8399,-9.4092,-9.2521,-9.3067,-9.7205,-10.322,-11.615,-13.698,-17.024,-19.927,-18.712,-13.893,-10.968,-8.0034,-5.8072,-4.5253,-3.2006,-2.2334,-1.5794,-1.2822,-1.1297,-1.2561,-1.549,-2.2405,-3.334,-4.461,-6.4941,-9.3174,-12.958,-14.731,-12.463,-9.059,-7.088,-5.1568,-3.8386,-3.0045
-1.8493,-1.1839,-0.21574,0.78546,1.5117,2.3928,3.1253,3.5576,3.9567,4.133,4.0657,3.8426,3.2961,2.4336,1.5586,0.045671,-1.8879,-3.5809,-5.9045,-7.4176,-7.3962,-6.7811,-6.0077,-5.7323,-5.9681,-6.922,-8.701,-10.452,-11.637,-9.1295,-5.5753,-3.3139,-0.89583,1.0064,2.1629,3.4037,4.3497,5.0453,5.4319,5.7903,5.9594,5.9633,5.8145,5.5111,5.1853,4.6207,3.9101,3.0962,2.4451,1.6077,0.89016,0.47622,0.12672,-0.011293,-0.016331,0.018808,0.035441,-0.0099323,-0.070411,-0.1516,-0.188,-0.18196,-0.14475,-0.056028,0.066628,0.12961,0.13678,0.017388,-0.15017,-0.49565,-0.97876,-1.4464,-2.1804,-2.9739,-3.7485,-4.2934,-4.9088,-5.3254,-5.4402,-5.3211,-5.0326,-4.7565,-4.3361,-3.9044,-3.5413,-3.3241,-3.1018,-2.9302,-2.8225,-2.6912,-2.6046,-2.5387,-2.4937,-2.4521,-2.5064,-2.615,-2.8173,-3.0602,-3.2425,-3.4373,-3.5177,-3.3932,-3.1147,-2.5211,-1.7833,-1.1957,-0.42341,0.26604,0.70652,1.1691,1.4779,1.6171,1.6098,1.4403,1.0859,0.69541,-0.011778,-0.91713,-1.9943,-2.8825,-4.1086,-5.296,-6.0777,-6.8653,-7.3657,-7.6024,-7.8007,-7.9151,-7.9561,-7.914,-7.7168,-7.3085,-6.8386,-6.0709,-5.2469,-4.6625,-3.9495,-3.3575,-2.8815,-2.6102,-2.3572,-2.1858,-2.1073,-2.0691,-2.1026,-2.2077,-2.3524,-2.6507,-3.0985,-3.5412,-4.2743,-5.1865,-6.0013,-7.2011,-8.4881,-9.7962,-10.713,-11.855,-12.821,-13.373,-13.774,-13.47,-12.78,-11.538,-10.3,-9.2584,-8.6212,-7.9809,-7.6162,-7.5137,-7.5539,-7.6599,-7.6848,-7.5711,-7.1656,-6.4698,-5.7807,-4.7686,-3.7832,-3.105,-2.2962,-1.6104,-1.0763,-0.78734,-0.53816,-0.45708,-0.50565,-0.71426,-1.0734,-1.4257,-1.9671,-2.4836,-2.8711,-3.0117,-2.9714,-2.6875,-2.4009,-2.0123,-1.7064,-1.53
-12.511,-10.844,-7.8572,-4.9495,-3.0683,-0.98538,0.65124,1.6201,2.5953,3.2515,3.6247,3.7329,3.6588,3.369,3.0192,2.4145,1.7071,1.142,0.40521,-0.27014,-0.86615,-1.2771,-1.8587,-2.592,-3.3121,-4.4994,-5.9319,-6.9558,-7.4794,-6.4151,-4.4124,-2.8844,-1.0586,0.44697,1.3706,2.356,3.1015,3.6383,3.9119,4.113,4.1215,4.0095,3.6945,3.1691,2.61,1.624,0.30811,-1.4444,-3.1162,-5.9535,-9.3703,-11.157,-9.823,-6.8927,-5.0635,-3.2188,-1.8875,-0.94288,-0.44248,0.025361,0.31135,0.43917,0.51072,0.47153,0.33549,0.16703,-0.13695,-0.55031,-0.93389,-1.5603,-2.3151,-2.9673,-3.959,-5.0448,-6.1131,-6.8246,-7.4598,-7.5437,-7.251,-6.5449,-5.6585,-4.976,-4.1145,-3.3792,-2.7942,-2.4724,-2.1674,-2.0119,-2.0065,-2.1476,-2.4401,-2.895,-3.3529,-4.1068,-5.047,-5.8625,-7.116,-8.6398,-9.9768,-12.025,-14.326,-15.701,-14.784,-11.899,-8.983,-7.1247,-5.113,-3.5987,-2.736,-1.8751,-1.332,-1.0845,-1.1007,-1.3776,-1.9555,-2.5882,-3.7474,-5.293,-7.3174,-9.2246,-12.486,-16.818,-20.501,-21.306,-17.91,-15.768,-13.714,-12.203,-10.99,-10.203,-9.2025,-8.2568,-7.586,-6.7685,-6.0475,-5.5824,-5.1043,-4.7843,-4.6065,-4.5403,-4.5246,-4.546,-4.534,-4.4396,-4.2536,-3.9887,-3.7975,-3.5928,-3.5036,-3.5489,-3.7622,-4.1699,-4.6193,-5.4455,-6.5315,-7.8721,-9.1132,-11.245,-14.253,-17.522,-25.336,-26.082,-19.548,-14.85,-11.978,-10.059,-9.054,-8.0962,-7.4503,-7.1187,-6.8297,-6.6665,-6.5433,-6.4708,-6.3451,-6.1369,-5.9322,-5.6353,-5.2791,-4.9748,-4.5427,-4.0919,-3.6427,-3.3127,-2.9035,-2.5557,-2.338,-2.1036,-1.9525,-1.8887,-1.866,-1.8921,-1.9327,-1.9747,-2.0566,-2.167,-2.2587,-2.4254,-2.6564,-2.9557
-17.962,-15.887,-11.635,-7.8789,-5.6073,-3.1802,-1.3078,-0.19774,0.94873,1.7739,2.3201,2.5734,2.728,2.7096,2.6021,2.3627,2.0418,1.7666,1.3803,0.97829,0.57814,0.27695,-0.13698,-0.5518,-0.8647,-1.2656,-1.6014,-1.7762,-1.8688,-1.7718,-1.5277,-1.2775,-0.88738,-0.49794,-0.24172,0.046115,0.27375,0.44977,0.52878,0.55311,0.4834,0.36771,0.093267,-0.36409,-0.84285,-1.6789,-2.7707,-4.1869,-5.4775,-7.4497,-9.2758,-9.9912,-9.442,-7.7342,-6.3629,-4.7867,-3.5689,-2.6668,-2.1684,-1.7329,-1.5319,-1.507,-1.6072,-1.8578,-2.2406,-2.586,-3.1031,-3.6719,-4.1552,-4.8952,-5.7863,-6.5878,-7.945,-9.8848,-12.699,-15.856,-23.402,-23.403,-16.978,-12.245,-9.2748,-7.634,-5.9754,-4.7889,-3.9589,-3.5321,-3.193,-3.1218,-3.238,-3.6179,-4.2476,-5.1562,-6.0631,-7.5783,-9.3971,-10.948,-13.228,-15.48,-16.993,-18.634,-19.884,-20.349,-19.205,-16.064,-12.894,-10.861,-8.703,-7.0497,-6.0991,-5.1787,-4.617,-4.377,-4.3982,-4.6946,-5.3055,-5.9708,-7.115,-8.623,-10.539,-12.244,-14.787,-17.438,-19.109,-20.147,-20.08,-19.737,-19.133,-18.313,-17.079,-15.913,-14.18,-12.464,-11.308,-10.012,-9.0289,-8.4999,-8.0827,-8.0304,-8.3884,-8.9391,-10.042,-11.5,-12.525,-12.879,-11.613,-9.6495,-8.2534,-6.7235,-5.6052,-5.0218,-4.5678,-4.4138,-4.4767,-4.7899,-5.3268,-6.0876,-6.7942,-7.8515,-8.9485,-9.7181,-10.498,-10.792,-10.656,-10.225,-9.7024,-9.1936,-8.88,-8.6158,-8.5462,-8.5822,-8.7372,-9.015,-9.3892,-9.6947,-10.106,-10.488,-10.739,-10.991,-11.094,-11.056,-10.852,-10.47,-9.8994,-9.3507,-8.5311,-7.6808,-7.0702,-6.3334,-5.7138,-5.3436,-4.9759,-4.7639,-4.6923,-4.7202,-4.8653,-5.1333,-5.4251,-5.8997,-6.4907,-7.191
-7.071,-6.2676,-5.0329,-3.6912,-2.6956,-1.4569,-0.38186,0.29737,1.0217,1.547,1.8683,1.988,2.0072,1.8863,1.7235,1.4456,1.1314,0.89952,0.61335,0.38555,0.21232,0.10304,-0.014696,-0.11701,-0.19754,-0.33645,-0.50238,-0.64555,-0.86417,-1.1206,-1.4263,-1.6748,-2.0518,-2.4762,-2.8096,-3.2187,-3.5524,-3.7588,-3.8124,-3.7604,-3.609,-3.4945,-3.3993,-3.4074,-3.4907,-3.7314,-4.0939,-4.527,-4.8654,-5.2698,-5.5262,-5.5626,-5.372,-4.9779,-4.5847,-3.9915,-3.4473,-3.039,-2.8383,-2.7433,-2.88,-3.1521,-3.7408,-4.5662,-5.5764,-6.3866,-7.405,-8.1383,-8.4324,-8.5335,-8.5534,-8.6223,-8.8884,-9.4111,-10.151,-10.729,-11.212,-10.902,-10.147,-8.8019,-7.3675,-6.3705,-5.2501,-4.3742,-3.7354,-3.3979,-3.1656,-3.1816,-3.3519,-3.8142,-4.5778,-5.6753,-6.7565,-8.6195,-11.133,-13.642,-18.345,-26.992,-32.647,-22.776,-18.387,-15.642,-14.072,-12.334,-10.759,-9.6835,-8.4897,-7.5566,-6.9922,-6.441,-6.1353,-6.0676,-6.1536,-6.443,-6.9597,-7.4952,-8.3925,-9.4877,-10.748,-11.783,-13.281,-14.896,-16.128,-17.79,-19.831,-21.876,-26.097,-37.09,-30.813,-23.83,-18.634,-15.237,-13.348,-11.405,-9.9983,-9.2675,-8.6767,-8.5348,-8.8995,-9.556,-11.017,-13.285,-15.376,-16.642,-14.004,-10.684,-8.6797,-6.6413,-5.1973,-4.4095,-3.6847,-3.2913,-3.1726,-3.1972,-3.4228,-3.8181,-4.1839,-4.7219,-5.3103,-5.7527,-6.2918,-6.7719,-7.0942,-7.4576,-7.7987,-8.1656,-8.4702,-8.9434,-9.5438,-10.103,-11.001,-12.101,-13.381,-14.417,-15.917,-17.406,-18.356,-19.265,-19.93,-20.352,-20.871,-20.946,-19.92,-18.416,-16.027,-13.73,-12.239,-10.617,-9.3866,-8.6985,-8.0386,-7.6697,-7.5861,-7.6879,-7.9871,-8.4753,-8.9557,-9.749,-10.692,-11.821
-1.7203,-1.2709,-0.64491,-0.0091753,0.45315,1.0213,1.5035,1.7889,2.0486,2.1461,2.0751,1.9004,1.5069,0.93037,0.39552,-0.41506,-1.2372,-1.7715,-2.2311,-2.309,-2.0437,-1.7044,-1.2057,-0.77257,-0.53029,-0.33908,-0.32518,-0.4336,-0.74886,-1.2672,-1.9917,-2.6888,-3.8668,-5.3213,-6.5945,-8.5064,-10.395,-11.538,-11.418,-10.253,-8.785,-7.8216,-6.7969,-6.0698,-5.7172,-5.4993,-5.5217,-5.6997,-5.8832,-6.1066,-6.2122,-6.1261,-5.7456,-5.1342,-4.5949,-3.8636,-3.2027,-2.7027,-2.4891,-2.4526,-2.7345,-3.1996,-4.239,-5.8329,-8.2226,-10.834,-16.38,-24.762,-19.128,-13.268,-10.175,-8.7489,-7.5233,-6.7475,-6.267,-6.0094,-5.6929,-5.3438,-5.0545,-4.6088,-4.0833,-3.6888,-3.1976,-2.7469,-2.3756,-2.1695,-2.0099,-1.9852,-2.0731,-2.354,-2.8446,-3.5356,-4.1867,-5.2558,-6.517,-7.5076,-8.7802,-9.7825,-10.201,-10.193,-9.7799,-9.212,-8.7222,-8.1014,-7.5895,-7.2935,-6.9725,-6.7417,-6.6448,-6.6081,-6.6553,-6.7937,-6.9683,-7.3018,-7.733,-8.1429,-8.8221,-9.6096,-10.513,-11.28,-12.364,-13.457,-14.309,-15.434,-16.429,-17.061,-17.635,-17.654,-16.853,-15.761,-13.888,-11.962,-10.63,-9.0422,-7.7156,-6.9089,-6.0939,-5.5467,-5.2299,-5.1266,-5.1165,-5.1321,-5.083,-4.8352,-4.3336,-3.6365,-3.0578,-2.3167,-1.6874,-1.3189,-0.97005,-0.80104,-0.79016,-0.92525,-1.2116,-1.6202,-1.9998,-2.5953,-3.2512,-3.7694,-4.4794,-5.2075,-5.7548,-6.4646,-7.1438,-7.8568,-8.4288,-9.2554,-10.196,-11.045,-12.431,-14.147,-16.381,-18.569,-22.511,-28.505,-35.396,-32.688,-28.211,-27.144,-27.712,-30.138,-29.733,-25.142,-19.882,-16.177,-14.133,-12.09,-10.645,-9.8878,-9.2918,-9.0858,-9.2311,-9.5637,-10.289,-11.285,-12.151,-13.427,-14.756,-16.052
0.92257,1.1962,1.5629,1.9165,2.1621,2.4422,2.6462,2.735,2.7443,2.5901,2.2468,1.8388,1.0429,-0.10348,-1.2587,-3.3355,-6.3022,-9.3825,-13.781,-11.774,-7.5609,-5.2581,-3.1026,-1.6839,-0.97681,-0.38911,-0.16244,-0.21147,-0.54471,-1.1864,-2.151,-3.1151,-4.7181,-6.7859,-8.7536,-12.11,-16.627,-21.068,-19.407,-15.027,-11.943,-10.294,-8.6307,-7.5079,-7.0169,-6.7361,-6.9292,-7.6536,-8.5667,-10.287,-12.223,-12.882,-11.371,-8.5619,-6.597,-4.4914,-2.926,-1.7981,-1.2267,-0.80496,-0.75676,-0.94729,-1.5174,-2.4578,-3.7244,-4.7854,-6.1219,-6.8653,-6.8023,-6.1018,-5.1888,-4.5408,-3.8681,-3.4325,-3.1778,-3.0739,-3.0074,-3.0105,-3.017,-2.9812,-2.9037,-2.8079,-2.5987,-2.3173,-1.9844,-1.7374,-1.4146,-1.1393,-0.99445,-0.89336,-0.90178,-1.0521,-1.2401,-1.5773,-1.9755,-2.3115,-2.7701,-3.1806,-3.472,-3.8017,-4.0488,-4.3095,-4.5393,-4.8718,-5.2931,-5.693,-6.2779,-6.8922,-7.367,-7.9432,-8.3684,-8.6299,-8.7622,-8.9304,-9.1319,-9.3487,-9.7562,-10.352,-11.124,-11.811,-12.842,-13.969,-14.812,-15.766,-16.129,-15.958,-15.194,-13.95,-12.491,-11.292,-9.6762,-8.1167,-7.0197,-5.6592,-4.4681,-3.6713,-2.753,-2,-1.3869,-0.99512,-0.56118,-0.18958,0.066234,0.38943,0.70931,1.0146,1.2264,1.4568,1.6177,1.6683,1.6286,1.4743,1.2708,0.87295,0.34632,-0.30553,-0.88699,-1.7749,-2.7642,-3.5712,-4.7001,-5.8392,-6.6654,-7.6879,-8.5494,-9.2226,-9.6592,-10.228,-10.87,-11.433,-12.405,-13.635,-15.2,-16.529,-18.394,-20.169,-21.04,-21.196,-20.661,-19.965,-18.916,-17.853,-16.522,-15.364,-13.732,-12.094,-11.013,-9.8507,-9.0196,-8.6347,-8.4843,-8.7481,-9.4082,-10.195,-11.718,-13.775,-15.715,-18.868,-22.073,-23.606
0.57146,0.77585,1.0677,1.3516,1.553,1.7863,1.9679,2.0584,2.1104,2.0521,1.842,1.5627,0.98384,0.14429,-0.6911,-2.103,-3.8055,-5.09,-6.1998,-5.8742,-4.4889,-3.3007,-1.9329,-0.89948,-0.34899,0.10102,0.23276,0.14108,-0.22638,-0.88779,-1.8492,-2.7616,-4.2169,-5.9952,-7.4672,-9.4724,-11.301,-12.62,-12.937,-12.411,-11.225,-10.115,-8.5975,-7.3674,-6.7463,-6.2624,-6.2282,-6.7546,-7.5618,-9.1858,-11.205,-12.003,-10.238,-7.2025,-5.1254,-2.8487,-1.1101,0.16561,0.87756,1.5505,1.9201,2.0344,2.0043,1.7819,1.4358,1.14,0.72864,0.36299,0.14542,-0.081661,-0.30214,-0.47105,-0.72911,-1.1035,-1.5797,-2.0122,-2.6894,-3.454,-4.0338,-4.765,-5.4136,-5.7139,-5.7319,-5.3421,-4.6256,-3.9622,-3.0289,-2.1588,-1.5921,-0.96035,-0.45341,-0.11407,0.037707,0.15313,0.16265,0.094322,-0.063304,-0.27274,-0.48295,-0.86517,-1.3396,-1.9328,-2.51,-3.4607,-4.6568,-5.7564,-7.56,-9.8272,-11.749,-14.122,-15.206,-14.493,-13.551,-12.465,-11.84,-11.618,-11.611,-11.962,-12.588,-13.238,-14.507,-16.445,-18.519,-23.197,-32.396,-26.579,-19.038,-14.652,-11.574,-9.7222,-7.6609,-5.9353,-4.8024,-3.4567,-2.3016,-1.5415,-0.6503,0.12249,0.7741,1.1981,1.6943,2.1167,2.3904,2.6946,2.9342,3.0977,3.1683,3.1822,3.1017,2.9724,2.6835,2.2608,1.8629,1.2093,0.41079,-0.55175,-1.3748,-2.6104,-4.0592,-5.3241,-7.2656,-9.5169,-11.385,-13.895,-15.309,-14.889,-14.003,-12.961,-12.343,-12.159,-12.268,-12.787,-13.535,-14.2,-15.083,-15.713,-15.895,-15.739,-15.171,-14.456,-13.304,-12.12,-10.895,-9.9915,-8.8885,-7.9414,-7.3542,-6.7558,-6.4287,-6.3702,-6.5608,-7.1197,-8.0702,-9.0398,-10.737,-13.004,-15.133,-18.558,-22.124,-23.534
-2.5872,-2.2492,-1.8017,-1.4259,-1.1883,-0.90752,-0.62218,-0.38619,-0.038295,0.33579,0.66256,0.84366,0.97042,0.94122,0.81958,0.56003,0.25103,0.040992,-0.13855,-0.15869,-0.017628,0.15494,0.40504,0.63844,0.77543,0.851,0.79165,0.6418,0.2717,-0.30581,-1.1201,-1.9155,-3.2666,-4.9497,-6.494,-9.1529,-12.814,-18.907,-28.502,-19.823,-13.408,-10.457,-7.7233,-5.8609,-4.7829,-3.7557,-3.1115,-2.7291,-2.5759,-2.451,-2.2417,-1.9448,-1.3676,-0.53788,0.18527,1.1577,2.1041,2.9382,3.4687,4.0429,4.4656,4.6683,4.8032,4.8075,4.6852,4.5111,4.2055,3.8114,3.4576,2.9106,2.2765,1.71,0.84634,-0.16191,-1.3519,-2.3829,-3.9619,-5.7943,-7.4025,-9.9565,-12.967,-15.445,-17.086,-14.364,-10.826,-8.5759,-6.1614,-4.3068,-3.181,-1.9718,-1.0785,-0.39944,-0.0041631,0.36872,0.6019,0.71919,0.79768,0.75439,0.67178,0.44952,0.046176,-0.5199,-1.0838,-2.1033,-3.4539,-4.7316,-6.968,-9.8833,-12.676,-17.064,-18.808,-16.546,-14.968,-13.71,-13.244,-13.287,-13.563,-13.799,-13.898,-13.936,-14.007,-14.193,-14.4,-14.753,-14.578,-13.82,-12.155,-10.171,-8.2483,-6.9427,-5.4258,-4.1037,-3.2112,-2.1706,-1.2498,-0.63727,0.089884,0.72914,1.2995,1.6727,2.1201,2.5081,2.7581,3.0427,3.2531,3.3821,3.4104,3.3531,3.1541,2.9158,2.4711,1.8508,1.2773,0.38426,-0.66787,-1.8437,-2.7877,-4.1546,-5.6639,-6.8865,-8.8509,-11.356,-13.736,-17.709,-20.154,-17.381,-15.068,-12.843,-11.546,-11.107,-11.053,-11.57,-12.639,-13.882,-16.172,-19.008,-20.51,-18.998,-15.547,-13.27,-10.807,-8.8277,-7.2286,-6.2583,-5.1955,-4.4036,-3.9752,-3.6085,-3.4967,-3.5908,-3.924,-4.5047,-5.3713,-6.1655,-7.4004,-8.8381,-9.9661,-11.495,-12.842,-13.926
-7.719,-6.2781,-5.1949,-4.8532,-4.9908,-5.451,-5.7598,-5.4883,-4.3461,-2.7523,-1.2094,-0.23051,0.79784,1.5022,1.8542,2.1179,2.2003,2.1616,2.0305,1.8282,1.6029,1.4281,1.2471,1.1172,1.0576,1.0281,1.0364,1.0182,0.91718,0.68321,0.2873,-0.15942,-0.92865,-1.8968,-2.7915,-4.1466,-5.4993,-6.6596,-7.0349,-6.6126,-5.448,-4.3022,-2.826,-1.5805,-0.75488,0.1538,0.82088,1.3267,1.6252,1.9385,2.2153,2.4439,2.7602,3.1552,3.5186,4.065,4.6469,5.2548,5.6989,6.2247,6.6654,6.92,7.1259,7.1922,7.1084,6.9461,6.6097,6.1289,5.6699,4.9287,4.0479,3.2679,2.0493,0.63308,-1.0561,-2.5104,-4.7358,-7.3251,-9.5274,-12.507,-15.377,-17.151,-17.454,-15.079,-11.653,-9.2573,-6.6429,-4.6249,-3.4193,-2.1889,-1.3489,-0.77778,-0.45581,-0.14755,0.1143,0.33768,0.64211,0.92238,1.1069,1.3005,1.3439,1.1877,0.95626,0.43597,-0.33555,-1.0565,-2.1696,-3.4584,-4.4699,-5.7025,-6.806,-7.7428,-8.4628,-9.7232,-11.541,-13.567,-17.776,-22.979,-19.383,-15.667,-12.373,-10.266,-9.1848,-8.0219,-7.0857,-6.4704,-5.6835,-4.9184,-4.2103,-3.7049,-3.0905,-2.4971,-2.0646,-1.525,-0.99751,-0.61343,-0.13844,0.26443,0.63575,0.90193,1.24,1.5866,1.8531,2.2153,2.5463,2.8086,2.9324,2.9713,2.8227,2.5646,2.0313,1.2482,0.47301,-0.81804,-2.3605,-4.0768,-5.3732,-6.8379,-7.6765,-7.9371,-8.0861,-8.1897,-8.2356,-8.2864,-8.1728,-7.7781,-7.3853,-6.8966,-6.5164,-6.4211,-6.5671,-7.0635,-7.9898,-8.9871,-10.721,-12.616,-13.305,-12.244,-9.7886,-7.8936,-5.7488,-4.0188,-2.6362,-1.8304,-1.0007,-0.41684,-0.13048,0.035403,-0.016962,-0.20296,-0.65739,-1.3019,-2.1327,-2.8949,-4.0346,-5.2821,-6.2682,-7.5799,-8.9006,-10.139
-5.018,-4.2728,-3.9683,-4.5509,-5.7225,-8.7938,-15.348,-18.834,-9.6654,-4.5898,-1.4995,0.11322,1.6291,2.6298,3.1116,3.4414,3.4643,3.2958,2.8297,2.1178,1.1851,0.39649,-0.59974,-1.3048,-1.462,-1.1112,-0.40534,0.17942,0.86208,1.3384,1.5776,1.628,1.5346,1.2537,1.0017,0.66853,0.36571,0.26746,0.33368,0.60376,1.13,1.6259,2.2983,3.0132,3.493,4.0058,4.4037,4.6293,4.6951,4.6588,4.4796,4.2759,4.044,3.9163,3.9661,4.3382,5.0062,5.853,6.5268,7.3648,8.0493,8.4523,8.819,8.9692,8.9115,8.7432,8.3398,7.7572,7.215,6.345,5.3199,4.4746,3.1816,1.6934,-0.023229,-1.5267,-3.9498,-7.0046,-10.006,-16.261,-33.684,-22.334,-14.172,-10.105,-7.2352,-5.5017,-3.6901,-2.3428,-1.6357,-1.1176,-0.98888,-1.2815,-1.7543,-2.4513,-2.8443,-2.6954,-1.8247,-0.48327,0.48391,1.5761,2.4183,2.9362,3.1338,3.2075,3.0581,2.8229,2.3937,1.8407,1.3854,0.71214,-0.038717,-0.87298,-1.5826,-2.7233,-4.0831,-5.24,-6.7755,-7.6292,-7.1377,-6.1681,-4.6322,-3.2877,-2.5162,-1.7383,-1.238,-1.0412,-0.97887,-1.1479,-1.524,-1.9177,-2.4417,-2.8315,-2.9548,-2.7841,-2.3694,-2.0405,-1.6953,-1.5535,-1.6473,-1.771,-1.865,-1.641,-1.1926,-0.34551,0.58727,1.4079,1.894,2.3053,2.4644,2.3835,1.982,1.2512,0.42387,-1.1324,-3.3727,-6.776,-10.696,-21.966,-17.661,-11.667,-7.6677,-5.3926,-4.2835,-3.2099,-2.4404,-1.9002,-1.5581,-1.2155,-0.99544,-0.88207,-0.8244,-0.88236,-1.0226,-1.1417,-1.281,-1.275,-1.1309,-0.73025,-0.062816,0.50798,1.3083,2.0738,2.705,3.0995,3.4854,3.7073,3.7654,3.6823,3.4235,3.1223,2.5378,1.7453,0.7654,-0.12316,-1.5018,-3.0477,-4.327,-6.0846,-7.75,-9.1366
0.65366,0.50312,0.22566,-0.2251,-0.65046,-1.248,-1.6313,-1.58,-1.0415,-0.13994,0.86984,1.5703,2.3296,2.8622,3.0907,3.1687,2.9387,2.5585,1.6957,0.37409,-1.5767,-3.6443,-7.9755,-16.483,-19.414,-9.5094,-5.0278,-2.9649,-1.1248,0.043772,0.72033,1.0103,1.1069,0.98256,0.82915,0.58607,0.40101,0.47005,0.69248,1.2192,1.9709,2.5737,3.3674,4.1258,4.5885,5.0264,5.2706,5.2516,5.0344,4.4552,3.4752,2.3925,0.4486,-2.1281,-3.9289,-3.5799,-0.5553,2.3496,4.0516,5.7971,7.03,7.6597,8.1961,8.3922,8.2849,8.0251,7.4374,6.6212,5.8854,4.7623,3.5474,2.6517,1.5044,0.43552,-0.59004,-1.3748,-2.4859,-3.6861,-4.6717,-5.7336,-6.256,-6.0975,-5.0982,-3.8112,-2.4829,-1.6299,-0.76643,-0.19866,-0.040264,-0.24384,-0.95598,-2.3836,-4.1267,-8.0009,-17.075,-20.623,-8.7205,-3.8271,-1.4978,0.59137,1.9645,2.9025,3.3304,3.6693,3.8066,3.7942,3.6716,3.5175,3.3866,3.1964,3.0216,2.821,2.6562,2.4235,2.159,1.9892,1.8191,1.7912,1.9057,2.0749,2.357,2.6018,2.7477,2.7642,2.5502,2.2229,1.4894,0.33704,-1.3564,-3.1101,-6.4536,-11.501,-14.573,-11.017,-7.3453,-5.7418,-4.7812,-4.865,-6.1602,-8.122,-12.688,-16.611,-12.072,-6.9768,-3.8795,-1.9336,-0.95573,-0.11321,0.38736,0.60374,0.64241,0.44982,0.15395,-0.49972,-1.4413,-2.5392,-3.3795,-4.165,-4.0524,-3.4901,-2.5032,-1.4833,-0.8528,-0.18834,0.31806,0.64215,0.8179,1.0159,1.1696,1.313,1.5213,1.7822,2.091,2.3429,2.7118,3.095,3.3786,3.7733,4.1685,4.4357,4.7492,4.9971,5.1401,5.1943,5.1801,5.056,4.8934,4.6093,4.2102,3.8308,3.2197,2.4028,1.3557,0.39043,-1.2348,-3.3682,-5.3929,-8.9322,-14.122,-19.419
2.4184,2.2987,2.1109,1.86,1.6356,1.332,1.036,0.84858,0.69131,0.61052,0.63706,0.70588,0.85863,1.0319,1.1331,1.1633,1.0067,0.72695,0.1185,-0.82384,-2.0896,-3.2281,-4.7848,-5.9104,-6.1483,-5.4913,-4.3561,-3.4387,-2.3865,-1.6363,-1.2119,-1.167,-1.4488,-2.0978,-2.9224,-4.4132,-6.0516,-6.9966,-6.4076,-4.2805,-1.9798,-0.50471,1.183,2.4244,3.1198,3.8029,4.1387,4.1731,3.984,3.4127,2.4545,1.4244,-0.47326,-2.7527,-4.2547,-3.993,-1.5238,1.0523,2.6232,4.209,5.3258,5.8775,6.2509,6.2608,5.9189,5.4213,4.4601,3.115,1.8396,-0.16046,-2.5006,-4.2392,-5.7823,-5.8788,-5.0453,-4.3088,-3.4474,-2.8391,-2.4342,-1.9736,-1.5669,-1.1587,-0.62376,-0.095447,0.42204,0.72797,1.0228,1.1166,1.0358,0.73378,0.11761,-0.68167,-1.3872,-2.3428,-2.9269,-2.9631,-2.3813,-1.3364,-0.56181,0.42599,1.1451,1.596,1.782,1.7851,1.6017,1.3911,1.1098,0.98241,1.0341,1.3565,1.9132,2.5487,3.0186,3.6094,4.1002,4.4086,4.7594,5.0269,5.2251,5.3365,5.403,5.3557,5.2514,4.9697,4.5015,4.0065,3.1208,1.9428,0.41247,-0.9802,-3.1107,-5.094,-5.9456,-5.6912,-4.7408,-4.1142,-3.7198,-3.9455,-4.7075,-5.6211,-6.8877,-7.4319,-7.0296,-5.9425,-4.929,-4.288,-4.0651,-3.9432,-3.8813,-3.6927,-3.1333,-2.4144,-1.8647,-1.2499,-0.80799,-0.51281,-0.3817,-0.20382,-0.046248,0.092779,0.29541,0.42152,0.47377,0.42021,0.21599,-0.094672,-0.40983,-0.82879,-1.1138,-1.1697,-0.89661,-0.24648,0.63507,1.3371,2.2481,3.0505,3.5593,4.112,4.4705,4.6334,4.6936,4.5697,4.3013,3.994,3.4991,2.9637,2.5726,2.1278,1.7775,1.5442,1.2384,0.85055,0.27166,-0.3029,-1.3349,-2.6984,-3.9553,-5.878,-7.7566,-8.7246
3.0708,3.1782,3.1859,3.0489,2.8312,2.379,1.7416,1.1252,0.15468,-0.89201,-1.8528,-2.3089,-2.3407,-1.8039,-1.2316,-0.53408,-0.054481,0.087882,0.0064194,-0.38202,-1.0145,-1.5585,-2.3372,-3.0099,-3.3075,-3.4497,-3.2151,-2.8607,-2.288,-1.7728,-1.4547,-1.4272,-1.7065,-2.5433,-3.5859,-5.7042,-8.9193,-11.942,-10.558,-6.2683,-2.9033,-1.0218,0.91079,2.2881,3.0547,3.7843,4.2188,4.4049,4.4121,4.2504,3.9343,3.6385,3.2281,2.9252,2.8539,3.0113,3.4945,4.1386,4.6503,5.2793,5.7191,5.9247,5.9634,5.7191,5.1548,4.5043,3.3019,1.6491,0.04642,-2.7005,-6.536,-10.639,-16.472,-12.404,-7.9349,-5.672,-3.5147,-1.9285,-0.96638,0.05417,0.93068,1.4784,2.0672,2.5656,2.8917,3.0505,3.1416,3.0584,2.9058,2.5879,2.1693,1.6903,1.3199,0.90377,0.63181,0.54025,0.60539,0.8223,1.0302,1.2604,1.436,1.3533,1.1133,0.46247,-0.6975,-1.9336,-4.104,-6.2833,-6.3882,-3.9504,-1.0402,1.3604,2.8044,4.3068,5.4707,6.1515,6.8504,7.3492,7.6807,7.8232,7.8878,7.8238,7.6658,7.3573,6.9207,6.5063,5.859,5.1131,4.3148,3.6979,2.947,2.3072,1.9549,1.6613,1.5039,1.4173,1.284,1.0317,0.68106,0.36053,-0.11684,-0.62493,-1.0164,-1.6411,-2.5238,-3.8932,-5.4245,-8.5549,-13.549,-15.476,-10.043,-5.6609,-3.4492,-1.362,0.075932,1.0169,1.5268,1.9765,2.1887,2.2304,2.1564,1.9064,1.5972,1.0021,0.11669,-1.1102,-2.3374,-4.5778,-7.5735,-9.7926,-9.1475,-5.4592,-2.2389,-0.34198,1.6068,3.0353,3.8366,4.5665,4.9538,5.0306,4.8432,4.3148,3.4291,2.5155,0.96971,-0.82395,-2.1104,-3.1744,-2.9631,-2.2492,-1.2333,-0.4222,0.050708,0.17882,0.14483,-0.097713,-0.35224,-0.70629,-0.93996,-0.98888
3.0752,3.6136,4.0337,4.1367,3.9946,3.4886,2.5826,1.5745,-0.37608,-3.3595,-8.476,-16.362,-14.002,-6.3637,-3.4508,-1.0684,0.29037,0.82379,1.0164,0.72126,-0.041578,-0.90071,-2.4629,-4.4299,-5.9339,-7.1096,-6.3004,-4.9594,-3.1026,-1.6135,-0.58759,-0.054108,0.32035,0.32223,0.21789,-0.11315,-0.35505,-0.3514,-0.12076,0.56464,1.4126,2.1102,2.9504,3.6351,4.0728,4.4601,4.7134,4.8263,4.8322,4.7821,4.6741,4.6118,4.5866,4.6041,4.7194,4.943,5.2689,5.635,5.909,6.2471,6.4573,6.5134,6.4454,6.1529,5.6157,5.0431,4.0103,2.7257,1.5795,-0.096557,-1.763,-2.9175,-3.9099,-4.1407,-3.6257,-2.8563,-1.6136,-0.23385,0.74403,1.9187,2.9667,3.5697,4.2161,4.6847,4.9299,4.9945,4.9063,4.6467,4.347,3.7946,3.1631,2.3992,1.822,1.1289,0.57077,0.36277,0.3667,0.62973,1.0154,1.4798,1.8722,2.0309,1.9122,1.4319,0.41157,-0.74848,-2.9075,-5.0772,-5.1987,-2.5903,0.54913,3.0897,4.613,6.219,7.4487,8.1723,8.8995,9.4138,9.7376,9.859,9.8776,9.7555,9.5608,9.2006,8.736,8.3429,7.7842,7.2299,6.7334,6.4288,6.1157,5.918,5.8392,5.7769,5.765,5.753,5.6989,5.5823,5.3536,5.121,4.7077,4.1659,3.6652,2.846,1.8187,0.52144,-0.63972,-2.3219,-3.6659,-3.914,-2.8351,-1.0988,0.19874,1.653,2.7503,3.5003,3.8825,4.1393,4.1836,4.0678,3.7349,3.2543,2.7689,2.0038,1.063,-0.1327,-1.1933,-2.9565,-4.9138,-5.9771,-5.4392,-2.9397,-0.26153,1.4696,3.3298,4.72,5.4993,6.1765,6.5086,6.5075,6.1727,5.4269,4.1782,2.8775,0.4297,-3.2528,-7.498,-14.402,-8.5924,-4.8297,-1.8121,-0.055609,1.0049,1.4551,1.7806,1.8775,1.8812,1.8662,1.9425,2.1499
1.2669,2.1005,2.8411,3.1968,3.2462,3.028,2.4913,1.8956,0.82018,-0.47677,-1.7498,-2.3924,-2.3844,-1.5289,-0.67317,0.35267,1.0424,1.3198,1.3303,0.90817,-0.0037678,-1.0884,-3.0624,-6.0554,-9.1113,-12.823,-10.178,-7.1172,-4.1471,-2.171,-0.84998,-0.18547,0.37713,0.7332,0.88265,0.97354,1.0272,1.0889,1.1758,1.3129,1.4696,1.6114,1.7194,1.7934,1.8138,1.7591,1.6432,1.4557,1.264,0.98493,0.71354,0.54657,0.45638,0.55868,0.78403,1.2758,1.8588,2.4962,2.9515,3.4432,3.8444,4.0168,4.0894,3.957,3.6118,3.2101,2.4611,1.4671,0.55574,-0.91985,-2.6233,-4.1098,-6.2379,-8.0568,-8.265,-7.0718,-4.7017,-2.3679,-0.87299,0.78169,2.0487,2.7529,3.4525,3.8094,3.9223,3.8334,3.4948,2.9437,2.3823,1.4215,0.24287,-1.2126,-2.498,-4.5581,-6.8588,-8.1977,-7.9755,-5.7849,-3.9673,-1.8378,-0.31804,0.78364,1.3298,1.756,1.9271,1.9229,1.9225,2.0428,2.3062,2.9496,3.7903,4.7537,5.4532,6.3317,7.0797,7.5443,8.0395,8.3711,8.5383,8.5566,8.436,8.1319,7.8144,7.2238,6.4869,5.8574,4.9684,4.146,3.537,3.3338,3.4132,3.8432,4.2808,4.8867,5.4387,5.7716,6.0763,6.2324,6.2179,6.1006,5.8127,5.3869,4.9806,4.352,3.668,2.9763,2.5033,1.9897,1.7297,1.7005,1.9186,2.3302,2.6902,3.1632,3.5138,3.7114,3.7129,3.514,3.1104,2.6738,1.9275,1.0779,0.41733,-0.41929,-1.0636,-1.5031,-1.6659,-1.6651,-1.4327,-1.049,-0.26628,0.77786,1.9765,2.8946,4.0188,4.9814,5.546,6.0759,6.3359,6.3322,6.0743,5.5272,4.6951,3.8991,2.6666,1.3679,0.52662,-0.23899,-0.38282,-0.21756,0.18628,0.55983,0.7505,0.76058,0.52454,0.064115,-0.39414,-1.0444,-1.4993,-1.3726
-0.47818,0.012395,0.50857,0.83617,0.98626,1.0793,1.0487,0.9584,0.78466,0.57799,0.40508,0.36321,0.40937,0.57944,0.75004,0.97576,1.1346,1.1718,1.0785,0.77291,0.26283,-0.24352,-1.0647,-1.9279,-2.4903,-2.9592,-2.9819,-2.7987,-2.3985,-1.9919,-1.6883,-1.5655,-1.519,-1.5472,-1.6421,-1.7164,-1.8224,-1.9177,-1.9878,-2.1566,-2.3592,-2.6118,-2.9832,-3.4108,-3.8085,-4.2622,-4.7638,-5.2916,-5.7419,-6.535,-7.5236,-8.4357,-9.5616,-9.7215,-9.0527,-7.4092,-5.6016,-4.0344,-3.073,-2.0628,-1.3345,-0.92059,-0.58637,-0.43353,-0.47271,-0.62699,-0.99085,-1.62,-2.2474,-3.428,-5.0293,-6.6316,-9.6274,-13.675,-14.999,-11.808,-7.6297,-4.5994,-2.9331,-1.2197,-0.061482,0.56878,1.0635,1.2118,1.041,0.70649,0.022309,-0.95175,-1.8289,-3.1431,-4.6563,-6.2266,-7.6109,-9.8246,-12.717,-14.929,-14.217,-10.231,-7.4886,-4.7333,-2.6562,-1.1802,-0.32844,0.48124,1.0379,1.3332,1.6209,1.8431,2.0233,2.2848,2.5922,2.9407,3.2278,3.6089,3.9803,4.2307,4.5076,4.6829,4.7286,4.6705,4.4422,4.0126,3.5393,2.6753,1.4784,0.29382,-1.7652,-4.5484,-7.7618,-8.8084,-6.3551,-3.0944,-1.1352,0.88636,2.3317,3.1277,3.8803,4.3054,4.4703,4.4237,4.1599,3.6907,3.2234,2.4911,1.6991,0.97424,0.55088,0.2278,0.21659,0.4057,0.7717,1.2131,1.5159,1.8036,1.9165,1.7939,1.5173,0.89909,-0.091856,-1.0592,-2.6873,-4.7301,-6.4071,-8.5393,-9.5121,-8.7865,-7.7019,-6.079,-4.5345,-3.4567,-2.0601,-0.72184,0.53516,1.402,2.4403,3.3028,3.8103,4.3127,4.561,4.603,4.4537,4.0887,3.5497,3.0389,2.2997,1.5357,0.99397,0.37497,-0.10471,-0.37052,-0.66735,-0.93855,-1.3165,-1.7188,-2.5286,-3.8147,-5.2578,-8.222,-13.786,-20.501
-1.7757,-1.7986,-1.7681,-1.6071,-1.4099,-1.0735,-0.70209,-0.44551,-0.13523,0.11832,0.33349,0.47326,0.64623,0.8169,0.93855,1.0917,1.2261,1.2883,1.3108,1.2623,1.1351,0.99635,0.72004,0.43053,0.18186,-0.13795,-0.48149,-0.75069,-1.163,-1.6847,-2.3547,-2.9349,-3.7856,-4.7016,-5.2685,-5.7998,-5.9805,-5.9653,-5.9797,-6.1008,-6.5324,-7.088,-8.1244,-9.4967,-10.571,-11.775,-12.252,-12.232,-12.218,-12.677,-14.058,-15.94,-20.809,-26.834,-20.651,-14.579,-11.13,-8.8721,-7.7125,-6.5563,-5.8153,-5.4053,-4.9546,-4.5765,-4.2434,-4.0342,-3.8343,-3.7256,-3.7501,-3.8822,-4.1994,-4.462,-4.8125,-4.97,-4.7056,-4.2285,-3.2966,-2.2646,-1.5174,-0.69607,-0.11383,0.15204,0.22191,0.016259,-0.5521,-1.204,-2.4274,-4.0678,-5.5925,-7.9181,-10.251,-11.655,-11.669,-10.826,-9.7196,-8.7944,-7.4545,-5.9406,-4.7868,-3.3074,-2.0471,-1.0173,-0.44509,0.11175,0.41764,0.52709,0.50746,0.37084,0.21297,-0.036755,-0.22034,-0.32647,-0.30725,-0.16722,0.081974,0.311,0.59547,0.83079,0.96548,0.97077,0.83639,0.53941,0.15853,-0.52203,-1.4954,-2.4422,-4.0882,-6.1988,-8.3124,-8.7739,-6.9133,-4.1082,-2.2356,-0.23037,1.2763,2.1291,2.941,3.4137,3.5614,3.4696,3.0655,2.3213,1.5295,0.1226,-1.7122,-3.873,-5.3753,-6.1026,-4.9368,-3.5445,-1.8011,-0.46634,0.25977,0.87133,1.1101,0.96609,0.62638,-0.18487,-1.4209,-2.6867,-4.9015,-7.9603,-11.045,-16.841,-20.801,-15.94,-12.943,-10.199,-8.0259,-6.5319,-4.6409,-2.8612,-1.2148,-0.11985,1.1482,2.1561,2.7466,3.2916,3.5754,3.6204,3.4588,3.056,2.4314,1.8497,0.94148,-0.041691,-0.78347,-1.6585,-2.3509,-2.673,-2.8905,-2.9632,-3.0052,-3.1233,-3.4237,-3.999,-4.6127,-5.5994,-6.4382,-6.438
-4.1256,-5.1471,-6.094,-6.0314,-5.3608,-4.1014,-2.8641,-2.0743,-1.2596,-0.66856,-0.25811,-0.064893,0.13892,0.31048,0.44622,0.66443,0.92765,1.1417,1.4413,1.7293,1.9541,2.0793,2.1605,2.1423,2.046,1.7987,1.3816,0.96552,0.20149,-0.85439,-2.3024,-3.7094,-6.1718,-9.5612,-12.579,-15.122,-12.742,-10.108,-8.8982,-8.0844,-8.2239,-8.8161,-10.596,-13.598,-17.457,-30.178,-23.92,-16.862,-14.584,-12.952,-12.394,-12.194,-12.31,-12.049,-11.709,-10.863,-10.055,-9.458,-9.2391,-9.2209,-9.4014,-9.634,-9.7226,-9.4061,-8.5455,-7.6604,-6.478,-5.315,-4.5888,-3.7067,-3.005,-2.5438,-1.9855,-1.4624,-0.93019,-0.53144,0.014721,0.49942,0.83238,1.1538,1.3442,1.3483,1.1532,0.70857,-0.033106,-0.81242,-2.2258,-4.1343,-6.086,-9.5786,-15.103,-19.397,-15.324,-10.452,-7.3935,-5.6779,-3.9536,-2.4842,-1.6279,-0.62271,0.11265,0.63461,0.84992,0.92047,0.72475,0.3998,-0.27087,-1.1824,-2.0397,-3.3315,-4.643,-5.6454,-5.974,-5.7214,-4.9679,-4.2829,-3.4369,-2.7767,-2.3217,-2.15,-2.0897,-2.1697,-2.2932,-2.4707,-2.637,-2.71,-2.7593,-2.6779,-2.3876,-1.98,-1.1708,-0.15039,0.67424,1.743,2.6774,3.2652,3.8541,4.2245,4.3284,4.2276,3.8295,3.073,2.232,0.6398,-1.6741,-5.0696,-8.4489,-10.66,-6.636,-3.8232,-1.1634,0.56318,1.4249,2.1288,2.4034,2.2903,1.9825,1.2605,0.2408,-0.77066,-2.3495,-4.2001,-5.6615,-7.5669,-9.2569,-10.686,-11.655,-12.668,-12.326,-10.562,-7.4331,-4.46,-1.9895,-0.46328,1.173,2.3981,3.0829,3.6754,3.9543,3.9442,3.6591,3.0578,2.1287,1.2154,-0.34367,-2.2777,-3.9768,-6.3888,-8.2319,-8.459,-7.3048,-5.7424,-4.3614,-3.5684,-2.7746,-2.2266,-1.9181,-1.5885,-1.2287,-0.75941
-6.1496,-9.7526,-19.619,-17.288,-10.759,-6.4484,-4.0057,-2.8258,-1.8441,-1.3627,-1.2589,-1.3513,-1.6156,-1.8863,-1.9638,-1.7788,-1.2354,-0.63843,0.27053,1.1612,1.9494,2.4295,2.9676,3.2906,3.4285,3.4283,3.22,2.9029,2.2501,1.2908,-0.028806,-1.3162,-3.4822,-6.1186,-8.1535,-9.5737,-8.6142,-7.0123,-6.0582,-5.3654,-5.2723,-5.5883,-6.4255,-7.6069,-8.524,-9.4343,-9.6384,-9.194,-8.6899,-8.0882,-7.6382,-7.4648,-7.3241,-7.3042,-7.3235,-7.5167,-7.8184,-8.4743,-9.1766,-10.767,-13.05,-15.727,-21.325,-22.484,-16.005,-12.644,-9.3742,-6.9218,-5.4069,-3.7663,-2.3619,-1.4878,-0.46933,0.38691,1.0938,1.5476,2.039,2.42,2.6244,2.785,2.8303,2.7509,2.5517,2.1511,1.6058,1.0651,0.2165,-0.79352,-1.6025,-2.6492,-3.4293,-3.6906,-3.4303,-2.6273,-1.5614,-0.74577,0.29236,1.1827,1.7442,2.3,2.6679,2.771,2.7014,2.3454,1.6929,0.95789,-0.3512,-2.1693,-3.9002,-6.9476,-11.396,-19.261,-25.771,-15.914,-11.134,-8.9837,-7.0094,-5.7769,-5.1306,-4.9752,-5.1342,-5.6757,-6.0669,-6.3364,-5.8049,-4.9636,-3.567,-2.1569,-0.88319,-0.006695,1.0602,2.0033,2.6516,3.4382,4.1361,4.5933,5.1057,5.4879,5.732,5.8041,5.7432,5.4882,5.1611,4.5681,3.8584,3.1657,2.7781,2.6311,2.9152,3.3443,3.9848,4.5582,4.8716,5.0919,5.0661,4.8133,4.4609,3.8193,2.9763,2.2331,1.0997,-0.15996,-1.2057,-2.7042,-4.4322,-6.5477,-8.6346,-12.175,-13.948,-10.96,-6.3621,-2.8654,-0.25998,1.271,2.8588,4.0116,4.6255,5.1389,5.3212,5.2367,4.8381,4.1023,3.0035,1.9083,0.035019,-2.4475,-4.8796,-9.2265,-14.644,-14.297,-9.7435,-6.3631,-4.1401,-2.872,-1.6175,-0.63888,-0.041253,0.63675,1.2278,1.7847
-1.6627,-2.6384,-3.5719,-3.7477,-3.4272,-2.7397,-2.0753,-1.7721,-1.6797,-2.0346,-2.8987,-3.8866,-5.8261,-8.5172,-10.694,-11.233,-8.294,-5.8837,-3.2631,-1.2412,0.345,1.3083,2.3166,3.0801,3.4947,3.858,4.0103,3.9707,3.739,3.3105,2.6999,2.1365,1.3243,0.4992,0.011964,-0.50671,-0.72902,-0.79969,-0.78741,-0.85872,-1.0199,-1.2674,-1.6382,-2.1882,-2.5487,-3.0697,-3.4482,-3.7852,-3.9367,-4.1288,-4.2787,-4.4575,-4.6391,-4.9533,-5.1942,-5.6776,-6.3459,-7.2527,-8.1454,-9.637,-11.555,-13.129,-14.898,-15.367,-14.111,-12.68,-10.451,-8.2513,-6.6553,-4.6403,-2.9339,-1.7791,-0.52338,0.4807,1.2452,1.6891,2.1085,2.3963,2.5128,2.5907,2.5445,2.4812,2.3126,2.0918,1.7854,1.5291,1.152,0.77528,0.55393,0.31352,0.29441,0.43761,0.7057,1.1794,1.7887,2.2566,2.9003,3.4208,3.7643,4.0647,4.1855,4.0873,3.8539,3.3044,2.4556,1.6039,0.12939,-1.7429,-3.4492,-6.0732,-8.9893,-11.586,-12.825,-12.91,-11.794,-10.544,-8.8834,-7.5643,-6.8953,-6.8409,-7.6229,-9.7589,-12.967,-24.818,-16.857,-10.45,-5.8174,-2.9453,-0.97188,0.11164,1.1946,1.9891,2.4647,2.9921,3.5001,3.8853,4.4428,5.0117,5.5733,5.9566,6.3818,6.701,6.8656,7.0009,7.0647,7.0978,7.1264,7.1862,7.2773,7.3498,7.4282,7.4334,7.3675,7.1535,6.7852,6.2592,5.7725,5.0213,4.1747,3.5398,2.6715,1.8534,1.2588,0.52078,-0.19147,-0.79705,-1.1624,-1.3769,-1.1214,-0.56335,0.50962,1.7752,3.0257,3.8825,4.848,5.5916,5.9803,6.2878,6.3215,6.1822,5.7493,5.0391,4.0394,3.1172,1.6765,0.045507,-1.2073,-2.7494,-3.8347,-4.232,-4.1299,-3.5496,-2.7103,-2.0659,-1.2206,-0.47972,-0.006855,0.55465,1.039,1.4794
0.62704,0.34594,0.075658,-0.097383,-0.172,-0.25445,-0.42787,-0.66538,-1.2142,-2.0802,-3.3403,-4.6314,-6.8452,-9.67,-11.772,-12.456,-10.144,-7.9734,-5.5174,-3.5065,-1.8182,-0.69794,0.55694,1.627,2.2734,2.9605,3.4347,3.6765,3.8368,3.838,3.7145,3.5698,3.3118,3.051,2.8426,2.6276,2.4265,2.2618,2.1127,1.9016,1.6093,1.3601,0.90856,0.40736,-0.056433,-0.68499,-1.373,-2.0491,-2.573,-3.2175,-3.8192,-4.1577,-4.5922,-4.9045,-5.1697,-5.4722,-5.9286,-6.5168,-7.1195,-8.0269,-9.2827,-10.293,-11.888,-13.689,-15.603,-16.333,-14.918,-11.671,-9.1861,-6.4152,-4.1759,-2.8783,-1.5251,-0.58379,0.017077,0.2688,0.41246,0.35399,0.24987,0.07012,-0.094817,-0.17881,-0.30053,-0.37819,-0.51758,-0.64206,-0.86709,-1.0565,-1.158,-1.094,-0.81029,-0.23702,0.29139,1.0938,1.9014,2.4898,3.1627,3.7336,4.0377,4.322,4.393,4.2897,4.0535,3.5538,2.7905,2.0531,0.7953,-0.76681,-2.2063,-4.4344,-7.2395,-10.863,-14.68,-21.93,-18.624,-13.857,-9.8484,-7.4287,-5.9378,-5.3349,-5.0883,-5.2982,-5.5785,-5.6662,-4.957,-3.9794,-2.473,-1.1564,-0.20016,0.24641,0.48473,0.39099,0.13858,-0.2689,-0.49611,-0.31924,0.45374,1.6731,2.9728,3.8945,4.9763,5.8704,6.4331,7.0489,7.5352,7.9151,8.1426,8.3616,8.4971,8.5268,8.4675,8.2639,8.0032,7.4974,6.7994,5.8878,5.0917,3.8837,2.6411,1.7617,0.87229,0.4005,0.34511,0.50995,0.84898,1.2255,1.5446,1.9862,2.4932,2.8979,3.4945,4.1298,4.75,5.1826,5.6874,6.0873,6.3011,6.442,6.4028,6.2394,5.8291,5.1748,4.2774,3.4361,2.1035,0.56378,-0.67741,-2.3854,-3.8703,-4.7201,-5.1798,-4.9306,-4.207,-3.591,-2.8204,-2.2656,-1.9885,-1.8195,-1.7905,-1.8164
0.42882,0.59581,0.86898,1.0809,1.1732,1.1596,0.93168,0.62575,0.00052135,-0.84512,-1.905,-2.8351,-4.1491,-5.4081,-6.1879,-6.9009,-7.1284,-6.9757,-6.3787,-5.3569,-3.9888,-2.8765,-1.3747,0.019577,0.9222,1.9287,2.6618,3.0836,3.4555,3.6539,3.718,3.7227,3.6833,3.665,3.6197,3.6436,3.6389,3.642,3.5921,3.487,3.2451,2.9945,2.4679,1.857,1.2259,0.29294,-0.87109,-2.1409,-3.2108,-4.6041,-5.8782,-6.5027,-6.9991,-6.8457,-6.651,-6.2463,-5.9446,-5.8286,-5.9151,-6.2347,-6.9232,-7.6563,-9.096,-11.125,-14.035,-15.869,-14.529,-10.587,-7.8978,-5.2286,-3.2266,-2.2071,-1.249,-0.76334,-0.69964,-0.93737,-1.5656,-2.5657,-3.4127,-4.5105,-5.0405,-5.0404,-4.5923,-4.0959,-3.8408,-3.9138,-4.4133,-5.2869,-6.0866,-6.5972,-5.9355,-4.1008,-2.5903,-0.68639,0.84936,1.8114,2.7898,3.5444,3.9178,4.2535,4.389,4.364,4.2387,3.9405,3.471,3.0112,2.2417,1.2399,0.34892,-1.0716,-2.738,-4.5968,-5.989,-7.1657,-6.8777,-5.8456,-4.1715,-2.6346,-1.3955,-0.70336,-0.014792,0.48908,0.79205,1.1405,1.4961,1.7486,2.0523,2.2036,2.1024,1.8009,0.98791,-0.43318,-2.0856,-5.5293,-11.938,-16.052,-7.9698,-2.9713,0.098932,1.7457,3.4135,4.683,5.4555,6.3249,7.0517,7.6649,8.0523,8.47,8.7517,8.8632,8.854,8.6413,8.333,7.6864,6.7347,5.417,4.1289,1.9227,-1.0212,-3.8354,-7.4621,-6.9236,-4.5206,-1.7879,0.18252,1.5521,2.3361,3.138,3.7533,4.118,4.5243,4.8654,5.1703,5.3825,5.6584,5.913,6.0924,6.2628,6.3357,6.2744,6.0298,5.5378,4.777,3.9728,2.5899,0.73205,-1.0522,-4.1922,-8.7998,-14.094,-17.103,-10.648,-7.0729,-5.46,-4.2365,-3.7644,-3.7957,-4.4085,-5.6136,-7.4291
-2.4565,-0.82873,0.85301,1.9647,2.4569,2.7319,2.6307,2.3432,1.6876,0.75874,-0.39034,-1.3579,-2.7691,-4.2543,-5.4422,-7.1025,-8.9495,-10.616,-12.38,-11.673,-8.5875,-6.1311,-3.3557,-1.1669,0.1177,1.4277,2.323,2.7399,3.0239,3.0622,2.9105,2.7533,2.5969,2.5955,2.7587,3.1169,3.5842,4.0289,4.3038,4.514,4.5264,4.369,3.9568,3.2451,2.5393,1.2705,-0.36603,-2.4832,-4.4761,-7.8463,-12.627,-16.636,-15.826,-11.727,-9.3919,-7.2936,-5.766,-4.7184,-4.1013,-3.6123,-3.2886,-3.2262,-3.2623,-3.3657,-3.4076,-3.2835,-2.7434,-1.9096,-1.2056,-0.24782,0.47323,0.86261,1.0549,0.87918,0.26476,-0.51537,-2.1053,-4.5271,-7.2656,-13.407,-26.213,-15.31,-9.0552,-6.3061,-4.9941,-4.8079,-5.4365,-7.4114,-10.194,-17.003,-13.753,-6.9028,-3.8118,-0.94478,1.0075,2.0558,3.0493,3.6667,3.9682,4.1545,4.2328,4.1914,4.1515,4.0733,4.0051,3.9279,3.8004,3.6048,3.4144,3.0733,2.7053,2.3701,2.182,2.1089,2.2661,2.557,3.0734,3.6796,4.2778,4.6925,5.1863,5.5871,5.8405,6.0966,6.2642,6.3262,6.2781,6.0647,5.6267,5.127,4.2043,2.9089,1.7118,-0.064853,-1.5908,-2.039,-1.4207,-0.098673,1.237,2.0919,3.0297,3.8185,4.3697,5.1171,5.9244,6.7683,7.3841,8.1431,8.7556,9.0999,9.3562,9.3744,9.2057,8.7291,7.9142,6.7444,5.577,3.6075,1.0825,-1.1054,-3.4883,-3.2956,-1.8419,0.22947,1.8617,3.0398,3.6607,4.232,4.5385,4.6391,4.6238,4.4648,4.2643,4.1583,4.1978,4.4964,4.8759,5.4893,6.0817,6.4255,6.6806,6.6569,6.3075,5.8273,4.8681,3.5241,2.2522,0.21888,-2.0105,-3.503,-4.3598,-3.9187,-2.9586,-2.4322,-2.0976,-2.2921,-2.8128,-4.034,-5.9396,-8.7554
-1.7677,0.30228,2.2206,3.3876,3.8537,4.0261,3.7692,3.2995,2.3552,1.0445,-0.5725,-1.9595,-3.9437,-5.9373,-7.3078,-9.0013,-10.824,-12.425,-14.855,-14.01,-9.7411,-6.8344,-3.6834,-1.4657,-0.20574,0.94826,1.63,1.7952,1.6057,0.92157,-0.23855,-1.4281,-3.0979,-3.8903,-3.1114,-1.1834,0.85792,2.4463,3.3612,4.1605,4.5861,4.6451,4.4502,3.8343,3.1715,1.9353,0.31232,-1.7324,-3.5695,-6.4108,-9.437,-11.125,-11.743,-10.37,-9.1549,-7.431,-5.9149,-4.4276,-3.4117,-2.1467,-1.068,-0.37164,0.42738,1.0684,1.6503,2.0262,2.5088,2.9456,3.22,3.4601,3.5266,3.4605,3.149,2.5707,1.71,0.88454,-0.47758,-2.0598,-3.3343,-4.8641,-5.4858,-5.311,-4.2865,-3.177,-2.327,-1.9458,-1.8137,-1.9435,-2.1413,-2.1161,-1.626,-0.62742,0.23494,1.305,2.1312,2.5354,2.8104,2.7685,2.5878,2.1692,1.6424,1.1868,1.002,1.0942,1.575,2.1019,2.8644,3.6252,4.1125,4.6773,5.1155,5.4638,5.703,5.9877,6.281,6.5034,6.822,7.1407,7.4536,7.6912,7.9903,8.2628,8.4356,8.6334,8.7517,8.7816,8.7105,8.5001,8.1368,7.7477,7.0867,6.3006,5.6411,4.7512,3.9163,3.4003,2.8179,2.3578,1.8766,1.4652,0.82644,0.15708,-0.15312,0.085453,1.269,3.0015,4.3519,5.9492,7.2529,7.9982,8.7165,9.1142,9.2141,9.1022,8.7297,8.1089,7.5247,6.5909,5.6359,4.9384,4.2254,3.8062,3.7231,3.7743,3.9293,4.0745,4.1365,4.0993,3.8806,3.557,2.8315,1.684,-0.00043843,-1.5628,-3.2386,-2.3964,-0.44713,2.2091,4.2762,5.4454,6.5277,7.1555,7.3792,7.3381,6.9974,6.416,5.8491,4.9914,4.0947,3.4974,2.8119,2.295,1.8469,1.5015,0.93979,0.18226,-0.56937,-1.7705,-3.2493,-4.8354
3.817,4.0486,4.3408,4.4673,4.4022,4.062,3.3842,2.6291,1.2794,-0.52924,-2.9412,-5.2169,-9.1976,-14.587,-18.01,-15.69,-12.422,-10.659,-8.9076,-7.2701,-5.619,-4.4153,-2.8655,-1.6229,-0.8805,-0.23998,-0.021074,-0.11636,-0.66252,-1.7903,-3.6155,-5.6677,-9.8714,-13.868,-10.707,-5.7398,-2.3276,-0.013353,1.2064,2.3452,2.9828,3.1988,3.0967,2.6753,2.0879,1.054,-0.3097,-1.9719,-3.3237,-5.2711,-7.1787,-8.6056,-10.148,-11.417,-11.877,-11.601,-10.009,-7.6833,-5.9596,-3.7417,-1.9014,-0.68858,0.65227,1.7413,2.6007,3.1289,3.6294,3.9514,4.0735,4.0384,3.8109,3.4585,2.8069,1.916,0.85106,-0.038326,-1.2024,-2.1899,-2.6892,-3.0091,-2.8956,-2.5737,-1.9453,-1.2486,-0.64159,-0.23017,0.18423,0.49328,0.68468,0.87626,1.1129,1.2854,1.414,1.4472,1.3007,1.0439,0.44819,-0.44831,-1.433,-3.0969,-5.4411,-8.3832,-10.495,-10.141,-6.8457,-4.3954,-1.766,0.26965,1.4747,2.7854,3.7823,4.5379,4.9707,5.4108,5.7233,5.8832,6.0407,6.159,6.2785,6.3863,6.5663,6.8122,7.0178,7.3035,7.5569,7.6915,7.7872,7.7369,7.5278,7.26,6.7444,6.0727,5.4806,4.5675,3.5747,2.773,1.6498,0.44275,-0.92477,-2.1537,-4.307,-7.7413,-12.476,-31.387,-9.5885,-3.5588,-0.71243,2.0213,3.9242,4.9822,5.9925,6.6273,6.9062,7.0397,6.9639,6.7008,6.403,5.9079,5.3114,4.8575,4.2047,3.556,3.0799,2.4658,1.8808,1.3723,1.0836,0.79155,0.55597,0.29931,-0.27838,-1.3272,-3.1283,-5.1425,-7.9195,-6.5441,-3.5039,0.022543,2.5219,3.9098,5.2284,6.0731,6.5466,6.6806,6.6421,6.3887,6.0895,5.6003,5.0207,4.5698,3.9198,3.2657,2.5447,1.982,1.141,0.18474,-0.60741,-1.8098,-3.2084,-4.8419
5.4448,5.2617,4.9725,4.5758,4.1879,3.5105,2.6087,1.7781,0.40766,-1.2865,-3.3702,-5.2031,-7.9457,-10.64,-11.776,-11.311,-9.6322,-8.388,-6.8382,-5.5094,-4.3903,-3.61,-2.7905,-2.1215,-1.7983,-1.5526,-1.5873,-1.7683,-2.2298,-2.8865,-3.7008,-4.283,-4.7922,-4.8588,-4.4077,-3.4025,-2.1174,-0.85545,-0.048542,0.82697,1.3663,1.5559,1.4833,1.0879,0.55639,-0.47449,-1.7994,-3.4563,-4.8551,-6.9521,-9.159,-11.004,-13.679,-17.346,-21.974,-33.832,-18.569,-12.233,-8.9909,-5.825,-3.3144,-1.8322,-0.21602,1.0635,2.0235,2.5753,3.0903,3.3586,3.3924,3.2356,2.8008,2.2708,1.2748,-0.094576,-1.9192,-3.5893,-6.1694,-8.5155,-9.1055,-7.8009,-5.8347,-4.3988,-2.9197,-1.7375,-0.85704,-0.36361,0.13816,0.46076,0.63012,0.72991,0.7169,0.57977,0.37003,-0.057935,-0.70283,-1.343,-2.479,-3.9198,-5.287,-7.4108,-10.032,-12.838,-14.679,-14.21,-10.874,-8.2858,-5.3024,-2.964,-1.4992,0.0083167,1.174,2.0097,2.4365,2.7796,2.8745,2.8151,2.5676,2.2083,1.8375,1.6321,1.6147,1.9512,2.4297,3.1877,3.9608,4.4587,4.9536,5.2168,5.2205,5.0618,4.6258,3.9186,3.231,2.1007,0.73908,-0.42748,-2.0699,-3.7439,-5.185,-6.0332,-6.8449,-7.3493,-7.4586,-6.888,-5.3576,-3.3243,-1.806,-0.055401,1.3206,2.117,2.8602,3.3152,3.4948,3.5726,3.4993,3.3352,3.14,2.8227,2.371,1.9517,1.2272,0.29057,-0.61674,-2.0661,-3.7779,-5.4926,-6.3503,-6.2794,-5.1667,-4.1784,-3.0664,-2.3156,-1.8394,-1.5335,-1.0455,-0.25513,0.51493,1.6653,2.7681,3.4792,4.2133,4.6942,4.9288,4.9456,4.8115,4.5088,4.2061,3.7159,3.1851,2.7335,2.118,1.4347,0.69816,0.086217,-0.82367,-1.8195,-2.6089,-3.7172,-4.8171,-5.9333
5.6258,5.3096,4.826,4.2679,3.7794,3.0269,2.1521,1.4181,0.31869,-0.88035,-2.1255,-3.0774,-4.2373,-5.1386,-5.5725,-5.7664,-5.5809,-5.2808,-4.7274,-4.1324,-3.5392,-3.1597,-2.755,-2.4901,-2.4214,-2.4938,-2.7356,-3.0737,-3.6566,-4.3157,-4.9766,-5.3493,-5.5299,-5.2123,-4.7474,-3.7075,-2.5667,-1.4281,-0.65824,0.16196,0.7209,0.91803,0.93473,0.54028,0.022177,-1.0243,-2.5163,-4.4231,-6.2157,-9.0231,-12.122,-14.335,-16.003,-16.089,-15.246,-13.77,-11.493,-8.9066,-7.0363,-4.7234,-2.7888,-1.5443,-0.15715,0.94282,1.8014,2.2727,2.7381,2.9794,3.0138,2.8584,2.4219,1.9313,0.94859,-0.44953,-2.4053,-4.3663,-7.8884,-12.43,-13.528,-9.8414,-6.461,-4.6009,-2.8958,-1.7429,-0.94841,-0.5592,-0.23408,-0.089461,-0.082334,-0.13819,-0.33911,-0.61629,-0.94121,-1.5084,-2.2967,-3.1009,-4.423,-6.2247,-7.7282,-10.177,-12.607,-14.148,-14.08,-12.498,-10.206,-8.3723,-6.0942,-4.1574,-2.9123,-1.5835,-0.60306,0.031883,0.30943,0.38104,0.11974,-0.30981,-1.2509,-2.7114,-4.8339,-6.7922,-8.7585,-7.3188,-4.9324,-2.0587,0.099115,1.3089,2.4313,3.0943,3.3471,3.2812,2.8832,2.134,1.3162,-0.095593,-1.9845,-3.7646,-6.7791,-10.844,-15.279,-15.405,-11.846,-8.7657,-7.0244,-5.1624,-3.5969,-2.2598,-1.4036,-0.51175,0.11349,0.35246,0.42733,0.22903,-0.052878,-0.48109,-0.85162,-1.0395,-1.0417,-0.99907,-0.98273,-1.1483,-1.5982,-2.4571,-3.4405,-5.3433,-8.3391,-13.374,-20.041,-16.261,-9.7566,-6.8706,-4.224,-2.3965,-1.0377,-0.20929,0.72238,1.5233,2.0676,2.6876,3.2018,3.469,3.6832,3.6885,3.473,3.1961,2.6524,1.9844,1.4404,0.70982,0.059534,-0.36989,-0.86263,-1.3783,-1.9747,-2.5503,-3.5017,-4.6755,-5.6834,-7.0445,-8.1346,-8.6346
5.4969,5.1049,4.5518,3.9568,3.4749,2.7692,1.9819,1.3263,0.40652,-0.55639,-1.5102,-2.178,-2.9695,-3.573,-3.8831,-4.0826,-4.051,-3.8653,-3.5391,-3.1475,-2.7518,-2.5189,-2.28,-2.2299,-2.2835,-2.5784,-3.1192,-3.7062,-4.7862,-6.2826,-8.165,-9.7705,-11.383,-10.437,-8.4936,-5.7032,-3.3293,-1.4206,-0.26489,0.89899,1.6968,2.0547,2.2134,2.0077,1.5956,0.71815,-0.62915,-2.4864,-4.3099,-7.4794,-12.074,-16.907,-19.485,-13.956,-11.014,-8.1601,-5.9947,-4.2122,-2.993,-1.6174,-0.42935,0.33594,1.1943,1.8896,2.4543,2.8054,3.1683,3.4263,3.5485,3.5678,3.4357,3.2111,2.7364,2.0504,1.1977,0.47436,-0.45855,-1.1504,-1.3917,-1.2761,-0.85801,-0.51951,-0.067437,0.17469,0.22175,0.13815,-0.12435,-0.47604,-0.76996,-1.1209,-1.3719,-1.5837,-1.7205,-2.0292,-2.5469,-3.1386,-4.26,-5.9017,-7.5499,-10.691,-15.459,-22.621,-19.859,-13.342,-9.3294,-7.2075,-5.0013,-3.3208,-2.3623,-1.3494,-0.69516,-0.33404,-0.2591,-0.40034,-0.81821,-1.3533,-2.3618,-3.8489,-5.9226,-7.9214,-9.9192,-8.2364,-5.59,-2.4415,-0.11727,1.1834,2.4078,3.1327,3.4214,3.3647,2.9494,2.1756,1.3626,-0.034963,-1.7607,-3.296,-5.6969,-8.3708,-10.408,-10.358,-8.3822,-5.9872,-4.3932,-2.6376,-1.2961,-0.30443,0.19849,0.58247,0.5629,0.26709,-0.54957,-1.9384,-3.3888,-5.8538,-8.0877,-8.1123,-6.7237,-4.7967,-3.4048,-2.7621,-2.395,-2.4969,-2.8029,-3.5054,-4.3608,-5.0784,-5.3137,-4.9426,-3.8905,-2.8794,-1.5161,-0.2315,0.88947,1.6105,2.4401,3.1054,3.5031,3.8907,4.096,4.1248,3.967,3.5565,2.8624,2.1366,0.86505,-0.72606,-2.0803,-3.77,-4.8626,-4.9561,-4.5504,-4.0329,-3.8773,-4.0874,-4.8673,-6.413,-8.2205,-11.989,-18.537,-18.957
5.0601,4.5976,4.0951,3.6399,3.2931,2.731,2.0294,1.3812,0.41261,-0.6774,-1.7867,-2.5644,-3.5144,-4.2271,-4.5431,-4.6428,-4.3752,-3.9498,-3.2687,-2.5335,-1.8924,-1.4904,-1.1238,-1.0025,-1.0359,-1.3223,-1.9051,-2.494,-3.624,-5.2432,-7.5397,-9.9427,-13.267,-11.44,-8.0146,-4.017,-1.0689,1.1416,2.4731,3.8228,4.7944,5.2931,5.6312,5.6843,5.5119,5.0137,4.2437,3.1996,2.2697,0.9194,-0.37254,-1.1085,-1.5288,-1.3044,-0.8135,0.0090938,0.84798,1.5898,2.0872,2.5661,2.929,3.0914,3.2293,3.3083,3.4157,3.5717,3.8602,4.2562,4.5864,4.99,5.3489,5.5141,5.6441,5.6378,5.523,5.388,5.1627,4.9398,4.7794,4.5752,4.3833,4.1558,3.8122,3.2658,2.4626,1.6839,0.36441,-1.2074,-2.3788,-3.5915,-3.6953,-2.9609,-2.2142,-1.4243,-0.99268,-0.90199,-1.1876,-1.7797,-2.4242,-3.4539,-4.3548,-4.8218,-4.7473,-4.015,-2.9719,-2.1432,-1.1109,-0.24026,0.24904,0.70991,0.90294,0.88744,0.70194,0.31145,-0.18995,-0.60219,-1.0505,-1.3296,-1.3459,-1.2133,-0.63755,0.29883,1.2034,2.536,3.7816,4.5621,5.3398,5.7766,5.8614,5.6848,5.138,4.237,3.3712,1.9976,0.53281,-0.49861,-1.627,-2.2384,-2.228,-1.8273,-0.93617,0.18497,1.0421,2.1131,2.9783,3.5883,3.8375,3.9038,3.5745,3.0605,1.9124,0.1356,-1.723,-5.15,-9.1574,-8.9856,-6.346,-3.5435,-1.8217,-0.98245,-0.39211,-0.19895,-0.2104,-0.40166,-0.56898,-0.61743,-0.50399,-0.11923,0.49793,1.0861,1.9206,2.7956,3.6138,4.1632,4.7985,5.3101,5.6012,5.8639,5.9448,5.8883,5.5908,5.0171,4.1067,3.1159,1.3134,-1.3134,-4.1778,-10.575,-29.199,-12.865,-6.6717,-3.8238,-2.4079,-1.9317,-1.9276,-2.5556,-3.3833,-4.7615,-5.8647,-5.6966
2.4318,1.982,2.338,2.9645,3.2304,3.1765,2.6109,1.8709,0.49166,-1.2329,-3.1706,-4.6535,-6.4593,-8.0729,-9.0029,-9.2419,-7.8005,-6.1395,-3.8442,-1.945,-0.56823,0.20372,0.8301,1.1292,1.1013,0.89933,0.50438,0.14182,-0.35896,-0.79751,-1.0312,-1.0145,-0.6592,0.38254,1.414,3.0925,4.817,6.4024,7.4549,8.6379,9.5513,10.077,10.528,10.752,10.776,10.612,10.305,9.8586,9.4743,8.9568,8.459,8.1742,7.9175,7.7822,7.7765,7.7945,7.808,7.7409,7.5701,7.2057,6.5835,5.9495,4.883,3.696,2.6775,2.398,2.8655,4.0399,5.0262,6.3067,7.3913,8.0656,8.7832,9.3218,9.6841,9.8631,9.9685,9.9555,9.8735,9.6384,9.2755,8.9161,8.2229,7.3088,6.066,4.8303,2.642,-0.63591,-4.3927,-15.541,-10.983,-3.5499,-0.74926,1.5182,2.8497,3.4502,3.7991,3.8626,3.7412,3.4914,3.2067,2.9494,2.8845,2.9337,3.0877,3.276,3.523,3.7437,3.8458,3.8134,3.5772,3.0187,2.3739,1.2102,-0.26817,-1.3073,-1.9915,-1.1971,0.53719,2.0188,3.8233,5.4723,6.5512,7.8115,8.8427,9.4393,9.999,10.248,10.15,9.8383,9.0789,7.8698,6.6375,4.4839,1.6723,-0.68911,-2.9833,-1.9485,0.55489,2.2987,4.2186,5.757,6.6936,7.6724,8.3958,8.8556,9.0407,9.0377,8.772,8.4158,7.699,6.7841,6.0152,4.9866,4.1994,3.7973,3.7268,3.8287,3.8992,3.8786,3.6192,3.1487,2.6555,1.9448,1.3565,1.1059,1.2757,1.9171,2.8408,3.6016,4.6229,5.5116,6.2723,6.7558,7.2889,7.7144,7.9703,8.2389,8.3998,8.4437,8.3484,8.0495,7.5054,6.902,5.8383,4.4886,3.3634,2.0112,1.2504,1.3209,1.9766,2.8164,3.5816,4.0172,4.3864,4.5908,4.6475,4.7205,4.8503,5.1756
-8.634,-6.9629,0.063692,3.0641,4.0796,4.4117,3.7755,2.7359,0.49678,-2.845,-7.7406,-12.073,-14.646,-14.341,-15.985,-20.169,-12.62,-7.6899,-3.3987,-0.63476,1.1432,1.9335,2.4625,2.4644,2.1403,1.391,0.5088,-0.15974,-0.55375,-0.20119,0.75497,1.7473,3.2299,4.7634,5.997,7.5224,9.0207,10.397,11.302,12.369,13.206,13.688,14.178,14.43,14.507,14.488,14.325,14.093,13.9,13.637,13.408,13.26,13.092,12.972,12.865,12.693,12.418,11.984,11.498,10.607,9.2902,7.9608,5.4916,1.6838,-5.4041,-23.738,-4.3967,1.4024,3.9793,6.3324,8.0305,9.0887,10.241,11.172,11.894,12.294,12.66,12.814,12.802,12.634,12.266,11.907,11.253,10.45,9.5137,8.6865,7.4248,6.0904,5.1335,4.2667,4.3074,5.0849,5.8352,6.8199,7.537,7.8558,8.0966,8.0374,7.8647,7.5178,7.0432,6.5496,6.2046,5.7801,5.533,5.4462,5.4605,5.537,5.5987,5.5746,5.3306,4.7005,3.9133,2.1995,-0.72587,-4.4559,-12.752,-4.8489,1.1688,4.0857,6.9279,9.0567,10.331,11.692,12.733,13.326,13.867,14.113,14.045,13.77,13.071,11.951,10.781,8.6717,5.7925,3.1049,0.26073,1.8982,5.1208,7.0734,9.0484,10.472,11.284,12.087,12.629,12.947,13.058,13.037,12.867,12.631,12.231,11.738,11.326,10.775,10.236,9.7341,9.3461,8.8145,8.2124,7.5888,6.5352,5.0707,3.584,1.0057,-2.5385,-5.6531,-4.5249,-0.82881,2.1576,3.7664,5.3258,6.3544,7.001,7.2966,7.5437,7.7256,7.8984,8.2306,8.7056,9.0735,9.5543,9.8901,10.013,9.9851,9.7508,9.3532,9.0074,8.5636,8.2155,8.0702,8.0324,8.1932,8.4941,8.7735,9.2017,9.6496,9.9884,10.41,10.823,11.224
4.7951,4.3981,4.3485,4.4891,4.4692,4.0807,3.1631,2.0846,0.02224,-2.7606,-6.2098,-8.6989,-9.9045,-9.045,-8.053,-6.6724,-5.0184,-3.7501,-2.0672,-0.74375,0.12056,0.44191,0.35468,-0.37203,-1.3047,-3.3804,-6.7631,-10.613,-18.232,-12.017,-6.3675,-3.6179,-0.74963,1.5478,3.115,4.9864,6.664,8.1186,9.0608,10.113,10.924,11.363,11.746,11.899,11.872,11.701,11.393,11.042,10.792,10.531,10.43,10.429,10.52,10.656,10.725,10.747,10.617,10.279,9.8894,9.0912,7.9727,6.9058,5.1614,3.1597,1.2895,0.35303,0.073067,0.53662,1.1283,2.0292,3.1954,4.1883,5.6096,6.9296,8.0461,8.6861,9.2776,9.5517,9.5542,9.3358,8.9011,8.4336,7.8154,7.1933,6.652,6.3644,6.0829,5.9331,5.8985,5.97,6.1461,6.4083,6.6002,6.8134,6.8966,6.848,6.6158,6.1447,5.6527,4.7788,3.693,2.4594,1.4133,0.062299,-0.93329,-1.2572,-0.94681,-0.13317,0.56358,1.4052,1.9559,2.2406,2.2487,1.9676,1.5679,1.3456,1.4543,2.3083,3.7048,4.9445,6.5622,8.0064,8.9939,10.121,11.066,11.65,12.235,12.604,12.748,12.696,12.413,11.886,11.357,10.521,9.6211,9.0306,8.5361,8.4966,8.8149,9.1887,9.7237,10.194,10.464,10.728,10.859,10.878,10.814,10.672,10.444,10.22,9.8874,9.5053,9.202,8.7997,8.3774,7.9259,7.5802,7.0104,6.3059,5.6482,4.5436,3.0991,1.6976,-0.61763,-3.3273,-5.2214,-4.7561,-2.5178,-0.4233,0.79135,1.8437,2.3359,2.2614,1.8447,0.8364,-0.44067,-1.1073,-0.69538,1.0981,2.6397,4.4407,5.7955,6.7133,7.1398,7.4092,7.3816,7.1975,6.7466,6.1882,5.726,5.2229,5.0212,5.2207,5.651,6.4588,7.3453,7.9908,8.741,9.3642,9.8222
4.9902,4.7699,4.4912,4.171,3.868,3.309,2.5559,1.8371,0.72536,-0.49157,-1.6877,-2.4393,-3.0993,-3.3586,-3.3219,-3.0635,-2.6469,-2.2893,-1.8422,-1.5342,-1.4488,-1.5673,-2.0375,-2.9115,-3.8856,-5.5839,-7.7149,-9.4333,-10.934,-10.819,-9.7127,-8.5132,-6.5522,-4.3763,-2.6371,-0.40187,1.5701,3.2701,4.3315,5.4301,6.2162,6.5927,6.7691,6.6579,6.3569,5.6543,4.7089,3.5834,2.7608,2.0584,2.0703,2.5601,3.5198,4.4655,5.0941,5.7045,6.0635,6.1572,6.0553,5.6769,5.0596,4.426,3.3957,2.1976,0.85732,-0.27305,-1.9431,-3.9829,-6.0317,-8.7928,-8.4147,-5.6989,-2.195,0.436,2.2593,3.2076,3.9588,4.2142,4.096,3.5177,2.5251,1.5328,0.033021,-1.2421,-1.6707,-1.2783,-0.21042,0.90044,1.6477,2.4619,3.0372,3.4166,3.5894,3.608,3.4297,3.1681,2.5487,1.7036,0.89219,-0.52633,-2.3141,-4.6351,-6.8661,-10.936,-17.893,-22.732,-14.601,-9.6005,-7.1713,-4.8507,-3.1933,-1.9789,-1.3171,-0.62677,-0.10503,0.25066,0.74037,1.2907,1.9458,2.501,3.281,4.1337,4.7924,5.6902,6.5652,7.1839,7.9208,8.5242,8.9644,9.1819,9.318,9.2881,9.162,8.9036,8.578,8.3142,7.9871,7.6876,7.4166,7.2235,6.9548,6.6632,6.4193,6.0612,5.6908,5.3215,5.0509,4.6944,4.3139,4.0328,3.6134,3.2062,2.9374,2.6244,2.4111,2.2574,2.1558,1.9723,1.6334,1.322,0.74298,-0.017067,-0.62667,-1.485,-2.2574,-2.6826,-2.7702,-2.6136,-2.2816,-2.0576,-1.9263,-2.1369,-2.8464,-3.833,-6.063,-9.9794,-14.834,-14.001,-7.4164,-4.1953,-1.3235,0.62727,1.9379,2.5513,2.9932,3,2.703,1.8852,0.4965,-1.0049,-3.7014,-6.5721,-6.1384,-3.7426,-0.66505,1.6171,2.8776,4.0942,4.8524,5.2537
3.6939,3.7733,3.7697,3.6315,3.4381,3.0756,2.5909,2.1494,1.5048,0.80254,0.12995,-0.33163,-0.87009,-1.2638,-1.4734,-1.6334,-1.7036,-1.704,-1.7197,-1.7687,-1.9177,-2.1355,-2.5788,-3.2262,-3.8858,-4.968,-6.2883,-7.4047,-9.1173,-11.202,-14.16,-16.933,-17.092,-11.852,-8.4291,-4.8585,-2.2318,-0.25168,0.90266,2.0362,2.7512,3.0336,3.0707,2.6759,2.0823,0.8126,-1.1697,-4.2488,-7.8204,-16.417,-13.199,-7.7588,-3.6361,-1.1033,0.22244,1.4929,2.3406,2.8576,3.0288,3.0532,2.829,2.5028,1.8838,1.0261,-0.066021,-1.0625,-2.7298,-4.8522,-6.8187,-9.3196,-9.1973,-7.1909,-4.2385,-1.9452,-0.35302,0.44977,1.0247,1.0689,0.75435,-0.18402,-1.8562,-3.7113,-7.6476,-15.786,-20.821,-11.399,-6.2087,-3.3404,-1.9131,-0.6105,0.24278,0.71473,0.87166,0.83754,0.5266,0.10289,-0.69391,-1.7704,-2.7918,-4.3965,-6.2818,-8.4793,-10.306,-12.746,-14.73,-15.263,-14.245,-12.067,-10.456,-8.2996,-6.4718,-5.0222,-4.1093,-3.1386,-2.4428,-2.0687,-1.7246,-1.5461,-1.455,-1.4604,-1.371,-1.0608,-0.62691,0.30085,1.4604,2.3748,3.5627,4.6008,5.4381,5.9318,6.4085,6.6927,6.784,6.7587,6.6029,6.3997,6.0183,5.5102,4.8871,4.3285,3.4563,2.4424,1.6176,0.4686,-0.58298,-1.4043,-1.809,-2.2099,-2.559,-2.8973,-3.5445,-4.3391,-4.915,-5.3748,-5.1966,-4.5016,-3.9375,-3.2485,-2.8148,-2.7188,-2.8352,-3.1925,-3.5351,-4.0764,-4.5499,-4.8636,-4.9479,-4.8798,-4.6349,-4.4558,-4.2984,-4.3415,-4.6197,-4.9629,-5.5903,-6.1954,-6.4101,-6.1164,-5.1717,-4.2048,-2.8527,-1.6119,-0.6042,-0.022247,0.44694,0.53341,0.32049,-0.35836,-1.6339,-3.0509,-5.5584,-8.069,-7.7282,-5.6353,-2.8446,-0.79422,0.29917,1.2636,1.7223,1.7566
2.5773,2.9273,3.1957,3.276,3.2236,3.0273,2.6901,2.3735,1.8627,1.2894,0.68748,0.2221,-0.37927,-0.9261,-1.2793,-1.6525,-1.9002,-2.0123,-2.0637,-2.0519,-2.0354,-2.0661,-2.1981,-2.4931,-2.8183,-3.4409,-4.2955,-5.0964,-6.4609,-8.2036,-10.196,-11.514,-11.437,-9.1782,-7.1562,-4.6738,-2.6872,-1.1647,-0.27247,0.62458,1.1776,1.3797,1.3953,1.0334,0.51132,-0.50904,-1.9646,-3.7945,-5.2195,-6.6195,-6.6745,-5.856,-4.3432,-2.8856,-1.946,-0.82936,0.051615,0.7257,1.0969,1.397,1.4643,1.3904,1.1147,0.66811,0.069508,-0.43584,-1.1571,-1.8618,-2.2607,-2.5172,-2.3671,-1.9811,-1.2402,-0.43763,0.25252,0.6155,0.85934,0.76657,0.45677,-0.26535,-1.3313,-2.3615,-3.8283,-5.0267,-5.4205,-5.0705,-4.0732,-2.9633,-2.2559,-1.4735,-0.9377,-0.65706,-0.63538,-0.80655,-1.2617,-1.8082,-2.7329,-3.9623,-5.12,-6.811,-8.7911,-11.044,-12.785,-14.949,-16.643,-17.012,-16.13,-14.117,-12.35,-10.153,-8.1746,-6.5634,-5.5751,-4.5887,-3.9438,-3.7062,-3.73,-4.1571,-5.0962,-6.1656,-8.1013,-10.147,-10.258,-7.7339,-4.5181,-2.4701,-0.26894,1.4197,2.7015,3.4366,4.153,4.6139,4.8182,4.9026,4.7813,4.5711,4.1119,3.4571,2.5761,1.7369,0.33278,-1.5055,-3.2402,-6.1314,-9.6176,-12.019,-11.568,-9.7915,-8.6509,-8.543,-9.358,-11.681,-15.024,-22.992,-17.537,-11.535,-8.9793,-6.8842,-5.7217,-5.3652,-5.3769,-5.8466,-6.5348,-7.7023,-8.9329,-9.8046,-9.8265,-9.0025,-7.8042,-6.9178,-5.969,-5.3469,-5.0525,-5.0191,-5.1285,-5.3523,-5.4827,-5.5117,-5.2508,-4.8096,-3.9356,-2.8712,-1.7923,-1.0541,-0.2869,0.21101,0.40041,0.393,0.15011,-0.12305,-0.517,-0.77251,-0.70915,-0.44982,0.023959,0.50864,0.76041,0.88554,0.7409,0.25702
2.2443,2.6537,2.9885,3.1239,3.1129,2.9457,2.6337,2.314,1.7663,1.1123,0.33439,-0.3006,-1.1997,-2.1305,-2.7884,-3.5354,-3.9769,-4.0589,-3.8017,-3.2789,-2.6536,-2.1972,-1.7059,-1.3892,-1.2763,-1.2906,-1.4763,-1.743,-2.1738,-2.6693,-3.0836,-3.2654,-3.2348,-2.8737,-2.4488,-1.7938,-1.109,-0.46603,-0.055031,0.42776,0.80852,1.0008,1.083,0.98006,0.74925,0.20922,-0.53846,-1.4351,-2.1487,-3.03,-3.7504,-4.0914,-4.2804,-4.0443,-3.5666,-2.7103,-1.7229,-0.81559,-0.2255,0.32815,0.64811,0.72972,0.64226,0.4004,0.049446,-0.23702,-0.55047,-0.72711,-0.72378,-0.54472,-0.17286,0.20248,0.74442,1.2737,1.7111,1.9369,2.0765,2.004,1.8049,1.353,0.73202,0.21533,-0.53399,-1.2023,-1.672,-1.9021,-2.0175,-1.9397,-1.7798,-1.5277,-1.3292,-1.2227,-1.2602,-1.5329,-2.067,-2.6418,-3.7153,-5.1308,-6.3536,-8.3031,-10.607,-13.241,-15.478,-19.441,-26.446,-40.488,-23.296,-16.792,-13.681,-10.611,-8.2831,-6.4988,-5.5164,-4.5433,-3.9738,-3.807,-3.9518,-4.5561,-5.7181,-7.0147,-9.5165,-12.635,-13.204,-9.8044,-6.128,-3.9372,-1.6898,-0.0021995,1.2655,1.9803,2.6909,3.1476,3.3427,3.428,3.3023,3.0811,2.6289,1.9876,1.1199,0.31474,-1.0318,-2.7908,-4.4897,-7.4114,-11.138,-13.766,-12.76,-10.255,-8.5977,-8.0217,-8.0429,-8.7793,-9.5711,-10.206,-9.5826,-8.0709,-6.9381,-5.7924,-5.2249,-5.1167,-5.4712,-6.4467,-7.6922,-10.199,-14.577,-25.744,-25.608,-14.449,-9.9477,-7.8841,-6.0377,-4.9407,-4.4249,-4.3939,-4.7679,-5.6181,-6.5878,-8.21,-9.5177,-9.3784,-7.4026,-4.8618,-2.6487,-1.322,0.071178,1.0783,1.6143,2.0782,2.344,2.4462,2.4851,2.482,2.4674,2.4429,2.382,2.2547,2.0827,1.704,1.1222,0.28309
2.3425,2.5651,2.7343,2.7587,2.6886,2.4771,2.1309,1.7546,1.1181,0.28996,-0.74218,-1.6535,-3.0967,-4.8627,-6.4558,-8.886,-10.981,-11.031,-8.9391,-6.2984,-4.0659,-2.7424,-1.3349,-0.28987,0.27415,0.80175,1.1039,1.216,1.239,1.1658,1.0153,0.88342,0.65937,0.42819,0.23533,-0.070884,-0.38152,-0.6133,-0.65763,-0.48368,-0.03294,0.39184,0.9023,1.2637,1.373,1.2446,0.79282,0.01269,-0.81291,-2.2804,-4.1695,-5.9537,-8.6609,-10.203,-9.1807,-6.5045,-4.0311,-2.2056,-1.2319,-0.33347,0.14001,0.22836,0.052472,-0.44581,-1.1537,-1.7489,-2.4063,-2.5647,-2.2832,-1.4362,-0.32474,0.50541,1.5141,2.3296,2.9294,3.2374,3.4385,3.42,3.2704,2.8859,2.2913,1.7374,0.87678,-0.1062,-1.1454,-1.8822,-2.7018,-3.1424,-3.1258,-2.8039,-2.3028,-1.885,-1.6937,-1.7366,-2.1334,-2.6714,-3.7925,-5.3691,-6.8114,-9.2105,-11.937,-14.57,-16.171,-17.245,-17.074,-16.244,-14.381,-12.027,-10.187,-8.0257,-6.248,-4.8291,-4.0043,-3.2385,-2.8005,-2.6543,-2.6776,-2.9336,-3.3334,-3.7044,-4.1793,-4.3627,-4.2195,-3.6565,-2.7494,-1.9782,-0.99456,-0.125,0.59016,1.028,1.4902,1.7868,1.8905,1.8788,1.7147,1.4715,1.0348,0.47988,-0.13817,-0.61653,-1.2629,-1.9061,-2.4128,-3.066,-3.6009,-3.8572,-3.8025,-3.5067,-3.1512,-2.9164,-2.7642,-2.7233,-2.7297,-2.711,-2.6147,-2.4589,-2.3267,-2.2707,-2.3922,-2.6226,-3.1757,-4.0442,-4.8276,-6.0825,-7.3097,-8.0712,-7.9476,-6.8657,-5.3566,-4.2513,-3.0775,-2.2787,-1.9125,-1.9387,-2.4723,-3.6657,-5.1436,-8.2519,-12.939,-13.574,-8.2981,-4.1232,-1.3251,0.19635,1.6997,2.7399,3.2949,3.8184,4.1303,4.2549,4.331,4.3209,4.2188,4.0845,3.8395,3.4761,3.1347,2.5647,1.8182,0.90286
1.573,1.4801,1.3727,1.2627,1.1719,0.99703,0.71074,0.36073,-0.28726,-1.1929,-2.3249,-3.3631,-4.9414,-6.8548,-8.6224,-11.633,-15.304,-15.483,-11.018,-6.955,-3.9534,-2.265,-0.4819,0.8586,1.6039,2.3685,2.8889,3.162,3.3615,3.4152,3.3063,3.1299,2.711,2.0493,1.3472,0.034579,-1.8104,-4.2123,-5.8767,-6.0479,-3.7041,-1.7911,0.21738,1.5521,2.1678,2.5242,2.3848,1.784,1.0165,-0.50813,-2.6608,-4.819,-8.5208,-11.243,-9.8301,-6.4016,-3.7539,-1.9145,-0.99157,-0.15359,0.19013,0.15281,-0.30911,-1.3838,-3.2049,-5.3238,-9.7626,-13.979,-10.402,-5.1556,-1.7901,-0.0027872,1.7208,2.9184,3.7164,4.0935,4.345,4.3343,4.1759,3.7471,3.08,2.3728,1.1999,-0.41797,-2.6197,-4.7399,-8.3439,-11.25,-10.083,-6.8353,-4.2538,-2.6183,-1.8601,-1.3881,-1.4671,-1.8565,-2.8425,-4.3681,-5.9083,-8.712,-12.878,-20.155,-36.218,-20.757,-14.648,-11.966,-9.3588,-7.3452,-5.9778,-4.5422,-3.3926,-2.5456,-2.0795,-1.7316,-1.6261,-1.6736,-1.8189,-2.0076,-2.1671,-2.2621,-2.2757,-2.1478,-1.9962,-1.7972,-1.5647,-1.4022,-1.2477,-1.1245,-1.0002,-0.86017,-0.66423,-0.46713,-0.37247,-0.38904,-0.63924,-1.0207,-1.7655,-2.683,-3.4217,-3.6688,-3.3954,-2.6146,-1.9274,-1.0706,-0.34536,0.26585,0.64177,1.077,1.4201,1.6123,1.7614,1.8087,1.7814,1.6817,1.5132,1.2711,1.0521,0.63857,0.15771,-0.28211,-0.94734,-1.6314,-2.0717,-2.5826,-2.8477,-2.756,-2.44,-1.7551,-0.90092,-0.20625,0.63577,1.3286,1.7669,1.9275,1.8786,1.5549,1.1919,0.68553,0.39488,0.50038,1.0953,1.9866,2.9103,3.5103,4.1398,4.5544,4.7383,4.8737,4.89,4.8506,4.7719,4.6579,4.4831,4.298,3.9701,3.5182,3.0977,2.4412,1.672,0.87165
-1.1499,-1.8127,-2.3548,-2.3306,-2.0755,-1.6609,-1.4817,-1.5537,-2.0459,-2.9903,-4.333,-5.5781,-7.2421,-8.3974,-8.6661,-8.3488,-7.4464,-6.4691,-4.8164,-3.0321,-1.3416,-0.16993,1.1175,2.1273,2.7299,3.3559,3.8163,4.0977,4.3605,4.5306,4.5761,4.5008,4.2244,3.6514,2.9431,1.5852,-0.49508,-3.5652,-6.2692,-6.6355,-2.9367,-0.41332,2.0133,3.5573,4.3107,4.8471,4.9215,4.5892,4.1002,3.1898,2.051,1.1331,-0.0198,-0.78485,-0.99003,-0.91768,-0.53129,-0.015947,0.38058,0.81796,1.0628,1.0725,0.78573,0.11082,-1.0646,-2.2562,-3.9247,-4.5568,-3.7209,-1.6389,0.43793,1.7406,3.0454,3.9515,4.5109,4.7351,4.8366,4.7268,4.5235,4.1088,3.5279,2.9381,1.9096,0.52095,-1.3506,-3.1527,-5.9788,-7.8931,-7.1386,-4.6941,-2.511,-0.96904,-0.2255,0.31748,0.37474,0.12759,-0.51663,-1.4901,-2.4338,-3.9976,-5.6922,-7.0807,-7.6455,-7.3499,-6.2879,-5.2651,-3.8961,-2.6834,-1.8943,-1.0599,-0.5272,-0.29466,-0.32964,-0.63784,-1.251,-1.8724,-2.8057,-3.5785,-3.9024,-3.7416,-3.2004,-2.6126,-2.2677,-2.0327,-2.1472,-2.4746,-3.2077,-4.2066,-5.1155,-5.4345,-5.1655,-4.2477,-3.5352,-2.9201,-2.9133,-3.3328,-4.7533,-7.5804,-13.135,-18.459,-10.536,-5.0814,-2.4735,-0.037861,1.6678,2.889,3.5491,4.2029,4.6322,4.8082,4.912,4.8532,4.715,4.4127,3.9996,3.4663,2.9807,2.2384,1.3749,0.61237,-0.47435,-1.5924,-2.3796,-3.1242,-3.1987,-2.4545,-1.532,-0.10699,1.3501,2.3564,3.5634,4.5542,5.3237,5.7486,6.1448,6.3702,6.4512,6.4955,6.5168,6.5216,6.5461,6.549,6.4806,6.3447,6.0291,5.5696,5.1432,4.5078,3.9147,3.5763,3.316,3.2088,3.1569,3.0952,2.8471,2.3887,1.8702,0.93962,-0.13697,-1.2456
-5.8966,-9.7116,-14.977,-10.336,-6.9407,-4.1679,-2.7421,-2.2866,-2.4213,-3.398,-5.4147,-7.8006,-13.608,-26.187,-15.366,-8.7857,-5.1759,-3.2841,-1.3318,0.19039,1.3702,2.0659,2.7371,3.1604,3.3732,3.514,3.6313,3.7495,4.0584,4.4975,5.0098,5.3536,5.7012,5.8549,5.8297,5.5995,5.2298,4.8725,4.7495,4.9353,5.5227,6.1235,6.9536,7.6447,8.0035,8.2563,8.2365,7.9367,7.5405,6.8123,5.8706,5.053,3.8984,2.6914,1.8187,0.82716,0.22473,0.17323,0.50661,1.1691,1.9235,2.3897,2.8031,3.0108,3.033,3.0171,3.0149,3.174,3.4268,3.9193,4.4909,4.8651,5.2367,5.3922,5.3186,5.1367,4.7583,4.3271,4.0185,3.7014,3.4522,3.3381,3.065,2.7189,2.2683,1.9028,1.495,1.3143,1.3982,1.7489,2.2372,2.71,2.9621,3.1171,3.0573,2.8638,2.4328,1.8232,1.2933,0.57695,-0.017666,-0.41729,-0.53121,-0.42465,-0.012944,0.4229,1.0527,1.6607,2.0139,2.3623,2.4517,2.2251,1.7884,0.81263,-0.76669,-2.4749,-5.9302,-11.435,-13.992,-9.6498,-5.5687,-3.2925,-2.3345,-1.7733,-2.0165,-2.7251,-4.4829,-7.6384,-13.924,-29.399,-14.128,-7.8991,-5.4118,-3.4237,-2.4184,-2.1703,-2.4065,-3.1616,-3.8772,-3.8321,-2.4338,-0.21591,1.4114,3.2655,4.7229,5.8021,6.4144,6.9546,7.2364,7.3014,7.2097,6.9351,6.6224,6.0725,5.3815,4.5717,3.8814,2.8675,1.6575,0.63169,-1.0737,-3.398,-5.897,-10.902,-13.863,-7.326,-3.4969,0.15445,2.8283,4.4171,6.1355,7.4728,8.524,9.1431,9.7702,10.204,10.411,10.548,10.544,10.446,10.18,9.744,9.0953,8.4448,7.3006,5.781,4.3636,2.0753,-0.3441,-1.6053,-1.6637,-0.46955,0.73075,1.3195,1.6203,1.3531,0.75715,-0.65092,-2.9639,-6.7789
-3.6626,-5.1853,-6.3105,-5.4589,-4.1268,-2.4629,-1.2777,-0.77945,-0.58166,-0.92315,-1.7552,-2.6335,-3.789,-4.2304,-3.687,-2.2044,-0.58213,0.53035,1.7068,2.5836,3.1443,3.3079,3.2559,2.8392,2.2527,1.1513,-0.1176,-0.8106,-0.5277,1.0664,3.0096,4.3526,5.7961,6.8905,7.5244,8.1258,8.555,8.8954,9.1336,9.4571,9.8011,10.057,10.373,10.629,10.733,10.74,10.566,10.189,9.7641,8.9774,7.9195,6.921,5.2716,3.1406,1.0542,-2.5782,-7.0667,-7.3257,-4.3373,-0.92491,1.35,2.5648,3.7244,4.484,5.0259,5.3305,5.6532,5.9136,6.1049,6.3206,6.4241,6.3871,6.1628,5.6447,4.7771,3.876,2.3228,0.61309,-0.36596,-0.60494,0.31095,1.2448,2.3885,3.201,3.716,3.9626,4.1761,4.327,4.4002,4.5462,4.6909,4.7746,4.7911,4.7103,4.4909,4.2258,3.7101,3.0327,2.4508,1.7767,1.2512,1.0206,1.1212,1.5354,2.192,2.7282,3.4273,4.022,4.3541,4.5999,4.6256,4.3723,3.9757,3.1094,1.8204,0.5388,-1.5255,-3.563,-4.2638,-3.4996,-1.9494,-0.60708,0.012116,0.29813,0.054116,-0.46246,-1.588,-3.0184,-4.4004,-4.9796,-4.751,-3.6124,-2.5365,-1.2673,-0.15943,0.49999,1.2419,1.8898,2.5257,3.0884,3.9721,4.9352,5.6841,6.6122,7.3954,7.9856,8.2876,8.4923,8.4666,8.3103,7.8917,7.2692,6.6722,5.7371,4.665,3.5079,2.6341,1.5011,0.42201,-0.35098,-1.3784,-2.5346,-3.5476,-4.6884,-4.4534,-2.2832,-0.1345,2.5918,4.9303,6.4276,8.0988,9.4593,10.53,11.176,11.842,12.3,12.52,12.652,12.599,12.444,12.057,11.442,10.56,9.689,8.1872,6.1584,4.1673,0.58262,-4.8169,-9.838,-7.4853,-2.9912,-0.5159,0.49642,1.1679,1.1967,0.87087,0.014493,-1.3156,-2.8858
-2.3679,-2.5895,-2.6317,-2.3181,-1.8731,-1.2005,-0.49919,-0.054755,0.3706,0.60869,0.68814,0.6868,0.70582,0.82033,0.99762,1.348,1.7755,2.0882,2.4108,2.5754,2.5301,2.3363,1.7868,0.7971,-0.36913,-2.7265,-6.8789,-12.573,-13.056,-4.9448,-0.50012,1.7376,3.9232,5.4936,6.385,7.3073,7.9909,8.5047,8.8141,9.1596,9.4486,9.6336,9.8261,9.9503,9.9985,9.9606,9.784,9.4479,9.069,8.3729,7.4303,6.539,5.0323,3.1135,1.3456,-1.4148,-3.9838,-4.3668,-3.0311,-0.97684,0.64129,1.5403,2.4072,2.9785,3.3793,3.6108,3.9254,4.2598,4.5054,4.7723,4.8944,4.8562,4.5227,3.7991,2.5494,1.1288,-1.6815,-6.452,-13.345,-13.504,-5.6312,-2.6593,-0.1957,1.2455,2.0882,2.4551,2.6985,2.7817,2.8002,2.8065,2.8384,2.8881,2.9174,2.8796,2.6522,2.3147,1.5698,0.44194,-0.68345,-2.5956,-4.5947,-5.3492,-4.4786,-2.3865,-0.39647,0.83341,2.1264,3.0574,3.563,3.9878,4.179,4.158,4.028,3.6953,3.2197,2.7939,2.2547,1.8104,1.5876,1.5522,1.6429,1.7263,1.7209,1.5299,1.11,0.63149,-0.18469,-1.1377,-2.0777,-2.6953,-3.1439,-3.1362,-2.8098,-1.9443,-0.8102,0.10829,1.2843,2.3745,3.347,4.0171,4.828,5.5537,6.0279,6.5634,6.9496,7.1695,7.1966,7.069,6.7188,6.2901,5.4971,4.434,3.4554,1.9009,0.088638,-1.9216,-3.4681,-5.2185,-6.0249,-5.9479,-5.1488,-4.0679,-3.2016,-1.9957,-0.64732,0.86358,2.0736,3.7205,5.299,6.3766,7.6557,8.7474,9.641,10.179,10.744,11.133,11.317,11.426,11.373,11.222,10.874,10.331,9.5782,8.859,7.6801,6.2489,5.0261,3.2865,1.6577,0.71181,-0.01792,-0.20981,-0.20102,-0.17209,-0.20091,-0.2922,-0.38049,-0.49432,-0.56233,-0.49741
-5.0357,-4.9798,-4.5672,-3.8516,-3.171,-2.1618,-1.1705,-0.49403,0.26764,0.86305,1.2925,1.5295,1.7347,1.858,1.8976,1.9034,1.8596,1.7732,1.6292,1.4043,1.0963,0.83734,0.36808,-0.24346,-0.76782,-1.5441,-2.2019,-2.4461,-2.0573,-0.9325,0.5577,1.6622,3.0014,4.0819,4.7356,5.4245,5.9219,6.2716,6.459,6.6559,6.8253,6.9544,7.1339,7.2993,7.4143,7.5206,7.5409,7.4349,7.2533,6.8678,6.3081,5.7747,4.9223,3.9258,3.1477,2.1803,1.41,0.96515,0.81036,0.78164,0.79934,0.71967,0.43568,0.00065818,-0.51603,-0.76698,-0.68377,-0.040605,0.63039,1.5598,2.3243,2.704,2.8811,2.6776,2.0856,1.3916,0.24635,-0.95981,-1.6269,-1.8866,-1.4401,-0.91938,-0.24613,0.18827,0.31008,0.18419,-0.23409,-0.86886,-1.3464,-1.864,-1.9422,-1.4898,-0.98428,-0.34872,0.023005,0.027391,-0.40501,-1.4626,-2.7523,-5.5946,-10.216,-13.744,-9.9352,-5.2365,-2.2589,-0.73406,0.64898,1.5275,1.963,2.3435,2.5437,2.6557,2.7052,2.7623,2.7997,2.8227,2.8293,2.8318,2.822,2.7921,2.7268,2.5631,2.3693,1.9919,1.3989,0.7951,-0.24045,-1.6133,-3.3962,-5.027,-7.6151,-9.7277,-9.524,-6.9027,-4.0596,-2.2861,-0.37581,1.1115,2.2776,2.9716,3.7059,4.2852,4.6127,4.9244,5.0913,5.0969,4.9865,4.6478,4.0698,3.445,2.3549,0.90655,-0.42279,-2.5949,-5.314,-8.7458,-12.06,-19.67,-29.66,-17.706,-11.354,-7.5701,-5.4401,-3.105,-1.1765,0.51162,1.6514,3.0353,4.26,5.085,6.042,6.834,7.4801,7.8679,8.2527,8.5148,8.6351,8.7049,8.6842,8.599,8.3968,8.0793,7.6237,7.1857,6.4561,5.576,4.8234,3.7447,2.6065,1.7325,0.59095,-0.55824,-1.7092,-2.5199,-3.48,-4.056,-4.1383,-3.8056,-3.1168,-2.2971
-10.639,-11.042,-9.9843,-7.6471,-5.7972,-3.5553,-1.7511,-0.64281,0.55118,1.4335,2.0361,2.3284,2.5112,2.4846,2.3471,2.0171,1.5326,1.1013,0.48254,-0.10138,-0.56993,-0.83202,-1.0036,-0.99584,-0.90362,-0.70068,-0.38544,-0.054088,0.48755,1.164,1.8796,2.4223,3.0576,3.5683,3.8306,4.0163,4.0259,3.8918,3.7291,3.4932,3.3421,3.345,3.5612,3.9831,4.3537,4.8709,5.3222,5.6359,5.7668,5.7825,5.6199,5.3895,4.979,4.4955,4.1165,3.6026,3.13,2.7089,2.3849,1.9267,1.3125,0.66169,-0.63342,-2.6764,-5.9611,-9.6477,-12.475,-6.9943,-3.6264,-0.63264,1.2832,2.2293,3.0312,3.3932,3.4161,3.276,2.9284,2.507,2.207,1.854,1.5916,1.3956,1.085,0.64842,-0.039838,-0.79346,-2.2411,-4.4541,-6.9169,-11.623,-12.986,-7.8926,-4.9253,-2.2299,-0.53529,0.24721,0.76406,0.77352,0.50569,-0.022005,-0.55253,-0.69748,-0.4926,0.11744,0.75232,1.1218,1.3793,1.3481,1.1647,0.81221,0.52103,0.48165,0.65897,1.1307,1.7231,2.1664,2.6591,3.0407,3.29,3.4111,3.4594,3.4074,3.2759,2.9655,2.4659,1.9433,0.97884,-0.3623,-2.2204,-4.096,-7.3885,-10.867,-10.629,-6.9155,-3.7241,-1.9196,-0.13446,1.1178,1.9826,2.4497,2.8907,3.1594,3.2969,3.4023,3.4465,3.4033,3.3038,2.9953,2.4369,1.8315,0.70612,-0.8504,-2.3567,-4.8227,-7.7984,-11.129,-13.422,-15.217,-14.537,-12.84,-9.9035,-7.0365,-5.1285,-2.9139,-1.0755,0.435,1.3986,2.4957,3.4157,4.006,4.6683,5.1789,5.5297,5.7044,5.8163,5.8299,5.8027,5.7637,5.7656,5.8099,5.8873,5.9477,5.9198,5.8105,5.5236,5.0515,4.5712,3.7527,2.7175,1.784,0.29514,-1.5386,-3.8369,-6.0494,-9.7665,-13.598,-13.477,-10.018,-7.0306,-4.8507
-15.565,-20.394,-16.163,-9.6101,-6.3732,-3.2061,-0.92157,0.41853,1.7791,2.7295,3.3348,3.5624,3.602,3.3219,2.9097,2.0784,0.91799,-0.14168,-1.8024,-3.5006,-4.7382,-5.0718,-4.5631,-3.4849,-2.629,-1.5196,-0.53374,0.16623,0.99209,1.7283,2.3568,2.7342,3.0794,3.2296,3.1761,2.8462,2.1987,1.201,0.23135,-1.2847,-2.6976,-3.2167,-2.6571,-1.0753,0.24341,1.815,3.0666,3.9857,4.4654,4.8362,4.9307,4.8446,4.5677,4.1949,3.8948,3.5324,3.2873,3.143,3.0927,2.9609,2.6394,2.2316,1.3758,0.045117,-1.7028,-2.9688,-3.3813,-1.7991,-0.13674,1.8318,3.3287,4.1327,4.8529,5.2261,5.3225,5.2536,5.004,4.6355,4.2962,3.8102,3.2833,2.8843,2.3049,1.6417,0.85351,0.13554,-1.0614,-2.5971,-3.9562,-5.669,-5.7137,-3.6306,-1.7394,0.49564,2.2245,3.1941,4.1092,4.6768,4.9101,5.0736,5.1096,5.0725,5.0011,4.8253,4.4918,4.0753,3.2295,1.9288,0.56926,-1.8769,-4.7451,-6.0057,-4.6589,-2.0522,0.060536,1.2082,2.3142,3.02,3.4639,3.6865,3.8769,4.0075,4.0652,4.0648,3.977,3.8191,3.4583,2.9153,2.2156,1.6272,0.9098,0.45364,0.39499,0.72146,1.2694,1.7092,2.1637,2.4014,2.4168,2.2881,1.9816,1.5844,1.3237,1.1396,1.1947,1.4407,1.6426,1.8337,1.7807,1.5235,0.8013,-0.3884,-1.6583,-3.9604,-7.2299,-12.227,-18.575,-23.044,-13.582,-9.9436,-6.656,-4.2426,-2.7509,-1.2099,-0.026655,0.87289,1.4157,2.0108,2.5209,2.8478,3.2267,3.4929,3.5663,3.4518,3.0815,2.4543,1.9084,1.3175,1.2189,1.5874,2.4509,3.3843,4.1501,4.5414,4.809,4.7761,4.5681,4.028,3.2099,2.4092,1.0359,-0.69607,-2.8988,-4.9267,-8.0802,-10.747,-10.905,-8.9663,-6.9043,-5.2511
-6.9832,-6.6803,-5.628,-3.9763,-2.5821,-0.76011,0.87119,1.9026,3.0008,3.7796,4.232,4.344,4.1929,3.6782,3.0228,1.757,-0.026077,-1.8197,-5.051,-10.085,-21.133,-22.915,-12.031,-7.8736,-5.9401,-4.0221,-2.5351,-1.5927,-0.47474,0.459,1.2146,1.6287,1.9777,2.014,1.831,1.2509,0.20218,-1.4475,-3.2131,-6.6929,-12.851,-22.557,-13.592,-7.0563,-4.112,-1.3538,0.58455,1.9687,2.6755,3.2157,3.3156,3.1153,2.4901,1.5142,0.6867,-0.11163,-0.12825,0.66238,1.5005,2.5445,3.3392,3.7266,4.0007,4.0666,4.0397,4.0509,4.2148,4.5818,4.9523,5.4882,5.9534,6.2084,6.3746,6.3463,6.1289,5.842,5.339,4.7074,4.1689,3.3999,2.5979,2.0179,1.3325,0.76678,0.37463,0.18774,0.066516,0.091124,0.21697,0.64356,1.3683,2.377,3.2713,4.4851,5.6191,6.3599,7.1871,7.8124,8.1607,8.4361,8.5484,8.4809,8.3234,7.9282,7.3122,6.6602,5.4627,3.7805,2.116,-0.87026,-4.7011,-6.7038,-4.9547,-1.9411,0.13493,1.1194,1.8793,2.1702,2.1825,2.1086,2.1091,2.3212,2.6659,3.2808,3.9147,4.3258,4.7475,4.9931,5.0719,5.056,4.9345,4.7868,4.6795,4.4876,4.2625,4.0076,3.5305,2.8437,1.8798,0.92,-0.73756,-2.8045,-4.5275,-6.0659,-5.3081,-3.1692,-1.6333,-0.03828,0.99286,1.3985,1.5059,1.1549,0.62319,-0.4248,-1.7483,-3.1122,-3.9066,-4.2536,-3.6587,-2.8444,-1.7341,-0.7585,-0.21704,0.23508,0.35215,0.17556,-0.10472,-0.51352,-0.694,-0.53405,-0.026958,0.52767,0.81642,0.68285,-0.11752,-1.8855,-4.1819,-9.5413,-13.822,-8.17,-2.9565,0.053629,1.9134,2.8189,3.5482,3.8574,3.8568,3.6062,3.0904,2.5483,1.6474,0.52745,-0.72561,-1.6887,-2.9028,-3.8935,-4.4167,-4.8194,-4.9371,-5.1148
-4.4832,-3.9371,-3.0004,-1.8152,-0.82905,0.46783,1.7032,2.5028,3.3825,4.0082,4.3285,4.3769,4.1432,3.5752,2.9118,1.6888,0.071315,-1.4045,-3.7105,-6.1898,-8.2961,-9.2252,-9.4029,-8.9632,-8.3936,-7.5005,-6.299,-5.3154,-3.9034,-2.5944,-1.4991,-0.83613,-0.22666,0.031803,-0.017382,-0.42148,-1.249,-2.527,-3.7283,-5.5515,-7.2858,-8.1039,-8.144,-6.9306,-5.5326,-3.4489,-1.5118,0.041691,0.88645,1.5516,1.6258,1.2536,0.060014,-2.2435,-5.2088,-13.572,-14.38,-4.9508,-1.5354,1.3977,3.3204,4.3327,5.2771,5.9133,6.3347,6.5525,6.7482,6.8694,6.9175,6.9139,6.7958,6.6307,6.2855,5.7891,5.1285,4.5221,3.5726,2.4594,1.5355,0.18116,-1.2399,-2.2911,-3.5623,-4.3167,-4.2943,-3.7405,-2.532,-1.0989,0.006024,1.4734,2.871,4.1874,5.1259,6.2849,7.3019,7.9736,8.7288,9.3131,9.6439,9.9282,10.042,9.9931,9.8466,9.5087,8.9909,8.4854,7.6397,6.6218,5.7488,4.5702,3.535,2.8389,2.5791,2.4457,2.3289,2.1205,1.4887,0.37988,-1.3396,-2.9963,-5.0525,-4.8341,-3.04,-0.35639,1.8121,3.0748,4.3492,5.2349,5.803,6.0557,6.1962,6.135,5.9634,5.5635,4.9672,4.3741,3.387,2.1394,0.59805,-0.80483,-3.11,-6.1653,-9.2975,-13.763,-10.921,-6.0993,-3.4899,-1.0328,0.62485,1.4749,2.2081,2.5371,2.5789,2.4397,2.173,1.879,1.6864,1.5635,1.5651,1.6313,1.7131,1.7059,1.5416,1.0568,0.11145,-1.5187,-3.4099,-7.3293,-12.576,-11.122,-6.0516,-2.9294,-1.2784,-0.71013,-0.74486,-1.5261,-2.5305,-3.9494,-4.3728,-3.6024,-1.9137,-0.35393,0.79773,1.3969,1.88,2.0831,2.0758,1.9093,1.5632,1.1949,0.59186,-0.13807,-0.95718,-1.6147,-2.5026,-3.3857,-4.0277,-4.8946,-5.7908,-6.869
