-5.5298,-5.4405,-5.3667,-5.326,-5.3462,-5.4471,-5.5756,-5.7074,-5.9203,-6.1267,-6.2966,-6.3731,-6.3604,-6.1956,-5.9391,-5.3994,-4.6836,-4.0479,-3.1128,-2.111,-1.0703,-0.31212,0.66727,1.6014,2.2803,3.1507,3.9497,4.5139,5.2125,5.8377,6.3989,6.7772,7.2319,7.6215,7.872,8.1422,8.3502,8.4999,8.5663,8.6159,8.5991,8.5425,8.4107,8.2143,8.024,7.7089,7.3357,6.8936,6.5198,5.9515,5.2964,4.7618,3.9667,3.1061,2.4219,1.4789,0.52117,-0.40447,-1.0526,-1.8046,-2.3831,-2.6819,-2.8937,-2.9775,-2.9945,-2.9607,-2.8627,-2.7701,-2.6793,-2.5209,-2.3156,-2.0994,-1.7335,-1.2969,-0.77508,-0.36509,0.18485,0.72881,1.1424,1.6677,2.1246,2.4167,2.7461,2.9858,3.1226,3.1631,3.1264,2.9968,2.8305,2.522,2.1222,1.6548,1.2498,0.63882,-0.05113,-0.60202,-1.3352,-2.0363,-2.4818,-2.97,-3.3074,-3.4942,-3.5061,-3.3588,-3.04,-2.6994,-2.1872,-1.6584,-1.2629,-0.81152,-0.45085,-0.18739,-0.092877,-0.12827,-0.35627,-0.68748,-1.4129,-2.5125,-4.162,-5.9222,-9.0711,-12.134,-11.084,-6.7743,-3.098,-0.94233,1.3578,3.1776,4.6659,5.611,6.6876,7.5931,8.1754,8.828,9.3602,9.6807,10.025,10.291,10.487,10.593,10.682,10.723,10.729,10.71,10.67,10.605,10.553,10.477,10.395,10.34,10.263,10.194,10.148,10.098,10.068,10.059,10.065,10.076,10.099,10.121,10.165,10.215,10.251,10.298,10.338,10.369,10.382,10.39,10.385,10.371,10.338,10.285,10.213,10.147,10.054,9.9459,9.8509,9.7053,9.5349,9.3827,9.1552,8.8961,8.5937,8.3318,7.9339,7.4743,7.0873,6.5041,5.8427,5.2914,4.4575,3.5135,2.4235,1.5,0.10072,-1.5635,-3.0061,-5.1799,-7.6948,-10.243
0.71339,0.91334,0.98832,0.84094,0.59022,0.06061,-0.71795,-1.4871,-2.7728,-4.4245,-6.5181,-8.401,-11.18,-13.454,-13.687,-12.43,-10.893,-10.012,-9.206,-8.6051,-7.8325,-6.8955,-5.1475,-3.0464,-1.4202,0.63122,2.4744,3.7139,5.1802,6.4345,7.4975,8.1822,8.9555,9.5823,9.9594,10.357,10.644,10.826,10.9,10.925,10.874,10.79,10.626,10.407,10.213,9.9108,9.5589,9.1535,8.803,8.2721,7.6513,7.1137,6.2886,5.3186,4.4934,3.2642,1.9337,0.62628,-0.19575,-0.8054,-0.67797,-0.17701,0.74193,1.7206,2.6173,3.2142,3.8977,4.4767,4.8609,5.3202,5.7324,6.0222,6.4015,6.7819,7.1745,7.4762,7.8966,8.3234,8.6418,9.0578,9.4491,9.721,10.042,10.306,10.502,10.602,10.658,10.622,10.533,10.33,10.025,9.6158,9.2395,8.636,7.9174,7.3048,6.3804,5.3448,4.5071,3.3256,2.1592,1.1838,0.7437,0.72432,1.34,2.081,3.2048,4.3248,5.1068,6.0412,6.8427,7.5205,7.9519,8.4314,8.8196,9.0594,9.3233,9.54,9.7325,9.8713,10.072,10.315,10.533,10.88,11.29,11.63,12.107,12.59,13.049,13.365,13.732,14.018,14.173,14.287,14.291,14.218,14.011,13.677,13.217,12.79,12.126,11.37,10.771,9.9811,9.2889,8.8104,8.6347,8.6584,8.9144,9.1973,9.6162,10.018,10.283,10.571,10.778,10.911,10.97,11.006,11.007,10.996,10.98,10.971,10.973,10.987,11.005,11.007,10.986,10.916,10.783,10.632,10.364,10.029,9.6433,9.3453,8.9808,8.7175,8.6323,8.7001,8.9814,9.3009,9.8127,10.354,10.87,11.21,11.589,11.866,12,12.081,12.056,11.965,11.758,11.455,11.068,10.729,10.234,9.7178,9.3325,8.8507,8.4379,8.1228
2.4398,2.4921,2.4995,2.4155,2.2907,2.0409,1.7058,1.3979,0.93414,0.43211,-0.09187,-0.49496,-1.0142,-1.492,-1.8329,-2.2695,-2.7088,-3.0413,-3.4932,-3.9384,-4.2924,-4.4152,-4.2672,-3.7085,-3.0595,-2.0102,-0.90668,-0.088395,0.90133,1.7585,2.4684,2.9062,3.3565,3.653,3.7719,3.7907,3.6506,3.3416,2.9964,2.3711,1.5678,0.84164,-0.24731,-1.3755,-2.1177,-2.7034,-2.6309,-1.9793,-1.2967,-0.35062,0.51361,1.0631,1.6506,2.0855,2.3308,2.5614,2.7079,2.7907,2.8271,2.8466,2.8374,2.8143,2.745,2.623,2.4241,2.2102,1.8247,1.3134,0.8305,0.045577,-0.88931,-1.6773,-2.7637,-3.6568,-3.9563,-3.6069,-2.4952,-1.0205,0.11909,1.559,2.8447,3.6992,4.6923,5.5391,6.2449,6.6835,7.1632,7.5299,7.733,7.9168,8.0159,8.0307,7.9892,7.8753,7.7018,7.536,7.2871,7.0154,6.801,6.5143,6.2386,5.9874,5.823,5.6289,5.4688,5.3631,5.2345,5.1081,5.0032,4.8554,4.6803,4.4794,4.3151,4.0956,3.9051,3.8011,3.771,3.8958,4.2009,4.545,5.1274,5.8064,6.348,7.0831,7.7921,8.3003,8.9262,9.4785,9.948,10.238,10.537,10.727,10.789,10.761,10.595,10.372,9.9347,9.3185,8.5065,7.7531,6.5258,5.013,3.6794,1.6842,-0.25973,-1.3467,-1.1517,0.076196,1.541,2.4966,3.4764,4.1122,4.3745,4.4333,4.1616,3.534,2.7947,1.3753,-0.69927,-2.867,-6.8888,-10.59,-8.5535,-4.1591,-1.0525,1.0398,2.1485,3.1564,3.7267,3.9074,3.8258,3.3772,2.5437,1.643,0.031661,-2.0057,-3.5173,-4.227,-2.5966,-0.72526,1.6296,3.5775,5.1392,6.1038,7.1628,8.0041,8.5126,9.0454,9.4403,9.6598,9.8542,9.9442,9.9438,9.8903,9.7536,9.5475,9.3584,9.054,8.6956,8.2904
1.3504,1.493,1.6113,1.6654,1.654,1.5914,1.481,1.3703,1.1937,1.0042,0.79279,0.62245,0.38701,0.1518,-0.022925,-0.26421,-0.49726,-0.66979,-0.88952,-1.1079,-1.314,-1.4515,-1.6108,-1.733,-1.8002,-1.8781,-1.9303,-1.9582,-1.9826,-2.0169,-2.0384,-2.058,-2.0881,-2.1303,-2.1806,-2.2864,-2.4692,-2.759,-3.0678,-3.6309,-4.3953,-5.1188,-6.3171,-7.6753,-8.6461,-9.4038,-8.9912,-7.6008,-6.3254,-4.6845,-3.2547,-2.3419,-1.3193,-0.49498,0.0072735,0.54607,0.94923,1.2322,1.3735,1.4753,1.4816,1.4191,1.2524,0.97935,0.59798,0.23676,-0.35417,-1.0916,-1.752,-2.7824,-3.9738,-4.9626,-6.3568,-7.5811,-8.2377,-8.1167,-7.1883,-5.7949,-4.678,-3.2506,-1.9489,-1.0782,-0.040434,0.8616,1.6372,2.1415,2.7139,3.1891,3.4719,3.7627,3.9606,4.0674,4.0944,4.0639,3.9677,3.8597,3.6778,3.4632,3.2885,3.0376,2.7862,2.5363,2.3537,2.1135,1.8648,1.6661,1.3774,1.0421,0.7439,0.2606,-0.36645,-1.1997,-2.0015,-3.3958,-5.3502,-7.4163,-11.739,-22.113,-18.417,-11.276,-6.2877,-3.0804,-1.2592,0.68371,2.228,3.1873,4.2567,5.1227,5.8136,6.2278,6.6513,6.9372,7.0679,7.1376,7.0913,6.9883,6.7644,6.4539,6.0735,5.7534,5.2952,4.8297,4.497,4.1062,3.8091,3.6105,3.5329,3.5152,3.5669,3.6289,3.706,3.7511,3.7444,3.6608,3.4736,3.178,2.8825,2.4206,1.9234,1.576,1.2271,1.0961,1.1772,1.5006,1.9775,2.4952,2.8573,3.2527,3.5281,3.6512,3.6978,3.6166,3.437,3.2565,2.9846,2.7192,2.5576,2.4174,2.3883,2.4441,2.6275,2.9069,3.2635,3.5719,4.0195,4.4953,4.8531,5.3057,5.7226,5.9999,6.3099,6.537,6.6754,6.7168,6.6844,6.5505,6.3797,6.0604,5.6239,5.0738
2.0107,2.0243,1.9706,1.8514,1.7277,1.5367,1.3447,1.2018,1.024,0.87513,0.75167,0.67117,0.5758,0.49538,0.43402,0.33795,0.21561,0.10909,-0.069271,-0.29352,-0.5722,-0.81462,-1.2075,-1.6777,-2.0931,-2.7447,-3.5256,-4.1906,-5.1998,-6.3403,-7.5207,-8.3146,-9.0058,-8.9906,-8.5273,-7.5801,-6.5697,-5.6595,-5.0843,-4.4747,-4.0107,-3.7496,-3.4844,-3.2536,-3.0818,-2.8112,-2.4773,-2.0655,-1.7134,-1.1983,-0.6574,-0.25532,0.26074,0.7386,1.052,1.4197,1.7177,1.942,2.0577,2.1506,2.1606,2.1104,1.9675,1.7364,1.4203,1.1327,0.67728,0.14091,-0.30382,-0.95329,-1.6267,-2.1408,-2.8034,-3.4038,-3.8855,-4.1495,-4.3363,-4.3091,-4.1455,-3.7307,-3.1332,-2.5969,-1.8216,-1.0347,-0.28115,0.23905,0.85056,1.3579,1.6579,1.9489,2.1178,2.1565,2.1002,1.9156,1.6063,1.3029,0.80034,0.21224,-0.26688,-0.91901,-1.5176,-1.9862,-2.2107,-2.3049,-2.2048,-2.0366,-1.7477,-1.4527,-1.2635,-1.0841,-1.0097,-1.0442,-1.1348,-1.322,-1.5566,-1.729,-1.8752,-1.8306,-1.5164,-1.0987,-0.34427,0.5547,1.2735,2.2139,3.0961,3.6979,4.4095,5.0163,5.5052,5.7912,6.0635,6.212,6.2479,6.1977,6.0356,5.8449,5.5128,5.0988,4.6269,4.2497,3.7384,3.2552,2.9359,2.6071,2.4248,2.4001,2.486,2.7257,3.0686,3.3614,3.7754,4.1823,4.4666,4.8068,5.093,5.3197,5.4546,5.5963,5.7115,5.7843,5.8708,5.955,6.0215,6.1206,6.2194,6.3068,6.3529,6.3775,6.3482,6.2872,6.1387,5.9051,5.5853,5.28,4.7871,4.183,3.6534,2.8386,1.8824,1.0813,-0.066456,-1.1876,-1.9771,-2.1202,-1.5469,-0.34481,0.7026,2.0706,3.2809,4.0575,4.9074,5.5538,6.0029,6.2195,6.354,6.3202,6.1905,5.8789,5.4195,4.8228
3.79,3.4061,2.7565,1.9635,1.2896,0.33725,-0.57906,-1.1541,-1.6298,-1.6923,-1.4063,-1.062,-0.54209,-0.058295,0.24226,0.5469,0.72954,0.79501,0.77969,0.67571,0.47563,0.26477,-0.10386,-0.56431,-1.0013,-1.7067,-2.587,-3.3909,-4.7332,-6.4643,-8.6838,-10.637,-12.871,-12.476,-10.61,-7.9492,-5.8022,-4.1687,-3.2163,-2.2566,-1.5626,-1.1848,-0.83355,-0.59817,-0.47034,-0.33039,-0.19806,-0.021609,0.14776,0.42918,0.77778,1.0697,1.4888,1.9182,2.2271,2.608,2.9272,3.1856,3.3225,3.4424,3.4795,3.4536,3.353,3.1846,2.9435,2.716,2.3491,1.905,1.512,0.90013,0.16231,-0.50223,-1.5373,-2.8047,-4.3811,-5.8409,-8.1956,-10.869,-12.231,-11.245,-8.4309,-6.394,-4.145,-2.3814,-0.98961,-0.1532,0.7386,1.4195,1.7933,2.1321,2.3027,2.3087,2.1991,1.8892,1.3624,0.80405,-0.19823,-1.5702,-2.9118,-5.3081,-8.7908,-14.411,-19.634,-14.312,-9.0862,-6.5789,-4.2056,-2.517,-1.5593,-0.57898,0.14821,0.69412,1.0058,1.3417,1.6,1.7652,1.9721,2.1947,2.4675,2.7219,3.1291,3.6103,4.0142,4.5866,5.17,5.5932,6.1021,6.5373,6.8684,7.0362,7.152,7.1249,7.0113,6.7297,6.3012,5.8811,5.1922,4.3519,3.3504,2.4817,1.1427,-0.42512,-1.7615,-3.6437,-5.0679,-4.9538,-3.7762,-1.6492,0.41598,1.7729,3.3145,4.5825,5.372,6.243,6.9346,7.4781,7.8011,8.1377,8.3872,8.5318,8.683,8.7947,8.8596,8.9373,9.0064,9.072,9.1102,9.1431,9.1455,9.1206,9.0285,8.8609,8.6054,8.3434,7.886,7.2789,6.7098,5.7686,4.5757,3.4923,1.736,-0.36701,-2.4076,-3.0772,-1.9617,0.30681,1.9913,3.9141,5.4487,6.3773,7.3591,8.077,8.5548,8.7696,8.8742,8.7724,8.5623,8.0948,7.4121,6.4983
5.6971,5.0533,3.9062,2.3399,0.79423,-1.9709,-6.1417,-11.268,-20.902,-10.522,-5.7244,-3.627,-1.7909,-0.63769,-0.09209,0.34197,0.50659,0.51688,0.40635,0.20072,-0.066093,-0.26919,-0.5462,-0.78103,-0.92473,-1.0676,-1.1832,-1.2371,-1.2846,-1.2991,-1.2583,-1.1672,-0.93785,-0.57279,-0.22813,0.29243,0.80283,1.2388,1.4863,1.6617,1.6462,1.4894,1.0789,0.43877,-0.18091,-1.1475,-2.1694,-3.007,-3.3265,-3.143,-2.3435,-1.5396,-0.42402,0.60375,1.2676,2.0067,2.5662,2.9426,3.112,3.1997,3.1479,3.0383,2.8335,2.596,2.3738,2.2331,2.1058,2.0356,1.9759,1.8637,1.6508,1.3897,0.88974,0.16464,-0.7813,-1.6214,-2.8311,-3.919,-4.3585,-4.1705,-3.2373,-2.3418,-1.1734,-0.21626,0.515,0.9213,1.3131,1.5932,1.7555,1.9419,2.1274,2.2971,2.3853,2.4241,2.3238,2.1116,1.6574,0.98504,0.34181,-0.65539,-1.6922,-2.5584,-2.9364,-2.9697,-2.5589,-2.0828,-1.3589,-0.61476,-0.077192,0.58912,1.206,1.738,2.0541,2.3687,2.4972,2.4781,2.3004,1.9714,1.5695,1.3189,1.2377,1.6299,2.2351,3.3293,4.5233,5.377,6.3661,7.1509,7.6865,7.9207,8.0172,7.8624,7.588,7.0028,6.1847,5.4379,4.2823,3.0011,1.6841,0.72075,-0.48699,-1.6696,-2.6073,-3.8732,-4.7314,-4.2678,-2.9022,-0.53034,1.7798,3.2885,4.9688,6.3219,7.135,7.9792,8.5746,8.9602,9.1265,9.1954,9.1226,8.9997,8.7821,8.5554,8.4152,8.3216,8.351,8.5217,8.729,9.0738,9.4418,9.7065,10.009,10.24,10.381,10.42,10.385,10.253,10.097,9.8245,9.4907,9.2257,8.8818,8.6036,8.4477,8.4393,8.5949,8.9201,9.2487,9.7537,10.289,10.675,11.141,11.525,11.804,11.932,11.975,11.857,11.659,11.23,10.588,9.7039
5.852,5.5796,5.0094,4.2249,3.5179,2.4875,1.4503,0.76506,0.052569,-0.34926,-0.53129,-0.62129,-0.80826,-1.1608,-1.5614,-2.2545,-3.1117,-3.848,-4.8873,-5.8706,-6.7371,-7.2645,-7.8307,-8.165,-8.2196,-7.8406,-6.9174,-5.9514,-4.4644,-2.9469,-1.5497,-0.60958,0.47148,1.3898,1.9705,2.5791,2.9976,3.2223,3.2509,3.0649,2.616,2.087,1.0838,-0.32435,-1.7166,-4.167,-7.5583,-12.396,-16.063,-13.713,-9.4885,-7.2272,-5.0184,-3.3948,-2.4297,-1.4153,-0.69121,-0.244,-0.11977,-0.27554,-0.81574,-1.5236,-2.8948,-4.7453,-6.6729,-7.3982,-6.4538,-4.3516,-2.8341,-1.2138,-0.038471,0.59944,1.1773,1.503,1.6349,1.655,1.6136,1.5397,1.473,1.3886,1.3011,1.2016,0.96247,0.54305,-0.10787,-0.81815,-2.1146,-3.7767,-5.1151,-6.2486,-5.5739,-3.7187,-2.2667,-0.64622,0.5473,1.1758,1.7096,1.9429,1.93,1.7053,1.2705,0.65073,0.077831,-0.86668,-2.0376,-3.0684,-4.5702,-5.7622,-5.8952,-4.7787,-2.9489,-1.2245,-0.19905,0.74649,1.2124,1.2438,0.81961,-0.27019,-2.2784,-4.7011,-10.086,-11.808,-6.4494,-1.489,1.6749,3.3712,5.0181,6.1432,6.836,7.1073,7.1667,6.8746,6.4166,5.4598,4.0684,2.6688,0.16624,-3.4531,-9.3909,-17.274,-12.391,-6.3549,-3.7916,-1.4824,0.20597,1.5718,2.4842,3.6363,4.703,5.4259,6.2596,6.9188,7.2892,7.603,7.7033,7.5739,7.3164,6.7383,5.8581,4.9698,3.4573,1.5369,-0.11737,-2.0826,-2.3572,-0.6672,0.96553,2.9326,4.514,5.4593,6.4578,7.214,7.7696,8.0725,8.363,8.551,8.6313,8.6811,8.6783,8.6517,8.6067,8.5612,8.5279,8.5138,8.535,8.6123,8.7174,8.9259,9.2139,9.4805,9.8857,10.312,10.728,11.012,11.317,11.513,11.579,11.546,11.377,11.07
5.3278,5.3967,5.288,4.9938,4.6629,4.1083,3.4485,2.8999,2.1062,1.2633,0.32489,-0.45411,-1.6275,-3.011,-4.2364,-6.1984,-8.7526,-11.24,-15.733,-22.307,-23.323,-19.788,-17.468,-17.443,-19.137,-24.779,-21.832,-15.266,-9.7659,-5.9861,-3.1995,-1.5416,0.23487,1.5986,2.3998,3.2172,3.7624,4.0494,4.0959,3.9508,3.5507,3.0912,2.2579,1.183,0.21992,-1.2223,-2.7996,-4.3967,-5.5542,-7.0211,-8.3577,-9.2025,-9.6885,-8.9583,-7.7429,-5.8848,-4.2736,-3.0772,-2.4815,-2.1101,-2.2353,-2.6707,-3.7115,-5.1441,-6.5706,-7.0424,-6.3006,-4.614,-3.3077,-1.8359,-0.70895,-0.067909,0.57766,1.0167,1.3282,1.4986,1.6642,1.7885,1.8418,1.8557,1.7753,1.6273,1.296,0.75359,-0.05584,-0.84966,-2.247,-3.977,-5.3369,-6.4855,-5.884,-4.0564,-2.5955,-0.8741,0.46715,1.2493,2.014,2.4831,2.6612,2.6862,2.4733,2.025,1.5043,0.54222,-0.76533,-2.0019,-3.9451,-5.6689,-6.0208,-4.7091,-2.5368,-0.56283,0.63985,1.8579,2.6777,3.0667,3.3296,3.3598,3.2579,3.1651,3.1375,3.3296,3.6431,4.2448,4.9502,5.4692,6.0677,6.5054,6.7572,6.8235,6.7354,6.4383,6.0862,5.4321,4.5729,3.8079,2.6915,1.5702,0.64828,0.24824,0.22787,0.69658,1.2462,2.0666,2.8681,3.6022,4.0994,4.6944,5.1967,5.4982,5.8098,5.9935,6.0382,5.9662,5.7257,5.2945,4.836,4.0325,2.9732,1.9693,0.32112,-1.7028,-3.368,-5.2407,-5.5494,-4.1763,-2.7703,-1.0554,0.32285,1.1334,1.9774,2.5852,2.9976,3.2108,3.4057,3.5343,3.6141,3.7231,3.8399,3.9146,3.9771,3.9643,3.8435,3.6597,3.285,2.7902,2.3804,1.965,1.9497,2.3259,3.3087,4.5911,5.9014,6.799,7.8333,8.6568,9.1359,9.5879,9.8558,9.9544
5.1562,5.223,5.1339,4.8596,4.5304,3.9498,3.2152,2.573,1.5881,0.46138,-0.7917,-1.7842,-3.1665,-4.5792,-5.6696,-7.1707,-8.6955,-9.7939,-11.077,-11.907,-11.992,-11.594,-10.706,-9.6996,-8.9755,-7.8449,-6.5179,-5.37,-3.6942,-1.965,-0.33542,0.77054,2.0681,3.1496,3.8032,4.4761,4.9342,5.1862,5.2363,5.1348,4.8418,4.4993,3.8867,3.1101,2.4254,1.3624,0.11926,-1.3043,-2.5415,-4.4649,-6.7982,-8.7767,-10.865,-10.202,-8.2804,-5.6445,-3.5169,-1.9551,-1.0859,-0.272,0.2215,0.41306,0.48136,0.4331,0.32916,0.25285,0.17554,0.13238,0.082696,-0.043235,-0.26403,-0.49979,-0.88371,-1.2593,-1.4969,-1.5126,-1.2903,-0.80818,-0.36651,0.23314,0.74689,1.0319,1.2703,1.3366,1.2465,1.1056,0.83581,0.55854,0.38748,0.28482,0.35427,0.60388,0.8858,1.3652,1.895,2.2885,2.7755,3.1821,3.4315,3.6732,3.8013,3.8055,3.733,3.5664,3.3485,3.1868,3.0159,2.9599,3.0143,3.2648,3.6884,4.1883,4.5655,5.0432,5.4656,5.7296,5.9974,6.1786,6.2893,6.338,6.3767,6.3949,6.3999,6.3959,6.382,6.353,6.2909,6.1914,6.0624,5.9469,5.7649,5.5548,5.3764,5.1129,4.8153,4.5776,4.2558,3.9561,3.6976,3.5402,3.4105,3.358,3.3657,3.42,3.5104,3.6236,3.7233,3.8401,3.9203,3.9376,3.9151,3.8159,3.6835,3.4203,3.0627,2.594,2.1789,1.5584,0.87416,0.3142,-0.46229,-1.2197,-1.7303,-2.2759,-2.6528,-2.8173,-2.8144,-2.7104,-2.5572,-2.4607,-2.408,-2.5067,-2.8215,-3.1961,-3.8478,-4.5353,-4.9132,-4.9144,-4.2266,-3.4744,-2.4486,-1.6729,-1.2696,-1.2708,-1.7753,-3.0222,-4.6465,-8.4419,-16.491,-14.848,-6.3548,-1.7137,1.3155,2.9805,4.6536,5.8846,6.5692,7.2163,7.6102,7.7866
4.8425,4.8019,4.5916,4.2108,3.8007,3.0788,2.1478,1.3045,-0.04217,-1.6336,-3.4918,-5.0458,-7.294,-9.4187,-10.623,-11.172,-10.646,-9.9403,-8.9028,-7.8418,-6.7879,-6.0231,-5.0295,-3.9884,-3.1976,-2.1301,-1.0548,-0.26138,0.79417,1.8224,2.7854,3.4477,4.2304,4.8883,5.2916,5.7042,5.9657,6.0672,6.0491,5.9041,5.6197,5.3272,4.8362,4.2651,3.7861,3.1049,2.4009,1.6991,1.1948,0.59419,0.11242,-0.11701,-0.21509,-0.03422,0.26011,0.79933,1.4257,2.045,2.4594,2.9101,3.2312,3.3905,3.4994,3.4615,3.2937,3.0885,2.6993,2.1548,1.6178,0.70387,-0.54043,-1.7733,-3.9989,-7.2941,-12.635,-17.248,-12.128,-6.9724,-4.4868,-2.1702,-0.60508,0.23315,1.0079,1.4569,1.624,1.6146,1.4483,1.1423,0.84845,0.42077,0.044934,-0.21609,-0.26627,-0.065005,0.37822,0.83585,1.5356,2.244,2.7409,3.3179,3.7742,4.1163,4.3009,4.4801,4.6003,4.6726,4.767,4.8899,5.0087,5.2133,5.4711,5.7566,5.9823,6.2771,6.5435,6.7126,6.8762,6.9644,6.9649,6.8989,6.7237,6.4549,6.1896,5.7404,5.1863,4.7097,4.0276,3.34,2.719,2.3545,2.0518,1.9896,2.0833,2.3076,2.5493,2.7036,2.8321,2.8492,2.7635,2.626,2.3565,2.0043,1.7038,1.3038,0.93358,0.66545,0.53892,0.45693,0.42708,0.40405,0.31534,0.10403,-0.14054,-0.59765,-1.1551,-1.757,-2.2057,-2.7577,-3.2033,-3.4783,-3.8262,-4.2629,-4.6914,-5.3767,-6.1775,-6.9901,-7.5037,-7.9427,-7.9416,-7.7101,-7.3126,-7.142,-7.4138,-8.0086,-9.5961,-12.593,-16.41,-20.204,-13.575,-9.8479,-6.5434,-4.3931,-2.9931,-2.3033,-1.7462,-1.5,-1.4384,-1.3763,-1.1426,-0.73385,0.12242,1.1911,2.2997,3.0694,3.9439,4.6075,4.9676,5.2624,5.3566,5.2602
3.7512,3.6774,3.4649,3.0972,2.7099,2.023,1.112,0.26542,-1.1027,-2.8151,-4.9633,-6.9619,-10.299,-14.522,-17.474,-16.687,-13.027,-10.748,-8.4236,-6.5803,-5.0219,-3.9563,-2.6693,-1.4938,-0.6662,0.36319,1.3184,1.9955,2.834,3.6006,4.2726,4.7195,5.2209,5.6115,5.8257,6.0025,6.0499,5.9687,5.822,5.5102,5.0757,4.6775,4.0644,3.3811,2.8575,2.2016,1.6497,1.278,1.1409,1.148,1.3552,1.6082,2.0366,2.5303,2.9134,3.4337,3.9204,4.3598,4.6347,4.9273,5.1121,5.1767,5.1668,5.0389,4.7964,4.5441,4.0916,3.5143,2.9904,2.1695,1.1942,0.3534,-0.88359,-2.147,-3.1179,-3.4137,-3.0784,-2.1129,-1.2385,-0.12699,0.79049,1.3202,1.7929,2.0049,1.9534,1.7325,1.1807,0.30856,-0.58782,-2.1954,-4.3945,-7.2606,-9.4158,-9.682,-6.7154,-4.4331,-1.9889,-0.16598,0.87436,1.9042,2.6103,3.0508,3.2438,3.3569,3.33,3.2653,3.1745,3.1434,3.2012,3.4078,3.7348,4.1719,4.5407,5.0314,5.4576,5.7155,5.9618,6.0765,6.0419,5.9153,5.595,5.0857,4.5758,3.6912,2.5441,1.4657,-0.32453,-2.6372,-5.5776,-8.0026,-9.4075,-7.264,-5.1932,-2.9374,-1.3065,-0.42491,0.34617,0.72119,0.74071,0.51349,-0.11046,-1.1252,-2.1667,-3.9433,-5.9783,-7.6125,-7.826,-6.8197,-5.4166,-4.5766,-3.9384,-3.8998,-4.2592,-5.3221,-7.0682,-9.4465,-11.326,-12.417,-11.081,-9.693,-8.3254,-7.6787,-7.7035,-8.3851,-9.97,-12.924,-16.847,-32.318,-20.085,-14.555,-10.694,-8.5041,-7.2289,-6.6836,-6.3488,-6.1506,-6.0077,-5.647,-4.9978,-4.3664,-3.4586,-2.5522,-1.7326,-1.1919,-0.57666,-0.048339,0.31269,0.76475,1.2131,1.546,1.9995,2.433,2.8097,3.0395,3.2606,3.3434,3.2897,3.0743,2.6701,2.0917
1.6811,1.7042,1.7167,1.6417,1.5126,1.2004,0.70038,0.18979,-0.67605,-1.7365,-2.9822,-3.9689,-5.2819,-6.4333,-7.0881,-7.518,-7.4065,-7.0384,-6.2018,-5.0997,-3.8958,-2.9647,-1.7392,-0.57325,0.23691,1.2293,2.1117,2.7079,3.4206,4.0232,4.5255,4.8407,5.1759,5.3969,5.4919,5.51,5.4039,5.1614,4.8825,4.3597,3.6599,3.0005,1.9199,0.58074,-0.60161,-2.366,-4.0661,-4.9685,-4.6482,-3.2354,-1.4844,-0.24003,1.2141,2.4319,3.2051,4.0662,4.7492,5.2695,5.5631,5.8311,5.9579,5.9581,5.8406,5.6056,5.2687,4.9544,4.4824,3.9754,3.5896,3.086,2.6315,2.341,2.0315,1.8254,1.7412,1.7763,1.9361,2.2033,2.4363,2.7579,3.0326,3.1844,3.2776,3.2275,3.0212,2.7366,2.1733,1.3525,0.55692,-0.78593,-2.4267,-4.1747,-5.181,-5.2578,-3.9364,-2.5908,-0.91574,0.43845,1.2026,1.9081,2.281,2.337,2.1642,1.6307,0.76009,-0.11512,-1.5142,-2.917,-3.5335,-3.2104,-1.8057,-0.10443,1.07,2.3701,3.3609,3.918,4.4256,4.6818,4.7193,4.6135,4.2907,3.7592,3.2209,2.3227,1.1981,0.18582,-1.4359,-3.3551,-5.4462,-6.8013,-7.472,-6.371,-5.0023,-3.2021,-1.7305,-0.87908,-0.059515,0.40741,0.50318,0.33223,-0.24828,-1.2806,-2.4149,-4.4724,-7.1632,-9.5819,-9.6288,-7.5747,-5.3746,-4.1945,-3.2813,-3.037,-3.2744,-4.1309,-5.6116,-7.5514,-8.9623,-9.7015,-8.5435,-7.2644,-5.8969,-5.0473,-4.7266,-4.6901,-5.0128,-5.5499,-5.9135,-6.1337,-5.867,-5.3746,-4.5745,-3.7811,-3.083,-2.6829,-2.2765,-2.0122,-1.8819,-1.7636,-1.6749,-1.6143,-1.5326,-1.4456,-1.2993,-1.1442,-0.85035,-0.45861,-0.12395,0.36534,0.8686,1.2171,1.6182,1.928,2.114,2.1594,2.0749,1.8101,1.4847,0.84642,-0.057352,-1.2562
-2.2591,-1.5964,-0.59361,0.27125,0.75984,1.1713,1.308,1.2199,0.86104,0.24223,-0.61428,-1.4194,-2.7623,-4.3665,-5.7553,-7.7661,-9.5501,-9.9818,-8.7254,-6.4694,-4.2575,-2.8084,-1.1964,0.12125,0.93447,1.8371,2.5833,3.0514,3.5802,4.0196,4.3876,4.609,4.8219,4.9483,4.9799,4.9262,4.7631,4.4829,4.1937,3.6962,3.0338,2.3978,1.3279,-0.11347,-1.5339,-4.0687,-7.4999,-10.324,-8.9518,-5.0855,-1.9223,-0.10019,1.8055,3.2693,4.152,5.0986,5.8302,6.3606,6.6325,6.8365,6.8598,6.7562,6.4456,5.949,5.2669,4.649,3.7393,2.8346,2.2436,1.72,1.5857,1.726,2.1183,2.6261,3.135,3.4824,3.8975,4.2371,4.4409,4.6451,4.778,4.8293,4.8431,4.783,4.6579,4.5171,4.2747,3.9747,3.7163,3.3514,3.0058,2.7452,2.6427,2.6674,2.8601,3.0937,3.4587,3.7958,3.9777,4.0995,4.0321,3.7079,3.2706,2.3672,1.0327,-0.35304,-2.9128,-6.5272,-9.2437,-8.2759,-4.3763,-1.2906,0.39564,2.0054,3.1062,3.6656,4.1309,4.3162,4.2614,4.0807,3.6921,3.1545,2.6643,1.9196,1.0991,0.46141,-0.36894,-1.0813,-1.6088,-1.8139,-1.7816,-1.4096,-0.96438,-0.20449,0.61651,1.1979,1.8687,2.4001,2.7424,2.8865,2.9114,2.7767,2.5913,2.2921,2.0263,1.8914,1.9056,2.0929,2.414,2.6439,2.8655,2.9557,2.9122,2.7296,2.4174,2.0951,1.9053,1.7257,1.6641,1.6882,1.7667,1.8263,1.8359,1.784,1.6794,1.5675,1.5003,1.4378,1.4529,1.4992,1.6005,1.7212,1.8079,1.8271,1.789,1.5989,1.3647,0.90797,0.25404,-0.367,-1.3467,-2.4861,-3.5891,-4.1731,-4.2671,-3.5335,-2.6733,-1.4647,-0.37731,0.28622,0.95867,1.3882,1.6052,1.6232,1.4432,1.0725,0.65912,-0.084042,-1.0421,-2.268
-9.5682,-5.6883,-2.5385,-0.52133,0.54284,1.5253,2.1365,2.3825,2.4618,2.2545,1.7388,1.1372,0.02547,-1.5215,-3.0456,-5.6446,-8.4605,-9.3927,-7.6216,-4.8219,-2.5718,-1.2782,-0.039546,0.76538,1.151,1.4389,1.5695,1.625,1.7275,1.9236,2.2231,2.4539,2.721,2.8691,2.8752,2.7351,2.4695,2.1485,1.9156,1.6854,1.5428,1.4753,1.3832,1.2362,1.0761,0.84412,0.68961,0.73476,0.96504,1.5057,2.2285,2.8151,3.5984,4.339,4.8707,5.5089,6.0734,6.5426,6.8125,7.0166,7.0177,6.8715,6.43,5.6555,4.4785,3.2693,1.0746,-2.1089,-5.4484,-10.105,-7.3036,-3.9521,-0.83031,1.2359,2.6237,3.3466,3.9917,4.3568,4.4879,4.5198,4.444,4.343,4.2137,4.1317,4.1088,4.1429,4.2372,4.3583,4.4497,4.5733,4.6744,4.7629,4.8403,4.9461,5.0871,5.2036,5.3584,5.4912,5.5642,5.5969,5.5169,5.3016,5.0513,4.5968,4.012,3.5143,2.8602,2.323,2.0879,2.0976,2.4158,2.9143,3.29,3.7056,3.9721,4.0412,3.9328,3.6151,3.1036,2.6064,1.8551,1.056,0.4328,-0.41754,-1.3017,-1.9634,-2.8626,-3.7026,-4.2579,-4.3204,-3.7746,-2.6955,-1.7101,-0.35668,0.90558,1.7498,2.737,3.5545,4.2234,4.6412,5.1157,5.5087,5.7746,6.0957,6.4057,6.7114,6.945,7.2555,7.5409,7.7186,7.9191,8.0524,8.0956,8.0894,8.0121,7.8627,7.7275,7.5278,7.2912,7.0921,6.8155,6.5176,6.2788,5.9458,5.6191,5.32,5.1103,4.8951,4.7426,4.6726,4.6284,4.6077,4.5536,4.4657,4.263,3.9119,3.5312,2.806,1.7561,0.68847,-1.2266,-4.0043,-8.4007,-13.986,-16.999,-9.0517,-5.7778,-3.0114,-1.3274,-0.48834,0.20516,0.52634,0.55945,0.44946,0.13798,-0.34725,-0.79268,-1.5018,-2.2943,-3.1611
-2.6557,-2.3869,-1.7893,-1.0596,-0.48698,0.26448,0.9391,1.3831,1.8512,2.1467,2.2575,2.2146,2.0138,1.6474,1.3133,0.87721,0.53476,0.38433,0.37598,0.5103,0.65133,0.6607,0.47743,-0.044011,-0.7056,-2.03,-3.9156,-5.5786,-7.3285,-7.0086,-5.2142,-3.8811,-2.6137,-2.0213,-2.0057,-2.5416,-3.7286,-5.4999,-6.8703,-7.504,-6.0082,-4.3541,-2.4046,-0.93077,-0.11156,0.65802,1.1372,1.4029,1.4859,1.4646,1.326,1.1701,0.96112,0.88548,0.99169,1.4417,2.1659,3.0048,3.6048,4.2633,4.6811,4.8032,4.7052,4.2745,3.5044,2.6788,1.2647,-0.41157,-1.6239,-2.6213,-2.3934,-1.6073,-0.36816,0.67719,1.3965,1.7228,1.8645,1.6851,1.3527,0.65032,-0.3137,-1.1368,-2.1838,-2.7847,-2.6132,-2.044,-1.0451,-0.085222,0.51126,1.0975,1.4796,1.6965,1.7807,1.858,1.9708,2.0953,2.3327,2.64,2.8831,3.1652,3.3561,3.4485,3.4398,3.328,3.127,2.9597,2.7431,2.5772,2.4996,2.4671,2.5163,2.5598,2.5481,2.4614,2.1934,1.8299,1.0929,0.020385,-1.3991,-2.6727,-4.5683,-6.3041,-7.1675,-7.6306,-7.8111,-8.1719,-9.3228,-11.815,-17.287,-29.16,-16.441,-9.6106,-6.5848,-3.7746,-1.8223,-0.72623,0.4022,1.2332,1.9081,2.3527,2.9361,3.5674,4.08,4.8131,5.5641,6.2955,6.8183,7.4466,7.9739,8.3143,8.6758,8.9234,9.041,9.098,9.0583,8.9107,8.7269,8.404,7.9908,7.6178,7.0312,6.3509,5.7881,4.9855,4.147,3.3321,2.7984,2.2743,2.0303,2.0393,2.243,2.561,2.8893,3.0937,3.2356,3.2254,3.0854,2.7184,2.1507,1.577,0.64665,-0.39662,-1.3933,-1.9868,-2.3883,-2.3423,-2.1363,-1.8437,-1.6958,-1.7359,-2.0267,-2.5621,-3.3201,-3.956,-4.7551,-5.4953,-6.0096,-6.7003,-7.5889,-8.749
-3.3812,-4.1814,-5.0183,-5.3053,-5.0166,-4.0138,-2.6655,-1.6376,-0.40002,0.62494,1.4329,1.9053,2.3537,2.6432,2.7809,2.87,2.8677,2.8261,2.7125,2.5047,2.1775,1.8092,1.1127,0.10173,-0.9261,-2.7382,-5.1792,-7.3831,-9.9233,-9.5163,-7.2628,-5.7883,-4.4714,-3.8779,-3.889,-4.5005,-5.8537,-7.9822,-9.8547,-10.756,-8.471,-6.2401,-3.7656,-1.9659,-0.99236,-0.11766,0.33196,0.39893,0.18798,-0.45697,-1.6226,-2.9344,-5.5176,-9.4952,-12.76,-10.491,-5.7871,-2.5414,-0.82181,0.83097,1.947,2.4922,2.9049,3.0299,2.9054,2.6829,2.2872,1.8255,1.4894,1.1225,0.85683,0.72111,0.60234,0.47373,0.24528,-0.016941,-0.53915,-1.307,-2.101,-3.5489,-5.6575,-7.9303,-12.886,-25.025,-16.499,-11.06,-7.1744,-4.9381,-3.9082,-3.1847,-3.0562,-3.4521,-4.0326,-5.0106,-5.8478,-5.9219,-5.0847,-3.7,-2.6679,-1.5514,-0.77754,-0.36246,-0.28096,-0.41026,-0.74076,-1.0594,-1.4771,-1.7035,-1.6947,-1.454,-1.0511,-0.64916,-0.40397,-0.2703,-0.44937,-0.81027,-1.6482,-2.9981,-4.9988,-7.1139,-11.313,-18.366,-21.748,-15.227,-11.444,-9.9835,-9.0357,-8.7105,-8.611,-8.3666,-7.46,-6.1244,-5.0915,-3.8993,-3.0235,-2.6288,-2.4631,-2.6633,-3.1352,-3.5044,-3.6351,-2.9291,-1.8739,-0.15913,1.556,3.0802,4.0614,5.1579,6.043,6.5796,7.1258,7.4946,7.6694,7.7646,7.7083,7.5208,7.2818,6.8281,6.2289,5.6824,4.7919,3.7122,2.7504,1.2186,-0.66863,-2.9957,-5.0188,-7.6505,-8.2546,-6.9031,-4.5102,-2.5003,-0.98055,-0.12595,0.68396,1.1898,1.3914,1.4829,1.3997,1.2594,0.97722,0.63211,0.25796,-0.019403,-0.3941,-0.79332,-1.1331,-1.7177,-2.5028,-3.2965,-4.7211,-6.6651,-9.3504,-11.954,-15.698,-16.415,-14.867,-13.044,-12.28,-12.574
-6.4019,-8.7806,-13.779,-28.419,-20.765,-11.598,-7.2542,-5.0556,-2.8692,-1.2373,0.013415,0.76032,1.54,2.1331,2.4683,2.7814,2.9644,3.0308,3.0145,2.8756,2.6191,2.3501,1.8657,1.255,0.71077,-0.07904,-0.88193,-1.4392,-2.0038,-2.3157,-2.4104,-2.3814,-2.3319,-2.3545,-2.4315,-2.6249,-2.8736,-3.0602,-3.1024,-2.9328,-2.4843,-2.0083,-1.2978,-0.61208,-0.18465,0.21517,0.39024,0.29686,0.027107,-0.6064,-1.58,-2.5388,-4.0675,-5.5735,-6.2188,-5.8312,-4.4193,-2.7932,-1.7015,-0.53647,0.31924,0.78911,1.2067,1.4229,1.4622,1.4053,1.2399,0.9746,0.72451,0.34596,-0.087736,-0.44235,-0.98065,-1.5739,-2.2234,-2.739,-3.4471,-4.1637,-4.7133,-5.453,-6.2243,-6.7774,-7.4173,-7.6552,-7.2997,-6.7197,-5.8375,-5.0898,-4.7343,-4.6616,-5.1469,-6.3167,-7.8065,-11.014,-16.458,-19.158,-13.211,-8.7569,-6.6385,-4.8255,-3.8058,-3.4572,-3.6024,-4.32,-5.7145,-7.3319,-10.374,-13.544,-13.265,-9.8576,-6.8746,-4.7886,-3.6921,-2.7722,-2.3258,-2.2473,-2.4566,-2.9988,-3.8052,-4.4982,-5.4257,-6.1513,-6.4041,-6.3081,-5.9022,-5.4931,-4.9398,-4.4395,-3.9975,-3.6686,-3.2665,-2.9238,-2.7126,-2.5966,-2.7273,-3.0371,-3.886,-5.3682,-7.9095,-11.055,-19.302,-16.209,-10.085,-5.384,-2.3641,-0.20471,1.0429,2.3415,3.3461,3.9267,4.5048,4.8954,5.0672,5.1496,5.0539,4.7967,4.5045,3.9589,3.2469,2.6107,1.6191,0.46059,-0.53875,-2.085,-3.9303,-6.1919,-8.2054,-10.788,-11.25,-9.7403,-7.1884,-5.0515,-3.4578,-2.5902,-1.7479,-1.2302,-0.99075,-0.82934,-0.80325,-0.81693,-0.8688,-0.93181,-1.0084,-1.0824,-1.2324,-1.4769,-1.7463,-2.259,-3.0206,-3.7888,-5.1324,-6.8804,-9.0581,-10.956,-13.072,-13.485,-12.653,-11.211,-10.045,-9.2924
-4.712,-5.634,-6.7312,-7.3145,-7.2539,-6.5112,-5.3405,-4.3819,-3.129,-1.9713,-0.95155,-0.28742,0.48198,1.1093,1.4809,1.8645,2.1338,2.2565,2.3288,2.3162,2.2203,2.1048,1.8947,1.6288,1.4018,1.0562,0.6817,0.39632,0.012466,-0.36789,-0.73478,-0.99874,-1.346,-1.663,-1.8633,-2.0535,-2.1076,-2.0165,-1.843,-1.4983,-1.0466,-0.67131,-0.16688,0.28156,0.5615,0.82403,0.94563,0.90725,0.7808,0.47909,0.067551,-0.28855,-0.76203,-1.1668,-1.3798,-1.4982,-1.4444,-1.283,-1.1328,-0.92628,-0.77882,-0.70251,-0.6495,-0.66723,-0.73822,-0.82196,-1.0115,-1.2633,-1.509,-1.9507,-2.5108,-3.0394,-3.9138,-4.987,-6.236,-7.2529,-8.5094,-9.3177,-9.408,-8.9233,-8.0484,-7.3436,-6.4258,-5.6095,-4.8568,-4.3603,-3.8032,-3.4047,-3.2384,-3.2061,-3.4105,-3.83,-4.254,-4.8437,-5.2741,-5.3561,-5.0769,-4.5122,-4.0481,-3.5155,-3.2258,-3.2634,-3.5182,-4.2418,-5.4436,-6.6323,-8.4708,-9.8229,-9.7149,-8.2192,-6.3491,-4.7488,-3.8609,-3.0384,-2.5222,-2.3234,-2.2516,-2.325,-2.4969,-2.6374,-2.7844,-2.8697,-2.8663,-2.7483,-2.55,-2.3526,-2.0456,-1.7436,-1.4553,-1.2602,-1.0663,-0.95591,-0.93397,-1.0168,-1.2621,-1.5653,-2.1218,-2.8437,-3.6447,-4.1865,-4.6144,-4.4789,-4.019,-3.1074,-2.1002,-1.1505,-0.51519,0.23153,0.85471,1.2373,1.6489,1.9501,2.0799,2.1261,2.0019,1.6739,1.3025,0.64319,-0.20934,-0.96391,-2.0468,-3.1681,-3.9536,-4.8473,-5.5163,-5.96,-6.1217,-6.1106,-5.8442,-5.4749,-4.8674,-4.2295,-3.7149,-3.4611,-3.3289,-3.4374,-3.6492,-4.0655,-4.5137,-4.7807,-4.8775,-4.6405,-4.1523,-3.7278,-3.2084,-2.822,-2.6613,-2.6221,-2.791,-3.0426,-3.5307,-4.1465,-4.7781,-5.2203,-5.6892,-5.9269,-5.9346,-5.7822,-5.4991,-5.1762
-2.4007,-2.775,-3.2923,-3.7343,-3.9925,-4.1469,-4.0294,-3.7472,-3.1441,-2.3489,-1.4868,-0.86775,-0.11383,0.48822,0.83755,1.1735,1.3751,1.4483,1.4898,1.5025,1.5066,1.5136,1.5348,1.5528,1.5546,1.5126,1.3971,1.2506,0.94888,0.51622,-0.065767,-0.61315,-1.4583,-2.3958,-3.0874,-3.8139,-4.0586,-3.6963,-3.0828,-2.0581,-0.99907,-0.27212,0.56307,1.2176,1.5868,1.9254,2.0857,2.0921,2.0144,1.8138,1.5243,1.2674,0.89693,0.51566,0.22369,-0.17177,-0.56267,-0.96895,-1.2962,-1.743,-2.1871,-2.516,-2.9126,-3.2093,-3.3758,-3.4477,-3.5038,-3.5554,-3.6389,-3.8653,-4.2862,-4.7667,-5.6774,-7.0517,-9.0762,-11.274,-16.126,-30.109,-23.553,-14.111,-9.7492,-7.5922,-5.4518,-3.8694,-2.6795,-1.9833,-1.2595,-0.74947,-0.49619,-0.30575,-0.26008,-0.33205,-0.43165,-0.59049,-0.73545,-0.80158,-0.82651,-0.78532,-0.72412,-0.63056,-0.58738,-0.6087,-0.67983,-0.87352,-1.1462,-1.372,-1.65,-1.8338,-1.8455,-1.7306,-1.5294,-1.309,-1.2115,-1.1631,-1.2351,-1.3697,-1.6108,-1.8429,-2.0166,-2.0876,-2.0602,-1.8751,-1.6613,-1.3132,-0.90175,-0.59156,-0.19962,0.15897,0.47877,0.66576,0.87389,1.0219,1.0685,1.0683,0.97413,0.84169,0.60657,0.2986,-0.03824,-0.30225,-0.62641,-0.9088,-1.0979,-1.318,-1.5087,-1.6738,-1.7624,-1.7582,-1.6337,-1.4341,-1.0495,-0.65653,-0.3978,-0.18912,-0.16484,-0.41353,-0.81055,-1.6265,-2.8398,-4.0581,-6.1134,-8.5978,-10.389,-11.424,-10.26,-8.3311,-7.0035,-5.5919,-4.4997,-3.8697,-3.2319,-2.8467,-2.7357,-2.8355,-3.2884,-4.1528,-5.1665,-7.1533,-10.117,-13.133,-15.545,-12.016,-8.302,-6.2836,-4.3511,-3.0556,-2.3988,-1.8439,-1.5832,-1.5193,-1.5761,-1.7613,-1.9834,-2.1331,-2.3148,-2.4158,-2.4392,-2.4045,-2.3033,-2.145
0.13406,-0.23433,-1.0649,-2.2934,-3.4536,-5.2721,-6.8246,-7.0881,-5.8608,-3.8986,-2.0999,-1.0102,0.054813,0.70721,0.97318,1.0498,0.85832,0.6027,0.19867,-0.15041,-0.24916,-0.11911,0.32048,0.92231,1.3852,1.9244,2.3029,2.4313,2.3867,2.0565,1.384,0.60858,-0.86488,-3.074,-5.5056,-10.753,-18.811,-10.529,-6.2075,-2.5921,-0.22201,1.0571,2.2989,3.1395,3.5465,3.8431,3.8986,3.7552,3.5376,3.1463,2.6825,2.3168,1.8201,1.3205,0.94353,0.38895,-0.26958,-1.08,-1.8175,-3.0293,-4.4302,-5.5827,-7.0085,-7.8775,-7.8797,-7.4586,-6.6145,-5.834,-5.3677,-4.8983,-4.6527,-4.5924,-4.6944,-5.0343,-5.5824,-6.0649,-6.6163,-6.7455,-6.3327,-5.1826,-3.6741,-2.5144,-1.122,0.096311,1.0861,1.6978,2.3396,2.7948,3.0229,3.1756,3.1734,3.0394,2.8673,2.5747,2.2502,2.0229,1.7676,1.626,1.6195,1.7211,1.9424,2.227,2.4342,2.692,2.9008,3.0015,3.0783,3.0855,3.0344,2.9075,2.6823,2.3055,1.9305,1.2826,0.40768,-0.37552,-1.549,-2.7705,-3.7033,-3.9916,-3.6958,-2.8138,-2.006,-0.94877,-0.01524,0.58087,1.236,1.7612,2.1692,2.4179,2.69,2.911,3.0379,3.166,3.2443,3.2622,3.2079,3.059,2.7978,2.5201,2.0265,1.3569,0.73182,-0.31959,-1.6583,-3.2909,-4.6611,-6.3453,-6.9447,-6.33,-4.7582,-3.186,-2.1939,-1.2267,-0.65898,-0.45505,-0.57438,-1.1189,-2.1153,-3.2254,-5.2932,-8.1737,-10.691,-12.036,-9.4569,-6.4433,-4.6749,-2.913,-1.6298,-0.93788,-0.29525,0.051666,0.12592,0.0086841,-0.413,-1.1659,-1.9871,-3.4123,-5.1191,-6.345,-6.979,-5.8797,-4.0088,-2.6794,-1.2372,-0.21925,0.30625,0.71445,0.84305,0.78474,0.56125,0.23268,-0.13857,-0.38519,-0.61012,-0.68399,-0.65685,-0.52572,-0.34961,-0.16708
3.1126,2.7209,1.7487,0.17478,-1.4942,-4.6264,-8.7161,-10.042,-6.7597,-3.3394,-1.0822,0.02862,0.8969,1.2048,1.0971,0.50718,-0.60539,-1.8241,-4.1108,-7.2092,-9.6755,-8.659,-5.201,-2.211,-0.5049,1.2141,2.3992,3.0011,3.4675,3.5614,3.3162,2.9178,2.0775,0.94131,-0.030539,-1.2086,-1.6719,-1.0091,0.011155,1.5254,2.8547,3.6697,4.4715,4.9456,5.0915,5.0071,4.621,3.9429,3.2613,2.1851,1.0527,0.29378,-0.43552,-0.79837,-0.90428,-1.0366,-1.3839,-2.0903,-2.928,-4.6192,-7.1812,-9.9503,-15.963,-35.332,-18.364,-13.902,-10.773,-8.9987,-8.0883,-7.1134,-6.1826,-5.4952,-4.6297,-3.7939,-3.0484,-2.5532,-1.9147,-1.2586,-0.72487,0.046155,0.87061,1.5108,2.3513,3.1179,3.7966,4.2359,4.703,5.0123,5.1334,5.1341,4.9337,4.5175,4.0569,3.2393,2.2202,1.3426,0.21079,-0.54226,-0.63597,-0.050587,1.0449,2.2425,3.0613,3.9987,4.7232,5.1221,5.4909,5.6718,5.6672,5.4922,5.1108,4.4894,3.8698,2.7427,1.2316,-0.23365,-2.8658,-6.8676,-14.429,-32.153,-11.847,-6.3219,-3.9269,-1.7638,-0.34988,0.38524,1.0694,1.4862,1.7183,1.8486,2.0032,2.1885,2.4096,2.7637,3.1662,3.4505,3.7447,3.9032,3.8677,3.7019,3.2519,2.5127,1.7414,0.34951,-1.5589,-4.1963,-6.9,-11.85,-15.078,-11.745,-7.4902,-4.6927,-3.1851,-1.6848,-0.67961,-0.028485,0.26961,0.38863,0.26155,0.03745,-0.38727,-0.83331,-1.0475,-1.0852,-0.79623,-0.25198,0.22696,0.85459,1.4173,1.766,2.108,2.3195,2.4311,2.4243,2.3372,2.1639,2.0027,1.7606,1.5594,1.4853,1.5433,1.7868,2.1524,2.4472,2.7871,2.9831,3.0006,2.8162,2.3792,1.8483,0.87148,-0.34162,-1.753,-2.7639,-3.5697,-3.4666,-2.8849,-1.8823,-1.0238,-0.49321
3.8745,3.632,3.1219,2.4191,1.8082,1.0044,0.36758,0.10087,0.049611,0.2174,0.41756,0.45943,0.2897,-0.17197,-0.76206,-1.8689,-3.3673,-4.7873,-6.9767,-9.3663,-10.736,-10.096,-7.6298,-5.0064,-3.2986,-1.4369,-0.029122,0.77003,1.5232,1.954,2.121,2.1053,1.9424,1.7004,1.5223,1.3754,1.4014,1.6347,1.913,2.3806,2.8536,3.1577,3.4259,3.4702,3.3232,2.8348,1.9457,0.5649,-0.87701,-3.5434,-7.4955,-11.731,-15.313,-10.727,-8.0959,-6.0503,-5.1055,-4.9711,-5.2714,-6.1473,-7.4924,-8.7031,-10.342,-11.668,-12.5,-12.855,-13.432,-14.45,-15.366,-15.951,-14.536,-12.522,-9.8296,-7.5664,-5.7836,-4.7092,-3.5598,-2.6406,-2.0651,-1.3936,-0.79274,-0.36306,0.22099,0.81499,1.4116,1.8319,2.3107,2.6623,2.804,2.8079,2.5494,1.9786,1.3037,0.00085537,-1.9286,-3.9714,-8.1576,-17.379,-24.364,-9.9967,-4.9688,-2.0023,-0.40058,1.1872,2.3166,2.946,3.5154,3.8148,3.8876,3.7555,3.3904,2.8035,2.1951,1.1804,-0.054693,-1.1392,-2.7266,-4.3602,-5.6749,-6.1581,-5.9861,-5.1834,-4.4844,-3.6713,-3.1111,-2.908,-2.9342,-3.3233,-4.0334,-4.7167,-5.5767,-5.8775,-5.4246,-4.1341,-2.6169,-1.5708,-0.43273,0.37929,0.85186,0.98103,0.8682,0.44143,-0.091546,-1.0541,-2.2839,-3.6939,-4.7683,-6.0903,-6.9644,-7.192,-7.0679,-6.4811,-5.8474,-4.9078,-3.8959,-3.0247,-2.4678,-1.8593,-1.4554,-1.2447,-1.0693,-0.95465,-0.89442,-0.82617,-0.73621,-0.63963,-0.57458,-0.489,-0.45695,-0.45204,-0.47088,-0.48221,-0.44863,-0.39162,-0.21996,0.035437,0.28466,0.63179,0.98437,1.2498,1.5848,1.8646,2.0745,2.167,2.1716,2.0157,1.7605,1.2156,0.36797,-0.49292,-2.075,-4.3477,-7.7667,-11.956,-24.312,-15.009,-9.9611,-6.3328,-4.3125,-3.3
3.9382,3.8073,3.5617,3.2569,3.0043,2.661,2.3264,2.0856,1.7649,1.409,0.96158,0.53242,-0.21294,-1.2341,-2.1823,-3.6981,-5.4837,-6.8716,-8.5585,-9.5908,-9.5795,-8.8861,-7.4265,-5.7414,-4.5162,-3.0627,-1.8726,-1.1728,-0.50088,-0.097329,0.051308,0.018567,-0.13726,-0.37081,-0.53655,-0.6617,-0.60196,-0.33888,-0.028937,0.46011,0.9695,1.2933,1.589,1.6764,1.5708,1.1711,0.43346,-0.67657,-1.7826,-3.6193,-5.7399,-7.202,-8.1776,-7.7445,-6.9807,-6.0876,-5.5826,-5.4898,-5.687,-6.2034,-6.9984,-7.7178,-8.7844,-9.9246,-11.128,-12.17,-13.86,-16.097,-18.298,-20.847,-18.802,-15.774,-12.331,-9.7435,-7.9111,-6.8876,-5.9349,-5.3673,-5.1583,-5.0907,-5.1391,-5.1434,-4.9431,-4.349,-3.4392,-2.6721,-1.6842,-0.8625,-0.40412,-0.049343,0.0028636,-0.26008,-0.67025,-1.4966,-2.6207,-3.6032,-4.9578,-5.9355,-6.1417,-5.5818,-4.4379,-3.1462,-2.2026,-1.0718,-0.12806,0.44348,1.0006,1.3108,1.3858,1.278,0.92669,0.35084,-0.21451,-1.0802,-2.0775,-2.8296,-3.7843,-4.5978,-5.208,-5.4778,-5.6424,-5.6574,-5.6058,-5.5938,-5.7133,-5.9427,-6.5649,-7.6398,-9.4197,-11.537,-16.326,-27.935,-19.984,-12.299,-8.2332,-6.1807,-4.2166,-2.9103,-2.0726,-1.712,-1.5299,-1.6754,-1.9857,-2.6428,-3.5728,-4.7763,-5.8364,-7.4875,-9.3726,-10.965,-12.894,-13.568,-12.76,-10.751,-8.7828,-7.1147,-6.1587,-5.189,-4.4987,-4.1473,-3.822,-3.6271,-3.5614,-3.53,-3.5697,-3.6925,-3.843,-4.1508,-4.5999,-5.0422,-5.7219,-6.4224,-6.952,-6.9809,-6.4715,-5.424,-4.5085,-3.2772,-2.1701,-1.4769,-0.74317,-0.21567,0.10972,0.22476,0.20931,0.0063038,-0.26199,-0.77381,-1.4554,-2.0665,-2.9966,-4.074,-5.1336,-5.7978,-6.2379,-5.9958,-5.419,-4.4611,-3.5775,-2.9465
3.6661,3.5489,3.3712,3.2064,3.0976,2.9627,2.8319,2.7143,2.5037,2.1882,1.7074,1.2144,0.33796,-0.86052,-2.0039,-3.9815,-6.6442,-9.3753,-15.083,-31.851,-17.892,-12.656,-8.7331,-6.1613,-4.7208,-3.2627,-2.2116,-1.6557,-1.2233,-1.1119,-1.3344,-1.7252,-2.5514,-3.7002,-4.6713,-5.812,-6.104,-5.2071,-4.0761,-2.5059,-1.1451,-0.33692,0.46444,0.95907,1.143,1.1572,0.93199,0.49375,0.059133,-0.60611,-1.2909,-1.7668,-2.2834,-2.6607,-2.8786,-3.1458,-3.485,-3.9488,-4.4285,-5.2128,-6.1553,-6.9417,-8.0623,-9.1588,-10.137,-10.765,-11.344,-11.674,-11.676,-11.334,-10.623,-9.8654,-8.7675,-7.6821,-6.8451,-6.4224,-6.1901,-6.432,-6.9767,-8.313,-10.604,-13.152,-16.792,-14.402,-9.8922,-7.3638,-4.8942,-3.1947,-2.2767,-1.4498,-1.0029,-0.88873,-0.98687,-1.3404,-1.9022,-2.435,-3.1848,-3.9086,-4.3471,-4.7016,-4.7079,-4.2861,-3.7443,-2.8482,-1.8979,-1.2684,-0.60003,-0.20006,-0.10997,-0.25047,-0.71665,-1.51,-2.2741,-3.5453,-4.9802,-6.0506,-7.3189,-8.1079,-8.3944,-8.3348,-8.0781,-7.7938,-7.6127,-7.4578,-7.4563,-7.5537,-7.829,-8.2511,-8.8397,-9.3215,-9.8012,-9.8403,-9.3648,-8.2236,-6.8662,-5.8385,-4.6305,-3.6891,-3.0048,-2.6566,-2.4211,-2.437,-2.6083,-3.077,-3.8194,-4.8747,-5.914,-7.6712,-10.104,-12.519,-16.766,-19.45,-17.036,-13.178,-10.539,-8.8306,-7.9389,-7.2089,-6.8148,-6.6895,-6.6689,-6.7418,-6.8083,-6.8668,-6.9503,-7.076,-7.2502,-7.6859,-8.3964,-9.2359,-10.918,-13.726,-18.958,-25.846,-18.917,-12.434,-9.4414,-6.6098,-4.5912,-3.469,-2.3806,-1.6723,-1.299,-1.2088,-1.3186,-1.654,-2.0073,-2.579,-3.1477,-3.5294,-3.8781,-4.036,-3.9709,-3.8025,-3.4422,-2.9565,-2.5327,-1.946,-1.3698,-0.84733
2.0979,1.7549,1.37,1.1846,1.2218,1.4818,1.8712,2.1654,2.4709,2.6069,2.5236,2.2991,1.7601,0.95791,0.16288,-1.1469,-2.7055,-3.969,-5.5113,-6.4555,-6.4249,-5.8465,-4.7506,-3.6438,-2.8892,-2.0601,-1.4241,-1.1017,-0.89598,-1.0041,-1.4695,-2.1039,-3.4736,-5.6578,-8.1665,-13.874,-20.164,-11.401,-7.4733,-4.1449,-1.9834,-0.84609,0.24334,0.95023,1.2834,1.5236,1.5717,1.4674,1.3183,1.0499,0.73245,0.47252,0.10876,-0.28206,-0.61905,-1.1226,-1.7399,-2.5187,-3.2198,-4.3944,-5.8124,-7.0848,-9.0263,-11.11,-12.841,-13.317,-12.628,-11.242,-10.132,-8.7354,-7.5066,-6.7082,-5.7564,-5.0594,-4.5659,-4.3778,-4.4063,-4.7961,-5.3426,-6.4756,-8.0564,-9.3378,-10.444,-9.7358,-7.7595,-6.2063,-4.425,-3.0455,-2.2596,-1.4774,-0.98446,-0.76462,-0.77432,-1.0192,-1.5421,-2.1293,-3.2125,-4.7283,-6.2064,-8.6833,-11.139,-11.025,-9.0379,-6.153,-3.8719,-2.6068,-1.429,-0.74846,-0.55048,-0.69785,-1.2964,-2.3809,-3.5681,-5.7168,-8.6863,-11.77,-17.394,-20.509,-16.191,-13.743,-11.759,-10.624,-10.174,-9.8045,-9.586,-9.4783,-9.2739,-9.0326,-8.7087,-8.4199,-8.0145,-7.4483,-7.0073,-6.3414,-5.6273,-5.1006,-4.4612,-3.8853,-3.4133,-3.1477,-2.9195,-2.8226,-2.8363,-2.9942,-3.3068,-3.777,-4.2463,-5.0262,-5.9048,-6.5629,-7.3474,-7.757,-7.8398,-7.736,-7.5058,-7.461,-7.5882,-8.0204,-8.8019,-9.5492,-10.672,-11.681,-12.089,-12.114,-11.694,-11.134,-10.803,-10.539,-10.514,-10.697,-11.214,-11.919,-12.567,-12.518,-11.41,-9.4937,-7.9526,-6.0094,-4.4788,-3.5596,-2.651,-2.1154,-1.9401,-2.0528,-2.5318,-3.4031,-4.3143,-5.8264,-7.469,-8.4161,-8.59,-7.4721,-5.9341,-4.8051,-3.4813,-2.3668,-1.6674,-0.87322,-0.19974,0.39057
-1.2502,-2.7344,-5.0521,-6.5311,-5.8344,-3.4264,-1.0949,0.2879,1.6514,2.543,3.0471,3.1985,3.1384,2.8071,2.41,1.7317,0.92686,0.30614,-0.52353,-1.2088,-1.7209,-1.9636,-2.104,-2.04,-1.8868,-1.5602,-1.1841,-0.9132,-0.62121,-0.49087,-0.57925,-0.81477,-1.3316,-2.0434,-2.6288,-3.2536,-3.4,-2.94,-2.3098,-1.3776,-0.52849,-0.0023391,0.51302,0.83633,0.96817,1.0258,0.98909,0.90508,0.81852,0.68729,0.54277,0.4296,0.25033,0.025108,-0.18717,-0.57046,-1.0884,-1.7958,-2.4658,-3.6268,-5.1917,-6.7058,-9.3898,-13.387,-19.755,-22.12,-15.536,-11.24,-9.0598,-6.9705,-5.4242,-4.5294,-3.5972,-2.9149,-2.4509,-2.2414,-2.1417,-2.2218,-2.3996,-2.7471,-3.1509,-3.425,-3.6443,-3.6726,-3.5096,-3.2795,-2.8955,-2.4568,-2.1186,-1.6796,-1.281,-0.96781,-0.83689,-0.84284,-1.108,-1.5105,-2.4077,-3.7654,-5.173,-7.6167,-10.099,-10.012,-8.0475,-5.199,-2.9838,-1.7629,-0.60775,0.03005,0.22533,0.10182,-0.44437,-1.4275,-2.4759,-4.2761,-6.6083,-8.5715,-11.133,-12.509,-12.516,-12.154,-11.889,-12.12,-12.588,-13.525,-14.314,-14.436,-13.821,-12.635,-11.32,-10.412,-9.3537,-8.4655,-7.8925,-7.2231,-6.6093,-6.2261,-5.7823,-5.419,-5.1381,-4.9614,-4.7263,-4.4826,-4.2957,-4.0124,-3.7512,-3.5509,-3.4528,-3.4163,-3.4615,-3.5728,-3.7388,-3.9885,-4.2111,-4.5844,-5.1517,-5.9197,-6.7527,-8.2301,-10.355,-12.519,-16.674,-23.831,-31.837,-22.826,-18.123,-15.762,-14.628,-13.479,-12.636,-12.016,-11.213,-10.396,-9.5084,-8.7818,-7.7272,-6.5645,-5.6809,-4.559,-3.5645,-2.9589,-2.3569,-2.0282,-2.016,-2.2457,-2.9163,-4.0953,-5.4359,-8.041,-12.245,-17.372,-18.226,-11.603,-7.6434,-5.691,-3.8545,-2.5875,-1.9002,-1.212,-0.71853,-0.3214
-2.2654,-3.9285,-6.8349,-9.0311,-7.8861,-4.4948,-1.618,0.010943,1.6077,2.6951,3.3704,3.6528,3.7726,3.6232,3.3628,2.8302,2.119,1.4695,0.47985,-0.64757,-1.8676,-2.8166,-4.0074,-4.8252,-5.0002,-4.5569,-3.6233,-2.819,-1.8269,-1.0157,-0.43595,-0.14647,0.076607,0.14489,0.13689,0.10067,0.07519,0.075724,0.077061,0.05784,-0.033117,-0.15625,-0.43346,-0.82136,-1.1628,-1.6415,-2.0697,-2.3763,-2.5001,-2.5228,-2.424,-2.3043,-2.1241,-1.9623,-1.8639,-1.8167,-1.8868,-2.1004,-2.3859,-2.9115,-3.6505,-4.31,-5.2932,-6.2455,-6.914,-7.0456,-6.7068,-5.9313,-5.2496,-4.3445,-3.5442,-3.0102,-2.44,-1.9543,-1.5919,-1.3836,-1.1877,-1.1004,-1.111,-1.2173,-1.4286,-1.674,-2.0943,-2.6204,-3.2511,-3.7724,-4.4631,-4.9567,-5.0212,-4.6175,-3.7771,-2.8009,-2.1229,-1.4111,-0.96836,-0.82645,-0.84182,-1.0574,-1.2892,-1.5807,-1.7224,-1.5527,-1.2187,-0.58206,0.11165,0.60104,1.1107,1.4141,1.4768,1.3488,0.94808,0.28574,-0.35515,-1.4351,-2.6571,-3.6489,-4.9709,-6.2686,-7.5335,-8.5513,-10.084,-12.131,-14.146,-18.218,-26.091,-39.037,-22.66,-17.564,-14.763,-13.438,-12.147,-11.308,-10.782,-10.177,-9.7304,-9.452,-9.2038,-9.1718,-9.3285,-9.4956,-9.6276,-9.4039,-8.8887,-7.8247,-6.5842,-5.4135,-4.6509,-3.8091,-3.2179,-2.911,-2.6883,-2.6847,-2.807,-3.153,-3.7652,-4.6281,-5.4814,-6.9367,-8.757,-10.396,-12.812,-15.144,-16.382,-17.253,-17.547,-17.968,-18.355,-18.586,-17.701,-16.343,-14.193,-12.185,-10.419,-9.2472,-7.8732,-6.6505,-5.7829,-4.7841,-3.8802,-3.3054,-2.6965,-2.291,-2.1162,-2.1426,-2.41,-2.9332,-3.4701,-4.3159,-5.1391,-5.5402,-5.6097,-5.1096,-4.3737,-3.793,-3.167,-2.8119,-2.7325,-2.9034,-3.3487,-3.9658
-0.42242,-0.65793,-0.876,-0.83236,-0.55865,0.097928,0.92705,1.5599,2.3106,2.8992,3.2789,3.4284,3.4381,3.244,2.9597,2.3866,1.5898,0.81979,-0.42474,-2.0578,-4.1815,-6.2779,-10.289,-17.665,-24.062,-13.737,-8.6256,-6.2378,-4.0283,-2.4936,-1.4126,-0.8219,-0.28083,0.038897,0.16293,0.1979,0.097697,-0.13261,-0.40036,-0.88055,-1.5542,-2.2172,-3.3219,-4.7102,-5.9295,-7.681,-9.2889,-10.248,-10.307,-9.7249,-8.8365,-8.1587,-7.2731,-6.4513,-5.8595,-5.1157,-4.4794,-3.9791,-3.7261,-3.5115,-3.4393,-3.4673,-3.5804,-3.7082,-3.81,-3.8348,-3.8497,-3.7779,-3.7233,-3.6248,-3.5512,-3.4927,-3.3928,-3.2393,-2.9955,-2.7588,-2.4104,-2.0938,-1.9053,-1.7802,-1.8542,-2.0684,-2.6286,-3.5485,-4.9557,-6.4856,-9.4964,-14.608,-19.601,-14.687,-9.2416,-5.9539,-4.2563,-2.6428,-1.5587,-1.0037,-0.49792,-0.20906,-0.076769,0.053539,0.18604,0.35483,0.52208,0.80127,1.1078,1.3408,1.5825,1.756,1.798,1.7255,1.4862,1.0799,0.65948,-0.049827,-0.89886,-1.645,-2.7326,-3.9645,-5.2871,-6.3925,-8.0035,-9.7643,-11.165,-13.071,-14.683,-15.411,-15.682,-15.516,-15.287,-15.3,-15.536,-15.85,-15.927,-15.659,-14.98,-14.412,-13.91,-13.991,-14.859,-16.356,-20.213,-25.771,-21.523,-15.097,-11.068,-8.3361,-6.8196,-5.2878,-4.2043,-3.5976,-3.0687,-2.786,-2.7502,-2.8986,-3.2662,-3.8733,-4.4594,-5.4549,-6.6204,-7.6342,-9.0954,-10.621,-11.861,-13.649,-15.814,-18.739,-22.009,-29.134,-26.825,-21.452,-17.159,-14.392,-12.424,-11.271,-9.975,-8.8365,-8.0344,-7.0047,-6.0114,-5.2921,-4.436,-3.7319,-3.2039,-2.9296,-2.7248,-2.6871,-2.7294,-2.8609,-3.0139,-3.0884,-3.152,-3.1338,-3.1094,-3.1053,-3.2058,-3.5105,-3.9471,-4.9616,-6.6566,-9.5538
-0.052055,0.15537,0.43253,0.74864,1.0126,1.3897,1.7771,2.0549,2.3748,2.6103,2.7348,2.7449,2.6329,2.3752,2.0687,1.5222,0.78685,0.1145,-0.97379,-2.2809,-3.8214,-5.1102,-6.8666,-8.2424,-8.5846,-7.9262,-6.5345,-5.4015,-4.0396,-2.9197,-2.0706,-1.5888,-1.1497,-0.89592,-0.82113,-0.87469,-1.081,-1.4369,-1.8156,-2.4999,-3.4398,-4.3627,-5.9603,-8.1387,-10.339,-14.478,-21.761,-39.082,-23.822,-18.606,-16.471,-15.587,-14.501,-12.943,-11.555,-9.6495,-7.964,-6.6079,-5.7824,-4.9602,-4.3645,-4.0551,-3.763,-3.5958,-3.5218,-3.5327,-3.6425,-3.8983,-4.1904,-4.7579,-5.5213,-6.2166,-7.0903,-7.6465,-7.4188,-6.7587,-5.5652,-4.3771,-3.6205,-2.8899,-2.4908,-2.3893,-2.5722,-3.1155,-4.0375,-4.9636,-6.4649,-7.9088,-8.424,-7.8106,-6.2176,-4.5224,-3.4384,-2.2992,-1.4994,-1.0801,-0.73558,-0.57728,-0.54238,-0.56497,-0.5751,-0.54068,-0.44995,-0.24581,0.053947,0.30765,0.66088,0.97455,1.1574,1.2951,1.2986,1.1442,0.90432,0.45701,-0.19012,-0.77475,-1.7132,-2.8147,-4.066,-5.0981,-6.5551,-8.0403,-9.1375,-10.449,-11.603,-12.316,-13.176,-13.971,-15.103,-16.198,-18.615,-22.81,-29.535,-30.173,-21.414,-18.26,-15.854,-14.701,-14.411,-14.664,-15.264,-15.271,-14.402,-12.396,-10.22,-8.298,-7.1033,-5.8111,-4.8039,-4.2007,-3.6118,-3.2018,-3.0299,-2.9843,-3.0957,-3.429,-3.7859,-4.4196,-5.2137,-5.906,-6.9436,-8.1056,-9.0447,-10.352,-11.741,-13.087,-13.998,-14.824,-15.036,-14.821,-14.247,-13.696,-13.317,-13.257,-13.197,-12.981,-12.542,-11.343,-9.7605,-8.536,-7.0465,-5.7938,-4.8354,-4.3042,-3.8114,-3.5391,-3.4493,-3.4367,-3.4912,-3.5607,-3.6392,-3.7028,-3.6955,-3.6991,-3.7518,-3.9034,-4.1366,-4.6395,-5.3836,-6.3298
-0.63181,-0.1859,0.36013,0.83961,1.1557,1.5106,1.7945,1.9552,2.1072,2.1745,2.1693,2.1061,1.9491,1.6848,1.4269,0.98651,0.43642,-0.04813,-0.80431,-1.6174,-2.4756,-3.0848,-3.7559,-4.1986,-4.3239,-4.2162,-3.8296,-3.4333,-2.8454,-2.3058,-1.8755,-1.663,-1.5186,-1.539,-1.6479,-1.8786,-2.1793,-2.5316,-2.8291,-3.3265,-3.9682,-4.5745,-5.6437,-7.0645,-8.359,-10.327,-12.308,-13.968,-14.887,-16.181,-18.448,-21.798,-37.68,-22.684,-16.821,-12.378,-9.549,-7.6416,-6.6152,-5.6047,-4.9211,-4.5305,-4.1189,-3.806,-3.5808,-3.4962,-3.4904,-3.7447,-4.1378,-5.0774,-6.6368,-8.4421,-12.437,-21.7,-20.577,-13.053,-8.1616,-5.2728,-3.8002,-2.4258,-1.5444,-1.1497,-0.87426,-0.85557,-1.0164,-1.2079,-1.474,-1.6518,-1.6817,-1.541,-1.2392,-0.86878,-0.60188,-0.33868,-0.23431,-0.28461,-0.55024,-1.0138,-1.4798,-2.2023,-2.9304,-3.4212,-3.5133,-3.202,-2.4942,-1.844,-0.92536,-0.11633,0.4048,0.95531,1.3198,1.4834,1.4837,1.2864,0.87611,0.41727,-0.40771,-1.4746,-2.8163,-3.977,-5.7444,-7.6902,-9.1566,-10.799,-11.771,-12.06,-12.039,-11.985,-12.145,-12.509,-13.263,-14.217,-14.617,-14.422,-13.347,-12.284,-11.018,-10.025,-9.4087,-9.0743,-8.6871,-8.3462,-8.0134,-7.5005,-6.909,-6.3046,-5.8378,-5.2395,-4.6419,-4.2286,-3.6773,-3.2114,-2.9135,-2.6295,-2.5317,-2.589,-2.7692,-3.1482,-3.7121,-4.2125,-4.9868,-5.857,-6.5105,-7.4072,-8.2376,-9.0051,-9.472,-9.9993,-10.361,-10.645,-11.072,-11.733,-12.849,-14.15,-17.164,-23.357,-29.747,-19.301,-13.568,-10.84,-8.2542,-6.4836,-5.2867,-4.6871,-4.2192,-4.0673,-4.1488,-4.4438,-4.8877,-5.2578,-5.6229,-5.7301,-5.4938,-5.1324,-4.5158,-3.9122,-3.5184,-3.0952,-2.8176,-2.6125
-1.3307,-0.56163,0.27713,0.90623,1.2597,1.6019,1.8061,1.8813,1.8915,1.822,1.6895,1.5678,1.3878,1.194,1.0362,0.76762,0.42242,0.08362,-0.45907,-1.1441,-1.9125,-2.5031,-3.2147,-3.6645,-3.7488,-3.4807,-2.9036,-2.3831,-1.7029,-1.185,-0.89477,-0.86844,-1.0917,-1.624,-2.1795,-2.9921,-3.6783,-3.9994,-3.9533,-3.6355,-3.2849,-3.1423,-3.154,-3.4189,-3.776,-4.4289,-5.2318,-6.1075,-6.8257,-7.8515,-8.9088,-9.6056,-10.009,-9.4014,-8.5144,-7.1496,-6.0049,-5.1875,-4.8516,-4.6763,-4.7191,-4.7674,-4.6799,-4.2291,-3.4945,-2.877,-2.1839,-1.7256,-1.6183,-1.79,-2.3555,-2.9897,-3.9603,-4.6145,-4.3765,-3.607,-2.2247,-0.86984,-0.011895,0.89405,1.5349,1.8508,2.1093,2.2351,2.2778,2.2752,2.278,2.3057,2.3482,2.4328,2.5232,2.5747,2.556,2.4067,2.0673,1.6378,0.80432,-0.42511,-1.6721,-3.8956,-7.0345,-11.222,-13.179,-10.183,-6.4259,-4.2652,-2.1307,-0.50024,0.46168,1.4905,2.2624,2.8068,3.0752,3.2083,3.1082,2.8422,2.2364,1.297,-0.037529,-1.3387,-3.6391,-6.8466,-10.342,-18.489,-22.505,-14.954,-10.366,-7.9978,-6.5801,-5.956,-5.4189,-5.0844,-4.8612,-4.5827,-4.2124,-3.9274,-3.5743,-3.2886,-3.1101,-3.0508,-3.0784,-3.2149,-3.3972,-3.7172,-4.1392,-4.6276,-4.9765,-5.2465,-5.1225,-4.7392,-3.8998,-2.9642,-2.3004,-1.5703,-1.102,-0.877,-0.88905,-1.1332,-1.6138,-2.1222,-2.9485,-3.872,-4.6073,-5.5046,-6.2224,-6.6676,-6.8313,-6.8686,-6.8585,-6.8524,-6.993,-7.3488,-7.974,-8.6194,-9.636,-10.471,-10.509,-9.4295,-7.7148,-6.416,-4.9274,-3.8163,-3.0827,-2.7791,-2.7071,-3.0225,-3.5233,-4.6116,-6.2706,-7.9303,-10.656,-12.29,-10.554,-8.2251,-5.4851,-3.396,-2.1707,-0.91841,0.015304,0.7091
-0.84394,0.089751,0.95379,1.5249,1.7782,1.958,1.9533,1.8391,1.5328,1.1198,0.63148,0.32459,0.074128,0.0976,0.21452,0.44174,0.56661,0.52367,0.22011,-0.50384,-1.6802,-2.9688,-5.314,-7.8648,-8.4424,-6.2886,-3.3827,-1.6013,0.10547,1.1682,1.6315,1.6022,1.0165,-0.27177,-1.8435,-5.0917,-10.263,-12.249,-8.2423,-4.0604,-1.5167,-0.28713,0.79158,1.4095,1.6482,1.7302,1.6095,1.3792,1.1433,0.8162,0.50361,0.31743,0.17102,0.1314,0.16777,0.17296,0.046855,-0.3526,-0.93785,-2.2727,-4.5243,-7.1003,-11.077,-8.9,-4.2407,-1.645,0.73319,2.343,3.1442,3.8459,4.1976,4.3297,4.3939,4.4506,4.5722,4.7187,4.9695,5.235,5.3988,5.5413,5.5708,5.5342,5.3848,5.1872,5.0047,4.9143,4.9062,5.0255,5.2001,5.4813,5.7512,5.9393,5.9759,5.8546,5.4872,5.0231,4.1413,2.8611,1.6287,-0.45141,-3.0031,-5.5831,-6.5586,-5.7202,-3.798,-2.3603,-0.69283,0.7534,1.7387,2.961,4.0677,5.0366,5.6292,6.2271,6.579,6.6656,6.5342,6.0993,5.3425,4.5555,3.2189,1.592,0.29011,-1.1374,-1.5881,-1.1965,-0.13968,0.97357,1.8907,2.4338,2.9755,3.3493,3.5336,3.7018,3.7901,3.8049,3.7533,3.5975,3.3621,3.0966,2.5956,1.9413,1.2932,0.17181,-1.3677,-3.4994,-5.7215,-9.7268,-12.223,-9.4359,-5.1966,-2.2718,-0.67909,0.75783,1.6853,2.1309,2.215,1.9782,1.3799,0.67278,-0.60982,-2.3045,-3.8524,-6.0565,-7.7205,-7.6238,-6.6363,-5.0087,-3.6474,-2.8093,-2.013,-1.4918,-1.2247,-1.1281,-1.0084,-0.90683,-0.75432,-0.4332,-0.011719,0.3319,0.74621,1.0351,1.1567,1.1008,0.81436,0.22658,-0.42106,-1.6474,-3.3772,-5.0338,-7.7942,-9.4577,-7.4795,-5.0571,-2.1991,0.037095,1.3774,2.7688,3.846,4.6384
0.21226,0.48425,0.6296,0.66182,0.65209,0.58918,0.40085,0.10147,-0.65217,-1.9446,-3.8903,-5.6724,-7.186,-5.9331,-4.1303,-1.9359,-0.42285,0.302,0.71282,0.59798,-0.14217,-1.1337,-3.161,-5.622,-6.1733,-3.5463,-0.29201,1.6477,3.5054,4.6966,5.2655,5.3359,4.9315,3.9985,2.9486,1.1598,-0.56503,-1.034,-0.24271,1.4071,2.9755,3.9046,4.8653,5.5186,5.8594,6.1651,6.3264,6.3649,6.3478,6.2644,6.1461,6.0556,5.9254,5.7618,5.6435,5.4268,5.1125,4.5761,4.0207,2.9205,1.4297,0.15376,-0.94177,-0.057595,2.1896,3.9205,5.8538,7.3121,8.1232,8.8754,9.3353,9.5246,9.6208,9.5759,9.4341,9.2895,9.0477,8.7454,8.4845,8.0509,7.4833,6.9714,6.1155,5.0815,3.9815,3.3309,3.046,3.6265,4.4448,5.6532,6.709,7.4834,7.8562,8.0827,7.9963,7.7438,7.1434,6.2948,5.5049,4.3149,3.0443,1.8459,1.0411,0.2053,-0.42271,-0.75728,-0.92492,-0.51775,0.34266,2.0077,3.9066,5.6807,6.8163,8.1015,9.0378,9.5685,10.021,10.216,10.193,10.043,9.7383,9.3565,9.0838,8.784,8.6436,8.6631,8.8071,9.032,9.242,9.3933,9.5114,9.5542,9.51,9.4021,9.1889,8.974,8.6194,8.1784,7.6359,7.1655,6.4521,5.5988,4.8595,3.6832,2.2441,0.49599,-1.0687,-3.1432,-3.8581,-2.9235,-0.68462,1.4091,2.6386,3.8512,4.6414,4.9965,5.0195,4.7148,4.0447,3.2735,1.8056,-0.29363,-2.4285,-6.598,-12.291,-10.435,-6.4782,-2.7721,-0.39263,0.88684,2.1525,3.0151,3.608,3.9018,4.1699,4.3344,4.4117,4.4606,4.4641,4.4506,4.3856,4.232,3.9813,3.7132,3.2723,2.7363,2.2951,1.7095,1.1452,0.82228,0.58955,0.76487,1.3129,1.9682,3.0151,4.093,4.8453,5.7416,6.4944,7.0919
-2.6371,-3.5993,-5.1743,-6.7633,-7.2465,-6.7008,-5.6461,-5.126,-5.0624,-5.9871,-7.9386,-10.146,-12.673,-10.549,-8.0144,-5.2915,-3.3667,-2.3044,-1.2917,-0.54824,-0.058484,0.2305,0.57649,1.0291,1.5477,2.4505,3.5234,4.3334,5.3064,6.0257,6.4681,6.5922,6.518,6.1798,5.8148,5.2506,4.7256,4.3694,4.2289,4.2033,4.2714,4.3885,4.567,4.7766,4.9467,5.1766,5.3868,5.5215,5.5692,5.5429,5.4383,5.3186,5.1486,5.0322,4.9694,4.9819,5.0485,5.1425,5.2024,5.2653,5.3364,5.46,5.752,6.2703,6.9889,7.5848,8.3555,8.9906,9.3525,9.652,9.7419,9.6584,9.3745,8.9058,8.2916,7.7616,7.0114,6.2615,5.7214,5.0212,4.2596,3.5149,2.1763,0.099735,-3.398,-8.2504,-23.664,-6.4884,-2.0255,1.4893,3.6648,5.0397,5.707,6.1961,6.318,6.1949,5.768,5.1053,4.4557,3.4166,2.2541,0.91669,-0.16879,-1.853,-3.9514,-6.1795,-11.011,-21.417,-13.018,-5.2506,-0.8179,2.2597,4.0389,5.9028,7.3194,8.1501,8.9981,9.6189,10.054,10.288,10.491,10.619,10.68,10.733,10.765,10.78,10.776,10.737,10.655,10.538,10.321,10.016,9.7454,9.2954,8.775,8.3385,7.6956,6.9952,6.2156,5.6035,4.7718,3.924,3.3194,2.5933,1.9823,1.5018,1.271,1.1598,1.3072,1.6344,2.1959,2.8805,3.3014,3.8148,4.0814,4.1687,4.067,3.7581,3.2241,2.6899,1.816,0.80658,-0.0055856,-0.94096,-1.4803,-1.3608,-0.89834,0.0049704,1.0118,1.7205,2.5127,3.1013,3.4924,3.6649,3.6914,3.5901,3.4291,3.1486,2.8272,2.56,2.182,1.7693,1.2616,0.81601,0.10901,-0.62666,-1.1207,-1.519,-1.5006,-1.2611,-0.64844,0.069397,0.85921,1.4216,2.0998,2.6931,3.0632,3.501,3.8546,4.1695
-4.9235,-6.5711,-9.9341,-15.732,-18.876,-13.367,-9.2907,-7.4942,-6.1987,-5.7417,-5.8065,-6.0016,-6.2354,-6.3765,-6.3426,-6.258,-6.052,-5.7385,-4.7987,-3.5361,-2.0391,-0.95501,0.4045,1.6515,2.5055,3.5481,4.4781,5.0914,5.7861,6.3018,6.6321,6.7452,6.7293,6.5172,6.2428,5.7537,5.1378,4.41,3.7933,2.9024,1.9614,1.303,0.6294,0.4228,0.59444,1.0981,1.6701,2.1209,2.2809,2.2456,1.9045,1.4733,0.79192,0.25573,0.13591,0.54141,1.4648,2.6322,3.4778,4.5304,5.437,6.0343,6.7466,7.3728,7.9225,8.2684,8.6369,8.8542,8.9016,8.7921,8.4441,8.0182,7.1999,6.0829,4.6473,3.3646,1.4992,-0.18074,-0.98279,-1.1913,-0.84229,-0.61773,-0.59448,-0.99119,-1.7186,-2.2216,-2.3263,-1.453,-0.42173,0.97787,2.1286,2.9539,3.3531,3.6111,3.5886,3.3891,2.9317,2.198,1.5018,0.36407,-1.0008,-2.4844,-3.6424,-5.115,-6.4241,-7.1803,-7.9079,-7.6506,-6.5678,-4.2962,-1.7857,0.41948,1.8493,3.4172,4.6959,5.4546,6.3101,7.0141,7.6129,8.0181,8.4918,8.9034,9.1586,9.4374,9.6185,9.6772,9.6581,9.5106,9.2412,8.9403,8.4346,7.798,7.2539,6.4385,5.5745,4.8915,3.954,2.9646,1.9282,1.085,-0.16666,-1.4146,-2.2112,-2.7875,-2.6268,-1.9302,-1.232,-0.31162,0.47157,0.97522,1.4712,1.7951,1.9663,1.9971,1.8778,1.634,1.3964,1.0339,0.61802,0.2938,-0.13868,-0.5833,-0.87526,-1.1795,-1.3127,-1.2418,-1.0007,-0.52729,0.10997,0.5814,1.1232,1.5139,1.6325,1.5439,1.1662,0.47102,-0.21869,-1.2385,-2.1979,-2.7317,-3.1317,-3.3356,-3.671,-4.1926,-5.4525,-7.5769,-9.8433,-12.768,-11.321,-8.6265,-5.7403,-3.754,-2.4548,-1.8387,-1.4061,-1.3167,-1.3855,-1.5793,-1.7439,-1.7696
-3.4708,-3.9737,-4.7317,-5.3457,-5.4981,-5.2489,-4.6671,-4.207,-3.7372,-3.4771,-3.5324,-3.7692,-4.358,-5.3845,-6.489,-8.7148,-12.433,-16.312,-14.906,-9.1073,-5.0754,-2.848,-0.56921,1.2013,2.2834,3.487,4.4705,5.0758,5.7101,6.1706,6.4372,6.5228,6.4609,6.2193,5.9022,5.2968,4.4547,3.3238,2.2427,0.38155,-2.158,-4.7834,-9.5131,-11.704,-8.4914,-4.6273,-2.2465,-0.90561,-0.43999,-0.46106,-1.2464,-2.4112,-5.0846,-10.077,-15.587,-10.317,-4.3623,-0.78529,1.1469,3.0762,4.5387,5.4019,6.3424,7.072,7.6091,7.8971,8.1241,8.1757,8.0801,7.7527,7.1678,6.549,5.4132,3.862,1.7283,-0.41604,-4.5448,-12.29,-30.607,-10.344,-5.2082,-3.0762,-1.3711,-0.38815,0.19074,0.48784,0.78165,1.0561,1.2316,1.4158,1.5084,1.4838,1.3823,1.1659,0.84377,0.54255,0.0054354,-0.7436,-1.5049,-2.8382,-4.7148,-7.1669,-9.4386,-12.299,-12.625,-10.957,-8.4674,-6.202,-4.7461,-2.9857,-1.4656,-0.17482,0.64129,1.4656,2.0634,2.3924,2.779,3.189,3.7464,4.2569,5.0509,5.8458,6.3935,6.9842,7.3899,7.5591,7.593,7.3998,6.9568,6.4853,5.6344,4.5491,3.5775,2.1652,0.68704,-0.34283,-1.5037,-2.409,-3.2847,-4.1592,-5.9061,-8.9026,-12.804,-21.286,-13.054,-7.3624,-4.8185,-2.5416,-1.0617,-0.3835,0.15901,0.24045,0.086154,-0.46159,-1.2182,-2.1608,-2.8108,-3.4734,-3.7578,-3.7974,-3.8145,-3.9462,-4.1617,-4.6237,-5.0794,-5.2009,-4.8714,-3.8653,-2.5949,-1.6853,-0.68486,-0.070379,0.10619,-0.10885,-0.85867,-2.3233,-3.9762,-7.361,-12.427,-15.586,-12.075,-8.6066,-6.882,-6.4677,-6.8382,-8.1549,-9.6402,-11.253,-10.31,-8.4732,-6.2517,-4.7195,-3.9822,-3.8679,-4.2946,-5.4092,-6.6872,-8.9272,-10.958,-11.241
-2.219,-2.1426,-2.116,-2.068,-2.0254,-1.8858,-1.6893,-1.5538,-1.4088,-1.3778,-1.5037,-1.7516,-2.3334,-3.1981,-4.1216,-5.6528,-7.3344,-8.2712,-7.8471,-5.9648,-3.7809,-2.3215,-0.63941,0.73486,1.617,2.6293,3.4873,4.0347,4.6268,5.0564,5.3111,5.3807,5.3061,5.0414,4.721,4.1167,3.3123,2.2869,1.3554,-0.18313,-2.0882,-3.7174,-5.8046,-6.4389,-5.5309,-3.6777,-2.0567,-1.0065,-0.59176,-0.53953,-1.0147,-1.7037,-2.979,-4.314,-4.7795,-4.0897,-2.3448,-0.43857,0.82799,2.2895,3.4817,4.2314,5.0585,5.7081,6.1927,6.4531,6.6381,6.6419,6.5202,6.178,5.6339,5.0733,4.1285,2.9357,1.5203,0.34318,-1.2555,-2.5445,-3.0179,-2.7848,-1.893,-1.123,-0.15801,0.57929,1.0772,1.2852,1.3719,1.2159,0.95475,0.40031,-0.38862,-1.3786,-2.1637,-3.0841,-3.6332,-3.758,-3.7768,-3.8256,-4.0828,-4.8549,-6.1972,-8.3671,-10.533,-13.641,-13.455,-10.977,-7.8564,-5.4786,-4.0801,-2.6504,-1.641,-1.0001,-0.78775,-0.8565,-1.408,-2.0966,-3.3836,-4.4744,-4.1851,-2.873,-0.64973,1.3285,2.5239,3.7036,4.4597,4.7843,4.9022,4.6894,4.1445,3.5139,2.336,0.72783,-0.82258,-3.5482,-7.28,-10.625,-13.016,-10.569,-8.3031,-7.38,-6.9797,-7.2931,-7.7202,-7.7658,-6.6303,-4.8292,-3.4905,-2.0662,-1.1072,-0.71343,-0.59388,-0.95086,-1.6197,-2.9758,-5.108,-8.291,-11.493,-15.039,-12.668,-10.255,-8.2758,-7.5398,-7.7886,-9.2252,-12.637,-19.994,-18.842,-10.495,-6.0309,-3.8183,-1.8463,-0.68867,-0.14966,-0.12823,-0.61517,-1.6525,-2.8191,-4.8475,-6.9332,-7.769,-7.2046,-5.7587,-4.5493,-3.95,-3.538,-3.4525,-3.4634,-3.465,-3.3213,-3.1412,-2.8603,-2.7931,-3.0325,-3.5147,-4.6274,-6.4447,-8.4556,-12.198,-17.058,-17.232
-2.0233,-1.8032,-1.5905,-1.4225,-1.2923,-1.0848,-0.8288,-0.60303,-0.30314,-0.072881,0.066395,0.084311,-0.024687,-0.29022,-0.56475,-1.0031,-1.3964,-1.6033,-1.7154,-1.5961,-1.3241,-1.0723,-0.68988,-0.24309,0.1545,0.79564,1.4979,2.0304,2.6837,3.1891,3.5094,3.597,3.5259,3.2255,2.8835,2.3072,1.6566,1.0019,0.54506,0.0053372,-0.42067,-0.66241,-0.78312,-0.65621,-0.3979,0.089455,0.59185,0.98799,1.1673,1.2184,1.0594,0.8265,0.4574,0.10984,-0.052911,-0.091806,0.099111,0.45817,0.80887,1.3457,1.9331,2.3945,2.9816,3.5138,3.9594,4.2093,4.4218,4.4579,4.3724,4.1093,3.6761,3.2385,2.5619,1.7952,1.0193,0.4822,-0.091769,-0.42726,-0.47733,-0.31619,0.074723,0.44471,0.94431,1.3695,1.6322,1.6825,1.5275,1.0575,0.46605,-0.72733,-2.5192,-5.1568,-7.9583,-13.319,-15.68,-12.044,-8.2674,-6.1284,-5.1897,-4.5778,-4.4573,-4.6301,-4.837,-4.9514,-4.7493,-4.3543,-3.616,-2.7877,-2.222,-1.6186,-1.2233,-1.1198,-1.2928,-1.8898,-3.0654,-4.5202,-7.591,-12.657,-13.343,-8.7449,-4.2535,-1.3845,0.069227,1.4117,2.1973,2.4846,2.5327,2.2423,1.6752,1.0427,-0.039226,-1.4312,-2.7461,-4.871,-7.491,-9.4622,-10.525,-8.9953,-6.8936,-5.584,-4.3006,-3.3881,-2.831,-2.1723,-1.5075,-0.83966,-0.39742,0.07047,0.30887,0.33395,0.046168,-0.56945,-1.295,-2.6238,-4.5251,-6.8988,-8.8321,-10.445,-9.6186,-8.3128,-6.821,-5.9798,-5.795,-6.0738,-6.6886,-7.011,-6.4987,-4.7884,-2.7866,-1.4321,0.0016612,1.0031,1.5642,1.7531,1.7029,1.3941,1.0272,0.5063,0.010643,-0.22643,-0.34884,-0.27264,-0.11054,0.030743,0.17574,0.25505,0.27578,0.26981,0.20844,0.12827,-0.073115,-0.4096,-0.90943,-1.4256,-2.3255,-3.4562,-4.41,-5.7151,-6.8103,-7.5776
-2.0839,-2.0706,-2.1955,-2.3898,-2.4235,-2.2471,-1.7223,-1.1398,-0.26036,0.59676,1.3022,1.7246,2.1053,2.273,2.2863,2.1453,1.8608,1.5691,1.0338,0.34399,-0.5447,-1.3298,-2.514,-3.5345,-3.8265,-3.2566,-1.921,-0.80141,0.50279,1.4454,1.9838,2.1192,1.9559,1.4004,0.7528,-0.32271,-1.4502,-2.2349,-2.3812,-1.9209,-1.0603,-0.36038,0.55423,1.3474,1.8568,2.4375,2.8736,3.1566,3.259,3.2506,3.0599,2.8062,2.3495,1.7782,1.2871,0.59081,-0.13008,-0.79075,-1.1512,-1.3671,-1.1877,-0.81202,-0.12512,0.61651,1.2678,1.6483,2.0097,2.1622,2.1365,1.9228,1.4872,1.0395,0.30504,-0.55038,-1.3914,-1.9163,-2.3035,-2.213,-1.8227,-1.0335,-0.12548,0.56211,1.3515,1.9765,2.3835,2.5216,2.4563,2.086,1.5733,0.53559,-0.92882,-2.8492,-4.5404,-6.679,-7.4287,-6.7436,-5.1771,-3.7969,-3,-2.2613,-1.834,-1.5787,-1.4791,-1.3641,-1.2366,-1.126,-0.90796,-0.67846,-0.51969,-0.33362,-0.21915,-0.22169,-0.31444,-0.58381,-1.002,-1.4197,-1.9506,-2.2346,-2.0427,-1.5554,-0.64245,0.29095,0.845,1.3425,1.5194,1.432,1.0555,0.4271,-0.36302,-0.99613,-1.7801,-2.4529,-2.8883,-3.2594,-3.489,-3.4946,-3.2146,-2.6294,-1.8405,-1.1955,-0.37091,0.38023,0.87663,1.438,1.8835,2.2129,2.364,2.4399,2.3432,2.1669,1.7589,1.182,0.68526,-0.085485,-0.89521,-1.5884,-1.9885,-2.2474,-2.125,-1.867,-1.3869,-0.89143,-0.54594,-0.13836,0.25942,0.73108,1.1668,1.8521,2.5969,3.1362,3.7628,4.242,4.5249,4.6208,4.606,4.4478,4.2652,3.9933,3.7141,3.5256,3.3181,3.1691,3.0827,3.0399,2.9914,2.9511,2.9008,2.8089,2.6591,2.5181,2.2285,1.8699,1.4119,1.0041,0.36534,-0.33398,-0.87765,-1.6207,-2.3292,-2.9801
-2.4184,-3.0124,-4.3696,-6.4447,-8.3224,-9.4949,-7.1258,-4.6664,-1.8773,0.2368,1.7883,2.6442,3.4511,3.9234,4.0898,4.0657,3.7654,3.3738,2.5749,1.402,-0.26548,-1.9705,-5.3093,-11.405,-24.041,-12.661,-5.9995,-3.2694,-0.93509,0.4583,1.158,1.3005,0.9671,0.028609,-1.1819,-3.7175,-8.0468,-16.792,-16.084,-7.7315,-3.4906,-1.4239,0.54964,1.9406,2.7232,3.4878,4.0061,4.2978,4.3676,4.2746,3.963,3.5828,2.8496,1.8561,0.89072,-0.71727,-2.7868,-5.4431,-7.7165,-10.199,-9.6171,-7.82,-5.4794,-3.6946,-2.4132,-1.7345,-1.1388,-0.82597,-0.79678,-0.99706,-1.4982,-2.0628,-3.1935,-4.7825,-7.0259,-9.133,-11.536,-10.293,-7.7617,-4.5975,-2.1276,-0.68894,0.83805,1.9511,2.7133,3.0839,3.3091,3.2673,3.0683,2.6129,1.9719,1.2262,0.66412,0.032682,-0.37058,-0.51351,-0.48367,-0.36266,-0.26373,-0.16351,-0.13989,-0.17206,-0.2271,-0.35009,-0.47326,-0.58389,-0.69555,-0.79096,-0.82222,-0.80142,-0.72038,-0.56775,-0.39643,-0.18326,0.05222,0.24426,0.4874,0.76686,1.06,1.2917,1.5476,1.6892,1.7013,1.4924,0.98577,0.3846,-0.75153,-2.2962,-4.2335,-5.7284,-7.191,-7.151,-6.2316,-4.7347,-3.297,-2.3412,-1.2108,-0.20961,0.70248,1.3346,2.0928,2.7402,3.1446,3.5671,3.8453,3.9539,3.9382,3.758,3.4047,3.0148,2.4072,1.6821,1.1501,0.48107,0.041546,-0.12305,-0.049375,0.29035,0.80198,1.2734,1.9457,2.6219,3.1129,3.726,4.2966,4.8311,5.1999,5.6526,6.0482,6.2863,6.5126,6.6141,6.5978,6.4886,6.2576,5.9159,5.6226,5.1871,4.7729,4.4796,4.1543,3.9077,3.7478,3.6645,3.5907,3.5358,3.4885,3.396,3.2653,3.1329,2.9018,2.6186,2.239,1.9119,1.4201,0.86881,0.43788,-0.13656,-0.69717,-1.1723
-3.0895,-3.7588,-5.2017,-7.3776,-9.3999,-10.746,-8.1422,-5.4809,-2.5282,-0.3192,1.3157,2.2212,3.0861,3.6194,3.811,3.8294,3.5781,3.2071,2.5022,1.5455,0.33239,-0.72063,-2.2097,-3.4951,-4.0023,-3.8347,-2.9121,-2.0541,-0.99988,-0.21602,0.23904,0.32869,0.097195,-0.55006,-1.3077,-2.664,-4.1875,-5.2634,-5.2487,-4.092,-2.4992,-1.3445,-0.036049,1.0069,1.6352,2.2729,2.7059,2.9422,2.9897,2.8609,2.5106,2.0833,1.2625,0.1077,-1.0032,-2.8949,-5.36,-8.6046,-11.564,-15.262,-14.659,-12.574,-10.157,-8.5054,-7.3686,-6.7365,-6.1978,-5.9163,-5.8444,-5.9537,-6.2601,-6.6768,-7.5187,-8.776,-10.598,-12.4,-14.383,-12.937,-10.239,-6.8689,-4.2098,-2.6291,-0.93884,0.32875,1.2419,1.7271,2.1391,2.3019,2.2924,2.1321,1.8273,1.43,1.1022,0.66145,0.23946,-0.052287,-0.43043,-0.77279,-1.0401,-1.4198,-1.8182,-2.2808,-2.6427,-3.1572,-3.702,-4.0983,-4.6674,-5.1857,-5.5064,-5.7864,-5.7484,-5.3019,-4.7404,-3.7753,-2.7651,-2.0244,-1.1625,-0.47246,0.057763,0.32663,0.51149,0.47251,0.28747,-0.20484,-1.0194,-1.8736,-3.4387,-5.6613,-8.9124,-12.574,-20.174,-16.799,-11.967,-8.016,-5.4165,-3.9496,-2.4108,-1.1652,-0.11172,0.56582,1.3562,2.0006,2.3872,2.7631,2.9637,2.9684,2.8291,2.4307,1.7723,1.0882,-0.096167,-1.5676,-2.8523,-4.4991,-5.4517,-5.1021,-4.1117,-2.4839,-0.91248,0.15061,1.3943,2.4622,3.1595,3.968,4.6533,5.2182,5.5652,5.9198,6.1451,6.2241,6.2024,6.0197,5.6768,5.3138,4.6833,3.9231,3.2826,2.3813,1.5036,0.93354,0.36658,0.064028,-0.021099,0.023257,0.14974,0.2656,0.33319,0.36642,0.34029,0.26457,0.14434,-0.065067,-0.33711,-0.60063,-1.0401,-1.6108,-2.1209,-2.8626,-3.5793,-4.1212
-3.0857,-3.1674,-3.3421,-3.4943,-3.4973,-3.2003,-2.4894,-1.7626,-0.6656,0.41292,1.3386,1.913,2.4857,2.832,2.9391,2.8886,2.6311,2.3002,1.7023,0.96789,0.142,-0.49703,-1.2771,-1.8739,-2.1505,-2.2585,-2.0652,-1.7916,-1.3545,-0.91788,-0.58332,-0.4383,-0.39918,-0.56485,-0.78647,-1.1732,-1.5733,-1.8757,-1.9827,-1.9559,-1.763,-1.5353,-1.1938,-0.80558,-0.51573,-0.1312,0.19703,0.43337,0.53082,0.51462,0.29117,-0.030004,-0.67094,-1.595,-2.4621,-3.8736,-5.5406,-7.334,-8.6751,-10.262,-11.456,-12.072,-12.515,-12.617,-12.519,-12.358,-12.117,-12.011,-11.973,-11.971,-11.935,-11.871,-11.623,-11.367,-11.032,-10.669,-9.9598,-8.8738,-7.8692,-6.3374,-4.8226,-3.7381,-2.4889,-1.4651,-0.67233,-0.24613,0.12915,0.28481,0.27152,0.096991,-0.20782,-0.61391,-0.96592,-1.4866,-2.036,-2.4531,-3.0517,-3.6823,-4.1798,-4.9011,-5.7016,-6.5871,-7.3157,-8.3062,-9.3444,-10.12,-11.202,-12.459,-13.638,-15.569,-17.015,-15.682,-13.274,-9.98,-7.3665,-5.8061,-4.1726,-2.9828,-2.174,-1.7975,-1.5511,-1.5809,-1.7992,-2.292,-3.0174,-3.7166,-4.8125,-6.047,-7.3577,-8.2012,-8.926,-8.8863,-8.3549,-7.378,-6.2582,-5.4618,-4.4116,-3.4166,-2.478,-1.8151,-0.99399,-0.27119,0.18502,0.64638,0.91178,0.96428,0.82792,0.40525,-0.35145,-1.164,-2.7083,-4.9369,-7.3257,-12.413,-23.685,-15.411,-10.186,-6.1564,-3.5106,-2.0206,-0.44172,0.82389,1.6205,2.5325,3.281,3.8747,4.2234,4.5442,4.6882,4.6749,4.4792,4.0695,3.412,2.7583,1.6323,0.21247,-1.0649,-3.0361,-5.2278,-6.8053,-8.2036,-8.2223,-7.3346,-6.5476,-5.6725,-5.0784,-4.8156,-4.6505,-4.6475,-4.6872,-4.759,-4.8057,-4.8151,-4.8773,-5.1178,-5.6436,-6.3136,-7.7246,-9.8777,-12.769
-2.9482,-2.5831,-2.1153,-1.6634,-1.3089,-0.79067,-0.22134,0.23778,0.85993,1.4487,1.9654,2.284,2.5899,2.7295,2.7252,2.5473,2.1758,1.7811,1.0841,0.2095,-0.77689,-1.5582,-2.5594,-3.3856,-3.7862,-3.9047,-3.5892,-3.1431,-2.4123,-1.6751,-1.0516,-0.68184,-0.34759,-0.19587,-0.20772,-0.36003,-0.65849,-1.0688,-1.4358,-2.0053,-2.5902,-3.0164,-3.45,-3.6287,-3.5451,-3.1636,-2.5979,-2.0199,-1.6591,-1.3241,-1.2109,-1.2821,-1.5963,-2.1584,-2.7606,-3.7978,-5.1014,-6.6777,-8.077,-10.212,-12.744,-14.898,-17.992,-19.916,-19.424,-18.549,-17.718,-17.667,-18.191,-19.23,-19.794,-19.004,-16.944,-14.743,-12.854,-11.601,-10.105,-8.7146,-7.7085,-6.4176,-5.1627,-4.2984,-3.269,-2.4199,-1.7884,-1.4692,-1.2602,-1.2823,-1.4533,-1.8593,-2.4254,-3.1045,-3.6524,-4.391,-5.1144,-5.6533,-6.3403,-7.1065,-7.741,-8.7088,-9.8833,-11.283,-12.487,-14.306,-16.058,-17.095,-17.804,-18.139,-18.657,-20.134,-21.907,-19.657,-16.102,-11.871,-8.7137,-6.9509,-5.1281,-3.85,-3.0474,-2.6959,-2.5528,-2.7305,-3.0412,-3.6497,-4.4087,-5.0192,-5.7999,-6.4705,-6.9639,-7.2454,-7.478,-7.5583,-7.5552,-7.5021,-7.4111,-7.2864,-6.9673,-6.3734,-5.4966,-4.6798,-3.5469,-2.4721,-1.7713,-1.0171,-0.49786,-0.23114,-0.19111,-0.36288,-0.79831,-1.3081,-2.2122,-3.3619,-4.3401,-5.5117,-6.2011,-6.0409,-5.4365,-4.322,-3.171,-2.3478,-1.322,-0.35959,0.32866,1.197,1.9841,2.6574,3.0619,3.4463,3.6235,3.6036,3.3548,2.8354,2.017,1.1829,-0.24445,-2.112,-3.875,-6.8817,-11.142,-15.946,-27.606,-18.846,-13.677,-11.636,-10.06,-9.3105,-9.1791,-9.4673,-10.161,-10.733,-11.245,-10.849,-9.8127,-8.9408,-8.0406,-7.6231,-7.7105,-8.4326,-9.944,-12.021
-3.2723,-2.5237,-1.6458,-0.87502,-0.35659,0.27334,0.84331,1.2485,1.7486,2.194,2.5782,2.8006,2.9959,3.0519,2.9864,2.7361,2.2667,1.7626,0.8635,-0.3417,-1.9075,-3.3496,-5.7123,-8.4691,-10.225,-10.283,-8.0355,-6.1517,-4.0128,-2.3677,-1.1183,-0.4138,0.24223,0.62423,0.72638,0.62491,0.24718,-0.43058,-1.1616,-2.4673,-4.2471,-5.936,-8.5449,-10.538,-10.283,-8.2084,-6.007,-4.2974,-3.3483,-2.4425,-1.8613,-1.6118,-1.5221,-1.6883,-1.9961,-2.6457,-3.6121,-4.9437,-6.2298,-8.3794,-11.244,-14.074,-18.962,-22.736,-20.68,-18.824,-17.769,-18.155,-19.493,-23.12,-28.116,-25.236,-19.454,-15.847,-13.45,-12.1,-10.615,-9.2971,-8.2952,-6.9489,-5.6132,-4.6678,-3.5493,-2.6533,-2.0526,-1.7958,-1.7594,-2.0742,-2.5369,-3.4407,-4.6618,-6.083,-7.1652,-8.4037,-9.2656,-9.7032,-10.148,-10.614,-11.099,-11.974,-13.137,-14.705,-16.303,-19.463,-25.382,-38.35,-26.993,-20.243,-17.486,-14.955,-12.996,-11.02,-9.53,-7.5394,-5.7228,-4.5709,-3.3338,-2.4897,-2.0224,-1.9248,-2.1459,-2.769,-3.4648,-4.7242,-6.2335,-7.3647,-8.5539,-9.0006,-8.7171,-8.3448,-7.8846,-7.7155,-7.8782,-8.439,-9.5689,-10.754,-12.614,-13.148,-10.99,-8.7846,-6.1847,-4.1698,-3.0047,-1.8291,-1.0106,-0.49571,-0.26128,-0.13877,-0.18612,-0.32409,-0.60876,-0.98013,-1.283,-1.6836,-2.0518,-2.3258,-2.4842,-2.6588,-2.7796,-2.8135,-2.6584,-2.1599,-1.5317,-0.48182,0.65435,1.6976,2.3443,2.9861,3.3501,3.4289,3.2718,2.8006,2.0226,1.226,-0.12104,-1.7982,-3.2705,-5.4241,-7.6991,-9.2464,-10.754,-11.314,-11.123,-10.793,-10.415,-10.371,-10.676,-11.783,-14.074,-17.324,-28.981,-21.921,-13.878,-10.736,-7.9788,-6.235,-5.361,-4.58,-4.0499,-3.5384
-4.0432,-2.9647,-1.8157,-0.9224,-0.38595,0.20564,0.71706,1.0623,1.506,1.9466,2.3552,2.6278,2.9096,3.07,3.075,2.9178,2.5367,2.0702,1.1929,-0.010039,-1.6539,-3.2249,-5.9546,-9.6189,-12.631,-12.645,-8.8457,-6.3094,-3.7321,-1.8188,-0.37297,0.46512,1.2945,1.8042,1.9998,1.9883,1.6592,0.97223,0.18664,-1.277,-3.3875,-5.5236,-9.3517,-13.266,-12.726,-9.2305,-6.5166,-4.7302,-3.7779,-2.8388,-2.1163,-1.671,-1.1865,-0.87607,-0.76859,-0.84477,-1.2029,-1.8612,-2.5444,-3.7219,-5.1274,-6.2431,-7.7069,-8.8721,-9.6602,-10.063,-10.562,-11.211,-11.717,-12.379,-12.789,-12.738,-12.409,-11.964,-11.722,-11.75,-11.916,-11.746,-10.997,-9.1237,-6.902,-5.3403,-3.5982,-2.3235,-1.5115,-1.2198,-1.2486,-1.7959,-2.5694,-4.1644,-6.5294,-9.9107,-13.334,-18.345,-18.069,-15.964,-14.433,-14.042,-14.275,-14.922,-15.548,-15.835,-15.993,-16.147,-16.175,-15.895,-14.632,-12.589,-10.98,-8.9605,-7.1037,-5.4483,-4.301,-2.9546,-1.8018,-1.0678,-0.34358,0.10052,0.22318,0.062639,-0.49441,-1.5177,-2.6702,-4.856,-8.1758,-12.048,-22.517,-18.771,-11.905,-9.3618,-7.464,-6.6329,-6.5294,-7.0886,-8.4782,-10.221,-13.579,-15.471,-11.882,-8.8786,-5.8922,-3.8368,-2.7277,-1.6916,-1.0231,-0.59365,-0.39008,-0.18687,-0.018496,0.10757,0.24011,0.31408,0.32307,0.17907,-0.11772,-0.64473,-1.2388,-2.394,-4.0842,-5.8063,-8.4746,-9.1796,-7.1551,-3.7726,-1.0596,0.92902,2.0348,3.0696,3.68,3.8882,3.8584,3.493,2.8056,2.0844,0.85834,-0.66926,-1.9731,-3.9181,-5.9493,-7.4566,-9.195,-10.324,-10.622,-10.381,-9.8076,-9.288,-9.062,-9.0537,-9.3371,-9.6553,-9.6956,-8.7623,-7.0823,-5.6348,-3.8261,-2.284,-1.315,-0.21614,0.72279,1.5617
-3.9454,-2.9797,-2.0676,-1.5231,-1.2853,-1.1346,-1.0408,-0.92627,-0.60572,-0.061679,0.63543,1.1925,1.8763,2.4045,2.6698,2.8133,2.7184,2.4777,1.9273,1.1275,0.11793,-0.75912,-1.9692,-3.0428,-3.5639,-3.7224,-3.2446,-2.5666,-1.4351,-0.21852,0.91606,1.6716,2.5223,3.1382,3.4403,3.6249,3.5455,3.1978,2.7601,1.9379,0.89715,0.0096027,-1.1442,-2.1006,-2.5686,-2.9441,-3.1928,-3.5171,-3.7854,-3.9705,-3.6298,-2.9526,-1.7095,-0.46463,0.31731,1.0639,1.4725,1.5542,1.4303,1.0321,0.4462,-0.080979,-0.84179,-1.6299,-2.3821,-2.9364,-3.6377,-4.3145,-4.808,-5.4102,-5.9416,-6.3218,-6.9017,-7.6739,-8.9203,-10.424,-13.997,-23.244,-24.167,-12.34,-7.1404,-4.6187,-2.1983,-0.59425,0.39147,0.75587,0.79667,0.3206,-0.40009,-1.8762,-3.9958,-6.8504,-9.3809,-12.365,-13.177,-12.821,-12.684,-13.768,-15.636,-20.374,-26.725,-19.666,-15.7,-12.393,-10.124,-8.7284,-7.1302,-5.6312,-4.5516,-3.1566,-1.8534,-0.67907,0.13112,1.0763,1.8707,2.3556,2.821,3.0691,3.0577,2.8708,2.3574,1.5241,0.64857,-0.81588,-2.6001,-3.9711,-5.3542,-5.5762,-4.7619,-3.9577,-3.0867,-2.5348,-2.3441,-2.4176,-2.7443,-3.0627,-3.3914,-3.418,-3.0186,-2.5386,-1.8383,-1.2814,-1.0303,-0.95849,-1.1802,-1.5935,-1.916,-2.099,-1.8034,-1.2736,-0.3838,0.46281,0.94957,1.3651,1.4534,1.1552,0.6475,-0.46598,-2.203,-4.0025,-6.8098,-7.6817,-5.7272,-2.4523,0.16266,2.0564,3.1025,4.0895,4.6706,4.874,4.8534,4.5263,3.8862,3.204,2.0208,0.51197,-0.8591,-3.0927,-5.9291,-8.6399,-13.616,-20.532,-17.354,-13.326,-9.8831,-7.685,-6.5122,-5.329,-4.4358,-3.8248,-2.995,-2.0965,-1.1016,-0.29643,0.77285,1.806,2.537,3.4269,4.2289,4.9527
-2.0236,-1.6275,-1.4521,-1.7074,-2.2155,-3.343,-4.9462,-6.1054,-6.4864,-4.9179,-2.6344,-1.093,0.55917,1.7454,2.3875,2.9241,3.144,3.1403,2.9094,2.4221,1.7338,1.0833,0.11019,-0.8874,-1.5618,-2.2004,-2.2491,-1.8509,-0.8259,0.4987,1.8573,2.778,3.8209,4.6543,5.118,5.5466,5.767,5.7984,5.7089,5.4416,5.0343,4.6523,4.0274,3.2942,2.6382,1.5567,0.049274,-2.2086,-4.8444,-11.188,-15.435,-7.8903,-2.4307,0.78733,2.4167,3.9411,4.9134,5.4607,5.6378,5.6369,5.3911,5.0706,4.5201,3.8386,3.0689,2.4459,1.59,0.77183,0.17492,-0.52603,-1.0912,-1.4596,-1.8707,-2.3131,-2.8334,-3.2737,-3.816,-3.9439,-3.4794,-2.1024,-0.34828,0.95814,2.4266,3.5521,4.2952,4.617,4.721,4.4759,4.0744,3.2674,2.187,0.93595,-0.037059,-1.2944,-2.4196,-3.223,-4.3134,-5.6464,-6.8294,-8.3895,-9.0489,-8.1186,-6.773,-4.9011,-3.2475,-2.1655,-0.94042,0.13175,0.86774,1.7779,2.6169,3.4045,3.9517,4.6299,5.2182,5.5843,5.978,6.2082,6.2666,6.2,5.9377,5.4936,5.0691,4.4028,3.7139,3.2344,2.7394,2.4751,2.4054,2.4616,2.5881,2.6983,2.7268,2.7194,2.6343,2.546,2.4337,2.3462,2.2887,2.2305,2.0902,1.7944,1.3911,0.50863,-0.9656,-3.3994,-6.1659,-11.2,-9.4539,-5.4009,-1.5287,0.94561,2.2119,3.3672,3.9926,4.2247,4.1838,3.9106,3.4579,3.1119,2.7947,2.8193,3.0976,3.7463,4.522,5.2599,5.7251,6.1952,6.4593,6.5189,6.4047,6.0611,5.4796,4.8886,3.8598,2.5763,1.4158,-0.39644,-2.5118,-4.3319,-6.7862,-8.4569,-8.2576,-7.1334,-5.3446,-3.7223,-2.6687,-1.4702,-0.43765,0.28671,1.1803,2.0267,2.8746,3.4843,4.2734,5.0135,5.5374,6.1687,6.7203,7.2118
0.26784,0.29401,0.037511,-0.6471,-1.5503,-3.4511,-6.6076,-10.209,-13.399,-8.111,-3.8781,-1.6942,0.30605,1.6491,2.3592,3.0169,3.3823,3.516,3.4925,3.2033,2.6193,1.9584,0.69305,-1.1755,-3.159,-6.8347,-10.109,-8.1471,-3.7063,-0.33098,2.0573,3.3933,4.7279,5.7074,6.2555,6.8091,7.2249,7.541,7.7288,7.9078,7.9782,7.9649,7.8012,7.4717,7.0786,6.3472,5.3129,3.9947,2.8748,1.6355,1.5205,2.3537,4.1271,5.8922,7.0067,8.1842,9.0157,9.5353,9.7321,9.779,9.579,9.2795,8.6889,7.888,6.8726,5.9927,4.682,3.3095,2.3226,1.2815,0.77693,0.78128,1.1875,1.7754,2.388,2.8267,3.407,4.0468,4.5925,5.3891,6.231,6.8699,7.6211,8.243,8.6831,8.8965,8.9939,8.9045,8.7207,8.3302,7.7986,7.1713,6.6646,5.9479,5.2314,4.6915,3.9689,3.2991,2.8608,2.412,2.2152,2.2984,2.5277,2.9498,3.4341,3.7798,4.1926,4.5584,4.7994,5.0947,5.4145,5.8038,6.142,6.6696,7.2266,7.625,8.1215,8.4943,8.7309,8.8009,8.7486,8.5423,8.3189,7.9373,7.5249,7.2236,6.8908,6.6608,6.5188,6.465,6.4622,6.4563,6.4203,6.3623,6.2499,6.1266,5.914,5.6825,5.4433,5.2598,4.983,4.6221,4.2412,3.5117,2.4341,0.92477,-0.4033,-1.7146,-1.1538,0.35453,2.575,4.3978,5.4461,6.4617,7.0919,7.4389,7.5596,7.5848,7.5041,7.4229,7.3283,7.2829,7.2872,7.3586,7.4451,7.5507,7.6194,7.6713,7.6702,7.6122,7.4549,7.1565,6.6986,6.2474,5.4753,4.5263,3.7247,2.5594,1.3879,0.55276,-0.34609,-0.90068,-1.0324,-0.8818,-0.42943,0.22961,0.75564,1.478,2.2143,2.7474,3.4597,4.1568,4.8817,5.402,6.057,6.6478,7.0199,7.4149,7.6745,7.82
0.31922,0.38885,0.35809,0.11451,-0.21096,-0.81876,-1.5016,-1.9225,-2.0929,-1.7735,-1.1298,-0.62895,-0.076098,0.32725,0.52809,0.82565,1.1514,1.3958,1.7049,1.9383,1.894,1.654,0.94013,-0.32171,-1.6363,-3.71,-4.9045,-4.1293,-1.7102,0.62246,2.3355,3.2691,4.1066,4.5739,4.7765,4.9805,5.2754,5.771,6.2807,7.0635,7.8207,8.3151,8.8233,9.1253,9.2209,9.1873,9.0072,8.7557,8.5901,8.4698,8.5622,8.7916,9.2619,9.844,10.289,10.836,11.269,11.55,11.651,11.612,11.367,11.038,10.363,9.4117,8.1184,6.8948,4.7945,1.9409,-0.89087,-5.7622,-7.171,-3.9421,-0.22152,2.3531,4.171,5.213,6.3332,7.248,7.8362,8.5226,9.1186,9.501,9.9372,10.276,10.513,10.624,10.688,10.658,10.578,10.41,10.172,9.8773,9.6248,9.2728,8.8982,8.6165,8.2313,7.8796,7.6392,7.3581,7.1325,6.9634,6.859,6.7035,6.4977,6.2758,5.912,5.4194,4.969,4.3293,3.8002,3.5938,3.7705,4.4564,5.4537,6.226,7.162,7.9169,8.4393,8.6508,8.7266,8.5678,8.314,7.8309,7.2541,6.8219,6.3524,6.0868,6.0574,6.1482,6.3526,6.5316,6.6048,6.5593,6.3504,6.0843,5.6179,5.1132,4.6662,4.4737,4.4257,4.5892,4.7875,5.0273,5.1959,5.2998,5.3735,5.5659,5.9358,6.3237,6.9061,7.4622,7.7861,8.0618,8.1847,8.1707,8.0993,7.9518,7.8036,7.6825,7.5048,7.3051,7.1127,6.7978,6.4383,6.0657,5.8101,5.5664,5.4803,5.4864,5.5219,5.4798,5.2858,4.9981,4.441,3.6571,2.9472,1.9439,0.93791,0.30279,-0.36383,-0.72911,-0.79204,-0.68055,-0.404,-0.028874,0.26428,0.64715,1.0479,1.3266,1.7903,2.3768,3.0606,3.6356,4.402,5.081,5.4512,5.7327,5.7104,5.3056
-2.2256,-1.7271,-1.0927,-0.58942,-0.32483,-0.12984,-0.094502,-0.14092,-0.28087,-0.52457,-0.899,-1.3601,-2.1746,-3.2806,-4.2135,-5.2371,-5.0879,-4.1349,-2.4144,-0.82917,0.38684,1.0005,1.4778,1.6727,1.6856,1.6785,1.796,2.0251,2.4385,2.8517,3.1273,3.1358,2.7952,1.9426,0.93645,-0.79288,-2.1061,-1.169,0.73058,3.3399,5.5068,6.7648,8.065,8.9746,9.4606,9.8819,10.123,10.223,10.249,10.259,10.283,10.345,10.471,10.659,10.834,11.087,11.33,11.526,11.616,11.614,11.448,11.19,10.647,9.8371,8.7248,7.6489,5.8674,3.6074,1.6562,-0.76134,-1.3637,-0.25046,1.8805,3.8164,5.3557,6.2784,7.2745,8.0498,8.5032,8.9871,9.3396,9.5197,9.6876,9.7693,9.7973,9.7853,9.7664,9.7386,9.7196,9.6995,9.6802,9.6434,9.5954,9.5085,9.3855,9.2763,9.1295,8.9552,8.816,8.6297,8.4209,8.1696,7.9288,7.5249,6.963,6.4111,5.4209,4.0382,2.6712,0.23399,-3.2079,-7.0782,-6.7298,-2.7108,0.72586,2.6571,4.5288,5.8375,6.6618,7.0126,7.1242,6.8328,6.3247,5.271,3.7848,2.4678,0.78249,0.12255,0.97295,2.0609,3.3702,4.3083,4.723,4.828,4.4545,3.8668,2.646,0.92619,-0.98007,-1.894,-1.2615,0.79203,2.3979,4.2051,5.582,6.6133,7.2095,7.8064,8.2221,8.4127,8.5153,8.4188,8.2026,7.7201,7.0545,6.2745,5.6973,5.0923,4.7787,4.7012,4.6696,4.5273,4.2637,3.5792,2.5131,1.0607,-0.099362,-1.1499,-0.98639,-0.19554,0.97001,1.8472,2.2398,2.19,1.7005,0.75338,-0.26662,-1.9085,-3.738,-4.9961,-6.0306,-6.0423,-5.4046,-4.7873,-4.036,-3.5579,-3.3279,-3.2604,-3.5102,-3.7629,-4.0733,-3.7931,-2.6832,-1.4614,0.24252,1.6393,2.4201,3.0116,3.0492,2.4348
-7.765,-5.8829,-3.8743,-2.375,-1.5621,-0.81909,-0.42357,-0.3276,-0.47491,-0.91175,-1.7066,-2.5487,-4.1792,-6.7138,-9.5899,-16.868,-18.742,-11.285,-6.0722,-2.8837,-0.67727,0.52792,1.733,2.5936,3.057,3.502,3.7904,3.9318,4.0098,3.9188,3.635,3.2286,2.3343,0.9053,-0.71492,-3.9221,-7.9476,-6.0469,-2.2791,1.5849,4.2986,5.8019,7.3017,8.3613,8.9162,9.4014,9.6387,9.6796,9.5979,9.398,9.1326,8.9219,8.7062,8.6178,8.6689,8.8897,9.2545,9.674,9.9615,10.267,10.414,10.398,10.207,9.7905,9.1725,8.5796,7.6666,6.6968,6.025,5.3207,4.967,4.9579,5.2396,5.709,6.2434,6.6487,7.1196,7.4861,7.6845,7.8247,7.8229,7.7409,7.512,7.1931,6.8347,6.591,6.3472,6.2729,6.3388,6.546,6.8366,7.1329,7.3279,7.5032,7.6008,7.6224,7.6145,7.5767,7.5462,7.5044,7.446,7.3317,7.1838,6.8636,6.3479,5.8023,4.7822,3.3691,2.0202,-0.23671,-2.9784,-5.2094,-5.2061,-3.0915,-0.59473,1.0757,2.8603,4.1962,5.1117,5.5395,5.7051,5.3882,4.792,3.4139,1.1175,-1.5474,-7.5669,-13.116,-4.9457,-1.4422,1.3171,2.8456,3.433,3.6579,3.2665,2.5536,0.96838,-1.5996,-5.7905,-9.4715,-6.7668,-1.5737,1.1967,3.8908,5.8227,7.2075,7.9759,8.684,9.0681,9.1504,8.9703,8.4238,7.7514,6.4471,4.5422,1.9145,-0.49468,-3.2242,-2.9159,-1.3604,0.39938,1.2905,1.4097,0.83839,-0.70758,-3.5769,-7.3052,-17.735,-11.593,-6.2805,-2.6314,-0.7265,0.11512,0.21788,-0.3283,-1.5966,-3.0413,-5.9379,-10.484,-16.174,-33.871,-16.254,-11.811,-10.077,-8.6153,-7.7534,-7.4249,-7.4791,-8.3966,-9.8878,-14.366,-32.694,-13.15,-7.788,-3.6248,-1.0313,0.28596,1.3664,1.8241,1.7982
-10.771,-8.2168,-5.622,-3.7428,-2.7197,-1.7543,-1.2183,-1.0805,-1.2066,-1.6564,-2.3995,-3.0888,-4.2046,-5.3577,-6.1642,-6.7464,-6.4052,-5.5257,-3.8621,-2.0713,-0.46501,0.59713,1.775,2.6818,3.2049,3.7059,3.9937,4.0761,4.0531,3.8843,3.5458,3.2142,2.6787,2.0904,1.6717,1.2608,1.2401,1.8122,2.574,3.8353,5.1017,5.9561,6.876,7.5469,7.867,8.0749,8.0162,7.7166,7.3306,6.5985,5.6295,4.7605,3.574,2.6857,2.5195,3.1491,4.3865,5.7209,6.62,7.5911,8.2754,8.6079,8.8065,8.7688,8.5142,8.2131,7.6814,7.0735,6.5886,5.9762,5.4708,5.1943,4.9708,4.9051,4.9788,5.0928,5.2552,5.3563,5.3643,5.2094,4.8412,4.4164,3.608,2.549,1.2637,0.27069,-0.82775,-1.1163,-0.67423,0.45674,1.6673,2.6718,3.2271,3.6945,3.8931,3.9064,3.7987,3.7296,3.7644,3.9555,4.2962,4.6783,4.9218,5.0793,5.0016,4.7525,4.1659,3.3037,2.4693,1.2019,-0.072189,-1.0857,-1.4931,-1.4479,-0.71401,0.14381,1.4899,2.791,3.8694,4.4447,4.8995,4.9733,4.7877,4.2312,3.3737,2.6304,1.7741,1.4467,1.8279,2.3771,3.1116,3.6297,3.8006,3.767,3.4328,2.9969,2.2826,1.5379,1.0434,1.0085,1.6154,2.824,3.9261,5.416,6.7711,7.8933,8.5492,9.1728,9.4888,9.5243,9.2682,8.6375,7.8849,6.4242,4.3213,1.3803,-1.4503,-5.0192,-4.3476,-2.3006,-0.19839,0.92975,1.242,1.125,0.50449,-0.4514,-1.2154,-1.863,-1.7801,-1.3001,-0.464,0.17108,0.43033,0.33465,-0.22505,-1.3248,-2.4847,-4.5302,-6.9771,-8.8574,-10.85,-11.953,-12.707,-13.144,-13.2,-11.994,-10.798,-9.4104,-8.5021,-8.2764,-8.1804,-7.5429,-5.9423,-4.3615,-2.3275,-0.66587,0.26431,1.0986,1.5302,1.6254
-7.9191,-6.4627,-4.6472,-3.1389,-2.2457,-1.4453,-1.0523,-1.0326,-1.3357,-2.011,-2.9675,-3.8416,-4.9645,-5.7968,-6.0561,-5.8279,-4.9895,-4.058,-2.6421,-1.2404,0.1009,1.0086,2.0511,2.8592,3.317,3.7199,3.8874,3.8631,3.6401,3.2535,2.7604,2.4018,2.0503,1.9187,2.0276,2.4058,3.013,3.7491,4.3442,5.1264,5.8282,6.2768,6.7209,6.9588,7.0037,6.8589,6.4869,5.8493,5.1841,3.9516,2.2073,0.40098,-3.2657,-10.505,-21.097,-6.8232,-1.2299,2.0399,3.7487,5.373,6.4864,7.0537,7.4937,7.639,7.509,7.2571,6.7371,6.026,5.3755,4.4035,3.3692,2.6345,1.8377,1.4686,1.5687,1.8303,2.2762,2.6166,2.6961,2.5319,1.9997,1.3062,0.027744,-1.8132,-4.4113,-7.3309,-14.259,-23.649,-12.022,-6.1182,-2.8852,-0.9702,-0.14878,0.33845,0.1365,-0.41511,-1.5916,-2.8921,-3.33,-2.4566,-0.59472,1.2484,2.3623,3.4363,4.0561,4.2366,4.1247,3.6119,2.9473,1.6634,-0.13112,-2.5439,-4.7883,-7.2576,-5.9957,-3.5209,-0.46128,1.8142,3.4419,4.3082,5.1134,5.5797,5.75,5.7965,5.7227,5.6327,5.5203,5.468,5.4561,5.4516,5.4032,5.2376,5.0112,4.5146,3.8532,3.3202,2.6386,2.195,2.2239,2.5628,3.4111,4.5561,5.498,6.7532,7.9008,8.8878,9.4899,10.096,10.453,10.546,10.439,10.061,9.6009,8.7534,7.6917,6.5203,5.6674,4.7553,4.2044,4.0273,3.9237,3.8077,3.6409,3.2942,2.8666,2.4369,2.1925,1.9829,1.9673,2.0526,2.237,2.3856,2.382,2.2225,1.7944,1.0571,0.2809,-0.98422,-2.4968,-3.806,-5.7661,-8.2426,-11.781,-16.057,-26.925,-16.441,-11.786,-8.0553,-5.6681,-4.3897,-3.026,-1.8519,-0.77423,-0.013728,0.87675,1.5707,1.915,2.1368,2.0544,1.6364
-6.6189,-4.6818,-2.6397,-1.1523,-0.354,0.26496,0.41133,0.22499,-0.44982,-1.6455,-3.4409,-5.2698,-8.5247,-12.581,-13.829,-10.81,-7.2669,-5.2018,-2.9545,-1.1163,0.39003,1.3459,2.399,3.1966,3.6181,3.9146,3.9062,3.6846,3.041,1.9748,0.56112,-0.66739,-2.0011,-2.038,-1.1054,0.68507,2.4081,3.8281,4.6776,5.5457,6.1176,6.3664,6.4902,6.3724,6.1569,5.7074,5.1257,4.404,3.7695,2.7909,1.6242,0.62106,-0.83356,-1.9868,-2.1681,-1.1961,0.54286,2.3416,3.5111,4.8166,5.776,6.2761,6.6919,6.7953,6.6172,6.2895,5.6139,4.6242,3.6759,2.0264,-0.19558,-2.3943,-5.9547,-7.988,-5.5359,-3.2231,-0.98107,0.35807,0.83433,0.90021,0.3616,-0.41481,-1.8522,-3.6099,-5.4062,-6.5265,-7.4205,-7.1181,-6.0309,-4.0645,-2.2244,-0.90623,-0.32455,-0.19473,-0.86247,-2.0017,-4.6774,-9.7854,-15.233,-9.3068,-3.5805,-0.18058,1.583,3.2922,4.4232,4.9643,5.2853,5.1539,4.7754,3.8273,2.2881,0.0086699,-2.1859,-4.7904,-3.672,-1.3582,1.4389,3.4379,4.7801,5.4759,6.0754,6.4256,6.5897,6.7611,6.9369,7.0833,7.2815,7.4409,7.4972,7.446,7.2166,6.7422,6.194,5.1387,3.6494,2.2278,-0.066126,-2.1446,-2.2386,-0.67342,1.9147,4.2631,5.7627,7.4391,8.8046,9.8927,10.552,11.224,11.681,11.879,11.972,11.875,11.683,11.305,10.804,10.213,9.7398,9.0879,8.4242,7.9143,7.1879,6.3838,5.7307,4.7924,3.8674,3.132,2.7995,2.7099,2.9854,3.3293,3.8107,4.2318,4.4955,4.5544,4.425,4.0715,3.6529,2.914,1.9625,1.1357,-0.1195,-1.4865,-2.8502,-3.685,-4.1888,-3.7083,-2.9285,-1.6362,-0.36093,0.55529,1.6135,2.4843,3.1818,3.593,3.9877,4.1825,4.1638,3.8814,3.2409,2.1925
-3.6663,-1.9365,-0.17558,1.0374,1.6148,2.0118,1.9523,1.6167,0.7639,-0.56298,-2.4241,-4.2373,-7.1971,-10.214,-11.146,-9.6483,-7.2423,-5.5795,-3.6854,-2.0456,-0.61781,0.33487,1.4231,2.3145,2.8034,3.1931,3.2208,2.9611,2.1783,0.74754,-1.6462,-4.5221,-11.478,-12.83,-6.3589,-1.5274,1.3389,3.1884,4.1211,4.8945,5.2328,5.2135,4.869,4.2161,3.544,2.5339,1.5152,0.72486,0.32086,0.022321,-0.17556,-0.28778,-0.36901,-0.32442,-0.15849,0.3186,1.0551,1.9344,2.636,3.5152,4.2318,4.6129,4.8983,4.8934,4.6111,4.2181,3.4574,2.4448,1.5269,0.029095,-1.8884,-3.7401,-6.5536,-7.8742,-5.74,-3.6128,-1.43,-0.15167,0.31346,0.2482,-0.58098,-1.6906,-4.0761,-7.6089,-11.99,-12.639,-9.0606,-5.714,-3.8265,-1.8314,-0.37559,0.58677,1.0055,1.1166,0.79974,0.31209,-0.55555,-1.3073,-1.5585,-1.2002,-0.17681,1.1714,2.2251,3.575,4.7586,5.4879,6.2127,6.6385,6.7549,6.6622,6.3317,5.8454,5.5034,5.2314,5.2853,5.5064,5.8804,6.1749,6.2359,6.1009,5.6775,5.1012,4.7252,4.556,4.9072,5.4422,6.2826,7.0227,7.5432,7.7391,7.6987,7.2867,6.7005,5.5334,3.7989,1.967,-1.3857,-5.9814,-6.5274,-3.0191,0.97939,3.8161,5.4385,7.1442,8.4841,9.5416,10.18,10.843,11.322,11.583,11.798,11.885,11.872,11.764,11.554,11.24,10.933,10.414,9.7549,9.1338,8.1119,6.7974,5.5676,3.5313,0.9874,-1.8369,-3.2126,-2.365,-0.066845,1.5329,3.1901,4.3513,5.1161,5.4774,5.697,5.6764,5.5316,5.1746,4.6768,4.2338,3.6064,3.0011,2.493,2.2209,2.0513,2.1205,2.3485,2.7985,3.3408,3.7575,4.3025,4.773,5.1678,5.3735,5.5281,5.4962,5.3336,4.8693,4.0801,2.9093
0.3539,1.2066,2.1153,2.728,2.9691,3.01,2.7283,2.2982,1.4478,0.31195,-1.0634,-2.197,-3.7137,-5.118,-5.9427,-6.6434,-6.9508,-6.8879,-6.4782,-5.6181,-4.2991,-3.2078,-1.7497,-0.45687,0.33786,1.1516,1.617,1.7305,1.5955,1.1291,0.37655,-0.20612,-0.75247,-0.65423,-0.13267,0.92562,2.005,2.8379,3.2534,3.4608,3.2736,2.8542,1.8579,0.30818,-1.2903,-4.0914,-7.509,-9.6212,-8.8664,-6.8423,-5.3244,-4.6524,-4.1962,-4.0547,-3.9981,-3.7745,-3.1575,-2.1601,-1.2817,-0.19193,0.70206,1.1773,1.4483,1.3414,0.82673,0.21553,-0.82313,-1.8881,-2.5645,-3.0644,-3.175,-3.0508,-2.7284,-2.1458,-1.3438,-0.65923,0.17717,0.7264,0.89854,0.71057,-0.010711,-0.93964,-2.7321,-5.1519,-7.4255,-7.6143,-5.6586,-3.1985,-1.6616,-0.0977,0.99587,1.6697,1.9057,1.9393,1.6526,1.2626,0.57468,-0.23951,-0.83889,-1.4411,-1.5769,-0.97209,-0.04925,1.5182,3.1499,4.2673,5.5667,6.5945,7.1699,7.7182,8.051,8.2268,8.2719,8.2641,8.1697,8.0491,7.7383,7.1875,6.2881,5.2757,3.3165,0.28359,-3.0762,-7.5491,-3.6969,-0.23482,2.8829,4.8586,6.0715,6.6059,6.9024,6.796,6.4839,5.7871,4.8331,4.0124,2.9288,2.1324,1.8815,2.1256,2.8376,3.7578,4.4854,5.4364,6.2968,7.0469,7.5223,8.0455,8.4302,8.6497,8.8656,9.0283,9.1378,9.2527,9.3355,9.3541,9.2931,9.0784,8.6605,8.1805,7.2691,5.9843,4.7045,2.4613,-0.65988,-4.8954,-7.5468,-5.5123,-1.8744,0.17195,2.1019,3.4015,4.241,4.6504,4.964,5.0416,4.9774,4.7574,4.4309,4.1371,3.7185,3.3113,2.9795,2.8003,2.6864,2.6975,2.7996,3.0265,3.3226,3.5455,3.8439,4.1271,4.3702,4.5228,4.6485,4.6576,4.5723,4.3155,3.8585,3.1527
3.2229,3.5865,3.9077,4.0139,3.9458,3.6235,3.0577,2.4779,1.5089,0.32673,-1.0381,-2.1289,-3.7187,-5.4093,-6.7721,-8.7936,-11.157,-13.34,-16.093,-15.243,-11.554,-8.9232,-6.062,-3.8941,-2.5872,-1.2483,-0.26144,0.28546,0.76935,1.0351,1.1679,1.2248,1.3119,1.4719,1.6381,1.8907,2.1134,2.2408,2.2235,2.0146,1.5045,0.8997,-0.26491,-1.9778,-3.7093,-6.7882,-10.826,-13.511,-12.305,-9.8544,-8.3985,-7.9809,-8.3805,-9.7996,-11.572,-14.3,-13.506,-9.6394,-7.1467,-4.6648,-3.0538,-2.3026,-1.8732,-2.0876,-3.013,-4.2385,-6.7835,-10.671,-13.807,-12.142,-7.8969,-5.5133,-3.2126,-1.5478,-0.29429,0.45459,1.2105,1.7381,1.9441,2.0063,1.8252,1.5353,1.0488,0.56969,0.26952,0.26914,0.57856,1.0919,1.5379,2.0856,2.4652,2.6373,2.6049,2.3369,1.7682,1.1273,-0.05933,-1.7458,-3.4651,-6.8081,-11.982,-12.23,-7.4474,-2.7196,0.53539,2.398,4.34,5.8202,6.7028,7.619,8.2821,8.7367,8.9492,9.0736,9.0212,8.8538,8.4509,7.7876,6.807,5.8219,4.1188,1.9577,0.25092,-1.1202,-0.27084,1.1853,3.0488,4.473,5.408,5.8266,6.0796,6.0244,5.8128,5.3234,4.6601,4.0984,3.3038,2.5611,1.9274,1.5647,1.2672,1.2152,1.3503,1.7425,2.2904,2.8559,3.224,3.5829,3.7568,3.7582,3.6977,3.6943,3.8331,4.2724,4.9252,5.6211,6.072,6.4898,6.6338,6.5565,6.1852,5.5196,4.8492,3.7774,2.6108,1.6002,1.0862,0.89842,1.1714,1.5234,2.0466,2.5021,2.836,2.9887,3.0698,3.0021,2.849,2.5307,2.0835,1.6908,1.1118,0.54377,0.067902,-0.16969,-0.28741,-0.17604,-0.016843,0.26284,0.55592,0.77309,1.01,1.2273,1.4153,1.5814,1.8272,2.1131,2.3188,2.5547,2.6844,2.6621
