-7.6046,-7.1926,-6.7414,-6.3951,-6.2036,-6.0099,-5.8647,-5.7778,-5.6855,-5.5892,-5.4355,-5.2665,-4.9243,-4.4485,-4.0126,-3.3378,-2.5607,-1.9405,-1.0973,-0.26748,0.52038,1.0787,1.7732,2.3951,2.8244,3.3518,3.8082,4.1125,4.4576,4.7357,4.9436,5.0591,5.1519,5.1772,5.1525,5.0632,4.9012,4.6646,4.44,4.0703,3.6251,3.2349,2.6435,1.979,1.4468,0.69689,-0.062273,-0.80469,-1.3214,-1.8994,-2.299,-2.4636,-2.5212,-2.4337,-2.3088,-2.0909,-1.8388,-1.5873,-1.4069,-1.1513,-0.90207,-0.7076,-0.44906,-0.19104,0.061451,0.24264,0.48411,0.71039,0.88656,1.1379,1.4158,1.6293,1.8945,2.1213,2.2844,2.3629,2.3884,2.3491,2.3067,2.2874,2.372,2.5335,2.9165,3.5152,4.3238,5.0414,6.1091,7.2573,8.1499,9.3515,10.548,11.724,12.583,13.694,14.757,15.518,16.48,17.382,18.018,18.811,19.541,20.205,20.661,21.215,21.706,22.033,22.415,22.735,22.936,23.152,23.307,23.403,23.438,23.434,23.375,23.294,23.138,22.928,22.665,22.432,22.075,21.666,21.325,20.826,20.277,19.833,19.196,18.508,17.77,17.185,16.361,15.488,14.8,13.842,12.832,12.041,10.941,9.7916,8.5861,7.6522,6.3678,5.0437,4.0254,2.6411,1.2247,-0.22175,-1.2935,-2.6583,-3.8788,-4.6171,-5.3124,-5.6252,-5.627,-5.3607,-4.8997,-4.3418,-3.9049,-3.2981,-2.6988,-2.2588,-1.6873,-1.1479,-0.75989,-0.26023,0.22144,0.67609,0.99835,1.392,1.7357,1.9668,2.2256,2.437,2.6127,2.7257,2.8423,2.9284,2.974,3.0104,3.0298,3.0374,3.0266,3.0045,2.9624,2.9249,2.874,2.8209,2.7801,2.7227,2.6607,2.6148,2.5491,2.4748,2.3947,2.328,2.2286,2.1185,2.0203,1.8745,1.7029,1.5091
-4.1641,-4.3208,-4.487,-4.5889,-4.6079,-4.5448,-4.3768,-4.187,-3.8522,-3.4438,-2.9823,-2.6175,-2.1165,-1.6134,-1.2395,-0.75162,-0.28448,0.047949,0.46706,0.8568,1.2144,1.4587,1.7493,2.0097,2.1868,2.4051,2.6039,2.7436,2.9225,3.0906,3.2401,3.3399,3.4474,3.5165,3.5378,3.5113,3.4139,3.2312,3.0286,2.6586,2.1647,1.7058,0.96278,0.058344,-0.7337,-1.9428,-3.3072,-4.7443,-5.7516,-6.7113,-6.8834,-6.4708,-5.4851,-4.3528,-3.5312,-2.5364,-1.6852,-0.96326,-0.49918,0.032629,0.48154,0.77118,1.1068,1.3929,1.6399,1.7998,1.9851,2.1393,2.2352,2.335,2.4003,2.4251,2.4193,2.3591,2.2273,2.0762,1.8001,1.4378,1.1065,0.59471,0.023884,-0.41267,-0.93515,-1.2599,-1.2013,-0.82022,0.14489,1.506,2.676,4.3055,5.9251,7.4869,8.6071,10.023,11.348,12.281,13.446,14.522,15.27,16.191,17.025,17.776,18.284,18.89,19.414,19.753,20.136,20.438,20.612,20.774,20.857,20.86,20.812,20.678,20.467,20.257,19.912,19.491,18.997,18.579,17.964,17.285,16.738,15.961,15.138,14.494,13.606,12.691,11.755,11.043,10.08,9.1034,8.3612,7.3573,6.3348,5.5543,4.493,3.4093,2.3016,1.455,0.30238,-0.88941,-1.8104,-3.091,-4.4498,-5.8968,-7.0598,-8.7419,-10.61,-12.15,-14.368,-16.247,-16.542,-14.938,-12.435,-10.076,-8.5399,-6.7807,-5.2916,-4.3251,-3.1953,-2.2188,-1.5714,-0.80311,-0.13043,0.45704,0.84533,1.2972,1.6718,1.9052,2.1484,2.313,2.3998,2.4122,2.3508,2.202,2.0293,1.7149,1.2978,0.91589,0.311,-0.39871,-1.2058,-1.8623,-2.7725,-3.6395,-4.1886,-4.6599,-4.7432,-4.5531,-4.05,-3.397,-2.7159,-2.2338,-1.6686,-1.2101,-0.93697,-0.67209,-0.51993,-0.47271
-3.2783,-4.5363,-6.7423,-9.9699,-13.754,-25.227,-18.28,-12.253,-7.7633,-4.8364,-2.7062,-1.4346,-0.060996,1.0283,1.6962,2.4051,2.9314,3.2103,3.44,3.5053,3.4024,3.2106,2.7815,2.1531,1.5484,0.58279,-0.51813,-1.3214,-2.0667,-2.0601,-1.2291,-0.29518,1.0536,2.3023,3.1141,4.0149,4.7113,5.2113,5.4709,5.6796,5.743,5.7104,5.5763,5.3591,5.1509,4.8366,4.5078,4.1872,3.9679,3.7174,3.5322,3.4333,3.3512,3.3146,3.3008,3.2985,3.2956,3.2702,3.2261,3.1319,2.9995,2.8697,2.678,2.469,2.2765,2.1617,2.083,2.117,2.2228,2.4699,2.8064,3.095,3.4824,3.827,4.0864,4.2087,4.2625,4.1762,4.0104,3.6439,3.0904,2.5473,1.6665,0.68924,-0.12928,-0.34919,0.17501,1.523,2.8138,4.6161,6.3513,7.9667,9.093,10.489,11.776,12.678,13.8,14.839,15.564,16.459,17.272,18.003,18.497,19.081,19.58,19.898,20.247,20.507,20.644,20.749,20.763,20.681,20.556,20.298,19.933,19.584,19.013,18.311,17.468,16.737,15.624,14.344,13.273,11.706,10.019,8.7256,7.0901,5.7471,4.8512,4.4584,4.1551,3.8999,3.643,3.1339,2.394,1.6676,0.46788,-0.9782,-2.5924,-3.8173,-5.2319,-6.0412,-6.1338,-5.7416,-5.0954,-4.4809,-4.0848,-3.6449,-3.3003,-3.0753,-2.8041,-2.5536,-2.367,-2.1078,-1.8426,-1.5777,-1.3788,-1.1183,-0.85987,-0.66585,-0.39822,-0.1151,0.12225,0.49057,0.92862,1.4394,1.8551,2.4368,3.0172,3.4274,3.9174,4.3277,4.6351,4.7915,4.8882,4.8495,4.723,4.4244,3.9585,3.4916,2.7018,1.6969,0.46152,-0.62662,-2.3023,-4.1421,-5.447,-6.5458,-6.3421,-5.4868,-4.0223,-2.6187,-1.4199,-0.67186,0.14812,0.78284,1.1486,1.5,1.7052,1.7569
-2.4531,-2.6666,-2.9561,-3.1927,-3.2905,-3.2645,-3.0144,-2.6858,-2.077,-1.3653,-0.61425,-0.055672,0.64017,1.2558,1.6546,2.0977,2.4275,2.5933,2.6996,2.669,2.4927,2.2516,1.7755,1.1072,0.46918,-0.55326,-1.7357,-2.6262,-3.5099,-3.6208,-2.8089,-1.8306,-0.41473,0.8799,1.7156,2.6355,3.3266,3.7995,4.0262,4.1733,4.1537,4.0358,3.7608,3.3674,3.0018,2.4495,1.8549,1.2554,0.82997,0.32405,-0.071696,-0.29308,-0.47602,-0.5615,-0.57954,-0.57588,-0.58271,-0.64856,-0.76899,-1.0389,-1.479,-1.9505,-2.8276,-4.0798,-5.8655,-7.7447,-11.507,-18.091,-19.554,-11.968,-7.2623,-4.8304,-2.3935,-0.56244,0.85399,1.7142,2.6476,3.3798,3.8122,4.2434,4.5243,4.6495,4.7343,4.7498,4.7366,4.7237,4.7064,4.6846,4.6706,4.6579,4.6797,4.7764,4.9316,5.2941,5.8826,6.469,7.4073,8.4454,9.2365,10.249,11.173,11.977,12.494,13.066,13.51,13.764,14.011,14.17,14.242,14.289,14.29,14.248,14.184,14.046,13.829,13.599,13.179,12.604,11.843,11.131,9.9618,8.5001,7.1757,5.059,2.4982,0.34454,-2.2689,-3.1159,-2.0503,-0.97534,0.16252,0.82825,1.0296,0.9395,0.462,-0.14019,-1.2425,-2.6239,-4.1528,-5.2384,-6.2861,-6.5518,-6.2353,-5.3921,-4.4004,-3.4957,-2.9281,-2.3511,-1.9426,-1.7273,-1.5306,-1.4251,-1.3939,-1.4221,-1.5483,-1.8009,-2.0921,-2.651,-3.4498,-4.2527,-5.6891,-7.7378,-9.8967,-13.916,-16.635,-12.322,-8.9324,-5.5368,-3.0684,-1.6316,-0.11577,1.0399,1.9142,2.4044,2.8666,3.136,3.221,3.1905,3.012,2.7868,2.3791,1.8669,1.2706,0.78641,0.11979,-0.54102,-1.0084,-1.5749,-2.0502,-2.3386,-2.6426,-2.8441,-2.9557,-2.9677,-2.8838,-2.6883,-2.4771,-2.1352,-1.7656,-1.4005
-3.7397,-3.402,-3.0332,-2.7269,-2.525,-2.2758,-2.0426,-1.8653,-1.6137,-1.3451,-1.0508,-0.81233,-0.4922,-0.1717,0.062549,0.36099,0.63776,0.81838,1.0161,1.1613,1.2477,1.2766,1.2743,1.2387,1.1965,1.1415,1.1126,1.1267,1.2239,1.41,1.682,1.9319,2.3057,2.6799,2.9396,3.2257,3.4069,3.4555,3.3914,3.1538,2.7244,2.2568,1.435,0.35849,-0.64277,-2.2691,-4.2836,-6.734,-8.8662,-11.772,-13.342,-12.851,-11.12,-9.4269,-8.3779,-7.2373,-6.3267,-5.5942,-5.1523,-4.6978,-4.3949,-4.2869,-4.309,-4.5024,-4.821,-5.0952,-5.4269,-5.5826,-5.4879,-5.0097,-4.1987,-3.4461,-2.3342,-1.1843,-0.051229,0.77027,1.8023,2.7392,3.3636,4.0688,4.6238,4.9444,5.2496,5.4113,5.4204,5.3139,4.9993,4.4544,3.8693,2.796,1.2559,-1.0138,-3.5614,-9.5945,-21.65,-9.4022,-2.8016,0.86753,2.773,4.6329,5.9391,6.8221,7.2451,7.5166,7.4728,7.2403,6.6823,5.884,5.1996,4.3645,3.9453,4.1861,4.7345,5.6722,6.5824,7.147,7.6946,7.9932,8.0556,7.9602,7.6663,7.2145,6.7988,6.1854,5.5646,5.1276,4.6219,4.2292,3.9392,3.769,3.5763,3.3843,3.2262,2.9774,2.6609,2.3675,1.9081,1.4021,0.89686,0.54603,0.1289,-0.22758,-0.47141,-0.76546,-1.0254,-1.2528,-1.414,-1.6339,-1.8687,-2.0493,-2.2861,-2.4934,-2.6157,-2.726,-2.802,-2.8627,-2.9241,-3.0599,-3.2776,-3.5049,-3.8739,-4.2889,-4.5766,-4.8094,-4.7293,-4.248,-3.6644,-2.7055,-1.6911,-0.97065,-0.11626,0.58426,1.1276,1.4313,1.7009,1.8267,1.8282,1.7174,1.4926,1.2539,0.84992,0.35888,-0.22452,-0.71514,-1.4407,-2.2593,-2.9362,-3.9452,-5.0966,-6.0791,-7.6024,-9.4579,-11.712,-13.592,-15.648,-15.38,-13.725,-11.147,-8.8947,-7.0443
-2.636,-2.2079,-1.7968,-1.5378,-1.4503,-1.4319,-1.5316,-1.6643,-1.8878,-2.1366,-2.3259,-2.3904,-2.3373,-2.0915,-1.7959,-1.2814,-0.70572,-0.28356,0.23037,0.65656,0.97689,1.1424,1.2851,1.3655,1.4054,1.4819,1.6256,1.8078,2.1751,2.6651,3.2527,3.73,4.3751,4.9837,5.3933,5.8402,6.1532,6.3072,6.3108,6.1403,5.7591,5.3229,4.5313,3.4711,2.4817,0.89434,-1.0062,-3.1765,-4.857,-6.8404,-8.1276,-8.6363,-9.1468,-10.001,-10.955,-12.247,-12.104,-9.8487,-7.7775,-5.3563,-3.4618,-2.3719,-1.3214,-0.65243,-0.2964,-0.20209,-0.29175,-0.6176,-1.006,-1.7024,-2.5343,-3.1296,-3.5047,-2.8803,-1.2849,0.22595,2.2475,4.0639,5.2466,6.5718,7.635,8.2864,8.9735,9.4584,9.7425,9.8245,9.7722,9.5514,9.2935,8.8405,8.2775,7.6544,7.2105,6.7598,6.578,6.6467,6.9582,7.4129,7.7821,8.2332,8.5789,8.7669,8.7774,8.5787,8.0939,7.5077,6.3645,4.7109,3.0629,0.38637,-1.6429,-0.49779,1.5869,4.1436,6.0604,7.1245,8.1422,8.7788,9.1132,9.1963,9.1247,8.8878,8.627,8.2013,7.731,7.3741,6.9236,6.5396,6.2334,6.0552,5.8742,5.7398,5.662,5.5824,5.5047,5.4241,5.2579,5.0041,4.6694,4.3705,3.9212,3.4093,2.9622,2.2563,1.4157,0.45483,-0.34337,-1.5256,-2.8391,-3.883,-5.2507,-6.255,-6.5238,-6.1104,-5.0968,-3.8946,-3.0087,-1.9485,-1.0482,-0.47595,0.17651,0.71941,1.0717,1.493,1.8817,2.2532,2.5201,2.847,3.1302,3.3039,3.472,3.5524,3.5383,3.4626,3.2658,2.9684,2.6841,2.2407,1.7445,1.3443,0.78626,0.21254,-0.37446,-0.8196,-1.4405,-2.1165,-2.6793,-3.5316,-4.5238,-5.376,-6.6702,-8.1387,-9.7035,-10.789,-11.788,-11.806,-11.175,-9.831,-8.3349,-6.8617
1.202,1.4803,1.6675,1.6464,1.485,1.0714,0.37358,-0.36167,-1.6975,-3.5777,-6.2516,-8.9679,-12.488,-10.578,-7.3626,-3.932,-1.4793,-0.11777,1.2106,2.0986,2.5827,2.6868,2.5092,1.9154,1.1775,-0.21136,-1.937,-2.9186,-2.4689,-0.068698,2.6469,4.4561,6.4886,8.1199,9.1249,10.205,11.021,11.596,11.889,12.099,12.11,11.996,11.695,11.227,10.784,10.09,9.2912,8.4387,7.7779,6.8688,5.9292,5.2016,4.1844,3.1323,2.3869,1.6383,1.5508,2.3384,3.3017,4.7249,6.0483,6.895,7.7833,8.4081,8.7495,8.8217,8.6826,8.2633,7.7437,6.7565,5.417,4.2478,2.9203,2.9476,4.7081,6.471,8.7321,10.655,11.868,13.21,14.286,14.944,15.635,16.119,16.412,16.521,16.541,16.432,16.278,15.984,15.609,15.191,14.873,14.46,14.063,13.788,13.471,13.226,13.103,13.025,13.024,13.062,13.097,13.122,13.096,13.044,12.924,12.764,12.644,12.536,12.544,12.689,12.877,13.194,13.505,13.687,13.823,13.804,13.599,13.313,12.753,11.98,11.262,10.127,8.8186,7.7739,6.425,5.4019,5.0046,5.1649,5.7969,6.5853,7.145,7.7743,8.2625,8.539,8.7911,8.8924,8.8326,8.6662,8.2987,7.7815,7.2892,6.4675,5.4299,4.1629,3.0462,1.3175,-0.72208,-2.516,-5.3679,-8.4281,-9.3584,-7.2076,-4.0989,-1.5278,0.052483,1.8001,3.225,4.116,5.1224,5.949,6.4631,7.0274,7.4584,7.7759,7.9372,8.0483,8.0533,7.9798,7.7761,7.4438,6.9658,6.5059,5.7457,4.8261,4.02,2.8061,1.4842,0.48663,-0.68735,-1.4542,-1.7167,-1.6479,-1.4,-1.1467,-1.0423,-1.0543,-1.2663,-1.5508,-2.084,-2.7631,-3.5605,-4.1965,-5.0972,-5.9118,-6.4286,-6.8666,-6.8246,-6.2039
0.24652,0.43373,0.51229,0.41114,0.18512,-0.28438,-0.92891,-1.5336,-2.4738,-3.543,-4.6279,-5.265,-5.5953,-5.1135,-4.2411,-2.7096,-1.1592,-0.13522,0.99568,1.8189,2.3344,2.5083,2.4594,2.0719,1.5599,0.62661,-0.41203,-0.93813,-0.59044,1.0888,3.2957,4.9377,6.9002,8.5569,9.6139,10.789,11.725,12.45,12.864,13.252,13.482,13.559,13.549,13.428,13.282,13.028,12.731,12.414,12.175,11.871,11.597,11.422,11.243,11.139,11.118,11.18,11.356,11.644,11.917,12.331,12.77,13.086,13.46,13.774,14.002,14.104,14.157,14.125,14.056,13.93,13.808,13.748,13.752,13.892,14.179,14.482,14.967,15.494,15.888,16.388,16.833,17.109,17.38,17.534,17.576,17.542,17.401,17.138,16.854,16.364,15.755,15.026,14.396,13.432,12.329,11.436,10.214,9.0641,8.3726,7.8943,8.0415,8.7044,9.3795,10.336,11.239,11.84,12.53,13.098,13.45,13.836,14.144,14.38,14.505,14.604,14.61,14.542,14.338,13.981,13.45,12.92,12.01,10.831,9.7352,7.9239,5.5854,3.3306,-0.69707,-6.1213,-6.79,-3.304,0.32901,2.793,4.1341,5.4421,6.3368,6.8145,7.267,7.5489,7.6595,7.6157,7.3742,6.9429,6.5089,5.7801,4.8448,3.6775,2.662,1.2051,-0.24246,-1.2132,-2.1867,-2.6861,-2.6791,-2.2089,-1.2847,-0.086755,0.87703,2.1429,3.3075,4.0902,4.9957,5.7366,6.1875,6.6583,6.9754,7.1481,7.1956,7.1349,6.9426,6.7159,6.2973,5.7345,5.0116,4.3529,3.2896,1.9584,0.71606,-1.369,-4.1933,-7.1252,-13.172,-20.194,-12.326,-8.6639,-5.7624,-4.0089,-3.141,-2.4232,-2.1212,-2.1069,-2.3323,-2.8422,-3.6583,-4.4812,-5.9377,-7.9731,-10.104,-14.251,-20.986,-18.582
-3.1303,-2.8256,-2.6792,-2.8235,-3.1411,-3.8218,-4.7536,-5.5802,-6.6295,-7.3526,-7.4228,-7.0116,-6.0405,-4.7995,-3.8124,-2.5303,-1.3703,-0.62326,0.22955,0.89172,1.3714,1.6318,1.8705,2.0228,2.119,2.2854,2.5576,2.8661,3.4573,4.252,5.198,5.983,7.0421,8.0678,8.7854,9.6469,10.378,10.963,11.301,11.616,11.781,11.813,11.745,11.573,11.4,11.134,10.88,10.685,10.603,10.608,10.75,10.927,11.24,11.61,11.911,12.33,12.756,13.176,13.481,13.871,14.235,14.483,14.778,15.027,15.225,15.343,15.452,15.509,15.521,15.501,15.454,15.407,15.337,15.271,15.216,15.188,15.17,15.18,15.206,15.252,15.306,15.335,15.345,15.319,15.24,15.121,14.863,14.469,14.08,13.428,12.609,11.588,10.671,9.2494,7.5506,6.0251,3.4565,-0.22948,-4.5279,-14.261,-6.2053,-0.4352,2.2455,4.8085,6.7033,7.8226,9.0094,9.9345,10.495,11.091,11.535,11.856,12.015,12.127,12.124,12.048,11.838,11.497,11.022,10.568,9.8317,8.9386,8.169,7.0234,5.7756,4.8124,3.5878,2.5762,1.8853,1.5731,1.327,1.2383,1.3211,1.6616,2.1959,2.6474,3.2218,3.705,4.0777,4.2654,4.3407,4.1565,3.849,3.2285,2.3381,1.1192,-0.080378,-2.183,-5.0663,-7.9621,-13.857,-22.59,-15.467,-9.2383,-5.697,-3.2706,-1.8634,-0.37126,0.79697,1.5092,2.2747,2.8464,3.1563,3.4231,3.5272,3.4631,3.3146,2.9863,2.5366,2.1221,1.4999,0.84673,0.19492,-0.27529,-0.90413,-1.5377,-2.0395,-2.7626,-3.5313,-4.0952,-4.7317,-5.0863,-5.1227,-4.972,-4.6701,-4.3725,-4.1951,-4.0293,-3.9131,-3.8918,-3.9317,-4.067,-4.3228,-4.5803,-5.0686,-5.707,-6.2183,-6.8364,-7.3134,-7.5325
-2.7886,-2.187,-1.8039,-1.8487,-2.2016,-3.1557,-4.7669,-6.5513,-10.072,-15.651,-15.768,-11.13,-6.7943,-3.9114,-2.2847,-0.64176,0.52497,1.1523,1.7313,2.0327,2.0903,1.9918,1.7184,1.3716,1.1427,1.0321,1.3048,1.79,2.7456,3.9115,5.1433,6.0701,7.2273,8.2859,8.9991,9.8262,10.504,11.023,11.29,11.483,11.478,11.331,10.928,10.28,9.6177,8.5139,7.2648,6.1215,5.6619,5.9562,7.1043,8.1991,9.6436,10.921,11.748,12.684,13.45,14.072,14.464,14.91,15.289,15.541,15.842,16.101,16.319,16.459,16.599,16.675,16.686,16.627,16.475,16.3,15.982,15.571,15.075,14.666,14.102,13.577,13.26,12.985,12.908,12.97,13.163,13.403,13.574,13.605,13.486,13.183,12.832,12.186,11.327,10.259,9.3493,8.0408,6.6355,5.5528,4.1934,3.1164,2.6171,2.4587,2.8387,3.6161,4.3782,5.4688,6.5172,7.2224,8.0291,8.6976,9.1199,9.588,9.948,10.226,10.377,10.501,10.534,10.506,10.39,10.181,9.8916,9.6195,9.1793,8.6497,8.1936,7.4978,6.7105,6.0487,5.0536,3.9116,2.6045,1.4886,-0.33507,-2.753,-4.8662,-6.8165,-5.5324,-3.4068,-0.76109,1.2392,2.6481,3.426,4.1455,4.4891,4.5002,4.2486,3.7713,3.0966,2.441,1.3213,0.0044881,-0.96913,-2.0083,-2.519,-2.524,-2.1314,-1.4524,-0.71994,-0.21503,0.35824,0.81064,1.0942,1.4012,1.6297,1.7391,1.7853,1.6882,1.3913,1.0216,0.28608,-0.79828,-1.8481,-3.5432,-5.4019,-6.7268,-6.8504,-5.9023,-4.5775,-3.6765,-2.7684,-2.1822,-1.9376,-1.8411,-1.9477,-2.2665,-2.6414,-3.3278,-4.1911,-4.9013,-5.7654,-6.1948,-6.0795,-5.4179,-4.5023,-3.6341,-3.0898,-2.5748,-2.2662,-2.1801,-2.2449,-2.4609,-2.8382
-0.55049,-0.064337,0.3635,0.51616,0.47948,0.24731,-0.12555,-0.46047,-0.8369,-1.0007,-0.85837,-0.54085,0.10239,0.85432,1.4068,2.0244,2.437,2.604,2.6107,2.3094,1.6454,0.85231,-0.70792,-3.0777,-5.7627,-11.846,-16.346,-9.5464,-4.032,-0.64659,1.7397,3.1424,4.6507,5.8913,6.6934,7.6178,8.3806,8.9811,9.3285,9.627,9.7039,9.5927,9.1864,8.4216,7.5466,5.8747,3.378,-0.2685,-3.1258,-1.7657,2.4928,4.9758,7.4103,9.1394,10.101,11.033,11.65,12.028,12.202,12.34,12.433,12.527,12.737,13.045,13.429,13.738,14.124,14.427,14.576,14.632,14.493,14.245,13.698,12.87,11.709,10.578,8.6304,6.1099,3.9345,1.7901,2.7,4.5621,6.8789,8.5824,9.687,10.189,10.51,10.495,10.255,9.617,8.6173,7.2584,5.9697,3.8229,1.1976,-0.88577,-2.9846,-3.0581,-2.0115,-0.35668,1.0323,2.1642,2.8854,3.6427,4.1518,4.3851,4.5748,4.6844,4.759,4.901,5.0941,5.3183,5.4869,5.6703,5.7636,5.7708,5.7066,5.5863,5.4492,5.3489,5.2462,5.1655,5.0941,4.9544,4.7234,4.4711,3.9662,3.2253,2.2434,1.4062,0.090108,-1.6437,-3.1183,-4.1524,-3.2413,-1.9984,-0.33623,1.1757,2.4083,3.0989,3.7629,4.2101,4.3904,4.4139,4.2483,3.9807,3.7534,3.3917,2.9171,2.5029,1.9611,1.4886,1.1434,0.63573,0.090515,-0.53988,-1.088,-1.89,-2.6604,-3.1084,-3.3829,-3.2183,-2.878,-2.3789,-1.9628,-1.7946,-1.8866,-2.3558,-3.2406,-4.231,-6.1114,-8.6394,-10.849,-10.589,-7.9868,-5.3136,-3.7309,-2.1665,-1.1277,-0.63723,-0.32627,-0.39141,-0.87132,-1.5211,-2.829,-4.7932,-6.9538,-11.36,-17.397,-15,-9.2578,-5.7257,-3.4372,-2.2353,-1.1358,-0.41352,-0.084311,0.080189,-0.019924,-0.32759
-0.29151,-0.083567,0.11823,0.21526,0.24492,0.25353,0.25453,0.25145,0.27035,0.36157,0.52809,0.69557,0.95937,1.2554,1.4531,1.6451,1.7475,1.759,1.613,1.2718,0.71586,0.13834,-0.83703,-1.9878,-2.8778,-3.848,-4.2211,-4.0048,-3.3041,-2.4589,-1.6706,-1.1499,-0.53476,0.10552,0.64208,1.4695,2.417,3.392,4.0804,4.8996,5.533,5.879,6.1457,6.2121,6.1448,5.9289,5.6583,5.4699,5.4441,5.6438,6.0852,6.4972,7.0464,7.4808,7.6785,7.7137,7.4467,6.8491,6.1612,4.9146,3.3995,2.3563,1.8607,2.9041,4.7219,6.0561,7.5494,8.6611,9.2533,9.7381,9.8982,9.814,9.4288,8.7237,7.6815,6.6619,4.9663,2.9246,1.3783,0.059995,0.52144,1.7165,3.4611,4.8391,5.7686,6.2542,6.6356,6.6773,6.4661,5.8822,4.9824,3.7431,2.5231,0.5339,-1.8941,-3.987,-6.3313,-6.1052,-4.7162,-2.9249,-1.6092,-0.74225,-0.39722,-0.38794,-0.91665,-1.6518,-3.0563,-4.8712,-6.2739,-7.1569,-6.2415,-4.672,-3.6829,-2.8317,-2.5586,-2.7088,-3.3115,-4.2132,-5.0374,-5.2388,-4.7336,-3.629,-2.7214,-1.6487,-0.83632,-0.3998,-0.0054119,0.16465,0.11932,0.0042749,-0.083776,-0.13121,-0.19914,-0.27819,-0.16566,0.055846,0.38275,0.67603,0.94276,1.055,1.0468,0.97152,0.92972,0.87614,0.7751,0.63772,0.56574,0.52969,0.49227,0.39702,0.14871,-0.23971,-0.63352,-1.3788,-2.4235,-3.8904,-5.3544,-8.0336,-12.223,-17.748,-31.771,-15.894,-11.962,-8.9497,-7.2042,-6.1519,-5.653,-5.2612,-5.0748,-5.0042,-4.9372,-4.7734,-4.4233,-4.004,-3.3116,-2.4914,-1.8575,-1.0743,-0.44098,-0.090906,0.1982,0.2564,0.10274,-0.15121,-0.65505,-1.2833,-1.7691,-2.3336,-2.6433,-2.6485,-2.3723,-1.8893,-1.3433,-0.96922,-0.55626,-0.27462,-0.15588,-0.13504,-0.25693,-0.55306
-0.0728,-0.19767,-0.4047,-0.6224,-0.76747,-0.94742,-1.0621,-1.0883,-1.0244,-0.84693,-0.57412,-0.30807,0.089538,0.49455,0.77744,1.1243,1.4128,1.5548,1.6315,1.5997,1.4434,1.256,0.9229,0.50882,0.16946,-0.30592,-0.79003,-1.1767,-1.7779,-2.5589,-3.6351,-4.7651,-6.8037,-9.2783,-10.337,-8.4852,-5.1359,-2.2613,-0.53401,1.2957,2.6962,3.5382,4.4302,5.1077,5.5122,5.9442,6.2906,6.5868,6.7828,7.0201,7.2067,7.3101,7.3746,7.306,7.1356,6.7128,6.0216,4.9851,3.9146,1.9889,-0.64875,-3.0506,-4.7797,-2.384,0.8284,2.7611,4.6953,6.058,6.768,7.3766,7.6588,7.6826,7.5033,7.1161,6.5702,6.0979,5.4509,4.8468,4.4907,4.1907,4.1384,4.2422,4.4729,4.7248,4.9826,5.1465,5.2319,5.1154,4.9336,4.6063,4.1429,3.5701,3.1067,2.4627,1.7784,1.3241,0.99279,0.88,0.8245,0.78593,0.8147,0.75558,0.49314,-0.18524,-1.2092,-2.2727,-4.2493,-6.9074,-9.089,-10.468,-9.0593,-7.0774,-6.0123,-5.3119,-5.3833,-5.9772,-7.5824,-10.464,-15.166,-18.457,-14.263,-9.774,-7.5657,-5.5222,-4.1909,-3.5001,-2.8301,-2.2741,-1.8237,-1.6062,-1.3589,-0.97571,-0.62444,-0.27753,-0.10864,-0.032232,0.039542,-0.057577,-0.407,-0.80091,-1.5467,-2.5961,-3.5071,-4.5728,-5.0677,-4.7628,-4.1656,-3.2077,-2.268,-1.6662,-1.1385,-0.95933,-1.0122,-1.3048,-1.8962,-2.7509,-3.5507,-4.7994,-6.0999,-6.933,-7.6403,-7.7983,-7.6819,-7.4669,-7.3576,-7.4104,-7.5174,-7.6221,-7.4471,-7.0548,-6.1581,-4.999,-3.7703,-2.8772,-1.7558,-0.74441,-0.069062,0.69855,1.3265,1.6932,2.0467,2.2482,2.3287,2.3097,2.1899,1.9836,1.8097,1.5506,1.3025,1.1266,0.91258,0.72081,0.55302,0.4381,0.30886,0.17885,0.10084,0.031219,-0.034845,-0.12717
-0.39777,-1.0256,-1.8616,-2.662,-3.2648,-4.0165,-4.6318,-4.9154,-4.9756,-4.5974,-3.8125,-3.0674,-2.012,-0.99986,-0.30399,0.50757,1.1713,1.5564,1.9595,2.2366,2.3923,2.4452,2.4246,2.3115,2.168,1.8914,1.491,1.1052,0.44293,-0.44248,-1.6288,-2.738,-4.4697,-6.1796,-6.794,-5.9584,-3.9429,-1.873,-0.52235,0.96222,2.1565,2.9109,3.7788,4.5389,5.0637,5.7081,6.299,6.823,7.1752,7.5696,7.8564,7.9979,8.0691,7.9956,7.8453,7.5288,7.0816,6.5181,6.0513,5.4436,4.9407,4.6992,4.6346,4.9099,5.448,5.9187,6.5385,7.0486,7.3184,7.4911,7.4439,7.2635,6.8475,6.2615,5.5642,5.0203,4.3515,3.8406,3.6152,3.5368,3.6541,3.813,4.0368,4.2625,4.4523,4.4863,4.3636,4.1519,3.9814,3.7285,3.4504,3.2257,3.1422,3.1067,3.1814,3.3185,3.5226,3.6732,3.7635,3.8914,3.9415,3.8218,3.6331,3.2928,2.8221,2.3599,1.6454,0.95953,0.49188,0.016259,-0.27177,-0.4603,-0.59345,-0.86134,-1.2906,-1.7255,-2.436,-3.2025,-3.8554,-4.2018,-4.372,-4.3195,-4.2328,-4.2093,-4.3283,-4.5565,-4.9991,-5.3742,-5.2311,-4.7135,-3.7495,-2.6915,-1.8514,-0.76531,0.064689,0.45538,0.70334,0.63459,0.16543,-0.42918,-1.6203,-3.6406,-5.9655,-10.708,-17.364,-12.531,-8.0749,-4.4265,-2.2387,-1.1193,-0.071268,0.57712,0.83103,0.93043,0.81482,0.53825,0.23561,-0.25377,-0.78751,-1.2025,-1.7894,-2.4241,-2.9762,-3.8999,-5.1717,-7.0677,-9.1873,-13.882,-24.553,-18.346,-10.295,-5.9888,-3.1172,-1.5105,0.18949,1.5111,2.2997,3.1315,3.7608,4.1185,4.4634,4.6773,4.7744,4.7788,4.707,4.5489,4.3745,4.0657,3.66,3.2894,2.6989,1.9898,1.1559,0.46667,-0.43515,-1.1754,-1.4859,-1.4459,-0.93689,-0.20061
-2.5491,-3.9468,-5.6723,-7.1092,-8.0567,-9.4714,-11.65,-14.189,-18.575,-16.223,-10.77,-7.8295,-4.9542,-2.8796,-1.6672,-0.41646,0.49595,1.0275,1.6143,2.0608,2.4033,2.6071,2.831,3.0027,3.0859,3.1401,3.1204,3.0406,2.8524,2.5727,2.2215,1.9306,1.5473,1.2653,1.1432,1.1042,1.2075,1.3803,1.5083,1.6385,1.742,1.8177,2.0235,2.4579,2.9511,3.8245,4.8382,5.8259,6.4991,7.2603,7.8375,8.1278,8.3131,8.2973,8.1606,7.8252,7.3541,6.8321,6.4687,6.087,5.938,6.0131,6.299,6.7378,7.2394,7.5979,8.001,8.2391,8.2869,8.1531,7.7412,7.2277,6.2482,4.8958,3.122,1.4941,-0.91777,-2.7747,-2.9509,-1.5995,0.15566,1.2713,2.4014,3.1398,3.4411,3.3641,3.002,2.391,1.7088,0.55984,-0.48356,-0.8941,-0.58075,0.45408,1.8572,2.8747,3.9474,4.7773,5.3323,5.9245,6.2629,6.4104,6.4771,6.4774,6.3228,6.1451,5.8715,5.5626,5.3063,4.9433,4.5826,4.2017,3.9087,3.4843,3.0159,2.6442,2.1097,1.5555,0.98934,0.56297,-0.030091,-0.6836,-1.25,-2.2128,-3.5435,-4.8977,-7.7022,-13.111,-32.827,-17.644,-8.7045,-4.2092,-2.1401,-0.20308,1.3047,2.1526,2.85,3.2003,3.2505,3.0725,2.6559,2.0945,1.5641,0.90339,0.63634,0.77328,1.045,1.6314,2.2928,2.6864,3.0495,3.2919,3.3811,3.382,3.2787,3.0984,2.9414,2.7155,2.4784,2.2844,1.9951,1.6462,1.3321,0.79934,0.11733,-0.70151,-1.3632,-2.0898,-2.3221,-1.9779,-0.91085,0.48781,1.8654,2.7959,3.8522,4.6784,5.1592,5.6343,5.9459,6.0916,6.1905,6.2149,6.1747,6.1212,6.0288,5.8954,5.7488,5.4833,5.0887,4.6764,3.9188,2.8459,1.3246,-0.2535,-3.2959,-8.5004,-16.62,-12.164,-4.8422,-0.98865
-5.5292,-10.322,-23.798,-16.625,-12.239,-9.7991,-9.1122,-9.1628,-9.1218,-8.1856,-6.4384,-5.026,-3.3485,-2.0119,-1.2502,-0.51685,-0.045394,0.22114,0.47015,0.66841,0.92023,1.1658,1.5912,2.0941,2.4996,3.0375,3.5333,3.8507,4.187,4.4201,4.5578,4.5939,4.5592,4.4345,4.2829,4.0102,3.6026,3.0229,2.419,1.3194,-0.2702,-1.9062,-4.7175,-6.6559,-5.1014,-1.3078,1.8796,4.2898,5.6901,7.0824,8.0377,8.4935,8.7884,8.7172,8.4151,7.6571,6.4714,4.839,3.3556,1.4638,0.95038,1.922,3.9896,5.9392,7.4593,8.327,9.1402,9.5977,9.7172,9.5802,9.1078,8.5266,7.4102,5.8603,3.7944,1.8333,-1.3646,-4.2716,-4.35,-1.9692,0.44192,1.8136,3.1338,3.8853,4.0806,3.999,3.5067,2.3244,0.88685,-1.9247,-6.665,-13.753,-8.7666,-2.5025,1.1969,3.0267,4.8021,6.1573,6.9159,7.5996,8.0602,8.3917,8.5294,8.5659,8.515,8.4487,8.3093,8.0907,7.9041,7.6169,7.2735,6.8867,6.5568,6.0871,5.5747,5.1608,4.5902,4.003,3.4259,3.0123,2.4605,1.9028,1.4675,0.84579,0.13292,-0.4285,-1.1254,-1.7735,-1.8922,-1.3016,-0.15451,1.1543,2.2988,3.7282,4.8288,5.5048,6.2551,6.7916,7.142,7.2624,7.2641,7.2196,7.1554,6.9894,6.8005,6.6871,6.6083,6.4492,6.2667,6.1179,5.8413,5.4477,5.1042,4.6032,4.1101,3.6978,3.4994,3.4234,3.5464,3.7427,4.09,4.4475,4.6943,4.9701,5.1894,5.3673,5.4923,5.6813,5.9294,6.1687,6.5566,6.9697,7.3559,7.6088,7.8468,7.9362,7.8975,7.7065,7.359,7.0163,6.4912,5.9737,5.5841,5.4242,5.4045,5.5744,5.7626,6.0022,6.1502,6.1599,5.9971,5.6071,4.982,4.3733,3.4444,2.6385,2.3704,2.7079,3.7573,5.0846
1.7718,0.45505,-0.9103,-1.5178,-1.5314,-1.3337,-1.0804,-0.91524,-0.74985,-0.60924,-0.47489,-0.40177,-0.35917,-0.46434,-0.67425,-1.144,-1.7667,-2.3725,-3.4216,-4.4823,-5.1083,-4.9636,-3.925,-2.3449,-1.0755,0.48438,1.8025,2.644,3.5723,4.2786,4.7744,5.0239,5.2117,5.2206,5.1303,4.8774,4.4602,3.8574,3.2809,2.2984,0.99202,-0.13464,-1.7119,-2.3476,-1.5443,0.74382,3.1955,5.2755,6.5528,7.9141,8.8867,9.3796,9.7404,9.7246,9.4551,8.7244,7.4912,5.6025,3.7029,0.78865,-0.15836,1.7061,4.7457,7.1813,8.9198,9.8652,10.71,11.17,11.287,11.164,10.767,10.305,9.4959,8.5014,7.4037,6.5875,5.6018,4.903,4.6134,4.5643,4.7903,5.0901,5.491,5.7656,5.9597,6.0407,5.8465,5.3969,5.0603,4.5032,3.981,3.8791,4.124,4.81,5.7296,6.3362,7.0911,7.7799,8.1208,8.372,8.5403,8.6176,8.565,8.4332,8.327,8.2301,8.0679,7.9049,7.7858,7.5884,7.3206,6.9692,6.6304,6.075,5.4044,4.8327,4.0223,3.2055,2.4665,2.0088,1.622,1.4901,1.5097,1.6577,1.8645,2.0333,2.3824,2.8263,3.2039,3.6596,4.5197,5.3211,5.8988,6.7876,7.6275,8.1398,8.7525,9.2444,9.5852,9.7862,9.9221,9.8923,9.8322,9.7019,9.4445,9.1109,8.8511,8.42,7.8422,7.3399,6.5597,5.5305,4.5767,3.0198,1.0993,-0.96503,-2.1286,-2.0311,-0.26543,1.3267,3.2385,4.7969,5.7547,6.8195,7.6767,8.3791,8.8311,9.3413,9.7743,10.043,10.326,10.508,10.577,10.526,10.295,9.8567,9.3663,8.4515,7.1895,5.9685,3.9246,1.3699,-1.1985,-2.0726,-0.8165,1.4713,3.0281,4.6808,5.9243,6.6333,7.3466,7.8457,8.185,8.3724,8.5715,8.7796,8.9839,9.3323,9.7636,10.246
5.3295,4.8435,4.2269,3.7014,3.3561,2.9037,2.4544,2.0952,1.5389,0.87633,0.10274,-0.57141,-1.5877,-2.7604,-3.7335,-5.1168,-6.7139,-8.2296,-10.756,-14.507,-21.758,-24.391,-15.269,-10.249,-7.6978,-5.0917,-3.0935,-1.8816,-0.56912,0.45033,1.2162,1.6056,1.9145,1.9842,1.9099,1.6476,1.2768,0.88021,0.62401,0.37279,0.29901,0.39185,0.70938,1.2892,1.8791,2.8257,3.8962,4.9929,5.7676,6.7032,7.4867,7.9635,8.4266,8.6912,8.7713,8.7229,8.5102,8.21,8.0088,7.8551,7.9056,8.1326,8.63,9.205,9.7294,10.041,10.275,10.303,10.181,9.8378,9.2835,8.7358,7.86,6.8457,5.7452,4.9196,3.8662,3.0075,2.5468,2.2635,2.3539,2.6209,3.0834,3.6138,4.2086,4.5357,4.7935,5.0728,5.2328,5.2806,5.3141,5.4186,5.4891,5.592,5.6614,5.7111,5.7759,5.6603,5.4466,5.121,4.6719,4.0255,3.5066,2.9252,2.4915,2.2618,2.171,2.3337,2.4836,2.6722,2.7337,2.6044,2.362,1.7762,0.87627,-0.043689,-1.6433,-3.6931,-6.0967,-7.6695,-8.1071,-6.6063,-5.1633,-3.4256,-2.0691,-1.2949,-0.50622,0.33591,1.1377,1.6166,2.3761,3.3622,4.0507,4.8805,5.7272,6.3231,6.9787,7.4857,7.7932,7.9531,8.0654,7.959,7.7742,7.4756,7.0847,6.555,6.1428,5.6073,4.9972,4.4656,3.6547,2.6479,1.6843,-0.0028526,-2.3317,-5.4615,-7.7595,-7.4612,-4.1302,-1.7855,0.6725,2.5345,3.6631,4.8938,5.9185,6.7918,7.3755,8.0655,8.6461,9.0078,9.3672,9.5821,9.6232,9.5203,9.185,8.6019,7.9756,6.8441,5.3354,3.9069,1.5281,-1.4382,-4.5476,-5.6408,-4.3024,-1.8627,-0.21234,1.6093,3.0959,4.0388,5.1164,6.0203,6.7796,7.2787,7.8587,8.348,8.6682,9.0462,9.3817,9.674
5.7318,5.5924,5.352,5.0169,4.6932,4.1874,3.5271,2.9193,1.9376,0.71192,-0.80765,-2.1699,-4.3287,-6.8603,-8.8625,-11.32,-12.838,-13.191,-13.206,-13.339,-13.386,-13.213,-12.59,-11.641,-10.714,-9.3512,-7.7763,-6.5493,-4.9928,-3.6518,-2.647,-2.1351,-1.8316,-1.9404,-2.3342,-3.2435,-4.4901,-5.8099,-6.4973,-6.3894,-5.1645,-4.0019,-2.4304,-1.0583,-0.14848,0.9309,1.8708,2.7548,3.3647,4.1346,4.857,5.378,6.0187,6.605,6.9986,7.4489,7.8243,8.1419,8.3365,8.5729,8.7955,8.9327,9.1079,9.2228,9.2546,9.1956,9.0096,8.6614,8.2909,7.6363,6.778,5.9976,4.7665,3.3026,1.5492,0.022129,-2.3064,-4.9115,-6.6675,-7.5267,-6.0654,-4.4639,-2.4059,-0.6511,0.66222,1.3633,2.202,2.8438,3.0998,3.3645,3.5517,3.5733,3.5336,3.4172,3.1821,3.0032,2.6176,1.9799,1.4452,0.55476,-0.78854,-2.5395,-4.0833,-6.7432,-9.6399,-10.48,-8.8094,-6.416,-4.9737,-3.5791,-2.6791,-2.2308,-2.1589,-2.3933,-3.0516,-3.8543,-5.4273,-7.7119,-10.769,-13.135,-13.64,-10.971,-9.0055,-7.1262,-5.9699,-5.4054,-5.0746,-5.1228,-4.7862,-4.2452,-3.3406,-2.0215,-0.77396,0.75766,2.0065,2.8467,3.75,4.3794,4.7932,4.8842,4.7876,4.5167,4.1222,3.3486,2.4695,1.5063,0.77217,0.030196,-0.28703,-0.3483,-0.32726,-0.27123,-0.32051,-0.52274,-0.81201,-1.0894,-1.1915,-1.1136,-0.75708,-0.3748,0.178,0.72693,1.1375,1.7182,2.397,3.2004,3.8646,4.7857,5.6728,6.2727,6.942,7.4206,7.6751,7.7184,7.5662,7.1551,6.6756,5.8164,4.7096,3.7408,2.3136,0.82583,-0.53791,-1.3857,-2.178,-2.4719,-2.3377,-1.7086,-0.67903,0.22887,1.4602,2.6117,3.6302,4.2795,5.01,5.5965,5.9343,6.2831,6.5238,6.6687
4.9641,5.1584,5.3039,5.275,5.1413,4.8043,4.2499,3.6752,2.6793,1.3677,-0.34949,-1.9676,-4.6791,-8.3272,-12.034,-18.518,-19.506,-15.985,-13.303,-12.17,-11.9,-12.223,-13.297,-15.342,-17.643,-19.444,-15.317,-11.925,-8.5072,-6.1623,-4.5988,-3.8546,-3.4164,-3.5942,-4.1554,-5.5499,-8.0194,-12.185,-16.802,-16.097,-10.236,-7.4277,-4.9296,-3.3038,-2.4637,-1.6565,-1.1344,-0.79193,-0.52391,-0.05486,0.61438,1.2598,2.2613,3.3363,4.1142,5.0689,5.912,6.6254,7.0578,7.5186,7.8743,8.0544,8.1657,8.1416,7.9824,7.7613,7.3507,6.7785,6.2384,5.3569,4.2972,3.3718,1.9471,0.28298,-1.6873,-3.4273,-6.1797,-9.5289,-12.23,-13.496,-10.677,-8.2578,-5.6171,-3.4917,-2.0355,-1.1665,-0.15551,0.38985,0.59357,0.80976,0.81152,0.60478,0.40532,0.097471,-0.23035,-0.56057,-1.1274,-1.6254,-2.1031,-3.1441,-4.3753,-5.9371,-7.6969,-10.529,-13.055,-14.057,-12.512,-10.153,-8.7417,-7.2399,-6.1641,-5.4346,-5.0743,-4.802,-4.7659,-4.8683,-5.1615,-5.5912,-6.0006,-6.2601,-6.3968,-6.3516,-6.2913,-6.2938,-6.7006,-7.3132,-8.6067,-11.595,-17.71,-25.266,-14.822,-8.6132,-5.9151,-3.1368,-1.0807,0.0099481,1.0911,1.8128,2.2662,2.3608,2.1189,1.5973,0.93326,-0.4916,-2.5632,-5.4755,-8.7021,-13.633,-11.626,-8.2195,-5.0604,-3.1008,-2.1142,-1.2186,-0.687,-0.40541,-0.33197,-0.38258,-0.59075,-0.88587,-1.5049,-2.4055,-3.2728,-4.4328,-4.8673,-3.728,-2.1637,0.073551,2.0331,3.2474,4.5346,5.4736,6.0859,6.3537,6.4613,6.2899,5.9937,5.3702,4.4798,3.6365,2.2738,0.60323,-1.4622,-3.3491,-6.4961,-10.649,-13.362,-11.378,-7.3799,-5.0609,-2.7234,-1.0117,0.26311,1.0076,1.7497,2.2752,2.549,2.7442,2.7562,2.6086
2.5966,3.2181,3.8424,4.2599,4.4346,4.4561,4.2631,3.964,3.3545,2.5042,1.4164,0.45737,-0.99804,-2.5641,-3.6984,-5.0207,-5.91,-6.289,-6.6922,-7.0172,-7.5284,-8.101,-9.1997,-10.587,-11.523,-11.872,-10.508,-8.9002,-6.7887,-5.049,-3.7918,-3.1495,-2.6457,-2.5407,-2.6718,-3.119,-3.7714,-4.4297,-4.7847,-4.8921,-4.6486,-4.3632,-4.0025,-3.8483,-3.9486,-4.4756,-5.4527,-7.0231,-8.4798,-10.109,-9.4022,-7.4639,-4.5733,-2.0978,-0.577,1.1016,2.4547,3.5113,4.1609,4.8342,5.2729,5.4876,5.588,5.4992,5.219,4.8984,4.2926,3.5357,2.8646,1.8498,0.72201,-0.2159,-1.5955,-3.1149,-4.7253,-5.9722,-7.5109,-8.7545,-9.2845,-9.324,-8.6241,-7.7725,-6.3737,-5.0951,-4.0653,-3.3212,-2.7233,-2.5661,-2.5085,-2.7941,-3.4599,-4.229,-4.8952,-5.7929,-6.4003,-6.7541,-6.8063,-6.6104,-6.6607,-6.7761,-6.9083,-7.4872,-7.979,-8.5326,-9.3467,-9.7398,-9.9746,-10.197,-10.31,-10.234,-9.9959,-9.4399,-8.8885,-8.08,-7.2854,-6.7697,-6.201,-5.7938,-5.5256,-5.3812,-5.2433,-5.2018,-5.2394,-5.4058,-5.7608,-6.2518,-6.9725,-7.8541,-8.8403,-8.7046,-8.1047,-6.7347,-5.4321,-4.0817,-2.8577,-2.0899,-1.2999,-0.68382,-0.3604,-0.18079,-0.15127,-0.5282,-0.96196,-1.8523,-3.2771,-4.912,-6.2325,-7.5172,-7.1529,-6.225,-4.7099,-3.4147,-2.6409,-1.8703,-1.3695,-1.1008,-1.0405,-1.1406,-1.5129,-1.9969,-3.0062,-4.598,-6.3707,-9.8785,-13.611,-10.458,-6.8076,-3.1499,-0.55486,0.92036,2.4267,3.5152,4.2847,4.6686,4.9443,4.9753,4.8356,4.4283,3.7711,3.1044,1.9711,0.53652,-1.2524,-2.8164,-5.1813,-7.5303,-8.6602,-8.6016,-7.3471,-6.2707,-5.046,-4.0772,-3.3431,-2.8891,-2.3956,-2.0772,-1.9534,-2.0169,-2.3608,-3.0453
-0.93217,0.10179,1.2008,2.0556,2.538,2.9659,3.1847,3.2121,3.0684,2.7479,2.2665,1.824,1.1435,0.41146,-0.14643,-0.87117,-1.5244,-1.9993,-2.5546,-3.0536,-3.5469,-3.903,-4.3216,-4.6313,-4.7347,-4.6598,-4.3392,-3.9695,-3.3647,-2.7452,-2.185,-1.8538,-1.5359,-1.3801,-1.3763,-1.5149,-1.7362,-2.0333,-2.2742,-2.5989,-2.9598,-3.2681,-3.7656,-4.4266,-5.0735,-6.259,-7.8868,-10.012,-12.092,-14.66,-14.27,-12.028,-8.8927,-6.3991,-4.8921,-3.2006,-1.8146,-0.684,0.033291,0.81252,1.3324,1.5568,1.6434,1.472,1.009,0.49185,-0.43183,-1.5473,-2.4609,-3.6884,-4.9127,-5.7704,-6.9222,-8.2344,-9.8286,-11.396,-14.083,-17.554,-19.265,-17.266,-13.692,-11.468,-9.1046,-7.491,-6.2922,-5.6545,-5.4565,-5.5206,-5.8022,-6.8821,-8.408,-10.602,-12.954,-17.221,-21.595,-20.517,-16.365,-13.897,-12.665,-11.113,-10.443,-10.136,-9.8894,-10.063,-10.611,-11.032,-12.14,-13.698,-15.24,-18.237,-21.124,-19.706,-16.879,-13.663,-11.367,-10.121,-8.8912,-8.0176,-7.3954,-7.0268,-6.6543,-6.3451,-6.1484,-5.9618,-5.7677,-5.7178,-5.7891,-5.6443,-5.7968,-5.8359,-5.602,-5.6725,-5.6197,-5.4831,-5.5509,-5.5078,-5.2745,-4.8036,-4.2616,-3.7985,-3.131,-2.7629,-2.6162,-2.5288,-2.7399,-3.0513,-3.2573,-3.5815,-3.7321,-3.7509,-3.7578,-3.6858,-3.6083,-3.5074,-3.3995,-3.2535,-3.1403,-3.0118,-2.9766,-3.0159,-3.196,-3.4964,-3.7538,-4.0032,-3.9805,-3.5342,-2.9661,-2.0285,-1.0624,-0.37139,0.45155,1.1471,1.736,2.0865,2.4392,2.6453,2.6779,2.5591,2.2479,1.8778,1.2023,0.34957,-0.66777,-1.5231,-2.6916,-3.8224,-4.609,-5.5459,-6.3879,-6.9989,-7.8214,-8.567,-9.0199,-9.042,-8.5715,-7.88,-7.4601,-7.1933,-7.4161,-8.2869
-3.8089,-2.6186,-1.2103,-0.042644,0.6676,1.433,1.9745,2.2429,2.4397,2.4613,2.3297,2.143,1.8093,1.3959,1.0492,0.56446,0.057385,-0.32574,-0.80312,-1.2879,-1.7221,-2.0044,-2.306,-2.5041,-2.5817,-2.5649,-2.4257,-2.249,-1.9548,-1.6223,-1.3016,-1.0928,-0.89025,-0.79349,-0.80222,-0.90909,-1.1375,-1.4701,-1.7915,-2.3131,-2.9082,-3.4054,-4.1531,-4.9788,-5.6274,-6.4994,-7.4066,-8.2559,-8.8188,-9.3658,-9.5366,-9.4612,-9.1033,-8.6271,-8.1374,-7.2954,-6.2811,-5.0932,-4.2037,-3.1835,-2.3498,-1.9693,-1.778,-2.0134,-2.6972,-3.5419,-5.1053,-7.3005,-9.3296,-12.25,-14.07,-13.956,-12.959,-12.297,-12.377,-12.892,-14.146,-15.702,-16.227,-14.977,-12.555,-10.789,-8.8747,-7.5397,-6.567,-6.2574,-6.1895,-6.4233,-7.0982,-8.1628,-9.7633,-12.035,-13.881,-16.738,-18.629,-19.069,-17.64,-16.472,-15.335,-13.784,-12.878,-11.92,-11.471,-11.315,-11.187,-11.52,-12.323,-13.437,-14.665,-16.577,-17.999,-17.301,-15.85,-13.791,-12.175,-11.293,-10.55,-10.143,-9.9474,-9.8478,-9.6252,-9.1683,-8.6566,-7.8431,-7.0603,-6.4593,-5.9096,-5.5553,-5.271,-5.3978,-5.6116,-6.1477,-6.9343,-8.2226,-10.255,-12.228,-14.524,-13.606,-10.324,-8.2167,-6.1893,-4.6108,-3.8441,-3.2121,-2.8268,-2.8194,-2.9245,-3.2089,-3.7312,-4.1895,-4.9446,-5.8209,-6.5218,-7.3565,-7.7978,-7.6231,-7.1121,-6.1991,-5.2233,-4.5723,-3.8656,-3.3483,-3.0595,-2.7821,-2.5978,-2.4956,-2.4489,-2.4419,-2.4681,-2.4873,-2.4362,-2.1982,-1.7713,-1.3429,-0.70495,-0.12639,0.22405,0.53162,0.62034,0.54521,0.25783,-0.22679,-0.88138,-1.4771,-2.383,-3.4315,-4.3144,-5.6584,-7.3034,-8.8512,-11.599,-15.88,-24.424,-27.636,-17.551,-13.115,-11.155,-9.5723,-8.8451,-8.747
-5.8372,-4.3175,-2.546,-1.0805,-0.16518,0.82429,1.5656,1.9711,2.3327,2.502,2.5076,2.4146,2.1826,1.8493,1.5478,1.0941,0.59706,0.2225,-0.32418,-0.85698,-1.3815,-1.752,-2.1992,-2.5374,-2.6869,-2.7177,-2.5335,-2.273,-1.8262,-1.3318,-0.87322,-0.57755,-0.28943,-0.14234,-0.12585,-0.23979,-0.53722,-1.0037,-1.4656,-2.2217,-3.124,-3.8841,-4.9411,-5.9858,-6.7027,-7.4884,-8.0489,-8.4739,-8.6725,-8.9623,-9.3674,-9.8172,-10.846,-12.418,-13.956,-15.488,-13.683,-10.204,-7.9235,-5.5886,-3.9979,-3.1826,-2.6268,-2.6264,-3.1517,-3.9202,-5.5148,-7.8661,-10.248,-14.084,-16.47,-15.061,-12.392,-10.486,-9.3429,-8.8019,-8.3372,-7.9354,-7.5876,-7.0016,-6.2841,-5.7096,-5.0189,-4.442,-4.135,-4.1005,-4.1362,-4.686,-5.2282,-6.2122,-7.6237,-9.1993,-10.622,-12.709,-14.975,-16.249,-18.253,-18.687,-17.408,-15.883,-13.934,-12.192,-11.429,-10.416,-9.8152,-9.6031,-9.3691,-9.49,-9.5759,-9.6616,-9.6819,-9.5982,-9.4276,-9.2134,-9.1375,-9.2664,-9.7883,-10.896,-12.773,-14.776,-17.386,-16.354,-13.643,-10.342,-7.9209,-6.6123,-5.2009,-4.4168,-3.937,-3.7444,-4.0505,-4.4977,-5.1832,-6.6078,-8.3869,-10.169,-11.994,-11.199,-8.7198,-6.8282,-4.7959,-3.3926,-2.5966,-1.9563,-1.6653,-1.6529,-1.8933,-2.4158,-3.2693,-4.156,-5.6608,-7.8152,-10.034,-14.501,-22.953,-19.199,-13.724,-9.4361,-6.6885,-5.2036,-3.7364,-2.7045,-2.1791,-1.7715,-1.6708,-1.8938,-2.2954,-3.1897,-4.5595,-5.9437,-8.09,-9.4151,-8.2225,-6.378,-4.076,-2.3253,-1.3609,-0.49205,-0.024556,0.10769,0.04247,-0.27403,-0.77754,-1.2491,-2.0135,-2.8841,-3.6052,-4.6791,-5.8914,-6.8964,-8.3558,-9.7922,-10.774,-10.922,-10.197,-8.966,-8.0464,-6.97,-6.18,-5.6826
-6.0168,-4.2071,-2.2139,-0.63817,0.35044,1.3972,2.1665,2.5889,2.9401,3.0817,3.0262,2.8698,2.5238,2.0549,1.6477,1.0516,0.44652,-0.0088131,-0.64927,-1.2959,-2.0675,-2.7519,-3.7967,-4.9109,-5.5894,-5.8887,-5.2445,-4.3072,-2.878,-1.5724,-0.50169,0.11721,0.70701,1.0388,1.1202,1.0031,0.64173,0.024745,-0.61711,-1.7164,-3.1551,-4.4672,-6.5219,-8.8483,-10.609,-12.072,-11.696,-10.35,-9.3305,-8.3368,-7.8972,-7.902,-8.5019,-9.7273,-11.078,-12.28,-10.75,-7.5297,-5.4118,-3.0979,-1.4953,-0.65873,0.012183,0.25816,0.10036,-0.25527,-0.99918,-1.9059,-2.6316,-3.5044,-4.0759,-4.2446,-4.1779,-3.9029,-3.5108,-3.2101,-2.8214,-2.4151,-2.1002,-1.6686,-1.2372,-0.94276,-0.62273,-0.35524,-0.29417,-0.29723,-0.49482,-0.98504,-1.376,-2.3556,-3.4745,-4.9673,-6.3312,-8.5071,-11.375,-14.292,-19.351,-22.843,-18.9,-14.706,-11.922,-9.9301,-8.9776,-7.6992,-6.9704,-6.4216,-5.7853,-5.3751,-5.0566,-4.7401,-4.4637,-4.2805,-4.1938,-4.2091,-4.4174,-4.746,-5.4738,-6.6285,-8.2736,-9.732,-11.31,-10.691,-8.9328,-6.4455,-4.319,-3.1193,-1.9187,-1.0006,-0.58435,-0.30387,-0.27854,-0.41031,-0.5686,-0.96795,-1.2811,-1.488,-1.5355,-1.3349,-0.77865,-0.38197,0.29299,0.80588,1.0711,1.3133,1.2328,0.99266,0.61047,-0.11141,-1.0288,-1.9095,-3.2441,-4.8011,-6.0052,-7.5544,-8.4244,-8.043,-7.026,-5.2924,-3.5442,-2.4004,-1.1213,-0.13439,0.39471,0.82463,0.92495,0.67502,0.21445,-0.82151,-2.4651,-4.1941,-7.1829,-9.464,-7.7719,-5.355,-2.6933,-0.85921,0.082064,0.85295,1.1897,1.1932,0.9244,0.40698,-0.30556,-0.89842,-1.7315,-2.4898,-2.981,-3.5078,-3.8969,-4.1209,-4.3457,-4.4793,-4.4429,-4.3127,-4.0014,-3.531,-3.1302,-2.5647,-2.0296,-1.541
-3.3605,-2.1466,-0.64134,0.6788,1.5295,2.4504,3.1251,3.4591,3.6858,3.6584,3.3691,2.9889,2.2573,1.3014,0.4774,-0.64306,-1.5776,-2.0539,-2.3017,-2.4908,-2.8903,-3.5299,-5.1194,-8.1425,-12.383,-30.013,-12.125,-7.2084,-3.3769,-0.96864,0.62762,1.4566,2.1913,2.5865,2.6845,2.573,2.216,1.5858,0.91595,-0.27426,-1.869,-3.3579,-5.9432,-9.4688,-12.993,-16.956,-13.654,-9.5086,-7.3059,-5.1995,-3.711,-2.911,-2.0753,-1.4781,-1.0588,-0.41703,0.39324,1.3683,2.1248,3.0552,3.8407,4.2558,4.5971,4.6971,4.5483,4.3041,3.8348,3.2501,2.7686,2.1204,1.5569,1.1889,0.83456,0.63009,0.59847,0.67333,0.90515,1.2217,1.5045,1.9065,2.3061,2.5813,2.9197,3.1597,3.323,3.3962,3.2449,3.0886,2.774,2.2265,1.5073,0.52256,-0.30167,-1.5491,-3.0249,-3.9834,-5.1607,-5.9546,-6.0499,-6.2792,-5.828,-5.7519,-5.4161,-4.9876,-4.5015,-3.9254,-3.2274,-2.333,-1.7317,-1.0313,-0.42496,0.075181,0.33607,0.57433,0.67083,0.66043,0.5308,0.3325,0.11991,0.0044377,0.010137,0.28325,0.65033,1.2906,1.9258,2.4178,2.8684,3.2176,3.4053,3.3807,3.4534,3.2957,3.2556,3.2493,3.2635,3.3995,3.6406,3.9288,4.2869,4.5391,4.7842,4.9721,4.9711,4.8543,4.5216,3.9518,3.4237,2.4765,1.4093,0.52071,-0.71317,-1.7918,-2.4606,-2.9653,-2.956,-2.4718,-1.8469,-0.76401,0.41715,1.2918,2.3696,3.2634,3.815,4.3645,4.6876,4.7727,4.6936,4.4065,3.9655,3.5917,3.1499,2.932,3.0124,3.2458,3.6328,3.9663,4.0966,4.0492,3.7115,3.2426,2.31,1.0413,-0.58541,-1.9981,-3.8732,-5.2741,-5.6089,-5.1169,-4.1888,-3.4897,-2.6928,-2.0714,-1.586,-1.2479,-0.83503,-0.39344,-0.024599,0.49359,1.0529,1.6399
-3.1907,-2.138,-0.72848,0.60075,1.4314,2.2869,2.8737,3.1067,3.1815,2.9742,2.4908,1.912,0.78626,-0.91962,-2.7779,-6.4996,-12.49,-13.841,-8.1247,-4.5139,-2.5335,-1.7622,-1.425,-1.5716,-1.7649,-1.6972,-1.0622,-0.29466,0.78961,1.7027,2.3357,2.6407,2.8647,2.9262,2.91,2.8198,2.5888,2.1832,1.7333,0.89339,-0.18481,-1.1987,-2.656,-4.0419,-4.847,-5.3418,-4.9135,-3.7623,-2.6477,-1.0466,0.51435,1.5792,2.8348,3.8923,4.6057,5.4282,6.163,6.7772,7.1856,7.6158,7.8868,7.9961,7.9858,7.7769,7.3992,7.0086,6.3498,5.5296,4.84,3.8509,2.7892,2.0062,1.0508,0.34511,-0.011405,0.015624,0.3773,0.97813,1.4879,2.1692,2.799,3.2366,3.7702,4.1961,4.5993,4.7841,5.0435,5.1619,5.134,5.1067,4.8132,4.4587,4.0425,3.4105,2.6842,2.074,1.1523,0.28671,-0.5549,-1.628,-3.0298,-4.5933,-5.8437,-7.4572,-7.2508,-6.1687,-4.1714,-2.2183,-1.0085,0.35277,1.3961,2.1947,2.6727,3.1801,3.5732,3.8113,4.0813,4.3127,4.5329,4.6988,4.9517,5.209,5.3952,5.62,5.7824,5.8139,5.8066,5.5218,5.1967,4.7755,4.1381,3.5849,3.221,3.1513,3.4763,3.9461,4.7061,5.5338,6.1672,6.609,6.9706,7.1118,7.0967,6.7789,6.2773,5.4384,4.654,3.3472,1.6818,0.25615,-1.9749,-4.4113,-6.0566,-6.9077,-5.7586,-3.6641,-2.0742,-0.11829,1.5549,2.6689,3.9604,5.0421,5.727,6.4706,7.0397,7.4445,7.656,7.8321,7.9115,7.926,7.9055,7.8507,7.7895,7.7129,7.5523,7.2849,6.9755,6.3918,5.5458,4.7171,3.2935,1.3897,-1.1526,-3.7326,-8.8589,-18.741,-17.055,-9.2827,-5.6442,-4.0139,-2.638,-1.8443,-1.4673,-1.3631,-1.2884,-1.1768,-0.93918,-0.3348,0.59398,1.655
-10.273,-7.2564,-4.1805,-2.082,-1.0239,-0.15869,0.15626,0.13146,-0.17209,-0.60172,-0.99904,-1.2499,-1.6043,-2.1505,-2.7696,-3.8291,-4.6167,-4.4887,-3.1004,-1.3213,0.26221,1.1517,1.9906,2.5091,2.745,2.9066,2.9445,2.8845,2.6434,2.1637,1.4218,0.70925,-0.30598,-1.0762,-1.2727,-1.0169,-0.51016,-0.13029,-0.064409,-0.3385,-1.0988,-1.9835,-3.6369,-5.8565,-7.7403,-9.4954,-8.2895,-5.2779,-3.0885,-0.53086,1.576,2.9019,4.3649,5.5622,6.297,7.0895,7.6899,8.1167,8.3209,8.4549,8.4138,8.2789,7.9466,7.4432,6.7653,6.1343,5.1258,3.9283,2.8821,1.2442,-0.72682,-2.4841,-5.3177,-8.467,-10.139,-9.0857,-6.5772,-4.3886,-3.132,-1.8541,-0.91595,-0.36132,0.24366,0.87666,1.4993,1.9839,2.7465,3.324,3.8066,4.2214,4.5348,4.659,4.6373,4.4345,4.0921,3.6405,2.9783,1.9691,1.1112,-0.35221,-2.3675,-5.0491,-7.9706,-12.868,-13.859,-10.152,-6.1969,-3.5379,-2.1729,-0.78589,0.18983,0.88796,1.3107,1.7761,2.2033,2.52,2.9728,3.4453,3.9337,4.3025,4.7595,5.1537,5.3919,5.5907,5.6534,5.5432,5.2102,4.5861,3.5364,2.5239,0.37971,-2.4038,-5.232,-7.4272,-4.1953,-1.4628,1.3731,3.3488,4.7558,5.4469,6.0799,6.3098,6.2808,5.9603,5.3049,4.3541,3.3752,1.8177,-0.20989,-2.0122,-4.9956,-8.9079,-12.683,-15.521,-11.258,-7.1175,-4.7595,-2.285,-0.30519,0.93688,2.3203,3.4909,4.2283,5.0702,5.7692,6.3632,6.7366,7.1556,7.4831,7.6689,7.8376,7.9056,7.856,7.7341,7.4533,7.0101,6.5693,5.8142,4.8673,4.0249,2.7346,1.2497,-0.36773,-1.6347,-3.1454,-4.1897,-4.4975,-4.3409,-3.8661,-3.5353,-3.2976,-3.4578,-4.0924,-4.9958,-6.8411,-9.3587,-10.829,-9.3885,-5.9313,-2.8766
-8.8285,-7.0289,-4.9602,-3.5695,-3.0008,-2.8417,-3.4611,-4.4724,-6.6851,-9.7322,-11.255,-9.56,-6.4755,-4.1373,-2.8742,-1.6058,-0.60369,0.087922,0.9704,1.8255,2.59,3.0703,3.5508,3.8359,3.9082,3.7973,3.4424,2.9847,2.0645,0.68677,-1.3401,-3.5189,-7.994,-17.834,-20.175,-9.6591,-5.573,-3.4427,-2.591,-2.146,-2.3984,-2.9586,-4.3183,-6.4529,-8.4836,-10.774,-9.2296,-5.7293,-3.3909,-0.84304,1.1524,2.3506,3.6397,4.6549,5.2305,5.8122,6.1718,6.3511,6.3528,6.195,5.876,5.5066,4.868,4.0735,3.1021,2.2583,1.0106,-0.4032,-1.5784,-3.3398,-5.3754,-7.1833,-10.069,-13.303,-15.116,-14.005,-11.37,-9.3551,-8.3372,-7.5997,-7.3849,-7.4868,-7.746,-7.5627,-6.6937,-5.4706,-3.6794,-2.0521,-0.84162,0.2878,1.2847,1.9104,2.267,2.4915,2.4842,2.3353,1.9767,1.3429,0.80761,-0.19447,-1.2548,-2.5181,-3.3058,-4.3047,-4.6372,-4.679,-4.3685,-3.9577,-3.6969,-3.4819,-3.4634,-3.5694,-3.7138,-3.8612,-3.8073,-3.549,-2.9214,-2.0325,-1.0306,-0.27535,0.63291,1.4214,1.9172,2.3928,2.6571,2.7166,2.4893,2.0624,1.1397,0.3022,-1.3906,-3.3888,-5.0254,-5.8611,-4.4308,-2.7047,-0.53078,1.0947,2.3435,2.9609,3.4737,3.6663,3.5614,3.2201,2.4786,1.4858,0.47312,-1.091,-2.9945,-4.5496,-6.6867,-8.6271,-9.7114,-10.219,-9.6873,-8.3565,-7.1295,-5.4954,-3.9839,-2.9969,-1.8851,-0.97351,-0.39677,0.29907,0.9522,1.6056,2.103,2.7518,3.3542,3.7497,4.1624,4.4319,4.5091,4.4472,4.1868,3.7158,3.2337,2.4063,1.408,0.55192,-0.66807,-1.9181,-3.0637,-3.8006,-4.5212,-4.9515,-5.0738,-5.0886,-5.0331,-5.0199,-5.1689,-5.6361,-6.4947,-7.5046,-9.419,-11.823,-13.136,-12.154,-9.2228,-6.4894
-3.7218,-3.4379,-3.0642,-2.8709,-2.911,-3.3107,-4.1757,-5.2104,-7.1273,-9.3439,-10.161,-8.9512,-6.3689,-4.0183,-2.5954,-1.0687,0.11965,0.86844,1.678,2.3559,2.8626,3.1552,3.4087,3.4933,3.4412,3.2081,2.7601,2.2712,1.4023,0.26567,-1.1519,-2.3681,-4.0216,-5.2678,-5.5776,-5.1588,-4.2605,-3.4177,-2.9429,-2.5734,-2.4821,-2.5867,-2.8555,-3.1725,-3.3417,-3.3192,-2.9017,-2.1572,-1.4443,-0.44584,0.49397,1.1201,1.8132,2.3328,2.6006,2.805,2.8286,2.6714,2.4443,1.9769,1.3468,0.7515,-0.18997,-1.3249,-2.6238,-3.7031,-5.2498,-6.8697,-8.0451,-9.4045,-10.532,-11.151,-11.756,-12.095,-12.145,-12.023,-11.794,-11.607,-11.656,-12.176,-13.471,-15.169,-19.329,-33.171,-22.739,-16.052,-11.428,-8.2194,-6.466,-4.636,-3.1926,-2.1579,-1.5611,-0.9988,-0.71292,-0.59264,-0.71089,-0.9135,-1.2642,-1.7787,-2.4386,-3.1126,-3.6483,-4.338,-4.9548,-5.3954,-5.8888,-6.5216,-6.9852,-7.8341,-8.9572,-10.479,-11.983,-14.449,-16.713,-16.754,-14.307,-11.373,-8.9136,-7.3797,-5.6742,-4.2776,-3.4222,-2.4779,-1.8115,-1.4296,-1.1878,-1.1313,-1.3215,-1.5662,-1.9322,-2.3615,-2.5351,-2.6437,-2.3769,-2.06,-1.4959,-0.88223,-0.39283,-0.073169,0.14156,0.17754,0.021949,-0.39702,-1.1244,-2.146,-3.1379,-4.8167,-6.9023,-8.8578,-12.017,-16.244,-19.879,-21.271,-17.314,-13.938,-12.057,-10.224,-8.9204,-8.2598,-7.6937,-7.489,-7.4902,-7.5497,-7.3803,-6.7473,-5.9435,-4.6391,-3.3292,-2.4658,-1.5488,-0.92501,-0.59858,-0.5502,-0.75135,-1.2374,-1.804,-2.8038,-4.1074,-5.2796,-7.0699,-9.0253,-10.911,-11.866,-12.248,-11.581,-10.785,-9.7214,-8.8441,-8.352,-7.9752,-7.8727,-8.061,-8.3204,-8.8061,-9.2835,-9.5595,-9.6881,-9.5283,-9.1128
-1.9691,-1.9059,-1.8596,-1.8861,-1.971,-2.1944,-2.5253,-2.8138,-3.1805,-3.4059,-3.3539,-3.0945,-2.5006,-1.7396,-1.1323,-0.34554,0.37349,0.84534,1.3903,1.8206,2.1443,2.3082,2.4231,2.4109,2.3174,2.0802,1.7119,1.3542,0.77611,0.099508,-0.63246,-1.182,-1.8575,-2.3875,-2.6727,-2.8834,-2.9333,-2.9051,-2.8606,-2.8139,-2.7805,-2.7819,-2.7776,-2.7476,-2.6988,-2.5534,-2.3391,-2.0366,-1.7716,-1.4186,-1.1013,-0.90186,-0.7167,-0.66573,-0.70496,-0.89953,-1.2375,-1.7465,-2.2216,-2.9935,-3.9366,-4.733,-5.9567,-7.3838,-9.0603,-10.515,-12.891,-15.709,-18.139,-20.789,-20.487,-18.933,-16.912,-15.432,-14.373,-13.823,-13.402,-13.304,-13.452,-13.907,-14.675,-15.352,-16.303,-16.674,-16.177,-14.997,-13.388,-11.388,-10.201,-8.559,-7.2543,-6.0956,-5.4236,-4.7278,-4.2293,-4.0321,-3.9292,-4.0357,-4.2396,-4.6252,-5.1954,-5.8487,-6.4428,-7.1741,-8.0511,-8.6291,-9.4913,-10.329,-11.057,-12.132,-13.513,-15.366,-17.129,-20.161,-23.326,-23.663,-20.979,-17.944,-15.45,-13.835,-11.879,-10.121,-8.9426,-7.5878,-6.4516,-5.8252,-5.099,-4.7274,-4.4331,-4.4197,-4.4128,-4.5408,-4.6103,-4.6908,-4.706,-4.6355,-4.4765,-4.2306,-3.9611,-3.7792,-3.5666,-3.5322,-3.5804,-3.9076,-4.4085,-5.2444,-6.0223,-7.4122,-9.0988,-10.663,-13.077,-15.745,-17.529,-18.252,-17.028,-15.33,-14.235,-13.158,-12.548,-12.412,-12.735,-13.728,-15.087,-18.262,-24.115,-23.209,-17.825,-13.113,-10.091,-8.4825,-6.9487,-5.9807,-5.4539,-5.333,-5.4956,-6.0229,-6.6517,-7.8123,-9.3752,-10.849,-13.37,-16.83,-22.389,-30.914,-28.206,-20.19,-17.077,-14.313,-12.454,-11.466,-10.528,-9.9624,-9.7323,-9.7445,-9.9822,-10.462,-10.992,-11.961,-13.329,-15.132
-1.1397,-1.0708,-1.0136,-0.98859,-0.99758,-1.0359,-1.1028,-1.1538,-1.2025,-1.2003,-1.1245,-1.0075,-0.77856,-0.48685,-0.23864,0.10526,0.45135,0.68777,0.97718,1.1983,1.362,1.4295,1.4448,1.3734,1.2594,1.026,0.71308,0.43064,-0.0028276,-0.48117,-0.98189,-1.3555,-1.8382,-2.2811,-2.576,-2.9084,-3.1914,-3.4108,-3.5468,-3.6838,-3.7823,-3.8097,-3.8139,-3.7677,-3.6962,-3.5734,-3.423,-3.2637,-3.1657,-3.0707,-3.0392,-3.0798,-3.2295,-3.5013,-3.8013,-4.3313,-5.0245,-5.8639,-6.6126,-7.7102,-8.9438,-9.9186,-11.272,-12.634,-14.106,-15.308,-17.183,-19.704,-22.049,-24.689,-23.592,-21.139,-18.327,-16.265,-14.906,-14.222,-13.651,-13.474,-13.554,-13.901,-14.448,-14.973,-15.626,-16.166,-16.335,-16.137,-15.44,-14.209,-13.181,-11.672,-10.369,-9.1613,-8.4178,-7.611,-7.0242,-6.7693,-6.5496,-6.6514,-6.786,-7.2775,-7.9091,-8.853,-9.6131,-10.87,-12.072,-12.996,-13.964,-14.587,-14.924,-15.299,-15.785,-16.483,-17.15,-18.166,-19.199,-19.907,-20.697,-21.206,-20.977,-20.031,-17.8,-15.303,-13.559,-11.581,-10.015,-9.0737,-8.1739,-7.5292,-7.2259,-7.1164,-7.2627,-7.5219,-7.8808,-8.3435,-8.8466,-9.0781,-9.126,-8.8583,-8.2689,-7.797,-7.1812,-6.7135,-6.4965,-6.3967,-6.5452,-6.9499,-7.3998,-8.1782,-9.1453,-9.9505,-11.063,-12.101,-12.72,-13.318,-13.575,-13.627,-13.586,-13.504,-13.539,-13.67,-14.093,-14.808,-15.561,-16.719,-17.482,-16.98,-15.724,-13.647,-11.76,-10.601,-9.43,-8.6582,-8.2784,-8.2318,-8.4735,-9.0633,-9.7162,-10.879,-12.325,-13.563,-15.35,-17.091,-18.485,-18.964,-18.727,-17.52,-16.312,-14.657,-13.189,-12.266,-11.28,-10.614,-10.231,-10.159,-10.316,-10.799,-11.383,-12.53,-14.216,-16.617
-0.55003,-0.43035,-0.29565,-0.19618,-0.14546,-0.10082,-0.081777,-0.079003,-0.090012,-0.099711,-0.10178,-0.092627,-0.060917,-0.0008316,0.063377,0.1766,0.30747,0.41661,0.55731,0.67632,0.75135,0.77004,0.7286,0.60984,0.46621,0.20344,-0.1328,-0.42321,-0.85209,-1.305,-1.7727,-2.1264,-2.594,-3.0592,-3.397,-3.8455,-4.2916,-4.7091,-4.9991,-5.3299,-5.5765,-5.6772,-5.7038,-5.6072,-5.4562,-5.2268,-4.9626,-4.7529,-4.6513,-4.5982,-4.6601,-4.8154,-5.1604,-5.6571,-6.1598,-6.9742,-7.9952,-9.1906,-10.271,-11.86,-13.719,-15.188,-17.044,-18.3,-18.592,-18.356,-17.821,-17.371,-17.027,-16.476,-15.698,-14.967,-13.942,-12.988,-12.228,-11.85,-11.588,-11.627,-11.871,-12.497,-13.499,-14.547,-16.33,-18.767,-21.64,-23.454,-22.009,-18.788,-16.615,-14.114,-12.332,-10.907,-10.087,-9.1608,-8.5389,-8.1952,-7.9204,-7.9079,-8.0379,-8.5345,-9.3163,-10.554,-11.765,-14.059,-17.055,-20.013,-22.948,-21.664,-19.529,-17.486,-16.285,-15.811,-15.829,-16.292,-17.275,-18.418,-20.782,-24.938,-33.536,-30.466,-22.015,-17.453,-15.139,-12.767,-11.126,-10.108,-9.273,-8.6338,-8.4881,-8.4671,-8.9107,-9.6466,-10.592,-12.261,-14.624,-16.725,-18.187,-16.29,-13.447,-11.603,-9.8522,-8.5546,-7.9514,-7.3786,-7.2143,-7.271,-7.5027,-7.9349,-8.5646,-9.0947,-9.8832,-10.681,-11.261,-11.988,-12.597,-13.052,-13.291,-13.479,-13.546,-13.531,-13.452,-13.36,-13.274,-13.076,-12.758,-12.253,-11.768,-11.03,-10.284,-9.7874,-9.2563,-8.912,-8.818,-8.918,-9.3096,-9.9989,-10.744,-12.037,-13.696,-15.16,-17.32,-19.31,-20.311,-19.988,-18.481,-16.568,-15.171,-13.469,-12.007,-11.081,-10.098,-9.389,-8.9463,-8.7841,-8.783,-9.0252,-9.3436,-9.9066,-10.604,-11.272
-0.03062,0.15989,0.37649,0.54873,0.64915,0.74322,0.78924,0.78743,0.73941,0.63487,0.48214,0.33803,0.12909,-0.062188,-0.17438,-0.25127,-0.2352,-0.15287,-0.00033486,0.19035,0.32587,0.38231,0.36339,0.2101,0.013286,-0.35271,-0.82157,-1.2224,-1.7769,-2.3375,-2.8652,-3.2411,-3.7097,-4.1793,-4.5545,-5.1206,-5.7611,-6.5218,-7.138,-7.9697,-8.662,-8.9902,-8.9862,-8.5218,-7.9861,-7.1889,-6.4657,-5.9109,-5.6153,-5.4238,-5.4643,-5.6515,-6.1006,-6.7967,-7.4515,-8.5144,-9.76,-11.202,-12.395,-14.319,-16.751,-19.341,-25.034,-46.764,-25.667,-20.713,-16.982,-14.478,-13.099,-11.662,-10.464,-9.7352,-8.8801,-8.2322,-7.7627,-7.5446,-7.4934,-7.6931,-8.0324,-8.7666,-9.866,-10.952,-12.892,-15.363,-18.469,-19.926,-19.304,-16.773,-14.875,-13.116,-11.661,-10.706,-10.065,-9.3788,-8.7748,-8.3186,-7.9204,-7.5281,-7.5243,-7.5742,-8.1188,-8.9155,-9.9636,-11.688,-14.163,-16.161,-18.09,-17.162,-15.488,-13.604,-12.303,-11.572,-11.348,-11.396,-11.812,-12.305,-13.112,-13.885,-14.259,-14.095,-13.268,-12.134,-11.22,-10.157,-9.2232,-8.7061,-8.0639,-7.7382,-7.5686,-7.6458,-7.973,-8.7096,-9.5867,-11.283,-13.743,-15.928,-17.585,-15.559,-12.453,-10.642,-8.7738,-7.5168,-6.8692,-6.3502,-6.1468,-6.1717,-6.3753,-6.792,-7.4141,-7.9563,-8.8342,-9.8293,-10.659,-11.812,-13.001,-14.049,-14.634,-14.945,-14.627,-14.091,-13.157,-12.21,-11.546,-10.757,-10.092,-9.5045,-9.1073,-8.654,-8.2717,-8.0259,-7.7782,-7.6553,-7.6639,-7.7765,-8.1252,-8.7391,-9.4128,-10.653,-12.406,-14.184,-17.523,-23.065,-30.178,-24.156,-18.152,-14.555,-12.592,-10.584,-9.0366,-8.1064,-7.1465,-6.4559,-6.026,-5.8373,-5.7813,-5.898,-6.0906,-6.4567,-6.878,-7.3144
0.43285,0.6832,0.96942,1.2214,1.3919,1.5727,1.6855,1.7082,1.638,1.4159,1.0227,0.61299,-0.075862,-0.87081,-1.4401,-1.9781,-2.0238,-1.7371,-1.065,-0.34635,0.24517,0.52429,0.65334,0.48743,0.17188,-0.48391,-1.3568,-2.1099,-3.1442,-4.068,-4.733,-5.0312,-5.2554,-5.4106,-5.5897,-5.9806,-6.6806,-7.7913,-8.9991,-11.28,-14.641,-17.566,-17.638,-13.585,-11.046,-8.5548,-6.904,-5.7903,-5.2497,-4.8858,-4.897,-5.0984,-5.6729,-6.6105,-7.5316,-9.0727,-10.786,-12.504,-13.397,-14.244,-14.48,-14.657,-14.717,-14.284,-12.995,-11.676,-9.8041,-8.0162,-6.8503,-5.5065,-4.4094,-3.7274,-2.9889,-2.4272,-2.0665,-1.9108,-1.8688,-2.0393,-2.3017,-2.831,-3.5663,-4.2269,-5.2463,-6.3171,-7.2335,-7.8598,-8.2203,-8.5847,-8.5384,-8.8196,-9.0385,-9.4571,-9.6458,-9.733,-9.0804,-8.3232,-7.1085,-5.9818,-5.2793,-4.6159,-4.2477,-4.2465,-4.3408,-4.736,-5.1067,-5.4402,-5.6086,-5.5462,-5.3156,-4.9426,-4.5629,-4.3073,-4.2163,-4.2515,-4.4347,-4.6572,-5.0129,-5.3896,-5.7341,-5.9279,-6.1273,-6.263,-6.3237,-6.378,-6.3093,-6.2381,-5.9373,-5.6247,-5.1511,-4.9824,-4.7219,-4.7754,-4.8466,-5.2074,-5.5489,-5.7827,-5.8642,-5.6281,-5.0911,-4.7018,-4.1214,-3.7681,-3.5294,-3.4857,-3.5247,-3.823,-4.105,-4.7032,-5.4336,-6.136,-7.2125,-8.5503,-9.699,-11.591,-14.026,-17.449,-20.969,-24.103,-19.455,-16.058,-12.809,-10.532,-9.2436,-7.9917,-7.115,-6.5689,-6.3206,-6.1487,-6.0918,-6.0638,-5.9934,-5.8522,-5.6469,-5.5118,-5.4071,-5.4967,-5.7032,-6.221,-6.9834,-7.7112,-8.7009,-9.5067,-9.7585,-9.4697,-8.4866,-7.2336,-6.2567,-5.0379,-3.9735,-3.3093,-2.5983,-2.098,-1.7995,-1.722,-1.7875,-2.0337,-2.3275,-2.8529,-3.4658,-4.1596
0.3089,0.45913,0.68207,1.0035,1.309,1.7687,2.1928,2.4342,2.5691,2.4358,1.941,1.2788,-0.12589,-2.3822,-4.9232,-9.7854,-10.788,-6.906,-2.841,-0.36004,1.1652,1.8062,2.1129,1.8814,1.3454,0.14774,-1.648,-3.4153,-6.4017,-9.5441,-10.784,-9.8435,-8.079,-6.7586,-6.1267,-5.7232,-5.8259,-6.3519,-7.0962,-8.6423,-10.592,-11.918,-11.727,-9.5975,-7.8467,-5.9428,-4.554,-3.6589,-3.2505,-2.9794,-2.9852,-3.1989,-3.7913,-4.7605,-5.9265,-8.1438,-11.77,-18.605,-29.049,-17.158,-11.788,-9.3252,-7.0627,-5.3875,-3.9049,-2.9172,-1.6515,-0.50697,0.28404,1.2247,2.0334,2.5688,3.1509,3.6105,3.9327,4.0704,4.143,4.0607,3.9009,3.5571,3.0757,2.626,1.9604,1.1948,0.41903,-0.1903,-1.0373,-1.8677,-2.7646,-3.9573,-5.9268,-8.6531,-12.046,-19.512,-15.323,-10.09,-5.8048,-3.1595,-1.6112,-0.25052,0.80286,1.4198,1.7997,2.0944,2.2935,2.424,2.5855,2.7603,2.8748,3.0485,3.1653,3.2116,3.1845,3.0491,2.8045,2.5442,2.0996,1.5512,0.8974,0.32313,-0.58895,-1.675,-2.6749,-4.1171,-5.6362,-6.2259,-6.2213,-4.7314,-3.2499,-2.0543,-0.95937,-0.093112,0.33548,0.72174,0.93607,0.99997,1.0212,1.0236,0.88431,0.83694,0.58564,0.341,0.046206,-0.30969,-0.76799,-1.2965,-1.7133,-2.4013,-3.2078,-3.9847,-5.1496,-6.4866,-7.6156,-9.2072,-10.878,-12.589,-13.684,-13.948,-12.112,-10.165,-7.6725,-5.708,-4.6054,-3.5662,-2.9955,-2.8954,-3.1327,-3.8167,-4.8484,-5.6966,-6.3623,-5.8908,-4.5971,-3.5308,-2.3121,-1.4507,-1.0562,-0.80916,-0.82788,-0.94167,-1.1694,-1.3739,-1.4183,-1.3329,-1.0079,-0.47597,0.018068,0.74327,1.4531,1.9211,2.4272,2.7516,2.8692,2.7993,2.5086,1.9618,1.3983,0.46411,-0.70882,-2.0215
-3.1384,-3.9866,-4.7251,-4.3071,-3.3132,-1.6777,-0.20126,0.68638,1.5301,1.9939,2.0544,1.7964,1.0324,-0.22507,-1.4522,-2.9705,-2.9883,-1.8647,0.14316,1.793,2.8826,3.3292,3.453,3.037,2.3735,0.9752,-1.1131,-3.2195,-6.896,-11.339,-13.148,-11.575,-9.3721,-7.9403,-7.1779,-6.4262,-5.7402,-5.2317,-4.9426,-4.7175,-4.573,-4.4455,-4.1726,-3.7758,-3.4846,-3.1323,-2.951,-2.9414,-3.0298,-3.1245,-3.1057,-3.0815,-3.0164,-3.1286,-3.359,-4.009,-4.959,-5.8419,-5.9204,-5.0998,-3.4665,-2.194,-0.65019,0.65642,1.7205,2.4193,3.2215,3.895,4.3496,4.9065,5.4223,5.7879,6.2446,6.6356,6.9686,7.1543,7.2888,7.3061,7.2251,6.9901,6.6187,6.2463,5.6471,4.9564,4.1335,3.5341,2.5779,1.6619,0.87325,-0.23915,-1.4393,-2.9587,-3.9418,-4.7879,-4.0617,-2.9036,-0.8275,0.84969,2.0183,3.1511,4.0315,4.7476,5.1061,5.5985,5.956,6.2659,6.5925,6.9212,7.1229,7.3416,7.4598,7.4749,7.4038,7.2033,6.8639,6.5287,5.9647,5.2673,4.4185,3.647,2.4095,0.78937,-0.81208,-3.7266,-8.705,-14.976,-13.255,-6.3265,-2.2341,-0.38282,1.4935,2.7416,3.3516,3.9495,4.2138,4.2948,4.2094,3.9107,3.4033,2.9118,2.0331,1.0604,0.17616,-0.8336,-1.7834,-2.2507,-2.5792,-2.8682,-3.469,-4.1024,-5.4582,-7.2644,-8.878,-10.506,-10.655,-9.4258,-8.1736,-6.4691,-4.77,-3.5494,-2.1228,-0.90549,-0.2295,0.35807,0.49612,0.15229,-0.49714,-2.0694,-4.8511,-8.4346,-19.047,-12.047,-5.2634,-2.4459,-0.030321,1.4582,2.1314,2.6091,2.6841,2.5435,2.1191,1.567,1.0232,0.77512,0.74197,1.1977,1.7815,2.7134,3.6237,4.229,4.8466,5.2051,5.2637,5.1231,4.6411,3.814,2.9508,1.4546,-0.51713,-3.0122
-8.2433,-11.818,-21.155,-17.337,-11.689,-7.6155,-5.0085,-3.586,-2.0757,-0.92255,-0.041566,0.45017,0.90505,1.1751,1.3304,1.5471,1.8664,2.1952,2.668,3.1024,3.3396,3.375,3.1884,2.6798,2.1108,1.0635,-0.28839,-1.4831,-3.2485,-5.0129,-6.728,-8.0149,-9.924,-11.964,-13.205,-12.621,-10.051,-7.6903,-6.3068,-4.909,-4.0485,-3.5975,-3.3153,-3.3098,-3.4673,-3.9973,-4.9807,-6.4477,-7.8544,-9.8097,-10.188,-8.7434,-6.2428,-4.2274,-3.0203,-1.8769,-1.0382,-0.33543,0.090147,0.79412,1.4561,1.9568,2.5543,3.0423,3.3645,3.5126,3.5906,3.5848,3.562,3.5916,3.7475,3.9618,4.392,4.9091,5.414,5.7636,6.1154,6.3145,6.3499,6.2356,5.9193,5.558,4.8866,4.0438,3.0637,2.2199,1.2557,0.28098,-0.044712,-0.4984,-0.5148,-0.36913,-0.25975,0.17329,0.66864,1.1387,1.8617,2.5283,2.9092,3.3608,3.5703,3.7739,3.8577,4.0934,4.4985,4.8802,5.5089,6.1394,6.5884,7.0306,7.3139,7.3914,7.3161,7.0439,6.5927,6.1548,5.4698,4.7035,3.8877,3.2661,2.3897,1.4586,0.73829,-0.28939,-1.1992,-1.4912,-1.4669,-0.54419,0.56221,1.3344,2.3184,2.9817,3.4195,3.7171,3.8383,3.786,3.5202,2.9578,2.2082,1.2709,-0.20855,-2.4457,-4.6031,-8.5367,-12.152,-10.736,-8.4924,-6.5007,-5.6912,-5.699,-6.6746,-8.9153,-11.677,-17.471,-15.714,-9.9512,-7.0348,-4.2094,-2.2165,-1.0433,0.18426,1.0832,1.5891,2.0095,2.1423,1.9828,1.6815,1.0465,0.24367,-0.3242,-0.69164,-0.29941,0.65592,1.5053,2.5073,3.2138,3.5103,3.5594,3.1998,2.6141,1.3996,-0.43971,-3.1323,-5.6802,-7.9135,-5.4953,-2.8563,-0.057755,1.9258,2.9968,3.9645,4.4914,4.6275,4.483,3.951,3.0474,2.0873,0.3646,-1.857,-4.7502
-5.9134,-7.2613,-8.685,-9.4145,-9.5126,-9.1532,-8.4149,-7.5992,-6.1244,-4.4201,-2.7238,-1.5288,-0.14295,0.97072,1.6532,2.391,2.9035,3.1903,3.3852,3.4243,3.2933,3.0876,2.6832,2.1857,1.7369,1.0707,0.30136,-0.37316,-1.4038,-2.674,-4.2538,-5.7312,-8.33,-11.769,-14.347,-13.84,-10.141,-7.2996,-5.8022,-4.4346,-3.5965,-3.2583,-3.1024,-3.2593,-3.5666,-4.3067,-5.4898,-7.2677,-9.3018,-12.664,-13.315,-10.37,-6.271,-3.2504,-1.5461,0.21855,1.5518,2.5584,3.1499,3.7522,4.155,4.3378,4.4002,4.2311,3.8189,3.3054,2.3526,1.108,0.03643,-1.3131,-1.9492,-1.6469,-0.49571,0.90967,2.1498,2.9016,3.6991,4.2248,4.4584,4.5468,4.352,4.0067,3.2303,2.0186,0.32381,-1.297,-3.9962,-6.2225,-6.6519,-4.8119,-2.8116,-0.9912,0.010083,1.0717,1.8376,2.3275,2.6492,2.8929,2.7656,2.4527,1.7573,0.56874,-0.3217,-1.4258,-1.0705,0.0088349,2.0236,3.7327,4.7734,5.7519,6.3108,6.4668,6.3429,5.8654,5.0802,4.3061,3.1193,1.9149,0.96312,0.55682,0.43255,0.61572,0.82854,1.0575,1.3187,1.4161,1.7059,1.9738,2.1148,2.4023,2.4581,2.5976,2.6086,2.5802,2.5294,2.4031,2.1498,1.7544,1.1024,0.39393,-0.85517,-2.6853,-4.33,-7.0318,-9.0754,-8.2028,-6.6997,-4.8907,-3.661,-3.2365,-3.014,-3.1341,-3.3217,-3.3509,-2.9208,-2.0369,-1.194,-0.052873,0.93685,1.5574,2.2312,2.7142,2.985,3.2387,3.4237,3.5396,3.5942,3.6589,3.7361,3.8302,4.0298,4.3051,4.6482,4.9107,5.1848,5.3138,5.2856,5.0093,4.4207,3.7374,2.4605,0.63125,-1.7845,-3.7818,-5.3618,-3.9001,-1.9759,0.28726,1.989,2.9006,3.7105,4.133,4.2191,4.0527,3.5754,2.7792,1.9685,0.59359,-1.1264,-3.1734
-3.8631,-5.1946,-7.0879,-9.1595,-10.953,-13.758,-17.027,-17.469,-13.363,-8.8009,-5.2157,-3.0524,-0.75103,1.0198,2.0343,3.0406,3.6627,3.9018,3.8945,3.5696,2.9776,2.3632,1.4771,0.72783,0.3553,0.19627,0.27716,0.36023,0.35161,0.11227,-0.3524,-0.83462,-1.5931,-2.2958,-2.6863,-2.8411,-2.6162,-2.2644,-2.0312,-1.8876,-1.9276,-2.1012,-2.4293,-2.8163,-3.1229,-3.4398,-3.5958,-3.6798,-3.6696,-3.2958,-2.5544,-1.6382,-0.19282,1.3295,2.4154,3.7078,4.7556,5.5681,6.0584,6.4497,6.6373,6.6076,6.3411,5.7654,4.8647,3.8905,2.1432,-0.39988,-3.1227,-9.0817,-23.88,-12.364,-5.6383,-2.3948,-0.39904,0.60027,1.6048,2.3531,2.7934,3.2238,3.419,3.3652,2.9564,2.0126,0.40519,-1.2104,-4.5228,-8.4575,-8.2693,-5.0918,-2.1449,0.027033,1.1376,2.1806,2.9297,3.3253,3.5478,3.6215,3.4163,2.7789,1.6772,-0.53371,-3.1761,-8.9876,-9.2573,-3.99,0.69948,3.4692,4.8526,6.0488,6.6113,6.6539,6.3725,5.557,4.1924,2.7323,0.05764,-3.8419,-8.7815,-9.1,-4.8537,-1.6204,-0.040964,1.4129,2.3574,2.6746,3.0395,2.9682,2.6674,2.449,1.7646,1.1947,0.67161,0.248,0.12634,0.19575,0.3983,0.71106,0.74225,0.73587,0.51038,0.090869,-0.10978,-0.52739,-0.61821,-0.33911,-0.049442,0.59979,1.2355,1.6315,2.114,2.4979,2.7139,3.0136,3.2986,3.6005,3.8224,4.0301,4.1477,4.1434,4.0467,3.857,3.699,3.5529,3.5864,3.848,4.177,4.7294,5.3286,5.766,6.303,6.7532,7.1138,7.3087,7.4691,7.4901,7.4034,7.1428,6.7116,6.2956,5.6137,4.8313,4.0683,3.5989,3.2346,3.2185,3.3997,3.7675,4.1538,4.3937,4.5949,4.642,4.5264,4.3262,3.9176,3.3093,2.7392,1.8125,0.68292,-0.64721
-3.305,-4.8473,-7.1631,-9.6725,-11.789,-14.324,-16.196,-16.153,-12.865,-8.6702,-4.9746,-2.6277,-0.12894,1.8182,2.9307,3.9685,4.5563,4.6786,4.4439,3.6332,2.1617,0.5256,-2.6058,-6.7234,-7.9758,-4.7772,-1.5777,0.1015,1.5742,2.4363,2.8687,2.9663,2.9196,2.713,2.4974,2.2012,1.806,1.3399,0.88654,0.10647,-0.96404,-1.9844,-3.5834,-5.2159,-6.0929,-6.0657,-4.8261,-3.1451,-1.8625,-0.29918,1.1233,2.1736,3.4769,4.7057,5.5168,6.5045,7.3031,7.9035,8.2297,8.4543,8.4737,8.3284,7.9286,7.2751,6.3469,5.4926,4.0884,2.4437,1.1272,-0.56205,-1.6651,-1.9814,-1.9273,-1.7024,-1.6531,-1.6612,-1.6237,-1.0643,-0.24024,1.0885,2.3454,3.0573,3.66,3.8653,3.6913,3.2961,2.8529,2.3631,2.2205,2.3973,2.599,2.8652,3.0195,3.1022,3.2328,3.3367,3.7139,4.0021,4.3583,4.5249,4.4489,4.2891,3.9998,3.8834,4.2838,4.8314,5.8665,6.8875,7.4316,7.9223,8.019,7.7633,7.3264,6.4317,5.1296,3.8797,1.7985,-0.61131,-2.5671,-2.7226,-1.2482,0.60491,1.7775,2.9339,3.5574,3.8418,3.7539,3.2146,2.4725,1.376,-0.31262,-2.6598,-5.0122,-7.5166,-7.4286,-5.6698,-3.2698,-1.5414,-0.43293,0.27934,0.73645,1.127,1.3726,1.6789,2.1864,2.6922,3.1702,3.8809,4.5722,5.1113,5.7233,6.222,6.5277,6.8273,7.0021,7.0206,6.9167,6.5943,6.0396,5.4389,4.3276,2.8826,1.5903,-0.05362,-0.78655,0.13866,1.4729,3.2926,4.8361,5.7873,6.7783,7.509,8.0092,8.2427,8.4111,8.4231,8.3352,8.1382,7.8546,7.6018,7.2256,6.8502,6.4966,6.2244,5.9112,5.6093,5.3987,5.1211,4.7988,4.5442,4.2113,3.9083,3.6339,3.4651,3.2121,2.9001,2.5861,2.0615,1.3856,0.58541
-5.1876,-6.6177,-9.0658,-12.644,-16.32,-24.024,-20.686,-15.631,-10.863,-7.1891,-4.1951,-2.303,-0.15542,1.5487,2.5473,3.5073,4.0465,4.1732,3.9633,3.2886,2.0574,0.75393,-1.502,-3.75,-4.3052,-2.7807,-0.57191,0.80652,2.1464,3.0181,3.501,3.6692,3.6836,3.4992,3.2653,2.7957,2.184,1.3981,0.66749,-0.53633,-2.1682,-3.7649,-6.8054,-11.619,-18.439,-17.603,-9.7435,-5.6067,-3.4081,-1.1689,0.65225,1.788,3.1253,4.2926,5.0514,5.9135,6.6054,7.0993,7.3054,7.4406,7.3227,7.1016,6.622,5.9703,5.1434,4.4547,3.4472,2.4431,1.6877,0.74884,-0.1217,-0.74231,-1.7036,-3.0009,-5.1401,-7.7058,-14.562,-17.173,-9.0858,-3.5817,-0.29221,1.4014,2.9456,3.9565,4.5512,4.7418,4.7975,4.7383,4.445,4.0401,3.4086,2.3735,1.3484,-0.36201,-2.2853,-3.0014,-1.8684,0.3273,1.9339,3.6651,4.8548,5.7518,6.2974,6.7843,7.2289,7.5136,7.7927,7.9541,7.9606,7.7729,7.3887,6.7856,6.2079,5.3194,4.378,3.6955,2.8525,2.2145,1.8829,1.8367,2.0648,2.4286,2.7292,2.994,3.0604,2.9818,2.4673,1.7546,0.63895,-0.67585,-2.6192,-5.3722,-8.1435,-11.445,-11.182,-8.8473,-6.3466,-4.5853,-3.2973,-2.9031,-2.4111,-2.1361,-2.0788,-1.5598,-0.87341,0.19393,1.187,2.4348,3.6672,4.4901,5.4196,6.1519,6.5809,6.9422,7.0899,6.9969,6.7562,6.2131,5.3248,4.4099,2.7292,0.31787,-2.2121,-7.464,-13.649,-7.1079,-3.2194,0.094349,2.2565,3.4112,4.5203,5.2426,5.6581,5.8053,5.7974,5.6173,5.4103,5.0748,4.7463,4.5222,4.2995,4.1511,4.0202,3.9083,3.6631,3.2837,2.8655,2.1073,1.1172,0.23461,-0.99428,-1.9653,-2.3092,-2.138,-1.6415,-1.1713,-1.0117,-1.0979,-1.534,-2.2425
-7.8719,-8.3881,-9.4528,-10.87,-11.944,-12.762,-12.072,-10.684,-8.2795,-5.9426,-3.8708,-2.513,-0.94137,0.34849,1.1367,1.966,2.5199,2.7638,2.8402,2.6887,2.3617,2.0177,1.5655,1.213,1.1169,1.2275,1.5352,1.8088,2.1197,2.2832,2.2783,2.1689,1.8694,1.4404,1.0417,0.41372,-0.26447,-1.033,-1.6692,-2.6331,-3.7175,-4.6305,-5.8779,-7.0875,-7.6695,-7.6792,-6.9179,-5.7522,-4.7335,-3.4342,-2.1191,-1.1785,0.035451,1.1413,1.9133,2.7631,3.4249,3.8667,4.0445,4.0572,3.8111,3.4657,2.7929,1.9087,0.91221,0.10314,-0.87871,-1.7199,-2.1836,-2.5921,-2.8865,-3.1187,-3.4765,-4.0573,-4.8601,-5.5623,-6.1853,-5.7538,-4.6099,-2.5897,-0.62168,0.6464,2.0178,3.0039,3.6813,4.0489,4.2045,4.1451,3.962,3.3626,2.4586,1.1084,-0.38261,-3.1639,-7.3451,-10.073,-6.8504,-2.4236,-0.15045,2.261,3.9153,5.0349,5.7001,6.2997,6.6325,6.7784,6.745,6.4696,6.138,5.4433,4.4947,3.2836,2.2489,0.80345,-0.44969,-1.081,-1.3337,-1.0798,-0.59204,-0.19411,0.27028,0.63443,0.78094,0.81227,0.66846,0.3169,-0.2282,-0.95296,-2.0812,-2.9122,-4.1377,-5.591,-6.3391,-7.1923,-7.6381,-7.5706,-7.3612,-7.0109,-6.9944,-7.2423,-7.8615,-9.2804,-10.673,-12.337,-11.01,-7.3048,-4.8612,-2.0497,0.099763,1.3524,2.6967,3.6919,4.2219,4.6798,4.8611,4.7938,4.5856,4.087,3.3435,2.622,1.4883,0.17668,-0.82874,-1.9553,-2.5399,-2.3902,-1.9093,-1.0477,-0.19915,0.32899,0.86002,1.1477,1.1671,1.0104,0.54518,-0.19023,-0.88251,-1.9197,-2.8268,-3.1973,-3.1353,-2.6339,-2.03,-1.637,-1.3869,-1.4964,-1.8771,-2.8687,-4.5193,-6.4191,-10.423,-18.304,-19.367,-13.06,-8.7734,-6.6123,-5.7605,-5.4426,-5.9119,-7.1926
-9.1912,-8.5695,-8.0567,-7.7244,-7.5169,-7.1848,-6.5893,-5.9776,-5.0511,-4.0121,-2.9569,-2.1839,-1.2093,-0.34212,0.2351,0.89359,1.4296,1.747,2.0622,2.2482,2.3382,2.3594,2.3454,2.3149,2.2904,2.236,2.1452,2.0342,1.8106,1.4556,0.94765,0.45017,-0.34487,-1.2569,-1.9835,-2.88,-3.6875,-4.3009,-4.6451,-5.0305,-5.3642,-5.6274,-5.9984,-6.4029,-6.6529,-6.964,-7.2026,-7.243,-7.1798,-6.8047,-6.0312,-5.1845,-3.8324,-2.4509,-1.4846,-0.3852,0.43658,0.95596,1.1576,1.09,0.71058,0.17686,-0.86848,-2.3395,-4.2363,-5.8966,-8.1552,-9.5975,-9.5201,-8.3715,-6.9656,-6.0661,-5.1064,-4.3807,-3.7742,-3.3835,-2.796,-2.055,-1.3981,-0.4207,0.57101,1.2815,2.1593,2.875,3.4114,3.7067,3.9485,3.9469,3.8783,3.5897,3.0836,2.4296,1.9159,1.1631,0.64714,0.55809,0.93602,1.7965,2.535,3.5623,4.4947,5.2135,5.5975,5.9772,6.1132,6.0596,5.8044,5.2936,4.7033,3.6472,2.1591,0.128,-1.887,-5.565,-11.069,-14.916,-10.866,-6.6636,-4.158,-2.9164,-1.8758,-1.3137,-1.1507,-1.198,-1.5431,-1.988,-2.6695,-3.6592,-4.7815,-5.4972,-6.7441,-7.8363,-8.4483,-9.1982,-9.5295,-9.6874,-9.4974,-9.3799,-9.4677,-9.4768,-10.229,-11.735,-13.104,-15.1,-13.603,-9.5348,-6.729,-3.8534,-1.6633,-0.35163,0.98661,1.9449,2.4334,2.8505,2.9988,2.9142,2.7116,2.2556,1.657,1.1125,0.31175,-0.52028,-1.1323,-1.8489,-2.3788,-2.7019,-2.8177,-2.8293,-2.7239,-2.6115,-2.5104,-2.5254,-2.7582,-3.1482,-4.0071,-5.421,-7.017,-10.173,-15.495,-20.559,-15.714,-10.628,-7.6738,-6.2965,-5.1347,-4.622,-4.5783,-4.9514,-5.8396,-6.7778,-8.2554,-9.5286,-9.7036,-9.0422,-7.8175,-6.8052,-6.3629,-6.2283,-6.6688,-7.7111
-7.8167,-6.8736,-5.9006,-5.1898,-4.7778,-4.3173,-3.9126,-3.6049,-3.2183,-2.8248,-2.3945,-2.0463,-1.5443,-0.99834,-0.57398,-0.016464,0.51474,0.88538,1.3491,1.7454,2.0634,2.2692,2.4707,2.6091,2.6487,2.6126,2.4449,2.2128,1.7325,1.0362,0.07458,-0.84759,-2.3607,-4.2419,-5.8504,-8.0436,-9.5993,-9.7551,-9.1607,-8.1199,-7.3073,-6.9037,-6.6867,-6.732,-7.0059,-7.7051,-8.8123,-10.495,-12.251,-14.635,-14.408,-11.9,-8.3923,-5.5972,-3.9926,-2.329,-1.1744,-0.45955,-0.2078,-0.19946,-0.61188,-1.2132,-2.4293,-4.2049,-6.7738,-9.4452,-14.7,-21.752,-18.113,-12.53,-9.1776,-7.439,-5.7062,-4.3313,-3.2116,-2.4383,-1.5086,-0.64285,-0.027384,0.76679,1.5127,2.0361,2.6538,3.2058,3.6498,3.8796,4.1517,4.304,4.306,4.3023,4.2194,4.0698,3.9684,3.8787,3.8859,3.9779,4.1909,4.5587,4.9034,5.3093,5.7154,6.0668,6.2248,6.3319,6.3094,6.1592,5.8141,5.2798,4.7113,3.7234,2.4283,0.76693,-0.746,-3.0997,-5.4071,-6.3877,-5.9145,-4.4596,-3.1071,-2.3739,-1.762,-1.5782,-1.6651,-2.0807,-2.8331,-3.4774,-4.6663,-6.1453,-7.5687,-8.7612,-10.592,-12.096,-13.386,-14.657,-14.801,-14.292,-13.025,-11.668,-10.313,-9.5696,-8.8208,-8.1661,-7.7073,-6.988,-5.9152,-4.5192,-3.4276,-1.9759,-0.66972,0.14757,1.0162,1.6164,1.9083,2.0769,2.0245,1.7543,1.4215,0.84981,0.132,-0.46418,-1.3363,-2.2387,-2.9152,-3.8196,-4.6567,-5.3902,-5.8208,-6.19,-6.258,-6.1131,-5.7822,-5.4549,-5.2867,-5.3554,-5.785,-6.6731,-7.6434,-9.3183,-11.042,-11.717,-11.136,-9.5027,-7.8404,-6.8103,-5.7572,-5.049,-4.7071,-4.4626,-4.4298,-4.4742,-4.577,-4.6374,-4.5731,-4.4399,-4.1875,-3.9564,-3.8692,-3.8942,-4.1129,-4.5192
-4.4157,-3.7279,-2.9933,-2.4795,-2.2053,-1.9963,-1.9999,-2.1236,-2.3735,-2.7077,-3.0182,-3.1511,-3.1104,-2.7525,-2.3251,-1.637,-0.92918,-0.42729,0.1858,0.7707,1.3282,1.7215,2.2098,2.6049,2.8226,2.9825,2.9514,2.7792,2.3115,1.5409,0.41203,-0.69599,-2.6369,-5.2976,-8.018,-13.475,-23.565,-17.434,-12.87,-9.5282,-7.6174,-6.7315,-6.0615,-5.8637,-6.0108,-6.5661,-7.6188,-9.3617,-11.117,-13.641,-13.535,-11.15,-7.7643,-5.0584,-3.5039,-1.9019,-0.7738,-0.049328,0.24001,0.33966,0.056031,-0.37666,-1.2654,-2.4924,-3.9871,-5.2054,-6.7455,-7.7862,-8.0533,-7.7645,-7.0221,-6.2222,-5.0423,-3.8254,-2.6505,-1.8212,-0.80059,0.085678,0.68005,1.3724,1.9884,2.4025,2.8897,3.3242,3.717,3.9718,4.2284,4.4688,4.5733,4.6619,4.7436,4.8189,4.8481,4.9796,5.1592,5.3373,5.6338,5.932,6.1809,6.4779,6.6879,6.8295,6.8987,6.8599,6.7374,6.6032,6.3168,5.9238,5.5884,5.0197,4.3385,3.5592,2.9328,2.1153,1.4059,1.0129,0.70713,0.58279,0.52901,0.43124,0.1744,-0.30085,-0.83173,-1.8183,-3.1194,-4.2654,-6.2292,-8.33,-10.484,-12.519,-14.668,-17.079,-19.987,-26.183,-35.518,-23.148,-16.609,-12.546,-9.8835,-8.4238,-6.6198,-5.1785,-4.3243,-3.1484,-2.0537,-1.0692,-0.37472,0.49476,1.2026,1.6165,2.0035,2.1828,2.188,1.9896,1.5846,0.97923,0.40724,-0.48768,-1.5499,-2.4075,-3.605,-4.8239,-5.7404,-6.9762,-8.3719,-10.005,-11.383,-12.994,-13.148,-11.987,-9.7872,-7.8741,-6.5113,-5.8239,-5.3506,-5.2643,-5.3869,-5.7139,-6.0798,-6.2729,-6.3611,-6.2195,-5.8947,-5.5485,-5.0177,-4.424,-3.9859,-3.4384,-2.9206,-2.6015,-2.2407,-1.9196,-1.6458,-1.464,-1.2523,-1.088,-0.99002,-0.93348,-0.95623,-1.0665
-1.1966,-0.68543,-0.16018,0.16804,0.2502,0.1027,-0.36544,-0.98003,-2.195,-3.9301,-6.1995,-7.9688,-9.0446,-7.7653,-6.2494,-4.5264,-3.3238,-2.7077,-2.1167,-1.528,-0.74952,-0.04442,1.0046,1.9953,2.632,3.2544,3.5868,3.6363,3.4326,2.9017,2.0485,1.189,-0.23135,-1.9019,-3.2448,-4.9642,-6.182,-6.5404,-6.3231,-5.7193,-5.0189,-4.5503,-4.0299,-3.7574,-3.6569,-3.6832,-3.8997,-4.19,-4.3981,-4.4234,-4.0961,-3.5705,-2.6431,-1.5925,-0.82756,0.08015,0.82742,1.3646,1.6364,1.762,1.6623,1.4251,0.87133,0.065125,-0.9795,-1.8781,-3.2605,-4.7091,-5.8177,-7.0997,-7.7355,-7.4524,-6.166,-4.4706,-2.8104,-1.7699,-0.63503,0.21882,0.7023,1.1673,1.5025,1.7097,2.0139,2.3403,2.7231,3.0593,3.4064,3.6615,3.851,3.9093,3.8862,3.8873,3.9432,4.1103,4.4542,4.8092,5.3721,5.8985,6.2242,6.6129,6.8264,6.8514,6.7973,6.6301,6.3665,6.1787,5.9715,5.8246,5.7588,5.7094,5.6372,5.5104,5.3679,5.1282,4.8375,4.5995,4.2415,3.8477,3.3817,2.976,2.2904,1.4303,0.60616,-0.7545,-2.452,-4.1412,-6.9531,-10.436,-15.106,-20.035,-21.098,-19.072,-18.15,-16.823,-15.525,-13.998,-11.639,-9.363,-7.2268,-5.7159,-4.089,-2.6554,-1.6228,-0.47172,0.52337,1.3819,1.9468,2.4912,2.8511,3.0013,3.0022,2.7907,2.4721,1.8728,1.052,0.034304,-0.86199,-2.2858,-3.9153,-5.3051,-7.2713,-9.1109,-10.163,-11.014,-11.719,-12.958,-14.744,-18.765,-19.963,-15.479,-10.676,-7.513,-5.4837,-4.4487,-3.5749,-3.161,-3.1147,-3.3084,-3.7413,-4.2028,-4.9087,-5.6347,-6.1921,-6.3632,-6.0913,-5.2893,-4.4864,-3.3658,-2.3341,-1.6735,-0.94973,-0.40139,0.0095928,0.25001,0.5042,0.73053,0.89962,1.1245,1.3307,1.4949
0.26526,0.84329,1.4486,1.8208,1.895,1.6969,1.1302,0.41659,-1.0851,-3.3741,-6.7902,-10.216,-13.17,-9.921,-7.5579,-5.7605,-5.2925,-5.6676,-7.0259,-8.693,-7.8651,-5.4589,-2.2532,0.21788,1.5887,2.8869,3.6757,3.9789,4.055,3.7897,3.2226,2.6132,1.6063,0.44174,-0.48345,-1.7332,-2.8089,-3.6283,-4.0241,-4.2112,-4.0846,-3.832,-3.39,-2.9023,-2.5731,-2.2418,-1.9917,-1.7765,-1.6338,-1.4455,-1.2038,-0.97795,-0.61018,-0.19559,0.16564,0.6451,1.1363,1.6026,1.905,2.2031,2.3638,2.3388,2.1045,1.5983,0.77457,-0.098997,-1.6361,-3.8442,-6.1481,-11.055,-24.032,-19.886,-10.049,-5.8438,-3.3767,-2.1285,-1.1045,-0.61032,-0.55594,-0.80308,-1.3443,-1.7902,-2.1278,-1.8512,-1.0503,-0.31344,0.62411,1.1538,1.3101,1.1864,0.60503,-0.28342,-0.80537,-0.98776,-0.094779,0.9952,2.5131,3.85,4.5625,5.1713,5.4329,5.3083,4.9279,4.2092,3.3091,2.6313,2.1671,2.4367,2.9598,3.8739,4.7124,5.3311,5.6328,5.8137,5.7833,5.6346,5.2971,4.8268,4.239,3.7436,2.9965,2.1198,1.3613,0.18637,-1.2745,-2.729,-4.9372,-7.6253,-10.906,-13.605,-14.625,-13.213,-11.914,-10.68,-9.5081,-8.6203,-7.5701,-6.3891,-5.0996,-4.1906,-2.9088,-1.5765,-0.62901,0.48526,1.4751,2.2817,2.7167,3.0997,3.2423,3.169,2.8345,2.2179,1.5742,0.51172,-0.75131,-2.174,-3.3509,-5.0739,-7.123,-9.121,-12.934,-20.187,-29.871,-18.374,-13.382,-10.941,-9.8281,-8.7294,-7.5667,-6.5391,-5.0245,-3.6382,-2.5071,-1.9008,-1.3981,-1.2836,-1.442,-1.9764,-2.8996,-3.8782,-5.6743,-8.2193,-11.871,-15.214,-14.896,-10.318,-7.5627,-4.8749,-3.038,-2.0299,-1.0913,-0.56015,-0.32838,-0.28838,-0.28628,-0.18827,0.015242,0.52269,1.1994,1.8988
-1.0014,-0.093026,0.85496,1.5169,1.8237,1.9762,1.8097,1.4932,0.81028,-0.092351,-1.1238,-1.837,-2.512,-2.8277,-2.9665,-3.2763,-4.0736,-5.1451,-7.3639,-9.972,-9.3637,-6.6685,-3.2349,-0.72851,0.63014,1.9013,2.6848,3.0049,3.1033,2.8813,2.3583,1.796,0.80742,-0.46551,-1.5738,-3.2782,-5.2234,-7.2394,-8.5344,-9.2737,-8.6722,-7.7678,-6.5059,-5.341,-4.6451,-3.935,-3.4078,-3.0695,-2.8794,-2.7815,-2.7342,-2.7817,-2.8642,-2.955,-2.9247,-2.7764,-2.3449,-1.6212,-1.0009,-0.14846,0.58236,0.99627,1.2997,1.3102,1.0212,0.57239,-0.29994,-1.532,-2.5921,-4.0211,-4.9851,-5.0923,-4.4552,-3.468,-2.639,-2.2141,-2.0271,-2.3089,-2.9038,-4.3026,-6.7675,-9.7884,-17.313,-15.663,-8.767,-5.8324,-3.4004,-2.2399,-1.9992,-2.3084,-3.689,-6.7485,-11.155,-34.009,-9.952,-5.2747,-1.5918,0.7098,1.744,2.5405,2.7753,2.4102,1.6253,-0.13846,-3.1148,-6.8578,-15.603,-8.6117,-4.073,-0.43377,1.7605,3.1048,3.7171,4.1162,4.1136,3.8922,3.3645,2.6229,1.7887,1.165,0.44709,-0.11402,-0.45494,-0.87308,-1.4157,-2.0268,-2.8515,-3.7615,-4.7724,-5.6698,-6.3294,-6.6215,-6.7923,-7.0734,-7.294,-7.4967,-7.8163,-7.8492,-7.483,-6.9238,-5.5191,-3.8733,-2.7346,-1.3001,-0.09511,0.79698,1.2195,1.5664,1.5684,1.3329,0.69296,-0.34786,-1.4008,-3.2334,-5.4552,-7.783,-9.2287,-10.176,-10.458,-10.684,-11.128,-11.674,-11.615,-10.453,-8.731,-7.007,-5.864,-4.5764,-3.485,-2.7757,-1.955,-1.2984,-0.82418,-0.63308,-0.60336,-0.84877,-1.2268,-2.0128,-3.1183,-4.1924,-5.9796,-8.1623,-10.591,-12.05,-11.882,-9.6059,-7.7062,-5.5472,-3.9646,-3.1335,-2.5171,-2.4739,-3.0381,-3.9017,-5.6062,-7.3151,-7.4118,-5.3526,-2.7016,-0.56154
-3.7035,-2.42,-1.0525,-0.039162,0.54734,1.094,1.3764,1.4377,1.3863,1.1905,0.89578,0.63999,0.30584,-0.047254,-0.32298,-0.73675,-1.2014,-1.588,-2.0507,-2.2455,-2.0398,-1.6451,-0.91203,-0.14058,0.36346,0.8532,1.1178,1.1679,1.0291,0.67308,0.099726,-0.4877,-1.4916,-2.8037,-4.0687,-6.1966,-9.184,-13.685,-19.424,-28.922,-17.194,-13.578,-10.784,-9.0984,-8.2957,-7.5211,-7.0057,-6.7317,-6.6113,-6.6304,-6.8894,-7.2819,-8.103,-9.3809,-10.628,-11.948,-11.457,-9.121,-7.0614,-4.6461,-2.8122,-1.7363,-0.69079,-0.032539,0.2891,0.32937,0.16112,-0.18656,-0.55242,-1.05,-1.4909,-1.7728,-2.0365,-2.2498,-2.4544,-2.6981,-3.0993,-3.7013,-4.2977,-5.355,-6.7083,-7.796,-8.8624,-8.5494,-7.0605,-5.8121,-4.3371,-3.3525,-3.1029,-3.1328,-3.5992,-4.3075,-4.8463,-5.0475,-4.2757,-3.2585,-1.878,-0.68926,0.014959,0.55017,0.6919,0.42628,-0.0095457,-1.0641,-2.5074,-3.5863,-4.3925,-3.722,-2.5977,-0.95421,0.39073,1.2703,1.6308,1.7436,1.4113,0.86511,-0.27877,-1.9389,-4.0631,-5.747,-7.1312,-6.6966,-5.6166,-4.266,-3.3458,-2.8651,-2.5791,-2.6627,-2.9934,-3.3096,-3.8108,-4.5011,-5.1674,-6.1836,-7.5494,-8.9939,-11.485,-15.334,-20.486,-17.79,-12.287,-8.5793,-6.474,-4.3303,-2.8499,-1.8308,-1.3127,-0.94697,-0.96949,-1.2515,-1.9843,-3.1785,-4.4397,-6.8052,-10.389,-16.544,-26.714,-19.913,-13.637,-11.167,-9.137,-7.7169,-6.8521,-5.8001,-4.7693,-3.8275,-3.1762,-2.4158,-1.7904,-1.4143,-1.0587,-0.84663,-0.80666,-0.89061,-1.176,-1.6673,-2.1661,-3.0493,-4.1577,-5.1354,-6.4897,-7.7931,-8.7569,-9.0382,-8.7862,-7.8667,-6.91,-5.6169,-4.477,-3.8471,-3.4365,-3.5457,-4.3392,-5.5304,-8.1433,-11.736,-12.494,-8.4766,-4.6582,-2.0545
-5.1558,-3.8668,-2.4426,-1.2925,-0.59692,0.1459,0.71856,1.0327,1.3143,1.4505,1.4903,1.4595,1.3441,1.1702,1.0131,0.77396,0.53677,0.37627,0.19236,0.052916,-0.0056089,0.0092624,0.021872,0.0075109,-0.053183,-0.21525,-0.51033,-0.8147,-1.2819,-1.8077,-2.3608,-2.8171,-3.4895,-4.3018,-5.0709,-6.3669,-7.8761,-9.5452,-10.674,-11.591,-11.742,-11.545,-11.262,-11.167,-11.188,-11.266,-11.278,-11.054,-10.89,-10.65,-10.735,-11.02,-11.939,-13.624,-15.691,-19.785,-19.625,-13.809,-10.42,-7.0802,-4.6154,-3.2085,-1.7567,-0.74264,-0.093736,0.20475,0.36077,0.31156,0.15022,-0.21031,-0.69825,-1.1238,-1.788,-2.5356,-3.3191,-3.9082,-4.6256,-5.1778,-5.4427,-5.6364,-5.6695,-5.562,-5.2744,-4.7704,-4.1308,-3.6769,-3.0795,-2.5769,-2.2879,-2.1729,-2.206,-2.274,-2.3016,-2.281,-2.1146,-1.8801,-1.521,-1.1387,-0.78788,-0.45477,-0.26769,-0.22311,-0.2502,-0.36004,-0.53241,-0.69019,-0.68995,-0.48955,-0.22688,0.17102,0.53463,0.76323,0.79345,0.58094,0.028391,-0.67132,-2.0858,-4.2408,-7.5705,-11.369,-16.909,-12.2,-8.6238,-5.6006,-3.7116,-2.779,-2.0915,-1.8126,-1.8126,-1.8925,-2.3569,-3.0904,-3.8029,-4.9094,-6.3535,-7.6678,-9.7099,-11.917,-13.331,-13.029,-11.003,-8.7177,-7.2085,-5.6191,-4.3932,-3.4895,-3.0016,-2.7048,-2.6884,-2.8576,-3.3229,-4.0642,-4.8079,-5.9691,-7.2507,-8.3965,-8.8727,-8.6618,-7.6722,-6.7532,-5.5272,-4.4118,-3.6711,-2.8418,-2.1365,-1.5734,-1.2449,-0.9295,-0.75502,-0.7123,-0.76324,-0.93998,-1.2341,-1.516,-1.9862,-2.5927,-3.1702,-4.121,-5.3831,-6.5721,-8.5861,-11.163,-13.897,-14.722,-12.805,-9.8066,-7.8108,-5.674,-4.0643,-3.1758,-2.3655,-1.9657,-1.9213,-2.0524,-2.3172,-2.4411,-2.2814,-1.7134,-0.88769,-0.064054
-4.7361,-3.902,-2.8796,-1.9039,-1.2362,-0.40944,0.32805,0.80664,1.2951,1.6407,1.843,1.9124,1.8998,1.8106,1.7014,1.5274,1.3336,1.2007,1.0438,0.88882,0.72066,0.57349,0.31441,-0.074476,-0.48164,-1.2032,-2.1462,-2.9741,-4.1283,-5.0964,-5.5812,-5.5697,-5.3016,-5.0412,-4.9538,-5.0625,-5.4327,-6.0019,-6.522,-7.3425,-8.2782,-9.0939,-10.514,-12.447,-14.263,-17.06,-18.45,-16.942,-15.38,-13.735,-12.713,-12.308,-12.073,-11.988,-11.833,-11.323,-10.214,-8.5609,-7.1314,-5.1729,-3.39,-2.2441,-0.97281,-0.012002,0.65899,0.98599,1.2065,1.1741,1.0192,0.60695,-0.044407,-0.68648,-1.792,-3.1976,-4.9538,-6.4033,-8.3192,-9.3476,-9.1084,-7.8085,-6.2632,-5.236,-4.062,-3.1264,-2.3598,-1.8716,-1.4315,-1.1644,-0.98676,-0.92004,-0.99257,-1.2123,-1.4061,-1.6543,-1.9137,-2.0872,-2.1571,-2.081,-1.9718,-1.6001,-1.1445,-0.69222,-0.44418,-0.11432,0.14935,0.29631,0.4308,0.53832,0.64335,0.75747,0.84543,0.91368,0.92268,0.82031,0.56028,0.23643,-0.39705,-1.2289,-2.1363,-2.7267,-3.1137,-2.8759,-2.3706,-1.5329,-0.7471,-0.34068,0.072865,0.28912,0.27634,0.083981,-0.34773,-0.95171,-1.5072,-2.4651,-3.5938,-4.4421,-5.6329,-6.7027,-7.4115,-7.5256,-7.2719,-6.6633,-6.1326,-5.2594,-4.4136,-3.7847,-3.5095,-3.319,-3.3578,-3.4922,-3.7782,-4.0981,-4.2894,-4.4522,-4.4467,-4.2569,-3.9723,-3.4588,-2.7912,-2.2434,-1.4871,-0.79967,-0.34406,0.16487,0.51001,0.71148,0.74765,0.64276,0.35666,0.028437,-0.5275,-1.188,-1.8565,-2.3251,-2.8486,-3.2738,-3.594,-4.1235,-4.9156,-5.7717,-7.4657,-9.958,-13.192,-14.269,-11.398,-7.6571,-5.4146,-3.1044,-1.3952,-0.43021,0.54466,1.2058,1.6334,1.8524,2.0496,2.1848,2.2955,2.4394,2.5644,2.6332
-4.226,-4.1435,-3.729,-2.9294,-2.1041,-0.92259,0.16413,0.86005,1.5985,2.1009,2.3532,2.4037,2.3325,2.1265,1.9173,1.6212,1.3442,1.1706,1.024,0.98261,0.96233,0.89649,0.72246,0.33823,-0.15532,-1.1998,-2.8281,-4.6077,-8.1553,-13.787,-15.398,-11.027,-6.9643,-4.6076,-3.4991,-2.6073,-2.2781,-2.3406,-2.6161,-3.2725,-4.2644,-5.286,-7.1104,-9.5936,-12.074,-16.308,-19.072,-16.512,-14.471,-12.793,-11.976,-11.837,-11.732,-11.369,-10.675,-9.1485,-7.2912,-5.3572,-3.9575,-2.2744,-0.80355,0.13967,1.1552,1.9384,2.4816,2.7281,2.8806,2.8135,2.6203,2.1853,1.5078,0.79254,-0.45532,-2.1748,-4.6443,-7.2441,-12.773,-21.65,-15.112,-8.8895,-5.4707,-3.7283,-2.1047,-0.98411,-0.21919,0.21295,0.57064,0.70275,0.63168,0.48047,0.15351,-0.37354,-0.91334,-1.8048,-2.8789,-3.7676,-4.804,-5.2186,-5.0487,-4.0253,-2.6481,-1.3831,-0.6204,0.11531,0.59654,0.85589,0.93911,0.86592,0.74679,0.63423,0.64401,0.81459,1.0424,1.431,1.7995,2.0267,2.2284,2.3215,2.3407,2.3544,2.3897,2.4896,2.6084,2.8015,2.9624,3.0759,3.1755,3.1672,3.0214,2.7681,2.388,1.8466,1.3335,0.41329,-0.70058,-1.6826,-3.1475,-4.7256,-6.1786,-6.9653,-7.3908,-6.8191,-5.9239,-4.702,-3.7149,-3.0883,-2.8888,-2.9257,-3.3859,-3.9607,-4.8516,-5.4775,-5.4648,-4.7418,-3.5185,-2.176,-1.2211,-0.088975,0.88852,1.5369,2.2576,2.8275,3.1454,3.4339,3.5407,3.4475,3.2352,2.7339,1.9505,1.1522,-0.22879,-1.9461,-3.8269,-5.0089,-5.5768,-4.8833,-4.0183,-3.0077,-2.3295,-2.0635,-1.9412,-1.9477,-1.8358,-1.5398,-0.7645,0.32529,1.2215,2.3861,3.4029,4.047,4.73,5.2366,5.5873,5.7591,5.8969,5.951,5.9325,5.852,5.6867,5.4199
-5.7214,-8.1114,-10.199,-7.6119,-4.7986,-1.8356,0.2272,1.3075,2.288,2.7993,2.9262,2.7931,2.3587,1.6636,1.0318,0.13902,-0.60871,-0.94854,-0.98763,-0.56608,0.11512,0.64065,1.1814,1.4494,1.4188,1.0001,0.10077,-0.93056,-2.7004,-4.3729,-4.616,-3.5717,-1.698,-0.062448,0.82947,1.6283,2.0428,2.1096,1.9589,1.5326,0.83446,0.15802,-0.9226,-2.2136,-3.188,-4.4144,-5.3683,-6.0148,-6.3965,-7.1828,-8.5696,-10.305,-14.453,-21.117,-16.763,-9.7257,-5.4823,-2.5494,-0.90493,0.83302,2.1557,2.9179,3.6674,4.1636,4.4487,4.5475,4.5395,4.4307,4.263,3.9467,3.5166,3.0967,2.3749,1.4497,0.34334,-0.5448,-1.5999,-2.0726,-1.9128,-1.1446,-0.13108,0.58139,1.3642,1.9238,2.2638,2.361,2.4102,2.3292,2.1187,1.7108,1.1314,0.39177,-0.34099,-1.7814,-3.8744,-6.0691,-11.098,-25.452,-15.487,-7.7854,-3.8479,-1.3763,-0.061003,0.99973,1.4877,1.5085,1.1765,0.39791,-0.47367,-1.7453,-2.4763,-1.9355,-0.82129,0.91897,2.4688,3.4107,4.3872,5.0802,5.5387,5.7609,5.9335,5.9929,5.9726,5.8839,5.7584,5.6932,5.5552,5.4064,5.2665,5.1871,4.9736,4.5922,4.1401,3.3671,2.2835,1.167,-0.80143,-3.5665,-7.8278,-13.407,-21.931,-10.146,-6.3968,-3.4781,-1.802,-0.92101,-0.67501,-1.0257,-2.146,-3.6985,-7.2005,-14.685,-19.881,-8.5844,-3.4331,-0.31686,1.3383,3.0141,4.2392,4.9364,5.6366,6.1276,6.372,6.5311,6.5252,6.3112,6.0035,5.3556,4.3696,3.3487,1.4519,-1.3417,-5.8789,-12.009,-15.567,-6.5043,-3.1111,-0.29418,1.5249,2.4996,3.4936,4.2645,4.941,5.4164,6.0645,6.7147,7.1843,7.763,8.2487,8.5473,8.8346,9.0015,9.0579,9.0347,8.9388,8.7959,8.6523,8.4218,8.1315,7.743
-3.6545,-5.7693,-7.3878,-5.6957,-3.5356,-1.0995,0.59672,1.4593,2.1089,2.2564,1.9608,1.4445,0.32735,-1.2755,-2.8406,-5.5577,-8.9935,-11.352,-10.825,-7.3037,-4.0834,-2.1251,-0.15854,1.2502,1.9956,2.6411,2.9395,3.0171,2.9948,2.9838,3.1206,3.3471,3.7394,4.1652,4.4398,4.6647,4.7536,4.6735,4.518,4.1947,3.762,3.3823,2.8297,2.2309,1.7497,1.1284,0.51234,-0.16706,-0.73933,-1.6409,-2.811,-3.8708,-5.2742,-5.8949,-5.268,-3.3215,-1.1979,0.5817,1.6834,2.7972,3.5222,3.8592,4.0696,4.0141,3.772,3.5273,3.1643,2.8665,2.7423,2.679,2.7148,2.7895,2.8466,2.8342,2.7775,2.686,2.5908,2.5408,2.5514,2.6256,2.7063,2.7029,2.6558,2.4885,2.2056,1.8956,1.4104,0.91704,0.6546,0.20421,-0.24394,-0.75163,-1.234,-1.9979,-2.9987,-3.889,-5.0001,-5.4694,-5.0344,-3.5352,-1.7799,-0.25205,0.64877,1.4406,1.7209,1.5191,0.78,-0.74754,-2.5969,-6.9248,-16.882,-10.612,-4.9801,-0.73379,1.9119,3.3059,4.6374,5.536,6.0973,6.3215,6.4061,6.2546,5.9977,5.4894,4.8878,4.3962,3.8879,3.7262,3.9376,4.2815,4.6551,4.8863,4.8829,4.6508,4.0604,3.3823,2.1538,0.59729,-1.1321,-2.2923,-2.8928,-2.1861,-1.2319,0.081029,1.081,1.6759,1.8327,1.6366,1.0092,0.28475,-0.91978,-1.8792,-1.8673,-0.70872,1.0585,2.7459,3.7982,4.9295,5.741,6.1751,6.5807,6.8164,6.9168,6.9628,6.9228,6.7992,6.6273,6.2626,5.6991,5.1188,4.1314,2.9389,1.7428,1.0776,0.88594,1.5457,2.367,3.5723,4.709,5.4907,6.4074,7.2147,7.9212,8.4021,8.9592,9.4255,9.7075,9.9715,10.105,10.106,9.984,9.7196,9.3374,9.0055,8.538,8.0975,7.8348,7.5598,7.3495,7.1291
0.10627,-0.29175,-0.58161,-0.50042,-0.24076,0.18786,0.56729,0.73216,0.70244,0.33943,-0.44148,-1.3218,-2.9317,-5.0987,-7.1224,-10.371,-13.94,-16.039,-15.306,-11.52,-7.6249,-5.1217,-2.3721,-0.24619,1.0047,2.2813,3.1997,3.703,4.1859,4.505,4.7129,4.7984,4.8514,4.8048,4.7189,4.5215,4.2215,3.8669,3.587,3.2203,2.9178,2.7285,2.5302,2.4101,2.3195,2.2046,2.0616,1.8789,1.6954,1.4134,1.1145,0.91153,0.74072,0.76685,0.93938,1.3565,1.8644,2.3453,2.6233,2.7855,2.6825,2.4113,1.7769,0.82567,-0.42853,-1.5303,-3.0122,-4.1552,-4.3902,-3.7708,-2.5748,-1.6171,-0.44139,0.51864,1.2292,1.6205,1.967,2.1118,2.1129,1.952,1.5982,1.2246,0.53623,-0.36404,-1.4638,-2.3287,-3.6305,-4.9113,-5.6249,-5.941,-5.7128,-5.3395,-5.0762,-4.6625,-4.3527,-4.2142,-3.9734,-3.5206,-2.9102,-2.1228,-1.2459,-0.43502,0.053102,0.58684,0.86556,0.91184,0.60777,-0.019162,-0.66779,-1.5017,-1.9195,-1.5539,-0.82492,0.40714,1.5907,2.3498,3.1708,3.7474,4.0951,4.1992,4.0866,3.6433,3.0534,1.8348,-0.051452,-2.0691,-5.0324,-5.6425,-2.958,-0.92945,1.2645,2.7221,3.4413,3.8915,3.933,3.7647,3.3441,2.7761,2.1888,1.7987,1.5294,1.5322,1.7158,2.0325,2.3944,2.7048,2.8457,2.9708,2.9607,2.9176,2.8316,2.8354,2.9338,3.2271,3.631,4.0477,4.3146,4.5284,4.5731,4.4959,4.2551,3.925,3.6818,3.4837,3.4701,3.6621,3.875,4.1489,4.3242,4.3542,4.2721,4.07,3.8256,3.6725,3.5722,3.6281,3.7726,4.1125,4.5944,5.0348,5.6949,6.4048,7.0958,7.5747,8.1111,8.5004,8.6802,8.7474,8.6023,8.3361,7.7662,6.9363,5.8512,4.8956,3.5319,2.3194,1.7776,1.7321,2.248,2.8987
1.0928,0.90969,0.67263,0.51085,0.40253,0.27943,0.14088,-0.035224,-0.39611,-0.98012,-1.8879,-2.8108,-4.4554,-6.6974,-8.8903,-12.715,-18.303,-22.344,-17.564,-11.984,-7.8432,-5.3374,-2.5949,-0.42086,0.90362,2.2919,3.3333,3.9041,4.4378,4.7442,4.8424,4.7924,4.5744,4.173,3.748,3.0498,2.1933,1.2587,0.57505,-0.15102,-0.5015,-0.46164,-0.09393,0.47226,0.95406,1.5338,2.0192,2.412,2.6435,2.8623,3.0152,3.1086,3.2033,3.298,3.368,3.4205,3.413,3.2974,3.0766,2.597,1.8603,1.087,-0.30656,-2.1583,-4.6265,-7.0682,-11.752,-21.138,-27.492,-14.093,-8.9635,-6.4698,-3.9585,-2.1066,-0.77293,-0.041025,0.57752,0.84598,0.81822,0.48032,-0.18452,-0.87669,-2.1303,-3.7393,-5.7774,-7.6772,-10.788,-14.916,-18.938,-19.157,-14.576,-11.36,-9.7476,-8.34,-7.3559,-6.7218,-5.964,-5.15,-4.4573,-3.47,-2.4889,-1.5594,-0.96413,-0.2883,0.22643,0.52638,0.73986,0.80141,0.77339,0.70379,0.65137,0.67994,0.752,0.86152,0.9915,1.0935,1.2505,1.4412,1.653,1.7947,1.8545,1.6515,1.2511,0.25199,-1.4541,-3.3213,-6.2684,-6.9257,-3.9428,-1.5292,0.82218,2.3798,3.1421,3.7294,3.929,3.8648,3.5576,3.0781,2.5329,2.1715,1.7957,1.6149,1.6211,1.8144,2.168,2.5905,2.9218,3.3133,3.6311,3.8075,4.003,4.1466,4.2173,4.2701,4.2517,4.1217,3.9291,3.48,2.7794,2.0475,0.73245,-0.95403,-2.3667,-3.8276,-3.6553,-2.0474,-0.63317,0.99251,2.1991,2.8429,3.3828,3.6211,3.6,3.4428,3.0756,2.5844,2.1933,1.7698,1.6777,1.9225,2.6905,3.7367,4.82,5.5356,6.3064,6.8104,6.9992,6.999,6.6856,6.2443,5.3341,4.0171,2.1764,0.29365,-3.2506,-9.2548,-16.603,-9.8807,-4.3325,-1.3546
0.43059,0.17676,-0.18546,-0.56164,-0.81379,-1.0733,-1.2801,-1.4143,-1.6187,-1.9445,-2.4307,-2.9773,-3.9884,-5.3456,-6.6193,-8.5724,-10.443,-11.017,-9.7744,-7.2767,-4.664,-2.9195,-0.87941,0.80256,1.8324,2.9519,3.7695,4.2031,4.5569,4.6712,4.5574,4.3363,3.8306,3.0939,2.3489,1.052,-0.63537,-2.867,-4.9697,-8.1329,-9.685,-8.2892,-5.3787,-2.9624,-1.5232,-0.013042,1.1451,2.0231,2.5559,3.1193,3.5477,3.7971,4.0514,4.214,4.2739,4.2501,4.0869,3.7389,3.3383,2.5985,1.5656,0.57432,-1.0606,-3.1095,-5.615,-7.7687,-10.653,-12.997,-13.619,-12.508,-10.07,-8.0109,-5.441,-3.3414,-1.7184,-0.85283,-0.11471,0.17097,0.077664,-0.43377,-1.3995,-2.443,-4.2145,-6.3447,-8.7661,-10.687,-13.343,-15.918,-17.357,-17.117,-14.991,-12.963,-11.857,-11.093,-10.823,-10.642,-10.19,-9.2338,-8.334,-6.5901,-4.9324,-3.4811,-2.5284,-1.5145,-0.71,-0.26579,0.27746,0.67601,0.89627,1.0228,0.97633,0.73907,0.41883,-0.22105,-1.0961,-1.8426,-2.7282,-2.9612,-2.3093,-1.4727,-0.30231,0.61889,1.0645,1.3411,1.3626,1.3317,1.3346,1.6092,2.1977,2.7509,3.5045,4.0981,4.3704,4.5165,4.3525,4.0176,3.2938,2.2901,1.0632,0.09101,-1.1292,-1.8165,-1.8071,-1.0841,-0.018791,1.0546,1.7832,2.5624,3.1791,3.526,3.8703,4.0744,4.1499,4.1236,3.9552,3.6185,3.2268,2.5109,1.4763,0.42159,-1.4896,-4.283,-7.4053,-13.989,-12.738,-6.4028,-3.3953,-0.68775,1.1182,2.0551,2.8514,3.2032,3.1357,2.7982,1.9219,0.45526,-1.1466,-4.183,-7.6882,-7.5462,-3.6437,-0.20929,2.2028,3.4971,4.6897,5.3868,5.6267,5.6079,5.2332,4.7358,3.7968,2.5542,1.0042,-0.34112,-2.2994,-4.0859,-4.7873,-4.2609,-2.684,-1.0578
