-2.2308,-1.7234,-1.066,-0.45504,-0.032333,0.47488,0.91068,1.1883,1.4914,1.7174,1.8627,1.9201,1.927,1.8579,1.7609,1.573,1.3196,1.0911,0.7356,0.32712,-0.12915,-0.49971,-1.0244,-1.5709,-1.9948,-2.5728,-3.1623,-3.6019,-4.172,-4.7147,-5.2432,-5.6252,-6.1156,-6.59,-6.9373,-7.3853,-7.8266,-8.2935,-8.6528,-9.1822,-9.7556,-10.227,-10.927,-11.712,-12.371,-13.345,-14.396,-15.421,-16.157,-16.862,-16.921,-16.442,-15.386,-14.192,-13.294,-12.223,-11.288,-10.492,-9.9879,-9.4066,-8.928,-8.6195,-8.275,-7.9956,-7.7527,-7.6033,-7.4327,-7.2864,-7.1867,-7.0713,-6.9716,-6.9106,-6.8477,-6.7924,-6.7468,-6.7208,-6.6889,-6.6611,-6.6422,-6.617,-6.5711,-6.5195,-6.4243,-6.3148,-6.1613,-6.0145,-5.7696,-5.4737,-5.2218,-4.8362,-4.42,-3.9796,-3.6382,-3.1861,-2.7418,-2.4189,-2.0048,-1.6178,-1.3521,-1.0349,-0.75655,-0.51351,-0.35743,-0.18966,-0.062355,0.0052333,0.058543,0.068704,0.053913,0.0013078,-0.086903,-0.20923,-0.32085,-0.48742,-0.67132,-0.81961,-1.0248,-1.2313,-1.4368,-1.5793,-1.7533,-1.8989,-1.9822,-2.0597,-2.0928,-2.0852,-2.0355,-1.9415,-1.8076,-1.683,-1.4925,-1.2878,-1.1286,-0.92409,-0.72813,-0.59356,-0.43891,-0.31947,-0.24248,-0.21713,-0.2287,-0.30324,-0.39441,-0.56893,-0.80586,-1.1046,-1.3713,-1.7823,-2.251,-2.6369,-3.2048,-3.8303,-4.333,-5.0484,-5.808,-6.5881,-7.1888,-8.0113,-8.831,-9.4357,-10.183,-10.884,-11.378,-11.985,-12.552,-13.061,-13.409,-13.871,-14.294,-14.591,-14.966,-15.279,-15.558,-15.752,-15.932,-16.057,-16.108,-16.104,-16.052,-15.991,-15.868,-15.676,-15.454,-15.264,-14.957,-14.616,-14.348,-13.97,-13.611,-13.349,-13.03,-12.733,-12.452,-12.287,-12.093,-11.896,-11.76,-11.571,-11.346,-11.088
-5.0827,-3.6323,-1.9908,-0.6305,0.23157,1.1941,1.9649,2.4284,2.902,3.2177,3.3813,3.4068,3.3125,3.0724,2.7958,2.2958,1.6411,1.0452,0.10311,-1.0156,-2.3189,-3.4237,-5.058,-6.8438,-8.1984,-9.7752,-10.691,-10.785,-10.286,-9.4702,-8.6357,-8.077,-7.4582,-6.9826,-6.711,-6.4494,-6.2861,-6.2052,-6.1916,-6.2241,-6.3105,-6.4043,-6.5575,-6.7247,-6.8577,-7.0387,-7.2281,-7.4132,-7.5374,-7.6791,-7.7866,-7.8506,-7.9217,-7.9866,-8.0501,-8.1573,-8.3199,-8.5605,-8.802,-9.2346,-9.8109,-10.346,-11.219,-12.297,-13.577,-14.635,-16.028,-16.981,-17.078,-16.335,-15.031,-13.996,-12.749,-11.721,-10.92,-10.463,-10.024,-9.7517,-9.6418,-9.5989,-9.637,-9.6917,-9.7549,-9.7399,-9.5898,-9.3729,-8.9349,-8.3576,-7.8551,-7.1407,-6.4221,-5.7357,-5.2547,-4.6691,-4.161,-3.8294,-3.4589,-3.1668,-2.9963,-2.8297,-2.7244,-2.6739,-2.6675,-2.6958,-2.7577,-2.8254,-2.9433,-3.0924,-3.2252,-3.4331,-3.6762,-3.9592,-4.1964,-4.5467,-4.9333,-5.2422,-5.6762,-6.1198,-6.554,-6.8568,-7.2059,-7.4549,-7.5526,-7.5375,-7.3453,-7.0891,-6.617,-6.038,-5.3956,-4.8984,-4.2436,-3.6164,-3.1775,-2.6437,-2.1774,-1.8765,-1.5444,-1.2954,-1.1269,-1.0555,-1.0324,-1.0906,-1.1868,-1.3874,-1.6703,-2.0335,-2.3581,-2.8681,-3.4739,-3.9986,-4.8048,-5.7503,-6.5684,-7.8346,-9.3629,-11.242,-12.959,-15.871,-19.936,-24.248,-28.049,-22.898,-19.753,-16.944,-15.088,-13.814,-13.127,-12.476,-12.07,-11.901,-11.822,-11.887,-12.078,-12.297,-12.665,-13.096,-13.453,-13.921,-14.337,-14.568,-14.715,-14.644,-14.368,-14.048,-13.529,-12.963,-12.548,-12.038,-11.606,-11.354,-11.134,-11.054,-11.146,-11.337,-11.79,-12.515,-13.28,-14.688,-16.694,-19.581
-1.7425,-1.1169,-0.29353,0.48908,1.032,1.6816,2.2302,2.5695,2.9172,3.1379,3.2232,3.1956,3.0331,2.7222,2.3882,1.806,1.0618,0.39282,-0.64903,-1.8612,-3.2401,-4.3697,-5.9475,-7.4999,-8.5231,-9.5152,-9.9661,-9.9913,-9.7758,-9.4643,-9.1916,-9.0449,-8.9424,-8.948,-9.0235,-9.1936,-9.4366,-9.7309,-9.971,-10.292,-10.614,-10.829,-11.059,-11.17,-11.168,-11.083,-10.92,-10.709,-10.535,-10.304,-10.109,-9.9855,-9.8792,-9.8535,-9.8901,-10.02,-10.249,-10.575,-10.903,-11.436,-12.079,-12.64,-13.479,-14.413,-15.411,-16.156,-16.993,-17.432,-17.382,-16.809,-15.844,-15.02,-13.965,-13.052,-12.34,-11.957,-11.66,-11.632,-11.794,-12.293,-13.174,-14.132,-15.918,-18.427,-21.468,-22.597,-20.237,-16.795,-14.669,-12.44,-10.763,-9.5284,-8.8424,-8.1919,-7.821,-7.7156,-7.796,-8.1203,-8.5228,-9.2625,-10.193,-11.243,-12.014,-12.834,-13.21,-13.172,-12.839,-12.42,-12.161,-11.981,-12.034,-12.344,-12.742,-13.468,-14.379,-15.145,-16.195,-17.186,-18.068,-18.694,-19.645,-20.949,-22.42,-25.639,-31.246,-31.47,-24.191,-19.256,-15.847,-13.877,-11.764,-10.104,-9.0915,-7.9967,-7.1573,-6.6807,-6.2324,-5.9801,-5.913,-5.9775,-6.1969,-6.5581,-6.905,-7.442,-8.0112,-8.546,-8.8877,-9.2189,-9.4043,-9.4705,-9.4926,-9.4862,-9.4905,-9.5368,-9.6329,-9.7723,-9.8837,-10.02,-10.105,-10.113,-10.042,-9.8771,-9.7088,-9.467,-9.2289,-9.0298,-8.924,-8.8614,-8.9021,-9.0064,-9.2637,-9.6681,-10.237,-10.78,-11.688,-12.83,-13.854,-15.473,-17.348,-18.824,-20.263,-20.151,-18.636,-17.221,-15.479,-14.007,-13.086,-12.068,-11.263,-10.77,-10.246,-9.8622,-9.5913,-9.4545,-9.3447,-9.303,-9.3117,-9.347,-9.3846,-9.3923
-3.1624,-2.412,-1.425,-0.48988,0.15954,0.93947,1.6061,2.0244,2.4728,2.7883,2.9672,3.0109,2.9514,2.755,2.5208,2.0948,1.5447,1.0541,0.30792,-0.53176,-1.4512,-2.1819,-3.1921,-4.2243,-5.0005,-6.026,-7.0363,-7.779,-8.7541,-9.7025,-10.632,-11.305,-12.157,-12.96,-13.541,-14.315,-15.134,-16.104,-16.948,-18.351,-20.225,-22.032,-24.898,-26.922,-25.996,-22.906,-20.051,-17.821,-16.485,-15.073,-14.001,-13.385,-12.793,-12.447,-12.337,-12.387,-12.66,-13.161,-13.687,-14.597,-15.719,-16.685,-18.029,-19.167,-19.717,-19.569,-18.729,-17.501,-16.518,-15.245,-14.06,-13.248,-12.272,-11.424,-10.705,-10.266,-9.8084,-9.4883,-9.3375,-9.2346,-9.2282,-9.2601,-9.3146,-9.3507,-9.324,-9.2374,-9.0252,-8.7164,-8.4422,-8.0536,-7.6725,-7.3609,-7.1987,-7.1033,-7.1799,-7.3652,-7.8123,-8.5176,-9.2318,-10.469,-12.04,-13.897,-15.313,-16.645,-16.676,-15.987,-14.826,-13.881,-13.432,-13.225,-13.454,-14.145,-14.992,-16.606,-18.846,-20.939,-23.879,-25.107,-23.74,-22.331,-20.852,-19.868,-19.387,-18.949,-18.555,-18.142,-17.359,-16.301,-15.064,-14.08,-12.785,-11.601,-10.799,-9.8862,-9.1657,-8.7665,-8.442,-8.3578,-8.5405,-8.8629,-9.5737,-10.661,-11.785,-13.812,-16.757,-21.42,-27.52,-29.21,-21.301,-18.1,-15.357,-13.531,-12.531,-11.53,-10.808,-10.259,-9.9261,-9.5563,-9.2342,-9.0124,-8.7291,-8.448,-8.241,-7.9723,-7.7247,-7.4987,-7.3553,-7.2133,-7.1222,-7.0913,-7.1097,-7.1973,-7.354,-7.5207,-7.7994,-8.1302,-8.403,-8.7711,-9.1298,-9.3757,-9.6609,-9.8796,-10.043,-10.141,-10.248,-10.354,-10.43,-10.548,-10.681,-10.782,-10.904,-10.988,-11.007,-10.954,-10.801,-10.553,-10.321,-9.9719,-9.5982,-9.2293
-7.2624,-5.4254,-3.4242,-1.7984,-0.77133,0.38266,1.3205,1.8949,2.5018,2.9377,3.2078,3.309,3.3121,3.1701,2.9724,2.5912,2.0809,1.6163,0.8939,0.056862,-0.89125,-1.6772,-2.8299,-4.1104,-5.1634,-6.7136,-8.4658,-9.947,-12.209,-14.922,-18.216,-21.074,-24.363,-24.23,-22.631,-20.746,-19.553,-18.963,-18.828,-18.996,-19.528,-20.042,-20.673,-20.894,-20.655,-19.822,-18.627,-17.334,-16.384,-15.204,-14.168,-13.489,-12.745,-12.18,-11.89,-11.683,-11.705,-11.972,-12.337,-13.065,-14.083,-15.031,-16.467,-17.801,-18.366,-17.993,-16.671,-15.018,-13.813,-12.388,-11.194,-10.438,-9.5951,-8.9229,-8.412,-8.1251,-7.8585,-7.7013,-7.6455,-7.6309,-7.6548,-7.6748,-7.6788,-7.6409,-7.5473,-7.4249,-7.1914,-6.8959,-6.645,-6.2921,-5.9393,-5.621,-5.4112,-5.1972,-5.0574,-5.0072,-5.0223,-5.1246,-5.255,-5.4807,-5.7489,-6.023,-6.2086,-6.4165,-6.5715,-6.6589,-6.7645,-6.8868,-7.0145,-7.2575,-7.6049,-8.0593,-8.4695,-9.0774,-9.717,-10.202,-10.824,-11.408,-11.952,-12.362,-12.919,-13.5,-13.964,-14.614,-15.255,-15.647,-15.909,-15.734,-15.059,-14.289,-13.07,-11.799,-10.891,-9.7938,-8.8714,-8.3067,-7.731,-7.3693,-7.2239,-7.2474,-7.4576,-7.849,-8.2436,-8.8552,-9.5079,-10.11,-10.482,-10.829,-10.987,-11.028,-11.045,-11.077,-11.128,-11.249,-11.428,-11.626,-11.753,-11.847,-11.807,-11.666,-11.335,-10.869,-10.46,-9.8645,-9.2574,-8.6715,-8.2579,-7.7592,-7.3085,-7.0118,-6.6724,-6.4004,-6.2014,-6.1007,-6.0296,-6.0287,-6.0742,-6.1914,-6.3691,-6.5491,-6.8404,-7.2064,-7.6604,-8.0658,-8.7099,-9.4941,-10.198,-11.327,-12.737,-14.029,-16.165,-18.825,-21.524,-22.212,-20.261,-17.448,-15.625,-13.648,-12.132,-10.966
-4.6301,-3.6026,-2.2704,-1.0387,-0.20355,0.78263,1.6128,2.1298,2.6731,3.0545,3.2722,3.33,3.2684,3.0508,2.7903,2.3193,1.7127,1.1773,0.36633,-0.54437,-1.5454,-2.3519,-3.4933,-4.7114,-5.6785,-7.0401,-8.505,-9.6679,-11.306,-13.006,-14.635,-15.675,-16.578,-16.78,-16.594,-16.178,-15.826,-15.681,-15.675,-15.81,-16.133,-16.473,-17.085,-17.802,-18.353,-18.973,-19.226,-18.837,-18.085,-16.656,-15.064,-13.912,-12.517,-11.322,-10.572,-9.7559,-9.1375,-8.71,-8.4953,-8.3255,-8.2614,-8.2537,-8.2653,-8.2473,-8.1707,-8.0628,-7.8595,-7.5984,-7.3834,-7.1006,-6.8461,-6.6905,-6.5516,-6.5176,-6.6084,-6.768,-7.1016,-7.5879,-8.0575,-8.8109,-9.7068,-10.44,-11.409,-12.178,-12.453,-12.219,-11.415,-10.303,-9.4207,-8.2944,-7.282,-6.4143,-5.858,-5.2313,-4.7171,-4.3979,-4.057,-3.7941,-3.6402,-3.4797,-3.3653,-3.2804,-3.2296,-3.1706,-3.1241,-3.0998,-3.0871,-3.1042,-3.1418,-3.2283,-3.3677,-3.562,-3.7473,-4.0439,-4.4057,-4.7256,-5.223,-5.8074,-6.487,-7.0765,-7.9961,-9.1154,-10.136,-11.825,-14.026,-16.117,-19.482,-21.646,-19.222,-16.49,-13.458,-11.138,-9.7593,-8.2967,-7.1662,-6.4994,-5.8036,-5.3074,-4.9881,-4.8538,-4.8069,-4.8916,-5.0324,-5.3094,-5.6726,-6.1094,-6.4852,-7.0524,-7.7005,-8.2594,-9.1301,-10.168,-11.087,-12.583,-14.463,-16.866,-19.137,-22.816,-25.273,-23.881,-20.566,-17.864,-16.296,-14.636,-13.312,-12.194,-11.436,-10.528,-9.7014,-9.1238,-8.4146,-7.7702,-7.2112,-6.8502,-6.4497,-6.1482,-5.9964,-5.894,-5.8995,-5.9772,-6.1745,-6.4882,-6.9167,-7.3128,-7.9428,-8.6964,-9.3571,-10.36,-11.507,-12.442,-13.734,-14.946,-15.781,-15.955,-15.5,-14.481,-13.579,-12.366,-11.277,-10.365
-3.4926,-2.6379,-1.4576,-0.30394,0.50198,1.4655,2.2733,2.7677,3.2665,3.5765,3.693,3.654,3.4319,3.0124,2.5708,1.8206,0.88742,0.076101,-1.1311,-2.4411,-3.7926,-4.7811,-5.9945,-7.0187,-7.6502,-8.3238,-8.8529,-9.1818,-9.5724,-9.9015,-10.161,-10.321,-10.46,-10.542,-10.593,-10.636,-10.699,-10.856,-11.046,-11.393,-11.913,-12.451,-13.431,-14.782,-16.115,-18.432,-21.188,-22.147,-20.293,-16.851,-13.897,-12.094,-10.145,-8.5994,-7.6556,-6.6435,-5.8665,-5.2904,-4.9664,-4.6538,-4.4546,-4.3568,-4.289,-4.2705,-4.2764,-4.2811,-4.2872,-4.2855,-4.2815,-4.2875,-4.3233,-4.3797,-4.519,-4.7545,-5.1124,-5.4725,-6.1036,-6.9397,-7.7325,-9.0669,-10.821,-12.521,-15.487,-19.565,-22.793,-20.7,-16.438,-13.277,-11.493,-9.6433,-8.2205,-7.1069,-6.4363,-5.712,-5.161,-4.8389,-4.5048,-4.2432,-4.0789,-3.8771,-3.6662,-3.4288,-3.2417,-2.9647,-2.6663,-2.4383,-2.1354,-1.849,-1.6524,-1.4229,-1.2399,-1.1087,-1.0483,-1.0213,-1.0671,-1.1499,-1.3182,-1.5547,-1.8705,-2.1611,-2.6233,-3.1596,-3.5989,-4.2074,-4.8026,-5.1998,-5.6051,-5.8184,-5.8145,-5.6872,-5.3872,-4.9891,-4.6559,-4.2071,-3.7857,-3.5121,-3.205,-2.9728,-2.8172,-2.7564,-2.745,-2.8151,-2.9241,-3.1535,-3.4738,-3.8847,-4.2661,-4.866,-5.5785,-6.1989,-7.1491,-8.26,-9.2101,-10.66,-12.3,-14.078,-15.422,-16.983,-17.93,-18.146,-17.973,-17.619,-17.381,-17.195,-17.122,-16.991,-16.653,-15.756,-14.409,-13.244,-11.716,-10.314,-9.1053,-8.3435,-7.503,-6.8628,-6.5096,-6.2002,-6.0615,-6.0593,-6.186,-6.4435,-6.809,-7.1494,-7.6824,-8.289,-8.7791,-9.4521,-10.124,-10.598,-11.16,-11.578,-11.813,-11.841,-11.661,-11.269,-10.883,-10.284,-9.6385,-9.0222
-7.0505,-4.7441,-2.3142,-0.40442,0.76685,2.0407,3.0276,3.5936,4.1277,4.4195,4.4668,4.3433,3.9574,3.3145,2.6535,1.5197,0.060121,-1.2773,-3.4451,-6.1679,-9.6281,-12.858,-17.571,-18.384,-16.28,-13.829,-12.258,-11.488,-10.799,-10.325,-9.9555,-9.6906,-9.3171,-8.9128,-8.6332,-8.2597,-7.8841,-7.5778,-7.4248,-7.3122,-7.3071,-7.3494,-7.4624,-7.608,-7.7167,-7.8126,-7.7895,-7.5688,-7.2548,-6.6569,-5.9281,-5.349,-4.5834,-3.8734,-3.4061,-2.8944,-2.5191,-2.2906,-2.2172,-2.2491,-2.419,-2.6298,-2.9983,-3.4317,-3.8813,-4.1842,-4.4843,-4.6197,-4.6172,-4.499,-4.3185,-4.1903,-4.0813,-4.0831,-4.2238,-4.431,-4.8591,-5.4546,-6.0069,-6.8401,-7.7447,-8.4148,-9.2185,-9.8301,-10.167,-10.179,-9.8714,-9.3217,-8.826,-8.146,-7.5304,-7.0237,-6.7326,-6.4812,-6.3958,-6.4496,-6.6605,-6.9797,-7.2555,-7.5756,-7.6981,-7.5035,-7.1382,-6.4083,-5.5365,-4.8568,-3.9815,-3.1781,-2.633,-1.978,-1.4029,-0.89846,-0.56174,-0.16576,0.17475,0.39479,0.63464,0.79418,0.87163,0.87408,0.80319,0.65393,0.49688,0.23435,-0.087115,-0.36397,-0.75582,-1.1559,-1.543,-1.8152,-2.147,-2.4347,-2.612,-2.7783,-2.8457,-2.8355,-2.7688,-2.6688,-2.5666,-2.5068,-2.4612,-2.4754,-2.529,-2.6639,-2.8825,-3.1784,-3.4537,-3.8995,-4.4443,-4.9109,-5.6175,-6.4258,-7.0783,-8.0256,-9.0196,-10.048,-10.801,-11.76,-12.673,-13.335,-14.241,-15.241,-16.143,-17.712,-20.076,-23.996,-28.404,-27.027,-20.634,-17.293,-14.073,-11.716,-9.9382,-8.9096,-7.8737,-7.1655,-6.825,-6.5864,-6.5738,-6.6964,-7.0171,-7.4861,-8.0778,-8.5797,-9.3005,-10.048,-10.622,-11.421,-12.281,-12.981,-13.984,-14.993,-15.777,-15.991,-15.558,-14.405,-13.31,-11.801,-10.445,-9.2913
-4.2623,-2.9942,-1.3602,0.11505,1.0867,2.1885,3.0628,3.5704,4.046,4.2896,4.298,4.1455,3.73,3.0659,2.394,1.2663,-0.13659,-1.3772,-3.297,-5.4992,-7.8875,-9.6241,-11.456,-12.415,-12.671,-12.775,-12.976,-13.296,-13.972,-14.782,-15.306,-15.166,-14.152,-12.617,-11.395,-9.9294,-8.7124,-7.7152,-7.1039,-6.4631,-5.9976,-5.7267,-5.4514,-5.2315,-5.0848,-4.8813,-4.6451,-4.3593,-4.1055,-3.7156,-3.2847,-2.9511,-2.5074,-2.1135,-1.8648,-1.6282,-1.5217,-1.5731,-1.7369,-2.1556,-2.8382,-3.5546,-4.8263,-6.5542,-8.8597,-11.005,-13.904,-14.349,-12.625,-10.018,-8.0067,-6.9142,-5.9122,-5.3382,-5.1263,-5.1841,-5.5225,-6.1096,-6.7003,-7.6429,-8.7323,-9.6047,-10.73,-11.626,-12.11,-12.135,-11.79,-11.194,-10.675,-9.9929,-9.4242,-9.0385,-8.9004,-8.9357,-9.2683,-9.7342,-10.694,-12.204,-13.867,-17.282,-23.495,-26.629,-20.287,-15.096,-11.918,-10.234,-8.5676,-7.3558,-6.6576,-5.9049,-5.2507,-4.5998,-4.068,-3.2924,-2.4631,-1.8361,-1.0444,-0.35116,0.21387,0.54488,0.85617,1.0014,1.0001,0.84767,0.51965,0.15892,-0.48135,-1.3156,-2.3423,-3.2397,-4.5823,-6.0137,-7.0323,-8.0562,-8.4099,-8.2209,-7.6165,-6.9174,-6.3234,-5.9941,-5.7133,-5.5915,-5.5791,-5.6309,-5.7258,-5.8516,-5.9673,-6.1633,-6.431,-6.6886,-7.1358,-7.7195,-8.2322,-9.0312,-9.9511,-10.958,-11.736,-12.755,-13.666,-14.225,-14.78,-15.141,-15.328,-15.448,-15.43,-15.277,-15.021,-14.371,-13.424,-12.584,-11.423,-10.335,-9.4006,-8.8217,-8.2504,-7.9386,-7.8717,-8.0247,-8.4696,-9.0042,-10.004,-11.333,-12.952,-14.269,-15.875,-16.845,-17.016,-16.865,-16.765,-16.984,-17.87,-19.648,-22.75,-25.597,-24.406,-19.564,-16.71,-13.871,-11.802,-10.303
-2.8486,-2.0643,-0.93787,0.19046,0.9883,1.9439,2.7362,3.2057,3.6551,3.8927,3.9165,3.7912,3.4307,2.8609,2.2937,1.3709,0.2788,-0.63511,-1.9499,-3.3323,-4.7248,-5.7324,-7.0018,-8.1901,-9.0497,-10.235,-11.57,-12.778,-14.839,-17.657,-20.968,-21.668,-18.42,-14.911,-12.835,-10.666,-9.1298,-8.0496,-7.4519,-6.8748,-6.5128,-6.3577,-6.2856,-6.3197,-6.3789,-6.4228,-6.367,-6.1599,-5.89,-5.3792,-4.7444,-4.2286,-3.5369,-2.9008,-2.4917,-2.0578,-1.7827,-1.6944,-1.7624,-2.0516,-2.5866,-3.1715,-4.2103,-5.5621,-7.1882,-8.4786,-9.8347,-10.071,-9.4561,-8.1717,-6.9358,-6.1946,-5.5153,-5.1706,-5.1657,-5.3722,-5.9201,-6.7933,-7.6944,-9.277,-11.41,-13.506,-17.359,-23.857,-37.134,-25.252,-19.033,-15.875,-14.34,-12.919,-11.979,-11.386,-11.135,-11.041,-11.186,-11.419,-11.926,-12.636,-13.239,-14.062,-14.612,-14.567,-14.114,-13.154,-12.106,-11.44,-10.862,-10.715,-10.933,-11.712,-12.986,-14.156,-13.938,-11.709,-8.7933,-6.8228,-4.6523,-2.9556,-1.6497,-0.8963,-0.16152,0.28229,0.43495,0.41043,0.1426,-0.2232,-0.95568,-2.0187,-3.4641,-4.8582,-7.2524,-10.558,-14.036,-20.538,-19.628,-15.718,-12.484,-10.726,-9.8802,-9.6813,-9.8753,-10.502,-11.133,-11.929,-12.336,-12.128,-11.657,-10.91,-10.312,-10.047,-9.9633,-10.224,-10.633,-11.488,-12.718,-14.378,-15.959,-18.579,-21.696,-23.679,-23.658,-21.218,-19.399,-17.374,-15.733,-14.403,-13.556,-12.565,-11.683,-11.069,-10.327,-9.6734,-9.1627,-8.8792,-8.6239,-8.5451,-8.6203,-8.9187,-9.5096,-10.174,-11.417,-13.16,-15.605,-18.022,-22.025,-23.644,-21.43,-18.345,-16.233,-15.179,-14.26,-13.71,-13.312,-13.004,-12.473,-11.794,-11.232,-10.493,-9.846,-9.3439
-6.4114,-4.5485,-2.3962,-0.61479,0.49928,1.7256,2.6854,3.2405,3.7641,4.047,4.0975,3.9854,3.6386,3.073,2.5047,1.563,0.42699,-0.53302,-1.9276,-3.4026,-4.8842,-5.9317,-7.1273,-8.0061,-8.4559,-8.8647,-9.156,-9.3403,-9.5362,-9.6426,-9.6078,-9.4646,-9.0773,-8.5046,-8.0555,-7.4683,-6.9779,-6.6702,-6.5669,-6.6221,-6.8921,-7.2544,-7.9815,-8.9877,-9.9487,-11.486,-13.096,-13.943,-13.432,-11.532,-9.2805,-7.7172,-5.9325,-4.4841,-3.5918,-2.6408,-1.9374,-1.4643,-1.2415,-1.109,-1.1421,-1.2675,-1.5479,-1.9129,-2.3037,-2.5736,-2.856,-3.0303,-3.0885,-3.0838,-3.0425,-3.025,-3.0646,-3.2243,-3.5356,-3.8803,-4.5105,-5.3582,-6.1451,-7.3918,-8.8062,-9.9745,-11.543,-12.922,-13.804,-14.028,-13.896,-13.542,-13.251,-12.955,-12.802,-12.755,-12.753,-12.784,-12.857,-12.92,-12.994,-12.99,-12.86,-12.568,-12.175,-11.672,-11.246,-10.665,-10.131,-9.8322,-9.6169,-9.7171,-10.033,-10.826,-12.005,-13.094,-13.041,-11.216,-8.5512,-6.6523,-4.5162,-2.8054,-1.4601,-0.67623,0.10055,0.60247,0.82289,0.91541,0.79439,0.5664,0.085177,-0.5928,-1.458,-2.216,-3.32,-4.4375,-5.2117,-6.0781,-6.6535,-6.9159,-7.1513,-7.4694,-8.0494,-8.747,-10.149,-12.307,-14.694,-19.652,-25.325,-19.816,-16.262,-13.314,-11.586,-10.827,-10.338,-10.355,-10.669,-11.432,-12.546,-14.002,-15.353,-17.418,-19.494,-20.517,-20.456,-19.175,-17.902,-16.262,-14.857,-13.663,-12.889,-12,-11.295,-10.844,-10.347,-9.9197,-9.5665,-9.3549,-9.1292,-8.9564,-8.8679,-8.8289,-8.8975,-9.0132,-9.269,-9.617,-10.004,-10.264,-10.493,-10.478,-10.304,-9.9166,-9.4238,-9.0445,-8.5658,-8.1645,-7.835,-7.6389,-7.4667,-7.388,-7.3815,-7.4571,-7.681,-8.0712
-6.0328,-4.2021,-2.0858,-0.33689,0.75873,1.9692,2.9103,3.4507,3.9636,4.2401,4.2818,4.1589,3.7823,3.1626,2.5346,1.4545,0.069396,-1.1925,-3.2261,-5.7741,-9.0581,-12.183,-16.651,-16.654,-14.087,-11.205,-9.2218,-8.1645,-7.1354,-6.4036,-5.8756,-5.5765,-5.2989,-5.1193,-5.0629,-5.1377,-5.3314,-5.6312,-5.9517,-6.5391,-7.3024,-7.9899,-9.0533,-10.354,-11.566,-13.614,-16.12,-17.935,-17.203,-14.133,-11.031,-9.0697,-6.9387,-5.2574,-4.2299,-3.1143,-2.2525,-1.6058,-1.2423,-0.90043,-0.69918,-0.62462,-0.61586,-0.68639,-0.81228,-0.9295,-1.1028,-1.2773,-1.4016,-1.5544,-1.715,-1.8438,-2.0448,-2.2966,-2.6158,-2.9147,-3.4133,-4.033,-4.5682,-5.3773,-6.2895,-7.0363,-8.0844,-9.1098,-10.103,-10.837,-11.847,-12.824,-13.498,-14.336,-15.115,-15.862,-16.379,-17.045,-17.657,-18.037,-18.282,-17.957,-17.266,-15.96,-14.406,-12.858,-11.766,-10.403,-9.2274,-8.4704,-7.6262,-6.9462,-6.5279,-6.0553,-5.6154,-5.1343,-4.6947,-3.9862,-3.1697,-2.523,-1.6756,-0.88654,-0.20641,0.2121,0.63885,0.93135,1.0701,1.1392,1.0695,0.92874,0.65783,0.3117,-0.10474,-0.45958,-0.96597,-1.4703,-1.8198,-2.2607,-2.6743,-2.9722,-3.3781,-3.8175,-4.3473,-4.822,-5.5576,-6.3705,-6.9998,-7.7099,-8.1441,-8.2541,-8.1632,-7.9666,-7.8288,-7.8307,-8.0153,-8.4401,-8.9175,-9.7384,-10.749,-11.876,-12.746,-13.842,-14.743,-15.205,-15.477,-15.394,-15.12,-14.527,-13.883,-13.288,-12.9,-12.464,-12.165,-12.036,-12.024,-12.106,-12.211,-12.223,-12.085,-11.701,-11.257,-10.526,-9.7283,-9.1494,-8.4601,-7.8721,-7.3812,-7.0493,-6.6331,-6.2469,-5.9708,-5.6169,-5.2762,-5.044,-4.7727,-4.5737,-4.4573,-4.4343,-4.5112,-4.7253,-4.9873,-5.5002,-6.2499,-7.2522
-2.711,-2.0153,-0.97891,0.079865,0.84151,1.7672,2.5436,3.0145,3.4717,3.7343,3.7871,3.6838,3.3571,2.8009,2.2373,1.2824,0.083959,-0.98721,-2.6432,-4.5395,-6.6143,-8.1373,-9.6146,-9.7969,-9.1757,-7.9681,-6.7555,-5.9482,-5.0885,-4.4759,-4.0798,-3.8974,-3.8344,-3.9668,-4.1681,-4.6307,-5.3151,-6.212,-7.0082,-8.2038,-9.4682,-10.383,-11.396,-12.055,-12.272,-12.248,-11.924,-11.341,-10.737,-9.7453,-8.6213,-7.7558,-6.6574,-5.6584,-4.9932,-4.2395,-3.6123,-3.0957,-2.7817,-2.4661,-2.2736,-2.1957,-2.1768,-2.252,-2.4222,-2.597,-2.874,-3.1614,-3.37,-3.6158,-3.7889,-3.8775,-3.9426,-3.9897,-4.0534,-4.1434,-4.3367,-4.6253,-4.9194,-5.457,-6.1599,-6.7865,-7.7853,-8.9851,-10.435,-11.694,-13.629,-15.918,-17.858,-20.483,-22.482,-23.249,-23.352,-23.621,-24.642,-26.309,-30.752,-60.872,-31.092,-23.249,-18.772,-15.538,-13.572,-11.38,-9.5786,-8.4052,-7.0533,-5.9029,-5.1612,-4.3115,-3.5929,-2.9703,-2.5594,-2.0849,-1.6807,-1.4198,-1.1214,-0.88365,-0.73388,-0.66261,-0.60469,-0.5892,-0.60978,-0.67234,-0.77996,-0.88816,-1.082,-1.3386,-1.6255,-1.8428,-2.129,-2.3889,-2.5339,-2.6385,-2.6675,-2.6613,-2.6423,-2.6344,-2.6587,-2.7124,-2.849,-3.0452,-3.2124,-3.4657,-3.7368,-4.033,-4.2714,-4.6296,-5.0838,-5.5039,-6.2061,-7.0735,-7.863,-9.1329,-10.693,-12.533,-14.065,-16.31,-18.528,-19.737,-20.056,-19.038,-18.064,-16.804,-15.766,-14.981,-14.587,-14.3,-14.301,-14.507,-15.125,-16.366,-18.413,-20.619,-23.926,-22.695,-19.351,-15.604,-12.836,-11.259,-9.6162,-8.3606,-7.384,-6.7949,-6.1388,-5.593,-5.2296,-4.7732,-4.355,-4.0768,-3.7587,-3.5141,-3.3764,-3.349,-3.4288,-3.6576,-3.9537,-4.5229,-5.2802,-6.2558
-4.3824,-3.5225,-2.2606,-1.0133,-0.13953,0.90195,1.775,2.3059,2.8408,3.1706,3.2929,3.2487,3.0132,2.5736,2.1171,1.3692,0.48087,-0.25472,-1.2837,-2.2807,-3.1509,-3.6725,-4.1407,-4.3076,-4.2551,-3.9976,-3.622,-3.3244,-2.9542,-2.6693,-2.5207,-2.5204,-2.6667,-3.0418,-3.4662,-4.2207,-5.3026,-6.7874,-8.1828,-10.557,-13.847,-17.329,-23.983,-23.288,-18.935,-15.113,-12.686,-11.01,-10.04,-9.0056,-8.1934,-7.7081,-7.2082,-6.8199,-6.5823,-6.3103,-6.0556,-5.7788,-5.568,-5.2808,-5.042,-4.9311,-4.9112,-5.08,-5.4702,-5.912,-6.6885,-7.6224,-8.3342,-9.1068,-9.3908,-9.2127,-8.6118,-7.8402,-7.1238,-6.6918,-6.2698,-6.0475,-6.0304,-6.1868,-6.5371,-6.9195,-7.6679,-8.7333,-10.095,-11.346,-13.424,-16.234,-18.892,-23.159,-26.691,-25.843,-24.117,-22.568,-21.909,-21.774,-21.687,-21.262,-20.487,-18.965,-17.072,-14.987,-13.388,-11.337,-9.4672,-8.1697,-6.6368,-5.3271,-4.4941,-3.5718,-2.8587,-2.3415,-2.0783,-1.8819,-1.8479,-1.9294,-2.1689,-2.5463,-3.0226,-3.3917,-3.8366,-4.1747,-4.3449,-4.4321,-4.4115,-4.388,-4.4682,-4.737,-5.2059,-5.6526,-6.2751,-6.7772,-6.9157,-6.6096,-5.835,-5.102,-4.1233,-3.2748,-2.6063,-2.2237,-1.8735,-1.6848,-1.6317,-1.6877,-1.8619,-2.141,-2.417,-2.8768,-3.4413,-3.9405,-4.7448,-5.7312,-6.5951,-7.9771,-9.6782,-11.805,-13.782,-17.039,-21.221,-24.184,-23.795,-20.921,-19.153,-17.685,-16.846,-16.253,-15.921,-15.617,-15.405,-15.345,-15.377,-15.724,-16.41,-17.022,-17.438,-16.721,-15.45,-13.401,-11.505,-10.346,-9.1427,-8.28,-7.6975,-7.4007,-7.1117,-6.8545,-6.6023,-6.146,-5.5645,-5.0728,-4.4054,-3.8031,-3.3356,-3.1051,-2.9756,-3.0565,-3.2531,-3.7008,-4.3481,-5.182
-9.9252,-7.1041,-4.3404,-2.2505,-0.97732,0.39692,1.4816,2.1322,2.7965,3.2272,3.4348,3.4375,3.2433,2.8171,2.342,1.509,0.47527,-0.41143,-1.6892,-2.9503,-3.9579,-4.4088,-4.5086,-4.1564,-3.7,-2.9842,-2.2932,-1.8423,-1.3667,-1.0211,-0.827,-0.8123,-0.94809,-1.2769,-1.6818,-2.3877,-3.3147,-4.4896,-5.5477,-7.1959,-9.0001,-10.309,-11.603,-11.897,-11.453,-10.467,-9.4582,-8.6169,-8.133,-7.7021,-7.5427,-7.593,-7.9086,-8.493,-9.104,-9.997,-10.695,-10.799,-10.366,-9.3367,-8.2136,-7.5404,-6.9886,-6.8799,-7.2482,-7.8856,-9.3667,-11.837,-14.719,-21.823,-31.437,-19.99,-14.333,-11.329,-9.4703,-8.4952,-7.5571,-6.9461,-6.6347,-6.3193,-6.1742,-6.1962,-6.3668,-6.7419,-7.3296,-7.9314,-8.902,-10.003,-10.888,-12.005,-12.879,-13.615,-14.053,-14.507,-15.021,-15.547,-16.386,-17.246,-18.026,-18.937,-18.459,-16.213,-13.996,-11.14,-8.6719,-7.0674,-5.2826,-3.8636,-3.0265,-2.1768,-1.6103,-1.3176,-1.2708,-1.4279,-1.8409,-2.331,-3.2561,-4.539,-6.1922,-7.7637,-10.269,-12.422,-12.613,-10.954,-9.0001,-7.8954,-7.0429,-6.8776,-7.501,-8.5992,-11.216,-16.514,-27.391,-17.941,-10.731,-7.7269,-5.0171,-3.1801,-1.928,-1.2805,-0.693,-0.3887,-0.31128,-0.3782,-0.59156,-0.91911,-1.2331,-1.707,-2.2322,-2.6443,-3.2341,-3.8802,-4.4289,-5.2269,-6.1566,-7.2472,-8.137,-9.3382,-10.508,-11.328,-12.231,-13.046,-13.715,-14.782,-16.27,-18.19,-19.404,-19.292,-17.269,-15.569,-13.62,-12.076,-10.896,-10.184,-9.3579,-8.5809,-8.0275,-7.3398,-6.784,-6.5042,-6.3471,-6.5279,-7.1087,-7.8583,-9.3221,-11.168,-12.26,-11.889,-9.607,-7.6993,-5.56,-3.941,-2.7991,-2.2094,-1.7519,-1.637,-1.7523,-2.1639,-2.8834,-3.9091
-6.2325,-5.0356,-3.422,-1.9239,-0.90701,0.31528,1.3749,2.0491,2.7817,3.3199,3.6399,3.7294,3.6204,3.2437,2.7569,1.7834,0.38157,-1.0165,-3.521,-7.2296,-13.426,-19.305,-12.835,-7.748,-5.4121,-3.3079,-1.9012,-1.1332,-0.40307,0.05854,0.31756,0.40763,0.39069,0.25081,0.041684,-0.38868,-0.93593,-1.5963,-2.1843,-3.0158,-3.8446,-4.4248,-5.0969,-5.5705,-5.7803,-5.9092,-5.9418,-5.9157,-5.9207,-6.0287,-6.3279,-6.7382,-7.6037,-9.0263,-10.614,-13.938,-20.126,-25.929,-18.252,-12.64,-9.5225,-7.9983,-6.6691,-5.9658,-5.8018,-5.9937,-6.6078,-7.541,-8.3661,-9.3927,-9.9221,-9.9121,-9.5836,-9.2047,-8.9936,-8.9356,-8.9075,-8.6615,-8.2058,-7.3594,-6.4121,-5.7812,-5.0752,-4.5843,-4.3759,-4.3799,-4.5387,-4.8363,-5.1665,-5.6858,-6.2511,-6.8244,-7.294,-7.9873,-8.7726,-9.465,-10.704,-12.416,-14.071,-16.641,-17.482,-14.205,-11.254,-7.9935,-5.4554,-3.9326,-2.351,-1.193,-0.56788,-0.038623,0.16979,0.085191,-0.15624,-0.69359,-1.4673,-2.1779,-3.2961,-4.6431,-6.3469,-7.9134,-10.308,-12.296,-12.338,-10.168,-7.6591,-6.2396,-4.9399,-4.1961,-3.9614,-4.0964,-4.5247,-4.8861,-4.9234,-4.4134,-3.3504,-2.4128,-1.2441,-0.29912,0.39118,0.72951,0.93816,0.89626,0.7061,0.27814,-0.35015,-1.1255,-1.7524,-2.5616,-3.2089,-3.5227,-3.6525,-3.5536,-3.4196,-3.2697,-3.219,-3.3025,-3.4683,-3.8307,-4.314,-4.7702,-5.5339,-6.5105,-7.4352,-8.9363,-10.899,-13.394,-15.069,-15.152,-12.815,-10.801,-8.4878,-6.7447,-5.3936,-4.5768,-3.7064,-3.0481,-2.6606,-2.3041,-2.1379,-2.1395,-2.3523,-2.8542,-3.7289,-4.6814,-6.4266,-8.6811,-10.137,-9.9015,-7.3881,-5.3558,-3.1312,-1.5029,-0.38449,0.17452,0.59871,0.68702,0.5505,0.10935,-0.61372,-1.6136
-5.1293,-4.9369,-4.3664,-3.4897,-2.7154,-1.6104,-0.49701,0.29939,1.2628,2.0797,2.7147,3.0581,3.3032,3.2812,3.0903,2.5687,1.7118,0.8527,-0.53884,-2.1235,-3.5352,-4.0983,-3.9684,-3.1977,-2.4912,-1.6757,-1.1113,-0.83227,-0.59226,-0.48974,-0.46859,-0.4289,-0.38409,-0.34931,-0.31988,-0.3979,-0.62299,-1.0096,-1.3936,-2.0441,-2.8538,-3.5325,-4.4527,-5.3263,-5.8806,-6.3573,-6.4849,-6.3382,-6.1495,-5.9223,-5.8143,-5.8599,-6.1322,-6.6094,-7.0673,-7.713,-8.1061,-8.0745,-7.7096,-6.8196,-5.7736,-5.0469,-4.2208,-3.6068,-3.2466,-3.135,-3.1561,-3.3621,-3.6162,-4.0444,-4.5651,-5.0619,-5.9028,-7.1111,-8.9314,-11.005,-15.57,-23.689,-19.117,-12.071,-8.1816,-6.1865,-4.3292,-3.117,-2.3741,-2.0343,-1.8675,-1.9672,-2.1456,-2.5279,-3.0172,-3.4954,-3.8321,-4.2357,-4.5309,-4.6633,-4.7921,-4.857,-4.7675,-4.5102,-3.9607,-3.103,-2.3237,-1.2225,-0.15561,0.5426,1.2751,1.7397,1.9019,1.8481,1.4678,0.75539,0.0091356,-1.2635,-2.7656,-3.9188,-5.2077,-5.9281,-5.9872,-5.6934,-5.1366,-4.4757,-3.846,-2.9084,-1.9812,-1.2981,-0.47748,0.14132,0.58554,0.84011,1.0456,1.2007,1.3287,1.5132,1.7125,1.8612,2.0306,2.1053,2.0538,1.9269,1.594,1.0663,0.51735,-0.45009,-1.7763,-3.5686,-5.3133,-8.4096,-12.142,-13.265,-10.334,-6.9916,-5.0752,-3.2262,-1.9504,-1.0846,-0.66393,-0.36556,-0.29816,-0.36379,-0.61536,-0.99759,-1.3637,-1.9216,-2.4602,-2.8804,-3.0729,-3.0494,-2.7377,-2.38,-1.7775,-1.1228,-0.5398,-0.14985,0.27616,0.60425,0.77792,0.91995,0.97402,0.95959,0.86314,0.69816,0.47379,0.28745,0.067146,-0.053842,-0.013223,0.24343,0.71022,1.159,1.7641,2.2775,2.6289,2.7478,2.7116,2.4653,2.1367,1.5555,0.85269,0.068942
-11.766,-12.305,-11.461,-9.6821,-8.272,-6.4883,-4.8122,-3.5963,-2.0469,-0.59398,0.68609,1.4984,2.377,2.9703,3.2355,3.3874,3.2911,3.0774,2.6719,2.186,1.6739,1.3081,0.87581,0.46996,0.13174,-0.40317,-1.091,-1.7467,-2.8184,-3.9323,-4.7732,-4.9567,-4.5177,-3.6612,-2.9411,-2.1566,-1.7331,-1.6896,-1.893,-2.5467,-3.6757,-4.8527,-6.9518,-9.9142,-12.708,-15.42,-13.602,-10.63,-8.9056,-7.295,-6.2656,-5.796,-5.4556,-5.3,-5.2657,-5.2554,-5.1892,-4.9767,-4.7011,-4.2366,-3.6681,-3.2,-2.5866,-2.0368,-1.5829,-1.3172,-1.0944,-1.02,-1.0532,-1.2165,-1.5571,-1.909,-2.5452,-3.3889,-4.4223,-5.2701,-6.2937,-6.7412,-6.3881,-5.2044,-3.7793,-2.7357,-1.5324,-0.69201,-0.16644,0.043334,0.015982,-0.35324,-0.80143,-1.6484,-2.77,-3.9993,-4.7775,-5.2343,-4.8111,-4.0518,-2.7634,-1.4732,-0.58808,0.44577,1.3908,2.2333,2.7976,3.4478,3.9694,4.2406,4.4368,4.4096,4.2189,3.7118,2.8797,1.6604,0.42444,-1.7762,-4.9495,-8.5024,-17.756,-19.569,-9.8903,-6.5071,-3.6755,-1.7807,-0.6482,0.5789,1.5189,2.1026,2.7572,3.2201,3.5316,3.7014,3.8383,3.8421,3.7982,3.6837,3.4907,3.2927,2.9666,2.5576,2.0408,1.5984,0.92937,0.17285,-0.45422,-1.4062,-2.4916,-3.7929,-4.9551,-6.6837,-8.1048,-8.2722,-6.8491,-4.7013,-3.1563,-1.3971,-0.018633,0.99287,1.5567,2.0913,2.3885,2.4937,2.5017,2.4052,2.2754,2.0444,1.8274,1.6612,1.5644,1.5035,1.549,1.6285,1.7557,1.9085,2.0384,2.0991,2.1233,2.0696,1.977,1.8052,1.6365,1.5337,1.4762,1.5658,1.8115,2.0799,2.5078,2.9876,3.352,3.8167,4.2386,4.4967,4.7316,4.8082,4.6973,4.4688,3.9396,3.1437,2.37,1.1303,-0.27338,-1.6136
-18.895,-20.825,-18.126,-15.536,-14.389,-13.284,-11.9,-10.208,-7.3373,-4.4647,-1.9907,-0.43999,1.2191,2.4779,3.1554,3.7538,4.0664,4.1335,4.0174,3.7332,3.3061,2.8968,2.2652,1.5279,0.8755,-0.16854,-1.4991,-2.8231,-5.2615,-9.0792,-16.637,-24.268,-12.241,-7.0456,-4.8361,-2.9577,-1.8515,-1.3528,-1.3426,-1.7455,-2.5943,-3.5629,-5.3182,-7.458,-9.1742,-10.584,-9.9708,-8.4385,-7.3596,-6.2725,-5.663,-5.4626,-5.4808,-5.7659,-6.0842,-6.493,-6.7896,-6.7435,-6.4143,-5.7028,-4.8099,-4.0711,-3.1192,-2.2684,-1.5297,-1.0577,-0.55281,-0.18245,0.0096095,0.14102,0.16044,0.10461,-0.037021,-0.22536,-0.41658,-0.52265,-0.57333,-0.45621,-0.23076,0.17556,0.72063,1.1428,1.6373,2.0382,2.2736,2.2734,2.0514,1.5125,0.81033,-0.57299,-2.7114,-6.1854,-10.58,-21.773,-10.317,-5.656,-1.8825,0.67686,2.0951,3.5767,4.7179,5.5821,6.0804,6.5725,6.8607,6.9489,6.9009,6.6548,6.3354,5.7281,4.9099,3.8778,2.9796,1.6392,0.22321,-0.76283,-1.6793,-1.8653,-1.2613,-0.50314,0.59426,1.7012,2.4291,3.2297,3.8935,4.2735,4.6096,4.8084,4.865,4.7992,4.6284,4.3609,4.0826,3.636,3.1083,2.6455,1.9242,1.0871,0.12008,-0.68893,-1.8157,-2.9018,-3.553,-4.0736,-4.1622,-3.9634,-3.6949,-3.219,-2.6206,-2.077,-1.2258,-0.24128,0.50618,1.4574,2.3058,2.9889,3.383,3.7653,3.9683,4.0006,3.9174,3.6901,3.4673,3.1314,2.7741,2.4587,2.2958,2.1694,2.1491,2.2087,2.3085,2.3772,2.3818,2.3015,2.0421,1.5603,1.0426,0.13407,-0.99243,-1.8488,-2.5923,-2.343,-1.0977,0.1303,1.7616,3.1887,4.079,5.0403,5.7534,6.1215,6.398,6.4228,6.1733,5.7962,5.0012,3.8078,2.5991,0.39458,-2.8248,-8.1772
-10.767,-11.757,-12.73,-13.673,-14.861,-17.754,-21.191,-17.521,-10.847,-6.1625,-2.8126,-0.8718,1.0954,2.5247,3.3075,3.9731,4.2801,4.3067,4.0775,3.5872,2.91,2.3229,1.4751,0.6597,0.10913,-0.5647,-1.2119,-1.6934,-2.3974,-3.0893,-3.474,-3.4424,-2.944,-2.094,-1.343,-0.51088,0.0587,0.3699,0.40166,0.2416,-0.13663,-0.54162,-1.1852,-1.8377,-2.3172,-2.8142,-3.1247,-3.3446,-3.4785,-3.753,-4.2408,-4.794,-5.8637,-7.4676,-9.0904,-11.963,-15.558,-17.203,-15.132,-11.607,-8.8435,-7.2476,-5.565,-4.2105,-3.1078,-2.4212,-1.6543,-1.0406,-0.68844,-0.34548,-0.12636,-0.038064,0.0075923,0.018685,0.033498,0.084945,0.25461,0.56522,0.87147,1.3699,1.9766,2.4408,3.0011,3.5048,3.8765,4.035,4.1019,3.9705,3.7051,3.182,2.5144,1.8058,1.402,1.3102,1.832,2.5626,3.7447,4.9073,5.7005,6.631,7.3673,7.9126,8.205,8.439,8.4969,8.4357,8.2035,7.8066,7.4058,6.7428,5.9477,5.0682,4.3861,3.5007,2.7476,2.3228,1.9916,1.9865,2.2786,2.6067,3.1392,3.7407,4.1509,4.5811,4.8895,5.0144,4.9972,4.814,4.4619,4.07,3.4189,2.7067,2.1407,1.3656,0.60866,0.033163,-0.82933,-1.8844,-3.2536,-4.641,-7.1659,-10.904,-14.611,-15.989,-11.298,-7.6242,-5.6296,-3.593,-2.0273,-1.0278,0.11904,1.1239,1.8091,2.6027,3.2535,3.7582,4.0305,4.2118,4.2011,4.0443,3.6362,2.9837,2.3452,1.3459,0.21429,-0.83373,-1.3633,-1.5316,-1.1481,-0.65108,0.097491,0.70635,1.0935,1.2045,1.0736,0.57751,-0.094733,-1.5201,-3.8717,-6.6488,-13.159,-13.176,-5.7121,-2.2702,0.8949,3.1173,4.3791,5.666,6.5668,7.0288,7.4022,7.5086,7.3484,7.0642,6.4682,5.6238,4.8276,3.5861,2.2447,1.0059
-11.738,-12.166,-11.579,-10.431,-9.4977,-8.2672,-6.8222,-5.5411,-3.6405,-1.677,0.14996,1.3493,2.6906,3.6615,4.1543,4.5115,4.4937,4.2288,3.5499,2.4465,0.91088,-0.51747,-2.7144,-4.6591,-5.2419,-4.5967,-3.2701,-2.2952,-1.2588,-0.51102,0.071191,0.4246,0.87886,1.2275,1.4195,1.6297,1.7137,1.667,1.5719,1.3566,1.0487,0.7983,0.443,0.067559,-0.18349,-0.53035,-0.90979,-1.3087,-1.6646,-2.2736,-3.0658,-3.8362,-5.1478,-6.8087,-8.3696,-10.785,-13.25,-14.373,-13.728,-12.184,-10.575,-9.5396,-8.314,-7.1511,-6.0151,-5.2201,-4.2377,-3.4088,-2.9288,-2.4733,-2.2572,-2.2493,-2.4296,-2.7737,-3.1621,-3.3768,-3.3669,-2.8948,-2.2643,-1.1129,0.11511,1.0205,2.177,3.1774,4.0106,4.554,5.1211,5.5209,5.755,5.9553,6.0885,6.2066,6.306,6.5025,6.7845,7.0398,7.4383,7.8457,8.14,8.4844,8.7372,8.8947,8.9399,8.8873,8.7099,8.4884,8.058,7.4738,6.9277,6.0403,4.9755,3.7373,2.7103,1.3013,0.053019,-0.56961,-0.73421,-0.14591,0.84558,1.6453,2.685,3.5087,3.9852,4.4402,4.612,4.5564,4.2604,3.6292,2.6773,1.7705,0.23481,-1.5682,-2.9339,-4.4233,-5.119,-5.1333,-4.9164,-4.9023,-5.2742,-5.8684,-7.0724,-8.5704,-9.5026,-9.6445,-8.3025,-6.492,-5.1717,-3.6372,-2.3345,-1.4763,-0.42281,0.51947,1.1652,1.9614,2.6275,3.151,3.4282,3.5965,3.5115,3.2668,2.6387,1.6289,0.52324,-1.5461,-4.5907,-9.65,-16.747,-16.347,-8.6058,-5.6495,-3.1849,-1.615,-0.61568,-0.12484,0.26786,0.40767,0.36911,0.15254,-0.14803,-0.34976,-0.35197,0.15924,1.1799,2.1483,3.4969,4.7484,5.5675,6.4689,7.1408,7.5061,7.804,7.9004,7.8124,7.6294,7.258,6.7647,6.3386,5.7448,5.1632,4.693
-17.307,-17.101,-12.207,-8.616,-6.6257,-4.5088,-2.7954,-1.6515,-0.2681,0.9726,2.0538,2.739,3.4737,3.9872,4.1918,4.2243,3.9513,3.5161,2.6145,1.2658,-0.67109,-2.6173,-6.1667,-10.787,-12.059,-8.4974,-5.0463,-3.2531,-1.5598,-0.39639,0.35058,0.71587,1.0069,1.1296,1.0675,0.85343,0.50455,0.021271,-0.37402,-0.94528,-1.4638,-1.7782,-2.0818,-2.2591,-2.3005,-2.3433,-2.4105,-2.5502,-2.7462,-3.125,-3.6608,-4.1782,-5.0289,-6.0308,-6.8932,-8.1094,-9.2817,-10.414,-11.259,-12.291,-13.477,-14.397,-15.124,-14.591,-12.851,-11.259,-9.3167,-7.8192,-7.0047,-6.3101,-6.0929,-6.2636,-6.9737,-8.3641,-10.688,-13.319,-17.66,-15.923,-11.998,-7.9103,-4.9895,-3.2744,-1.3335,0.26161,1.5971,2.4779,3.4723,4.2849,4.8109,5.3781,5.8141,6.1547,6.3628,6.577,6.7522,6.8567,6.9558,7.028,7.0589,7.0466,6.9803,6.8571,6.7143,6.4581,6.1165,5.786,5.2549,4.5884,3.9793,2.9906,1.7247,0.05595,-1.5821,-4.5857,-9.5545,-17.132,-17.071,-8.0453,-3.8827,-1.8481,0.10358,1.3923,2.0449,2.5978,2.758,2.6445,2.2009,1.3398,0.021183,-1.2901,-3.7119,-7.2542,-11.22,-21.588,-18.538,-12.986,-9.3589,-7.4848,-6.5608,-6.2124,-6.0441,-6.068,-6.1206,-6.1428,-6.0979,-5.9252,-5.7703,-5.5622,-5.2585,-4.9774,-4.3927,-3.5385,-2.8007,-1.7425,-0.7144,0.16018,0.67315,1.1572,1.3576,1.317,0.97971,0.3249,-0.40725,-1.6897,-3.2317,-4.8545,-5.7765,-6.1926,-5.7926,-5.2161,-4.4757,-3.8938,-3.406,-3.05,-2.5339,-1.9341,-1.4486,-0.77467,-0.11162,0.3786,1.0484,1.7346,2.4443,2.9864,3.69,4.3449,4.7839,5.2678,5.6374,5.8335,5.9611,5.9407,5.7873,5.5774,5.1809,4.6776,4.2547,3.6581,3.078,2.6045
-5.1735,-5.1643,-4.72,-3.8827,-3.1454,-2.1169,-1.1214,-0.42164,0.43628,1.1898,1.8248,2.2198,2.6012,2.8261,2.888,2.7966,2.5261,2.1982,1.5805,0.79385,-0.14886,-0.90023,-1.8377,-2.5384,-2.7823,-2.7295,-2.3464,-1.9692,-1.4849,-1.0801,-0.84474,-0.77829,-0.89966,-1.2066,-1.5765,-2.3085,-3.2939,-4.5668,-5.7265,-7.4146,-9.0082,-9.8251,-9.9454,-9.1908,-8.47,-7.5446,-6.8235,-6.3855,-6.212,-6.1674,-6.3318,-6.5704,-7.0274,-7.6657,-8.2106,-9.109,-10.168,-11.457,-12.648,-14.578,-17.294,-20.095,-25.338,-25.199,-19.65,-16.644,-13.819,-11.887,-10.835,-9.926,-9.5473,-9.5509,-10.008,-10.973,-12.411,-13.628,-14.8,-14.447,-13.261,-11.231,-9.3361,-7.9266,-6.1461,-4.4543,-2.8324,-1.7332,-0.42557,0.70814,1.3963,2.1347,2.6783,3.0358,3.2012,3.2977,3.2724,3.2008,3.0329,2.8146,2.6263,2.3472,2.0547,1.7189,1.4432,1.0424,0.60188,0.25242,-0.21311,-0.69067,-1.0694,-1.6164,-2.2698,-3.0713,-3.7934,-4.8728,-5.8934,-6.3415,-6.186,-5.1852,-3.847,-2.8211,-1.6842,-0.81717,-0.33618,0.014564,0.11146,0.0098012,-0.39845,-1.0392,-1.9867,-2.8889,-4.2462,-5.7911,-6.8977,-8.025,-8.5229,-8.4723,-8.1381,-7.723,-7.4136,-7.2908,-7.2677,-7.3622,-7.5265,-7.8487,-8.367,-9.0865,-9.8634,-11.229,-13.081,-14.591,-15.439,-13.475,-11.174,-8.4234,-6.2088,-4.5215,-3.5495,-2.5728,-1.9226,-1.636,-1.4873,-1.5906,-1.7881,-2.2239,-2.7942,-3.4253,-3.9452,-4.6473,-5.4229,-6.1124,-7.2113,-8.6248,-10.154,-10.913,-10.48,-8.6326,-7.0318,-5.1134,-3.5659,-2.6206,-1.602,-0.80734,-0.17373,0.21347,0.64404,0.98852,1.2052,1.4362,1.603,1.6654,1.6719,1.5568,1.2884,0.98715,0.41007,-0.36419,-1.0865,-2.2251,-3.4921,-4.7526
-1.9266,-1.8773,-1.6887,-1.3774,-1.0762,-0.62804,-0.14711,0.21224,0.65735,1.0469,1.3656,1.5453,1.7118,1.7645,1.7403,1.6239,1.4069,1.1924,0.83764,0.42786,9.9412e-05,-0.32749,-0.71969,-1.048,-1.2452,-1.408,-1.5097,-1.5538,-1.5974,-1.6978,-1.8455,-2.026,-2.3768,-2.9494,-3.5025,-4.4994,-5.8808,-7.7537,-9.6203,-13.101,-18.934,-27.28,-22.227,-15.994,-13.514,-11.448,-10.216,-9.4883,-9.1537,-8.9343,-8.8871,-8.9381,-9.103,-9.3695,-9.6522,-10.143,-10.813,-11.613,-12.327,-13.429,-14.482,-15.242,-15.887,-15.952,-15.431,-14.718,-13.627,-12.522,-11.762,-10.949,-10.359,-10.108,-10.014,-10.182,-10.551,-10.932,-11.53,-12.198,-12.696,-13.461,-14.015,-13.821,-12.313,-9.8319,-7.2943,-5.6194,-3.7635,-2.3193,-1.4959,-0.6983,-0.21515,-0.020942,-0.058286,-0.30307,-0.75437,-1.1952,-1.8378,-2.5038,-2.9665,-3.4782,-3.9303,-4.3711,-4.7374,-5.3303,-6.0188,-6.5221,-7.0871,-7.2984,-7.1708,-6.7425,-6.1793,-5.6488,-5.3091,-4.9429,-4.6196,-4.3745,-3.9754,-3.5262,-3.0288,-2.6574,-2.2291,-1.8848,-1.7028,-1.5825,-1.5948,-1.7006,-1.9709,-2.3826,-2.921,-3.4155,-4.1245,-4.8731,-5.4392,-6.13,-6.7436,-7.1279,-7.5513,-7.9285,-8.234,-8.4534,-8.7391,-9.043,-9.2905,-9.7014,-10.229,-11.055,-11.887,-13.426,-15.611,-17.535,-18.951,-16.607,-14.028,-11.054,-8.761,-7.0471,-6.0094,-4.9416,-4.1493,-3.6959,-3.2509,-2.9814,-2.881,-2.8711,-3.0214,-3.3231,-3.6693,-4.3238,-5.2368,-6.1879,-7.9134,-10.425,-14.121,-17.325,-16.628,-12.184,-9.597,-7.1341,-5.4571,-4.5691,-3.7724,-3.3095,-3.1046,-3.0721,-3.1252,-3.2102,-3.2553,-3.2318,-3.1421,-3.0515,-2.9469,-2.9322,-3.0911,-3.3536,-3.9242,-4.8319,-5.7894,-7.5413,-10.141,-14.297
-0.47589,-0.41343,-0.28818,-0.12975,0.019787,0.25428,0.50645,0.69821,0.94176,1.1389,1.2674,1.3029,1.2898,1.191,1.0625,0.85534,0.60339,0.4056,0.15778,-0.088317,-0.30358,-0.46341,-0.67512,-0.87937,-1.0451,-1.262,-1.4911,-1.6652,-1.8788,-2.1176,-2.3452,-2.5501,-2.8199,-3.2244,-3.6076,-4.2502,-5.1256,-6.2125,-7.1516,-8.5522,-9.8128,-10.526,-10.883,-10.784,-10.588,-10.355,-10.345,-10.512,-10.697,-10.944,-11.026,-10.956,-10.727,-10.439,-10.312,-10.242,-10.393,-10.713,-11.113,-11.808,-12.629,-13.291,-14.078,-14.62,-14.708,-14.358,-13.455,-12.224,-11.282,-10.103,-9.1058,-8.5563,-8.0413,-7.8037,-7.8556,-8.0997,-8.7264,-9.7942,-11.02,-13.535,-17.725,-21.42,-17.138,-11.628,-7.9355,-5.9585,-3.9389,-2.5563,-1.8321,-1.2267,-1.0387,-1.2308,-1.631,-2.5082,-3.7984,-5.0593,-7.0332,-9.0945,-10.26,-10.758,-10.393,-9.9445,-9.9332,-10.535,-12.033,-13.994,-18.061,-20.606,-17.128,-12.547,-9.4437,-7.3065,-6.1285,-4.9313,-4.0585,-3.5722,-3.0693,-2.7166,-2.4702,-2.376,-2.3102,-2.2982,-2.352,-2.4025,-2.5054,-2.6035,-2.728,-2.9552,-3.2168,-3.4791,-3.941,-4.4784,-4.9586,-5.673,-6.4648,-7.1167,-7.9977,-8.8947,-9.7072,-10.197,-10.63,-10.837,-10.867,-10.815,-10.703,-10.649,-10.635,-10.703,-10.78,-10.715,-10.425,-9.8427,-9.2269,-8.3514,-7.4737,-6.7092,-6.2,-5.6054,-5.0688,-4.6703,-4.1287,-3.5746,-3.1979,-2.7424,-2.3953,-2.2104,-2.1658,-2.2941,-2.5985,-2.954,-3.5757,-4.2556,-4.8661,-5.1432,-5.1667,-4.8295,-4.4375,-3.9392,-3.5832,-3.4797,-3.6139,-4.0651,-4.8683,-5.6858,-7.0183,-8.3925,-9.1621,-9.3778,-8.726,-7.9675,-7.0283,-6.3456,-5.9508,-5.8825,-6.0246,-6.4693,-6.969,-7.8937,-9.031,-10.197
0.56201,0.53932,0.48671,0.46377,0.49873,0.64846,0.89361,1.108,1.387,1.5957,1.6745,1.6319,1.4094,1.0415,0.67572,0.12406,-0.39626,-0.70966,-0.95085,-0.99265,-0.9267,-0.84506,-0.79617,-0.85294,-0.972,-1.2798,-1.6781,-2.0185,-2.4804,-2.7811,-2.9438,-2.943,-2.8348,-2.6185,-2.5219,-2.4564,-2.5244,-2.753,-3.0243,-3.4587,-3.9666,-4.3725,-4.9623,-5.6253,-6.2154,-7.2202,-8.6022,-10.498,-12.357,-15.116,-16.392,-15.227,-12.73,-10.673,-9.5712,-8.6217,-8.148,-8.1687,-8.4103,-9.1087,-10.304,-11.544,-13.953,-17.561,-21.977,-20.94,-15.718,-11.815,-9.6721,-7.4701,-5.8551,-4.9214,-3.9866,-3.3638,-3.0234,-2.9314,-2.9997,-3.2771,-3.59,-4.0059,-4.2722,-4.212,-3.6937,-2.7424,-1.6248,-0.82744,0.089133,0.74149,1.0497,1.1865,0.98787,0.43759,-0.22699,-1.5229,-3.3461,-5.2225,-8.6952,-14.075,-19.997,-17.672,-12.778,-10.324,-9.4476,-9.1619,-9.7087,-10.497,-11.602,-11.736,-10.711,-8.607,-6.5208,-4.8096,-3.7807,-2.7067,-1.947,-1.542,-1.25,-1.1796,-1.3341,-1.5848,-2.0339,-2.5859,-2.9879,-3.3991,-3.585,-3.5507,-3.3469,-3.1058,-2.9385,-2.897,-3.0519,-3.4224,-3.8572,-4.6804,-5.7716,-6.8093,-8.5052,-10.521,-12.826,-14.408,-15.522,-14.879,-13.765,-12.149,-10.772,-9.5227,-8.7392,-7.8295,-7.0574,-6.5852,-6.032,-5.6005,-5.3634,-5.1756,-5.2054,-5.3964,-5.6919,-6.1326,-6.3705,-6.2301,-5.4951,-4.2509,-3.2059,-1.8808,-0.73434,0.1672,0.69144,1.2023,1.4978,1.6261,1.6739,1.6258,1.5251,1.4326,1.3139,1.1801,1.0441,0.78903,0.37805,-0.073234,-0.91078,-2.1059,-3.7837,-5.4853,-8.6565,-13.833,-21.503,-21.804,-13.601,-10.676,-8.4077,-7.1355,-6.4531,-6.1831,-6.0715,-6.0678,-6.1005,-6.1662,-6.1906,-6.2065
1.9465,1.4467,0.53364,-0.3548,-0.73041,-0.53355,0.35855,1.1779,2.1428,2.8038,3.0922,3.0518,2.606,1.6954,0.70219,-1.0709,-3.1228,-4.4129,-4.7467,-3.4673,-1.9212,-0.99838,-0.19619,0.079198,-0.02739,-0.57863,-1.6076,-2.671,-4.4007,-5.9485,-6.2447,-5.3243,-3.5753,-1.8987,-0.83315,0.2197,0.96985,1.4292,1.6165,1.6935,1.5574,1.3527,0.88599,0.23372,-0.43653,-1.6136,-3.1814,-5.3117,-7.3103,-10.404,-11.889,-10.602,-7.9353,-5.8239,-4.6433,-3.5841,-3.0061,-2.8405,-2.9555,-3.4081,-4.2115,-5.0703,-6.5198,-8.1205,-9.0754,-8.6977,-6.881,-4.6471,-3.1089,-1.3275,0.12503,1.0423,2.0299,2.7984,3.3799,3.7089,4.0181,4.2185,4.3332,4.4389,4.5746,4.7089,4.9314,5.2218,5.5052,5.7246,5.9124,5.9986,5.9614,5.734,5.3274,4.7002,4.0848,3.0659,1.8384,0.81979,-0.61005,-1.8904,-2.5549,-2.9828,-2.8647,-2.5513,-2.3158,-2.1086,-2.0318,-1.9881,-1.9383,-1.7451,-1.4623,-0.9185,-0.2644,0.41591,0.9063,1.4544,1.8521,2.0214,2.0358,1.7483,1.0909,0.35443,-1.1372,-3.213,-5.1222,-7.7607,-8.107,-6.6493,-4.482,-2.7059,-1.5812,-1.0782,-0.72033,-0.7909,-1.0735,-1.7916,-2.9391,-4.1043,-6.2164,-9.1067,-13.26,-17.581,-21.799,-17.55,-14.614,-11.748,-9.4351,-7.3832,-5.9933,-4.3132,-2.9161,-2.0808,-1.2594,-0.75764,-0.62967,-0.77172,-1.3632,-2.5362,-3.9294,-6.9243,-12.685,-20.649,-11.241,-5.0722,-2.1959,0.57296,2.5561,4.0688,4.9397,5.8535,6.5212,6.8808,7.219,7.3979,7.4533,7.4164,7.2647,7.0012,6.7204,6.2352,5.5967,5.0117,4.0667,2.9151,1.5571,0.39636,-1.2617,-2.8487,-3.7862,-4.4485,-4.4784,-4.3084,-4.1835,-4.2793,-4.7138,-5.1525,-5.7576,-6.0215,-5.8613,-5.11,-4.1265,-3.1594
2.9859,1.7248,-1.0664,-6.4157,-16.591,-10.471,-2.8739,0.0030592,2.3346,3.6398,4.2159,4.2366,3.7993,2.7326,1.4848,-1.01,-4.801,-8.4122,-8.916,-4.6887,-1.6491,-0.23811,0.82872,1.1878,1.012,0.27979,-1.1854,-2.8087,-6.0645,-11.028,-12.608,-8.5857,-4.174,-1.2517,0.33411,1.9325,3.0526,3.8599,4.297,4.6474,4.8098,4.7988,4.6548,4.329,3.9849,3.3991,2.6762,1.9092,1.3291,0.69979,0.34724,0.30247,0.47272,0.78259,1.0192,1.2759,1.4156,1.5013,1.4714,1.3752,1.2171,1.0662,0.90607,0.81202,0.92531,1.1462,1.6736,2.3826,2.996,3.8494,4.6996,5.3176,6.092,6.7989,7.4255,7.8298,8.2798,8.6349,8.843,9.0468,9.1853,9.2526,9.3162,9.3264,9.3005,9.237,9.1037,8.888,8.6569,8.2671,7.7601,7.1351,6.6001,5.8367,5.0191,4.4557,3.7599,3.2123,2.9193,2.695,2.6329,2.6458,2.6714,2.6874,2.6733,2.6029,2.4823,2.3517,2.2549,2.1967,2.2532,2.4785,2.7434,3.1759,3.6173,3.8523,4.0076,3.8433,3.2957,2.5367,1.025,-1.254,-3.5295,-6.8402,-7.3889,-5.5524,-2.9742,-1.1935,-0.057687,0.47029,0.85589,0.97568,0.88623,0.55955,-0.079488,-0.74733,-1.9534,-3.4788,-5.2688,-6.7113,-8.6999,-10.715,-12.383,-14.067,-11.645,-7.4452,-4.715,-1.8778,0.19414,1.3759,2.4912,3.1404,3.367,3.3016,2.8742,2.059,1.2613,-0.0079742,-1.0431,-1.2762,-0.53002,1.0937,2.4766,4.2,5.7277,7.0046,7.8211,8.7216,9.4504,9.8725,10.286,10.546,10.646,10.621,10.447,10.12,9.7843,9.2032,8.4995,7.9002,7.0217,6.0899,5.1307,4.4278,3.5318,2.7105,2.1641,1.4762,0.81795,0.2364,-0.70274,-2.0368,-3.9894,-6.1949,-10.857,-20.304,-16.005,-8.4794,-4.5276,-1.9673
2.572,1.9459,0.88736,-0.20195,-0.71533,-0.71544,-0.019779,0.66715,1.4607,1.9962,2.2192,2.1658,1.8811,1.3345,0.80679,0.016887,-0.75849,-1.1474,-1.3578,-1.1573,-0.81569,-0.58221,-0.45519,-0.58802,-0.89963,-1.5451,-2.4294,-3.1744,-4.1403,-4.8525,-4.9544,-4.533,-3.7694,-2.5734,-1.7623,-0.70696,0.17452,0.88892,1.3205,1.729,2.032,2.1505,2.2458,2.2308,2.1872,2.0879,1.9341,1.7582,1.5931,1.3934,1.1612,0.974,0.68283,0.35967,0.057869,-0.37642,-0.75466,-0.9678,-0.97437,-0.77802,-0.41558,-0.098745,0.30955,0.6449,0.90322,1.0436,1.1962,1.3189,1.4485,1.6822,2.0926,2.5191,3.2303,4.0287,4.8098,5.3327,5.9241,6.3554,6.5622,6.7243,6.7434,6.6776,6.5272,6.2871,6.0344,5.7946,5.4923,5.1211,4.812,4.3416,3.7259,2.9975,2.3634,1.4623,0.53761,-0.062504,-0.61817,-0.804,-0.74026,-0.41458,-0.028593,0.31964,0.5081,0.59753,0.48442,0.22989,-0.29771,-1.1048,-1.8935,-3.1058,-4.2166,-4.5328,-3.9946,-2.5591,-0.9864,0.034586,1.043,1.6373,1.8305,1.6824,1.2913,0.55221,-0.017376,-0.81446,-1.3793,-1.7058,-2.0183,-2.3308,-2.7038,-2.8991,-3.1091,-2.9611,-2.7226,-2.2995,-1.9957,-1.9156,-2.0557,-2.5302,-3.3022,-4.1103,-5.5203,-7.2943,-8.8094,-10.184,-8.8398,-5.861,-3.723,-1.359,0.40558,1.3757,2.2944,2.804,2.9648,2.9039,2.5929,2.102,1.6852,1.1415,0.75884,0.64442,0.79414,1.218,1.731,2.5102,3.3803,4.2285,4.8491,5.6142,6.2803,6.7199,7.1796,7.4891,7.624,7.6036,7.4051,6.9992,6.5613,5.8013,4.8693,4.0762,2.9828,1.9355,1.0654,0.58913,0.17944,-0.06477,-0.20602,-0.4229,-0.77768,-1.1627,-1.8604,-2.872,-4.1699,-5.3246,-6.7811,-7.619,-7.476,-6.2829,-4.7424,-3.2304
3.3116,3.1095,2.7666,2.3986,2.1429,1.8546,1.628,1.4538,1.1951,0.87076,0.49964,0.22147,-0.15924,-0.42402,-0.57766,-0.65386,-0.68008,-0.67051,-0.65397,-0.67454,-0.79077,-0.95318,-1.3141,-1.8958,-2.4393,-3.3622,-4.3359,-5.1251,-5.956,-6.6022,-6.7815,-6.6293,-6.0945,-5.4544,-4.8467,-4.1064,-3.3707,-2.7713,-2.431,-2.0485,-1.7972,-1.6558,-1.525,-1.3581,-1.1946,-0.92568,-0.58703,-0.27727,-0.065298,0.10168,0.08324,-0.088604,-0.57268,-1.4304,-2.3659,-4.0479,-6.1644,-8.1351,-8.2204,-6.4363,-4.2403,-2.8547,-1.5518,-0.74358,-0.43812,-0.48371,-0.95723,-1.8626,-2.7977,-4.1057,-4.6541,-4.0803,-2.3461,-0.44893,1.1277,2.0412,2.9009,3.3934,3.5415,3.4875,3.1717,2.8067,2.1822,1.5129,0.87828,0.4938,0.099196,-0.17059,-0.35527,-0.68016,-1.2032,-1.9994,-2.8688,-4.497,-6.6983,-8.8147,-11.08,-10.382,-8.4323,-5.8951,-4.0845,-2.8173,-2.2159,-1.8005,-1.8275,-2.0899,-2.8403,-4.1288,-5.5672,-8.4881,-13.752,-22.964,-14.844,-8.061,-4.2975,-2.3482,-0.50889,0.70555,1.4404,1.7414,1.8335,1.65,1.3367,0.73293,-0.12091,-0.93694,-2.3785,-4.3314,-7.1179,-9.8663,-13.502,-11.699,-8.7279,-5.7147,-3.6612,-2.6236,-1.6752,-1.1511,-0.91091,-0.87285,-0.94135,-1.0535,-1.0558,-0.87907,-0.39513,0.32995,0.95814,1.7685,2.4603,2.8451,3.1425,3.1672,2.9987,2.5389,1.8158,0.88637,0.0569,-1.0382,-2.051,-2.5751,-2.8253,-2.607,-2.2336,-1.5798,-0.88551,-0.15613,0.40927,1.2012,1.9855,2.5637,3.2574,3.7725,4.0845,4.1465,3.9936,3.5392,2.974,1.9058,0.43606,-0.96583,-3.2624,-5.8997,-7.9099,-8.0578,-6.7027,-5.0776,-4.121,-3.227,-2.7823,-2.6603,-2.7912,-3.16,-3.6903,-4.1346,-4.6807,-5.0816,-5.2012,-5.1412,-4.8076,-4.3014
4.4453,4.3202,4.0833,3.7794,3.491,3.0317,2.4287,1.8614,0.92603,-0.26892,-1.6909,-2.7655,-3.8855,-4.0799,-3.5943,-2.5882,-1.5539,-0.96734,-0.42066,-0.21288,-0.29533,-0.57765,-1.2286,-2.2149,-3.1721,-4.7781,-6.7941,-8.5213,-11.065,-12.934,-13.19,-12.46,-10.714,-9.2808,-8.3464,-7.3382,-6.5972,-6.044,-5.771,-5.5671,-5.6618,-5.8301,-6.1881,-6.368,-6.1761,-5.2952,-3.8898,-2.4111,-1.4222,-0.4371,0.1768,0.35609,0.19162,-0.5137,-1.4193,-3.338,-6.2479,-9.6958,-9.9033,-6.5005,-3.3125,-1.6195,-0.11433,0.69332,0.89898,0.65253,-0.25174,-1.9666,-4.0141,-8.3812,-13.964,-10.805,-5.2017,-1.828,0.25803,1.2664,2.0374,2.269,2.146,1.5586,0.5555,-0.48921,-2.2539,-4.3199,-6.3782,-7.2812,-7.3393,-6.3545,-5.5822,-4.8418,-4.4592,-4.6208,-5.0829,-6.2686,-8.1566,-10.127,-12.407,-11.404,-9.084,-6.2981,-4.2884,-2.9502,-2.3288,-1.8986,-1.8593,-2.0521,-2.5752,-3.2786,-3.8624,-4.597,-5.0479,-4.8342,-4.1638,-2.7444,-1.0921,0.077399,1.4467,2.5267,3.2837,3.6765,3.885,3.8647,3.637,3.1397,2.3204,1.5362,0.13798,-1.6027,-3.8654,-5.5803,-7.2423,-6.6446,-5.1875,-3.0624,-1.3015,-0.22324,0.90975,1.8004,2.4715,2.8775,3.3244,3.696,3.9536,4.3055,4.6549,4.9947,5.2342,5.4812,5.6057,5.6025,5.413,4.9939,4.4932,3.5486,2.2105,0.39548,-1.3672,-4.466,-8.6374,-11.992,-12.266,-9.127,-7.4635,-6.1687,-5.6597,-5.4923,-5.2475,-4.3627,-2.8073,-1.5686,-0.062609,1.1047,1.8616,2.1665,2.2186,1.8826,1.3791,0.34151,-1.1867,-2.7106,-5.4802,-9.2909,-13.397,-12.903,-9.1617,-6.2473,-4.7505,-3.4647,-2.7349,-2.4997,-2.5132,-2.8059,-3.3428,-3.8658,-4.7298,-5.6379,-6.2741,-6.9642,-7.2052,-6.9603
4.4606,4.3288,4.1307,3.9074,3.7129,3.3569,2.8088,2.2232,1.0676,-0.69996,-3.5072,-6.807,-15.759,-16.212,-8.7586,-4.1238,-1.6037,-0.40588,0.51524,0.88529,0.78108,0.41649,-0.42594,-1.6635,-2.8825,-4.9284,-7.5812,-10.11,-14.686,-20.57,-20.582,-17.015,-14.182,-12.253,-11.43,-10.615,-10.075,-9.5631,-9.1499,-8.9135,-9.0593,-9.7544,-11.811,-17.129,-28.532,-14.765,-7.8113,-3.777,-1.6784,0.36689,1.7489,2.442,2.9752,3.1464,3.0617,2.7831,2.4505,2.2753,2.3654,2.778,3.4004,3.8664,4.3898,4.6749,4.6939,4.5069,4.0257,3.308,2.6921,1.9293,1.5148,1.5474,1.9843,2.5777,3.0674,3.2665,3.248,2.8515,2.2836,1.1567,-0.49001,-2.0988,-4.9158,-8.9383,-15.272,-21.051,-16.247,-11.33,-9.1737,-7.1332,-5.8239,-4.9883,-4.5845,-4.287,-4.1458,-4.0476,-3.8004,-3.3029,-2.7635,-2.0216,-1.2962,-0.8441,-0.68311,-0.76866,-1.1605,-1.6682,-2.4672,-3.2639,-3.6478,-3.6385,-2.9654,-1.804,-0.76752,0.66864,2.0571,3.0218,4.1286,5.0299,5.7014,6.0318,6.2931,6.296,6.176,5.8047,5.2732,4.7451,3.9585,3.0603,2.23,1.6634,1.2116,1.1017,1.2626,1.7149,2.3569,2.9013,3.6651,4.4171,5.1343,5.6322,6.2373,6.7818,7.1361,7.5418,7.8668,8.1077,8.2221,8.2858,8.2207,8.0689,7.7173,7.1632,6.595,5.587,4.2512,2.5157,0.89524,-1.7229,-4.7431,-6.6908,-7.4311,-6.6817,-6.1781,-6.3708,-7.9262,-12.033,-19.994,-17.071,-8.084,-4.6501,-1.797,-0.021649,1.009,1.4201,1.5641,1.3417,0.99115,0.33342,-0.4807,-1.1623,-2.043,-2.8107,-3.2149,-3.2199,-2.8565,-2.3076,-1.8921,-1.4916,-1.3122,-1.3738,-1.679,-2.2987,-3.2477,-4.1852,-5.8114,-7.9906,-10.176,-13.984,-17.732,-15.517
1.3305,0.9582,0.6864,0.78732,1.08,1.5511,1.9141,2.0083,1.8163,1.2829,0.44437,-0.25041,-0.93339,-0.94698,-0.51964,0.34754,1.1497,1.6173,1.9063,1.8601,1.4388,0.90778,-0.10042,-1.4231,-2.6327,-4.4512,-6.4655,-8.0325,-10.039,-11.508,-12.557,-13.055,-13.422,-14.159,-14.955,-16.64,-18.095,-17.132,-14.939,-12.326,-10.306,-9.4735,-8.754,-8.2686,-7.5236,-5.8229,-3.4787,-1.1204,0.4284,2.184,3.5544,4.3595,5.1709,5.7427,6.0248,6.2977,6.4841,6.6547,6.7766,6.9575,7.1471,7.2692,7.3879,7.4198,7.3437,7.2203,6.9666,6.6387,6.3712,6.0207,5.7069,5.5138,5.2914,5.0618,4.7607,4.4345,3.8446,3.0162,2.1911,0.87324,-0.8461,-2.2953,-4.5379,-6.8065,-9.0163,-10.132,-11.041,-10.775,-10.308,-8.9561,-7.6373,-6.2584,-5.3215,-4.184,-3.2395,-2.5691,-1.7848,-1.0861,-0.60929,-0.1238,0.22384,0.28642,0.14698,-0.38313,-1.4085,-2.5931,-4.9266,-8.7685,-13.172,-13.809,-7.5048,-3.3443,-1.085,1.2088,2.9546,4.0097,5.1244,5.9455,6.5225,6.7771,6.9814,6.9466,6.8356,6.5089,6.0806,5.6519,5.0594,4.3578,3.7079,3.179,2.6019,2.1205,1.9032,1.7998,2.0122,2.3597,3.0564,3.8923,4.7918,5.4563,6.2635,6.9671,7.4168,7.8903,8.2425,8.4775,8.5658,8.5908,8.5084,8.3656,8.0825,7.661,7.264,6.594,5.7888,4.8393,4.0526,2.9567,1.9083,1.2117,0.43702,-0.19749,-0.64318,-1.3551,-2.1745,-3.0214,-3.3412,-3.1469,-2.1771,-1.3255,-0.30536,0.36126,0.62256,0.55126,0.14437,-0.52855,-1.1486,-1.9624,-2.5175,-2.7067,-2.6456,-2.3712,-1.996,-1.6961,-1.3296,-1.0571,-0.95455,-0.96383,-1.1811,-1.4806,-2.0784,-2.9292,-4.0482,-5.0469,-6.6026,-8.5487,-10.276,-12.707,-14.272,-13.601
-4.9231,-7.6196,-11.728,-9.1771,-5.6458,-2.2742,-0.089657,1.006,1.9725,2.5199,2.8114,2.8845,2.9437,2.9637,2.9958,3.0054,2.9595,2.8215,2.4842,1.9237,1.1092,0.33906,-0.95549,-2.5088,-3.8736,-5.8462,-8.0471,-9.5905,-11.569,-12.897,-13.605,-14.028,-14.167,-14.924,-15.772,-17.83,-19.838,-18.488,-15.544,-11.962,-9.1343,-7.4643,-5.6503,-4.0724,-2.9941,-1.5496,-0.14395,1.2315,2.1868,3.3361,4.3187,4.9396,5.623,6.1449,6.4548,6.773,7.0067,7.182,7.2811,7.3849,7.4489,7.4778,7.4638,7.4043,7.2758,7.142,6.9033,6.6149,6.3669,6.0195,5.6479,5.3595,4.9334,4.4672,3.9264,3.4448,2.6755,1.7227,0.87242,-0.49573,-2.1092,-3.5319,-5.6737,-8.2017,-11.136,-13.719,-17.413,-19.838,-18.41,-15.131,-12.202,-9.8535,-8.3269,-6.589,-5.0532,-4.0464,-2.8335,-1.7997,-1.1633,-0.48482,-0.0523,0.15097,0.1038,-0.21959,-0.91636,-1.6746,-3.0575,-4.5676,-5.4168,-5.2833,-3.6344,-1.5209,-0.041618,1.6223,2.9626,3.7506,4.575,5.1365,5.4609,5.5703,5.5349,5.34,5.087,4.6561,4.1087,3.6542,2.97,2.2279,1.3715,0.64959,-0.48226,-1.7977,-2.8811,-4.1984,-4.6632,-4.0726,-2.3899,-0.43595,1.3144,2.4284,3.6439,4.5673,5.0944,5.6081,5.9369,6.1088,6.157,6.1322,6.0417,5.938,5.7694,5.5645,5.3984,5.1493,4.8664,4.5414,4.2982,3.9303,3.5809,3.3183,2.9577,2.6283,2.3616,2.0246,1.6966,1.4255,1.2627,1.1183,1.0426,0.96676,0.79183,0.40847,-0.27579,-1.0433,-2.4719,-4.5263,-6.5719,-9.9487,-12.416,-11.366,-8.4324,-5.9769,-4.2864,-3.4103,-2.6499,-2.2646,-2.201,-2.3772,-2.8622,-3.3982,-4.3359,-5.4388,-6.5943,-7.4537,-8.4923,-9.3606,-9.8478,-10.331,-10.56,-10.512
-4.2664,-5.4803,-6.4662,-5.5704,-3.9902,-1.7806,0.031304,1.0846,2.1459,2.8646,3.3144,3.5216,3.6336,3.6027,3.4948,3.2407,2.8537,2.4535,1.7907,0.92288,-0.14279,-1.1143,-2.632,-4.4715,-6.0839,-8.7029,-12.015,-15.297,-21.231,-25.792,-20.654,-17.613,-15.398,-13.879,-13.146,-12.359,-11.526,-10.429,-9.4146,-7.9122,-6.3774,-5.2301,-3.8022,-2.4839,-1.5826,-0.44446,0.58291,1.504,2.1317,2.869,3.4843,3.8648,4.2675,4.5606,4.729,4.876,4.9675,5.0118,5.0371,5.052,5.0496,5.0343,4.9865,4.888,4.7337,4.5642,4.28,3.9244,3.6201,3.1731,2.7133,2.3603,1.9047,1.4435,0.95442,0.55762,-0.084686,-0.87375,-1.5831,-2.7666,-4.1751,-5.4555,-7.4409,-9.8116,-12.679,-15.117,-18.795,-20.917,-20.5,-18.092,-15.865,-13.822,-12.387,-10.482,-8.6195,-7.2776,-5.633,-4.1807,-3.2498,-2.1876,-1.4054,-0.84187,-0.58119,-0.42369,-0.43539,-0.5399,-0.71139,-0.84358,-0.84202,-0.63437,-0.17714,0.44423,0.96045,1.6503,2.2454,2.6038,2.9247,3.0666,3.0037,2.8444,2.4165,1.8452,1.2924,0.51433,-0.31828,-0.87697,-1.6109,-2.2305,-2.9537,-3.568,-4.7983,-6.642,-8.788,-13.585,-21.821,-15.767,-8.9171,-5.0477,-2.497,-1.1322,0.18879,1.06,1.4721,1.7693,1.8156,1.6706,1.4953,1.2071,0.92342,0.77166,0.65385,0.68691,0.77312,0.98419,1.2363,1.5198,1.7203,1.9809,2.185,2.3082,2.4304,2.4834,2.4792,2.4283,2.303,2.1347,1.9585,1.6947,1.3243,0.99652,0.42207,-0.32276,-1.3011,-2.2307,-3.8137,-5.8836,-7.7914,-10.734,-12.58,-11.816,-9.4105,-7.2152,-5.6623,-4.8553,-4.2037,-3.9894,-4.0822,-4.5694,-5.4463,-6.4058,-8.0421,-10.151,-12.518,-14.177,-15.249,-14.673,-13.845,-12.839,-12.185,-11.885
-0.81245,-0.81957,-0.68579,-0.30483,0.12378,0.79789,1.4991,1.9816,2.5136,2.8987,3.1097,3.1768,3.1209,2.9289,2.6819,2.2366,1.6382,1.1101,0.26796,-0.72244,-1.8708,-2.8577,-4.3054,-5.9666,-7.3351,-9.4059,-11.728,-13.552,-15.815,-16.784,-15.918,-14.817,-13.146,-11.767,-10.852,-9.7281,-8.7293,-7.7421,-7.0032,-5.9629,-4.9439,-4.1905,-3.2093,-2.2942,-1.6435,-0.86514,-0.17337,0.4019,0.76307,1.1338,1.3861,1.4987,1.5467,1.5002,1.3986,1.2131,0.99776,0.79957,0.68409,0.59831,0.59973,0.62756,0.68489,0.68408,0.58645,0.41949,0.057867,-0.47426,-0.9667,-1.714,-2.4708,-2.9662,-3.4249,-3.648,-3.711,-3.7386,-3.8452,-4.1333,-4.5151,-5.2283,-6.2521,-7.1682,-8.6394,-10.309,-12.096,-13.542,-15.256,-16.861,-17.748,-18.974,-19.794,-19.888,-19.087,-16.577,-13.681,-11.538,-9.0765,-6.9973,-5.6864,-4.248,-3.1146,-2.2768,-1.7985,-1.3549,-1.0723,-0.94603,-0.82868,-0.76048,-0.69559,-0.5672,-0.38458,-0.15388,0.031934,0.27263,0.45402,0.53639,0.51558,0.3188,-0.08875,-0.58006,-1.4484,-2.6811,-3.8003,-5.6185,-7.4926,-8.679,-9.2548,-8.8372,-8.0217,-7.5579,-7.2141,-7.2718,-7.4828,-7.7254,-7.6204,-7.126,-6.0376,-4.7792,-3.6505,-2.9781,-2.3793,-2.1079,-2.1191,-2.4385,-3.08,-4.0048,-4.8584,-6.0584,-7.1258,-7.63,-7.7303,-7.2556,-6.6613,-5.7146,-4.6665,-3.5962,-2.8313,-1.8491,-0.99281,-0.43695,0.18181,0.62937,0.87857,1.0627,1.1129,1.0162,0.87003,0.56105,0.13843,-0.24724,-0.86021,-1.5692,-2.3682,-3.0196,-3.9366,-4.8475,-5.4815,-6.142,-6.4981,-6.5046,-6.2227,-5.7817,-5.3455,-5.1024,-4.9586,-5.0754,-5.3642,-6.052,-7.1366,-8.2539,-10.296,-13.184,-17.432,-22.084,-25.101,-19.564,-16.798,-14.484,-13.229,-12.729
0.90143,1.0831,1.3425,1.6373,1.8725,2.1879,2.4717,2.6526,2.8178,2.8822,2.837,2.7063,2.4308,2.0168,1.623,0.98556,0.22593,-0.41959,-1.3961,-2.47,-3.6623,-4.5908,-5.89,-7.1799,-8.1058,-9.2223,-10.127,-10.675,-11.064,-11.186,-10.878,-10.536,-9.8481,-9.1601,-8.6147,-7.9392,-7.2529,-6.5836,-6.0838,-5.3935,-4.6852,-4.1441,-3.444,-2.7766,-2.3157,-1.7943,-1.3811,-1.0928,-0.97456,-0.94543,-1.0622,-1.2462,-1.6164,-2.1393,-2.6397,-3.4184,-4.2984,-5.1318,-5.6249,-5.8654,-5.5791,-5.1234,-4.4529,-3.9011,-3.6373,-3.6531,-4.0352,-4.8507,-5.7895,-7.5033,-9.7547,-11.49,-12.65,-11.493,-9.582,-8.4023,-7.2961,-6.7449,-6.6497,-6.8806,-7.4878,-8.1722,-9.3079,-10.744,-12.297,-13.569,-15.277,-17.077,-18.488,-20.738,-24.163,-30.14,-30.322,-22.021,-16.56,-13.659,-10.581,-8.2124,-6.7648,-5.2419,-4.0419,-3.1823,-2.7089,-2.2768,-2.0587,-1.9923,-2.0263,-2.1147,-2.1945,-2.2773,-2.299,-2.225,-2.1214,-1.971,-1.8306,-1.7845,-1.8247,-2.0626,-2.5411,-3.1114,-4.1637,-5.7016,-7.2689,-10.232,-15.053,-21.656,-23.576,-15.098,-11.111,-9.3324,-7.7019,-6.6579,-6.0894,-5.5212,-5.0465,-4.7119,-4.2908,-3.9099,-3.6581,-3.5793,-3.6637,-4.0258,-4.5076,-5.4929,-6.9209,-8.9437,-10.985,-14.756,-20.278,-24.898,-21.991,-18.081,-16.107,-14.054,-11.958,-9.7193,-8.0581,-6.0555,-4.3334,-3.2622,-2.1368,-1.2966,-0.8563,-0.48952,-0.34515,-0.41578,-0.58698,-0.98174,-1.4963,-1.9745,-2.6607,-3.3888,-4.0861,-4.5492,-5.0532,-5.4166,-5.5905,-5.674,-5.6341,-5.5461,-5.3708,-5.192,-5.0377,-4.9867,-5.0272,-5.2182,-5.4855,-6.0013,-6.751,-7.442,-8.5798,-9.8233,-11.05,-11.777,-12.275,-12.153,-11.836,-11.346,-10.96,-10.784
1.6723,1.955,2.3018,2.5906,2.775,2.9764,3.1089,3.1526,3.129,2.9881,2.727,2.4343,1.926,1.2721,0.70825,-0.14944,-1.093,-1.8731,-2.9824,-4.2061,-5.5548,-6.6389,-8.1784,-9.6524,-10.57,-11.228,-11.161,-10.794,-10.072,-9.2781,-8.5913,-8.0588,-7.5732,-7.1097,-6.8761,-6.6459,-6.4741,-6.3097,-6.1309,-5.8192,-5.3253,-4.8737,-4.1991,-3.532,-3.0958,-2.6331,-2.37,-2.3128,-2.4156,-2.7239,-3.2218,-3.704,-4.473,-5.4188,-6.2503,-7.7142,-9.7986,-13.01,-16.523,-19.745,-14.949,-11.666,-8.7779,-6.9948,-6.0017,-5.6865,-5.7745,-6.4506,-7.3832,-9.3478,-12.39,-15.521,-18.019,-14.54,-11.018,-9.1887,-7.6079,-6.7519,-6.4772,-6.5791,-7.1076,-7.7837,-9.0444,-10.626,-12.594,-14.162,-16.339,-18.034,-18.711,-18.914,-18.465,-17.567,-16.49,-14.512,-12.301,-10.615,-8.5699,-6.8105,-5.6843,-4.4651,-3.5555,-2.9285,-2.6517,-2.5142,-2.6382,-2.893,-3.4328,-4.1266,-4.6994,-5.3864,-5.7738,-5.7341,-5.4397,-4.8515,-4.2453,-3.8801,-3.5647,-3.4809,-3.6602,-3.9295,-4.5799,-5.4284,-6.2174,-7.3779,-8.4561,-9.0546,-9.0814,-8.3828,-7.3494,-6.4671,-5.492,-4.6733,-4.1907,-3.6991,-3.3377,-3.1574,-3.0144,-3.0101,-3.138,-3.342,-3.7627,-4.4069,-5.0637,-6.1783,-7.6533,-9.5465,-11.313,-14.151,-17.158,-18.988,-20.193,-21.176,-23.053,-27.9,-22.607,-15.481,-11.887,-8.3986,-5.8814,-4.4522,-3.0085,-2.0094,-1.5162,-1.1329,-1.0611,-1.2463,-1.5665,-2.1869,-3.0454,-3.8253,-4.9956,-6.2147,-7.3031,-7.8844,-8.1869,-7.9693,-7.5769,-6.9523,-6.3042,-5.8751,-5.4057,-5.0494,-4.824,-4.7281,-4.6991,-4.7784,-4.8994,-5.1504,-5.4731,-5.774,-6.1813,-6.6223,-7.0449,-7.2915,-7.5203,-7.6487,-7.6725,-7.6827,-7.6761,-7.6816
1.9998,2.3901,2.7897,3.0814,3.248,3.4089,3.5103,3.5281,3.4572,3.2412,2.8295,2.4052,1.6285,0.65203,-0.20075,-1.4356,-2.6858,-3.5726,-4.6533,-5.749,-7.0246,-8.2938,-10.671,-14.415,-18.999,-22.987,-16.057,-12.551,-9.5738,-7.5983,-6.3169,-5.6845,-5.1718,-5.0343,-5.1532,-5.5752,-6.3452,-7.3295,-8.0468,-8.526,-8.0259,-7.1102,-5.6302,-4.3008,-3.5256,-2.8229,-2.538,-2.685,-3.0599,-3.9102,-5.088,-6.0809,-7.3229,-8.1944,-8.6109,-9.1111,-9.878,-11.149,-12.092,-12.391,-10.891,-9.2387,-7.3146,-5.9014,-4.991,-4.6155,-4.4244,-4.5627,-4.8384,-5.3516,-5.8793,-6.1468,-6.214,-5.8189,-5.1458,-4.6074,-4.03,-3.7138,-3.6846,-3.953,-4.6125,-5.357,-6.7641,-8.6949,-11.362,-14.071,-19.504,-32.856,-27.944,-19.234,-15.201,-12.551,-10.969,-9.177,-7.5011,-6.3981,-5.0355,-3.8596,-3.1264,-2.3199,-1.7843,-1.4746,-1.432,-1.6559,-2.2075,-2.8887,-4.1786,-6.0917,-8.0335,-11.469,-14.883,-13.647,-10.997,-8.1036,-6.1647,-5.1541,-4.3057,-3.8616,-3.7284,-3.7788,-3.967,-4.2364,-4.4127,-4.5811,-4.6067,-4.5277,-4.2522,-3.8416,-3.3408,-2.9682,-2.4907,-2.0967,-1.8793,-1.6737,-1.5958,-1.6073,-1.7232,-1.9578,-2.2934,-2.6213,-3.1721,-3.8301,-4.4073,-5.2583,-6.239,-7.2869,-8.1307,-9.2726,-10.374,-11.197,-12.201,-13.181,-13.834,-13.987,-12.591,-10.072,-8.0567,-5.7523,-3.8719,-2.7829,-1.6867,-0.97638,-0.65282,-0.50616,-0.65548,-1.0892,-1.6032,-2.5416,-3.8589,-5.0946,-7.2465,-10.145,-14.164,-17.559,-17.281,-13.228,-10.819,-8.5446,-6.989,-6.1454,-5.3591,-4.8527,-4.5796,-4.4711,-4.4203,-4.4342,-4.4565,-4.4964,-4.5097,-4.5184,-4.5108,-4.518,-4.521,-4.5395,-4.5827,-4.6659,-4.7454,-4.8627,-4.9999,-5.1282
2.3099,2.563,2.6924,2.74,2.7861,2.9188,3.1528,3.3447,3.5282,3.5162,3.1943,2.7304,1.7068,0.19159,-1.3363,-3.8855,-6.6661,-8.1641,-8.2688,-7.31,-6.6436,-6.6191,-7.2049,-8.2419,-9.028,-9.112,-7.7384,-6.359,-4.5841,-3.2356,-2.2849,-1.9106,-1.6534,-1.8723,-2.3196,-3.3775,-5.1627,-8.1218,-11.86,-24.732,-16.412,-10.222,-5.9625,-3.4574,-2.2469,-1.2895,-0.9772,-1.2907,-1.9611,-3.5801,-6.258,-9.3686,-16.182,-17.409,-12.482,-8.6427,-6.5719,-5.3892,-4.774,-4.1514,-3.5941,-3.183,-2.7202,-2.3839,-2.2113,-2.1698,-2.1654,-2.1538,-2.0979,-1.9192,-1.6596,-1.3942,-1.0059,-0.58008,-0.15926,0.10021,0.34582,0.41458,0.31491,-0.006053,-0.59253,-1.2183,-2.2914,-3.6885,-5.3722,-6.7164,-8.518,-9.6475,-9.6946,-8.9406,-7.6002,-6.2211,-5.272,-4.119,-3.065,-2.3676,-1.503,-0.75627,-0.29272,0.21983,0.54441,0.66424,0.59789,0.26698,-0.37372,-1.1002,-2.4315,-4.2593,-5.9816,-8.6878,-10.839,-10.318,-8.6429,-6.5041,-4.9291,-4.1157,-3.4962,-3.3149,-3.4809,-3.8158,-4.2395,-4.5821,-4.575,-4.1651,-3.4473,-2.773,-1.9747,-1.2501,-0.65381,-0.3652,-0.077738,0.03672,0.020285,-0.10507,-0.34998,-0.579,-0.96604,-1.4063,-1.9195,-2.3552,-3.026,-3.727,-4.2525,-4.916,-5.4559,-5.7801,-5.8675,-5.858,-5.7429,-5.6115,-5.3683,-5.0515,-4.7214,-4.1246,-3.3474,-2.3924,-1.6229,-0.68009,0.11405,0.57783,0.96752,1.12,1.0816,0.8225,0.38262,-0.27223,-0.88357,-1.894,-3.1682,-4.2944,-6.1455,-8.459,-11.019,-12.51,-12.46,-10.469,-8.8533,-7.0594,-5.7769,-5.1197,-4.6037,-4.4293,-4.5332,-4.7484,-5.1003,-5.3748,-5.4345,-5.2932,-4.9361,-4.5694,-4.0968,-3.62,-3.1992,-2.9669,-2.7685,-2.7183,-2.8065,-3.0997,-3.6154,-4.266
1.9323,1.4539,0.35912,-1.0298,-1.8582,-1.7917,-0.45675,0.79437,2.142,2.9803,3.2822,3.1005,2.3443,0.91492,-0.72349,-3.8426,-8.4557,-11.689,-9.5234,-5.8597,-3.6175,-2.568,-1.7029,-1.2195,-0.93345,-0.55188,-0.10428,0.31727,0.85063,1.2998,1.5908,1.6873,1.6413,1.3326,0.9398,0.15809,-0.87488,-2.0717,-2.9101,-3.5742,-3.2604,-2.4892,-1.1894,0.038721,0.77712,1.4271,1.68,1.5094,1.0772,0.068407,-1.4089,-2.7167,-4.2315,-4.5007,-3.776,-2.3469,-1.1113,-0.17582,0.26203,0.60651,0.67253,0.53541,0.15103,-0.50913,-1.4163,-2.1778,-3.1174,-3.5039,-3.2562,-2.3281,-1.1124,-0.21937,0.87089,1.7421,2.3907,2.7373,3.0177,3.1061,3.0287,2.7768,2.3655,1.9333,1.2681,0.52049,-0.2771,-0.82947,-1.4965,-1.9502,-2.1185,-2.1761,-2.0222,-1.7985,-1.5757,-1.2372,-0.93605,-0.64266,-0.25401,0.1903,0.54529,0.97939,1.3493,1.4999,1.5093,1.3403,0.92555,0.48936,-0.29205,-1.1818,-1.8855,-2.7017,-3.2344,-3.3938,-3.295,-2.9681,-2.6319,-2.5089,-2.5706,-3.073,-4.1682,-5.5378,-8.3021,-12.006,-12.927,-9.1525,-5.516,-3.4852,-1.6291,-0.40847,0.28243,0.51023,0.52411,0.21723,-0.16144,-0.83047,-1.5592,-2.0912,-2.7529,-3.3319,-3.9518,-4.474,-5.3357,-6.4407,-7.3619,-8.6245,-9.3123,-8.8904,-7.8588,-6.131,-4.4719,-3.3173,-1.9954,-0.87554,-0.13281,0.71584,1.4482,2.0424,2.3833,2.7127,2.8018,2.7515,2.4537,1.9429,1.4101,0.58482,-0.29514,-1.1698,-1.7823,-2.5862,-3.3675,-3.9865,-4.8699,-5.6767,-6.2729,-6.513,-6.4835,-6.0184,-5.5407,-4.8774,-4.3641,-4.1663,-4.2456,-4.8117,-5.8955,-7.1382,-9.2984,-11.477,-12.087,-10.888,-8.9582,-7.6381,-6.2796,-5.1314,-4.1841,-3.5544,-2.8405,-2.3742,-2.2879,-2.6171,-3.6115,-5.6033
-0.10812,-1.1379,-3.368,-7.3219,-12.397,-13.069,-6.1979,-3.1105,-0.51542,1.0221,1.8402,2.0687,1.9751,1.4808,0.92087,0.05312,-0.74188,-1.0928,-1.1292,-0.78074,-0.24586,0.15731,0.6097,0.93855,1.1277,1.304,1.4178,1.4825,1.5008,1.4969,1.4213,1.3696,1.1526,0.91179,0.67194,0.28544,-0.12672,-0.50191,-0.73405,-0.85405,-0.76457,-0.52984,-0.055547,0.51129,0.95554,1.4829,1.8862,2.1107,2.1557,2.0747,1.8666,1.6832,1.504,1.4703,1.5325,1.716,1.9114,1.9919,1.9417,1.7,1.2084,0.63648,-0.46014,-2.0455,-4.3319,-6.8019,-12.118,-24.015,-15.949,-8.6536,-4.8473,-2.9531,-1.1163,0.15317,0.99995,1.4156,1.7117,1.7545,1.6647,1.3718,0.94135,0.59187,0.072968,-0.42501,-0.84921,-1.1674,-1.479,-1.7674,-1.9886,-2.2171,-2.5516,-2.9607,-3.3334,-3.9255,-4.5007,-4.8124,-4.8773,-4.4273,-3.8295,-2.9679,-2.1906,-1.6239,-1.3967,-1.3491,-1.5675,-1.8866,-2.4452,-3.1513,-3.6971,-4.35,-4.8225,-5.0037,-4.973,-4.7335,-4.4259,-4.2274,-4.1515,-4.4135,-5.1495,-6.07,-7.762,-9.5612,-9.7431,-7.8797,-5.4515,-3.9251,-2.4342,-1.6268,-1.3723,-1.4822,-2.1495,-3.3109,-4.4966,-6.4742,-8.5829,-9.919,-10.729,-10.702,-10.527,-10.638,-11.18,-12.48,-14.101,-18.01,-28.396,-22.374,-15.322,-10.174,-6.6802,-4.7131,-2.626,-1.0298,-0.092183,0.90696,1.6228,2.0494,2.1798,2.1055,1.7348,1.2137,0.2212,-1.1853,-2.5153,-4.5518,-6.7126,-8.25,-8.6984,-8.6575,-8.494,-8.597,-8.9451,-9.4418,-9.8641,-9.8688,-9.3611,-8.4768,-7.7237,-6.8041,-6.1735,-5.9623,-6.0867,-6.7896,-8.2231,-9.8929,-13.229,-18.003,-20.009,-16.842,-14.134,-13.059,-12.248,-11.583,-10.121,-8.5832,-6.5036,-4.8624,-3.9805,-3.3356,-3.2826,-3.7607
-0.83418,-1.1361,-1.7435,-2.4024,-2.7191,-2.6227,-1.9637,-1.2628,-0.32296,0.45436,0.95013,1.1898,1.2931,1.2154,1.0903,0.87032,0.67595,0.57045,0.51361,0.54233,0.6316,0.6874,0.73173,0.72054,0.63788,0.44724,0.16403,-0.14033,-0.57206,-1.0273,-1.4197,-1.675,-1.9066,-2.056,-2.1535,-2.2916,-2.4955,-2.7736,-2.9982,-3.2454,-3.3429,-3.2375,-2.8167,-2.1074,-1.458,-0.52877,0.34153,1.0862,1.5431,2.016,2.3484,2.5221,2.6755,2.7546,2.7735,2.7218,2.5868,2.3126,2.0265,1.4723,0.71213,0.0072168,-1.158,-2.5906,-4.2661,-5.637,-7.3358,-8.2133,-7.948,-6.698,-5.1066,-3.9955,-2.7733,-1.8691,-1.2757,-1.038,-0.98051,-1.2192,-1.5605,-2.2107,-3.0193,-3.6392,-4.3817,-4.9154,-5.1357,-5.1449,-5.0338,-4.9135,-4.8975,-5.0421,-5.4573,-6.2191,-7.1394,-9.0307,-11.878,-15.119,-18.799,-14.981,-11.678,-8.6725,-6.8291,-5.6717,-5.2428,-5.1222,-5.4142,-5.91,-6.8447,-8.0457,-9.0746,-10.538,-11.737,-12.133,-11.647,-10.315,-8.7193,-7.604,-6.4093,-5.5381,-4.9722,-4.7091,-4.467,-4.2335,-3.9616,-3.4583,-2.8896,-2.495,-2.1711,-2.1506,-2.5122,-3.0918,-4.3333,-6.2171,-8.2203,-11.961,-17.997,-27.013,-24.932,-18.701,-16.478,-15.93,-15.952,-16.266,-16.575,-16.467,-15.61,-13.872,-12.071,-9.3774,-6.8924,-5.2184,-3.3457,-1.8452,-0.94325,-0.037219,0.53815,0.81757,0.82779,0.53232,-0.091821,-0.84942,-2.2505,-4.2782,-6.3315,-10.194,-16.785,-32.458,-21.056,-15.329,-13.453,-13.18,-14.023,-16.468,-21.066,-23.847,-18.585,-13.978,-11.65,-9.5281,-8.1758,-7.5649,-7.1991,-7.2747,-7.7764,-8.365,-9.324,-10.332,-10.999,-11.803,-12.839,-14.192,-17.727,-27.513,-20.28,-13.982,-9.1491,-6.1017,-4.4645,-2.8967,-1.8237,-1.0842
-0.1122,0.066175,0.1364,0.12809,0.13593,0.19387,0.3343,0.46983,0.67475,0.84355,0.95036,0.96416,0.90403,0.78823,0.67702,0.53558,0.44021,0.40546,0.41236,0.4725,0.51914,0.52725,0.45863,0.25239,-0.023479,-0.58263,-1.3972,-2.1834,-3.437,-4.8632,-6.0937,-6.698,-6.6129,-6.0791,-5.6162,-5.2047,-5.1894,-5.6378,-6.2662,-7.5678,-9.0529,-9.7842,-9.1289,-6.9112,-5.0886,-2.8994,-1.1304,0.26829,1.1123,1.9837,2.6314,2.9878,3.3028,3.4568,3.4816,3.3833,3.1285,2.7399,2.3405,1.6643,0.82515,0.093271,-0.97733,-2.1185,-3.2434,-3.9921,-4.7613,-5.1483,-5.1582,-4.8413,-4.2468,-3.7243,-3.0882,-2.5955,-2.3411,-2.3412,-2.637,-3.3029,-4.1031,-5.5708,-7.4963,-9.3338,-11.846,-13.167,-12.419,-11.04,-9.4266,-8.1497,-7.4565,-6.9896,-6.8702,-7.2195,-7.7987,-9.022,-10.75,-12.195,-13.166,-12.105,-10.627,-8.7634,-7.5007,-6.8394,-6.6903,-6.9368,-7.6916,-8.5465,-10.147,-12.172,-14.074,-17.436,-23.286,-51.827,-24.019,-16.243,-11.816,-9.4876,-7.0846,-5.2708,-3.898,-3.1006,-2.2678,-1.5847,-1.2044,-0.80262,-0.53021,-0.46791,-0.55774,-0.86734,-1.4645,-2.1684,-3.3478,-4.9047,-6.3212,-8.4229,-10.597,-12.043,-13.425,-14.309,-15.315,-16.459,-19.038,-22.607,-23.543,-19.459,-15.172,-11.814,-9.7078,-7.2887,-5.2014,-3.8723,-2.3835,-1.179,-0.47092,0.19504,0.59199,0.73173,0.67274,0.37365,-0.21394,-0.81251,-1.898,-3.2887,-4.5024,-6.3228,-8.133,-9.4418,-9.8652,-10.08,-10.206,-10.529,-11.497,-12.942,-14.369,-14.727,-13.515,-11.51,-10.019,-8.4708,-7.3259,-6.6858,-6.1171,-5.7969,-5.671,-5.6888,-5.8321,-6.0715,-6.3271,-6.7539,-7.2471,-7.636,-8.1229,-8.0982,-7.2214,-6.092,-4.3409,-2.6223,-1.4858,-0.18069,0.87268,1.7321
1.6306,1.7377,1.7291,1.6227,1.5153,1.3794,1.2962,1.2548,1.1976,1.0818,0.89721,0.64965,0.23562,-0.25569,-0.63171,-1.0158,-1.1768,-1.1055,-0.80745,-0.39723,-0.0060324,0.22785,0.37677,0.27276,0.018574,-0.63488,-1.7453,-2.9285,-5.2267,-8.9132,-15.841,-28.127,-14.957,-9.5135,-7.4199,-5.9413,-5.4566,-5.8004,-6.6487,-8.708,-12.418,-16.422,-14.879,-9.0491,-5.9601,-2.9932,-0.8199,0.79473,1.7424,2.7317,3.4496,3.8386,4.1843,4.3517,4.3598,4.2368,3.9399,3.4749,2.9948,2.1992,1.2217,0.35449,-0.96434,-2.4066,-3.9084,-4.9665,-6.0481,-6.5003,-6.3463,-5.6143,-4.6424,-3.8991,-3.0311,-2.3988,-2.0839,-2.0838,-2.446,-3.2584,-4.2135,-6.0241,-8.6697,-11.326,-16.289,-20.474,-16.729,-13.808,-11.1,-9.2082,-8.1205,-6.9817,-6.197,-5.73,-5.5511,-5.4772,-5.5723,-5.6474,-5.6196,-5.4387,-5.2554,-4.9836,-4.8449,-5.0379,-5.3955,-6.2389,-7.5807,-8.9356,-11.201,-14.115,-16.307,-18.37,-18.541,-17.093,-15.128,-12.11,-9.1564,-7.1169,-4.8329,-2.9731,-1.4816,-0.55917,0.42007,1.1674,1.5871,1.9669,2.1507,2.1581,1.9969,1.6105,1.0001,0.41424,-0.55464,-1.6841,-2.5964,-3.8772,-5.1761,-6.132,-7.3328,-8.5735,-9.9486,-11.145,-13.102,-14.893,-15.09,-12.898,-9.8861,-7.2134,-5.5121,-3.5668,-2.0012,-1.0492,-0.017014,0.73679,1.1272,1.4705,1.6234,1.5915,1.4628,1.1986,0.80526,0.45466,-0.12074,-0.76402,-1.2847,-1.9975,-2.6513,-3.2215,-3.5917,-4.0262,-4.4098,-4.7253,-5.1746,-5.6275,-5.9806,-6.1092,-6.085,-5.8777,-5.6631,-5.3167,-4.9552,-4.6577,-4.2,-3.719,-3.2228,-2.8784,-2.4819,-2.1588,-1.965,-1.7565,-1.5901,-1.4499,-1.182,-0.78437,-0.19912,0.34446,1.1602,2.0226,2.6563,3.453,4.1604,4.7639
3.7771,3.4001,2.7161,1.9103,1.3253,0.76228,0.54159,0.58508,0.7253,0.77017,0.50786,0.077555,-0.90969,-2.4338,-3.8966,-5.9112,-6.7631,-5.9961,-4.0907,-2.2815,-0.87006,-0.10902,0.58059,0.93951,0.99755,0.79258,0.25736,-0.39109,-1.5795,-3.0056,-4.3866,-4.9553,-4.5932,-3.6134,-2.8912,-2.1609,-1.8599,-1.9524,-2.2596,-2.801,-3.2664,-3.4194,-3.0361,-2.0553,-1.0948,0.22563,1.4623,2.5383,3.1961,3.9158,4.4343,4.7078,4.9453,5.0444,5.0273,4.8838,4.6034,4.1263,3.6452,2.7994,1.6754,0.63544,-1.0775,-3.2655,-6.1208,-8.9252,-14.063,-16.926,-13.321,-8.8253,-5.7964,-4.1447,-2.4717,-1.3381,-0.65412,-0.42817,-0.50104,-1.0121,-1.6695,-2.8913,-4.5003,-5.8763,-7.6855,-9.1638,-10.175,-10.433,-10.036,-8.9828,-7.8125,-6.1484,-4.714,-3.5225,-2.8347,-2.1722,-1.7217,-1.479,-1.2943,-1.1975,-1.1759,-1.2844,-1.5394,-1.9831,-2.5118,-3.5203,-4.9432,-6.3862,-8.9962,-12.731,-16.915,-22.806,-17.098,-12.046,-9.3795,-6.5482,-4.2097,-2.711,-0.95797,0.50452,1.7182,2.507,3.3608,4.0064,4.3982,4.7373,4.8792,4.8783,4.6895,4.2797,3.6569,3.1011,2.1756,1.1355,0.32548,-0.73393,-1.6804,-2.2586,-2.8769,-3.3623,-3.7102,-3.9175,-3.9931,-3.84,-3.4851,-2.713,-1.6967,-0.56773,0.24532,1.2241,2.0051,2.4623,2.8617,3.0139,2.9896,2.8094,2.4821,2.0849,1.7879,1.4306,1.2004,1.0597,0.96558,0.89941,0.83864,0.77302,0.72371,0.66375,0.59295,0.52945,0.40357,0.27909,0.088539,-0.18633,-0.55186,-0.88547,-1.441,-2.1049,-2.7164,-3.5586,-4.2572,-4.4846,-4.1092,-3.0795,-1.8137,-0.88375,0.20143,1.0651,1.5911,2.1573,2.6069,2.9004,3.305,3.7206,4.1657,4.5385,5.0667,5.6044,5.9977,6.4698,6.8831,7.2082
5.163,4.1331,2.2023,-0.5525,-3.2162,-6.4475,-5.6317,-3.5257,-1.3244,-0.095352,0.24563,0.012883,-1.0292,-3.039,-5.3567,-10.014,-13.688,-10.397,-6.0832,-3.3604,-1.61,-0.68641,0.24979,0.9697,1.3863,1.8139,2.0905,2.1818,2.168,2.0945,1.997,2.0018,2.0188,2.0754,2.1146,2.0905,1.9306,1.6089,1.311,0.86154,0.49591,0.36778,0.41394,0.73685,1.138,1.792,2.4552,3.0424,3.394,3.6979,3.859,3.9033,3.8981,3.8682,3.8579,3.8146,3.707,3.4627,3.1506,2.4993,1.5258,0.56947,-1.0201,-3.0289,-5.4173,-7.3903,-9.7948,-10.615,-9.6133,-7.2003,-4.7497,-3.1464,-1.3463,0.012769,0.94684,1.3848,1.6253,1.4738,1.1119,0.28382,-0.88378,-2.0021,-3.8748,-6.3703,-9.9434,-14.061,-22.035,-14.211,-9.8204,-6.0179,-3.5408,-1.8372,-0.92647,-0.072383,0.4952,0.75329,0.92821,0.95604,0.9121,0.75479,0.48716,0.15072,-0.18762,-0.77029,-1.5176,-2.1722,-3.1624,-4.1617,-4.7431,-4.9729,-4.4489,-3.3585,-2.3591,-1.0159,0.23026,1.0784,2.0808,2.9488,3.706,4.1913,4.8064,5.3427,5.6797,6.0441,6.2567,6.2815,6.112,5.6997,5.0177,4.2904,3.0788,1.589,0.35565,-1.2443,-2.3651,-2.6428,-2.3276,-1.5336,-0.65447,-0.02526,0.75805,1.4848,2.0142,2.6869,3.3348,3.9336,4.3262,4.6927,4.8873,4.8847,4.6484,4.1393,3.5696,2.5164,1.1844,-0.25075,-1.1888,-1.9534,-1.9316,-1.5444,-0.82649,-0.13451,0.33955,0.89877,1.3765,1.8316,2.1692,2.5636,2.8779,3.0477,3.1375,3.0578,2.7518,2.3355,1.4802,0.14357,-1.2737,-4.125,-9.0519,-15.833,-12.411,-5.5277,-1.7868,0.072779,1.8165,2.9848,3.5855,4.1204,4.4625,4.6445,4.8436,5.0923,5.425,5.7276,6.1853,6.6456,6.96,7.298,7.5107,7.5934
5.3418,4.2789,2.3654,-0.23861,-2.6254,-5.3023,-4.8136,-3.1518,-1.1827,-0.01161,0.50575,0.48031,0.022617,-0.81302,-1.5781,-2.6091,-3.3155,-3.5693,-3.5982,-3.5928,-3.645,-3.6186,-3.3497,-2.613,-1.7698,-0.51682,0.65694,1.4281,2.2607,2.8481,3.273,3.4773,3.5817,3.5483,3.4153,3.0377,2.4435,1.6122,0.84181,-0.36989,-1.6761,-2.4847,-3.0276,-2.7219,-2.0893,-1.0812,-0.22597,0.27707,0.41825,0.23688,-0.29922,-0.86274,-1.6239,-2.0132,-1.8927,-1.2985,-0.62188,-0.11252,0.024739,-0.14363,-0.70311,-1.3963,-2.6878,-4.335,-6.2289,-7.6796,-9.22,-9.653,-9.0216,-7.302,-5.1706,-3.5982,-1.7656,-0.2593,0.86805,1.4682,1.9405,2.0699,1.9436,1.4813,0.69,-0.10042,-1.4444,-3.1243,-5.0249,-6.3498,-7.2641,-6.632,-5.4909,-3.8268,-2.4132,-1.3843,-0.83401,-0.36692,-0.19959,-0.22641,-0.38449,-0.65353,-0.8917,-1.1328,-1.2838,-1.377,-1.3704,-1.3176,-1.2594,-1.225,-1.156,-1.0677,-0.9474,-0.69617,-0.31208,0.14386,0.50555,0.96886,1.3391,1.5438,1.6829,1.7274,1.7652,1.8458,2.1571,2.7242,3.2203,3.9223,4.5051,4.7708,4.8741,4.6307,3.9932,3.1819,1.6417,-0.61575,-3.0228,-7.9823,-18.381,-16.008,-7.6825,-3.7223,-1.2766,0.055065,1.3834,2.4167,3.045,3.7472,4.3087,4.7131,4.9093,5.0098,4.8859,4.6084,3.9697,2.9596,1.8911,-0.069872,-2.8682,-7.0748,-12.212,-20.989,-12.376,-8.7591,-6.1916,-4.7286,-3.982,-3.1859,-2.3365,-1.3172,-0.46,0.64214,1.669,2.3062,2.9305,3.2941,3.3746,3.2334,2.7494,1.8999,1.0189,-0.45875,-1.991,-2.7367,-2.4754,-1.0773,0.50485,1.4963,2.4574,3.0019,3.1487,3.0207,2.5872,2.1343,1.5106,1.1904,1.439,1.9439,2.8178,3.6499,4.1394,4.5649,4.6801,4.5028
4.8783,4.3606,3.5117,2.5793,1.9118,1.2249,0.85594,0.77692,0.82554,0.85337,0.78688,0.60954,0.23088,-0.29128,-0.76667,-1.5133,-2.3738,-3.132,-4.3731,-6.1059,-8.7576,-11.717,-16.764,-13.49,-9.2721,-5.4032,-2.7723,-1.2936,0.18595,1.2051,1.9186,2.2457,2.4704,2.4615,2.284,1.7719,0.92503,-0.32626,-1.6322,-4.0439,-7.7826,-12.415,-23.832,-13.141,-8.8587,-5.7089,-4.0513,-3.368,-3.3784,-4.0984,-5.8184,-7.9835,-12.947,-21.216,-15.876,-9.6973,-6.4927,-4.6963,-3.9926,-3.6207,-3.8125,-4.2898,-5.4026,-7.0736,-9.5562,-12.235,-18.418,-38.621,-18.891,-11.797,-7.7497,-5.545,-3.3237,-1.6395,-0.37481,0.31561,0.9313,1.2327,1.2733,1.1021,0.69546,0.2625,-0.4305,-1.179,-1.8868,-2.3315,-2.7032,-2.8039,-2.7203,-2.5111,-2.2878,-2.199,-2.247,-2.5091,-3.082,-3.6967,-4.7155,-5.914,-6.7992,-7.6271,-7.7152,-7.1896,-6.5284,-5.5219,-4.5462,-3.8672,-3.0292,-2.2627,-1.7407,-1.1449,-0.63812,-0.25948,-0.090743,-0.040574,-0.24602,-0.61794,-1.4928,-2.8506,-4.7077,-6.1206,-6.6854,-4.84,-2.9725,-0.78782,0.81488,1.6401,2.3045,2.4973,2.2388,1.7529,0.74025,-0.68083,-1.9992,-3.8461,-5.1384,-5.2403,-4.3507,-3.0072,-1.7325,-0.89657,0.05554,0.84625,1.3596,1.9637,2.4611,2.8255,2.9959,3.083,2.9419,2.6602,2.038,1.0728,0.084511,-1.5786,-3.6768,-6.0937,-7.864,-9.4633,-9.7476,-9.5417,-9.466,-10.004,-10.87,-12.235,-11.956,-9.2144,-6.7987,-4.0046,-1.7962,-0.50507,0.83138,1.7757,2.3758,2.6404,2.7577,2.6658,2.4923,2.2002,1.9384,1.8252,1.8266,1.9839,2.1958,2.3168,2.3101,2.016,1.5486,0.49353,-1.2519,-3.1941,-7.1348,-12.903,-10.77,-6.7201,-3.2355,-1.1963,-0.30363,0.2469,0.19355,-0.39929
4.199,4.0641,3.7503,3.3429,3.0092,2.541,2.0778,1.7521,1.312,0.8984,0.46246,0.13594,-0.30687,-0.77966,-1.1751,-1.7713,-2.4934,-3.1439,-4.2754,-5.7163,-7.5039,-8.9333,-10.148,-9.3671,-7.8271,-5.5761,-3.6527,-2.4708,-1.2131,-0.23678,0.46454,0.82562,1.1495,1.2328,1.1258,0.78377,0.16453,-0.77025,-1.697,-3.2355,-5.0092,-6.2602,-7.2374,-6.892,-6.0957,-4.9795,-4.2147,-3.9198,-4.0661,-4.7017,-5.8817,-7.0619,-8.756,-9.7578,-9.5388,-8.3455,-7.0428,-6.0948,-5.6419,-5.3754,-5.4857,-5.7836,-6.4466,-7.3936,-8.5737,-9.5122,-10.534,-10.706,-10.009,-8.366,-6.4495,-5.075,-3.4471,-2.0997,-1.0464,-0.43923,0.14317,0.45413,0.52384,0.4322,0.14962,-0.17488,-0.68582,-1.2315,-1.755,-2.0992,-2.4645,-2.6913,-2.7887,-2.9293,-3.1116,-3.4248,-3.8025,-4.5863,-5.7721,-6.9878,-9.2389,-12.467,-15.998,-23.371,-22.167,-16.303,-13.599,-11.042,-9.0456,-7.755,-6.2004,-4.7928,-3.8715,-2.8229,-2.0124,-1.4425,-1.2066,-1.1643,-1.4702,-1.9901,-3.1357,-5.02,-7.9755,-11.085,-13.297,-9.0457,-5.9229,-2.9901,-1.0175,0.041041,0.95127,1.4115,1.485,1.3615,0.9462,0.32693,-0.21006,-0.92402,-1.5379,-1.8897,-2.1801,-2.3057,-2.3309,-2.3036,-2.1656,-1.9,-1.599,-1.0827,-0.49634,0.073404,0.43433,0.7698,0.88676,0.81175,0.48278,-0.11893,-0.73731,-1.7676,-2.96,-4.2485,-5.2017,-6.4071,-7.5174,-8.3868,-9.652,-11.379,-13.262,-16.61,-17.43,-12.942,-9.6113,-6.2032,-3.6647,-2.1666,-0.57411,0.62474,1.5026,1.9777,2.4223,2.6832,2.7866,2.8463,2.8404,2.8279,2.7901,2.7322,2.6364,2.5072,2.2152,1.7188,1.1704,0.14261,-1.2987,-2.6806,-4.7693,-6.3805,-6.196,-5.1018,-3.5636,-2.4732,-2.0573,-2.0543,-2.6373,-3.8594
3.7473,3.807,3.7437,3.5149,3.2446,2.7604,2.1548,1.6238,0.84257,0.042661,-0.71583,-1.1847,-1.647,-1.926,-2.0468,-2.1586,-2.3045,-2.4836,-2.8276,-3.2738,-3.7274,-4.0123,-4.2115,-4.1222,-3.8643,-3.343,-2.718,-2.2503,-1.6079,-0.99297,-0.43895,-0.043999,0.35747,0.61942,0.71882,0.71408,0.53341,0.1822,-0.16331,-0.69111,-1.2249,-1.572,-1.8808,-1.984,-1.9636,-1.8882,-1.8389,-1.918,-2.0931,-2.5049,-3.0573,-3.5342,-4.1681,-4.6853,-4.9707,-5.1853,-5.3318,-5.4588,-5.5388,-5.7249,-5.9654,-6.1866,-6.4977,-6.8131,-7.0647,-7.1869,-7.147,-6.8157,-6.3536,-5.5016,-4.4525,-3.6246,-2.5336,-1.5383,-0.71965,-0.23425,0.20833,0.41134,0.399,0.1614,-0.30732,-0.78319,-1.5682,-2.4357,-3.2458,-3.7194,-4.0936,-4.1748,-4.1144,-3.9677,-3.9198,-4.0578,-4.3485,-5.0438,-6.1011,-7.1841,-9.1149,-11.546,-13.595,-15.969,-16.903,-16.568,-16.061,-15.084,-13.429,-11.727,-9.2859,-6.9773,-5.5031,-3.8634,-2.6164,-1.7352,-1.2769,-0.94362,-0.90612,-1.0527,-1.443,-1.9948,-2.5662,-2.8324,-2.814,-2.2449,-1.5779,-0.57517,0.35641,0.93326,1.5061,1.8442,1.9636,1.9084,1.6628,1.2478,0.85047,0.21569,-0.52625,-1.1453,-2.0475,-3.0633,-4.1949,-5.0994,-6.2393,-6.8575,-6.6978,-5.6691,-4.1941,-2.7564,-1.8414,-0.92645,-0.34573,-0.12479,-0.12481,-0.41871,-0.81393,-1.5557,-2.4863,-3.5546,-4.4194,-5.5303,-6.582,-7.2831,-8.0662,-8.6529,-8.9138,-8.9004,-8.306,-7.1264,-5.9983,-4.369,-2.7781,-1.6836,-0.42622,0.60556,1.4302,1.9036,2.371,2.6693,2.805,2.8888,2.9001,2.8759,2.8306,2.7767,2.71,2.6399,2.509,2.3051,2.08,1.6774,1.1832,0.77759,0.27463,-0.10095,-0.2841,-0.31792,-0.32257,-0.44496,-0.68788,-1.3032,-2.349,-3.9089
3.6973,3.9208,4.0423,3.9293,3.6737,3.1048,2.2456,1.3822,-0.045547,-1.8184,-3.706,-4.8894,-5.4846,-4.8209,-3.9468,-2.838,-2.0053,-1.5935,-1.2569,-1.1611,-1.2352,-1.3669,-1.5999,-1.87,-2.0746,-2.3521,-2.5642,-2.628,-2.5236,-2.1822,-1.577,-1.0483,-0.33983,0.3097,0.71717,1.0853,1.286,1.3502,1.3227,1.2251,1.0965,1.0005,0.91959,0.87894,0.8715,0.85786,0.80772,0.67352,0.5187,0.19696,-0.24765,-0.66185,-1.3006,-2.0251,-2.6139,-3.4651,-4.3364,-5.1747,-5.7754,-6.4405,-6.8843,-7.0787,-7.206,-7.2215,-7.156,-7.0372,-6.7413,-6.2125,-5.6593,-4.6983,-3.5847,-2.7119,-1.5708,-0.55477,0.29187,0.77546,1.1815,1.3091,1.2033,0.76119,-0.054402,-0.92775,-2.4968,-4.5596,-7.0241,-8.6637,-9.1853,-7.8065,-6.4832,-4.9903,-4.0082,-3.5097,-3.4141,-3.6121,-4.1624,-4.7934,-5.8724,-7.1935,-8.2825,-9.8902,-11.781,-14.224,-17.134,-25.968,-24.459,-16.149,-10.535,-7.0018,-5.0382,-3.0704,-1.6325,-0.616,-0.074511,0.41782,0.69661,0.81095,0.86232,0.87452,0.90136,0.97214,1.1434,1.4113,1.6799,2.0655,2.4453,2.6735,2.9256,3.0698,3.0908,2.9919,2.741,2.3312,1.9084,1.1809,0.2645,-0.56192,-1.899,-3.5726,-5.7564,-7.9282,-12.433,-22.967,-22.834,-11.867,-7.0895,-4.1026,-2.5316,-1.0268,-0.066324,0.35227,0.55633,0.38472,0.021822,-0.74629,-1.8432,-3.2134,-4.3739,-5.9961,-7.4507,-8.1421,-8.474,-8.1102,-7.5362,-6.5921,-5.56,-4.4493,-3.5948,-2.4146,-1.2712,-0.46515,0.51638,1.3483,2.002,2.3728,2.69,2.817,2.8004,2.6555,2.4371,2.2577,2.0834,2.0377,2.1376,2.2996,2.577,2.8703,3.069,3.279,3.4119,3.4695,3.4902,3.462,3.376,3.2629,3.0325,2.6522,2.2414,1.4955,0.46941,-0.8333
3.3364,3.826,4.227,4.3392,4.2151,3.734,2.8336,1.8431,-0.046624,-2.8932,-7.4899,-13.771,-18.223,-8.6593,-5.364,-2.7341,-1.1618,-0.418,0.15173,0.37176,0.29257,0.068984,-0.43656,-1.191,-1.947,-3.2282,-4.8279,-6.0919,-7.3592,-7.0167,-5.2463,-3.7413,-1.9127,-0.50712,0.27178,1.0037,1.4356,1.6384,1.6755,1.6388,1.5898,1.5924,1.6609,1.8122,1.9648,2.1788,2.3319,2.3837,2.3247,2.1117,1.6989,1.2564,0.47231,-0.5614,-1.5125,-3.0546,-4.9015,-7.0444,-8.7312,-10.504,-11.074,-10.744,-10.042,-9.5396,-9.4224,-9.5021,-9.647,-9.3281,-8.5029,-6.7157,-4.662,-3.1677,-1.3919,0.067799,1.2028,1.8343,2.3971,2.6122,2.5392,2.1124,1.2611,0.27491,-1.5658,-4.2753,-8.3102,-12.356,-13.554,-8.9012,-6.2973,-4.0244,-2.6331,-1.8638,-1.5802,-1.5145,-1.7614,-2.0999,-2.6873,-3.4346,-4.0787,-5.0198,-6.049,-7.1681,-7.9408,-8.4811,-7.9493,-6.8298,-4.9208,-3.0917,-1.8978,-0.61296,0.31955,0.9609,1.2623,1.5077,1.6415,1.7074,1.8049,1.9495,2.1577,2.3235,2.5788,2.811,2.9636,3.1361,3.2706,3.3618,3.4487,3.5023,3.4897,3.4356,3.2502,2.8956,2.4938,1.7614,0.78983,-0.097052,-1.4691,-3.0385,-4.6865,-5.9126,-7.3061,-7.9461,-7.583,-6.0264,-3.9667,-2.0116,-0.76776,0.52503,1.4162,1.8174,2.0209,1.8292,1.4255,0.51653,-0.86255,-2.8092,-4.7373,-8.3267,-13.792,-19.128,-15.811,-10.849,-8.5553,-6.4613,-4.9666,-3.7892,-2.9835,-1.9476,-0.91026,-0.1416,0.82665,1.6623,2.271,2.5653,2.6999,2.5206,2.1672,1.4223,0.40298,-0.42933,-1.3698,-1.6592,-1.0787,-0.26098,0.97436,2.1379,2.909,3.7835,4.4803,4.8992,5.3262,5.617,5.7713,5.7931,5.6792,5.4045,5.0778,4.4696,3.6728,2.6917
1.3123,2.1339,2.9419,3.4338,3.6013,3.5316,3.1216,2.591,1.5822,0.30147,-1.046,-1.8751,-2.3234,-1.9605,-1.4118,-0.64554,-0.068547,0.21229,0.34771,0.25804,-0.044999,-0.41527,-1.126,-2.1343,-3.1528,-4.9739,-7.6879,-10.785,-17.407,-15.953,-9.5474,-6.4569,-3.7691,-2.0204,-1.1663,-0.45906,-0.21345,-0.37111,-0.68892,-1.2703,-1.811,-1.9936,-1.7831,-1.0849,-0.41208,0.47497,1.2026,1.6973,1.8814,1.8887,1.6153,1.2214,0.4221,-0.72166,-1.8462,-3.7693,-6.365,-10.054,-14.141,-24.55,-21.827,-16.447,-13.235,-12.085,-12.342,-13.564,-17.382,-29.994,-21.583,-12.328,-7.5011,-4.9599,-2.4337,-0.52913,0.88236,1.6753,2.4231,2.8285,2.9175,2.7605,2.294,1.7509,0.78728,-0.3522,-1.4538,-2.1036,-2.492,-2.3215,-1.9956,-1.4947,-1.0854,-0.86795,-0.84619,-0.9979,-1.2993,-1.5873,-2.0122,-2.4066,-2.6569,-2.8855,-2.988,-2.9611,-2.8347,-2.5109,-1.9947,-1.4909,-0.75349,-0.048472,0.39211,0.79734,0.9443,0.80913,0.54328,-0.00067991,-0.61408,-0.98662,-1.1371,-0.84883,-0.27414,0.19646,0.72175,1.0561,1.1401,1.0884,0.90802,0.7899,0.70952,0.8159,1.0736,1.3096,1.5062,1.4717,1.245,0.6278,-0.40036,-1.4413,-3.1736,-5.1671,-7.0018,-7.792,-7.5676,-6.3809,-5.1895,-3.5218,-1.9108,-0.49001,0.4309,1.4219,2.1178,2.4404,2.5898,2.4177,2.0686,1.2898,0.13958,-1.4324,-2.9205,-5.2626,-7.7079,-8.94,-9.0648,-7.9898,-7.175,-6.4433,-6.1288,-6.0442,-5.909,-5.306,-4.0434,-2.8516,-1.2918,0.0087699,0.93319,1.3301,1.4521,1.0658,0.40678,-1.0655,-3.4599,-6.1814,-12.49,-20.7,-10.122,-6.1914,-2.8895,-0.64849,0.64165,2.0335,3.1648,3.8717,4.6599,5.2686,5.7033,5.914,6.0283,5.9555,5.7766,5.3686,4.7751,3.9858
-1.4105,-0.32803,0.87968,1.8019,2.3051,2.7456,2.9348,2.9098,2.704,2.3555,1.9249,1.6006,1.2197,0.90599,0.70223,0.41274,0.063643,-0.2515,-0.72255,-1.265,-1.8291,-2.2672,-2.8821,-3.5592,-4.1166,-4.9426,-5.8051,-6.357,-6.7415,-6.372,-5.3949,-4.5271,-3.3517,-2.4277,-1.9701,-1.7728,-2.0699,-2.9624,-4.1164,-6.525,-10.412,-14.03,-12.436,-7.5384,-4.9427,-2.5529,-0.96798,0.024467,0.4772,0.72466,0.63791,0.36179,-0.26918,-1.1876,-2.0574,-3.4686,-5.1459,-6.9907,-8.3798,-9.7957,-10.424,-10.403,-10.113,-9.9733,-10.131,-10.484,-11.017,-11.014,-10.214,-8.2768,-6.0389,-4.4394,-2.565,-1.0021,0.27229,1.0476,1.8292,2.3574,2.5884,2.6817,2.5496,2.3375,1.9116,1.4041,0.86968,0.49923,0.083762,-0.21455,-0.37587,-0.5747,-0.82208,-1.1633,-1.5232,-2.1565,-2.934,-3.5773,-4.3924,-4.8653,-4.8536,-4.3651,-3.5202,-2.5284,-1.7996,-0.9071,-0.12262,0.37232,0.89773,1.236,1.3336,1.209,0.74115,-0.18382,-1.2405,-3.3105,-6.4259,-9.5005,-11.729,-8.4368,-5.192,-3.5578,-2.2794,-1.7985,-1.9033,-2.6606,-4.0743,-5.4658,-6.8277,-6.1981,-4.181,-2.7589,-1.3356,-0.54263,-0.34904,-0.61962,-1.5046,-2.6283,-4.9153,-8.5451,-15.481,-30.254,-14.31,-8.3633,-5.7175,-3.2449,-1.4532,-0.10077,0.68906,1.5132,2.0705,2.3341,2.4779,2.4025,2.2001,1.7507,1.099,0.27187,-0.42829,-1.4119,-2.3434,-2.9693,-3.6454,-4.2646,-4.7969,-5.848,-7.6532,-10.889,-15.389,-20.41,-11.307,-7.2967,-3.8377,-1.6454,-0.26713,0.32707,0.61748,0.37045,-0.15665,-1.3156,-2.9482,-4.4043,-6.2896,-7.267,-6.8166,-5.9219,-4.6008,-3.2959,-2.3161,-1.0171,0.27713,1.202,2.3206,3.2721,4.0211,4.4419,4.8226,4.9771,4.9508,4.7308,4.2901,3.6339
-3.7104,-2.3225,-0.71548,0.62584,1.4517,2.3316,2.961,3.2796,3.513,3.5404,3.3771,3.1508,2.702,2.0839,1.5071,0.56991,-0.5447,-1.4922,-2.8011,-4.0282,-4.9674,-5.4042,-5.6523,-5.6721,-5.6204,-5.5347,-5.3657,-5.1597,-4.7234,-4.1204,-3.4014,-2.8289,-2.1164,-1.5853,-1.3384,-1.3132,-1.6739,-2.4686,-3.4081,-5.154,-7.2133,-8.3185,-7.8528,-5.7573,-4.133,-2.3508,-1.0709,-0.24055,0.1399,0.35861,0.28047,0.051022,-0.4526,-1.1508,-1.7775,-2.7,-3.68,-4.6275,-5.2199,-5.854,-6.2535,-6.4068,-6.4682,-6.4194,-6.3527,-6.2649,-6.0873,-5.7634,-5.375,-4.675,-3.7805,-3.0445,-1.9923,-0.93466,0.068162,0.75864,1.5519,2.1628,2.4825,2.7185,2.7395,2.6173,2.3152,1.871,1.335,0.92091,0.38246,-0.1057,-0.4129,-0.78746,-1.192,-1.726,-2.2795,-3.3335,-4.9403,-6.6714,-10.013,-14.181,-13.908,-9.2953,-5.5721,-2.9333,-1.4517,0.066906,1.1847,1.8022,2.3699,2.6637,2.6991,2.4839,1.9282,0.9752,-0.058342,-1.9331,-4.4085,-6.381,-7.5587,-6.0411,-3.9285,-2.7246,-1.7608,-1.5582,-1.8903,-3.0969,-5.4211,-8.2279,-13,-10.714,-5.8765,-3.4441,-1.3,-0.049715,0.43087,0.57331,0.22218,-0.34627,-1.4255,-2.7274,-3.8695,-4.2844,-3.9435,-2.9188,-2.0168,-0.86049,0.10838,0.88538,1.3525,1.8223,2.1563,2.3195,2.4378,2.4372,2.3661,2.178,1.891,1.5278,1.218,0.77472,0.30883,-0.065638,-0.57068,-1.1697,-1.7084,-2.6086,-3.7825,-5.1456,-6.0099,-6.1441,-4.7501,-3.2455,-1.3615,0.11673,1.1153,1.5714,1.8092,1.6563,1.3015,0.55414,-0.45448,-1.3303,-2.5632,-3.8008,-5.0128,-5.9019,-6.9609,-7.4616,-7.0855,-5.5453,-3.4948,-1.9787,-0.20199,1.2496,2.3877,3.0427,3.6797,4.0615,4.1839,4.1345,3.8431,3.3191
-5.6252,-3.951,-1.9812,-0.29237,0.82047,2.0788,3.0691,3.6489,4.1798,4.4391,4.4382,4.2546,3.7551,2.9422,2.0938,0.61002,-1.3778,-3.2686,-6.5214,-10.571,-13.69,-13.116,-10.905,-9.3115,-8.5938,-7.9392,-7.3106,-6.6918,-5.5812,-4.3433,-3.0692,-2.1668,-1.1962,-0.46888,-0.1074,0.17165,0.18629,-0.039293,-0.31832,-0.76961,-1.1743,-1.3511,-1.3134,-1.0139,-0.67791,-0.21362,0.16239,0.40294,0.45229,0.36899,0.088801,-0.23399,-0.80868,-1.5321,-2.1593,-3.043,-3.9018,-4.6223,-5.008,-5.2804,-5.2362,-5.0572,-4.7202,-4.3463,-4.0364,-3.858,-3.7138,-3.6635,-3.6846,-3.7325,-3.6921,-3.5209,-2.9779,-2.0544,-0.89989,-0.017619,1.0667,1.9228,2.388,2.7481,2.8071,2.6435,2.1791,1.4406,0.4952,-0.30163,-1.319,-2.0955,-2.4156,-2.4779,-2.3123,-2.2155,-2.3096,-2.7763,-3.7479,-4.8472,-6.7232,-8.2824,-7.9694,-5.661,-2.9852,-0.77695,0.55626,1.9497,2.9803,3.56,4.0999,4.4023,4.4868,4.4181,4.1433,3.693,3.2489,2.569,1.8989,1.5039,1.2164,1.2476,1.4757,1.6834,1.8548,1.8155,1.6203,1.1559,0.54933,0.12558,-0.13863,0.12603,0.85946,1.5395,2.378,3.0162,3.3239,3.503,3.425,3.2347,2.8508,2.398,1.9791,1.7401,1.5391,1.4812,1.4921,1.5315,1.5652,1.5767,1.576,1.5619,1.5762,1.6016,1.6557,1.7057,1.7327,1.7358,1.7118,1.6665,1.6205,1.5668,1.5117,1.4892,1.4332,1.3689,1.2936,1.1771,1.0717,1.0289,1.1021,1.3834,1.8785,2.3493,2.9992,3.5708,3.9694,4.1243,4.1076,3.8276,3.4486,2.7199,1.741,0.83872,-0.58591,-2.3328,-4.5763,-6.8169,-11.234,-21.206,-23.454,-11.599,-6.6927,-4.2775,-1.9001,-0.15858,1.1583,1.9352,2.7154,3.2545,3.502,3.6208,3.5073,3.1475
-7.4193,-6.0666,-4.0648,-1.9982,-0.53506,1.1891,2.6109,3.4506,4.2727,4.7706,4.9441,4.8553,4.4507,3.6962,2.8758,1.3989,-0.58999,-2.5055,-5.7548,-9.7176,-12.771,-12.657,-11.257,-10.704,-11.128,-12.729,-14.566,-13.769,-10.098,-6.5399,-3.8962,-2.4417,-0.94809,0.11296,0.65787,1.1208,1.336,1.3452,1.2634,1.0959,0.89308,0.751,0.59972,0.49252,0.43354,0.33974,0.19758,-0.024299,-0.26193,-0.6911,-1.2345,-1.7252,-2.5003,-3.4372,-4.2615,-5.5929,-7.1188,-8.6422,-9.4722,-9.3715,-8.0667,-6.8151,-5.2751,-4.106,-3.302,-2.9779,-2.9007,-3.2752,-3.9021,-5.2771,-7.3819,-9.1595,-9.8504,-7.1887,-3.9732,-2.0199,-0.052594,1.3041,1.9858,2.4816,2.5346,2.2985,1.5646,0.33054,-1.528,-3.4465,-6.8941,-10.689,-10.966,-7.7673,-4.8981,-2.9965,-2.0644,-1.2995,-0.91513,-0.78638,-0.65331,-0.4156,-0.073748,0.62165,1.5008,2.3982,3.0266,3.756,4.3339,4.6703,5.0012,5.2052,5.2911,5.3268,5.2925,5.1974,5.1012,4.9592,4.8238,4.7404,4.6687,4.65,4.671,4.6886,4.6906,4.6678,4.6192,4.538,4.4668,4.4445,4.4915,4.6513,4.8986,5.1196,5.4126,5.6445,5.7615,5.8106,5.7307,5.5974,5.3208,4.9558,4.5232,4.164,3.6293,3.0342,2.5425,1.794,0.96407,0.088312,-0.5418,-1.193,-1.549,-1.5864,-1.43,-1.1558,-0.95679,-0.73824,-0.57508,-0.4311,-0.29434,-0.037513,0.34117,0.70293,1.234,1.8106,2.2416,2.7908,3.3154,3.8174,4.1814,4.6559,5.104,5.4065,5.7514,5.9869,6.0839,6.0434,5.8228,5.397,4.9422,4.1479,3.1473,2.2613,0.89454,-0.66883,-2.3939,-3.7595,-5.4724,-6.6252,-6.8349,-6.1333,-4.8553,-3.8194,-2.5514,-1.4193,-0.44555,0.21036,0.98165,1.6111,1.982,2.3114,2.4156,2.2631
