-9.2401,-8.2161,-6.9213,-5.7528,-4.9638,-4.0269,-3.2102,-2.6667,-2.0197,-1.4473,-0.94002,-0.59508,-0.17351,0.20539,0.46816,0.79416,1.0864,1.2853,1.5209,1.7121,1.8577,1.9318,1.9802,1.9666,1.9142,1.7871,1.5956,1.4062,1.0909,0.70202,0.23713,-0.15806,-0.74773,-1.4032,-1.9355,-2.6916,-3.4835,-4.2862,-4.8638,-5.5522,-6.0659,-6.2855,-6.3309,-6.1123,-5.8066,-5.2806,-4.6879,-4.0889,-3.665,-3.1553,-2.7255,-2.4631,-2.1947,-2.0167,-1.9431,-1.9237,-1.9946,-2.1567,-2.3362,-2.6461,-3.0376,-3.3784,-3.8814,-4.4345,-5.0336,-5.5162,-6.2119,-6.9468,-7.5131,-8.2879,-9.071,-9.6479,-10.4,-11.098,-11.708,-12.079,-12.39,-12.416,-12.224,-11.691,-10.922,-10.214,-9.1555,-8.0227,-6.8605,-5.9887,-4.8439,-3.7345,-2.9293,-1.8972,-0.91235,0.028031,0.70526,1.5769,2.4143,3.0213,3.808,4.5679,5.1223,5.8376,6.52,7.1669,7.6262,8.1988,8.7233,9.0823,9.5149,9.8917,10.136,10.408,10.619,10.767,10.836,10.872,10.845,10.78,10.638,10.43,10.155,9.9038,9.5086,9.0417,8.6451,8.0517,7.3828,6.8288,6.0173,5.1195,4.1343,3.3367,2.1869,0.9352,-0.07573,-1.5213,-3.076,-4.3147,-6.0625,-7.9182,-9.8835,-11.417,-13.527,-15.643,-17.194,-19.383,-21.97,-25.386,-28.639,-32.046,-28.677,-25.097,-21.235,-18.087,-16.045,-13.64,-11.582,-9.8222,-8.6646,-7.2785,-6.0472,-5.2003,-4.1431,-3.1564,-2.4458,-1.5267,-0.63529,0.22938,0.86217,1.6948,2.52,3.1307,3.9328,4.7196,5.486,6.0417,6.7513,7.4178,7.8859,8.4606,8.9737,9.3166,9.7165,10.048,10.308,10.455,10.586,10.646,10.644,10.581,10.453,10.315,10.084,9.8008,9.4715,9.1982,8.8047,8.3892,8.0684,7.634,7.1958,6.7557
-11.352,-9.62,-7.5812,-5.8969,-4.8606,-3.7665,-2.9928,-2.6163,-2.3851,-2.4682,-2.8707,-3.3779,-4.2879,-5.2882,-5.8276,-5.7514,-4.609,-3.3565,-1.6214,-0.071041,1.2092,1.989,2.8054,3.3835,3.6747,3.8861,3.912,3.8193,3.5568,3.1487,2.6093,2.131,1.4158,0.64105,0.045762,-0.72842,-1.4313,-2.0127,-2.3433,-2.6239,-2.717,-2.6722,-2.4797,-2.1594,-1.8517,-1.3735,-0.83824,-0.26675,0.17336,0.75752,1.32,1.7166,2.1979,2.6101,2.8664,3.1296,3.2943,3.3522,3.3225,3.1812,2.9222,2.6503,2.177,1.5739,0.83678,0.18983,-0.80655,-1.9712,-2.9669,-4.4724,-6.2082,-7.6768,-9.8492,-12.171,-14.197,-14.966,-14.54,-13.095,-11.851,-10.236,-8.7335,-7.6679,-6.3152,-5.0434,-3.8612,-3.0346,-2.0353,-1.1646,-0.60293,0.0099575,0.44824,0.693,0.7387,0.60161,0.24904,-0.11711,-0.58985,-0.67866,-0.20423,1.2288,3.2035,5.2755,6.7483,8.5357,10.107,11.151,12.373,13.417,14.093,14.861,15.489,15.986,16.277,16.563,16.736,16.795,16.783,16.671,16.462,16.245,15.876,15.419,15.021,14.417,13.735,13.175,12.366,11.493,10.561,9.8292,8.8173,7.7739,6.9784,5.9093,4.8431,4.0531,3.021,2.0209,1.0605,0.3715,-0.50739,-1.3349,-1.9246,-2.6686,-3.361,-3.9893,-4.4042,-4.8674,-5.2369,-5.4546,-5.6612,-5.7448,-5.7108,-5.531,-5.2011,-4.707,-4.2224,-3.4277,-2.4771,-1.6797,-0.5323,0.67979,1.6096,2.8541,4.0858,5.29,6.1701,7.3083,8.3993,9.184,10.184,11.128,12.012,12.636,13.41,14.118,14.602,15.184,15.691,16.02,16.391,16.683,16.897,17.007,17.086,17.093,17.053,16.942,16.771,16.607,16.346,16.043,15.704,15.431,15.045,14.638,14.321,13.884,13.43,12.956
-6.4279,-5.6005,-4.5229,-3.5179,-2.8415,-2.0787,-1.485,-1.1644,-0.91651,-0.87647,-1.0439,-1.2921,-1.7394,-2.2206,-2.4953,-2.5642,-2.1693,-1.5952,-0.6191,0.40273,1.3264,1.9138,2.5233,2.9205,3.076,3.0905,2.8807,2.571,1.9451,1.0491,-0.15278,-1.2856,-3.1786,-5.6531,-8.072,-12.61,-20.568,-22.741,-16.654,-12.507,-10.326,-9.3906,-8.785,-8.7834,-9.1353,-10.01,-11.108,-11.629,-10.98,-8.8836,-6.411,-4.6965,-2.7218,-1.0976,-0.081934,1.0317,1.899,2.5448,2.8931,3.1935,3.3167,3.2989,3.1363,2.82,2.3549,1.9117,1.2009,0.35992,-0.34888,-1.3989,-2.5612,-3.5084,-4.8799,-6.395,-8.1051,-9.5845,-11.975,-15.189,-18.57,-23.871,-20.004,-15.718,-11.595,-8.5595,-6.1925,-4.7308,-3.0888,-1.7268,-0.85902,0.11108,0.88513,1.4637,1.7687,2.0079,2.066,2.0091,1.859,1.7464,1.8125,2.2846,3.2857,4.6974,5.8851,7.4832,8.9899,10.026,11.266,12.34,13.037,13.831,14.475,14.977,15.264,15.531,15.671,15.697,15.627,15.442,15.146,14.852,14.368,13.78,13.271,12.506,11.643,10.934,9.9095,8.7969,7.6043,6.6644,5.3665,4.0444,3.0616,1.8202,0.72663,0.045763,-0.63952,-1.073,-1.3061,-1.3921,-1.4488,-1.493,-1.5523,-1.6878,-1.9078,-2.2124,-2.4993,-2.9782,-3.5952,-4.1804,-5.1489,-6.3692,-7.4932,-9.4227,-12.138,-16.424,-22.271,-28.25,-17.25,-13.34,-9.8963,-7.3927,-5.8266,-3.9513,-2.1856,-0.44924,0.85009,2.5689,4.2478,5.4614,6.9924,8.4115,9.7065,10.592,11.656,12.581,13.186,13.871,14.419,14.74,15.052,15.23,15.276,15.224,15.043,14.736,14.426,13.915,13.302,12.788,12.051,11.29,10.552,10.046,9.4697,9.0308,8.7916,8.5696,8.4219,8.2997
-4.8574,-4.3522,-3.7006,-3.0777,-2.6458,-2.1233,-1.6677,-1.3739,-1.0446,-0.78519,-0.58261,-0.45715,-0.30763,-0.16066,-0.038501,0.15432,0.38396,0.57769,0.85383,1.1298,1.3828,1.5444,1.7079,1.7903,1.7919,1.7043,1.502,1.2715,0.85316,0.31035,-0.34587,-0.89553,-1.678,-2.4752,-3.0458,-3.7196,-4.2468,-4.6162,-4.8071,-4.9925,-5.1564,-5.2907,-5.5215,-5.844,-6.1493,-6.61,-7.0352,-7.2474,-7.1309,-6.5202,-5.4851,-4.5571,-3.2944,-2.1167,-1.3248,-0.40967,0.34828,0.94816,1.2998,1.6436,1.8513,1.9227,1.9092,1.7772,1.5319,1.2772,0.85195,0.33551,-0.10727,-0.76426,-1.4927,-2.0776,-2.8947,-3.734,-4.5719,-5.1861,-5.9508,-6.5983,-6.9714,-7.2648,-7.2836,-7.0974,-6.6056,-5.8917,-5.0625,-4.4107,-3.5441,-2.6963,-2.0804,-1.2921,-0.55321,0.13547,0.61842,1.222,1.788,2.1976,2.7366,3.2857,3.7139,4.3171,4.9653,5.6587,6.2029,6.946,7.6876,8.229,8.9122,9.5334,9.9484,10.424,10.801,11.073,11.204,11.278,11.237,11.128,10.882,10.521,10.045,9.6154,8.9489,8.1786,7.5348,6.5904,5.5492,4.702,3.4742,2.1152,0.59094,-0.69416,-2.6686,-5.0735,-7.3055,-11.261,-17.443,-22.949,-17.166,-12.23,-9.3206,-7.8205,-6.3551,-5.3063,-4.7246,-4.1773,-3.843,-3.679,-3.6415,-3.6925,-3.8528,-4.04,-4.3752,-4.7865,-5.1398,-5.6681,-6.2245,-6.7228,-7.0359,-7.3703,-7.6606,-7.8977,-8.3575,-9.1575,-10.14,-12.36,-16.734,-22.157,-15.484,-8.5997,-4.1093,-1.5373,1.2433,3.4938,5.352,6.537,7.8782,8.9772,9.6561,10.383,10.915,11.191,11.398,11.42,11.255,11.004,10.492,9.7621,9.0574,7.8825,6.392,5.0169,2.7291,-0.32278,-4.7566,-10.082,-18.699,-9.0139,-5.3404,-2.4652,-0.73954,0.31161
-4.0282,-3.4386,-2.783,-2.2591,-1.9447,-1.6214,-1.3927,-1.2765,-1.1768,-1.1252,-1.0933,-1.0651,-1.0059,-0.90093,-0.77953,-0.55576,-0.26679,-0.016775,0.34418,0.7124,1.0602,1.2956,1.5557,1.7422,1.8265,1.863,1.8116,1.7177,1.5276,1.27,0.96117,0.7068,0.35075,-0.016283,-0.28628,-0.62218,-0.91708,-1.1595,-1.3078,-1.4634,-1.5721,-1.6216,-1.6441,-1.6307,-1.5946,-1.5119,-1.3816,-1.208,-1.0442,-0.77922,-0.45922,-0.18774,0.20214,0.60228,0.89092,1.2471,1.5576,1.8144,1.9677,2.1188,2.2081,2.2356,2.2185,2.1391,1.9939,1.8422,1.5841,1.2571,0.96675,0.51961,0.007764,-0.41297,-1.0118,-1.6482,-2.3125,-2.8227,-3.4963,-4.131,-4.5593,-5.0383,-5.3671,-5.5026,-5.5207,-5.362,-5.0662,-4.7777,-4.3265,-3.8118,-3.3925,-2.8139,-2.2306,-1.6492,-1.2105,-0.61648,-0.0038115,0.47148,1.1252,1.8011,2.3201,3.0214,3.7283,4.4357,4.9622,5.649,6.3097,6.7813,7.3668,7.8901,8.2334,8.6143,8.8939,9.0617,9.1068,9.0506,8.8539,8.6107,8.1516,7.5354,6.7593,6.0744,5.0329,3.8624,2.9228,1.6344,0.38106,-0.48002,-1.4673,-2.2476,-2.8585,-3.25,-3.7374,-4.208,-4.5396,-4.91,-5.1404,-5.1844,-5.0561,-4.7704,-4.4171,-4.1625,-3.8686,-3.6336,-3.5006,-3.3851,-3.3446,-3.3499,-3.3603,-3.3546,-3.2964,-3.2046,-3.0172,-2.7684,-2.5653,-2.2809,-1.9903,-1.6879,-1.4615,-1.1827,-0.93351,-0.75909,-0.53392,-0.30849,-0.12557,0.15888,0.52682,1.031,1.534,2.3837,3.4059,4.2469,5.4047,6.543,7.6121,8.3491,9.2259,9.9669,10.429,10.914,11.246,11.393,11.447,11.336,11.055,10.732,10.147,9.3856,8.7021,7.648,6.4475,5.4682,4.107,2.7693,1.586,0.88342,0.2785,0.060615,0.08808,0.25636,0.44885,0.569
-0.83959,-0.44963,-0.10248,0.059036,0.058735,-0.10564,-0.45706,-0.84521,-1.5089,-2.3351,-3.2847,-4.0252,-4.915,-5.413,-5.364,-4.71,-3.6233,-2.7082,-1.5161,-0.43215,0.49549,1.0838,1.7186,2.1858,2.4254,2.6041,2.6375,2.5747,2.3886,2.0956,1.7145,1.3807,0.88713,0.36267,-0.026165,-0.49846,-0.88168,-1.1378,-1.2369,-1.2462,-1.1268,-0.97022,-0.69569,-0.37371,-0.10677,0.2628,0.64063,1.0064,1.2664,1.5766,1.8356,1.9917,2.1518,2.267,2.3169,2.3422,2.3254,2.2795,2.233,2.1731,2.1324,2.1237,2.1441,2.198,2.2595,2.2957,2.3071,2.2474,2.1419,1.9028,1.5377,1.1726,0.55394,-0.22789,-1.1877,-2.0338,-3.3361,-4.836,-6.0991,-7.9214,-9.6711,-10.623,-10.907,-10.132,-8.9122,-8.0193,-6.9927,-6.1624,-5.6631,-5.1619,-4.8329,-4.6169,-4.4635,-4.1723,-3.6977,-3.2009,-2.3791,-1.4285,-0.6803,0.31916,1.2868,2.2093,2.8724,3.72,4.5338,5.1253,5.8833,6.5935,7.0836,7.6617,8.1295,8.4636,8.6123,8.6573,8.5127,8.269,7.7459,6.9765,5.9288,4.9389,3.2946,1.1797,-0.82756,-4.3703,-9.8033,-17.057,-17.591,-10.058,-6.5078,-4.8535,-3.3639,-2.3632,-1.8225,-1.2937,-0.9292,-0.73376,-0.54582,-0.42547,-0.39397,-0.44931,-0.66337,-1.0512,-1.4678,-2.2102,-3.2228,-4.5178,-5.6525,-7.156,-7.9409,-7.5481,-5.9414,-3.9494,-2.5338,-0.87461,0.53371,1.7343,2.5102,3.3947,4.1415,4.6371,5.2324,5.7671,6.1357,6.599,7.0518,7.5139,7.8805,8.4056,8.968,9.4098,10.014,10.625,11.226,11.66,12.2,12.677,12.981,13.303,13.512,13.585,13.561,13.387,13.057,12.705,12.092,11.314,10.624,9.5673,8.3646,7.3829,6.0084,4.6318,3.3719,2.5889,1.8741,1.5824,1.605,1.8375,2.1553,2.4374
2.4865,2.498,2.3637,2.058,1.7097,1.0802,0.24123,-0.54631,-1.8341,-3.4675,-5.5588,-7.5479,-11.026,-15.304,-15.906,-11.67,-7.7511,-5.5267,-3.2422,-1.5054,-0.16936,0.62367,1.4352,2.0074,2.2947,2.4947,2.4761,2.3153,1.9066,1.2668,0.39613,-0.40918,-1.6693,-3.1057,-4.2621,-5.8212,-7.1754,-7.962,-8.0166,-7.4401,-6.4039,-5.5014,-4.2831,-3.1277,-2.3236,-1.3528,-0.51335,0.19161,0.6397,1.126,1.4683,1.6256,1.6851,1.5731,1.3739,0.95072,0.3314,-0.4778,-1.1881,-2.1805,-2.9933,-3.2587,-2.9538,-2.0309,-0.86825,-0.025915,0.93028,1.6423,2.0092,2.2776,2.292,2.1351,1.6997,1.0099,0.058846,-0.83132,-2.294,-4.1229,-5.7824,-8.3754,-11.176,-12.727,-12.76,-11.201,-9.5437,-8.5141,-7.4846,-6.8562,-6.6783,-6.8967,-7.719,-9.2925,-11.174,-15.279,-20.082,-16.506,-10.904,-7.3858,-5.5878,-3.9113,-2.82,-2.145,-1.8074,-1.4021,-0.80217,-0.10082,1.1723,2.6535,3.7664,5.131,6.2863,7.1969,7.7127,8.1777,8.3898,8.3837,8.1562,7.6798,6.9599,6.267,5.1519,3.8513,2.7931,1.359,0.072381,-0.65813,-1.195,-1.2776,-1.0621,-0.79877,-0.40128,0.015999,0.33256,0.74769,1.1311,1.3819,1.6476,1.8217,1.9006,1.8946,1.7652,1.4479,1.067,0.37018,-0.57181,-1.7937,-2.8968,-4.4246,-5.3109,-4.9635,-3.2811,-1.1559,0.35439,2.1207,3.6157,4.8593,5.6412,6.5023,7.1983,7.6316,8.0987,8.4502,8.653,8.8622,9.0279,9.1805,9.3009,9.4878,9.731,9.9645,10.356,10.841,11.405,11.861,12.482,13.08,13.493,13.971,14.341,14.531,14.659,14.627,14.423,14.151,13.618,12.871,12.156,10.969,9.4716,8.0977,5.8269,2.8186,-1.5417,-6.9062,-23.68,-6.5895,-2.4368,0.72371,2.6373,3.8387
4.0064,3.6893,3.1377,2.4565,1.8563,0.94813,-0.080011,-0.92741,-2.1403,-3.3898,-4.5771,-5.3349,-6.0448,-6.3367,-6.247,-5.7301,-4.8713,-4.0748,-2.9125,-1.7529,-0.69381,-0.00062937,0.75911,1.312,1.5898,1.7647,1.6887,1.4538,0.87669,-0.033794,-1.3156,-2.5501,-4.6119,-7.3034,-9.9233,-14.674,-22.149,-28.774,-23.469,-19.171,-16.173,-13.978,-11.122,-8.5226,-6.8133,-4.8977,-3.3943,-2.2663,-1.6305,-1.0119,-0.61348,-0.42959,-0.3449,-0.44704,-0.65528,-1.1503,-1.9454,-3.1425,-4.396,-6.7623,-10.178,-12.737,-11.114,-6.7855,-3.4734,-1.6264,0.20702,1.4963,2.1794,2.7745,3.0455,3.0557,2.8318,2.3524,1.6395,0.96043,-0.12889,-1.3529,-2.3095,-3.5548,-4.6825,-5.3739,-6.0227,-6.3129,-6.2508,-5.9904,-5.491,-5.016,-4.7994,-4.7484,-4.9055,-5.23,-5.5771,-6.0433,-6.1275,-5.803,-4.9806,-4.0532,-3.4788,-3.0471,-3.1291,-3.9107,-5.1431,-8.1466,-14.171,-15.902,-7.6216,-2.4552,0.19565,2.8069,4.7133,6.1128,6.8966,7.6458,8.1064,8.2796,8.3034,8.1139,7.7235,7.3094,6.6232,5.8108,5.1372,4.1728,3.1466,2.3501,1.2694,0.18092,-0.88488,-1.6155,-2.3555,-2.6268,-2.4499,-1.7932,-0.86516,-0.12485,0.78399,1.5138,2.0572,2.3605,2.645,2.7955,2.8281,2.8097,2.7539,2.7202,2.7362,2.849,3.0931,3.3834,3.9211,4.5824,5.1177,5.8463,6.5418,7.1581,7.54,7.9472,8.2369,8.3675,8.4116,8.307,8.1369,7.7839,7.2887,6.6503,6.0842,5.2571,4.4909,4.122,4.1589,4.9257,6.228,7.3529,8.8538,10.234,11.156,12.216,13.075,13.59,14.11,14.439,14.573,14.545,14.338,13.939,13.521,12.813,11.946,11.198,10.098,8.9461,7.8774,7.2333,6.7073,6.5858,6.6847,6.9369,7.2148,7.4254
4.794,4.2369,3.3891,2.3946,1.5298,0.22363,-1.2643,-2.5161,-4.3678,-6.4248,-8.5868,-10.015,-11.069,-10.761,-9.8359,-8.2475,-6.5929,-5.4383,-4.0111,-2.6837,-1.4402,-0.57355,0.47302,1.3406,1.8357,2.2644,2.4237,2.3748,2.0783,1.5108,0.63039,-0.26387,-1.7914,-3.6566,-5.2131,-7.4163,-9.7638,-12.154,-14.052,-16.718,-17.522,-15.253,-11.507,-8.5081,-6.7702,-4.9921,-3.718,-2.8421,-2.4339,-2.2058,-2.2659,-2.408,-2.6161,-2.7303,-2.6882,-2.4507,-2.1035,-1.7347,-1.4841,-1.1465,-0.73784,-0.33434,0.37244,1.2553,2.225,2.9445,3.8234,4.5539,4.9783,5.3524,5.5036,5.4753,5.2452,4.7858,4.0842,3.4021,2.2752,0.88237,-0.39206,-2.4875,-5.1748,-7.6839,-11.604,-13.49,-10.558,-7.9506,-5.2552,-3.3612,-2.3037,-1.2045,-0.35886,0.26251,0.62544,1.0573,1.4667,1.7442,2.0472,2.28,2.4247,2.5585,2.5887,2.5088,2.4092,2.3186,2.4105,2.6833,3.3469,4.2581,5.0193,6.0357,6.968,7.7558,8.2323,8.7031,8.9837,9.0731,9.0453,8.8621,8.5269,8.1815,7.5977,6.8814,6.2647,5.3285,4.2385,3.2886,1.7879,-0.097456,-2.6235,-5.2461,-10.842,-20.766,-12.96,-6.4646,-2.9858,-1.2347,0.46172,1.6523,2.4369,2.7967,3.0502,3.1434,3.1484,3.1316,3.1684,3.3548,3.6243,4.1415,4.7919,5.3211,6.0413,6.7328,7.2134,7.7851,8.2557,8.593,8.759,8.8675,8.8367,8.7048,8.3793,7.8934,7.4167,6.5973,5.5224,4.1323,2.8181,0.54758,-2.7503,-6.6071,-13.602,-6.3275,-0.43329,2.552,5.5637,7.9011,9.3497,10.959,12.263,13.066,13.929,14.572,15.007,15.207,15.315,15.262,15.125,14.828,14.423,14.066,13.544,13.007,12.497,12.152,11.761,11.455,11.273,11.088,10.934,10.776
3.9574,3.3064,2.3418,1.2293,0.29415,-1.1112,-2.7047,-4.0562,-6.1527,-8.8475,-12.487,-15.776,-18.252,-15.983,-13.938,-11.892,-10.312,-9.2033,-7.6123,-5.8026,-3.8588,-2.4224,-0.63171,0.93257,1.9148,2.9458,3.6758,4.0395,4.2747,4.2477,3.965,3.6014,2.9551,2.2,1.5673,0.62371,-0.36111,-1.2231,-1.7206,-2.1831,-2.4487,-2.4893,-2.2945,-1.8895,-1.5657,-1.2785,-1.2495,-1.4463,-1.7761,-2.5847,-4.064,-5.8178,-9.5313,-15.608,-15.747,-9.2048,-4.8984,-2.0447,-0.46125,1.1664,2.4391,3.2421,4.1641,4.9625,5.6601,6.1178,6.6409,7.0671,7.3184,7.5444,7.6338,7.6096,7.4459,7.1149,6.6049,6.1091,5.2658,4.1928,3.2297,1.7727,0.16372,-1.0571,-2.4131,-2.9667,-2.3783,-1.4587,-0.1454,0.9848,1.7311,2.6738,3.5052,4.1522,4.5525,5.0199,5.4091,5.6509,5.9159,6.1298,6.2632,6.4031,6.4997,6.5743,6.6299,6.705,6.8095,6.9244,7.1441,7.4317,7.6733,8.0082,8.3341,8.6262,8.8046,8.9612,9.0008,8.9405,8.7312,8.3815,7.9125,7.4934,6.8688,6.1936,5.6775,5.0127,4.386,3.9185,3.2865,2.6481,2.0141,1.5884,1.177,1.0614,1.2364,1.7867,2.5204,3.0251,3.5051,3.7539,3.7642,3.5375,2.8832,1.8127,0.71734,-1.1578,-3.1348,-3.6306,-2.3672,0.16182,2.4967,3.9529,5.5166,6.706,7.3985,8.0891,8.5319,8.7546,8.7955,8.6948,8.388,8.0218,7.3979,6.6199,5.9302,4.8676,3.7072,2.5163,1.6686,0.67506,-0.09424,-0.39539,-0.21572,0.72205,2.2622,3.6208,5.5082,7.3403,8.6338,10.202,11.567,12.455,13.443,14.209,14.774,15.076,15.324,15.403,15.351,15.134,14.772,14.426,13.891,13.298,12.68,12.228,11.692,11.301,11.134,11.08,11.159,11.295
0.46698,-0.31442,-1.4347,-2.5333,-3.2581,-4.1343,-4.861,-5.3414,-5.9099,-6.4885,-7.2054,-7.8093,-8.5184,-9.0514,-9.5032,-10.803,-13.579,-17.651,-34.452,-15.525,-8.4351,-4.9892,-1.6712,0.71421,2.0995,3.5762,4.7117,5.3498,5.903,6.1676,6.2105,6.1372,5.8963,5.4885,5.0842,4.4699,3.8136,3.1394,2.6491,2.0515,1.5396,1.2118,0.85628,0.65908,0.60849,0.60989,0.55858,0.3732,0.14321,-0.26602,-0.83587,-1.3862,-2.1367,-2.5284,-2.323,-1.3988,-0.10548,1.2372,2.1645,3.2533,4.1207,4.6494,5.2195,5.674,6.048,6.2902,6.5728,6.8251,7.0012,7.2194,7.4127,7.518,7.588,7.5673,7.4319,7.2537,6.8995,6.4469,6.0705,5.5455,4.9721,4.5465,4.0756,3.794,3.7008,3.7119,3.7939,3.9651,4.1719,4.517,4.8476,5.1376,5.3628,5.6534,5.8758,6.0173,6.2163,6.4085,6.5101,6.5743,6.5605,6.5067,6.4371,6.3017,6.1247,5.981,5.8077,5.7122,5.7226,5.8514,6.0817,6.3584,6.5599,6.7633,6.8299,6.756,6.4358,5.8106,4.8819,4.0013,2.6105,1.0968,0.12003,-0.53319,-0.2301,0.41191,1.4075,2.3259,3.0857,3.5701,4.1271,4.6033,4.8954,5.2037,5.4945,5.6941,5.8283,5.7371,5.4291,5.0428,4.2567,3.1127,2.0113,0.28447,-1.42,-1.9868,-1.0677,1.0346,3.0398,4.2901,5.6044,6.5523,7.0592,7.4804,7.629,7.5405,7.3326,6.8528,6.1309,5.4683,4.4421,3.1843,2.1095,0.57173,-1.085,-2.8899,-4.3473,-6.3329,-7.8594,-8.041,-6.5977,-4.02,-1.2796,0.65362,3.0195,5.1359,6.5603,8.2313,9.6533,10.571,11.597,12.396,12.995,13.318,13.579,13.645,13.564,13.28,12.784,12.266,11.354,10.143,8.6012,7.2384,5.2877,3.7802,3.5841,4.704,6.4136,7.9928
-5.8485,-7.3567,-10.042,-13.421,-15.701,-15.094,-12.152,-10.381,-8.7069,-7.4713,-6.5942,-6.1933,-5.9432,-5.858,-5.7928,-5.7485,-5.7607,-5.6714,-5.1188,-3.988,-2.4918,-1.2764,0.37834,1.9091,2.9104,4.0348,4.9205,5.4197,5.8786,6.1255,6.1759,6.0984,5.8219,5.3541,4.9079,4.2189,3.388,2.3443,1.4386,0.1364,-1.1868,-2.1336,-3.1462,-3.5995,-3.4587,-2.7316,-1.6811,-0.71786,-0.15795,0.42603,0.90848,1.2037,1.5404,1.8144,2.0265,2.3455,2.6809,2.9709,3.1314,3.2611,3.2815,3.2056,2.9866,2.6469,2.2508,1.9737,1.7326,1.7292,1.9121,2.3887,3.0316,3.5332,4.1496,4.6541,5.0127,5.1748,5.2512,5.1788,5.0297,4.7063,4.2797,3.9224,3.419,2.9186,2.4019,2.0313,1.6434,1.4541,1.4059,1.3633,1.335,1.4118,1.5317,1.7128,1.904,2.071,2.2921,2.4954,2.6089,2.7074,2.716,2.5724,2.3472,1.843,1.0945,0.31944,-0.99148,-2.4459,-3.2826,-3.3368,-2.0827,-0.38375,0.774,1.9724,2.7311,3.0231,3.0238,2.5445,1.5179,0.31519,-1.9855,-5.4217,-9.081,-12.195,-7.8264,-4.7706,-1.9051,0.046052,1.4215,2.1961,3.0112,3.6838,4.1065,4.5471,4.853,5.0311,5.2362,5.3455,5.3222,5.2479,5.0767,4.7864,4.5443,4.2891,4.151,4.1517,4.254,4.5139,4.8487,5.088,5.3371,5.4519,5.4275,5.22,4.8095,4.2033,3.605,2.6182,1.4969,0.55991,-0.91435,-2.6469,-4.0972,-6.3013,-8.9733,-11.924,-14.141,-16.534,-18.234,-18.957,-15.933,-10.606,-6.2604,-3.6775,-0.85612,1.4914,2.9876,4.6522,5.9852,6.7926,7.6522,8.324,8.8326,9.1031,9.3251,9.3924,9.3662,9.2203,8.8866,8.4623,7.6211,6.4193,4.7898,3.2018,0.47264,-2.3348,-2.5525,0.037427,2.8127,4.9518
-7.9678,-8.6776,-10.077,-11.691,-12.405,-12.247,-10.975,-9.7378,-8.2957,-7.2618,-6.4275,-5.8515,-5.1973,-4.7115,-4.3866,-3.8111,-3.078,-2.5226,-1.7678,-0.87652,0.15573,0.92519,1.8614,2.7261,3.3284,4.0214,4.5102,4.7431,4.9241,4.9692,4.8369,4.61,4.1819,3.6386,3.1468,2.333,1.3097,0.053989,-1.1081,-3.1038,-5.8394,-8.6959,-15.128,-22.397,-13.761,-8.1335,-4.9547,-2.7616,-1.4905,-0.23011,0.6576,1.1664,1.6964,2.0694,2.2441,2.3448,2.3309,2.1863,1.9729,1.5113,0.8375,0.17049,-0.98089,-2.5291,-4.6355,-6.7047,-10.191,-12.795,-11.273,-7.4914,-4.4381,-2.6931,-0.89304,0.42494,1.3492,1.8141,2.1829,2.2581,2.1151,1.6976,1.0883,0.49919,-0.5289,-1.7943,-3.1809,-4.186,-5.3217,-6.0879,-6.3901,-6.489,-6.3016,-5.9885,-5.8469,-5.7507,-5.5576,-5.314,-4.945,-4.4902,-4.0579,-3.3978,-2.8014,-2.4372,-2.3824,-2.6169,-3.2778,-4.1191,-5.86,-8.5766,-10.995,-11.448,-7.9684,-4.6351,-2.7064,-0.81187,0.44064,1.0297,1.455,1.5546,1.3141,0.94142,0.28182,-0.411,-0.85616,-1.2245,-1.2624,-1.1396,-0.86205,-0.55655,-0.24976,-0.029237,0.24094,0.524,0.80086,1.2798,1.7532,2.0438,2.385,2.724,2.9908,3.1339,3.2786,3.3846,3.4316,3.4698,3.5305,3.6318,3.6884,3.7228,3.7083,3.6411,3.4432,3.0822,2.6709,1.9235,0.95041,-0.27816,-1.3575,-2.8817,-4.4723,-5.6924,-7.246,-8.6591,-9.9183,-12.148,-14.9,-19.074,-24.323,-23.94,-17.379,-14.543,-11.354,-8.3686,-5.8058,-4.1722,-2.2553,-0.64038,0.35366,1.3808,2.1389,2.5191,2.8053,2.91,2.9041,2.8849,2.9488,3.1691,3.4183,3.786,4.1082,4.2737,4.3683,4.3041,4.0866,3.8597,3.5894,3.456,3.4968,3.7555,4.1853,4.724
-5.6899,-5.874,-6.2747,-6.534,-6.5237,-6.4917,-6.4418,-6.3595,-6.0919,-5.8822,-5.8538,-5.8842,-5.8338,-5.6476,-5.4103,-4.8441,-3.9187,-3.0168,-1.7032,-0.41615,0.77539,1.6086,2.589,3.3652,3.8073,4.2104,4.4013,4.4107,4.2452,3.8769,3.3539,2.8907,2.2501,1.6173,1.1395,0.49134,-0.09541,-0.64527,-1.1253,-1.9192,-2.771,-3.3131,-3.8079,-3.9363,-3.7014,-2.8795,-1.8602,-0.965,-0.33063,0.46293,1.1,1.4654,1.8021,2.0068,2.067,2.0058,1.7674,1.3769,0.98653,0.28427,-0.62825,-1.4748,-2.8148,-4.4081,-6.278,-7.8093,-9.6731,-10.49,-9.9854,-8.201,-6.0801,-4.5937,-2.8564,-1.4678,-0.44442,0.092186,0.50892,0.58246,0.42415,-0.083026,-0.98277,-1.9534,-3.6711,-5.9594,-9.0482,-12.339,-19.877,-28.963,-20.735,-16.075,-13.626,-12.731,-12.902,-13.902,-15.649,-17.274,-17.826,-15.097,-12.509,-9.6249,-7.4951,-5.9502,-5.0617,-4.2174,-3.7292,-3.4938,-3.2791,-3.1118,-2.9309,-2.4826,-1.7449,-0.84754,-0.16112,0.70461,1.4586,1.9035,2.2987,2.4955,2.5269,2.4473,2.1887,1.8109,1.472,0.92936,0.30684,-0.21874,-1.0659,-2.092,-3.2579,-4.1378,-5.0891,-5.4456,-5.1812,-4.2489,-3.0101,-2.1215,-1.1984,-0.55109,-0.08766,0.11968,0.29349,0.47031,0.61383,0.78569,0.98933,1.2513,1.4681,1.7207,1.8793,1.8959,1.7389,1.342,0.8517,-0.094178,-1.4784,-3.4086,-5.3224,-8.8953,-14.393,-19.975,-18.939,-14.12,-12.165,-10.621,-9.8307,-9.5954,-9.3238,-8.4367,-7.4133,-6.6714,-5.4069,-4.0259,-2.8566,-2.121,-1.2297,-0.5164,-0.16839,0.011469,-0.12453,-0.45032,-1.2459,-2.6095,-4.6447,-6.4943,-8.3123,-7.1936,-5.0989,-2.5192,-0.55563,0.5986,1.7802,2.5686,3.0196,3.2129,3.377,3.4477,3.4158,3.3073,3.225,3.2221
-4.6339,-4.7818,-4.8322,-4.8291,-4.858,-4.8617,-4.8292,-4.9043,-5.1209,-5.439,-6.0779,-6.9189,-8.7041,-11.291,-13.693,-14.123,-9.7307,-6.606,-3.2633,-0.67866,1.2266,2.3176,3.4717,4.3049,4.6889,4.8855,4.7808,4.509,3.8039,2.6754,1.1971,-0.11497,-2.0372,-3.6681,-4.1987,-3.821,-2.8978,-2.071,-1.6024,-1.1762,-0.98117,-0.93726,-0.85439,-0.72668,-0.63317,-0.44941,-0.11221,0.30911,0.59049,0.94293,1.2619,1.4533,1.5771,1.563,1.4765,1.2696,0.92509,0.43257,-0.019279,-0.73122,-1.6204,-2.416,-3.6695,-5.1086,-6.6703,-7.8652,-9.1248,-9.4753,-8.9854,-7.5999,-5.8444,-4.5045,-2.8724,-1.525,-0.50074,0.060317,0.49795,0.60459,0.50244,0.059536,-0.81282,-1.6676,-3.0339,-4.7662,-6.8554,-8.45,-10.283,-11.762,-12.528,-12.677,-12.634,-13.354,-14.084,-15.253,-17.139,-17.938,-17.621,-16.033,-13.88,-10.899,-8.6549,-6.9112,-5.776,-4.4681,-3.4397,-2.8114,-2.0834,-1.3889,-0.89806,-0.2837,0.34057,0.99975,1.4809,2.0592,2.5721,2.9239,3.2944,3.485,3.5467,3.518,3.3344,2.9785,2.6062,1.9337,1.0343,0.19102,-1.2242,-3.1177,-5.7729,-8.5322,-14.248,-21.882,-14.894,-9.2869,-6.5273,-5.1138,-3.7906,-3.1731,-3.0419,-3.2062,-3.7855,-4.5582,-5.0261,-5.0942,-4.4091,-3.2695,-2.3177,-1.1204,-0.18517,0.32151,0.72903,0.82453,0.6957,0.23193,-0.58445,-1.7171,-2.7765,-4.3379,-5.7921,-6.6892,-6.9428,-6.2204,-5.5049,-4.4854,-3.7317,-3.108,-2.6191,-2.0521,-1.6427,-1.3067,-0.76992,-0.35453,-0.063034,0.13643,0.33555,0.36589,0.28238,0.031825,-0.4776,-1.0349,-2.0361,-3.4404,-5.2149,-6.7485,-8.1597,-7.3287,-5.6655,-3.3738,-1.4216,-0.23996,0.95348,1.7524,2.2674,2.4793,2.5014,2.2384,1.8641,1.1221,0.12464,-1.0935
-7.7984,-7.8549,-7.8367,-7.7902,-7.7295,-7.3888,-6.8753,-6.4494,-6.0921,-5.9359,-5.9512,-6.1699,-6.8369,-7.6755,-7.9761,-7.4835,-5.7499,-3.9367,-1.5862,0.3746,2.0001,2.9957,3.9854,4.6214,4.8931,4.9776,4.7004,4.2302,3.2574,1.8221,-0.26828,-2.4167,-6.3305,-11.27,-12.409,-8.5327,-5.3281,-3.5387,-2.7361,-2.1178,-1.9228,-2.0262,-2.3807,-2.7817,-3.0066,-3.2144,-3.1853,-2.776,-2.3488,-1.8309,-1.4509,-1.2911,-1.245,-1.4416,-1.743,-2.2578,-2.7981,-3.2995,-3.6462,-4.0385,-4.4727,-4.9194,-5.8075,-7.1974,-9.3038,-11.667,-17.089,-24.585,-17.599,-11.255,-7.5032,-5.4764,-3.4569,-2.0245,-1.0084,-0.48664,-0.071216,0.047779,-0.071299,-0.45996,-1.0417,-1.6398,-2.6655,-3.8905,-5.1889,-6.1951,-7.7275,-9.3005,-10.26,-11.573,-13.278,-14.637,-15.216,-15.687,-15.651,-15.387,-14.785,-13.524,-12.343,-10.949,-9.601,-8.2588,-7.3662,-6.3627,-5.458,-4.8414,-4.1492,-3.5276,-3.0606,-2.4153,-1.7712,-1.1202,-0.61072,0.076078,0.69977,1.1005,1.5697,1.9348,2.133,2.1631,2.0878,1.8474,1.5472,1.016,0.30855,-0.33103,-1.3014,-2.3925,-3.5897,-4.4578,-5.3347,-5.8036,-5.9245,-5.6406,-5.0643,-4.8039,-4.7307,-4.916,-5.5821,-6.4103,-8.2406,-11.614,-15.963,-25.761,-15.596,-9.7577,-7.0618,-4.6095,-2.9215,-1.9959,-1.0962,-0.51035,-0.23846,-0.065675,-0.042547,-0.15484,-0.29434,-0.50135,-0.72658,-0.81361,-0.74542,-0.62867,-0.49418,-0.30552,-0.12396,0.096998,0.20659,0.22863,0.22647,0.2397,0.12898,-0.098788,-0.33706,-0.52485,-0.86877,-1.2796,-1.5831,-1.9547,-2.3085,-2.5884,-2.937,-3.1932,-3.4122,-3.5261,-3.4514,-3.0743,-2.7166,-2.1781,-1.4849,-0.97904,-0.435,-0.010392,0.32125,0.45916,0.38423,0.005585,-0.47535,-1.5317,-3.3754,-6.3412
-14,-14.857,-16.775,-18.39,-17.996,-15.595,-12.974,-11.196,-9.1348,-7.6166,-6.4639,-5.6962,-4.7962,-4.0515,-3.4398,-2.4849,-1.5012,-0.70368,0.43493,1.4934,2.404,3.0139,3.6673,4.0843,4.2577,4.3094,4.1052,3.7806,3.1793,2.3622,1.3374,0.52067,-0.52619,-1.4253,-1.8598,-2.122,-2.2657,-2.3641,-2.5198,-3.0156,-3.8449,-4.731,-6.4997,-9.1263,-11.703,-15.421,-14.69,-11.074,-8.9033,-6.8818,-5.737,-5.3797,-5.4386,-6.1207,-7.0844,-9.0661,-11.655,-13.649,-13.3,-11.224,-9.2626,-8.2175,-7.3949,-7.1148,-7.1786,-7.3289,-7.5216,-7.394,-6.9738,-6.0903,-5.0318,-4.2548,-3.3719,-2.676,-2.1803,-1.9614,-1.8384,-1.9089,-2.1133,-2.5132,-3.026,-3.5726,-4.4611,-5.4535,-6.6437,-7.7189,-9.2342,-10.891,-12.486,-15.179,-18.027,-21.706,-26.01,-29.55,-24.575,-21.609,-19.108,-16.809,-15.356,-14.048,-13.024,-11.974,-11.327,-10.709,-10.251,-9.9967,-9.6974,-9.519,-9.4003,-9.0702,-8.4568,-7.5957,-6.8136,-5.6416,-4.4638,-3.6934,-2.8623,-2.1907,-1.7385,-1.5795,-1.5579,-1.7209,-1.9605,-2.396,-2.9339,-3.3897,-4.013,-4.6001,-5.0944,-5.449,-5.7845,-5.9028,-5.9749,-6.135,-6.0835,-6.0356,-6.1992,-6.4744,-6.9429,-7.4137,-8.06,-8.7358,-9.2268,-9.3919,-8.9364,-8.1445,-7.3601,-6.339,-5.4595,-4.8737,-4.2107,-3.6398,-3.2607,-2.7826,-2.3222,-1.915,-1.6253,-1.272,-0.95921,-0.69088,-0.44725,-0.28813,-0.18477,-0.14951,-0.17086,-0.3074,-0.52206,-0.88432,-1.3048,-1.7469,-2.4911,-3.2541,-4.0859,-4.8206,-5.8597,-6.8408,-7.5495,-8.3739,-8.7274,-8.6611,-8.2567,-7.6328,-6.9917,-6.4983,-5.9701,-5.6399,-5.4435,-5.1979,-5.0563,-4.9988,-4.8351,-4.4801,-4.0533,-3.7208,-3.2271,-2.8312,-2.6808,-2.6729,-2.7804,-2.9617
-15.797,-17.15,-19.321,-20.795,-20.957,-18.14,-14.668,-12.648,-10.386,-8.3838,-6.7716,-5.7428,-4.4461,-3.2618,-2.4851,-1.4877,-0.51088,0.17186,0.99218,1.7637,2.4375,2.8461,3.2926,3.6171,3.7603,3.8129,3.734,3.594,3.2781,2.8447,2.3507,1.9484,1.3649,0.7809,0.38697,-0.14649,-0.73751,-1.3125,-1.7974,-2.6275,-3.651,-4.5369,-6.0129,-7.8734,-9.2308,-10.545,-10.532,-9.0299,-7.8762,-6.6191,-5.8034,-5.5345,-5.6823,-6.3703,-7.2737,-9.0996,-11.403,-13.015,-12.654,-10.574,-8.4487,-7.2031,-5.9655,-5.1254,-4.5934,-4.305,-4.0134,-3.7976,-3.6392,-3.4397,-3.2642,-3.1681,-3.1323,-3.1708,-3.3199,-3.5046,-3.8355,-4.2332,-4.5531,-5.0312,-5.614,-6.0785,-6.7195,-7.5055,-8.527,-9.3775,-10.558,-12.155,-13.612,-15.357,-17.537,-20.319,-21.51,-22.056,-21.809,-21.126,-19.785,-18.429,-17.809,-17.172,-16.432,-15.993,-15.822,-15.556,-15.544,-15.749,-16.217,-17.154,-18.399,-20.756,-22.076,-19.088,-15.982,-12.603,-10.047,-8.5097,-6.9829,-5.9847,-5.3915,-5.1704,-5.2093,-5.5643,-6.0102,-6.8088,-7.7045,-8.3913,-9.2036,-9.7147,-9.8584,-9.7996,-9.6892,-9.4112,-9.0906,-8.8319,-8.7458,-8.6119,-8.4491,-8.3807,-8.3726,-8.4657,-8.5356,-8.5428,-8.637,-8.7163,-8.6341,-8.5612,-8.5242,-8.5151,-8.5305,-8.5401,-8.5338,-8.3952,-8.1165,-7.4669,-6.5773,-5.552,-4.7591,-3.7626,-2.8543,-2.2811,-1.7483,-1.3555,-1.1673,-1.1048,-1.2251,-1.6364,-2.0797,-2.8163,-3.8415,-4.8108,-6.1622,-7.6006,-9.2407,-10.515,-12.177,-14.212,-16.402,-21.007,-26.564,-22.814,-16.871,-13.366,-11.141,-9.934,-8.9673,-8.7311,-8.835,-9.3283,-10.528,-11.763,-13.278,-13.356,-11.564,-9.8219,-7.5845,-5.7304,-4.6768,-3.5749,-2.6609,-1.9624
-13.313,-13.46,-13.547,-13.626,-13.238,-12.383,-11.39,-10.392,-9.0343,-7.7457,-6.396,-5.4161,-4.2165,-3.0409,-2.1904,-1.1829,-0.24872,0.40706,1.1643,1.8069,2.3752,2.7215,3.0726,3.3339,3.4611,3.526,3.5054,3.4355,3.241,2.9762,2.6499,2.3495,1.913,1.4494,1.0531,0.50157,-0.030053,-0.63047,-1.0856,-1.6415,-2.2206,-2.6357,-3.075,-3.4489,-3.6539,-3.6638,-3.4848,-3.1966,-2.8628,-2.4407,-2.1297,-1.9764,-1.9474,-2.1176,-2.3271,-2.6733,-3.0174,-3.1941,-3.1896,-3.0106,-2.6898,-2.4224,-2.089,-1.8059,-1.6116,-1.536,-1.4934,-1.5297,-1.6245,-1.8303,-2.1477,-2.4726,-3.0132,-3.7206,-4.6012,-5.3383,-6.3887,-7.3852,-7.9661,-8.5123,-8.8,-8.8359,-8.9362,-9.2106,-9.6011,-10.061,-11.023,-12.079,-12.848,-14.244,-15.742,-16.605,-17.418,-18.309,-18.625,-18.951,-18.875,-18.929,-19.265,-19.535,-19.765,-20.277,-20.533,-20.44,-19.969,-19.579,-19.404,-19.493,-19.811,-20.709,-20.626,-18.529,-16.278,-13.255,-10.818,-9.4367,-7.9809,-7.0358,-6.6144,-6.5643,-6.8986,-7.7405,-8.7292,-10.621,-13.247,-15.748,-19.398,-20.56,-18.394,-16.543,-14.686,-13.664,-13.128,-12.336,-11.872,-11.664,-11.236,-10.883,-10.517,-10.27,-10.106,-9.982,-9.835,-9.7852,-9.911,-10.082,-10.385,-11.002,-11.956,-13.016,-14.962,-17.442,-18.652,-16.808,-13.205,-10.006,-8.057,-5.967,-4.3066,-3.3869,-2.3975,-1.6756,-1.3693,-1.1995,-1.378,-1.8509,-2.4216,-3.5969,-5.2508,-6.7643,-9.4399,-13.022,-16.743,-18.273,-17.77,-16.751,-16.227,-16.049,-15.638,-14.669,-12.897,-11.075,-9.5311,-8.7555,-8.2243,-8.0667,-8.3655,-9.3852,-10.965,-12.662,-15.653,-16.395,-13.55,-10.96,-8.0211,-5.9002,-4.6147,-3.1827,-2.0963,-1.2555
-11.713,-11.77,-11.796,-11.672,-11.26,-10.616,-10.055,-9.5386,-8.6062,-7.6192,-6.5114,-5.5332,-4.196,-2.9471,-2.0206,-0.85601,0.11455,0.72748,1.461,2.0327,2.4477,2.712,2.9814,3.1469,3.2293,3.3035,3.2922,3.2287,3.1128,2.9291,2.6427,2.3864,2.0058,1.543,1.1225,0.54106,-0.071231,-0.76581,-1.2532,-1.7555,-2.0696,-2.156,-1.9684,-1.4877,-1.072,-0.43004,0.29742,0.93274,1.3862,1.9275,2.3422,2.5686,2.7789,2.8594,2.8471,2.7792,2.6436,2.4727,2.3444,2.1637,1.9825,1.8506,1.667,1.4642,1.2657,1.0991,0.84494,0.56007,0.30147,-0.13075,-0.70452,-1.2546,-2.1909,-3.4666,-5.1601,-6.8003,-9.7011,-13.782,-17.21,-17.357,-13.751,-11.73,-10.14,-9.3104,-9.0341,-9.2545,-9.9893,-10.908,-11.979,-13.817,-15.297,-16.969,-18.264,-18.945,-18.807,-18.527,-18.478,-19.036,-19.363,-20.524,-23.266,-27.094,-31.524,-31.439,-25.237,-21.946,-19.049,-17.075,-15.761,-14.178,-12.76,-11.208,-10.011,-8.5435,-7.1165,-6.1992,-5.3131,-4.7047,-4.4402,-4.5443,-5.0417,-6.0013,-7.0341,-8.9135,-11.441,-13.643,-16.551,-17.734,-16.985,-16.433,-15.834,-15.541,-15.894,-16.177,-15.667,-15.203,-14.55,-13.791,-13.123,-12.557,-11.962,-11.622,-11.278,-10.911,-10.796,-10.804,-10.913,-11.263,-12.007,-12.842,-14.321,-16.007,-16.576,-15.132,-12.246,-9.2683,-7.3293,-5.1554,-3.385,-2.3126,-1.0776,-0.16085,0.2816,0.62465,0.63701,0.37507,-0.091373,-1.0729,-2.3981,-3.7746,-6.171,-8.8897,-11.783,-12.736,-11.702,-10.083,-8.8816,-7.5998,-6.6554,-6.0056,-5.1904,-4.5043,-3.936,-3.6806,-3.5666,-3.5883,-3.796,-4.2686,-4.7493,-5.1676,-5.5673,-5.5191,-5.1865,-4.6969,-3.761,-2.8175,-2.1171,-1.1968,-0.42651,0.18931
-13.981,-14.756,-13.819,-11.86,-10.897,-10.309,-9.9249,-10.119,-10.564,-10.25,-8.7685,-7.1756,-4.7917,-2.6148,-1.312,0.11726,1.22,1.7956,2.3248,2.655,2.7618,2.7692,2.7687,2.7562,2.7717,2.8442,2.901,2.91,2.8909,2.7585,2.533,2.333,1.9701,1.5122,1.1459,0.47295,-0.47873,-1.6331,-2.787,-4.6806,-6.1453,-6.0913,-4.2907,-1.7772,0.023077,1.998,3.577,4.9006,5.6909,6.5258,7.1676,7.5141,7.8246,7.9846,7.998,7.8881,7.661,7.3023,6.9666,6.4364,5.8215,5.3266,4.6495,3.9827,3.3904,3.0329,2.6491,2.3615,2.1874,1.9352,1.5913,1.2257,0.53063,-0.42565,-1.7347,-2.9725,-4.9571,-7.1772,-8.415,-8.7217,-7.5465,-6.5198,-5.517,-4.8978,-4.9067,-5.1968,-5.9003,-7.3571,-8.7881,-11.094,-15.179,-21.409,-31.241,-25.393,-19.28,-16.859,-15.449,-14.879,-14.773,-15.601,-16.646,-17.806,-18.685,-18.617,-17.225,-16.022,-14.174,-12.198,-10.855,-9.0024,-7.209,-5.577,-4.4016,-2.976,-1.82,-1.0482,-0.24579,0.24269,0.47737,0.43416,0.10535,-0.52594,-1.1831,-2.2723,-3.5913,-4.6473,-6.069,-7.5637,-9.0228,-10.255,-12.553,-15.234,-18.267,-26.193,-28.07,-22.091,-18.079,-15.903,-14.797,-14.41,-13.774,-13.062,-12.715,-12.007,-11.082,-10.423,-9.9435,-9.5143,-9.2322,-9.0477,-8.8409,-8.5227,-8.1313,-7.2912,-6.1322,-4.6364,-3.445,-1.8059,-0.27863,0.83434,2.1755,3.1874,3.8324,4.4552,4.8502,4.939,4.832,4.5349,3.9693,3.4293,2.719,1.9237,1.3327,1.0742,0.9008,1.0496,1.2412,1.5525,1.9344,2.1771,2.4674,2.681,2.7501,2.7359,2.6208,2.2644,1.9395,1.4169,0.71044,0.18801,-0.43101,-1.0035,-1.2144,-1.1274,-0.81674,-0.1775,0.40912,1.1199,1.7396,2.2422
-11.069,-11.499,-9.7865,-7.3112,-6.2966,-5.9922,-6.4179,-7.5673,-11.043,-15.716,-11.628,-6.8601,-2.8145,-0.080482,1.4605,2.8034,3.6002,3.9245,3.8622,3.3561,2.5321,1.6841,0.56107,0.018525,0.1257,0.69983,1.4366,1.8687,2.0511,1.8865,1.5573,1.2197,0.80338,0.67177,0.73737,0.70955,0.44165,-0.20542,-1.27,-3.4908,-6.0335,-6.2947,-2.5373,1.3572,3.6346,6.1405,8.0152,9.4936,10.388,11.316,12.003,12.379,12.683,12.793,12.754,12.519,12.098,11.479,10.867,9.863,8.62,7.5203,5.8711,4.1288,2.5454,1.7864,1.6044,2.092,2.6287,3.2992,3.793,4.0131,4.1184,4.0366,3.7708,3.4924,3.0958,2.7156,2.4664,2.3484,2.3558,2.3279,2.3492,2.2496,1.8815,1.5162,0.746,-0.37148,-1.255,-2.9074,-4.5697,-5.9804,-7.1185,-7.3953,-7.1404,-6.9662,-6.7615,-6.472,-6.7482,-7.0871,-7.577,-8.4904,-8.964,-9.8524,-10.617,-10.879,-10.725,-9.1647,-7.3964,-4.9295,-2.5004,-0.3169,1.0638,2.6965,4.0343,4.8037,5.651,6.2091,6.4687,6.5234,6.3784,5.9958,5.5502,4.8006,3.8604,3.0328,1.8111,0.37917,-1.1914,-2.4849,-4.6515,-6.7992,-8.5161,-11.12,-11.785,-12.248,-12.685,-13.2,-14.131,-15.826,-18.74,-19.059,-17.407,-14.624,-11.977,-9.9089,-8.7689,-7.6447,-6.7551,-6.2624,-5.8269,-5.5283,-5.3532,-4.997,-4.1901,-2.8155,-1.4798,0.56551,2.6029,4.0631,5.7851,7.1648,8.0842,9.0407,9.7439,10.165,10.374,10.477,10.382,10.279,10.042,9.7282,9.4939,9.3103,9.1258,9.0612,9.0337,9.036,9.1122,9.1637,9.2011,9.1863,9.0605,8.8971,8.5582,7.9741,7.4157,6.4302,5.0848,3.8753,1.8144,-0.78016,-3.1309,-3.6443,-2.145,0.19036,1.7191,3.1817,4.1309,4.6865
0.40746,-0.037561,-0.17958,-0.24435,-0.31933,-0.27884,-0.59112,-0.72367,-0.92493,-0.85335,-0.2626,0.34459,1.4524,2.4038,2.9823,3.5456,3.6544,3.4931,2.8177,1.4377,-0.73407,-3.3427,-9.4076,-24.232,-11.724,-5.5349,-2.8687,-1.8804,-1.7049,-2.5241,-4.6031,-7.2332,-11.407,-9.6558,-6.3417,-3.009,-0.78503,0.42828,1.1452,1.8568,2.5066,3.2157,4.292,5.6362,6.6832,7.9707,9.2089,10.236,10.883,11.612,12.142,12.425,12.645,12.664,12.557,12.243,11.695,10.915,10.144,8.8236,7.1137,5.4824,2.6567,-1.3796,-8.4356,-23.098,-9.7308,-3.8781,-1.5906,0.32749,1.5439,2.1999,2.8796,3.3877,3.8179,4.0884,4.383,4.6458,4.7747,4.9218,4.9752,4.9711,4.904,4.6559,4.3501,3.9891,3.3766,2.7596,2.1331,1.3272,0.62716,-0.21956,-0.5351,-1.0579,-1.4168,-1.6411,-1.882,-2.2185,-2.5931,-3.0528,-3.8703,-4.8814,-5.8223,-7.6877,-10.535,-13.849,-22.101,-14.641,-9.4107,-4.6851,-1.3942,1.1504,2.7169,4.375,5.7318,6.5314,7.318,7.8757,8.1614,8.2362,8.1396,7.8405,7.4868,6.8666,6.1011,5.4227,4.4103,3.2988,2.0286,1.0886,-0.28248,-1.7564,-2.6393,-4.1681,-5.4582,-6.4822,-8.0252,-9.999,-12.124,-14.245,-17.573,-18.291,-18.312,-16.112,-14.268,-12.579,-11.273,-9.7114,-8.3972,-7.7855,-7.4697,-7.9055,-8.9252,-11.888,-18.062,-13.595,-7.802,-2.6357,1.0075,3.1509,5.3156,7.1139,8.1963,9.3224,10.137,10.73,11.041,11.237,11.305,11.255,11.037,10.804,10.471,10.213,9.9382,9.6838,9.5782,9.5476,9.5819,9.6714,9.8012,9.8997,9.9291,9.8436,9.5568,9.1106,8.5596,7.5632,6.2482,4.8931,2.6343,-0.30218,-3.5122,-4.237,-2.4099,0.29054,1.7648,3.1718,4.0495,4.3081
1.9414,1.7075,1.466,1.2046,1.0621,0.87665,0.71007,0.58676,0.5626,0.57488,0.72915,0.90111,1.1141,1.4113,1.5267,1.5854,1.5142,1.238,0.7422,-0.060976,-1.1451,-1.965,-3.1058,-3.7029,-3.7878,-3.5598,-3.1685,-3.1807,-3.4062,-4.1968,-5.5064,-6.5923,-7.6852,-7.1205,-5.8524,-3.8896,-2.136,-0.75949,0.11682,1.1036,1.9406,2.534,3.3316,4.0498,4.6275,5.3726,6.0337,6.6771,7.0966,7.5753,7.9571,8.1519,8.306,8.3189,8.2138,7.9318,7.4572,6.7692,6.1178,5.0367,3.7037,2.5448,0.78511,-1.0714,-2.7928,-3.7421,-4.3098,-4.3694,-4.2583,-4.1341,-4.0139,-3.843,-3.3665,-2.5608,-1.5181,-0.69963,0.30501,1.1377,1.6798,2.1638,2.4649,2.607,2.5706,2.3998,2.0763,1.727,1.2248,0.60691,0.13779,-0.38364,-1.0064,-1.3871,-1.6378,-1.9703,-2.2166,-2.3341,-2.5474,-2.8822,-3.0394,-3.5267,-3.9984,-4.5457,-5.0859,-5.654,-6.2581,-6.4616,-6.2736,-5.3917,-4.2831,-2.6199,-0.84842,0.77069,1.8542,3.1398,4.1285,4.7513,5.3716,5.7456,5.9467,5.9389,5.7632,5.4079,5.0432,4.405,3.6443,3.0121,2.0895,1.1468,0.1567,-0.58216,-1.4482,-2.4488,-3.1195,-3.9487,-5.0942,-5.7779,-6.9444,-8.3185,-9.9072,-11.026,-13.011,-14.942,-16.819,-20.289,-24.421,-22.607,-18.661,-14.469,-11.734,-10.357,-9.141,-8.5932,-8.4897,-8.5641,-8.3004,-6.9039,-5.2764,-2.7881,-0.40584,1.1437,2.8606,4.3359,5.1937,6.1285,6.8178,7.3113,7.5092,7.6307,7.5708,7.3663,6.9971,6.4292,5.6802,5.0747,4.1929,3.4228,3.0683,3.0313,3.4711,4.0059,4.8185,5.5608,6.1379,6.4292,6.614,6.5635,6.3683,5.9192,5.2306,4.6166,3.7242,2.8092,2.0853,1.7304,1.5272,1.578,1.6705,1.8,1.8387,1.7243
2.1472,2.0029,1.6738,1.3774,1.156,0.76675,0.50399,0.25232,0.0224,-0.13106,-0.22531,-0.18846,-0.15831,-0.035295,0.070947,0.13509,0.20713,0.16703,0.073942,-0.081528,-0.34311,-0.51656,-0.7757,-0.97072,-1.0881,-1.2409,-1.3604,-1.529,-1.7485,-2.094,-2.3752,-2.581,-2.6808,-2.539,-2.3479,-1.8054,-1.3115,-0.69171,-0.26379,0.19042,0.66623,0.91417,1.2661,1.5745,1.7588,2.0932,2.3856,2.7328,3.0268,3.3923,3.7523,3.9768,4.1944,4.3179,4.3114,4.1746,3.9072,3.4767,3.062,2.3958,1.6046,0.95253,-0.0034292,-0.99087,-1.9999,-2.7816,-3.8472,-5.1004,-6.2548,-8.3052,-11.299,-14.309,-15.821,-11.424,-7.4302,-5.2655,-3.0767,-1.55,-0.69382,0.10151,0.57406,0.72725,0.6754,0.43817,-0.09711,-0.57724,-1.3918,-2.3812,-3.0367,-3.906,-4.5307,-4.6324,-4.7237,-4.4314,-4.1474,-3.9771,-3.8718,-3.8601,-3.9094,-4.1853,-4.3879,-4.6668,-4.8203,-4.805,-4.6091,-4.2974,-3.5924,-2.7349,-1.9523,-0.84083,0.2673,1.3348,2.0355,2.8827,3.5446,3.9092,4.2663,4.4078,4.3835,4.2309,3.8823,3.354,2.8534,2.0337,1.0612,0.26222,-0.88169,-2.0088,-2.9596,-3.6012,-4.0491,-4.3105,-4.4913,-4.4595,-4.712,-4.8966,-5.3486,-5.9152,-6.847,-7.55,-8.8518,-10.318,-11.465,-13.351,-14.364,-14.088,-12.891,-10.856,-9.0774,-7.9416,-6.6808,-5.6811,-5.034,-4.2215,-3.3668,-2.422,-1.6633,-0.57014,0.51493,1.249,2.18,2.9812,3.4302,3.9387,4.3125,4.536,4.5821,4.5739,4.3481,4.0561,3.5015,2.5391,1.2616,-0.096324,-2.668,-6.4014,-10.373,-11.042,-5.7183,-2.7661,0.020843,1.9514,3.2823,4.0095,4.7,5.0304,5.1537,5.1012,4.84,4.5872,4.0901,3.571,2.9914,2.5366,2.0134,1.4079,0.99395,0.42004,-0.21634,-0.71602
2.2959,2.0968,1.72,1.2906,0.87005,0.24458,-0.42699,-0.93848,-1.6374,-2.1255,-2.4424,-2.4776,-2.2374,-1.955,-1.6225,-1.1888,-0.83868,-0.51882,-0.24884,0.032819,0.28128,0.39339,0.58278,0.65371,0.69823,0.70323,0.57859,0.50715,0.2503,-0.0064307,-0.28994,-0.51127,-0.71993,-0.87336,-0.90544,-0.85643,-0.76404,-0.60397,-0.52662,-0.48432,-0.51396,-0.61441,-0.9122,-1.2103,-1.5213,-1.8956,-1.981,-1.8677,-1.5541,-0.97079,-0.32986,0.15511,0.68129,1.0338,1.2088,1.2757,1.1962,0.98579,0.75443,0.38345,-0.036988,-0.36255,-0.79098,-1.276,-1.7724,-2.2272,-2.9592,-3.8885,-4.781,-6.2711,-7.9984,-9.1453,-9.4145,-7.8471,-5.6071,-4.0686,-2.3957,-1.0948,-0.41498,0.22753,0.57798,0.59617,0.43729,-0.058678,-0.86553,-1.698,-3.2375,-5.2248,-7.222,-10.491,-12.742,-11.747,-9.7476,-7.2717,-5.624,-4.8421,-4.209,-3.9526,-4.1495,-4.4971,-5.2477,-6.0605,-6.4772,-6.6676,-5.91,-4.9619,-3.4463,-1.8762,-0.81493,0.49719,1.6082,2.526,3.1074,3.6658,4.0809,4.248,4.3058,4.2133,3.9127,3.6092,3.0512,2.3175,1.6354,0.57034,-0.78727,-2.0272,-4.0315,-6.5793,-9.2382,-10.52,-9.9568,-7.5943,-6.0897,-4.5928,-3.3719,-2.8876,-2.4469,-2.2711,-2.3671,-2.5823,-2.9144,-3.4396,-3.7941,-4.2476,-4.4879,-4.5173,-4.3791,-3.9923,-3.5097,-3.0802,-2.5146,-1.9244,-1.4742,-0.86665,-0.23511,0.35436,0.81314,1.3695,1.8282,2.092,2.4025,2.5038,2.5494,2.5278,2.4671,2.3776,2.3885,2.3819,2.3263,2.2702,1.9261,1.3977,0.52243,-0.40172,-1.8698,-3.5933,-4.5638,-4.5204,-2.9765,-1.4569,0.46255,2.032,3.2665,3.984,4.7048,5.1562,5.3482,5.4035,5.293,5.0776,4.6464,4.0896,3.3841,2.7843,1.8903,0.88215,0.061474,-1.1514,-2.4776,-3.8793
2.2968,2.08,1.8074,1.218,0.6572,-0.31295,-1.7828,-3.0434,-5.1778,-7.3948,-8.4456,-8.0583,-6.4848,-4.8449,-3.9464,-2.9305,-2.183,-1.705,-1.0289,-0.37756,0.34897,0.87247,1.4864,1.9938,2.2532,2.4498,2.4495,2.3132,1.9666,1.4591,0.76108,0.23441,-0.50835,-1.0858,-1.3044,-1.4733,-1.2575,-1.1053,-1.0203,-0.97306,-1.3394,-1.7436,-2.7285,-4.2533,-5.6571,-8.254,-10.571,-10.456,-8.8726,-6.4068,-4.4218,-3.3271,-2.2287,-1.5331,-1.2255,-1.0478,-1.1737,-1.4754,-1.784,-2.2001,-2.4714,-2.5286,-2.3579,-2.0189,-1.6617,-1.4175,-1.2278,-1.1596,-1.19,-1.2879,-1.3737,-1.3419,-1.1527,-0.71648,-0.1533,0.32892,0.94446,1.4457,1.7467,1.9812,2.0179,1.9529,1.6663,1.125,0.37949,-0.45684,-1.7779,-3.6843,-5.419,-8.0861,-10.024,-8.9783,-7.1793,-4.784,-3.2757,-2.4383,-1.8285,-1.8216,-2.1352,-3.1243,-4.9812,-8.1502,-12.47,-29.062,-12.246,-7.1859,-3.1322,-0.46541,1.0543,2.574,3.7108,4.5019,4.9143,5.2429,5.3117,5.249,4.96,4.5112,3.9248,3.4159,2.6688,1.8844,1.248,0.31364,-0.80018,-1.848,-3.6358,-6.1536,-9.1573,-10.891,-9.0792,-5.8312,-3.6303,-1.4206,0.13137,1.0385,1.9159,2.443,2.8023,2.8892,2.893,2.7494,2.5649,2.3162,1.9722,1.6661,1.432,1.1249,0.89719,0.77831,0.73866,0.86391,1.0753,1.486,1.9724,2.4772,2.8136,3.1312,3.2677,3.2507,2.9262,2.323,1.7064,0.62824,-0.51213,-1.1928,-1.1592,-0.54268,0.47832,1.1143,1.7352,2.1148,2.1028,2.0345,1.7622,1.5529,1.4999,1.5911,2.0502,2.5157,3.2835,4.1021,4.886,5.4192,5.9273,6.3344,6.4677,6.4964,6.3232,6.0339,5.5358,4.7713,3.8816,3.0688,1.7852,0.40601,-0.81718,-2.5199,-4.489,-6.8346
1.0821,1.2852,1.3402,1.1741,0.82771,-0.064809,-1.4965,-3.0711,-6.0182,-10.469,-13.796,-11.612,-7.9888,-5.8994,-5.0249,-4.7878,-4.8833,-5.1599,-4.7594,-3.2813,-1.4493,0.0035277,1.5445,2.7346,3.3532,3.8115,3.95,3.7367,3.2093,2.1705,0.70909,-0.79301,-3.3163,-6.0951,-7.3736,-6.3448,-4.2683,-2.595,-1.7294,-1.2102,-1.2236,-1.6676,-2.6389,-4.4439,-6.1177,-9.2848,-12.465,-12.781,-10.879,-8.2539,-6.3354,-5.257,-4.2615,-3.5196,-3.2576,-3.2305,-3.6468,-4.6401,-5.8088,-7.9482,-9.9235,-9.8159,-7.4611,-4.7043,-2.5812,-1.3623,-0.12195,0.73763,1.2203,1.7043,2.0562,2.2695,2.5271,2.7645,2.9762,3.1059,3.2432,3.2812,3.2761,3.1923,3.0076,2.8578,2.5447,2.2533,1.8624,1.5848,1.1239,0.67536,0.39315,0.0052116,0.064926,0.2408,0.69547,1.2427,1.8364,2.1762,2.4492,2.4194,2.275,1.6698,0.92698,-0.10509,-0.66378,-0.94214,-0.16183,0.85142,2.3829,3.8034,4.6946,5.6449,6.2847,6.6691,6.7522,6.6742,6.2997,5.8508,5.045,3.9509,2.7027,1.6533,0.39611,-0.46831,-0.72782,-0.73121,-0.49349,-0.33936,-0.22651,-0.14006,-0.0056025,0.33995,0.95285,2.0392,2.8202,4.01,5.0286,5.7339,6.5091,7.0977,7.4769,7.6691,7.7173,7.6371,7.4472,7.0416,6.4582,5.6796,4.9663,3.8374,2.5303,1.4927,0.31795,-0.19706,0.044534,1.0075,2.1918,3.291,3.9072,4.4568,4.663,4.5493,3.9765,2.9269,1.5748,-1.1031,-5.7608,-18.834,-14.42,-4.9518,-0.83905,0.89481,2.4929,3.2653,3.6408,3.6496,3.427,3.1051,2.8498,2.6854,2.7969,3.1355,3.8092,4.6661,5.5085,6.0604,6.6831,7.0668,7.2262,7.2322,6.9636,6.6418,5.952,5.0466,3.8512,2.8003,1.1795,-0.75392,-2.3001,-4.5599,-6.7158,-8.7637
-3.6979,-2.2418,-1.0565,-0.11916,0.20014,0.27664,0.065372,-0.39958,-1.0456,-1.8254,-2.2703,-2.5674,-2.6568,-3.1137,-3.6262,-5.2337,-8.1777,-12.545,-19.063,-9.4016,-3.9959,-1.4399,0.96214,2.5543,3.3817,4.0296,4.2486,4.131,3.5968,2.5752,1.0411,-0.61048,-3.3923,-7.0315,-8.5065,-7.2076,-4.4424,-2.6486,-1.6682,-1.2045,-1.0387,-1.3689,-1.9309,-2.999,-3.8333,-5.0732,-6.2835,-7.1936,-7.8052,-8.202,-8.5874,-8.4805,-8.0422,-7.2313,-6.6058,-6.0866,-5.9516,-6.5693,-7.5425,-9.6996,-11.959,-11.815,-8.6753,-5.5509,-3.1343,-1.8097,-0.46317,0.47683,0.9965,1.4963,1.85,2.0272,2.2027,2.2721,2.2931,2.2284,2.0457,1.7554,1.4335,0.94928,0.44011,0.034126,-0.34937,-0.45188,-0.37557,-0.071198,0.29153,0.85106,1.2212,1.7362,2.3044,2.8137,3.2964,3.7077,4.2453,4.5151,4.8057,5.0052,5.0632,5.071,5.0298,4.9773,4.991,5.0991,5.3589,5.6414,6.0387,6.4594,6.6928,6.9189,6.9617,6.8287,6.5834,6.0507,5.2863,4.4916,3.17,1.3311,-1.1738,-3.7657,-9.0072,-16.172,-11.916,-6.204,-2.9747,-1.3428,0.20108,1.3976,2.3035,2.9972,3.8537,4.7563,5.4535,6.3108,7.2172,7.8174,8.5174,9.1324,9.5367,9.7584,9.8594,9.7756,9.5633,9.0496,8.2994,7.205,6.1361,4.2863,1.6582,-1.1102,-7.2691,-34.288,-9.8291,-2.9506,0.47262,2.5867,3.6254,4.554,5.0204,5.0669,4.9072,4.3317,3.7012,2.7034,1.6508,0.97961,1.0372,1.6297,2.6087,3.1935,3.8643,3.9966,3.8511,3.3351,2.3034,0.59023,-1.0651,-3.4591,-4.6239,-3.3874,-0.7729,1.5179,3.2403,4.1407,5.091,5.5551,5.7589,5.7425,5.455,5.0914,4.2771,3.2838,1.8239,0.63216,-1.4384,-3.912,-6.0912,-9.9535,-14.576,-23.256
-8.5094,-6.3028,-4.2216,-2.6444,-1.8266,-0.9854,-0.43884,-0.20469,-0.027165,-0.016896,-0.072167,-0.217,-0.50289,-0.93033,-1.3672,-2.0118,-2.7119,-3.0337,-3.0859,-2.3592,-1.2177,-0.2709,0.86559,1.8387,2.3601,2.8962,3.0856,3.1236,2.8346,2.3803,1.6226,1.0025,0.087143,-0.69171,-1.1406,-1.4115,-1.5105,-1.4884,-1.5702,-1.7734,-2.1836,-2.5883,-3.3649,-4.1794,-5.0401,-6.0434,-7.4923,-8.987,-10.505,-13.331,-18.029,-23.469,-20.482,-14.532,-11.693,-9.2278,-7.7435,-6.8848,-6.5369,-6.2132,-5.9157,-5.5565,-4.9633,-4.2009,-3.5197,-3.0483,-2.6318,-2.3487,-2.2495,-2.217,-2.2187,-2.2208,-2.2003,-2.198,-2.2386,-2.3559,-2.7192,-3.2925,-4.0148,-5.279,-6.987,-8.5145,-10.142,-10.532,-8.9032,-7.3599,-5.3813,-3.6319,-2.6174,-1.2399,-0.26161,0.75876,1.3245,2.0774,2.6853,3.0884,3.5136,3.9025,4.0762,4.3676,4.5126,4.7263,4.8129,4.9907,5.1092,5.1947,5.2639,5.2389,5.1563,4.9085,4.538,3.9827,3.5032,2.6715,1.7836,0.98588,-0.17183,-1.5215,-3.0742,-4.3639,-6.0321,-6.8451,-6.4917,-5.1582,-3.5816,-2.5462,-1.3723,-0.47194,0.35957,0.86728,1.7192,2.5074,3.2697,4.2703,5.3144,6.0653,6.9716,7.7434,8.3613,8.672,8.9481,8.9627,8.8416,8.4595,7.8349,6.9476,6.1084,4.7484,3.182,1.9313,0.43051,-0.41363,-0.41854,0.20981,1.15,2.0344,2.6055,3.2044,3.6024,3.777,3.8897,3.8169,3.7773,3.5958,3.4409,3.4166,3.3904,3.5293,3.6265,3.7389,3.7034,3.4977,2.9296,2.2728,0.95352,-1.0129,-3.0246,-6.2605,-8.0304,-6.5521,-3.5844,-1.3294,0.18696,0.9519,1.5462,1.823,1.854,1.6858,1.3731,0.94467,0.24126,-0.78311,-2.0775,-3.3398,-5.3202,-7.7589,-9.8852,-12.932,-15.844,-18.032
-7.6194,-6.8636,-5.6172,-4.3435,-3.4397,-2.2407,-1.3484,-0.69328,-0.10432,0.36301,0.5646,0.678,0.61072,0.50289,0.3017,0.057579,-0.22573,-0.35276,-0.43095,-0.32647,-0.08497,0.18267,0.60391,1.0255,1.3294,1.6439,1.8833,1.9474,1.9703,1.8264,1.6013,1.3588,0.9642,0.53616,0.16578,-0.29492,-0.88354,-1.4768,-2.073,-2.8258,-3.8692,-4.5916,-5.7705,-6.6918,-7.4236,-8.2225,-8.9951,-9.8488,-10.658,-11.87,-13.109,-13.625,-13.046,-11.423,-10.046,-8.3601,-7.0872,-6.122,-5.5888,-5.061,-4.7204,-4.5435,-4.4094,-4.3976,-4.5417,-4.778,-5.275,-6.0295,-6.7418,-7.7872,-8.7521,-9.1408,-9.0956,-8.465,-7.8401,-7.4868,-7.3595,-7.7839,-8.4016,-9.9578,-12.335,-14.81,-19.847,-20.987,-16.142,-13.298,-10.36,-8.1779,-6.8088,-5.1728,-3.8475,-2.5767,-1.8904,-0.8842,-0.21552,0.26087,0.78902,1.1669,1.4594,1.7426,2.0507,2.3122,2.5245,2.7541,2.9362,2.9929,2.9819,2.7834,2.5337,1.9909,1.2241,0.21759,-0.66401,-1.8996,-3.1125,-3.7838,-4.3951,-4.56,-4.577,-4.5251,-4.3767,-4.214,-3.9997,-3.6945,-3.402,-3.2527,-3.1952,-3.3282,-3.5648,-3.7009,-3.6738,-2.8141,-1.8781,-0.074656,1.671,2.9214,4.4117,5.6029,6.5519,7.0849,7.5635,7.8005,7.8162,7.6485,7.2414,6.6452,6.0778,5.2027,4.2536,3.5319,2.6428,1.9024,1.4779,1.1121,0.94247,0.92007,1.011,1.1729,1.3906,1.6027,1.7697,1.993,2.0783,2.1924,2.3199,2.4463,2.5683,2.7702,2.9478,3.0885,3.1365,3.14,2.9026,2.6486,2.0583,1.3924,0.76245,0.090906,-0.44244,-0.61827,-0.70637,-0.76002,-0.98156,-1.1879,-1.7456,-2.2548,-2.7063,-3.1167,-3.4492,-3.6333,-3.908,-4.4829,-5.2496,-6.2435,-7.72,-10.008,-12.004,-15.974,-21.324,-29.004
-9.4521,-9.4208,-8.1278,-6.3545,-4.7555,-2.9826,-1.3837,-0.45736,0.57486,1.2831,1.7494,1.9284,2.0082,1.8625,1.6643,1.241,0.75921,0.34834,-0.11347,-0.52588,-0.7057,-0.72502,-0.51881,-0.21537,0.1055,0.46779,0.85507,1.0483,1.3135,1.4343,1.514,1.4731,1.358,1.1006,0.84451,0.31062,-0.34626,-1.2868,-2.1144,-3.5983,-5.4038,-7.0699,-9.4424,-11.709,-12.229,-11.85,-10.444,-9.4883,-8.866,-8.2883,-7.7746,-7.4728,-6.8954,-6.3122,-5.7597,-5.1212,-4.4955,-4.0347,-3.7656,-3.5726,-3.5105,-3.5903,-3.7995,-4.2361,-4.85,-5.5264,-6.6787,-8.3634,-10.073,-13.406,-19.419,-29.256,-20.896,-14.553,-11.421,-10.015,-8.957,-8.6939,-8.8084,-9.5033,-10.417,-11.403,-12.322,-13.142,-13.218,-13.08,-12.215,-11.211,-9.9468,-8.4825,-6.7405,-5.4805,-4.454,-3.5263,-2.7355,-2.358,-1.9801,-1.818,-1.6613,-1.551,-1.1981,-0.80993,-0.37065,0.16938,0.68709,0.97179,1.1436,1.0832,0.81325,0.17502,-0.91716,-2.5071,-4.1949,-7.1629,-11.556,-14.614,-13.093,-9.3203,-6.7049,-5.3728,-4.159,-3.3943,-3.0719,-2.8632,-2.977,-3.255,-4.0123,-5.2625,-7.5312,-10.106,-17.524,-17.405,-9.9121,-4.6122,-0.94892,1.0386,3.1565,4.7827,5.9821,6.6851,7.3184,7.7026,7.8054,7.7322,7.4334,6.9243,6.4186,5.6063,4.6371,3.847,2.7111,1.5368,0.65575,-0.44018,-1.3572,-1.91,-2.0768,-1.9458,-1.5458,-1.1924,-0.71898,-0.31937,-0.15992,0.069594,0.23721,0.39991,0.67957,1.0823,1.71,2.1473,2.8125,3.3082,3.7375,3.8903,3.9884,3.8659,3.7104,3.3223,2.8341,2.3454,1.5224,0.4416,-0.99051,-2.4207,-4.6991,-7.6976,-9.7994,-10.892,-9.5774,-8.1732,-6.9666,-6.2112,-6.1449,-6.2647,-7.0028,-7.9571,-9.0361,-10.523,-12.061,-12.786
-17.596,-28.161,-13.575,-7.8959,-4.8657,-2.2672,-0.11541,0.98497,2.2013,2.9931,3.5399,3.6817,3.7016,3.3469,2.9388,2.0503,0.90009,-0.22398,-1.8653,-3.5773,-4.6536,-4.7672,-4.0641,-3.0195,-2.2769,-1.4429,-0.79401,-0.3708,0.10865,0.55785,0.94923,1.1904,1.4359,1.5035,1.4625,1.1549,0.64715,-0.18715,-1.0252,-2.5868,-4.6723,-6.7906,-10.669,-16.132,-18.233,-13.116,-9.564,-7.1856,-5.9928,-4.8748,-4.0882,-3.6476,-3.178,-2.8063,-2.5692,-2.3248,-2.129,-2.0194,-1.9985,-2.0788,-2.2765,-2.5367,-3.0147,-3.6841,-4.4811,-5.1987,-6.2579,-7.4605,-8.4742,-9.8624,-11.096,-11.502,-11.023,-9.6742,-8.3593,-7.5058,-6.8133,-6.5063,-6.6025,-7.0368,-7.9319,-8.8294,-10.303,-12.202,-14.833,-17.196,-19.75,-18.723,-15.397,-12.316,-9.3117,-7.6202,-6.2051,-5.2736,-4.5079,-4.3686,-4.6077,-5.2786,-6.1262,-7.1829,-7.4574,-6.2423,-4.798,-2.9257,-1.4289,-0.57819,0.14338,0.51439,0.49425,0.17147,-0.57851,-1.7305,-2.9687,-4.9241,-7.1974,-8.2209,-7.8144,-5.9939,-4.2154,-3.1293,-2.1445,-1.5113,-1.3009,-1.2674,-1.5122,-1.844,-2.5288,-3.3568,-4.454,-5.0878,-5.7877,-4.9879,-3.798,-1.4208,0.79628,2.3447,4.1182,5.5507,6.685,7.3359,7.9741,8.3339,8.4396,8.3449,8.0211,7.4591,6.8837,5.9078,4.693,3.6259,1.9666,0.0079502,-1.6959,-4.379,-7.5058,-10.169,-10.395,-8.2236,-5.8881,-4.6041,-3.3288,-2.6975,-2.5592,-2.7499,-3.3696,-4.0115,-4.0588,-3.2231,-1.3061,0.16179,2.1149,3.5708,4.8049,5.4332,6.0901,6.3819,6.4874,6.3129,5.9151,5.3942,4.4438,3.1067,1.3231,-0.43575,-3.3282,-7.2101,-10.406,-11.989,-9.9092,-7.949,-6.4837,-5.3311,-4.8275,-4.4344,-4.3273,-4.1798,-4.2443,-4.1898,-4.1711,-3.9657
-4.9295,-5.0726,-4.2416,-2.8736,-1.6318,-0.026217,1.3694,2.2997,3.2465,3.973,4.3893,4.5239,4.4209,3.9797,3.4114,2.2428,0.55057,-1.2833,-4.5871,-10.339,-23.266,-16.871,-9.8443,-6.7463,-5.7091,-4.8992,-4.7744,-4.5499,-4.1885,-3.2278,-2.1762,-1.3106,-0.4029,0.27196,0.55699,0.74018,0.61593,0.27735,-0.14808,-0.88466,-1.7795,-2.6025,-3.5161,-4.3187,-4.4732,-4.3371,-3.8126,-3.1955,-2.7775,-2.354,-2.1258,-2.0027,-2.0267,-2.0405,-2.1433,-2.2087,-2.3101,-2.3796,-2.4776,-2.6645,-3.0087,-3.3727,-4.1036,-5.0111,-6.1276,-6.9473,-7.9638,-8.5054,-8.5759,-8.3078,-7.7376,-7.2288,-6.4577,-5.6726,-4.9526,-4.5487,-4.2393,-4.1571,-4.3969,-4.878,-5.8613,-6.7431,-8.5118,-10.657,-13.351,-15.756,-18.025,-17.993,-15.701,-13.444,-10.812,-8.9291,-7.6563,-6.5503,-5.8879,-5.7781,-6.3223,-7.6672,-9.6828,-14.114,-18.624,-12.659,-8.6162,-5.3157,-3.1174,-2.0248,-0.98853,-0.40347,-0.14765,-0.069565,-0.16575,-0.40249,-0.66012,-0.99416,-1.2901,-1.3277,-1.2604,-0.93957,-0.61834,-0.36719,-0.20487,-0.24202,-0.38653,-0.81112,-1.3719,-1.8673,-2.487,-2.9707,-3.1049,-2.9784,-2.3936,-1.4553,-0.56748,0.76394,2.1505,3.185,4.4369,5.5227,6.4353,6.9536,7.4908,7.7579,7.8239,7.686,7.2968,6.6394,5.9672,4.8256,3.4162,2.1461,0.21626,-2.0552,-3.9839,-6.9653,-10.436,-13.581,-13.628,-10.669,-7.8242,-6.2768,-4.783,-4.2745,-4.1438,-5.0654,-7.1387,-11.597,-18.706,-12.827,-5.3051,-2.015,1.2239,3.5083,5.2219,6.2057,7.1802,7.8229,8.0806,8.184,7.9752,7.6351,6.9233,5.8974,4.6094,3.4428,1.7252,-0.056224,-1.3045,-2.7386,-3.8017,-4.472,-5.041,-5.3058,-4.9885,-4.5674,-3.6707,-2.8429,-2.213,-1.5298,-0.95825,-0.43488
-3.0113,-2.8613,-2.2949,-1.448,-0.74187,0.29084,1.2533,1.9644,2.7762,3.4284,3.837,4.0454,4.0343,3.8169,3.406,2.6456,1.499,0.48551,-1.194,-2.86,-4.1995,-4.8213,-5.2061,-5.6921,-6.3106,-8.1036,-11.334,-15.875,-19.249,-11.843,-7.4613,-5.3115,-3.4838,-2.287,-1.7714,-1.3079,-1.1166,-1.0802,-1.077,-1.1574,-1.2301,-1.3249,-1.3854,-1.4944,-1.4751,-1.5301,-1.485,-1.5884,-1.7069,-2.0248,-2.5014,-3.0082,-3.7928,-4.7001,-5.3099,-5.9182,-6.1362,-6.0216,-5.8321,-5.6512,-5.7336,-6.0228,-6.8202,-8.1654,-10.383,-12.74,-17.179,-19.096,-15.817,-11.708,-8.8541,-7.2776,-5.6698,-4.5469,-3.6783,-3.262,-2.8975,-2.8873,-3.0237,-3.5552,-4.3054,-5.1879,-6.4869,-8.2886,-10.159,-11.834,-13.818,-15.517,-16.133,-15.204,-13.176,-10.623,-9.1988,-7.4992,-6.4758,-5.9645,-5.6654,-5.8301,-5.995,-6.3357,-6.3327,-5.7687,-5.2277,-4.3175,-3.6011,-3.1926,-2.837,-2.6779,-2.5668,-2.4187,-2.1685,-1.8559,-1.5213,-1.1445,-0.69616,-0.45331,-0.11237,0.086479,0.19628,0.12139,-0.12162,-0.66978,-1.2687,-2.3813,-3.8821,-5.277,-7.2539,-8.8779,-8.7208,-7.7044,-5.6045,-3.7749,-2.3668,-0.87624,0.5485,1.4617,2.5255,3.4998,4.2472,4.7374,5.1741,5.451,5.4929,5.3659,4.967,4.2819,3.5721,2.3595,0.77976,-0.62545,-2.8348,-5.3006,-7.1615,-9.256,-10.299,-10.097,-9.4668,-8.1299,-6.6829,-5.7364,-4.6905,-3.9885,-3.7776,-3.7124,-3.8414,-3.984,-3.6808,-2.8083,-1.2292,0.17368,2.0044,3.7444,5.182,6.1577,7.1623,7.9595,8.3389,8.6592,8.6854,8.5456,8.1071,7.4213,6.4862,5.6211,4.2903,2.6822,1.3849,-0.66825,-3.0935,-5.4437,-9.3513,-14.287,-12.888,-9.7196,-6.1872,-3.9574,-2.641,-1.4645,-0.55883,-0.028229
-6.8378,-6.016,-4.906,-3.5733,-2.6897,-1.5003,-0.4162,0.30058,1.2151,1.947,2.5953,2.9328,3.2802,3.4129,3.3843,3.1827,2.7645,2.3856,1.686,0.96079,0.15739,-0.47583,-1.3591,-2.4457,-3.3648,-4.9621,-6.6999,-7.8384,-8.4285,-7.5234,-6.1408,-5.2876,-4.4192,-4.0793,-3.9661,-4.1384,-4.288,-4.3216,-4.1482,-3.6654,-3.0561,-2.5077,-1.9828,-1.4714,-1.295,-1.1124,-1.1921,-1.46,-1.842,-2.6131,-3.7196,-4.8902,-6.8835,-9.7483,-12.512,-16.66,-16.108,-12.69,-10.655,-8.9081,-7.9443,-7.6814,-7.7969,-8.5248,-9.8165,-11.076,-12.774,-13.029,-11.838,-9.5454,-7.4222,-6.0815,-4.6271,-3.5125,-2.7289,-2.2849,-1.9247,-1.816,-1.8627,-2.2105,-2.8022,-3.4227,-4.5628,-5.9723,-7.906,-9.6504,-12.877,-17.818,-22.66,-20.57,-14.739,-10.698,-8.9991,-6.9591,-5.697,-4.9974,-4.3379,-3.9469,-3.7948,-3.6456,-3.6657,-3.6121,-3.7304,-3.8963,-4.3602,-4.822,-5.7843,-6.8975,-7.7697,-8.2658,-7.6771,-6.197,-4.9794,-3.434,-2.1936,-1.4609,-0.72434,-0.28762,-0.10502,-0.1723,-0.52298,-1.2017,-1.993,-3.4355,-5.5065,-7.6437,-11.673,-17.836,-17.149,-12.791,-9.0127,-6.2789,-5.0283,-3.4425,-2.3376,-1.5675,-0.63716,0.16421,0.92433,1.4193,1.9657,2.3612,2.5136,2.519,2.2727,1.7597,1.1671,0.045554,-1.4795,-2.9691,-5.5196,-9.0987,-13.018,-23.63,-22.454,-13.908,-10.804,-8.1216,-6.2503,-5.1213,-4.1278,-3.263,-2.9475,-2.4877,-2.2009,-1.842,-1.5606,-0.90706,-0.089851,0.77586,1.9587,3.3253,4.6293,5.5749,6.6952,7.6097,8.177,8.6892,8.9724,9.0041,8.8311,8.4107,7.7203,7.0663,5.9426,4.6056,3.3777,1.5303,-0.70178,-2.5729,-5.2822,-7.4753,-7.4459,-6.3444,-4.5608,-2.9989,-2.1201,-1.1803,-0.61145,-0.2999
-15.652,-12.176,-9.3989,-7.3799,-6.198,-4.7933,-3.6016,-2.7452,-1.72,-0.70208,0.2414,0.87704,1.6602,2.2601,2.6502,2.9598,3.1373,3.1101,3.006,2.7171,2.2861,1.9092,1.2645,0.56247,-0.050511,-0.84401,-1.6148,-2.1491,-2.6522,-3.0705,-3.3459,-3.6685,-4.2327,-5.2021,-6.2512,-8.3069,-11.201,-13.53,-12.739,-9.5295,-6.6524,-5.0812,-3.4825,-2.4375,-1.9225,-1.5301,-1.5056,-1.732,-2.1163,-2.9082,-4.0596,-5.1831,-7.0828,-9.5338,-11.567,-13.942,-13.974,-12.146,-10.702,-9.1313,-8.0495,-7.4924,-7.0568,-6.892,-6.8183,-6.8327,-6.7228,-6.4624,-6.0921,-5.4364,-4.6654,-4.0915,-3.39,-2.7187,-2.1747,-1.813,-1.4643,-1.1997,-1.1435,-1.1501,-1.4137,-1.7007,-2.3401,-3.1731,-4.1999,-5.1134,-6.2997,-7.3988,-7.9072,-7.8718,-7.4438,-6.494,-5.872,-4.9995,-4.2846,-3.8449,-3.4322,-3.08,-2.9712,-2.8784,-2.9106,-3.2055,-3.4642,-4.167,-5.1565,-6.2362,-8.2797,-11.417,-15.419,-27.256,-17.833,-11.23,-8.2703,-5.5733,-3.6948,-2.6069,-1.5924,-0.89777,-0.58336,-0.50844,-0.71691,-1.189,-1.7475,-2.7146,-3.934,-4.9236,-6.2499,-7.2718,-7.6914,-7.7774,-7.3308,-7.0541,-6.714,-6.5343,-6.3075,-6.1248,-5.6088,-4.9294,-3.9374,-3.2253,-2.247,-1.511,-1.0501,-0.69134,-0.56692,-0.70044,-0.98107,-1.6105,-2.5107,-3.3753,-4.7692,-6.3494,-7.5313,-8.6683,-8.7932,-8.0101,-7.0654,-5.845,-4.7884,-4.1179,-3.4595,-3.0552,-2.826,-2.7967,-2.9305,-3.1434,-3.368,-3.4146,-3.0842,-2.4281,-1.0183,0.75272,2.6284,3.9086,5.4819,6.761,7.5635,8.3653,8.9005,9.1166,9.1849,8.9863,8.5456,8.0644,7.2195,6.1872,5.2821,3.9518,2.565,1.4938,0.24563,-0.78378,-1.4044,-1.6218,-1.6382,-1.4221,-1.2618,-0.99678,-0.8943,-0.88512
-12.804,-12.43,-11.358,-10.669,-9.8567,-9.156,-8.1438,-7.4095,-6.2422,-4.8692,-3.4339,-2.2559,-0.85889,0.45633,1.2694,2.1848,2.8592,3.1988,3.4802,3.5298,3.406,3.2001,2.7886,2.272,1.8144,1.1835,0.52653,0.039882,-0.57176,-1.1766,-1.8366,-2.3403,-3.2563,-4.4241,-5.6204,-7.7298,-10.219,-12.279,-11.721,-8.9241,-6.4503,-4.936,-3.4658,-2.5198,-1.9874,-1.6771,-1.579,-1.7879,-2.0904,-2.6601,-3.4655,-4.1411,-5.1896,-6.2676,-7.0008,-7.8036,-8.2156,-8.303,-8.1827,-7.8395,-7.3702,-6.9661,-6.4333,-5.8704,-5.3717,-5.0302,-4.6214,-4.2749,-4.0617,-3.819,-3.637,-3.5238,-3.3814,-3.2041,-2.8647,-2.5467,-1.9907,-1.4197,-1.0267,-0.59648,-0.32558,-0.28224,-0.33301,-0.618,-1.034,-1.3985,-1.9734,-2.458,-2.8633,-3.2188,-3.4489,-3.7024,-3.643,-3.7594,-3.6571,-3.5852,-3.4276,-3.2595,-3.1108,-3.0288,-3.0022,-3.195,-3.4372,-3.9832,-4.7389,-5.4811,-6.6198,-7.8616,-8.6702,-9.1654,-8.769,-7.5979,-6.4744,-5.0033,-3.6229,-2.7856,-1.8327,-1.1613,-0.74389,-0.60945,-0.64184,-0.9414,-1.2958,-1.9553,-2.7602,-3.415,-4.3397,-5.1843,-6.0238,-6.5645,-7.3757,-8.3948,-9.1178,-10.79,-12.695,-14.441,-15.709,-13.572,-10.834,-8.8744,-6.9935,-5.5277,-4.7455,-3.9266,-3.4063,-3.1325,-3.0492,-3.0584,-3.2639,-3.4795,-3.8712,-4.2606,-4.5087,-4.6946,-4.6824,-4.4813,-4.2084,-3.7855,-3.3677,-3.1703,-2.9113,-2.9796,-3.0806,-3.5946,-4.4117,-5.8304,-7.2721,-10.574,-15.127,-14.567,-8.0107,-3.3853,0.12617,2.1367,4.3531,6.0866,7.1057,8.1773,8.9053,9.2678,9.4924,9.4513,9.1736,8.7898,8.1196,7.2171,6.4495,5.2785,3.9891,3.0145,1.658,0.43268,-0.67563,-1.3239,-1.9004,-2.1676,-2.1307,-2.0195,-1.7954,-1.7386
-12.327,-13.456,-14.561,-15.139,-15.232,-15.122,-14.999,-14.967,-14.062,-11.889,-8.6375,-6.3731,-3.5633,-1.3047,0.094501,1.6055,2.7094,3.3655,3.8862,4.1631,4.1764,4.0053,3.6278,3.0286,2.5052,1.6993,0.86273,0.31329,-0.37937,-0.8478,-1.2153,-1.4364,-1.7418,-2.1286,-2.4553,-2.9512,-3.3777,-3.562,-3.5093,-3.1516,-2.6495,-2.2278,-1.8153,-1.4613,-1.3729,-1.3383,-1.4609,-1.7497,-2.0404,-2.5341,-3.118,-3.6115,-4.3529,-5.0893,-5.7207,-6.5079,-7.2987,-8.0263,-8.4645,-8.813,-8.665,-8.2213,-7.2232,-6.0854,-5.0314,-4.3362,-3.6559,-3.2209,-3.101,-3.227,-3.7124,-4.3033,-5.3101,-6.3397,-6.6208,-6.0086,-4.3994,-2.6537,-1.4593,-0.2427,0.66423,1.1029,1.4496,1.5459,1.4033,1.1894,0.74726,0.16373,-0.30728,-1.1241,-1.9401,-2.8672,-3.5941,-4.456,-5.1459,-5.3843,-5.2473,-4.8561,-4.3868,-3.852,-3.5075,-3.2651,-3.3478,-3.5533,-4.0201,-4.4921,-5.1914,-5.9259,-6.3455,-6.7226,-6.6573,-6.1193,-5.5508,-4.4814,-3.424,-2.6276,-1.7264,-1.044,-0.56147,-0.40336,-0.38164,-0.63249,-0.96865,-1.6296,-2.4643,-3.2094,-4.2776,-5.3857,-6.5086,-7.2081,-8.3347,-9.3048,-10.399,-12.141,-14.552,-17.134,-19.054,-16.695,-13.23,-11.43,-9.5426,-8.3245,-7.6877,-6.9749,-6.3675,-5.7765,-5.3593,-4.8876,-4.5418,-4.3919,-4.2696,-4.2409,-4.2237,-4.1711,-4.0364,-3.7647,-3.5452,-3.1902,-2.87,-2.6915,-2.6174,-2.6792,-2.9946,-3.4848,-4.2979,-5.3424,-6.374,-7.6405,-8.3634,-7.6407,-5.0554,-2.0332,0.84842,2.7128,4.8286,6.5557,7.6018,8.7051,9.4886,9.8794,10.147,10.156,9.9015,9.5553,8.8825,7.9871,7.163,5.88,4.3587,3.0664,1.1143,-1.0919,-3.4777,-5.2309,-6.8226,-6.8294,-5.9561,-4.5721,-3.334,-2.4892
-14.292,-17.316,-25.09,-28.641,-24.169,-19.987,-19.834,-21.404,-25.591,-18.744,-11.838,-8.0795,-4.3345,-1.5532,0.1689,1.9175,3.229,3.981,4.6084,4.9405,4.9278,4.6878,4.1196,3.1823,2.2781,0.76753,-1.0098,-2.2602,-3.498,-3.5829,-2.8029,-2.1083,-1.2176,-0.60836,-0.29735,-0.04813,-0.012151,0.01166,-0.029806,-0.14474,-0.24994,-0.40188,-0.64381,-0.9078,-1.2345,-1.6083,-2.0737,-2.5492,-2.899,-3.4193,-3.9007,-4.301,-4.859,-5.4521,-6.0446,-6.944,-8.2689,-10.136,-12.08,-15.675,-17.537,-14.715,-10.259,-7.0791,-4.7843,-3.5245,-2.3676,-1.7245,-1.5647,-1.8219,-2.7075,-3.9008,-6.5523,-11.571,-21.869,-13.472,-6.4995,-2.6653,-0.75323,1.0496,2.2615,2.8683,3.3402,3.5237,3.416,3.1688,2.6584,1.8759,1.1946,-0.002164,-1.5278,-3.3429,-5.2659,-8.2115,-12.047,-13.863,-11.821,-8.6732,-6.7473,-4.9871,-3.9224,-3.2296,-3.0977,-3.1656,-3.6305,-4.2167,-5.2542,-6.6545,-7.816,-9.4037,-10.176,-9.3647,-8.0549,-5.9849,-4.2028,-2.9915,-1.763,-0.84945,-0.25923,-0.044831,-0.013524,-0.28547,-0.69807,-1.5434,-2.7169,-3.8618,-5.6212,-7.6042,-9.5328,-10.33,-10.851,-10.329,-10.321,-10.023,-10.084,-10.194,-10.257,-10.005,-9.7527,-9.7703,-9.8284,-10.446,-10.989,-11.673,-11.324,-9.9373,-8.706,-7.3421,-6.36,-5.9602,-5.722,-5.8362,-6.013,-6.2209,-6.1006,-5.5132,-4.9385,-4.0271,-3.2761,-2.81,-2.5506,-2.4595,-2.755,-3.2259,-3.9694,-4.6156,-5.0135,-4.8087,-3.9443,-2.8606,-0.93882,1.0799,3.1869,4.6546,6.3859,7.8752,8.7841,9.7522,10.44,10.764,10.97,10.927,10.62,10.252,9.5307,8.5907,7.7156,6.3282,4.6657,3.1523,0.82594,-2.1184,-6.122,-10.182,-18.361,-14.098,-9.6721,-6.0887,-3.8983,-2.3383
-11.571,-13.217,-14.958,-15.965,-15.741,-14.543,-13.496,-12.512,-11.071,-9.1408,-6.696,-4.8422,-2.5234,-0.39893,0.92094,2.441,3.634,4.2617,4.8929,5.1608,5.0959,4.8435,4.1279,2.9885,1.7809,-0.53026,-3.9711,-8.1944,-21.758,-12.689,-6.0164,-3.5168,-1.3457,-0.053457,0.53721,1.0038,1.1144,0.99653,0.78378,0.29516,-0.29334,-0.91161,-1.7329,-2.7183,-3.4823,-4.4345,-5.4234,-6.187,-6.6631,-7.168,-7.4404,-7.6314,-7.6723,-7.7889,-7.8217,-8.0499,-8.6134,-9.5451,-10.564,-12.038,-12.204,-10.708,-7.7851,-5.0786,-2.9644,-1.7353,-0.5056,0.26303,0.57791,0.66202,0.40168,-0.00081067,-0.70135,-1.318,-1.4278,-1.0319,0.080963,1.3603,2.2558,3.2618,3.9646,4.338,4.5473,4.5187,4.2502,3.878,3.2251,2.3561,1.5208,0.29774,-1.2885,-3.2047,-4.8308,-7.659,-10.453,-11.676,-10.484,-7.9612,-6.5041,-4.8272,-3.7898,-3.2614,-3.0311,-3.1898,-3.7069,-4.3395,-5.6982,-7.7358,-9.9099,-14.622,-22.535,-16.381,-11.646,-7.7266,-5.0529,-3.6728,-2.2346,-1.2311,-0.62392,-0.33916,-0.28567,-0.51179,-0.94653,-1.8365,-3.2322,-4.68,-7.3079,-11.452,-19.431,-39.166,-17.211,-12.428,-10.248,-8.5638,-7.7287,-7.2769,-7.134,-7.1243,-7.587,-8.1403,-9.489,-11.882,-14.669,-22.212,-23.38,-14.704,-11.466,-8.9288,-7.5662,-7.1865,-7.499,-8.7441,-10.46,-13.932,-16.252,-12.44,-9.3119,-6.3148,-4.3761,-3.4406,-2.8004,-2.7582,-3.0017,-4.0664,-5.8243,-8.7243,-11.378,-12.291,-7.5937,-4.4314,-0.8718,1.8722,4.1143,5.5801,7.1665,8.4655,9.2299,10.001,10.501,10.699,10.755,10.57,10.171,9.7434,8.9862,8.0343,7.1988,5.8831,4.3656,3.0776,1.1627,-0.86162,-2.943,-4.2714,-5.462,-5.7644,-5.3231,-4.3385,-3.1978,-1.9607
-9.528,-9.8085,-10.288,-10.34,-10.35,-10.144,-9.38,-8.7971,-7.6814,-6.2415,-4.6899,-3.5048,-1.8426,-0.35403,0.65484,1.8466,2.7794,3.3357,3.8657,4.1238,4.1487,4.0063,3.5602,2.8454,2.1162,0.9007,-0.47227,-1.4622,-2.3454,-2.358,-1.6518,-0.98813,-0.21477,0.35139,0.55194,0.57105,0.37899,-0.14266,-0.70246,-1.602,-2.8543,-3.9233,-5.5932,-7.6531,-9.1768,-11.453,-13.38,-14.626,-15.213,-15.415,-15.634,-15.394,-14.659,-13.35,-12.146,-10.711,-9.3795,-8.3355,-7.6582,-6.7395,-5.707,-4.8147,-3.4888,-2.1407,-0.89348,-0.062539,0.84241,1.5268,1.8902,2.2065,2.3663,2.4168,2.4415,2.4889,2.6287,2.8245,3.1482,3.5201,3.8028,4.0848,4.2358,4.2325,4.0773,3.6969,3.128,2.6012,1.7095,0.72321,-0.095204,-1.2655,-2.3468,-3.473,-4.2802,-5.0574,-5.7402,-5.9168,-5.8266,-5.3998,-5.0819,-4.5634,-4.1421,-3.9752,-3.932,-4.1002,-4.4744,-4.8793,-5.6411,-6.5065,-7.2441,-8.0685,-8.3919,-7.9977,-7.3577,-6.1583,-5.0332,-4.2836,-3.4332,-2.8035,-2.3221,-2.0634,-1.8743,-1.9134,-2.0887,-2.5616,-3.3387,-4.1211,-5.4289,-6.9775,-8.2976,-8.7759,-8.7687,-7.9985,-7.2775,-6.6554,-6.0907,-5.868,-5.7125,-5.8833,-6.2021,-6.52,-7.2528,-8.088,-8.6684,-9.3348,-9.2487,-8.4799,-7.7609,-6.9085,-6.4164,-6.3505,-6.7866,-7.8019,-8.9802,-10.78,-11.472,-9.8058,-7.9541,-5.7664,-4.1333,-3.3238,-2.6257,-2.546,-2.736,-3.477,-4.748,-6.4565,-7.7448,-7.6105,-5.1337,-2.912,-0.092847,2.2678,4.1415,5.3505,6.6567,7.6302,8.1983,8.68,8.8882,8.886,8.6637,8.2277,7.6369,7.078,6.2681,5.3593,4.5975,3.4985,2.2119,1.1514,-0.46489,-2.3578,-4.3255,-5.8053,-7.4642,-8.0464,-7.8054,-6.5509,-4.9662,-3.6727
-8.6145,-8.4735,-8.6477,-8.9765,-9.2343,-9.5828,-9.5917,-9.2955,-8.2515,-6.8107,-5.1719,-3.8693,-2.3525,-0.99482,-0.076393,0.87656,1.6374,2.1035,2.505,2.8047,2.9642,2.9797,2.9543,2.8075,2.615,2.3407,2.0012,1.7496,1.5135,1.3355,1.2363,1.2042,1.0901,0.86631,0.61014,0.0853,-0.63566,-1.5555,-2.4239,-3.777,-5.4733,-6.9222,-9.3908,-12.585,-15.407,-21.444,-31.561,-30.462,-26.183,-24.807,-26.953,-31.309,-30.624,-21.071,-17.046,-13.066,-10.175,-7.9142,-6.4872,-4.8626,-3.4497,-2.4749,-1.3145,-0.27364,0.64535,1.2257,1.8708,2.3705,2.6536,2.9272,3.1055,3.2055,3.3196,3.4331,3.5613,3.6751,3.8074,3.9293,3.967,3.9312,3.7649,3.502,3.0085,2.2963,1.3478,0.50499,-0.79223,-2.2608,-3.3216,-4.7021,-5.774,-6.291,-6.5624,-6.4762,-6.2615,-6.0592,-5.7646,-5.5166,-5.2503,-5.1558,-5.1015,-5.1106,-5.3026,-5.4889,-5.7327,-5.9654,-6.1532,-6.2917,-6.3763,-6.356,-6.2653,-6.1204,-5.8912,-5.6937,-5.5356,-5.3925,-5.3384,-5.2156,-4.9485,-4.6948,-4.1861,-3.694,-3.3469,-3.0733,-2.9875,-3.0558,-3.3268,-3.6732,-3.9887,-4.2713,-4.4739,-4.5374,-4.7104,-4.7333,-4.814,-4.9333,-5.0357,-5.1935,-5.2673,-5.3415,-5.3686,-5.3044,-5.2633,-5.0904,-4.8081,-4.475,-4.2102,-3.8819,-3.7063,-3.6739,-3.7396,-3.9456,-4.1158,-4.2578,-4.1622,-3.8089,-3.3546,-2.6986,-2.0676,-1.6628,-1.2582,-1.0081,-1.0326,-1.0685,-1.2195,-1.2628,-1.1639,-0.72878,0.12454,0.93533,2.1526,3.4389,4.6078,5.3694,6.2393,6.8503,7.1378,7.2697,7.0973,6.768,6.064,5.1114,3.9752,3.0953,2.0413,1.2386,0.7715,0.21443,-0.45121,-1.1729,-2.4241,-4.2616,-6.9145,-9.7306,-16.198,-35.27,-17.156,-10.587,-7.2396,-5.0961
-5.982,-6.1387,-6.6588,-7.8887,-9.2801,-11.768,-15.774,-17.316,-13.682,-9.2998,-6.0436,-4.2686,-2.3968,-1.0062,-0.27501,0.43758,0.87998,1.0363,1.1715,1.2828,1.4482,1.6536,2.0176,2.4211,2.7163,3.0301,3.2384,3.321,3.3214,3.2125,2.9603,2.6767,2.1888,1.5116,0.90255,-0.033666,-1.1944,-2.4787,-3.4543,-5.041,-6.6833,-7.995,-10.177,-12.485,-14.427,-17.393,-19.739,-20.899,-21.143,-21.237,-20.987,-20.627,-19.121,-16.23,-13.823,-10.866,-8.197,-5.9375,-4.4649,-2.7606,-1.3162,-0.39786,0.65141,1.5113,2.1785,2.5605,2.9311,3.1409,3.2138,3.2164,3.1566,3.1006,3.0626,3.1079,3.2413,3.3705,3.5889,3.7538,3.7997,3.741,3.4739,3.139,2.4249,1.4338,0.12683,-1.1513,-3.1764,-5.7054,-8.1002,-11.567,-14.371,-13.73,-11.796,-9.8945,-8.1983,-7.3772,-6.5595,-6.094,-5.8869,-5.8758,-6.1699,-6.6337,-7.0861,-7.7485,-8.2508,-8.3904,-8.1769,-7.6865,-7.1532,-6.5025,-5.9764,-5.6299,-5.5443,-5.7393,-6.2611,-6.9843,-8.3118,-9.7932,-10.491,-9.7395,-7.6876,-5.5564,-4.2738,-2.9642,-2.1016,-1.7034,-1.4257,-1.3626,-1.5144,-1.7392,-2.0779,-2.607,-3.0469,-3.6447,-4.3828,-4.8756,-5.5056,-5.7522,-5.714,-5.4828,-4.8603,-4.1554,-3.6075,-2.8466,-2.2115,-1.6754,-1.3387,-1.0016,-0.78599,-0.71025,-0.69288,-0.75271,-0.80626,-0.85247,-0.8319,-0.72,-0.56987,-0.30126,0.010396,0.25385,0.5026,0.74354,0.86138,0.94442,1.0197,1.1049,1.2771,1.5753,2.0786,2.6162,3.405,4.2965,5.2127,5.802,6.4685,6.9249,7.0462,6.946,6.4596,5.7859,4.4443,2.4732,-0.28635,-2.8412,-6.0707,-6.2499,-4.6891,-2.9486,-1.977,-1.727,-1.9918,-2.6868,-3.7614,-4.845,-6.0319,-6.5014,-6.2769,-5.3663,-4.2069,-3.2568
-1.9265,-2.2564,-2.9974,-4.1015,-5.2672,-7.2509,-9.2535,-9.7702,-8.223,-5.7006,-3.4841,-2.1382,-0.78905,0.031188,0.34957,0.42351,0.024103,-0.56386,-1.5516,-2.6226,-2.9342,-2.3138,-0.86611,0.77043,1.8507,2.9543,3.7476,4.1318,4.3542,4.3192,4.0203,3.5998,2.8221,1.7894,0.82741,-0.65972,-2.3265,-4.1159,-5.4412,-6.9596,-8.211,-9.0665,-10.079,-11.054,-12.045,-13.344,-14.358,-15.358,-15.861,-15.981,-15.449,-14.704,-13.039,-10.962,-9.3831,-7.1533,-5.0701,-3.1947,-1.9443,-0.47418,0.75182,1.5102,2.3405,2.9393,3.3216,3.4805,3.4916,3.2816,2.9776,2.3951,1.6684,1.0999,0.5012,0.33972,0.7255,1.2614,2.0733,2.7552,3.1325,3.3609,3.2603,2.9805,2.298,1.2405,-0.18891,-1.511,-3.7373,-6.5375,-8.9719,-13.032,-16.417,-15.24,-12.899,-10.567,-8.7805,-7.7977,-6.8626,-6.3278,-6.3287,-6.4668,-7.1087,-8.4407,-9.706,-12.302,-15.802,-17.071,-14.744,-11.206,-9.1516,-7.1585,-5.7797,-4.9375,-4.7145,-4.7571,-5.408,-6.47,-8.7292,-12.64,-17,-14.002,-8.5496,-5.0245,-3.1939,-1.4841,-0.38493,0.14339,0.53115,0.57041,0.31323,0.018271,-0.6516,-1.5882,-2.324,-3.7253,-5.4459,-6.9461,-9.2958,-11.221,-10.997,-9.2291,-6.7161,-4.5002,-3.0966,-1.6342,-0.49949,0.35329,0.81946,1.2154,1.4148,1.4334,1.2849,1.0138,0.74621,0.37261,0.063381,-0.058438,-0.035048,0.21174,0.59963,0.91476,1.2936,1.5124,1.6558,1.6056,1.4327,1.1344,0.90204,0.75891,0.92538,1.4043,2.4276,3.6471,4.9266,5.8027,6.7322,7.3776,7.6473,7.6634,7.2606,6.6571,5.3677,3.4223,0.65344,-1.964,-5.3708,-5.3233,-3.5275,-1.5172,-0.31394,0.19557,0.40903,0.29895,0.01524,-0.21762,-0.5083,-0.66119,-0.66796,-0.59439,-0.51417,-0.60775
0.57967,0.39199,-0.038925,-0.54459,-0.88081,-1.4107,-1.7565,-1.7308,-1.4912,-0.99468,-0.38095,0.060463,0.4263,0.54663,0.44247,-0.13136,-1.276,-2.5889,-5.5156,-11.109,-23.51,-12.234,-5.3743,-1.7184,0.1067,1.8267,2.924,3.4321,3.7641,3.706,3.3065,2.8031,1.7733,0.36607,-0.93473,-3.1955,-6.0594,-9.546,-12.775,-15.716,-14.992,-13.855,-12.443,-12.054,-12.262,-12.782,-13.967,-15.776,-17.467,-19.503,-19.342,-16.87,-13.337,-10.233,-8.189,-5.862,-3.9274,-2.2652,-1.2071,-0.048134,0.86393,1.4119,1.9373,2.2559,2.3789,2.3269,2.0423,1.472,0.7955,-0.54212,-2.5979,-4.8394,-9.258,-12.399,-7.7639,-4.5199,-1.647,0.1901,1.0606,1.6967,1.8459,1.6336,1.0411,0.081773,-1.2664,-2.4521,-4.2352,-6.2223,-7.753,-9.4073,-10.658,-11.342,-10.973,-10.403,-9.6805,-8.9252,-8.208,-7.6598,-7.4751,-7.6222,-8.1398,-9.159,-10.406,-12.589,-15.026,-15.823,-14.064,-11.229,-9.3255,-7.2663,-5.7461,-4.6725,-4.0811,-3.6315,-3.5382,-3.6155,-3.8761,-4.1153,-3.9995,-3.5393,-2.5873,-1.4422,-0.66002,0.18086,0.74809,0.98371,1.0224,0.76658,0.26514,-0.27111,-1.2548,-2.3938,-3.415,-5.1156,-7.0748,-9.0132,-12.312,-16.218,-15.488,-12.117,-8.0474,-5.1121,-3.4541,-1.6963,-0.36971,0.56905,1.0473,1.4135,1.4566,1.2861,0.77861,-0.067463,-0.93284,-2.3544,-3.8737,-4.9283,-4.9281,-3.9342,-2.5229,-1.554,-0.52735,0.045969,0.17931,0.018373,-0.68534,-1.9621,-3.4873,-6.2487,-8.6902,-7.6878,-3.6184,-0.1602,2.4432,4.0055,5.5652,6.6608,7.2454,7.6583,7.7007,7.5088,6.9544,6.1169,5.0895,4.3185,3.4087,2.7695,2.5013,2.2635,2.0022,1.7479,1.3706,0.90982,0.49625,0.35584,0.26291,0.29619,0.40856,0.52904,0.4676,0.20373
0.78701,0.65912,0.4693,0.21804,0.01862,-0.15362,-0.24978,-0.29405,-0.24436,-0.098235,0.075039,0.1532,0.21144,0.14033,-0.050849,-0.52014,-1.2188,-1.8599,-2.8805,-3.7516,-3.9599,-3.4958,-2.3516,-0.99948,-0.024883,1.024,1.7426,2.0815,2.2588,2.0993,1.607,1.0271,-0.03851,-1.4782,-2.8631,-5.0873,-7.8486,-11.432,-14.591,-17.433,-16.327,-14.577,-13.044,-12.233,-11.935,-12.196,-13.257,-14.941,-16.717,-19.56,-19.29,-16.504,-12.623,-9.5117,-7.6478,-5.6264,-4.0095,-2.7552,-2.0183,-1.2756,-0.77963,-0.55157,-0.41229,-0.39886,-0.49129,-0.62899,-0.88289,-1.2862,-1.7343,-2.6199,-3.9484,-5.2235,-6.9955,-7.61,-6.1477,-4.5062,-2.5555,-1.161,-0.49873,-0.027434,-0.01973,-0.2881,-1.01,-2.0854,-3.487,-4.7695,-6.7313,-8.882,-10.676,-13.205,-15.32,-16.431,-16.634,-15.14,-13.466,-12.295,-10.967,-9.9858,-9.3514,-9.0268,-9.0408,-9.2201,-9.5464,-10.085,-10.397,-10.398,-10.105,-9.341,-8.5565,-7.4193,-6.2648,-5.1546,-4.3778,-3.542,-2.8414,-2.3797,-1.8947,-1.4678,-1.0397,-0.68692,-0.23274,0.18337,0.42662,0.64508,0.67735,0.54214,0.13849,-0.50631,-1.4001,-2.3013,-3.6262,-5.0431,-6.2649,-7.6545,-8.7433,-9.3533,-9.7603,-9.6772,-8.9066,-7.8987,-6.3426,-4.7475,-3.5846,-2.2432,-1.1537,-0.33907,0.073339,0.3653,0.30412,0.012989,-0.72749,-1.9941,-3.3767,-6.069,-10.586,-20.613,-20.066,-10.636,-6.414,-4.5071,-2.8355,-1.8596,-1.5967,-1.6396,-2.2451,-3.4568,-4.7248,-6.9959,-8.6885,-7.9066,-4.8305,-1.7396,0.74723,2.3053,4.0143,5.333,6.0823,6.8261,7.268,7.4049,7.3743,7.1166,6.6885,6.255,5.5904,4.838,4.18,3.1935,2.022,0.96877,-0.64143,-2.3412,-3.6925,-4.1312,-3.6273,-2.5149,-1.6934,-0.80683,-0.24814,-0.033613
0.27091,0.099269,-0.11432,-0.34436,-0.56572,-0.7526,-0.86153,-0.92185,-0.84853,-0.6913,-0.50301,-0.36241,-0.18582,-0.12875,-0.18809,-0.32192,-0.54477,-0.78271,-1.0102,-1.1011,-1.0152,-0.81662,-0.34464,0.23983,0.66684,1.1801,1.5586,1.7018,1.6789,1.4228,0.90101,0.29844,-0.68258,-1.8985,-2.982,-4.5271,-6.1082,-7.5848,-8.5949,-9.4236,-9.6814,-9.7175,-9.5142,-9.1967,-9.0564,-9.0921,-9.2117,-9.4003,-9.493,-9.4301,-8.961,-8.2611,-7.0985,-5.8782,-4.9783,-3.9093,-3.0562,-2.456,-2.1802,-2.0386,-2.1723,-2.4605,-3.0109,-3.6686,-4.2229,-4.3999,-4.2506,-3.7962,-3.3921,-2.9269,-2.5975,-2.4294,-2.1884,-1.8545,-1.3671,-0.9278,-0.39067,-0.002772,0.15145,0.075751,-0.32989,-0.82299,-1.8009,-3.1535,-4.8151,-6.2675,-8.5728,-11.32,-13.643,-17.412,-23.436,-35.949,-28.406,-20.421,-16.432,-14.483,-12.314,-10.913,-10.13,-9.3572,-8.9968,-8.9958,-9.093,-9.4009,-9.8907,-10.29,-10.608,-10.483,-10.05,-8.9201,-7.4122,-5.8476,-4.7781,-3.441,-2.3069,-1.6184,-0.81662,-0.15134,0.38078,0.69137,1.0271,1.218,1.284,1.217,0.94532,0.58743,-0.11144,-1.1134,-2.4881,-3.8212,-5.919,-8.6065,-11.005,-13.655,-14.55,-13.565,-11.711,-9.9705,-8.3275,-7.208,-5.7782,-4.3782,-3.3936,-2.2323,-1.2405,-0.45804,-0.027091,0.30007,0.35594,0.19918,-0.29401,-1.0939,-1.8823,-3.1338,-4.3972,-5.2413,-5.3051,-4.7069,-3.6869,-2.9011,-2.0372,-1.4274,-1.1423,-1.0895,-1.2695,-1.6647,-2.0364,-2.3943,-2.4655,-2.2697,-1.5009,-0.303,1.0973,2.1849,3.6574,4.9899,5.8444,6.8033,7.5085,7.8672,8.1295,8.1528,7.9497,7.6491,7.0666,6.2707,5.5089,4.2258,2.5618,0.99397,-1.8454,-6.1715,-14.805,-24.602,-9.6553,-4.7414,-2.6336,-0.76711,0.40421,1.0273
-0.50507,-0.73506,-1.0702,-1.468,-1.8671,-2.3985,-2.8267,-2.9765,-2.7657,-2.2035,-1.5041,-0.96812,-0.37469,-0.020843,0.077989,0.076022,-0.093553,-0.34384,-0.57252,-0.64114,-0.50273,-0.25865,0.31473,0.97719,1.4185,1.9441,2.3155,2.4314,2.3561,2.0451,1.4694,0.83984,-0.18403,-1.42,-2.43,-3.8404,-5.1655,-6.1768,-6.7018,-6.9963,-6.8604,-6.6855,-6.2161,-5.7198,-5.4291,-5.0875,-4.7117,-4.397,-4.1625,-3.8054,-3.4029,-3.0198,-2.4964,-1.9714,-1.5852,-1.1706,-0.91334,-0.8487,-0.9555,-1.37,-2.1756,-3.1195,-4.938,-7.731,-11.785,-13.881,-10.667,-6.6351,-4.4206,-2.2878,-0.75842,0.087388,0.95997,1.6052,2.0661,2.3148,2.4799,2.4529,2.306,1.8668,1.1472,0.42186,-0.81273,-2.4025,-4.3513,-6.0273,-8.5439,-11.309,-13.523,-15.908,-17.53,-18.098,-17.593,-15.805,-13.838,-12.52,-10.767,-9.4852,-8.7191,-7.8885,-7.4611,-7.4843,-7.6922,-8.312,-9.6096,-11.17,-14.112,-18.007,-18.069,-13.096,-8.9215,-5.9644,-4.2536,-2.4026,-1.0006,-0.18602,0.72408,1.4322,1.9679,2.2536,2.541,2.6854,2.7014,2.5741,2.2554,1.8753,1.1517,0.1065,-1.3498,-2.7573,-5.0836,-8.2397,-11.64,-16.922,-17.841,-14.883,-11.736,-9.5187,-7.8373,-6.8036,-5.3745,-3.9175,-2.8779,-1.5416,-0.3768,0.57581,1.1435,1.6537,1.9246,1.9571,1.7888,1.4374,1.0753,0.52917,0.016676,-0.36464,-0.48746,-0.4758,-0.27557,-0.020626,0.3206,0.62302,0.8228,0.85785,0.75342,0.45548,0.078653,-0.46854,-1.0683,-1.4967,-1.6285,-0.95225,0.49664,1.8501,3.795,5.574,6.7254,8.0045,8.9764,9.5074,9.9683,10.163,10.099,9.8985,9.4393,8.7592,8.1151,7.0471,5.7532,4.648,3.0241,1.3756,0.093223,-0.29027,0.091905,1.077,1.8774,2.8428,3.5852,4.0399
-2.2472,-2.038,-2.1222,-2.67,-3.3521,-5.2043,-8.0715,-9.8454,-9.0521,-5.6939,-2.8246,-1.2508,0.088866,0.79804,1.0084,0.79427,0.063176,-0.77166,-2.1231,-3.2714,-3.2576,-2.3262,-0.58274,1.0692,2.0808,3.0882,3.7001,3.917,3.9026,3.5394,2.8532,2.177,0.8994,-0.75786,-2.2123,-4.4801,-7.0862,-9.2951,-9.4301,-8.2629,-6.5857,-5.2819,-3.8737,-2.8357,-2.2285,-1.4814,-0.90568,-0.44221,-0.16396,0.21677,0.57171,0.79155,1.0703,1.3221,1.4686,1.5848,1.5805,1.4504,1.2448,0.76121,-0.013319,-0.8097,-2.2674,-4.1919,-6.2304,-6.8778,-5.3469,-2.7043,-0.86261,1.1394,2.6632,3.5682,4.4749,5.1234,5.5249,5.6647,5.6821,5.4763,5.1697,4.5491,3.6862,2.8261,1.4352,-0.24617,-2.3397,-4.2767,-7.3484,-11.188,-14.981,-22.077,-22.375,-17.215,-15.432,-12.695,-10.466,-9.2988,-7.9267,-6.6776,-5.9857,-5.1485,-4.56,-4.3031,-4.3738,-4.7843,-5.6675,-6.6843,-8.4365,-9.8824,-9.6986,-7.5149,-4.867,-2.6126,-1.2277,0.19251,1.2814,1.9411,2.6257,3.1291,3.5093,3.7307,3.9533,4.1247,4.1923,4.1948,4.0832,3.8987,3.4779,2.8041,1.857,1.0266,-0.33603,-1.9588,-3.2558,-4.7045,-5.8203,-6.4317,-6.9209,-7.4712,-7.8405,-7.5798,-6.2786,-4.2848,-2.6869,-0.64906,1.0262,2.3432,3.1085,3.8468,4.2651,4.3944,4.3338,4.0319,3.6772,3.0835,2.4211,1.8037,1.4442,1.249,1.3628,1.6474,2.1374,2.622,2.9544,3.2255,3.2039,2.8892,2.3683,1.1764,-0.80643,-3.1321,-8.9761,-11.905,-3.0139,0.93975,4.6389,7.2968,8.8205,10.368,11.496,12.106,12.628,12.864,12.841,12.685,12.298,11.724,11.205,10.424,9.5804,8.9092,8.0769,7.3896,6.9093,6.6736,6.6247,6.7998,7.0266,7.3253,7.5704,7.7303
-6.5818,-4.4326,-3.0034,-2.7494,-3.1938,-4.5669,-6.7701,-8.245,-7.3634,-4.2809,-1.599,-0.18188,1.1419,1.8082,1.8908,1.3964,0.14699,-1.357,-4.7627,-11.623,-13.824,-7.1424,-2.1878,0.70601,2.1713,3.4021,4.0541,4.2649,4.2051,3.7709,3.0075,2.2198,0.88911,-0.83814,-2.5077,-5.3797,-9.6082,-15.517,-15.814,-10.343,-6.6731,-4.8029,-3.1058,-1.8961,-1.1551,-0.46946,-0.0068112,0.38931,0.66143,0.95453,1.2194,1.368,1.5314,1.6173,1.6114,1.573,1.5084,1.4105,1.3207,1.2006,1.0675,0.9554,0.78323,0.64608,0.69162,0.94478,1.55,2.4302,3.1813,4.1868,5.0907,5.6757,6.3037,6.7359,6.9801,7.0263,6.9117,6.5862,6.1868,5.4861,4.5725,3.7649,2.459,0.91205,-0.87585,-2.3907,-4.7545,-7.5367,-9.7995,-12.354,-13.069,-11.934,-11.017,-9.8406,-8.77,-8.0394,-7.1606,-6.1025,-5.3465,-4.2728,-3.2146,-2.2905,-1.807,-1.4345,-1.2516,-1.1885,-1.1962,-1.1258,-0.94778,-0.48891,0.12287,0.75403,1.1228,1.5482,1.8653,2.0295,2.1351,2.1864,2.2134,2.2685,2.3643,2.562,2.7848,3.1617,3.543,3.7742,3.9421,3.922,3.6906,3.3813,2.711,1.8176,1.1027,-0.03532,-1.4114,-2.6366,-4.73,-7.8973,-13.838,-27.735,-14.117,-6.8019,-3.5879,-0.66329,1.4622,3.0219,3.8728,4.687,5.1229,5.2293,5.081,4.5775,3.9667,2.8119,1.241,-0.69703,-2.2366,-3.4713,-2.7202,-1.3735,0.57282,2.1466,2.9948,3.8739,4.3324,4.422,4.2988,3.7715,2.8785,2.052,1.2318,1.6346,3.526,5.3161,7.6233,9.5794,10.787,12.05,12.95,13.41,13.756,13.825,13.657,13.383,12.854,12.196,11.632,10.857,10.091,9.5715,8.9516,8.4766,8.185,8.1047,8.1324,8.2954,8.4837,8.7557,8.9806,9.1128
-4.6723,-3.8296,-2.9166,-2.3588,-2.2484,-2.1625,-2.0882,-1.8703,-1.4461,-0.73191,0.075796,0.66801,1.2545,1.5668,1.5567,1.2912,0.71098,0.12277,-0.8027,-1.4733,-1.4853,-1.0063,-0.04032,0.9328,1.4965,1.9969,2.1508,2.0307,1.5905,0.89813,0.0029136,-0.81919,-1.9176,-3.037,-3.8247,-4.9502,-5.9422,-6.5597,-6.5149,-6.0636,-5.3651,-4.9179,-4.2983,-3.8734,-3.7397,-3.714,-3.6658,-3.5765,-3.4233,-3.1965,-2.9535,-2.7639,-2.6605,-2.7514,-2.9222,-3.2654,-3.608,-3.8027,-3.7467,-3.3446,-2.684,-2.1411,-1.3998,-0.69905,-0.027018,0.4633,1.1085,1.7698,2.2505,2.8756,3.4624,3.8369,4.2544,4.5251,4.632,4.6058,4.3698,3.9281,3.4631,2.6846,1.7225,0.93394,-0.15955,-1.3301,-2.5348,-3.436,-4.6022,-5.739,-6.6046,-7.6356,-8.4241,-8.9609,-9.1851,-9.9759,-11.11,-11.85,-12.649,-12.099,-10.337,-7.814,-5.5331,-3.67,-2.5306,-1.3922,-0.60829,-0.2094,0.14281,0.31524,0.37412,0.31936,0.1135,-0.25873,-0.62809,-1.2097,-1.8858,-2.4309,-3.0932,-3.691,-4.2952,-4.7691,-5.2229,-5.1821,-4.5425,-3.1141,-1.5267,-0.44874,0.71541,1.534,1.9994,2.0846,1.9673,1.6181,1.2212,0.40628,-0.63191,-1.5185,-2.9214,-4.4358,-5.7088,-6.0283,-5.5378,-4.1699,-2.9534,-1.3317,0.12633,1.2985,1.9992,2.6692,3.0455,3.1121,2.9021,2.329,1.6147,0.20266,-1.8914,-5.0814,-8.6181,-14.404,-10.248,-6.3284,-2.8338,-0.52354,0.63938,1.783,2.6039,3.1411,3.4287,3.7574,4.0566,4.3009,4.7856,5.5135,6.4916,7.3337,8.458,9.5074,10.205,10.937,11.411,11.585,11.583,11.3,10.751,10.166,9.2008,8.0927,7.2167,6.0426,4.9689,4.314,3.632,3.1499,2.9363,3.0423,3.4264,4.0468,4.5866,5.3427,6,6.4318
-2.6783,-2.6176,-2.3846,-2.0597,-1.7685,-1.4278,-1.0685,-0.78892,-0.36599,0.082159,0.52877,0.83892,1.1316,1.2951,1.3428,1.3075,1.179,1.0197,0.8273,0.72198,0.72888,0.82984,0.96685,1.0608,1.0416,0.85307,0.3938,-0.18207,-1.2727,-2.7105,-4.41,-5.6258,-6.9113,-7.3649,-7.2588,-6.7906,-6.2505,-5.8541,-5.6761,-5.5052,-5.4738,-5.5427,-5.9031,-6.6129,-7.4434,-8.694,-9.9269,-10.689,-10.643,-9.745,-8.708,-8.1144,-7.7473,-7.9149,-8.4225,-9.7464,-11.894,-14.124,-14.272,-11.851,-8.9656,-7.1665,-5.2907,-3.8901,-2.8565,-2.2769,-1.6259,-1.0995,-0.73946,-0.27708,0.18587,0.5295,0.93354,1.2461,1.3804,1.3377,1.0611,0.49956,-0.096559,-1.1675,-2.4628,-3.5501,-4.8856,-5.8416,-6.3149,-6.4494,-6.4957,-6.5625,-6.5927,-6.8717,-7.3503,-8.1004,-8.8438,-10.137,-12.204,-14.774,-20.194,-20.268,-14.678,-9.7999,-6.5381,-4.1781,-2.7854,-1.3924,-0.44256,0.023778,0.38899,0.4526,0.29851,-0.19529,-1.0441,-2.2988,-3.4908,-5.518,-7.9252,-9.7043,-11.15,-11.569,-12.064,-13.292,-17.182,-29.815,-19.263,-10.951,-6.5553,-4.2907,-2.1428,-0.71623,0.19242,0.60964,0.89072,0.86936,0.63709,0.14743,-0.50894,-1.1058,-1.9697,-2.7935,-3.4733,-3.7998,-3.9488,-3.7038,-3.2673,-2.4922,-1.61,-0.73952,-0.14777,0.45968,0.85329,0.97771,0.90653,0.56955,0.14251,-0.63049,-1.6018,-2.632,-3.3204,-3.8072,-3.6156,-3.1292,-2.2539,-1.3823,-0.79543,-0.23426,0.25872,0.74595,1.1118,1.7482,2.5402,3.2258,4.1808,5.1722,6.1687,6.9037,7.7853,8.5272,8.956,9.3531,9.5074,9.4431,9.0904,8.4093,7.3535,6.3102,4.5715,2.4071,0.56601,-1.8927,-3.7923,-4.7079,-5.3758,-6.0076,-6.7107,-6.8842,-5.5505,-3.1329,-1.3471,0.65263,2.1619,3.2119
-2.9868,-2.9242,-2.7353,-2.4401,-2.0917,-1.6428,-1.1503,-0.78659,-0.23272,0.2637,0.68023,0.89535,1.1268,1.244,1.2912,1.2593,1.1913,1.1391,1.1495,1.1993,1.2913,1.3548,1.4314,1.4066,1.2879,0.87938,0.13265,-0.70624,-2.2814,-4.6199,-8.194,-12.516,-24.734,-16.945,-11.936,-8.3705,-6.4269,-5.3132,-4.9163,-4.708,-4.8736,-5.2042,-6.1368,-7.6213,-9.1994,-12.21,-17.538,-34.12,-23.638,-15.618,-12.2,-10.803,-9.8149,-9.6929,-10.16,-11.555,-14.008,-17.078,-17.469,-14.104,-10.688,-8.7286,-6.8759,-5.6295,-4.8725,-4.5516,-4.4069,-4.4555,-4.4794,-4.3462,-3.8907,-3.3279,-2.4726,-1.6868,-1.1351,-0.96282,-1.0503,-1.5959,-2.3397,-3.9078,-6.2397,-8.6245,-13.105,-16.567,-13.397,-10.769,-8.4601,-7.0874,-6.4582,-5.9913,-5.885,-6.067,-6.4881,-7.0117,-7.5421,-7.8217,-7.9784,-7.4378,-6.4608,-4.8737,-3.1815,-1.6508,-0.68425,0.39192,1.187,1.5939,1.8479,1.7799,1.4881,0.77455,-0.37114,-2.0441,-3.7393,-6.9215,-11.802,-17.825,-23.27,-15.679,-12.657,-11.623,-11.105,-10.45,-9.2706,-7.1093,-4.8556,-3.3863,-1.7869,-0.58986,0.25423,0.71033,1.0151,1.0225,0.84822,0.46975,-0.13522,-0.75266,-1.731,-2.8508,-4.0929,-5.1006,-6.1539,-6.5307,-6.2046,-5.1574,-3.8372,-2.5433,-1.7318,-0.8894,-0.35102,-0.1227,-0.036455,-0.16934,-0.36307,-0.70073,-1.0633,-1.3623,-1.5085,-1.6118,-1.5906,-1.5224,-1.4782,-1.5918,-1.7315,-2.1287,-2.7133,-3.1098,-3.0065,-2.156,-0.59711,0.78205,2.5375,4.1082,5.4436,6.2986,7.2606,7.9894,8.3673,8.6607,8.6881,8.5209,8.0038,7.1227,5.8111,4.4891,2.1496,-1.1127,-4.5366,-11.869,-37.583,-16.512,-12.019,-11.735,-14.673,-18.83,-13.865,-7.3387,-4.2206,-1.2872,0.69151,2.0528
-5.2074,-4.8478,-4.4839,-4.1389,-3.8597,-3.1647,-2.2766,-1.5552,-0.66489,0.089495,0.6436,0.91936,1.0987,1.0709,0.90517,0.57852,0.22697,0.075812,0.054489,0.31504,0.80606,1.2153,1.7498,2.1303,2.262,2.1763,1.7569,1.2094,0.13923,-1.3233,-3.1028,-4.4141,-5.6972,-5.6967,-5.1118,-4.0202,-3.1211,-2.5323,-2.2746,-2.2847,-2.627,-3.1341,-4.0497,-5.2517,-6.2704,-7.8573,-9.4231,-10.396,-10.526,-9.8848,-8.9103,-8.2242,-7.6195,-7.391,-7.4382,-7.7079,-7.9876,-8.146,-7.9965,-7.4987,-6.737,-6.1544,-5.4939,-5.1235,-5.1603,-5.4869,-6.5184,-8.3246,-10.3,-12.872,-11.682,-8.993,-5.82,-3.5963,-2.1329,-1.4487,-1.0633,-1.2131,-1.7084,-2.8235,-4.5653,-6.3299,-8.9346,-10.377,-9.2473,-7.6849,-5.9596,-4.791,-4.2875,-3.8861,-3.7429,-3.7315,-3.709,-3.7836,-3.7461,-3.5471,-3.0334,-2.2717,-1.5452,-0.45689,0.68409,1.7719,2.4957,3.338,3.9857,4.3182,4.5252,4.4555,4.2163,3.6356,2.7418,1.5324,0.42019,-1.2803,-3.041,-4.1683,-5.0598,-5.1531,-4.7802,-4.3601,-3.7657,-3.0887,-2.5246,-1.7077,-0.84219,-0.23081,0.50136,1.1277,1.5956,1.8053,1.9425,1.9091,1.794,1.4166,0.76979,0.11076,-1.0656,-2.74,-5.0838,-7.6045,-12.807,-21.881,-16.2,-9.3138,-5.6322,-3.3239,-2.137,-1.0635,-0.49098,-0.32441,-0.39726,-0.72703,-1.0727,-1.5401,-1.8212,-1.8195,-1.6201,-1.2334,-0.87714,-0.69756,-0.70713,-1.0944,-1.7922,-3.2775,-5.9741,-11.394,-20.258,-11.378,-4.5235,-1.4143,1.5547,3.7225,5.3633,6.3235,7.3594,8.1266,8.5524,8.8813,8.9517,8.8271,8.4207,7.7052,6.6715,5.672,3.9963,1.9502,0.26301,-1.9625,-3.5527,-4.0841,-4.2258,-4.1839,-4.0157,-3.707,-2.7393,-1.3454,-0.20973,1.1375,2.2352,3.0114
-7.918,-7.7024,-8.2283,-9.1502,-9.4836,-8.0824,-5.5999,-3.8137,-1.9466,-0.58031,0.30225,0.69571,0.76336,0.37602,-0.26437,-1.5221,-3.264,-4.6468,-5.6608,-4.3435,-1.9676,-0.29609,1.4372,2.6724,3.2925,3.8015,3.9641,3.8943,3.5523,3.018,2.4,1.9715,1.4831,1.176,1.0564,0.9755,0.92796,0.80379,0.65424,0.27878,-0.28012,-0.85344,-1.6774,-2.6155,-3.3011,-4.2105,-4.9721,-5.4315,-5.5843,-5.5478,-5.2949,-5.0908,-4.8688,-4.7226,-4.6691,-4.6752,-4.7271,-4.738,-4.7037,-4.5595,-4.3195,-4.1222,-3.8879,-3.8336,-4.0531,-4.501,-5.5414,-7.2705,-9.0615,-11.22,-10.208,-7.7874,-4.8146,-2.5767,-1.0306,-0.21213,0.44718,0.72362,0.70075,0.44952,-0.018709,-0.44637,-0.9849,-1.3227,-1.4114,-1.359,-1.2593,-1.2394,-1.3513,-1.7028,-2.2415,-2.8772,-3.204,-3.4874,-3.3388,-2.9089,-1.8534,-0.56355,0.38977,1.7524,3.0382,4.2098,4.9996,5.8708,6.5328,6.8798,7.1571,7.1998,7.0862,6.7333,6.1706,5.4317,4.7755,3.8791,3.0143,2.4605,1.8612,1.4678,1.2792,1.224,1.2738,1.3916,1.4703,1.6134,1.738,1.8262,1.9248,2.0033,2.0762,2.1155,2.2042,2.2698,2.2633,2.0687,1.6801,1.2425,0.40319,-0.79015,-2.3183,-3.6631,-5.3985,-6.3379,-5.9718,-4.5358,-2.8908,-1.5157,-0.7492,-0.09737,0.11097,-0.055278,-0.73342,-1.9846,-3.3468,-5.5751,-7.2427,-6.4317,-4.724,-2.4814,-0.83841,-0.027615,0.59751,0.74213,0.50396,-0.25242,-1.3316,-2.4115,-2.7356,-1.9874,-0.27107,1.1283,2.8918,4.3882,5.6474,6.4422,7.3282,8.0462,8.4779,8.8838,9.0921,9.1093,8.9558,8.5929,8.0314,7.496,6.6596,5.7338,5.0184,4.1532,3.4403,3.0738,2.7551,2.6251,2.6667,2.7744,3.0323,3.3512,3.6003,3.8269,3.9179,3.8501
-6.7906,-7.6689,-9.8908,-14.133,-18.077,-13.539,-8.2144,-5.4586,-3.0472,-1.463,-0.53695,-0.22492,-0.22458,-0.76518,-1.5262,-3.2035,-5.948,-9.0909,-12.985,-8.6221,-3.9457,-1.4797,0.89574,2.5382,3.4231,4.2135,4.6531,4.7849,4.7624,4.5583,4.233,3.912,3.5085,3.0962,2.8348,2.4649,2.0794,1.6297,1.1887,0.5342,-0.26774,-0.9358,-1.9981,-3.1889,-4.1688,-5.3216,-6.0961,-6.3831,-6.2432,-5.8575,-5.4168,-5.1393,-4.8473,-4.7115,-4.7279,-4.8909,-5.2227,-5.5581,-5.7788,-5.8534,-5.6646,-5.3523,-4.8448,-4.326,-3.9164,-3.7532,-3.6621,-3.7048,-3.7274,-3.6098,-3.1616,-2.6398,-1.7611,-0.88617,-0.10256,0.37094,0.92162,1.322,1.5645,1.7416,1.8224,1.8563,1.8211,1.7064,1.5063,1.2683,0.84559,0.21278,-0.40404,-1.5703,-3.1916,-5.4188,-7.8051,-10.949,-11.149,-8.9131,-5.5504,-2.7106,-0.9593,1.0485,2.753,4.209,5.1534,6.1925,6.9926,7.4415,7.8364,7.9965,7.9612,7.7213,7.283,6.681,6.1554,5.4065,4.661,4.1458,3.5592,3.1119,2.8023,2.6249,2.419,2.1797,1.9621,1.5639,1.0188,0.53619,-0.15321,-0.79314,-1.1469,-1.0783,-0.71461,-0.19876,0.13026,0.52474,0.73411,0.71624,0.47293,0.07783,-0.46372,-0.83662,-1.3193,-1.5756,-1.5933,-1.3508,-0.87971,-0.36163,-0.026097,0.23962,0.22874,-0.038742,-0.8441,-2.3364,-4.0548,-7.4722,-11.26,-9.1145,-5.8604,-2.5627,-0.39908,0.70241,1.6918,2.2067,2.4167,2.4117,2.2406,2.049,2.0024,2.0462,2.2348,2.4234,2.7566,3.1638,3.6799,4.1738,4.8702,5.5894,6.069,6.6455,7.0648,7.266,7.362,7.2997,7.0895,6.8491,6.4862,6.1139,5.8457,5.516,5.2467,5.0737,4.9394,4.8839,4.8574,4.8587,4.7972,4.6559,4.4483,4.0375,3.3538,2.3743
-3.5277,-4.097,-4.8704,-5.4658,-5.6147,-5.2236,-4.3341,-3.5474,-2.5755,-1.8432,-1.4069,-1.2976,-1.3428,-1.6239,-1.9183,-2.4716,-2.9854,-3.2778,-3.1466,-2.3476,-1.0987,-0.034764,1.2765,2.3649,2.9973,3.5883,3.9015,3.9636,3.8639,3.5755,3.1328,2.7329,2.1508,1.576,1.1569,0.67431,0.21112,-0.2518,-0.65775,-1.3204,-2.2263,-3.0701,-4.62,-6.6643,-8.7198,-11.981,-14.737,-14.126,-12.191,-9.8142,-8.2063,-7.366,-6.7273,-6.5944,-6.803,-7.4742,-8.5741,-10.135,-11.434,-12.729,-12.344,-11.033,-8.9545,-7.0768,-5.606,-4.7156,-3.8362,-3.1879,-2.8118,-2.4104,-2.0995,-1.9114,-1.7084,-1.5564,-1.4094,-1.2717,-0.97839,-0.54435,-0.14351,0.43479,0.98634,1.3289,1.6612,1.8027,1.7359,1.5388,1.0408,0.2437,-0.60341,-2.0397,-3.9615,-6.5023,-8.7937,-12.147,-12.901,-10.98,-7.7724,-4.9969,-3.145,-1.0633,0.78169,2.4152,3.4911,4.7309,5.7196,6.2922,6.8052,7.0417,7.0299,6.7734,6.2456,5.4625,4.7488,3.6334,2.4671,1.6501,0.85917,0.48444,0.43036,0.50167,0.52028,0.34373,0.038924,-0.72784,-1.944,-3.2584,-5.6449,-8.7635,-11.355,-10.801,-8.0422,-5.5252,-4.0675,-2.6928,-1.836,-1.4624,-1.242,-1.2849,-1.5446,-1.8243,-2.2714,-2.6602,-2.8368,-2.8044,-2.4524,-1.87,-1.3643,-0.75753,-0.33849,-0.18308,-0.22066,-0.50815,-0.83713,-1.2679,-1.4107,-1.0732,-0.56378,0.30743,1.1819,1.7582,2.3228,2.6609,2.7849,2.8268,2.6908,2.4106,2.0927,1.5555,0.83411,0.18213,-0.88573,-1.9467,-2.5313,-2.2919,-1.1558,0.28277,1.2776,2.3436,3.0772,3.4272,3.6531,3.6681,3.5479,3.4144,3.2275,3.0892,3.0553,3.0774,3.1916,3.2964,3.4593,3.6121,3.7203,3.76,3.7182,3.5251,3.2403,2.646,1.6941,0.23335
