-2.248,-2.04,-1.738,-1.4249,-1.1765,-0.84843,-0.5274,-0.29042,0.0087274,0.2911,0.54044,0.71387,0.90661,1.0657,1.1582,1.2388,1.2747,1.2699,1.2294,1.1414,1.0067,0.87207,0.64418,0.36888,0.11976,-0.25625,-0.6891,-1.0523,-1.5998,-2.2115,-2.9095,-3.4917,-4.355,-5.318,-6.1148,-7.2798,-8.5582,-9.9469,-10.988,-12.223,-12.951,-12.978,-12.34,-11.274,-10.389,-9.2407,-8.2161,-7.3262,-6.7534,-6.1019,-5.5771,-5.2474,-4.8938,-4.6253,-4.4629,-4.2974,-4.177,-4.0924,-4.0473,-3.9936,-3.9514,-3.9336,-3.9134,-3.8829,-3.844,-3.8069,-3.735,-3.6626,-3.6049,-3.551,-3.5139,-3.4949,-3.4904,-3.5058,-3.5311,-3.5547,-3.5921,-3.6247,-3.6265,-3.6251,-3.5931,-3.5502,-3.4635,-3.3466,-3.2039,-3.0828,-2.9378,-2.7915,-2.6885,-2.5719,-2.4812,-2.4244,-2.4043,-2.3997,-2.4587,-2.5337,-2.6864,-2.8874,-3.0707,-3.3551,-3.6789,-4.0307,-4.3313,-4.759,-5.2413,-5.6112,-6.1483,-6.7177,-7.1609,-7.7773,-8.3871,-8.9782,-9.3816,-9.8233,-10.16,-10.295,-10.288,-10.061,-9.6594,-9.279,-8.6993,-8.0839,-7.6138,-6.9881,-6.3922,-5.9577,-5.4013,-4.8823,-4.3956,-4.0522,-3.621,-3.2126,-2.9213,-2.5537,-2.2062,-1.9691,-1.6807,-1.4414,-1.2509,-1.1476,-1.0547,-1.0187,-1.0279,-1.0936,-1.2335,-1.4549,-1.6724,-2.0334,-2.4882,-2.8974,-3.5145,-4.2281,-4.8428,-5.7658,-6.8402,-8.0872,-9.1534,-10.779,-12.673,-14.236,-16.394,-17.808,-17.736,-16.294,-14.345,-12.53,-11.305,-9.8974,-8.7289,-7.9556,-7.0566,-6.2998,-5.645,-5.2232,-4.7289,-4.2982,-4.0129,-3.6817,-3.4082,-3.2443,-3.0664,-2.9159,-2.7978,-2.7195,-2.6306,-2.5806,-2.5558,-2.5418,-2.5653,-2.6077,-2.6968,-2.8351,-3.0171,-3.1855,-3.4517,-3.7761,-4.0564,-4.4908,-4.998,-5.578
-9.0604,-7.705,-6.0893,-4.698,-3.7932,-2.7481,-1.855,-1.2748,-0.60638,-0.044799,0.4257,0.72312,1.0537,1.3141,1.4649,1.6122,1.7037,1.7364,1.7348,1.6848,1.5847,1.4788,1.2968,1.067,0.86328,0.55183,0.19411,-0.10363,-0.54603,-1.0358,-1.5756,-2.0092,-2.6298,-3.2844,-3.7977,-4.4932,-5.1765,-5.7975,-6.1925,-6.5707,-6.7273,-6.6819,-6.4461,-6.0471,-5.6932,-5.2055,-4.7461,-4.3601,-4.1348,-3.936,-3.8654,-3.9046,-4.0901,-4.441,-4.8279,-5.5199,-6.4586,-7.6964,-8.864,-10.855,-13.508,-16.046,-19.407,-18.693,-15.109,-12.748,-10.283,-8.4053,-7.2758,-6.0369,-5.0326,-4.4044,-3.6937,-3.1011,-2.5958,-2.2652,-1.8722,-1.5174,-1.2713,-0.96991,-0.68217,-0.47453,-0.20726,0.052673,0.30227,0.48417,0.71162,0.91742,1.0592,1.2225,1.3536,1.4479,1.4903,1.5056,1.471,1.409,1.2774,1.0845,0.89594,0.58935,0.21225,-0.23357,-0.61507,-1.1894,-1.8445,-2.3933,-3.2059,-4.1112,-4.8563,-5.9296,-7.1126,-8.3818,-9.3764,-10.68,-11.796,-12.37,-12.567,-12.076,-11.113,-10.241,-9.0345,-7.8586,-7.0184,-5.9687,-4.9988,-4.3231,-3.4861,-2.7209,-2.0223,-1.5426,-0.95913,-0.44146,-0.095673,0.31039,0.65266,0.86552,1.0903,1.2431,1.3238,1.3357,1.288,1.1636,1.0199,0.75608,0.41187,-0.019349,-0.39782,-0.97928,-1.6466,-2.2022,-3.0126,-3.9022,-4.6154,-5.6156,-6.6463,-7.6802,-8.4231,-9.3289,-10.041,-10.415,-10.647,-10.564,-10.312,-9.7619,-9.0508,-8.2421,-7.5955,-6.7305,-5.8822,-5.2685,-4.498,-3.7898,-3.1487,-2.71,-2.1791,-1.7174,-1.4109,-1.0629,-0.77518,-0.59785,-0.41132,-0.2815,-0.2047,-0.18155,-0.19681,-0.26122,-0.34583,-0.50478,-0.72164,-0.92232,-1.2418,-1.6259,-2.0719,-2.4518,-3.0157,-3.6555,-4.1787,-4.9387,-5.7673,-6.6663
-3.5217,-3.005,-2.2874,-1.6086,-1.1488,-0.61078,-0.16372,0.11196,0.41169,0.62509,0.77459,0.84977,0.90593,0.92279,0.91428,0.88637,0.84119,0.80843,0.76336,0.71248,0.6561,0.60444,0.51361,0.38809,0.26233,0.0586,-0.19979,-0.42827,-0.77859,-1.1681,-1.5728,-1.8696,-2.2204,-2.487,-2.6198,-2.6669,-2.5858,-2.3747,-2.1514,-1.7803,-1.3669,-1.0409,-0.60112,-0.17857,0.11379,0.46613,0.7619,0.9894,1.1108,1.1909,1.1754,1.098,0.90008,0.59459,0.29379,-0.19974,-0.78973,-1.4627,-2.0057,-2.7423,-3.4367,-3.8689,-4.2735,-4.4442,-4.3977,-4.2491,-3.9717,-3.6636,-3.4369,-3.1612,-2.9367,-2.8057,-2.6733,-2.5851,-2.524,-2.4859,-2.4283,-2.3576,-2.2852,-2.1428,-1.9444,-1.7475,-1.4105,-0.9945,-0.49757,-0.086982,0.49449,1.0903,1.5327,2.1015,2.6299,3.0966,3.4018,3.7442,4.0022,4.1378,4.2372,4.2477,4.1923,4.0318,3.7751,3.4256,3.1,2.5852,1.9834,1.4778,0.72791,-0.087475,-0.73767,-1.6489,-2.5943,-3.5562,-4.2651,-5.1703,-6.018,-6.5813,-7.2125,-7.6562,-7.8571,-7.8268,-7.5293,-6.9346,-6.3317,-5.3675,-4.3079,-3.4908,-2.4075,-1.3748,-0.40942,0.26306,1.0796,1.7925,2.2592,2.7881,3.2158,3.4666,3.7075,3.8432,3.8729,3.8286,3.6801,3.4288,3.1787,2.7585,2.2467,1.6422,1.1346,0.38458,-0.44504,-1.1239,-2.0982,-3.1726,-4.0518,-5.3462,-6.8119,-8.4983,-9.952,-12.206,-14.752,-16.441,-16.812,-14.777,-12.848,-10.484,-8.5035,-6.8556,-5.8028,-4.5793,-3.5443,-2.8652,-2.0764,-1.4146,-0.85949,-0.51166,-0.1193,0.19842,0.38689,0.58468,0.73024,0.80732,0.87812,0.90876,0.90577,0.88005,0.81653,0.71427,0.60751,0.42166,0.17445,-0.053584,-0.42558,-0.87871,-1.426,-1.9016,-2.6433,-3.5134,-4.2552,-5.3874,-6.6897,-8.209
3.2881,3.0403,2.701,2.3492,2.0768,1.7133,1.3648,1.1125,0.78513,0.45918,0.10604,-0.18407,-0.63992,-1.189,-1.66,-2.3713,-3.0743,-3.5054,-3.7863,-3.6037,-3.0049,-2.4096,-1.586,-0.88539,-0.48013,-0.13639,-0.04606,-0.16072,-0.59261,-1.3919,-2.6394,-3.9588,-6.4664,-10.386,-14.764,-15.559,-9.4142,-5.3054,-3.1032,-0.88169,0.81154,1.8329,2.9408,3.8226,4.3586,4.9334,5.3744,5.6876,5.8535,5.9884,6.0328,6.0096,5.9081,5.7352,5.5632,5.2824,4.9529,4.5798,4.2805,3.8537,3.4095,3.069,2.6094,2.1246,1.6205,1.2223,0.65099,0.020465,-0.50185,-1.2531,-2.0808,-2.745,-3.6309,-4.4649,-5.1536,-5.5518,-5.9299,-6.2269,-6.4613,-6.8606,-7.4233,-7.9407,-8.573,-8.6001,-7.4713,-6.002,-3.7571,-1.5933,-0.13108,1.5953,3.0651,4.3039,5.0935,5.9772,6.6825,7.0927,7.5079,7.7673,7.8617,7.8558,7.7011,7.3992,7.0727,6.4987,5.7764,5.134,4.1401,2.9873,2.0181,0.58714,-0.98686,-2.666,-3.9754,-5.7297,-7.4332,-8.6812,-10.347,-12.301,-15.069,-18.475,-30.375,-21.863,-15.103,-9.882,-6.2923,-4.1708,-1.846,0.061003,1.6428,2.6569,3.8155,4.7751,5.3728,6.0208,6.5061,6.7713,6.9936,7.0651,6.9891,6.8374,6.499,6.0013,5.5266,4.7532,3.8222,2.7484,1.8563,0.60069,-0.67736,-1.5775,-2.5899,-3.2818,-3.571,-3.7322,-3.7092,-3.5949,-3.4911,-3.332,-3.1484,-2.9679,-2.6371,-2.2347,-1.8885,-1.3804,-0.8419,-0.30876,0.080062,0.55606,0.9676,1.232,1.5123,1.6986,1.786,1.7784,1.672,1.4639,1.2397,0.85676,0.44035,0.1233,-0.24809,-0.50037,-0.58168,-0.52683,-0.32239,-0.049576,0.15488,0.38663,0.52723,0.55503,0.4867,0.26651,-0.076827,-0.42306,-0.99989,-1.6894,-2.2726,-3.1382,-4.0953,-5.121
5.3789,4.4774,3.0519,1.3257,-0.18506,-2.4255,-4.5556,-5.5915,-5.6075,-4.6008,-3.5372,-2.9747,-2.6199,-2.7636,-3.2252,-4.3876,-6.2619,-8.2047,-10.916,-10.432,-7.0614,-4.6704,-2.1216,-0.23924,0.84001,1.9341,2.6893,3.0624,3.3275,3.3621,3.2112,3.0081,2.6831,2.4137,2.3403,2.4993,2.9903,3.7219,4.3401,5.1632,5.913,6.3941,6.9201,7.313,7.5255,7.7069,7.7873,7.7812,7.7332,7.6304,7.4917,7.372,7.1942,7.0013,6.8437,6.6095,6.3426,6.0495,5.8081,5.4581,5.0756,4.7628,4.3082,3.7976,3.2158,2.7074,1.9403,0.99361,0.13148,-1.2984,-3.1411,-4.9483,-8.2153,-13.387,-22.883,-19.354,-12.451,-9.1614,-7.7197,-6.6418,-6.2818,-6.3915,-6.874,-7.2609,-6.8009,-5.6132,-3.3899,-1.0503,0.57421,2.5086,4.1813,5.6198,6.5587,7.6424,8.5513,9.1215,9.7364,10.191,10.421,10.584,10.582,10.402,10.149,9.6438,8.9357,8.2674,7.168,5.8044,4.5817,2.6284,0.22879,-2.7873,-5.6219,-10.393,-14.271,-12.956,-9.8326,-7.6308,-6.1731,-5.3506,-4.3843,-3.3601,-2.5002,-1.2201,0.15074,1.1922,2.5285,3.7707,4.8768,5.6183,6.4896,7.2419,7.7166,8.2394,8.6383,8.8542,9.0351,9.0744,8.968,8.7884,8.4044,7.8276,7.2626,6.2999,5.0601,3.4838,2.0159,-0.45691,-3.7422,-6.9652,-11.564,-10.425,-7.4429,-4.4389,-2.418,-1.0445,-0.29875,0.41223,0.89788,1.1568,1.4022,1.5689,1.6535,1.7397,1.8248,1.9312,2.0328,2.182,2.3312,2.446,2.5593,2.5934,2.5321,2.3765,1.9825,1.3457,0.65419,-0.64111,-2.4996,-4.4794,-8.518,-16.943,-19.051,-10.984,-5.9741,-3.0888,-1.6405,-0.31683,0.47976,0.80766,0.93066,0.72384,0.22102,-0.34196,-1.3088,-2.4458,-3.3529,-4.4752,-5.2434,-5.4662
4.0047,3.0504,1.5567,-0.20883,-1.6832,-3.6952,-5.4119,-6.0783,-5.9315,-5.1039,-4.1715,-3.5909,-3.015,-2.6673,-2.5376,-2.469,-2.4549,-2.4383,-2.3493,-2.0742,-1.6251,-1.1887,-0.50906,0.23087,0.79367,1.5231,2.2011,2.6658,3.2241,3.7074,4.1221,4.3936,4.7116,4.9883,5.1848,5.4217,5.6358,5.8102,5.9124,5.9864,5.966,5.8641,5.6113,5.2052,4.7959,4.1058,3.2756,2.3516,1.6548,0.83552,0.26315,0.062836,0.043348,0.17213,0.27616,0.32788,0.25202,0.036643,-0.21286,-0.6275,-1.0675,-1.3757,-1.6847,-1.854,-1.9079,-1.9097,-1.9169,-2.0005,-2.1264,-2.4255,-2.8169,-3.1566,-3.5998,-3.9773,-4.1705,-4.1482,-3.9469,-3.6321,-3.3817,-3.0628,-2.7829,-2.6158,-2.4356,-2.2502,-2.01,-1.7771,-1.3794,-0.85046,-0.3887,0.34215,1.1947,2.1659,2.9298,3.9915,5.034,5.7726,6.6647,7.4274,7.9011,8.3872,8.7071,8.8429,8.8352,8.6722,8.3358,7.9755,7.345,6.5729,5.9104,4.9363,3.9077,2.8787,2.1552,1.3266,0.68567,0.33827,0.038775,-0.072563,-0.066859,-0.0081982,0.12977,0.35173,0.56098,0.89193,1.2661,1.5523,1.9478,2.3406,2.7171,2.9937,3.3323,3.6676,3.9197,4.2568,4.5911,4.8309,5.1245,5.3628,5.5308,5.592,5.5788,5.4382,5.2461,4.8721,4.3664,3.7478,3.2258,2.5041,1.8052,1.3468,0.86671,0.56485,0.44928,0.3867,0.36885,0.30746,0.22702,0.017538,-0.31991,-0.67495,-1.282,-2.0641,-2.7701,-3.8378,-4.9753,-5.9551,-6.3349,-6.1956,-5.3963,-4.5812,-3.4618,-2.5124,-1.7588,-1.3484,-1.0081,-0.90066,-0.96651,-1.225,-1.6282,-1.9777,-2.409,-2.6432,-2.5732,-2.3194,-1.7756,-1.1564,-0.72921,-0.27234,-0.0085236,0.036166,-0.13554,-0.58454,-1.3447,-2.1552,-3.6066,-5.5498,-7.4371,-10.42,-12.747,-11.665
4.4297,3.7972,2.8864,1.9276,1.2124,0.30881,-0.48702,-0.98468,-1.499,-1.8433,-2.0319,-2.0995,-2.1402,-2.1526,-2.1642,-2.189,-2.248,-2.3286,-2.4671,-2.6059,-2.7065,-2.7293,-2.6231,-2.2757,-1.8636,-1.1156,-0.21574,0.49344,1.4482,2.3606,3.1895,3.7451,4.3971,4.9491,5.2974,5.6689,5.9333,6.0839,6.1142,6.0274,5.7827,5.4776,4.8777,4.0126,3.1531,1.6503,-0.39791,-3.2738,-6.3513,-13.224,-22.262,-13.275,-7.9825,-5.4147,-4.3258,-3.6687,-3.7173,-4.403,-5.3625,-7.351,-10.446,-13.799,-18.024,-14.488,-10.231,-8.0085,-5.9527,-4.5379,-3.7621,-3.0053,-2.4642,-2.1657,-1.8656,-1.6505,-1.4528,-1.3243,-1.1731,-1.036,-0.96604,-0.92046,-0.94185,-1.0139,-1.2055,-1.5275,-2.0225,-2.5247,-3.4241,-4.6698,-5.8819,-7.6296,-8.5894,-7.122,-4.9858,-2.0994,0.37395,1.9478,3.6861,5.0847,5.9408,6.85,7.5317,7.9999,8.2253,8.3643,8.3341,8.2112,7.925,7.5196,7.1388,6.5469,5.8726,5.1435,4.5716,3.7914,3.0056,2.4271,1.687,1.0156,0.4258,0.066174,-0.30021,-0.52703,-0.6259,-0.67538,-0.68207,-0.7059,-0.80828,-1.0285,-1.3729,-1.7178,-2.2684,-2.7879,-3.0318,-2.9872,-2.4239,-1.7375,-0.65262,0.4145,1.36,1.9574,2.5991,3.0719,3.3198,3.5268,3.611,3.5883,3.5042,3.3327,3.0959,2.8885,2.5785,2.229,1.9457,1.5216,1.0471,0.50104,0.050807,-0.64053,-1.4371,-2.1195,-3.1693,-4.4411,-5.5858,-7.4755,-10.011,-13.187,-15.304,-14.545,-11.279,-9.0495,-6.6712,-4.9451,-3.6714,-2.9439,-2.2192,-1.7014,-1.4164,-1.1216,-0.91711,-0.7764,-0.58694,-0.38861,-0.15884,0.037707,0.31109,0.5836,0.76304,0.94754,1.0571,1.0685,1.0018,0.82602,0.54834,0.2947,-0.10331,-0.5186,-0.80683,-1.0895,-1.2196,-1.1717
5.9431,5.3613,4.4712,3.4499,2.5954,1.3459,-0.0038319,-1.0371,-2.3278,-3.2862,-3.6604,-3.5315,-3.0044,-2.3611,-1.9441,-1.5893,-1.5026,-1.6548,-2.187,-3.2136,-4.8751,-6.6871,-10.239,-14.153,-12.448,-7.4845,-3.7875,-1.7254,0.39681,2.0342,3.3193,4.1114,4.9943,5.7177,6.185,6.7185,7.1611,7.5038,7.6929,7.8397,7.8561,7.767,7.5108,7.0765,6.6312,5.8844,4.9986,4.0387,3.3283,2.5106,1.9722,1.7477,1.635,1.5696,1.4664,1.2032,0.71974,-0.021779,-0.73542,-1.8579,-3.0412,-3.8109,-4.4016,-4.3462,-3.7924,-3.2387,-2.5041,-1.8843,-1.4874,-1.0629,-0.74125,-0.53236,-0.26736,-0.012558,0.25543,0.44787,0.68288,0.90603,1.0579,1.2074,1.2722,1.2671,1.1793,0.96167,0.59099,0.20609,-0.50855,-1.4321,-2.2373,-3.2697,-3.7429,-2.9872,-1.6827,0.40629,2.4272,3.7802,5.339,6.6279,7.4322,8.3152,8.9941,9.4897,9.7552,9.974,10.049,10.011,9.8408,9.5332,9.2162,8.674,7.9951,7.1689,6.4489,5.3386,4.0433,2.9426,1.2552,-0.67792,-2.764,-4.2191,-5.4653,-5.3107,-4.556,-3.3692,-2.3908,-1.8782,-1.569,-1.6929,-2.311,-3.1779,-5.0329,-8.1693,-12.026,-18.269,-11.681,-7.5523,-3.9999,-1.6375,0.022669,0.95403,1.9023,2.6104,3.0249,3.4683,3.801,4.0584,4.1951,4.2987,4.2958,4.2123,3.9933,3.6419,3.2828,2.673,1.9058,0.9964,0.2298,-0.83956,-1.9072,-2.6498,-3.4531,-3.9965,-4.2172,-4.3485,-4.3607,-4.233,-4.0471,-3.6395,-3.1013,-2.6698,-2.0995,-1.6049,-1.234,-1.0712,-0.98481,-1.0149,-1.0869,-1.1485,-1.1094,-0.98594,-0.63911,-0.14169,0.44462,0.89088,1.4548,1.9499,2.2546,2.5831,2.7981,2.8965,2.9635,2.961,2.9225,2.8887,2.8378,2.8345,2.8599,2.9348,3.0609,3.2265
4.7714,4.3702,3.6998,2.8215,1.9608,0.48104,-1.5374,-3.5762,-7.4403,-13.453,-14.14,-9.6235,-5.5266,-3.0026,-1.7108,-0.57278,0.04147,0.2325,0.16883,-0.24426,-0.92945,-1.547,-2.3441,-2.7324,-2.534,-1.7165,-0.60888,0.22458,1.198,1.9448,2.4614,2.743,3.0404,3.3521,3.6472,4.1814,4.8722,5.6577,6.2557,6.9849,7.5981,7.9579,8.3001,8.4736,8.5075,8.4333,8.2417,7.9676,7.7201,7.3584,6.9688,6.6642,6.246,5.8064,5.4528,4.9426,4.3861,3.7794,3.3158,2.6802,2.0555,1.6041,1.045,0.53762,0.041008,-0.33901,-0.88957,-1.528,-2.0464,-2.7804,-3.4315,-3.7788,-3.8979,-3.5659,-2.9192,-2.3654,-1.6327,-0.9835,-0.58461,-0.1527,0.17991,0.37786,0.60448,0.81511,1.0272,1.1961,1.435,1.7219,1.9493,2.3248,2.8089,3.392,3.8963,4.6209,5.3759,5.9277,6.6087,7.2174,7.613,8.0654,8.4382,8.7402,8.9187,9.0949,9.1983,9.2204,9.1629,8.9851,8.768,8.3487,7.772,7.0159,6.3173,5.2,3.8401,2.638,0.72444,-1.5896,-4.3221,-6.5045,-8.3205,-7.3292,-5.6754,-3.599,-2.0293,-1.1601,-0.34472,0.10895,0.22509,0.1561,-0.11286,-0.47815,-0.71108,-0.86745,-0.80215,-0.62954,-0.36558,-0.15764,-0.11097,-0.17528,-0.37037,-0.54446,-0.55898,-0.29762,0.30475,1.0816,1.6748,2.3708,2.8754,3.1039,3.1924,2.9998,2.6657,1.9453,0.89458,-0.5895,-2.0348,-4.5923,-8.3239,-12.425,-18.657,-13.218,-9.4359,-6.1824,-4.0484,-2.5337,-1.6842,-0.84405,-0.28266,0.0094469,0.18345,0.11059,-0.26273,-0.75636,-1.7672,-3.2967,-4.8864,-7.708,-10.972,-11.584,-8.6649,-5.4194,-2.9665,-1.5878,-0.23655,0.69192,1.1579,1.5207,1.631,1.5836,1.3698,1.0413,0.66949,0.44228,0.27817,0.36747,0.61127,1.1278,1.7883,2.4797
-1.2429,-0.73129,-0.22791,0.024819,0.04331,-0.13456,-0.51423,-0.86088,-1.3037,-1.5975,-1.5948,-1.4075,-0.95731,-0.43403,-0.043178,0.40915,0.74948,0.91244,1.0405,1.0571,1.0093,0.94104,0.85088,0.77551,0.73083,0.67462,0.58082,0.45005,0.11754,-0.49135,-1.4969,-2.5906,-4.7228,-7.8388,-10.28,-9.3397,-5.1929,-1.8026,0.13874,2.132,3.6138,4.4625,5.3206,5.9224,6.2239,6.4603,6.5178,6.4322,6.2811,5.9848,5.5857,5.2265,4.6785,4.0704,3.5802,2.8927,2.2106,1.5518,1.0859,0.50377,-0.029932,-0.41429,-0.93063,-1.4975,-2.1944,-2.8363,-3.9273,-5.3903,-6.8894,-9.6138,-13.958,-20.022,-29.208,-15.929,-11.294,-9.2717,-7.5064,-6.4991,-6.1017,-5.9289,-6.0336,-6.1846,-6.3132,-6.1004,-5.3962,-4.6096,-3.3895,-2.1238,-1.2376,-0.15889,0.74818,1.5276,2.0143,2.5251,2.8746,3.0358,3.1151,3.0498,2.9158,2.7008,2.4943,2.4233,2.4998,2.7828,3.1999,3.536,3.9328,4.1892,4.2731,4.2003,3.9157,3.4229,2.9257,2.1071,1.1436,0.35112,-0.71659,-1.7328,-2.5817,-3.0273,-3.2832,-3.1925,-2.9405,-2.4002,-1.7477,-1.2457,-0.63518,-0.1126,0.28118,0.49265,0.67634,0.74402,0.72275,0.5945,0.33476,0.048076,-0.50967,-1.3623,-2.6286,-3.9892,-6.6389,-11.2,-18.253,-20.985,-10.478,-6.0527,-3.9782,-2.0955,-0.87655,-0.28931,0.13787,0.21671,0.079629,-0.34866,-1.0301,-1.951,-2.7787,-4.0064,-5.2022,-5.9313,-6.3675,-6.019,-5.3697,-4.3173,-3.2325,-2.2581,-1.6589,-1.0124,-0.56242,-0.36676,-0.3087,-0.48993,-0.91667,-1.4075,-2.3063,-3.4647,-4.5008,-5.9481,-7.0175,-7.227,-6.5652,-5.3433,-4.1238,-3.3422,-2.5731,-2.1275,-1.9981,-2.0992,-2.5333,-3.0953,-4.1918,-5.7814,-8.0147,-10.285,-14.041,-15.038,-12.243,-8.3482,-5.4213,-3.2467
-5.8916,-4.1071,-2.4593,-1.3268,-0.73827,-0.20466,0.11278,0.25432,0.35931,0.39829,0.41434,0.42465,0.44873,0.47765,0.49638,0.52098,0.55337,0.57069,0.59998,0.63348,0.66833,0.69275,0.72099,0.72585,0.70507,0.63551,0.46783,0.26761,-0.13809,-0.73974,-1.5484,-2.3243,-3.5081,-4.624,-5.1126,-4.8485,-3.6006,-1.9538,-0.76252,0.63204,1.7773,2.467,3.1903,3.7021,3.9682,4.1703,4.2064,4.0808,3.8844,3.4797,2.9125,2.3802,1.5121,0.48225,-0.40135,-1.6865,-3.0077,-4.1948,-4.8556,-5.3004,-5.2678,-5.0557,-4.7384,-4.5087,-4.4506,-4.5665,-4.9004,-5.5017,-6.0873,-7.002,-7.9389,-8.5128,-8.8683,-8.7386,-8.3831,-8.1527,-7.9873,-8.1312,-8.5516,-9.576,-11.303,-13.424,-18.537,-38.22,-18.757,-13.385,-9.0932,-6.2153,-4.593,-2.8808,-1.5941,-0.67565,-0.18434,0.20883,0.29761,0.14598,-0.39021,-1.3483,-2.4413,-4.5452,-7.6875,-11.6,-12.134,-8.3498,-4.8611,-2.9956,-1.2407,-0.12024,0.39255,0.69272,0.62192,0.21897,-0.28559,-1.22,-2.4418,-3.5079,-5.0601,-6.6345,-7.832,-8.2482,-7.991,-7.039,-6.1707,-4.9364,-3.7562,-2.9471,-1.989,-1.1693,-0.48459,-0.055076,0.39408,0.70602,0.84779,0.90954,0.81814,0.63949,0.2489,-0.32087,-1.0685,-1.732,-2.6731,-3.5406,-3.9838,-4.1369,-3.7991,-3.1644,-2.6282,-1.9944,-1.5248,-1.3012,-1.1809,-1.2458,-1.4036,-1.7631,-2.2468,-2.8184,-3.2616,-3.7974,-4.2081,-4.3762,-4.369,-4.1094,-3.7527,-3.1646,-2.5148,-1.8647,-1.4221,-0.92932,-0.57913,-0.41039,-0.33346,-0.41095,-0.64692,-0.90663,-1.3363,-1.8251,-2.1979,-2.6369,-2.9717,-3.1323,-3.2114,-3.1707,-3.0867,-3.0449,-3.0712,-3.2337,-3.4886,-4.0337,-4.8355,-5.6056,-6.8541,-8.3063,-9.9082,-11.073,-12.188,-12.123,-11.204,-9.2894,-7.2161,-5.3601
-1.6944,-1.16,-0.4619,0.1318,0.49817,0.86757,1.1011,1.1945,1.2007,1.0913,0.87603,0.64328,0.2717,-0.14271,-0.46576,-0.87991,-1.2016,-1.3751,-1.4645,-1.382,-1.1668,-0.94687,-0.61403,-0.27761,-0.051664,0.21244,0.41461,0.51086,0.56209,0.54101,0.44677,0.35088,0.21101,0.11909,0.11223,0.20453,0.41125,0.70793,0.9709,1.3223,1.6576,1.8873,2.1464,2.3499,2.4414,2.5041,2.4843,2.351,2.1529,1.7413,1.1344,0.51966,-0.57051,-2.0068,-3.3869,-5.7883,-9.2319,-14.942,-24.236,-20.496,-12.839,-9.9665,-7.5225,-5.9347,-4.8693,-4.3173,-3.8619,-3.6195,-3.5618,-3.6073,-3.7398,-3.8787,-4.0961,-4.3607,-4.6805,-4.9748,-5.4548,-6.0667,-6.5748,-7.3318,-8.1198,-8.6445,-9.0756,-9.0194,-8.3278,-7.4281,-6.0009,-4.5085,-3.4621,-2.2465,-1.2357,-0.45782,-0.045891,0.29096,0.36969,0.25555,-0.15029,-0.86482,-1.6132,-2.844,-4.1855,-5.1601,-5.2161,-4.3615,-2.9858,-1.976,-0.86768,-0.10046,0.24695,0.39657,0.21337,-0.31147,-0.94238,-2.1212,-3.7532,-5.3436,-8.1647,-12.219,-18.752,-22.353,-15.907,-11.504,-9.2684,-7.077,-5.3842,-4.3103,-3.0579,-1.9556,-0.96777,-0.30534,0.44053,1.0439,1.4021,1.7473,1.9469,1.9999,1.9527,1.7886,1.5332,1.2899,0.9332,0.57738,0.32187,0.0273,-0.2119,-0.41531,-0.55568,-0.73171,-0.92825,-1.102,-1.4009,-1.7865,-2.163,-2.807,-3.6427,-4.6556,-5.5355,-6.8354,-7.9761,-8.4339,-8.1184,-6.9245,-5.7779,-4.2118,-2.8142,-1.6827,-0.99715,-0.29108,0.17036,0.356,0.4256,0.29833,-0.010556,-0.34871,-0.9239,-1.553,-2.0302,-2.6159,-3.0416,-3.2256,-3.2738,-3.1788,-3.0096,-2.9156,-2.8768,-3.0466,-3.3344,-3.9805,-4.9544,-5.9462,-7.6229,-9.706,-11.99,-13.324,-13.476,-11.727,-9.964,-7.6945,-5.7243,-4.0637
1.0848,1.2796,1.5835,1.8826,2.0774,2.2705,2.357,2.3254,2.1447,1.7937,1.2321,0.66409,-0.34325,-1.623,-2.7704,-4.4958,-6.2118,-7.105,-7.2847,-6.4421,-5.1989,-4.2258,-3.0825,-2.088,-1.4194,-0.63372,0.048321,0.50183,1.0313,1.4533,1.7629,1.9296,2.06,2.0922,2.056,1.9619,1.8001,1.5721,1.3706,1.0829,0.79774,0.60323,0.42257,0.36887,0.41482,0.55529,0.75811,0.93583,1.0262,1.0237,0.84104,0.56728,-0.00021699,-0.8395,-1.6274,-2.8806,-4.2433,-5.4784,-6.1144,-6.3624,-5.9601,-5.4255,-4.562,-3.6955,-2.8883,-2.3316,-1.6634,-1.124,-0.79105,-0.49046,-0.33618,-0.33438,-0.49445,-0.84163,-1.3777,-1.892,-2.7881,-3.8584,-4.7517,-5.9513,-6.8968,-7.226,-7.0626,-6.262,-5.1022,-4.1643,-2.9246,-1.7683,-0.99526,-0.071632,0.67921,1.2792,1.6358,1.979,2.1847,2.2631,2.2715,2.188,2.0923,1.9371,1.8038,1.7549,1.7878,1.9362,2.16,2.3499,2.5751,2.7161,2.7318,2.6339,2.347,1.8535,1.344,0.4832,-0.58488,-1.5151,-2.8343,-4.1558,-5.3296,-6.0001,-6.525,-6.7682,-6.8214,-6.6183,-6.1475,-5.4954,-4.2603,-2.7825,-1.2999,-0.27963,0.9053,1.8775,2.4595,3.0472,3.4513,3.6459,3.7698,3.761,3.6332,3.4725,3.1773,2.7884,2.4343,1.9052,1.2948,0.62343,0.094052,-0.60841,-1.2431,-1.6365,-2.0245,-2.3088,-2.5102,-2.8579,-3.4632,-4.4702,-5.6402,-7.9621,-11.664,-15.086,-13.71,-8.5993,-5.7163,-2.9693,-0.99851,0.41921,1.2036,1.9267,2.3395,2.4512,2.3609,1.9904,1.3325,0.6374,-0.59446,-2.2359,-3.7734,-6.157,-8.3093,-8.7242,-7.2747,-5.1404,-3.3424,-2.333,-1.3971,-0.90439,-0.80307,-1.0172,-1.6312,-2.379,-3.7926,-5.7171,-8.0242,-9.5432,-9.5989,-7.3488,-5.3697,-3.0413,-1.1721,0.26624
0.88403,1.1898,1.6393,2.0979,2.4234,2.7958,3.0592,3.1537,3.1122,2.8256,2.2505,1.602,0.37273,-1.3851,-3.1418,-6.327,-10.922,-15.059,-14.674,-10.639,-8.101,-6.8676,-5.7105,-4.7406,-3.9487,-2.7522,-1.4598,-0.51472,0.63303,1.5781,2.2697,2.6427,2.9346,2.9823,2.8605,2.486,1.8788,1.0332,0.23061,-1.0467,-2.5265,-3.6798,-5.0565,-5.6866,-5.4082,-4.2377,-2.7769,-1.3968,-0.51148,0.42406,1.0763,1.368,1.5279,1.4229,1.1932,0.71678,0.099098,-0.63491,-1.2317,-2.0181,-2.7352,-3.1637,-3.4128,-3.1211,-2.3102,-1.4853,-0.29037,0.83695,1.5647,2.3471,2.8697,3.0912,3.1509,2.9233,2.3661,1.7122,0.46471,-1.3444,-3.219,-6.8696,-13.672,-30.736,-13.148,-7.0062,-3.6821,-2.0095,-0.39723,0.72477,1.3374,1.926,2.3123,2.5711,2.7314,2.945,3.1865,3.379,3.6527,3.9159,4.0984,4.3039,4.472,4.5982,4.679,4.7749,4.8554,4.9066,4.9478,4.9531,4.9192,4.8035,4.5986,4.3022,4.0084,3.5292,2.9388,2.4318,1.6773,0.81907,-0.1567,-1.0124,-2.3966,-4.2238,-6.1568,-10.317,-19.923,-19.111,-9.0109,-4.1838,-1.1329,0.50951,2.135,3.2807,3.9054,4.4789,4.8019,4.9202,4.9569,4.8917,4.7392,4.5709,4.2693,3.8625,3.4526,2.7222,1.7099,0.34591,-0.98422,-3.2299,-5.9454,-7.6145,-7.4605,-5.2771,-3.6524,-1.9712,-0.87176,-0.25207,-0.0018187,0.1562,0.28165,0.49005,0.99165,1.728,2.4022,3.326,4.1568,4.8163,5.1809,5.4749,5.566,5.5019,5.2315,4.7298,3.9946,3.2728,2.0568,0.46288,-1.025,-3.3408,-5.4188,-5.7316,-4.009,-1.6065,0.43189,1.6226,2.8227,3.6277,4.0178,4.2899,4.3191,4.2162,3.9699,3.6851,3.4527,3.3958,3.5252,3.912,4.3203,4.9668,5.6598,6.3145
-3.2907,-2.6725,-1.7829,-0.73344,0.13101,1.2611,2.2395,2.834,3.4067,3.6721,3.633,3.4057,2.8415,1.9831,1.1812,-0.044724,-1.3218,-2.216,-3.2779,-4.3145,-5.634,-7.0669,-10.119,-15.05,-15.719,-9.563,-5.0169,-2.6619,-0.38597,1.1925,2.2899,2.8233,3.1912,3.2136,2.9973,2.3756,1.3794,-0.0085604,-1.3516,-3.6176,-6.572,-9.4583,-14.928,-21.523,-17.199,-10.894,-6.7872,-3.7926,-2.0179,-0.1578,1.2207,1.981,2.6829,3.0397,3.0991,2.9187,2.4075,1.5534,0.64975,-1.03,-3.545,-6.3736,-13.294,-17.891,-7.6457,-3.7793,-0.34434,2.0296,3.3635,4.7227,5.6906,6.1858,6.5863,6.716,6.5541,6.2471,5.6316,4.7778,4.0236,2.9844,2.0996,1.7317,1.7517,2.2001,2.791,3.1657,3.4828,3.5049,3.2973,2.7452,1.9198,0.92629,0.25332,-0.18533,0.16634,0.83549,1.9034,2.858,3.4255,3.9659,4.2829,4.4178,4.4253,4.3884,4.3428,4.3355,4.3871,4.4872,4.5688,4.6526,4.6669,4.6116,4.5377,4.3673,4.1718,4.0081,3.7444,3.4667,3.1451,2.823,2.2555,1.5524,0.94632,0.24057,-0.066266,0.1219,0.97964,2.175,3.3388,4.0664,4.788,5.1874,5.268,5.1366,4.7495,4.3523,3.7899,3.3127,3.0688,3.0611,3.1892,3.3237,3.3499,3.1581,2.6447,1.7382,0.7472,-1.0124,-3.0813,-4.2197,-3.8483,-1.7608,-0.049166,1.8703,3.351,4.4737,5.1269,5.8123,6.3528,6.6909,7.1012,7.4641,7.6935,7.9425,8.106,8.1637,8.1343,7.993,7.7226,7.4469,6.9855,6.468,5.9246,5.5217,5.0256,4.6036,4.3758,4.2132,4.2853,4.5105,5.0201,5.716,6.4881,7.0495,7.7126,8.2558,8.5625,8.8467,8.9982,9.0455,9.038,8.9852,8.9308,8.9124,8.9465,9.0531,9.1929,9.4461,9.7562,10.101
-12.796,-14.745,-14.338,-9.6882,-6.5114,-3.2533,-0.86757,0.48583,1.8286,2.7498,3.3076,3.5102,3.5503,3.3535,3.0722,2.5599,1.8871,1.3013,0.39172,-0.65693,-1.8527,-2.8626,-4.1868,-5.1618,-5.2171,-4.3054,-2.7956,-1.6634,-0.34333,0.70235,1.4625,1.8282,2.0528,1.9765,1.7223,1.0895,0.056924,-1.4114,-2.8338,-5.2384,-8.2481,-11.002,-15.11,-17.447,-15.769,-11.679,-8.0282,-5.0119,-3.137,-1.1166,0.45622,1.3832,2.2856,2.8801,3.1263,3.213,3.029,2.5939,2.1053,1.249,0.23118,-0.52915,-1.2413,-1.1972,-0.31532,0.71746,2.2144,3.6576,4.6379,5.7756,6.7149,7.2955,7.8959,8.2977,8.5272,8.5919,8.5428,8.3746,8.1902,7.8975,7.5989,7.3881,7.1222,6.8575,6.5296,6.215,5.6315,4.782,3.9141,2.3257,0.016175,-3.5525,-7.8685,-17.707,-9.3068,-4.969,-1.6929,0.17526,0.97123,1.4495,1.3487,0.76903,0.06106,-1.0997,-2.1129,-2.4197,-2.0174,-1.0692,-0.33835,0.40444,0.81186,0.87259,0.73999,0.4982,0.36473,0.46938,0.95656,1.7156,2.5363,3.1337,3.8234,4.3665,4.7029,5.0663,5.3924,5.6344,5.9319,6.1789,6.3058,6.2967,6.0809,5.5694,4.9452,3.7145,1.9278,0.091577,-3.2907,-7.7008,-8.7041,-5.8423,-2.4126,-0.1418,1.0333,2.099,2.747,3.0733,3.1971,3.2676,3.3493,3.4845,3.8415,4.3902,4.8847,5.5915,6.2706,6.8947,7.298,7.7513,8.1013,8.2931,8.4581,8.5365,8.5234,8.4071,8.1729,7.8161,7.454,6.8409,6.0721,5.3969,4.3974,3.3737,2.4982,2.0839,2.0244,2.5244,3.1263,4.0844,5.0725,5.7933,6.6939,7.5003,8.1999,8.6531,9.1454,9.5052,9.6816,9.7935,9.7782,9.6858,9.472,9.1757,8.8351,8.5695,8.2494,8.0261,7.9609,8.0469,8.3196,8.7445
-10.769,-11.208,-10.622,-8.5548,-6.6118,-4.1605,-2.102,-0.8338,0.48241,1.4661,2.1567,2.5011,2.7491,2.8139,2.7492,2.5469,2.226,1.926,1.464,0.93797,0.37606,-0.031462,-0.5533,-0.93349,-1.1433,-1.2761,-1.2711,-1.2008,-1.0342,-0.80407,-0.57131,-0.38493,-0.16711,-0.072575,-0.11849,-0.35549,-0.88666,-1.7494,-2.6231,-4.12,-5.9869,-7.5528,-9.5525,-10.398,-9.8155,-8.014,-5.9528,-4.0881,-2.8827,-1.5064,-0.38973,0.30169,1.055,1.6236,1.938,2.2026,2.3243,2.3018,2.1981,1.9909,1.7438,1.5799,1.4363,1.4461,1.6692,1.9773,2.5875,3.3485,3.9911,4.8971,5.7885,6.4194,7.1662,7.7763,8.2578,8.5291,8.7617,8.872,8.8766,8.8023,8.6483,8.4781,8.188,7.8199,7.3691,6.9702,6.3295,5.5593,4.8857,3.8466,2.6893,1.541,0.79457,0.15123,0.030118,0.18731,0.52723,0.75287,0.74128,0.39448,-0.44308,-1.9488,-3.6437,-7.1339,-13.081,-17.063,-10.863,-6.4863,-4.6015,-3.2358,-2.8396,-3.3982,-4.5047,-7.2909,-12.749,-16.251,-8.938,-3.7097,-0.42351,1.3633,3.1829,4.5287,5.3182,6.1196,6.6826,6.988,7.2347,7.2954,7.1736,6.9423,6.4246,5.6391,4.8571,3.5266,1.8395,0.35081,-1.8164,-3.6751,-4.2455,-3.6928,-2.3382,-0.92807,-0.020283,1.0169,1.8602,2.5614,3.002,3.5092,3.9622,4.2758,4.6756,5.0668,5.3563,5.7308,6.0841,6.3919,6.5895,6.7868,6.903,6.9329,6.8771,6.6998,6.4964,6.1233,5.6197,4.9717,4.3818,3.4299,2.2316,1.1078,-0.83928,-3.6536,-8.2264,-14.291,-13.464,-5.897,-2.5376,0.53847,2.742,4.0276,5.3865,6.4376,7.2214,7.6637,8.0693,8.2761,8.3114,8.1976,7.8984,7.5478,6.9106,6.0727,5.0192,4.0882,2.7031,1.3064,0.49362,0.19472,1.0354,2.5158
-5.8715,-5.4322,-4.6373,-3.618,-2.7774,-1.6442,-0.58101,0.1302,0.92078,1.5253,1.9253,2.1263,2.2456,2.2487,2.192,2.0549,1.894,1.7514,1.5415,1.2911,0.98444,0.72689,0.31551,-0.18746,-0.63841,-1.3648,-2.2348,-2.9598,-3.9023,-4.5385,-4.5109,-4.0218,-2.9689,-1.8667,-1.174,-0.50088,-0.11802,-0.021459,-0.12039,-0.42795,-0.86513,-1.2187,-1.6303,-1.9178,-1.9896,-1.9511,-1.7951,-1.533,-1.3305,-1.0445,-0.72326,-0.45159,-0.03549,0.41339,0.75679,1.1765,1.5157,1.712,1.769,1.7078,1.4765,1.2003,0.702,0.11392,-0.42405,-0.65898,-0.53633,0.25496,1.185,2.6389,4.0822,5.0704,6.2165,7.162,7.8823,8.2903,8.6693,8.8885,8.9512,8.9209,8.7729,8.6004,8.3111,7.9544,7.5564,7.2354,6.7762,6.2923,5.9185,5.4082,4.9045,4.4378,4.1284,3.7873,3.5239,3.3633,3.1615,2.9265,2.6971,2.277,1.7084,0.99565,0.37841,-0.43775,-1.0692,-1.2888,-1.2145,-0.86702,-0.56107,-0.28638,-0.30835,-0.63333,-1.0866,-1.8383,-2.3964,-2.2674,-1.1592,0.56655,2.3736,3.6155,5.0367,6.188,6.8856,7.6289,8.1706,8.4437,8.6414,8.6523,8.4844,8.2316,7.7294,7.042,6.407,5.4005,4.2565,3.3445,2.1314,1.0151,0.10995,-0.38748,-0.75463,-0.74997,-0.5091,0.061307,0.79241,1.5692,2.1123,2.747,3.261,3.573,3.9019,4.1611,4.3186,4.5071,4.6962,4.8731,4.9781,5.086,5.1022,5.0449,4.8572,4.5018,4.134,3.5159,2.7656,1.9278,1.2982,0.47489,-0.29006,-0.86318,-1.6797,-2.5386,-3.2564,-3.4598,-2.8947,-1.4283,-0.075683,1.703,3.2758,4.2749,5.3675,6.1968,6.7922,7.0917,7.301,7.3055,7.1797,6.837,6.2896,5.7382,4.7931,3.5648,1.9902,0.49929,-2.1169,-6.0058,-10.664,-15.755,-7.9685,-3.0626
-5.2558,-3.999,-2.4757,-1.1404,-0.28124,0.6696,1.4003,1.7971,2.15,2.2669,2.17,1.9675,1.5985,1.1531,0.84463,0.5474,0.43603,0.47425,0.63453,0.83122,0.98349,1.0006,0.86569,0.46348,-0.028629,-1.0442,-2.616,-4.3366,-7.9717,-15.69,-20.499,-10.705,-5.122,-1.9349,-0.2623,1.3125,2.3689,3.0383,3.3306,3.5036,3.4622,3.3188,3.0028,2.5623,2.1474,1.5027,0.71997,-0.2337,-1.0328,-2.1323,-3.0211,-3.3466,-3.0868,-2.182,-1.3148,-0.17971,0.76306,1.454,1.7702,1.9107,1.6909,1.2456,0.19764,-1.5862,-4.6336,-8.635,-19.984,-8.8271,-3.7442,0.3753,3.1475,4.6936,6.2624,7.4132,8.2247,8.639,8.9809,9.0955,9.0573,8.8551,8.5093,8.1888,7.7064,7.2206,6.7698,6.4758,6.1638,5.9291,5.794,5.6505,5.5208,5.3822,5.2749,5.1316,4.9904,4.8955,4.7774,4.6706,4.5952,4.4788,4.3563,4.2333,4.14,4.0434,3.9851,3.9824,4.0367,4.1262,4.2027,4.2995,4.3725,4.4352,4.48,4.5857,4.809,5.0697,5.5677,6.2032,6.9301,7.499,8.2329,8.9004,9.3356,9.8168,10.185,10.367,10.491,10.475,10.303,10.073,9.6282,9.0169,8.45,7.5355,6.4283,5.4659,3.9822,2.2143,0.081888,-1.7934,-4.5298,-6.3842,-5.8787,-3.6199,-1.3704,0.33624,1.2746,2.129,2.5803,2.7073,2.6536,2.422,2.2178,2.0282,2.031,2.2678,2.5608,2.9611,3.2568,3.3372,3.2063,2.7717,2.2011,1.0891,-0.42337,-2.2443,-3.6113,-4.8196,-4.5865,-3.6838,-2.2542,-0.93349,0.19795,0.99005,1.9965,2.982,3.7136,4.6419,5.4668,6,6.5776,6.978,7.2087,7.263,7.1971,6.9569,6.6678,6.1305,5.4261,4.7967,3.8155,2.7001,1.4747,0.5277,-0.69699,-1.7007,-2.1618,-2.2114,-1.5046,-0.30494
-5.0487,-2.9747,-0.90539,0.59938,1.4343,2.2405,2.7216,2.8714,2.7764,2.3371,1.5388,0.65406,-0.92682,-2.9855,-4.7237,-6.5716,-6.4297,-5.1525,-3.2001,-1.5641,-0.35426,0.27884,0.83566,1.0788,1.0903,0.87198,0.4206,-0.044118,-0.66357,-0.9994,-0.74852,-0.094163,1.1751,2.5421,3.4814,4.5755,5.4206,6.0101,6.2996,6.4867,6.4547,6.2863,5.8755,5.2395,4.5915,3.4706,1.9964,0.029473,-1.8899,-5.4571,-11.581,-23.605,-14.418,-7.3378,-4.4572,-1.8702,-0.085349,1.2052,1.9,2.5046,2.7742,2.7456,2.4259,1.8199,1.0385,0.526,0.35438,1.1099,2.1392,3.694,5.1454,6.0806,7.0976,7.8303,8.3022,8.4961,8.536,8.321,7.9961,7.3453,6.4588,5.6458,4.4118,3.1699,2.1938,1.8127,1.8495,2.2867,2.6894,3.1596,3.4873,3.6449,3.67,3.6116,3.5126,3.4558,3.4401,3.5332,3.6786,3.9575,4.2868,4.6251,4.8772,5.1904,5.4726,5.6608,5.8887,6.0918,6.2206,6.3818,6.54,6.6889,6.81,6.9989,7.2334,7.4386,7.757,8.134,8.5521,8.8704,9.3001,9.7166,10.007,10.341,10.599,10.742,10.855,10.86,10.745,10.581,10.244,9.7621,9.2986,8.5485,7.619,6.7815,5.4361,3.7617,1.6459,-0.2873,-3.2435,-5.3539,-4.8177,-2.4607,-0.28205,1.2285,1.9403,2.3818,2.2697,1.8067,0.63919,-1.2708,-3.252,-6.3705,-7.3792,-4.7388,-2.5799,-0.43758,0.94659,1.556,1.8689,1.675,1.1804,0.0024189,-1.8842,-4.7954,-7.9206,-12.276,-9.3202,-5.8258,-2.4434,-0.068097,1.6526,2.6749,3.7867,4.6746,5.2178,5.8008,6.2282,6.4462,6.6033,6.6138,6.4686,6.2648,5.8721,5.3551,4.8771,4.1477,3.2943,2.5609,1.4626,0.2378,-1.0795,-2.0699,-3.2172,-3.8529,-3.8733,-3.2931,-2.209,-0.87596
-0.93117,-0.24381,0.67193,1.4538,1.9109,2.3306,2.4937,2.4393,2.0868,1.3968,0.31406,-0.81016,-2.8354,-5.6072,-8.2466,-11.653,-11.265,-8.9707,-6.2064,-4.1727,-2.7107,-1.8524,-0.92671,-0.18968,0.26872,0.77242,1.2022,1.4984,1.9,2.3453,2.8874,3.3609,4.0296,4.7399,5.2495,5.8712,6.3909,6.7742,6.9632,7.0649,6.9882,6.8077,6.3867,5.7487,5.1188,4.0536,2.7233,1.1438,-0.19204,-2.0645,-3.7675,-4.6727,-5.0994,-4.6757,-3.9761,-2.7942,-1.4818,-0.18117,0.71336,1.7442,2.5574,3.0229,3.4618,3.7397,3.9251,4.0559,4.2584,4.5291,4.7835,5.1644,5.5455,5.8053,6.0933,6.2743,6.3155,6.245,5.9734,5.4814,4.9291,3.8898,2.4124,0.90803,-1.8474,-6.1272,-14.292,-19.138,-9.2577,-4.9154,-3.0718,-1.6285,-0.96699,-0.86924,-1.0966,-1.7234,-2.563,-3.1642,-3.5754,-3.2271,-2.5389,-1.3275,-0.12658,0.93726,1.6133,2.3546,2.9476,3.3015,3.6714,3.9542,4.1199,4.286,4.3996,4.4788,4.5377,4.6327,4.7517,4.8833,5.0967,5.361,5.6653,5.9019,6.2354,6.568,6.8221,7.1556,7.4509,7.6511,7.8533,7.9752,8.0009,7.9496,7.7789,7.513,7.248,6.8205,6.3246,5.9068,5.2973,4.6434,3.9809,3.5098,3.0066,2.7278,2.6941,2.8521,3.0888,3.2743,3.2912,3.0661,2.499,1.8011,0.44261,-1.4319,-3.1659,-5.424,-6.1792,-4.7583,-3.284,-1.6121,-0.43807,0.15322,0.5925,0.67436,0.55176,0.18047,-0.36112,-0.94255,-1.2947,-1.4695,-1.1974,-0.72847,0.11471,1.003,1.8627,2.428,3.0638,3.5441,3.8101,4.0163,4.068,3.9934,3.739,3.3103,2.7108,2.1652,1.326,0.43223,-0.23998,-1.1046,-1.9614,-2.6559,-3.7301,-5.1651,-7.194,-9.2911,-13.514,-20.601,-19.81,-12.694,-8.3732,-5.4779
0.50803,0.83893,1.3213,1.7751,2.0683,2.3291,2.4082,2.3302,2.0366,1.5006,0.71638,-0.011452,-1.1498,-2.3709,-3.2608,-4.2452,-4.893,-5.1357,-5.2099,-5.0438,-4.6979,-4.286,-3.5839,-2.6813,-1.9772,-0.9961,-0.036993,0.65043,1.5051,2.3014,3.0519,3.585,4.2447,4.8651,5.3046,5.816,6.2499,6.5914,6.7755,6.9028,6.8904,6.7801,6.4771,5.9935,5.5069,4.6788,3.6611,2.4286,1.3764,-0.19133,-1.9521,-3.3725,-5.4282,-7.365,-8.1592,-7.2771,-4.9455,-2.5151,-0.9278,0.81305,2.1567,2.947,3.7309,4.2514,4.567,4.6867,4.7269,4.6495,4.5315,4.3223,4.0887,3.9122,3.69,3.518,3.3789,3.2569,3.041,2.71,2.3386,1.6442,0.66432,-0.25077,-1.7113,-3.2854,-4.5696,-4.9643,-4.668,-3.923,-3.4021,-2.9843,-3.0465,-3.6267,-4.484,-6.3632,-9.4752,-13.46,-28.565,-17.076,-11.378,-7.337,-4.826,-3.1596,-2.2528,-1.3762,-0.75498,-0.39856,-0.052368,0.17977,0.28635,0.30863,0.2138,0.025388,-0.15783,-0.39548,-0.52771,-0.51771,-0.34225,-0.041787,0.28537,0.54425,0.85187,1.167,1.4282,1.8574,2.3907,2.8058,3.3202,3.725,3.9802,4.042,3.9828,3.7926,3.6009,3.3575,3.2053,3.1981,3.3257,3.5695,3.8666,4.0941,4.3825,4.6387,4.7982,4.9488,5.0192,4.9698,4.8383,4.516,4.0177,3.5345,2.7627,1.9159,1.2744,0.54226,0.0027622,-0.25857,-0.33356,-0.32304,-0.26006,-0.21857,-0.15356,-0.13452,-0.13595,-0.151,-0.18508,-0.20828,-0.20762,-0.13543,0.00048903,0.15362,0.41002,0.68091,0.9563,1.1428,1.3269,1.4384,1.452,1.3637,1.1183,0.82053,0.21597,-0.66464,-1.8756,-3.037,-4.9085,-7.0544,-8.4642,-9.4413,-9.1616,-8.6755,-8.2698,-8.3904,-9.0602,-9.9175,-11.238,-12.117,-12.008,-10.886,-9.1957,-7.4501
-0.27945,0.27595,1.0681,1.821,2.3085,2.7943,3.0762,3.1349,3.0137,2.666,2.1002,1.5575,0.6889,-0.33679,-1.2017,-2.4425,-3.8147,-4.9383,-6.6226,-8.4306,-9.9229,-10.249,-9.1376,-7.04,-5.4142,-3.442,-1.7757,-0.70044,0.52241,1.5581,2.4244,2.9859,3.6797,4.2976,4.7263,5.2749,5.7755,6.2248,6.5118,6.8177,7.0115,7.0631,7.0135,6.7925,6.5179,5.9902,5.2626,4.329,3.4718,2.0785,0.32777,-1.2943,-4.0592,-7.6811,-10.056,-8.5227,-4.5642,-1.4243,0.36888,2.2288,3.5883,4.3439,5.0512,5.4513,5.5592,5.4462,5.0631,4.4093,3.748,2.6577,1.407,0.4823,-0.49506,-0.90057,-0.729,-0.39648,0.1031,0.4623,0.62015,0.65512,0.54177,0.37452,0.068172,-0.24461,-0.51096,-0.65959,-0.81626,-0.93294,-1.0741,-1.3692,-1.8494,-2.5808,-3.2964,-4.4423,-5.7386,-6.6467,-7.395,-7.3134,-6.8131,-5.9133,-5.1283,-4.5863,-4.3692,-4.2607,-4.2794,-4.2542,-4.0909,-3.8221,-3.6385,-3.5758,-3.8966,-4.6984,-5.7063,-7.4688,-9.1038,-9.3701,-8.135,-6.5429,-5.5302,-5.2041,-5.3893,-5.9595,-6.2815,-5.814,-4.2089,-2.7928,-1.1328,0.041347,0.67462,0.80892,0.54338,-0.25252,-1.1259,-2.4386,-3.106,-2.6164,-0.91499,1.0552,2.7648,3.823,4.9343,5.7537,6.2047,6.6016,6.7993,6.8047,6.6944,6.4123,5.9827,5.5767,4.9449,4.2182,3.6254,2.8003,1.9558,1.0824,0.43022,-0.40427,-1.1335,-1.5632,-1.8915,-1.9123,-1.7767,-1.5037,-1.2046,-0.9575,-0.83532,-0.73863,-0.70492,-0.69525,-0.71363,-0.71105,-0.73704,-0.7602,-0.8066,-0.89043,-0.99741,-1.1757,-1.4286,-1.6846,-2.166,-2.9116,-4.0583,-5.3054,-7.7472,-11.617,-15.816,-17.824,-12.909,-10.311,-8.267,-7.2793,-7.0051,-7.1442,-7.6319,-8.374,-8.954,-9.6113,-9.8533,-9.2891
-4.8782,-2.711,-0.37476,1.3645,2.3194,3.2322,3.7782,3.9809,3.9885,3.7379,3.249,2.7286,1.8522,0.76983,-0.18328,-1.6676,-3.4324,-5.0098,-7.5801,-11.041,-15.888,-18.447,-14.481,-9.9473,-7.4761,-4.962,-3.0504,-1.9243,-0.73049,0.16445,0.83767,1.2327,1.6781,2.1126,2.472,3.0589,3.7593,4.5115,5.0694,5.7569,6.3283,6.6663,6.9796,7.133,7.1347,6.9981,6.6898,6.2279,5.7824,5.0792,4.2746,3.6426,2.8625,2.3052,2.1372,2.3464,2.9802,3.8566,4.5658,5.4569,6.2093,6.6406,7.0154,7.1333,6.9559,6.6174,5.8376,4.6309,3.38,1.1102,-2.1999,-5.8638,-14.6,-14.871,-7.6839,-5.0052,-2.9364,-1.7764,-1.2392,-0.76895,-0.42895,-0.21889,0.074519,0.33946,0.56509,0.67109,0.73289,0.64995,0.49228,0.11672,-0.41451,-1.096,-1.6642,-2.4295,-3.1236,-3.5375,-3.8769,-4.0292,-4.0698,-4.1291,-4.3776,-5.0084,-5.8645,-7.6968,-10.486,-12.766,-12.545,-9.3349,-7.3518,-5.7097,-5.1469,-5.6777,-6.7794,-9.3893,-12.842,-13.393,-10.258,-7.6576,-6.3436,-6.2958,-7.3996,-10.33,-14.03,-14.683,-8.5221,-5.3703,-2.6138,-0.94744,-0.099481,0.087872,-0.30561,-1.4935,-3.0731,-6.5175,-10.854,-8.869,-3.3738,0.4691,3.1177,4.5895,6.0516,7.0665,7.5923,8.034,8.2031,8.1508,7.9821,7.6066,7.0868,6.6149,5.8929,5.0665,4.3844,3.3462,2.1277,0.6337,-0.71706,-2.9355,-5.6813,-7.832,-9.3068,-7.8724,-6.2271,-4.4287,-3.2567,-2.6473,-2.4792,-2.6039,-2.9782,-3.3573,-3.833,-4.1566,-4.2884,-4.3384,-4.4292,-4.6725,-4.9155,-5.2369,-5.2934,-5.0975,-4.5595,-3.9755,-3.5885,-3.4743,-3.5729,-3.7989,-3.9056,-3.8401,-3.4469,-3.0758,-2.6497,-2.4758,-2.6727,-3.0835,-4.0961,-5.7869,-7.7217,-11.85,-21.551,-20.35
-4.2263,-2.0938,0.19338,1.8707,2.7807,3.6147,4.0678,4.1996,4.1202,3.778,3.1999,2.6095,1.651,0.52019,-0.40947,-1.8057,-3.3079,-4.4757,-6.0188,-7.4263,-8.3968,-8.6653,-8.3824,-7.5325,-6.5916,-5.2634,-4.0452,-3.2797,-2.5472,-2.1736,-2.2052,-2.4852,-3.2054,-3.9812,-4.2031,-3.5368,-1.8674,0.019633,1.3258,2.7864,3.941,4.634,5.3321,5.848,6.1155,6.3354,6.4244,6.3791,6.2678,6.0486,5.7769,5.5569,5.315,5.1721,5.1621,5.3095,5.6337,6.0991,6.5124,7.0659,7.5692,7.8777,8.1409,8.1884,7.9909,7.6649,6.9492,5.8971,4.8673,3.1676,1.1394,-0.45645,-2.3122,-3.2403,-3.3518,-3.2433,-3.2853,-3.636,-4.0503,-4.5433,-4.56,-4.0663,-2.9527,-1.7342,-0.69108,-0.09427,0.42558,0.59736,0.52229,0.1141,-0.63431,-1.6913,-2.6764,-4.1157,-5.3732,-5.8743,-5.779,-5.0478,-4.4021,-3.7404,-3.4437,-3.6635,-4.1932,-5.4737,-7.2371,-8.3398,-8.0141,-5.9774,-4.3621,-2.7115,-1.6718,-1.2055,-1.1145,-1.2179,-1.3221,-1.3235,-1.1637,-0.95259,-0.82403,-0.88911,-1.1265,-1.4639,-1.5976,-1.4762,-0.96337,-0.43456,0.32157,0.93153,1.357,1.5391,1.6068,1.5418,1.4427,1.427,1.7335,2.2528,3.3205,4.5904,5.8373,6.6582,7.5505,8.1725,8.4562,8.5981,8.4774,8.1075,7.6909,6.9654,6.1108,5.4248,4.5136,3.6657,3.0674,2.2447,1.2845,0.072311,-1.1179,-3.2355,-6.0336,-8.4214,-10.108,-8.2913,-6.4812,-4.6831,-3.7318,-3.5631,-3.8764,-4.9816,-6.9485,-9.0322,-12.332,-13.587,-11.524,-9.992,-9.0309,-9.3549,-10.596,-14.255,-20.021,-15.691,-9.3171,-5.4473,-2.947,-1.6069,-0.2814,0.66279,1.2005,1.7484,2.1575,2.3788,2.5364,2.5133,2.2657,1.9118,1.1988,0.24617,-0.61934,-1.7773,-2.6239,-2.7492
1.8306,2.3123,2.9917,3.5638,3.8908,4.1439,4.1668,4.0212,3.6182,2.97,2.1038,1.3182,0.11688,-1.2397,-2.3076,-3.78,-5.2714,-6.3997,-7.9067,-9.3844,-10.691,-11.338,-11.244,-10.124,-8.839,-7.092,-5.5848,-4.7177,-3.9372,-3.7235,-4.1904,-5.0825,-7.3421,-11.622,-17.353,-14.696,-7.8707,-4.0384,-2.1062,-0.278,0.99542,1.7133,2.4866,3.1122,3.5376,4.0252,4.4253,4.6915,4.7918,4.7668,4.5905,4.377,4.0232,3.7025,3.5736,3.6439,4.0698,4.7972,5.4507,6.3564,7.1792,7.6938,8.2107,8.506,8.561,8.4371,8.0675,7.4601,6.8612,5.9086,4.8156,3.9401,2.7677,1.548,0.29883,-0.76494,-2.527,-4.9638,-7.6605,-14.131,-30.514,-13.937,-7.4469,-4.036,-1.8921,-0.79794,0.12425,0.55754,0.56109,0.17891,-0.72983,-2.2632,-3.9866,-7.4668,-14.164,-29.883,-13.384,-7.3235,-4.7667,-2.5342,-1.1492,-0.28362,0.11892,0.4476,0.69726,0.92319,1.3446,1.9159,2.3925,3.0209,3.5497,3.9708,4.1887,4.3812,4.4747,4.5037,4.4804,4.41,4.2396,4.0854,3.8107,3.4853,3.2239,2.8934,2.5557,2.3225,2.0402,1.8312,1.7564,1.8124,2.097,2.5817,3.0487,3.7655,4.5717,5.2106,6.0718,6.8944,7.6297,8.0883,8.5391,8.7766,8.7919,8.566,8.038,7.1715,6.2764,4.7467,2.8457,1.2782,-0.62482,-1.547,-1.4307,-0.74221,-0.097796,0.22024,0.21744,-0.019874,-0.43926,-0.72418,-1.0067,-1.0583,-1.0318,-1.0098,-1.18,-1.669,-2.3421,-3.6682,-5.6132,-7.4863,-10.05,-10.881,-9.4117,-8.0682,-6.8711,-6.4173,-6.5022,-6.847,-6.6727,-5.7633,-3.7297,-1.5346,0.40143,1.6408,2.9996,4.0626,4.7065,5.3934,5.8973,6.1741,6.4146,6.5088,6.4682,6.3527,6.1025,5.7721,5.5027,5.1533,4.8594,4.6596
4.3801,4.4718,4.5579,4.5701,4.5121,4.3129,3.9519,3.5468,2.8003,1.7906,0.48214,-0.68875,-2.5216,-4.5887,-6.2217,-8.1491,-9.5982,-10.417,-11.537,-13.256,-16.596,-21.673,-29.072,-16.241,-11.927,-8.2345,-5.7763,-4.4731,-3.2962,-2.668,-2.4988,-2.643,-3.0193,-3.5164,-3.6941,-3.5549,-3.0057,-2.3445,-1.9608,-1.717,-1.7555,-1.9041,-1.9633,-1.5898,-0.94697,0.20079,1.3029,2.1577,2.5595,2.722,2.413,1.8582,0.60602,-1.2623,-2.9479,-4.3603,-2.8561,0.083393,2.0959,4.294,5.9673,6.9296,7.8862,8.5243,8.8725,8.9604,8.8727,8.5682,8.2118,7.5826,6.8101,6.142,5.1481,4.0337,2.8006,1.7931,0.3472,-1.2155,-2.3404,-3.5473,-4.0246,-3.6936,-2.6618,-1.3766,-0.18409,0.57005,1.3182,1.7705,1.9023,1.8048,1.3987,0.69576,0.013083,-0.99454,-1.7951,-1.9834,-1.5318,-0.47114,0.46904,1.6808,2.7541,3.6531,4.219,4.8736,5.433,5.8142,6.2905,6.7485,7.0718,7.466,7.8031,8.0727,8.2213,8.3502,8.3861,8.3572,8.2395,8.0244,7.7113,7.406,6.8928,6.2614,5.6841,4.7656,3.6549,2.6689,1.1173,-0.59062,-2.0873,-2.5174,-1.7277,0.0069691,1.4444,3.1972,4.7011,5.6786,6.7781,7.6772,8.3726,8.7642,9.0975,9.1974,9.1065,8.7364,8.0413,6.9652,5.8487,3.8282,0.9263,-2.1895,-8.7152,-11.947,-6.6804,-2.3972,0.019016,1.4094,2.0538,2.5479,2.7527,2.7823,2.7312,2.578,2.4321,2.1658,1.8223,1.3985,1.0122,0.42808,-0.18378,-0.61094,-1.0184,-1.1879,-1.0509,-0.83931,-0.4628,-0.066438,0.25086,0.72772,1.3088,1.8543,2.6997,3.6504,4.6327,5.3401,6.2107,6.9905,7.5005,8.0905,8.5707,8.8557,9.1441,9.33,9.4234,9.4411,9.4046,9.3046,9.2051,9.0434,8.8711,8.6854
4.9134,4.7881,4.5625,4.3053,4.0737,3.7048,3.2245,2.7674,1.9631,0.88453,-0.62024,-2.0758,-4.6396,-8.2981,-12.396,-22.728,-21.197,-15.438,-12.079,-10.588,-9.84,-9.426,-8.5515,-7.0746,-5.7727,-4.0499,-2.5415,-1.606,-0.66512,-0.0034117,0.41046,0.58668,0.67209,0.64475,0.56902,0.43968,0.18033,-0.27145,-0.8358,-2.0552,-4.1473,-6.7074,-13.372,-18.234,-9.6674,-4.1352,-1.0355,0.84215,1.6847,2.2231,2.1284,1.6354,0.39441,-1.6387,-3.6588,-5.6395,-3.7861,-0.33907,1.8716,4.1988,5.9456,6.9606,7.985,8.6834,9.1082,9.27,9.2805,9.0916,8.8315,8.3358,7.6878,7.1136,6.2356,5.2701,4.2034,3.3777,2.2705,1.2572,0.60163,-0.0091433,-0.25552,-0.17388,0.21606,0.86152,1.6042,2.1515,2.8087,3.3149,3.6002,3.8142,3.8832,3.8388,3.7702,3.6757,3.6581,3.7374,4,4.4313,4.8395,5.4542,6.1059,6.7459,7.212,7.7955,8.3363,8.7093,9.173,9.5884,9.8727,10.205,10.484,10.686,10.793,10.859,10.845,10.77,10.587,10.29,9.8905,9.4934,8.8461,8.0313,7.2936,6.0882,4.5741,3.1467,0.69742,-2.8093,-8.3202,-12.684,-7.2862,-2.2122,0.32942,2.8153,4.6575,5.7523,6.9414,7.8769,8.5926,8.9959,9.3599,9.5161,9.4937,9.2748,8.8299,8.1503,7.4941,6.4375,5.2451,4.3616,3.4151,2.9861,3.059,3.5152,4.0913,4.5938,4.8663,5.057,5.0856,4.9921,4.7672,4.4396,4.1597,3.7724,3.4129,3.115,2.9639,2.834,2.8011,2.8427,2.9566,3.155,3.4035,3.6183,3.9335,4.2703,4.5369,4.9135,5.3181,5.6432,6.1156,6.6223,7.1614,7.5704,8.1272,8.6726,9.0627,9.5409,9.9626,10.236,10.534,10.762,10.916,10.985,11.023,11.01,10.967,10.875,10.748,10.586
3.418,2.9468,2.3064,1.7834,1.5103,1.3275,1.2285,1.141,0.88646,0.38879,-0.40645,-1.2377,-2.6409,-4.2971,-5.5951,-6.8735,-7.1464,-6.6898,-5.7014,-4.6531,-3.673,-2.9991,-2.1135,-1.2275,-0.58776,0.21464,0.93267,1.3915,1.8888,2.2431,2.4616,2.5684,2.5997,2.6054,2.5406,2.3898,2.1395,1.7319,1.3071,0.53535,-0.45235,-1.2745,-2.1436,-2.1185,-1.4174,0.045929,1.5069,2.6708,3.2795,3.7735,3.935,3.86,3.5817,3.2317,3.0379,3.0324,3.4101,4.13,4.8215,5.7874,6.7048,7.3144,7.9881,8.4682,8.7486,8.8312,8.7729,8.538,8.2536,7.7503,7.1046,6.541,5.6793,4.7006,3.5829,2.6412,1.2694,-0.19594,-1.2925,-2.4379,-2.806,-2.4645,-1.384,-0.042296,1.2646,2.1156,3.0837,3.8238,4.2432,4.6397,4.874,5.0009,5.0427,5.0815,5.1446,5.226,5.4215,5.7246,6.0294,6.5045,7.0356,7.5936,8.0123,8.544,9.0505,9.4105,9.8559,10.259,10.536,10.864,11.136,11.344,11.455,11.527,11.513,11.435,11.243,10.942,10.525,10.135,9.5126,8.7502,8.1003,7.1102,5.9895,5.0808,3.8082,2.5853,1.6694,1.3385,1.4929,2.1849,2.9013,3.9134,4.897,5.5871,6.4318,7.1783,7.8278,8.2359,8.6592,8.9443,9.0596,9.0865,8.9715,8.7374,8.5014,8.1411,7.7699,7.5126,7.2374,7.0554,6.9792,6.9478,6.9297,6.8807,6.7773,6.5323,6.14,5.7331,5.0343,4.2056,3.5074,2.5904,1.83,1.4382,1.4674,1.8664,2.53,3.0884,3.7995,4.4472,4.9812,5.3248,5.7021,5.9932,6.1635,6.3249,6.4525,6.5328,6.6518,6.8053,7.023,7.2506,7.6293,8.0784,8.4479,8.9295,9.3788,9.6771,10.01,10.263,10.43,10.509,10.552,10.55,10.519,10.459,10.364,10.249
0.006733,-1.4687,-3.844,-6.0691,-6.468,-5.0224,-3.1214,-1.9998,-0.98648,-0.48646,-0.32761,-0.41287,-0.6933,-1.035,-1.2588,-1.4534,-1.4333,-1.2752,-0.89972,-0.38535,0.18758,0.61866,1.1791,1.6553,1.9637,2.296,2.5044,2.5804,2.5876,2.4994,2.3478,2.2207,2.0916,2.0341,2.0453,2.107,2.222,2.3371,2.4068,2.4776,2.5329,2.6023,2.7622,3.0644,3.3754,3.8544,4.3508,4.7642,4.9912,5.1467,5.1339,5.0319,4.7904,4.5045,4.3119,4.1343,4.123,4.316,4.5953,5.1001,5.672,6.0885,6.5636,6.8922,7.025,6.9844,6.7572,6.3278,5.8913,5.2186,4.4853,3.9209,3.146,2.2906,1.2791,0.33071,-1.3504,-3.8147,-6.536,-13.001,-26.127,-12.404,-6.0366,-2.5401,-0.26142,0.98732,2.2146,3.0528,3.4668,3.8064,3.9138,3.8216,3.6534,3.3567,3.0668,2.9162,2.8996,3.1622,3.5246,4.168,4.8837,5.5812,6.0573,6.6282,7.1239,7.4637,7.8864,8.303,8.6047,8.995,9.3456,9.6483,9.8213,9.968,10.01,9.9663,9.8063,9.5402,9.1498,8.7972,8.2371,7.5849,7.0483,6.2988,5.526,4.9745,4.2841,3.6937,3.2266,2.9851,2.7676,2.6686,2.6535,2.7135,2.908,3.1565,3.6537,4.3131,5.0442,5.5777,6.1988,6.6693,6.9087,7.0939,7.1441,7.1134,7.071,7.0263,7.0228,7.0479,7.1187,7.2078,7.2557,7.2654,7.202,7.0131,6.7762,6.3127,5.6237,4.9499,3.7509,2.137,0.55072,-2.2644,-6.064,-8.9579,-7.363,-3.5733,-0.67486,0.92785,2.5206,3.6586,4.4568,4.879,5.2329,5.3794,5.3621,5.1843,4.8412,4.4919,3.9476,3.4292,3.1125,3.1254,3.5182,4.2467,4.8812,5.7209,6.4416,6.8661,7.2791,7.5145,7.6088,7.6076,7.5377,7.4282,7.3408,7.2479,7.1987,7.1991
-1.2482,-2.9708,-6.1951,-9.9552,-10.552,-7.4271,-4.5099,-2.9831,-1.6517,-0.90187,-0.59714,-0.53913,-0.6058,-0.735,-0.77927,-0.7222,-0.47362,-0.1714,0.3625,0.95582,1.5433,1.9486,2.3834,2.6837,2.7997,2.7864,2.558,2.237,1.5964,0.74617,-0.23427,-0.97596,-1.703,-1.9765,-1.7496,-1.0545,-0.1833,0.70867,1.3277,2.0829,2.7583,3.2293,3.8195,4.3386,4.6985,5.0974,5.3887,5.5427,5.5597,5.4146,5.059,4.6546,3.9343,3.0145,2.2245,1.1622,0.34652,0.13197,0.44222,1.3312,2.3979,3.1342,3.9038,4.3696,4.4962,4.3489,3.8134,2.9027,1.9996,0.59237,-0.74988,-1.4566,-1.7624,-1.5979,-1.4023,-1.4141,-1.7919,-2.5051,-3.211,-4.0636,-4.2145,-3.7168,-2.4673,-1.1201,0.070291,0.80221,1.515,1.9741,2.1609,2.1666,1.9038,1.3198,0.64937,-0.62488,-2.3545,-3.7898,-5.1158,-4.4914,-3.0422,-0.97966,0.66072,1.8063,2.3806,2.8495,3.0779,3.177,3.3701,3.7415,4.1561,4.8247,5.5142,6.1013,6.436,6.7348,6.8546,6.8473,6.7145,6.4562,6.0936,5.7357,5.1524,4.4703,3.8879,3.0804,2.3234,1.8267,1.3785,1.1376,1.0011,0.88526,0.61441,0.092727,-0.52963,-1.6668,-3.0145,-3.7397,-3.4427,-1.7725,0.16363,1.4056,2.6501,3.3954,3.6642,3.6838,3.4326,3.0709,2.8678,2.8627,3.234,3.6968,4.3832,5.0062,5.3784,5.6997,5.8167,5.7303,5.5468,5.1266,4.5083,3.9001,2.8662,1.4919,0.20148,-1.9011,-4.2218,-5.5016,-4.8748,-2.7703,-0.68334,0.56572,1.8523,2.747,3.3341,3.5921,3.7274,3.6314,3.3986,2.854,1.947,0.96721,-0.90033,-3.6417,-7.2958,-8.9813,-6.2014,-2.5792,-0.56602,1.3312,2.5255,3.0692,3.4112,3.4063,3.1401,2.8125,2.2993,1.7584,1.409,1.0649,0.99782,1.2247
0.89929,0.37325,-0.31802,-0.83817,-1.0072,-0.93683,-0.68093,-0.49327,-0.38832,-0.52506,-0.978,-1.508,-2.4165,-3.3931,-3.9622,-4.0843,-3.3737,-2.4648,-1.1124,0.15593,1.2147,1.8533,2.4713,2.8289,2.9058,2.7298,2.2182,1.5771,0.30793,-1.5683,-4.2958,-7.2104,-13.146,-15.839,-11.283,-6.9165,-4.2179,-2.3349,-1.2152,0.0722,1.2222,2.0114,2.9734,3.8123,4.338,4.8993,5.2554,5.3997,5.3443,5.0463,4.4563,3.7875,2.5435,0.77235,-1.0413,-4.5083,-10.508,-17.613,-10.4,-4.6731,-1.4382,0.161,1.5935,2.3931,2.6405,2.4748,1.7304,0.29956,-1.3626,-4.8294,-11.395,-25.064,-11.952,-6.0327,-3.1928,-1.9426,-0.9386,-0.43849,-0.25977,-0.13251,-0.044333,0.044369,0.20007,0.36808,0.50622,0.56646,0.60065,0.5683,0.50397,0.31699,-0.034012,-0.64592,-1.3739,-2.8908,-5.3148,-8.0125,-12.037,-10.136,-6.8366,-3.6402,-1.7245,-0.76128,-0.58085,-1.0463,-2.2966,-3.706,-5.5961,-5.5093,-3.842,-1.3568,0.54488,1.778,2.343,2.6962,2.708,2.5666,2.2882,1.9765,1.677,1.3982,0.87379,0.032108,-0.87506,-2.5197,-4.5082,-5.7629,-5.9922,-4.6193,-3.0359,-2.2033,-1.6653,-1.8669,-2.5633,-4.4463,-7.9733,-12.09,-12.089,-6.2404,-2.5311,-0.74384,0.70694,1.3316,1.3039,0.5831,-1.0308,-3.7856,-6.6437,-8.5223,-4.9142,-2.1474,0.46965,2.1323,2.9305,3.5525,3.7598,3.6878,3.4972,3.1445,2.7597,2.4592,2.0842,1.6989,1.4087,1.0323,0.74267,0.64119,0.70307,0.9705,1.3098,1.5585,1.796,1.903,1.8818,1.796,1.6289,1.4033,1.1837,0.75292,0.093157,-0.63522,-2.0136,-3.9088,-5.9423,-6.5975,-5.3632,-3.1899,-1.7911,-0.47898,0.17614,0.28631,-0.049477,-0.87089,-2.135,-3.2988,-4.9992,-6.6561,-7.787,-9.1712,-10.239,-9.8087
1.7685,1.7288,1.665,1.5739,1.5102,1.3782,1.1879,0.94817,0.45095,-0.34824,-1.5376,-2.8063,-5.2395,-9.193,-14.531,-25.067,-11.385,-7.1892,-3.7212,-1.4187,0.20803,1.106,1.9497,2.4431,2.5981,2.51,2.0721,1.5014,0.4022,-1.1639,-3.1674,-4.9169,-7.0483,-8.1441,-7.9218,-7.102,-6.2978,-5.639,-5.0778,-3.9755,-2.4755,-1.2211,0.3713,1.7788,2.636,3.5227,4.1102,4.4008,4.4166,4.1821,3.6526,3.0516,1.9773,0.58794,-0.64274,-2.47,-4.0963,-4.7257,-4.2705,-2.9047,-1.3464,-0.29365,0.83407,1.6017,1.9729,2.007,1.7003,0.97728,0.18864,-1.1051,-2.3078,-2.8046,-2.5752,-1.6832,-0.66306,-0.017501,0.58688,0.91244,1.0202,0.98277,0.78243,0.53827,0.09217,-0.4841,-1.1937,-1.7939,-2.5714,-3.1667,-3.3593,-3.2034,-2.7452,-2.2762,-2.0458,-1.9378,-2.0288,-2.117,-2.0882,-1.7484,-1.339,-0.73807,-0.32468,-0.31136,-0.64747,-1.6955,-3.5613,-5.6284,-8.8741,-9.1357,-6.7655,-3.8391,-1.9836,-1.0674,-0.87731,-1.2944,-2.3516,-3.5349,-5.1323,-5.8178,-5.1334,-4.312,-3.5291,-3.4919,-4.045,-5.7604,-8.9455,-12.28,-12.279,-7.6006,-4.2835,-2.6515,-1.3011,-0.66164,-0.51328,-0.6447,-0.90508,-0.98024,-0.74011,-0.094643,0.71518,1.2627,1.7324,1.8276,1.5974,0.84968,-0.49524,-2.4116,-3.8705,-4.5797,-3.1448,-1.6041,0.12745,1.2436,1.6654,1.7389,1.3021,0.44226,-0.3934,-1.4659,-2.0149,-1.9128,-1.2323,-0.36,0.23422,0.84672,1.2612,1.4877,1.5538,1.4871,1.2466,0.94121,0.33512,-0.47868,-1.4741,-2.2078,-2.932,-3.1163,-2.8817,-2.304,-1.7253,-1.3843,-1.117,-1.0133,-0.94016,-0.83091,-0.57961,-0.28847,-0.12406,-0.12144,-0.47098,-1.0466,-2.2907,-4.2383,-7.1496,-10.206,-15.873,-21.632,-20.695,-19.127,-20.693,-20.609
0.22886,0.53557,0.89673,1.1867,1.321,1.3848,1.283,1.0794,0.62146,-0.096449,-1.0595,-1.9769,-3.3992,-4.8883,-5.8196,-6.2399,-5.5019,-4.459,-2.9423,-1.5312,-0.32765,0.40106,1.185,1.7147,1.9462,2.061,1.9226,1.6567,1.0879,0.30798,-0.66242,-1.4652,-2.6054,-3.76,-4.695,-6.2221,-8.4471,-12.186,-16.748,-16.298,-9.4019,-5.9943,-2.8308,-0.63225,0.5804,1.7411,2.4871,2.8683,2.9492,2.7943,2.3784,1.9078,1.111,0.17686,-0.56646,-1.5029,-2.2353,-2.6084,-2.5959,-2.2122,-1.5214,-0.8726,0.011021,0.80715,1.4591,1.8027,2.0783,2.1469,2.0886,1.9401,1.7618,1.66,1.5992,1.5995,1.621,1.591,1.4782,1.2375,0.96849,0.48059,-0.1527,-0.72171,-1.6686,-2.8752,-4.5142,-6.164,-9.3008,-14.1,-16.541,-11.833,-7.4326,-4.5867,-3.0731,-1.6125,-0.58882,-0.017219,0.55922,0.99809,1.2592,1.4832,1.5425,1.4035,1.1708,0.69578,0.090269,-0.38548,-0.87325,-1.0754,-1.0358,-0.8828,-0.81718,-1.0584,-1.5548,-2.7904,-4.916,-7.402,-12.622,-16.015,-10.301,-7.2115,-4.7031,-3.3329,-2.7873,-2.5122,-2.4301,-2.319,-1.8957,-1.1374,-0.23842,0.42512,1.1539,1.6788,1.9331,2.1475,2.2781,2.3492,2.4642,2.6201,2.7998,2.9255,3.044,3.0616,2.9926,2.7943,2.5036,2.1953,2.0102,1.9185,2.0042,2.1275,2.2282,2.1321,1.843,1.0498,-0.34393,-2.6213,-5.2112,-11.317,-31.548,-13.195,-6.5444,-3.2683,-1.7337,-0.38966,0.39497,0.76031,0.80995,0.57308,0.017121,-0.64923,-1.9333,-3.8055,-6.5825,-9.7105,-16.88,-17.35,-11.475,-6.9228,-4.1793,-2.7698,-1.4169,-0.48448,0.15027,0.46469,0.70892,0.76662,0.66632,0.3017,-0.34631,-1.0613,-2.3881,-4.1865,-6.5013,-8.5636,-11.475,-13.502,-13.77,-13.084,-11.966,-10.732
-3.0432,-2.0677,-0.9523,-0.064632,0.42718,0.87828,1.0709,1.0672,0.86115,0.46134,-0.13408,-0.64802,-1.3843,-2.0637,-2.4698,-2.7936,-2.8041,-2.6363,-2.1771,-1.5506,-0.84138,-0.29605,0.38886,0.98442,1.3509,1.7052,1.896,1.9201,1.7829,1.4827,1.0071,0.55259,-0.20321,-1.111,-1.9339,-3.214,-4.7436,-6.308,-7.1412,-6.9319,-5.3337,-3.8355,-2.0021,-0.5158,0.35297,1.1945,1.6979,1.9024,1.8817,1.6305,1.1322,0.6126,-0.28434,-1.3894,-2.3427,-3.7304,-5.1461,-6.2626,-6.5778,-5.9989,-4.5942,-3.3513,-1.7168,-0.28401,0.90333,1.6175,2.3525,2.8739,3.1356,3.3408,3.4036,3.3778,3.2403,3.0043,2.6344,2.2675,1.6504,0.88683,0.20335,-0.78197,-1.8114,-2.57,-3.5047,-4.4284,-5.4138,-6.297,-7.7202,-8.9112,-9.0147,-7.4733,-5.1218,-2.937,-1.5631,-0.10013,1.0047,1.6371,2.2755,2.711,2.9264,3.08,3.1017,3.019,2.8947,2.6781,2.4172,2.2245,1.9843,1.7808,1.6332,1.4271,1.1542,0.76396,0.34507,-0.33841,-1.1859,-1.8169,-2.4732,-2.6433,-2.2489,-1.6758,-0.85105,-0.04279,0.47296,1.0679,1.5613,1.9072,2.3302,2.746,3.14,3.39,3.6526,3.8175,3.8614,3.8343,3.7205,3.597,3.4261,3.2855,3.2158,3.2258,3.3371,3.5247,3.6951,3.9158,4.1235,4.3032,4.4007,4.4856,4.5025,4.4531,4.27,3.8999,3.4797,2.6883,1.5989,0.23103,-0.91175,-2.3099,-3.0387,-2.9192,-2.0941,-1.0737,-0.39871,0.26829,0.63884,0.72335,0.59657,0.21395,-0.4425,-1.1141,-2.2219,-3.6236,-5.2282,-6.4562,-7.6554,-7.5627,-6.6087,-4.8007,-3.0363,-1.8864,-0.63673,0.30993,0.97567,1.3112,1.554,1.5782,1.457,1.1289,0.59257,0.071384,-0.78778,-1.8035,-2.9032,-3.7389,-4.7688,-5.5904,-6.026,-6.3684,-6.5038,-6.5661
-5.9741,-4.003,-2.0281,-0.58511,0.23466,1.0054,1.4599,1.5999,1.5351,1.2106,0.64092,0.088061,-0.78259,-1.7351,-2.4301,-3.2353,-3.7664,-3.924,-3.7749,-3.273,-2.5231,-1.8398,-0.89601,0.045693,0.70979,1.4583,2.0474,2.3706,2.6461,2.7264,2.6479,2.4832,2.1606,1.7157,1.3298,0.78632,0.28739,-0.09515,-0.24086,-0.2095,0.060452,0.38151,0.86852,1.3121,1.575,1.796,1.8433,1.7168,1.4941,1.0451,0.39678,-0.2227,-1.2532,-2.5935,-3.8644,-6.1073,-9.4449,-15.495,-30.262,-15.753,-8.7092,-5.6133,-2.6646,-0.48594,1.135,2.1049,3.1045,3.8298,4.2201,4.5423,4.6789,4.6585,4.4738,4.0995,3.5145,2.9294,1.8979,0.53195,-0.73245,-2.7824,-5.1323,-6.7105,-7.5998,-6.7964,-5.4203,-4.4848,-3.4357,-2.52,-1.8155,-0.80865,0.24183,1.2843,2.0005,2.8329,3.4901,3.8648,4.2185,4.4137,4.4611,4.4305,4.3117,4.1309,3.9673,3.7375,3.5268,3.3962,3.2522,3.1452,3.0809,2.9985,2.8881,2.7322,2.5978,2.3804,2.1696,2.0405,1.9441,1.996,2.1931,2.4273,2.8425,3.3109,3.6807,4.1711,4.6235,4.9318,5.2943,5.582,5.7824,5.8578,5.8479,5.686,5.4663,5.0138,4.3829,3.8144,2.9625,2.1298,1.5441,1.4195,1.7415,2.4947,3.1837,4.1019,4.9048,5.548,5.9289,6.2861,6.48,6.521,6.447,6.2153,5.9407,5.457,4.8583,4.2004,3.6978,3.0962,2.6301,2.4026,2.2112,2.1256,2.0762,1.975,1.7811,1.454,1.1093,0.5223,-0.20525,-0.80279,-1.6354,-2.4025,-3.0007,-3.2414,-3.2361,-2.8168,-2.2693,-1.3524,-0.34857,0.37324,1.2376,1.9225,2.4029,2.6372,2.7761,2.72,2.5707,2.248,1.8085,1.4242,0.88766,0.32982,-0.22138,-0.6132,-1.1117,-1.5754,-1.9206,-2.3964,-2.9845,-3.7057
-4.4271,-3.1071,-1.4243,0.0081754,0.90876,1.8195,2.4056,2.6079,2.5653,2.1359,1.3437,0.46673,-1.0667,-3.0592,-4.8305,-7.4001,-9.6125,-10.293,-9.8257,-8.474,-6.8113,-5.4627,-3.5806,-1.7556,-0.52909,0.87655,1.988,2.6334,3.2634,3.6413,3.8098,3.8187,3.7127,3.5118,3.3362,3.0843,2.8627,2.6965,2.6261,2.5804,2.5848,2.5874,2.5776,2.4928,2.3631,2.0924,1.7198,1.2398,0.81818,0.17915,-0.5141,-1.0889,-1.9093,-2.8323,-3.6049,-4.692,-5.7718,-6.5878,-6.6812,-5.7743,-4.0261,-2.5483,-0.65606,1.0107,2.41,3.2709,4.1921,4.8593,5.2118,5.5111,5.625,5.5939,5.4122,5.0429,4.4873,3.9077,2.8732,1.435,0.015982,-2.6037,-6.4884,-10.735,-13.119,-7.6709,-3.7538,-1.7447,0.23006,1.6577,2.5203,3.4576,4.2206,4.8325,5.191,5.532,5.7247,5.7721,5.7013,5.4982,5.2713,4.879,4.4058,3.8805,3.4922,3.0259,2.696,2.5593,2.5544,2.7043,2.8867,3.1436,3.3711,3.5264,3.5983,3.6118,3.597,3.5749,3.5844,3.6658,3.8663,4.0857,4.4993,4.9813,5.3794,5.9053,6.4147,6.7573,7.155,7.4491,7.6107,7.6397,7.5192,7.1866,6.7749,5.9652,4.7841,3.5792,1.3811,-1.8333,-6.4862,-8.8209,-4.8198,-0.59985,1.646,3.8283,5.3728,6.4647,7.0675,7.6378,7.9843,8.119,8.1491,8.039,7.8666,7.5318,7.1056,6.602,6.1971,5.6356,5.0742,4.6719,4.1586,3.6695,3.3114,2.8282,2.3114,1.7162,1.1993,0.34395,-0.68682,-1.5875,-2.9392,-4.1865,-4.9027,-4.822,-3.8857,-2.4656,-1.3351,0.073431,1.3012,2.0701,2.8835,3.4563,3.792,3.8801,3.7961,3.5037,3.1646,2.5858,1.9553,1.4973,0.99625,0.69877,0.58834,0.59447,0.6453,0.66532,0.60969,0.39742,-0.0097788,-0.66688
-4.9524,-3.686,-1.7264,0.11528,1.2885,2.5127,3.3024,3.6194,3.6589,3.2454,2.3384,1.3011,-0.65109,-3.4292,-6.2512,-11.57,-20.056,-22.439,-18.268,-17.286,-15.953,-12.74,-8.0348,-4.3483,-2.2385,-0.069939,1.4773,2.3098,3.0498,3.4668,3.5905,3.543,3.3227,3.018,2.7751,2.5008,2.3155,2.2603,2.276,2.341,2.3845,2.3547,2.1763,1.8284,1.4357,0.72965,-0.16353,-1.1799,-1.9424,-2.8824,-3.6262,-4.0545,-4.5077,-4.8029,-4.9347,-4.9876,-4.8063,-4.3296,-3.7355,-2.7191,-1.4719,-0.46598,0.87076,2.0854,3.1307,3.7685,4.4282,4.8666,5.0575,5.1673,5.1315,5.0498,4.8893,4.7004,4.463,4.2322,3.8262,3.2839,2.762,1.9942,1.2696,0.90837,0.91117,1.519,2.4781,3.2732,4.2774,5.1571,5.6909,6.2487,6.6258,6.8159,6.8413,6.7186,6.4261,6.1023,5.5417,4.8473,4.2521,3.3369,2.2741,1.0585,0.061316,-1.2883,-2.3553,-2.6412,-2.1232,-0.95541,-0.0065281,1.0994,1.9175,2.4327,2.6061,2.6364,2.4469,2.2301,1.9464,1.7911,1.916,2.234,2.8719,3.6988,4.3476,5.2041,5.999,6.5305,7.1315,7.5986,7.9108,8.0309,8.0222,7.8025,7.4704,6.791,5.7958,4.8052,3.1294,1.0739,-0.88349,-1.459,-0.36004,1.7278,3.218,4.8507,6.0858,6.9867,7.4695,7.914,8.1741,8.2685,8.2729,8.1581,8.0009,7.6916,7.2651,6.718,6.2352,5.5009,4.6895,4.0394,3.1958,2.4002,1.8742,1.2869,0.79231,0.31139,-0.11674,-0.88081,-2.0476,-3.3359,-5.8686,-10.324,-22.337,-18.619,-8.5949,-4.0131,-1.733,0.45879,2.0156,2.8896,3.7015,4.1717,4.3248,4.2264,3.8121,3.0677,2.2775,0.91347,-0.76851,-2.0849,-3.4026,-3.419,-2.2571,-1.1632,0.15141,1.1365,1.6529,2.0532,2.1741,2.0025
-14.358,-8.2059,-3.6017,-0.61949,0.983,2.5463,3.5595,4.0084,4.2177,4.0124,3.3733,2.6269,1.2574,-0.51725,-2.1058,-4.4219,-6.7519,-8.3753,-10.451,-12.463,-12.811,-10.772,-7.1213,-4.1104,-2.3689,-0.60858,0.57565,1.1504,1.545,1.5584,1.2407,0.79835,-0.024426,-1.0609,-1.8953,-2.8075,-3.1388,-2.7685,-2.2076,-1.3875,-0.76946,-0.50645,-0.51054,-0.95038,-1.5886,-2.888,-4.7588,-7.1562,-9.1935,-11.461,-12.275,-11.956,-11.363,-11.055,-10.963,-10.778,-10.031,-8.4982,-7.074,-5.0949,-3.2086,-1.9073,-0.40136,0.82862,1.7535,2.2494,2.6212,2.6799,2.5273,2.0817,1.4878,1.0592,0.69965,0.77057,1.1956,1.6485,2.2511,2.7563,3.0516,3.3674,3.6305,3.8476,4.1778,4.5948,5.0655,5.4329,5.8889,6.2741,6.485,6.632,6.5965,6.3542,6.0296,5.4042,4.5514,3.7727,2.5947,1.3021,0.30114,-1.0417,-2.4261,-4.07,-5.7236,-9.0863,-15.981,-51.807,-12.957,-7.0064,-4.4349,-2.2036,-0.87702,-0.22995,-0.13816,-0.48784,-1.4142,-2.4824,-4.3829,-6.3229,-6.8576,-5.762,-3.5565,-1.4701,-0.1433,1.3562,2.6007,3.4143,4.345,5.1144,5.7205,6.0501,6.3268,6.4091,6.3489,6.1018,5.6962,5.3129,4.7471,4.2248,3.8779,3.7976,3.9451,4.3165,4.6602,5.1095,5.4609,5.6832,5.7545,5.7442,5.6578,5.5716,5.4619,5.3331,5.2125,4.9737,4.574,3.9727,3.3558,2.2924,0.96154,-0.2232,-1.9528,-3.6118,-4.5329,-5.012,-4.6953,-4.0605,-3.6444,-3.301,-3.328,-3.5872,-4.2064,-4.9329,-5.2309,-4.8215,-3.4392,-1.6977,-0.45117,0.96637,2.0506,2.6444,3.1744,3.3981,3.3141,3.0611,2.4366,1.4348,0.38537,-1.5761,-4.5154,-7.8811,-15.859,-13.796,-6.8676,-3.8917,-1.2708,0.44694,1.3318,2.1192,2.5327,2.6691
-4.8982,-3.7595,-1.9688,-0.27213,0.80936,1.9632,2.7988,3.2084,3.4858,3.4755,3.1854,2.7963,2.0761,1.1734,0.39663,-0.70386,-1.7909,-2.5265,-3.3434,-3.8451,-3.9256,-3.699,-3.118,-2.4479,-1.9804,-1.5233,-1.3,-1.3113,-1.59,-2.1803,-3.0918,-4.0273,-5.7177,-8.1395,-10.813,-16.795,-23.248,-14.137,-10.3,-7.2187,-5.4219,-4.6567,-4.2689,-4.5483,-5.2208,-6.742,-9.1234,-12.692,-16.54,-23.521,-22.727,-19.852,-18.197,-18.661,-20.457,-26.032,-29.15,-18.827,-14.481,-10.451,-7.4958,-5.722,-3.8754,-2.494,-1.5532,-1.1413,-1.0088,-1.3961,-2.0674,-3.5941,-6.0549,-8.7084,-12.586,-11.048,-6.9745,-4.6267,-2.4091,-0.86809,0.0059507,0.87416,1.5364,1.9608,2.4413,2.8673,3.2806,3.5679,3.8836,4.0934,4.1621,4.1027,3.8152,3.2783,2.6758,1.5705,0.05207,-1.3762,-3.6932,-6.3958,-8.4055,-10.091,-10.177,-9.7346,-9.6008,-9.682,-9.7986,-9.5437,-8.4167,-6.8286,-5.6624,-4.3659,-3.5112,-3.1779,-3.2579,-3.9166,-5.2597,-6.8104,-9.9334,-14.539,-16.783,-13.794,-10.148,-7.7736,-6.4676,-5.0909,-3.8295,-2.8669,-1.5958,-0.40236,0.62084,1.2451,1.8552,2.2237,2.3723,2.4104,2.3195,2.2091,2.0566,1.9528,1.9221,1.9502,2.0457,2.1391,2.1629,2.0942,1.8249,1.311,0.77449,-0.097263,-0.99566,-1.5068,-1.7212,-1.4526,-1.1265,-0.79743,-0.75878,-1.1335,-1.7316,-2.976,-4.8384,-6.7454,-10.217,-15.774,-24.072,-23.132,-14.881,-10.924,-8.9967,-7.1685,-5.8674,-5.1293,-4.4053,-3.8248,-3.2233,-2.7491,-2.0485,-1.3424,-0.84619,-0.25484,0.19574,0.40338,0.52093,0.4384,0.16562,-0.14146,-0.69272,-1.3942,-2.0235,-2.968,-3.9388,-4.5761,-5.0398,-4.7722,-3.8507,-2.965,-1.7696,-0.77174,-0.18723,0.35485,0.62562,0.67701
-1.7726,-1.2654,-0.51326,0.27112,0.83508,1.4912,2.0147,2.3085,2.5583,2.6403,2.5664,2.4091,2.0838,1.6462,1.263,0.71246,0.14509,-0.26281,-0.76132,-1.1796,-1.4992,-1.6897,-1.9251,-2.1666,-2.3782,-2.7925,-3.3733,-3.9449,-4.8742,-6.0037,-7.2659,-8.2609,-9.6032,-10.952,-11.969,-12.989,-12.979,-11.604,-10.171,-8.3649,-6.9793,-6.3101,-5.8657,-5.9401,-6.3242,-7.2371,-8.5971,-10.297,-11.656,-13.301,-14.643,-15.455,-16.475,-17.618,-18.53,-19.365,-19.032,-17.083,-15.086,-12.365,-9.8539,-8.2201,-6.3883,-4.9764,-4.0179,-3.5999,-3.4398,-3.7849,-4.391,-5.6858,-7.599,-9.3159,-11.087,-10.541,-8.4459,-6.8621,-5.151,-3.9139,-3.2184,-2.545,-2.0525,-1.7647,-1.3813,-0.97338,-0.52027,-0.16884,0.28484,0.63529,0.80201,0.83877,0.62171,0.10092,-0.53151,-1.7382,-3.4408,-5.1385,-8.1647,-12.519,-17.354,-22.111,-16.661,-13.115,-11.466,-10.01,-8.9716,-8.2852,-7.4161,-6.5769,-5.9852,-5.3199,-4.8541,-4.6612,-4.7031,-5.0748,-5.7863,-6.52,-7.6683,-8.7846,-9.7204,-10.238,-10.934,-11.827,-12.777,-13.961,-13.525,-11.813,-9.0734,-6.7036,-4.934,-3.9807,-3.1001,-2.647,-2.5379,-2.6243,-2.8727,-3.094,-3.302,-3.2905,-3.0158,-2.6966,-2.2144,-1.8272,-1.6739,-1.7469,-2.2285,-3.2568,-4.5097,-7.0649,-11.336,-16.419,-16.888,-10.873,-8.2068,-6.1461,-5.2111,-5.1018,-5.4652,-6.5098,-8.1726,-9.7447,-12.245,-14.771,-16.155,-16.607,-15.462,-13.479,-11.848,-9.8553,-8.1502,-7.0918,-5.9375,-5.0131,-4.2649,-3.8046,-3.2941,-2.9046,-2.6975,-2.5503,-2.5593,-2.671,-2.9843,-3.447,-4.0149,-4.4787,-5.051,-5.495,-5.6926,-5.7458,-5.6102,-5.3978,-4.9656,-4.4157,-3.7871,-3.2991,-2.7032,-2.2215,-1.9642,-1.79,-1.8143,-2.0709
-0.8666,-0.5166,-0.046773,0.41207,0.74392,1.1548,1.5059,1.7294,1.9601,2.1041,2.1587,2.1431,2.0428,1.8529,1.6645,1.3588,1.003,0.70434,0.29106,-0.13967,-0.60209,-0.97536,-1.5266,-2.1581,-2.7265,-3.6243,-4.7653,-5.8207,-7.541,-9.6315,-11.998,-13.64,-14.586,-13.887,-12.782,-11.262,-9.8149,-8.4665,-7.5118,-6.4071,-5.5222,-5.0415,-4.6902,-4.6606,-4.8412,-5.3621,-6.1532,-7.1545,-8.0261,-9.2843,-10.666,-11.763,-13.363,-15.073,-16.37,-17.921,-18.41,-17.199,-15.501,-12.765,-10.23,-8.5629,-6.7102,-5.2618,-4.2366,-3.7203,-3.3619,-3.3441,-3.5417,-4.0282,-4.6403,-5.1029,-5.567,-5.7812,-5.7337,-5.6118,-5.4084,-5.2951,-5.3344,-5.5281,-5.8932,-6.2173,-6.473,-6.2489,-5.4799,-4.6627,-3.5013,-2.4861,-1.9103,-1.427,-1.2707,-1.4698,-1.8367,-2.6206,-3.7085,-4.7198,-6.2718,-7.876,-8.929,-9.8464,-10.108,-9.8952,-9.5777,-9.0812,-8.533,-8.0911,-7.4642,-6.7872,-6.2639,-5.6223,-5.1022,-4.7275,-4.5995,-4.5887,-4.7973,-5.1127,-5.6895,-6.4538,-7.4333,-8.3611,-9.9092,-12.11,-14.471,-18.518,-19.27,-15.979,-12.004,-9.3227,-7.5847,-6.7309,-6.0955,-5.9639,-6.2193,-7.0186,-8.3861,-9.7694,-11.695,-12.182,-10.345,-8.505,-6.4124,-4.9022,-4.1421,-3.6163,-3.6017,-4.0962,-4.8263,-6.2462,-7.9631,-9.0109,-9.1722,-8.027,-6.9644,-5.8765,-5.3158,-5.3174,-5.6855,-6.6672,-8.2051,-9.7167,-12.39,-16.005,-19.6,-24.09,-20.606,-15.906,-13.344,-10.785,-8.8969,-7.8131,-6.6636,-5.8093,-5.214,-4.8805,-4.584,-4.4225,-4.3941,-4.5279,-4.884,-5.3013,-6.1078,-7.2198,-8.6429,-9.8832,-11.486,-12.327,-12.042,-10.771,-9.1926,-8.0591,-6.7283,-5.6164,-4.7163,-4.1649,-3.6211,-3.2725,-3.1625,-3.2151,-3.5059,-4.0647
-0.69167,-0.45398,-0.14214,0.14473,0.34632,0.61902,0.89726,1.1043,1.3749,1.6289,1.833,1.9449,2.022,2.0111,1.9417,1.7662,1.5085,1.2671,0.88708,0.44229,-0.064074,-0.48714,-1.0999,-1.8213,-2.4536,-3.439,-4.6612,-5.7982,-7.734,-10.368,-14.327,-18.861,-22.201,-15.751,-12.325,-9.203,-6.9902,-5.3239,-4.3195,-3.2617,-2.4879,-2.0697,-1.7407,-1.6613,-1.7633,-2.1045,-2.658,-3.4171,-4.1171,-5.235,-6.5597,-7.7253,-9.5815,-11.977,-14.38,-19.259,-28.343,-20.835,-15.682,-11.286,-8.2316,-6.4771,-4.6182,-3.2424,-2.2398,-1.7275,-1.3365,-1.2397,-1.3416,-1.6872,-2.2068,-2.6754,-3.3464,-4.0141,-4.5952,-4.9747,-5.4411,-5.9324,-6.4296,-7.4491,-9.1947,-11.261,-15.961,-19.773,-13.171,-9.396,-6.0851,-3.9227,-2.8144,-1.8468,-1.3507,-1.23,-1.3439,-1.7348,-2.3621,-2.9362,-3.8111,-4.74,-5.4243,-6.2984,-7.1134,-7.8284,-8.3276,-8.8482,-9.1108,-9.0522,-8.5544,-7.6532,-6.8443,-5.7326,-4.725,-3.9094,-3.4543,-3.0498,-2.8818,-2.8994,-3.1199,-3.567,-4.1926,-4.7763,-5.6932,-6.6971,-7.4032,-8.0693,-8.2854,-8.1239,-7.6023,-6.9993,-6.4931,-6.2395,-6.1896,-6.4597,-6.9099,-7.9713,-9.7656,-11.792,-15.538,-17.11,-12.822,-9.735,-6.7135,-4.6292,-3.5286,-2.5262,-1.9631,-1.7467,-1.7494,-1.9125,-2.1235,-2.2354,-2.2825,-2.1815,-2.0801,-1.9849,-2.0331,-2.3213,-2.7347,-3.5774,-4.7851,-5.9656,-7.9144,-10.273,-12.092,-13.547,-12.853,-11.006,-9.6222,-8.1328,-7.0699,-6.5019,-6.0012,-5.7326,-5.5928,-5.5294,-5.4772,-5.4632,-5.5051,-5.6709,-6.0531,-6.5549,-7.5545,-9.0892,-11.364,-13.829,-19.249,-31.056,-22.818,-15.453,-11.552,-9.5189,-7.49,-5.9888,-4.8605,-4.2407,-3.6572,-3.3638,-3.3269,-3.5289,-4.0378,-4.817
-0.99645,-0.81893,-0.67579,-0.61915,-0.60872,-0.57191,-0.40567,-0.16726,0.29645,0.84777,1.3879,1.7275,2.0603,2.2376,2.2585,2.1529,1.9135,1.671,1.2625,0.78355,0.26942,-0.13665,-0.70786,-1.3049,-1.7523,-2.3909,-3.0628,-3.5914,-4.3656,-5.2066,-5.9477,-6.2668,-6.1243,-5.3183,-4.3906,-3.0167,-1.6939,-0.51312,0.23389,1.0759,1.705,2.0391,2.3185,2.3936,2.3186,2.062,1.6214,1.0059,0.4462,-0.43016,-1.4333,-2.2679,-3.4671,-4.7265,-5.6327,-6.6254,-6.9761,-6.4326,-5.5532,-4.0168,-2.4672,-1.3972,-0.1455,0.84675,1.5737,1.9334,2.1672,2.1035,1.8678,1.3008,0.41066,-0.45627,-1.8725,-3.4758,-5.0266,-5.8386,-6.2164,-6.0013,-5.7615,-5.7732,-6.2797,-6.9935,-8.0097,-8.048,-6.5075,-4.9064,-2.9343,-1.4083,-0.5779,0.14703,0.49428,0.55511,0.43037,0.094416,-0.40516,-0.86213,-1.5492,-2.3482,-3.0182,-4.0481,-5.2724,-6.7915,-8.2053,-10.583,-13.557,-15.247,-13.831,-10.27,-7.9092,-5.3929,-3.4597,-2.0194,-1.1813,-0.40071,0.069338,0.25081,0.26631,0.072041,-0.29925,-0.66329,-1.2374,-1.8548,-2.3022,-2.8665,-3.3102,-3.5652,-3.8345,-4.0571,-4.254,-4.4229,-4.6476,-4.9176,-5.12,-5.3893,-5.6389,-5.7607,-5.7136,-5.2366,-4.2656,-3.318,-2.0142,-0.8025,-0.019464,0.83064,1.4572,1.8792,2.0946,2.2811,2.3861,2.4363,2.4869,2.5225,2.5316,2.5093,2.3972,2.1711,1.915,1.4408,0.81146,0.23913,-0.58147,-1.4047,-1.9581,-2.5096,-2.7846,-2.8807,-2.9146,-3.0057,-3.2794,-3.6459,-4.3994,-5.3738,-6.343,-6.8937,-7.0951,-6.759,-6.3647,-5.9027,-5.7085,-5.8207,-6.3238,-7.2127,-8.4311,-9.4408,-10.641,-11.223,-10.977,-9.9249,-8.4372,-7.2714,-5.8027,-4.5181,-3.484,-2.8969,-2.3593,-2.1342,-2.1585,-2.4739,-3.1234,-4.1386
-1.3482,-1.0191,-1.0752,-1.668,-2.4125,-3.5897,-4.2382,-3.8028,-2.2448,-0.48544,0.99174,1.8136,2.5402,2.8725,2.9027,2.7016,2.2799,1.8598,1.2409,0.6275,0.027104,-0.39895,-0.97706,-1.4687,-1.7528,-1.9323,-1.8441,-1.6149,-1.1736,-0.65886,-0.07914,0.38916,1.0569,1.8197,2.4335,3.2735,4.1045,4.8801,5.4071,6.015,6.4985,6.761,6.969,7.0078,6.9246,6.6606,6.2332,5.6701,5.1763,4.4579,3.7128,3.1702,2.5074,1.9681,1.6782,1.501,1.5892,1.9448,2.3786,3.0886,3.8996,4.5291,5.3031,5.9802,6.4788,6.7264,6.8489,6.6976,6.3769,5.6371,4.47,3.2389,0.93068,-2.5655,-8.7199,-20.381,-11.645,-5.135,-2.6797,-0.7118,0.43011,0.97442,1.5063,1.9861,2.5153,2.9345,3.4274,3.7687,3.886,3.8492,3.5958,3.1472,2.7243,2.1131,1.5253,1.0978,0.55202,-0.027041,-0.53746,-1.3676,-2.4633,-3.9125,-5.2622,-7.575,-10.349,-11.808,-10.461,-7.0212,-4.6235,-1.9612,0.11058,1.6998,2.6291,3.5408,4.1095,4.3235,4.3732,4.1862,3.7777,3.3545,2.6974,1.9778,1.4268,0.69933,0.015573,-0.47718,-1.1431,-1.8479,-2.644,-3.2675,-3.924,-4.1924,-4.0413,-3.367,-2.3677,-1.5528,-0.48847,0.53746,1.5239,2.2342,3.1178,3.8946,4.4059,4.9845,5.4433,5.7922,5.9798,6.1687,6.2975,6.3684,6.4636,6.5513,6.631,6.7319,6.8167,6.8687,6.8711,6.8104,6.6655,6.5036,6.2215,5.879,5.5891,5.164,4.6885,4.1434,3.6449,2.8013,1.6627,0.5191,-1.527,-4.5013,-9.2792,-15.213,-15.894,-9.2037,-6.4485,-4.3362,-3.2877,-2.9606,-3.0388,-3.5564,-4.4306,-5.2119,-6.2592,-7.0372,-7.2645,-6.9023,-5.8086,-4.7447,-3.3037,-1.9899,-0.95723,-0.35298,0.16915,0.40639,0.38502,0.10363,-0.46888,-1.4211
0.082203,0.61519,0.45725,-0.75499,-2.5424,-6.7708,-15.014,-11.335,-4.1973,-0.35228,1.8942,2.9496,3.7089,3.8506,3.6049,2.8396,1.652,0.56472,-0.84764,-1.8556,-2.3837,-2.6736,-3.2214,-4.2558,-5.2674,-5.9324,-4.5896,-2.7367,-0.24716,1.8552,3.4922,4.4724,5.5475,6.4321,6.9948,7.677,8.3095,8.9063,9.3462,9.8764,10.339,10.616,10.84,10.883,10.778,10.439,9.8861,9.1419,8.4831,7.5512,6.6614,6.1117,5.6239,5.4376,5.4645,5.6819,6.0343,6.5032,6.9337,7.5649,8.2847,8.8498,9.5945,10.279,10.847,11.165,11.409,11.426,11.262,10.785,10.008,9.2075,7.8586,6.2684,4.7463,4.0551,4.1402,5.0965,5.9863,7.0674,7.9064,8.3804,8.8218,9.0868,9.1953,9.1737,8.9932,8.5926,8.1288,7.265,6.1067,4.6588,3.4616,1.9265,0.88602,0.63285,0.77932,1.0964,1.207,1.0945,0.669,-0.02316,-0.6267,-1.4077,-1.8325,-1.7565,-1.009,0.33492,1.566,3.2754,4.8575,6.192,6.9787,7.7651,8.2211,8.3431,8.2264,7.7826,7.0411,6.3074,5.129,3.8452,2.9012,1.8483,1.0699,0.61754,0.031496,-0.85023,-2.3376,-4.0581,-7.7429,-12.15,-10.006,-4.5942,-0.89702,1.0814,3.0666,4.5412,5.6396,6.2719,6.9533,7.4693,7.7653,8.0618,8.2642,8.394,8.4452,8.4503,8.4217,8.4002,8.4031,8.5085,8.6739,9.013,9.4788,9.9953,10.371,10.816,11.162,11.346,11.462,11.438,11.332,11.065,10.635,10.049,9.4881,8.5459,7.351,6.2665,4.542,2.4886,0.28609,-1.0444,-1.5265,-0.70185,0.16886,1.1211,1.6149,1.6736,1.3481,0.52754,-0.81309,-2.2671,-5.0064,-9.2753,-13.467,-12.028,-6.7074,-3.9164,-1.2686,0.50463,1.6976,2.2885,2.7511,2.9263,2.8967,2.7084,2.3824,1.9908
2.4671,2.5482,2.322,1.737,1.1285,0.30376,-0.13077,0.0031006,0.72326,1.6882,2.5009,2.9118,3.0747,2.7304,2.0616,0.49454,-2.1159,-5.1163,-11.894,-18.708,-10.507,-7.8824,-6.6921,-7.5742,-9.5828,-13.03,-9.0903,-4.9084,-0.92887,1.7803,3.6427,4.6517,5.5917,6.162,6.4242,6.6533,6.8869,7.2864,7.7282,8.4761,9.2566,9.7784,10.296,10.526,10.476,10.088,9.2913,8.0428,6.7932,4.7293,2.4193,1.001,0.48529,1.4073,2.3394,3.3677,4.0913,4.6217,4.9941,5.6725,6.5908,7.4115,8.5972,9.7188,10.694,11.281,11.862,12.208,12.327,12.307,12.103,11.859,11.469,11.063,10.733,10.581,10.562,10.713,10.892,11.156,11.377,11.486,11.52,11.414,11.145,10.819,10.211,9.3677,8.543,7.1104,5.1565,2.4512,-0.40205,-6.4975,-19.379,-10.287,-4.0285,-1.2455,-0.15856,0.4079,0.23472,-0.56648,-1.5417,-3.0835,-4.2658,-4.1555,-2.3777,0.10902,1.9444,4.0669,5.7956,7.1488,7.9028,8.5805,8.8917,8.8875,8.5305,7.7515,6.5182,5.2501,3.0036,-0.028352,-2.8695,-6.2574,-5.9111,-4.2262,-2.5209,-1.7915,-1.9066,-2.5017,-3.7369,-4.3457,-3.5707,-1.2913,1.0729,2.54,4.0397,5.0771,5.7214,5.9972,6.1435,6.1419,6.0906,6.0004,5.9151,5.7993,5.6758,5.3831,4.9216,4.4851,3.8763,3.5666,3.7387,4.6605,6.0704,7.5822,8.6369,9.8611,10.836,11.396,11.934,12.234,12.31,12.226,11.943,11.457,10.979,10.209,9.3118,8.5844,7.5615,6.5667,5.6878,5.1583,4.6683,4.4335,4.3363,4.2165,4.0177,3.7393,3.1639,2.2938,1.0965,-0.075021,-1.9874,-4.0848,-5.2035,-4.995,-3.2056,-1.7461,-0.14928,0.93866,1.5756,1.7508,1.6728,1.2666,0.84563,0.26022,-0.12121,-0.033185
2.9939,2.7446,2.2919,1.7354,1.2979,0.74888,0.37886,0.2636,0.34572,0.60095,0.93639,1.121,1.1827,0.91795,0.43981,-0.61889,-2.1525,-3.5537,-5.3552,-6.2757,-5.8869,-5.2169,-4.4463,-3.8561,-3.4968,-2.8163,-1.7723,-0.79415,0.6216,1.8657,2.7787,3.2064,3.3603,2.9945,2.3513,0.9576,-0.77193,-1.475,-0.4099,2.1276,4.4518,5.8021,7.0771,7.7814,7.9593,7.7362,6.9538,5.5369,3.9634,0.89122,-3.9686,-9.525,-9.7553,-4.3963,-2.2521,-0.94576,-0.8917,-1.8505,-3.0104,-3.7419,-1.7408,0.63888,3.505,5.7247,7.3651,8.2932,9.196,9.7895,10.082,10.328,10.451,10.499,10.534,10.569,10.627,10.682,10.768,10.855,10.901,10.914,10.844,10.72,10.456,10.061,9.5348,9.0505,8.2755,7.3463,6.5348,5.2683,3.7621,1.956,0.48038,-1.4049,-2.5503,-2.5534,-1.8176,-0.95309,-0.53731,-0.40538,-0.88091,-2.0576,-3.5676,-6.8309,-12.449,-13.695,-6.8129,-2.0843,0.39126,2.8423,4.6249,5.9068,6.6002,7.1782,7.3815,7.2906,6.8396,6.0024,4.7258,3.4306,1.2052,-1.7733,-4.4619,-7.4618,-7.0369,-5.2371,-3.1016,-1.6491,-0.72618,-0.26185,0.23186,0.75864,1.2476,1.965,2.6616,3.0998,3.4798,3.5227,3.1998,2.7126,1.7189,0.4669,-0.43677,-1.1999,-1.2493,-0.92838,-0.77225,-0.93266,-1.7978,-3.0832,-6.0727,-12.136,-16.062,-7.19,-1.7081,1.8658,3.8754,5.9525,7.5145,8.4093,9.2871,9.8316,10.032,10.046,9.8024,9.3196,8.8289,8.0518,7.2012,6.5614,5.7886,5.1538,4.6769,4.4114,4.1244,3.879,3.6919,3.3976,3.0383,2.7166,2.2029,1.6189,0.97134,0.49656,-0.10362,-0.53211,-0.72378,-0.72438,-0.52319,-0.30344,-0.092606,-0.069235,-0.3658,-0.83249,-1.8729,-3.4845,-5.1593,-8.1982,-11.585,-11.113
2.5453,2.1114,1.3323,0.32647,-0.57079,-1.9028,-3.1224,-3.6871,-3.6431,-2.7977,-1.677,-0.94422,-0.21163,0.15542,0.21947,0.046968,-0.33649,-0.67918,-1.1237,-1.4535,-1.5291,-1.4567,-1.1961,-0.78102,-0.40585,0.17807,0.8551,1.3851,2.0526,2.5897,2.9289,2.9851,2.7076,1.9038,0.85196,-1.4193,-5.0187,-7.8727,-5.3015,-0.72563,2.4718,4.1636,5.7122,6.6446,7.0102,7.0862,6.7341,5.9937,5.2049,3.9132,2.5689,1.7195,1.0211,0.74849,0.58683,0.099195,-1.0048,-3.0555,-5.3405,-7.7759,-4.8999,-1.7993,1.4466,3.6763,5.2041,5.9926,6.6791,7.0478,7.1842,7.2555,7.3203,7.4304,7.6648,8.0146,8.4311,8.7371,9.0857,9.3229,9.414,9.3876,9.1869,8.916,8.4124,7.7453,6.9642,6.3378,5.4727,4.6214,4.0284,3.2681,2.5636,1.9238,1.4991,1.035,0.72552,0.64814,0.66064,0.74258,0.76869,0.72239,0.47855,0.06147,-0.33692,-0.8451,-1.0618,-0.83188,0.055767,1.3654,2.3998,3.6637,4.7243,5.5302,5.9714,6.3218,6.4023,6.282,5.8852,5.2248,4.3222,3.4888,2.2421,0.95603,0.075742,-0.77681,-1.1339,-1.0637,-0.64898,-0.022683,0.67121,1.182,1.8619,2.4582,2.8596,3.2847,3.5305,3.5709,3.3629,2.7699,1.6829,0.44281,-2.0002,-5.9438,-10.88,-24.512,-11.881,-7.1934,-5.5609,-4.6312,-4.7077,-5.2489,-6.3563,-7.3359,-7.2305,-5.5886,-3.0787,-0.50546,1.2698,3.3091,4.9756,5.9957,7.002,7.633,7.8598,7.8348,7.438,6.6979,5.9124,4.6066,3.1151,2.0383,0.98037,0.60783,0.8094,1.0983,1.4519,1.5909,1.5563,1.3184,0.8836,0.47289,-0.084486,-0.57021,-0.88162,-0.95731,-0.89231,-0.7106,-0.54985,-0.32509,-0.21196,-0.20082,-0.35224,-0.7609,-1.5205,-2.3132,-3.7524,-5.6913,-7.4615,-10.18,-12.597,-12.106
1.7473,1.3609,0.52236,-0.82686,-2.3135,-5.2904,-10.602,-19.629,-15.19,-7.5195,-3.8425,-2.1109,-0.61675,0.25828,0.60589,0.78009,0.68103,0.49727,0.18428,-0.11687,-0.34628,-0.4112,-0.31167,-0.0094098,0.33403,0.91783,1.5827,2.0903,2.7104,3.2229,3.5821,3.7233,3.7354,3.5461,3.2777,2.8653,2.5666,2.6456,3.0437,3.9372,5.0021,5.7681,6.6205,7.2485,7.5514,7.7345,7.6883,7.4401,7.1529,6.6713,6.1405,5.7445,5.2396,4.7563,4.3905,3.8628,3.277,2.7086,2.3824,2.2644,2.5944,3.0719,3.8083,4.4584,4.8602,4.9481,4.7639,4.233,3.6164,2.6259,1.8035,1.6188,2.2203,3.4777,4.837,5.7384,6.6735,7.2715,7.5066,7.5254,7.2209,6.7871,5.9288,4.774,3.3783,2.2492,0.83085,-0.18187,-0.56655,-0.58639,-0.33927,0.00205,0.21458,0.466,0.69415,0.86745,1.0974,1.3306,1.5002,1.6897,1.8512,1.9949,2.095,2.2453,2.4802,2.733,3.1545,3.6628,4.0652,4.5777,5.0445,5.3984,5.5828,5.6969,5.6626,5.5279,5.1941,4.6734,3.9639,3.3421,2.3891,1.3719,0.62301,-0.27823,-0.87434,-1.0561,-0.89406,-0.26964,0.63202,1.3786,2.3305,3.1606,3.6612,4.1403,4.3999,4.4147,4.1616,3.5888,2.6312,1.6406,-0.024332,-2.012,-3.486,-4.7713,-4.9018,-4.4091,-4.0721,-3.9858,-4.2866,-4.7666,-5.5848,-6.2957,-6.4765,-5.8821,-4.2974,-2.127,-0.4114,1.6986,3.4859,4.5796,5.6794,6.3597,6.6026,6.549,6.0152,4.9655,3.7642,1.451,-2.0505,-6.0482,-14.29,-9.7916,-4.7363,-2.6681,-1.128,-0.49165,-0.47302,-0.94211,-1.9222,-2.9411,-4.5247,-5.8503,-6.1025,-5.4665,-4.0908,-2.7554,-1.8844,-1.0211,-0.49591,-0.3276,-0.39235,-0.82448,-1.6316,-2.5072,-4.0161,-5.8754,-7.4232,-9.3256,-10.356,-9.8155
0.82258,0.96444,0.81877,0.25586,-0.44457,-1.6585,-2.9446,-3.5662,-3.4161,-2.3033,-0.96009,-0.095536,0.74272,1.2211,1.3403,1.2141,0.8004,0.31116,-0.51702,-1.4502,-2.3731,-2.8768,-3.0845,-2.646,-1.9602,-0.82466,0.33422,1.145,2.1139,2.9303,3.5725,3.9522,4.3366,4.611,4.7678,4.9525,5.1581,5.4245,5.6842,6.0833,6.5273,6.8547,7.2675,7.6039,7.7896,7.9568,8.0237,7.9937,7.9177,7.7669,7.5573,7.3736,7.1036,6.8141,6.5901,6.2863,5.9964,5.7405,5.5922,5.4577,5.3903,5.3699,5.2988,5.1388,4.7793,4.3284,3.382,1.8918,0.25059,-3.1172,-9.7601,-26.455,-8.1161,-1.968,1.3885,3.0612,4.5762,5.4794,5.8093,5.8501,5.4364,4.8201,3.5556,1.7248,-0.88878,-3.5435,-8.4738,-13.85,-11.996,-7.6381,-4.978,-3.4016,-2.6169,-1.8835,-1.3224,-0.9809,-0.51077,-0.0099925,0.39979,0.94867,1.5044,2.0128,2.3591,2.7727,3.1302,3.359,3.6096,3.7941,3.8977,4.0124,4.081,4.1338,4.1505,4.1515,4.0979,4.0054,3.7747,3.3879,2.7933,2.1997,1.1728,-0.18227,-1.4454,-3.5298,-5.9106,-7.2455,-6.7404,-4.2479,-1.6513,0.0095021,1.7742,3.1315,3.9046,4.6514,5.0972,5.2421,5.2054,4.9153,4.3983,3.8779,3.0636,2.1765,1.5146,0.70901,0.011369,-0.64382,-1.1622,-2.0128,-3.1794,-4.3675,-6.5961,-10.209,-14.991,-20.386,-10.39,-4.9668,-2.1725,0.6293,2.7212,3.9139,5.118,5.8971,6.2102,6.2744,5.9337,5.1386,4.2447,2.6241,0.58147,-1.0516,-2.6332,-2.7157,-1.7639,-1.0574,-0.49478,-0.45093,-0.80076,-1.8105,-3.527,-5.4341,-9.3916,-17.239,-20.515,-12.451,-7.3604,-4.3938,-2.8735,-1.4634,-0.54513,-0.16087,-0.020759,-0.29016,-0.97126,-1.8072,-3.4051,-5.7209,-8.1724,-13.309,-27.913,-16.907
-0.25072,0.58167,1.28,1.6187,1.7009,1.6642,1.5699,1.5273,1.5631,1.7167,1.8907,1.9868,2.0049,1.8223,1.5362,0.89926,-0.049217,-1.0093,-2.714,-5.1027,-8.4797,-11.976,-15.611,-11.459,-8.1229,-4.941,-2.681,-1.3773,-0.0092205,1.0721,1.9285,2.4613,3.0489,3.5251,3.8369,4.1895,4.5008,4.7837,4.9778,5.2202,5.4359,5.5836,5.7643,5.9183,6.0287,6.1666,6.2919,6.4038,6.4675,6.5206,6.5275,6.4971,6.4111,6.2763,6.1487,5.9591,5.7664,5.5822,5.461,5.3111,5.1597,5.0213,4.7837,4.4213,3.9029,3.3872,2.4993,1.3604,0.3679,-1.0457,-2.2113,-2.5202,-1.7996,-0.26673,1.3518,2.395,3.4826,4.1712,4.4167,4.3905,3.9476,3.3312,2.1125,0.3956,-1.8372,-3.8674,-6.7703,-8.8079,-8.9749,-7.9505,-6.8468,-6.163,-5.8846,-5.7589,-5.7474,-5.6483,-5.2363,-4.4328,-3.64,-2.4479,-1.2902,-0.27509,0.37029,1.054,1.5038,1.6866,1.7477,1.603,1.3815,0.9874,0.55614,0.2424,0.14292,0.21085,0.41332,0.58014,0.7296,0.71736,0.49473,0.12524,-0.65439,-1.8416,-3.1003,-5.4883,-8.95,-11.831,-10.808,-6.2666,-2.7325,-0.75377,1.2724,2.7456,3.5845,4.4124,4.9271,5.1488,5.2526,5.1468,4.8752,4.5747,4.0692,3.4793,2.9954,2.3016,1.5754,0.79935,0.16336,-0.75889,-1.8445,-2.7567,-4.1526,-5.5804,-6.4255,-6.4431,-4.9166,-2.6982,-1.0537,0.92332,2.5577,3.5707,4.6366,5.4013,5.7756,6.0161,5.9886,5.6976,5.331,4.6794,3.9294,3.3741,2.7256,2.2319,1.8685,1.6156,1.2015,0.59207,-0.020252,-1.0833,-2.4279,-3.5901,-5.1301,-6.2958,-6.5522,-6.1038,-4.9334,-3.5485,-2.5645,-1.4219,-0.54095,-0.066349,0.28454,0.31223,-0.0089125,-0.46929,-1.3893,-2.6122,-3.6555,-5.0128,-5.8114,-5.6217
-0.31577,0.61519,1.5478,2.1907,2.5198,2.7883,2.9204,2.9527,2.9298,2.8237,2.6324,2.4245,2.0379,1.4932,0.96833,0.091026,-1.0406,-2.0703,-3.7486,-5.8418,-8.3097,-10.158,-11.423,-10.29,-8.6983,-6.6514,-4.9905,-3.9751,-2.8626,-1.9762,-1.2248,-0.72797,-0.1298,0.39774,0.74614,1.1496,1.4733,1.7141,1.8332,1.9273,1.9413,1.9163,1.8397,1.7834,1.7894,1.88,2.0938,2.4137,2.6879,3.0311,3.3116,3.45,3.5184,3.4536,3.3308,3.107,2.8639,2.6735,2.5812,2.5395,2.5454,2.5337,2.4611,2.2414,1.8546,1.4462,0.78724,0.068672,-0.43719,-0.92879,-1.09,-0.9536,-0.42007,0.36663,1.2431,1.8707,2.5578,3.0015,3.1563,3.0811,2.6897,2.1957,1.2729,0.084252,-1.2786,-2.3783,-3.8057,-5.0547,-5.8547,-6.7623,-7.6336,-8.6316,-9.6051,-11.341,-13.734,-15.638,-16.365,-13.489,-10.853,-7.8439,-5.5138,-3.7248,-2.6901,-1.7133,-1.1595,-1.0211,-1.2223,-1.8784,-2.7011,-4.2814,-6.2706,-8.1103,-8.5302,-7.5038,-5.8407,-4.7404,-3.6425,-2.9465,-2.5673,-2.4554,-2.5026,-2.7348,-2.9998,-3.3569,-3.5958,-3.5443,-2.9984,-1.9751,-0.70885,0.2413,1.3912,2.3492,2.918,3.4764,3.8368,3.9887,4.0417,3.9537,3.734,3.4987,3.0846,2.5759,2.1384,1.4965,0.79101,0.064543,-0.47995,-1.1692,-1.7836,-2.1761,-2.5744,-2.7532,-2.7114,-2.3809,-1.7229,-0.81994,-0.05777,1.0007,2.0291,2.7438,3.5856,4.2728,4.6817,5.0722,5.2692,5.3032,5.2174,4.9886,4.6452,4.3347,3.874,3.3768,2.819,2.3655,1.6863,0.87694,0.17907,-0.88535,-2.0799,-3.0149,-4.2292,-5.2297,-5.7869,-5.8077,-5.2767,-4.2659,-3.3587,-2.1419,-1.0855,-0.43624,0.2104,0.5876,0.70036,0.63686,0.37932,-0.023054,-0.37945,-0.84773,-1.2198,-1.4634
0.71155,1.4118,2.1732,2.7293,3.0187,3.2559,3.3355,3.3037,3.1489,2.8685,2.4822,2.1183,1.5284,0.82981,0.2259,-0.67265,-1.6829,-2.5032,-3.649,-4.7883,-5.8249,-6.4628,-7.0099,-7.1675,-7.0919,-6.8429,-6.5331,-6.3092,-5.9963,-5.6949,-5.3188,-4.9782,-4.4434,-3.8526,-3.4272,-2.9035,-2.5093,-2.2796,-2.2234,-2.3344,-2.6425,-3.0095,-3.643,-4.3341,-4.777,-4.965,-4.4726,-3.4501,-2.551,-1.4353,-0.58645,-0.1712,0.057583,-0.086591,-0.42514,-1.1303,-1.9532,-2.5535,-2.6395,-2.2066,-1.446,-0.88629,-0.38213,-0.21665,-0.45563,-0.9021,-1.8353,-3.0495,-3.998,-4.8813,-4.7608,-3.9745,-2.524,-1.0371,0.26148,1.0562,1.8349,2.3025,2.4485,2.3748,2.0068,1.5477,0.72564,-0.30368,-1.5064,-2.4652,-3.7978,-5.1431,-6.1286,-7.4476,-8.8495,-10.42,-11.828,-14.073,-16.942,-19.316,-20.351,-17.023,-14.023,-10.566,-7.8479,-5.7118,-4.4861,-3.3014,-2.6139,-2.4297,-2.6773,-3.546,-4.6728,-7.0141,-10.784,-16.877,-19.088,-13.613,-9.9069,-8.2451,-6.8686,-6.0583,-5.541,-5.1797,-4.6864,-4.1509,-3.711,-3.0861,-2.4423,-1.9182,-1.1716,-0.39686,0.36135,0.88854,1.4962,1.9723,2.2218,2.4006,2.4449,2.3916,2.2365,2.0284,1.773,1.5515,1.1971,0.73288,0.29719,-0.41644,-1.2775,-2.2215,-2.8995,-3.643,-4.0163,-4.0472,-3.78,-3.3405,-2.9332,-2.3666,-1.7954,-1.2104,-0.74647,-0.092886,0.62898,1.2034,1.9902,2.7453,3.2564,3.8318,4.2442,4.48,4.5434,4.49,4.2932,4.0638,3.672,3.1967,2.6463,2.1801,1.4746,0.66495,-0.052615,-1.1863,-2.5803,-3.8504,-5.9554,-8.6544,-11.696,-12.758,-10.668,-7.4102,-5.3378,-3.1355,-1.4709,-0.5135,0.44836,1.0971,1.4917,1.6343,1.6615,1.5263,1.3398,1.0076,0.59009,0.10323
2.0723,2.6152,3.165,3.5239,3.6752,3.7352,3.6378,3.4688,3.1217,2.6577,2.0737,1.5605,0.7879,-0.070788,-0.76335,-1.739,-2.7183,-3.4422,-4.3483,-5.1594,-5.8642,-6.3175,-6.8254,-7.2793,-7.6187,-8.1293,-8.7363,-9.2844,-10.138,-10.887,-11.256,-11.064,-10.212,-9.0026,-8.0937,-7.0892,-6.3795,-6.002,-5.9361,-6.1685,-6.7816,-7.5528,-9.0775,-11.619,-14.707,-20.842,-16.396,-10.385,-7.4487,-4.7717,-3.0622,-2.2847,-1.8541,-2.1309,-2.8622,-4.7469,-8.2116,-14.866,-16.967,-9.3756,-5.078,-3.1421,-1.6108,-0.94659,-1.0199,-1.5455,-2.9753,-5.54,-8.766,-18.481,-16.948,-9.4015,-4.5363,-1.6365,0.27801,1.2776,2.1789,2.6604,2.7694,2.626,2.1616,1.61,0.6295,-0.61355,-2.073,-3.2579,-4.9028,-6.5005,-7.5859,-8.8897,-10.072,-11.339,-12.324,-13.706,-15.031,-15.699,-15.585,-14.164,-12.476,-9.9233,-7.4533,-5.3078,-3.9995,-2.6419,-1.7591,-1.4061,-1.3312,-1.7194,-2.2886,-3.357,-4.6096,-5.7736,-6.3871,-6.8305,-7.0514,-7.3128,-7.912,-8.746,-9.4221,-9.4279,-8.4685,-6.8537,-5.5678,-4.0065,-2.6353,-1.7359,-0.69834,0.17164,0.86666,1.2668,1.6231,1.738,1.67,1.3828,0.87153,0.39478,-0.24085,-0.73803,-0.96754,-1.0049,-0.9911,-1.1195,-1.4146,-2.1923,-3.4886,-5.4438,-7.3688,-10.113,-10.863,-9.4245,-7.0011,-5.1268,-4.153,-3.3227,-2.9255,-2.8236,-2.8237,-2.7235,-2.2593,-1.5872,-0.40612,0.86486,1.7396,2.6993,3.4023,3.818,3.9631,3.9406,3.7195,3.4485,2.9831,2.4475,1.911,1.512,0.98329,0.43143,-0.043529,-0.8229,-1.8817,-2.9404,-4.8157,-7.4021,-10.532,-11.739,-9.4149,-6.0288,-3.9294,-1.7717,-0.17585,0.74142,1.6606,2.2993,2.7067,2.8782,2.9499,2.8613,2.6988,2.3479,1.8335,1.1459
3.7111,4.0706,4.345,4.4204,4.3623,4.1419,3.7837,3.4308,2.8536,2.1572,1.3285,0.62258,-0.41657,-1.572,-2.495,-3.7613,-5.0041,-5.8575,-6.7969,-7.4454,-7.8371,-7.9995,-8.1913,-8.4911,-8.8462,-9.5873,-10.767,-12.039,-14.572,-18.761,-26.385,-26.095,-18.315,-14.037,-11.961,-10.162,-9.084,-8.598,-8.5628,-8.8088,-9.3466,-9.8519,-10.667,-11.587,-12.266,-12.439,-10.853,-8.1382,-6.0882,-3.7826,-2.0816,-1.1983,-0.52654,-0.43113,-0.74231,-1.6392,-2.9664,-4.1,-4.1229,-2.8639,-1.1115,0.028986,1.1238,1.6753,1.7287,1.4567,0.721,-0.36322,-1.2558,-2.0885,-1.9131,-1.0974,0.34958,1.7524,2.8776,3.5044,4.0548,4.2772,4.2359,3.8959,3.2265,2.5045,1.2053,-0.4856,-2.6233,-4.5418,-7.4472,-10.355,-11.837,-12.343,-12.012,-11.945,-12.354,-13.793,-16.517,-20.395,-28.032,-17.982,-13.001,-8.5447,-5.3176,-2.8897,-1.4495,0.026181,1.0599,1.5638,1.9185,1.9436,1.7584,1.2922,0.62544,-0.19113,-0.90398,-1.9969,-3.3835,-4.717,-7.1654,-11.036,-18.756,-37.352,-14.903,-9.3581,-6.8401,-4.4132,-2.5876,-1.4759,-0.23473,0.76631,1.5277,1.9265,2.1858,2.0873,1.7411,0.85672,-0.63451,-2.2094,-4.9143,-7.3413,-6.8263,-5.0869,-3.0418,-1.8082,-1.426,-1.5933,-2.5641,-4.4536,-6.5942,-10.246,-11.265,-8.9203,-5.7935,-3.7892,-2.9383,-2.5427,-2.96,-4.3021,-6.1013,-9.7176,-11.457,-8.241,-3.8074,-0.74308,0.89101,2.4121,3.3499,3.8255,3.9089,3.6978,3.1586,2.5738,1.6236,0.62867,-0.1817,-0.52051,-0.55955,-0.31521,-0.069485,0.16199,0.19606,0.084354,-0.22645,-0.59336,-0.82765,-0.78138,-0.35594,0.38776,1.0436,1.8924,2.634,3.0878,3.5539,3.8821,4.0814,4.1657,4.1851,4.0984,3.9506,3.6203,3.1119,2.3792
5.6687,5.669,5.4671,5.0726,4.6792,4.0591,3.3669,2.8083,2.0054,1.0864,0.032539,-0.86458,-2.2359,-3.8202,-5.1413,-7.0927,-9.2853,-11.01,-12.968,-13.479,-12.402,-11.33,-10.182,-9.5273,-9.4085,-9.7286,-10.6,-11.569,-13.274,-15.116,-16.386,-16.266,-14.736,-12.78,-11.466,-10.146,-9.4681,-9.4588,-9.9165,-11.091,-12.594,-13.3,-12.818,-10.92,-9.2983,-7.1815,-5.1461,-3.1681,-1.7809,-0.087144,1.3337,2.2038,3.0873,3.6728,3.9397,4.1242,4.2073,4.3305,4.506,4.8638,5.3131,5.6398,5.9838,6.1718,6.1736,6.0608,5.8011,5.4866,5.2828,5.1297,5.1613,5.3139,5.6437,6.0308,6.3764,6.567,6.6787,6.5993,6.4005,5.9098,5.1357,4.3462,2.9696,1.1472,-1.2688,-3.618,-7.8522,-14.398,-19.421,-14.541,-10.735,-8.903,-8.3641,-8.335,-8.791,-9.184,-8.8775,-7.0944,-5.1737,-2.5742,-0.24458,1.6824,2.8819,4.1648,5.1108,5.6182,6.0345,6.1855,6.1363,5.866,5.3645,4.6586,3.9954,2.906,1.5613,0.38085,-1.4162,-3.3463,-5.0139,-5.7423,-5.7466,-4.9891,-4.2469,-3.1894,-2.0011,-1.0447,0.2588,1.498,2.5467,3.1468,3.6381,3.7393,3.5009,2.6858,1.2173,-0.45543,-3.5928,-6.8564,-5.7597,-3.2252,-0.47039,1.2557,2.0263,2.5129,2.4921,2.1284,1.7453,1.309,1.1517,1.2774,1.6039,1.8897,1.9567,1.7163,0.99671,-0.29128,-1.631,-3.5837,-4.1216,-2.8256,-0.29755,1.903,3.1369,4.2915,4.9206,5.0781,4.8946,4.2648,3.1388,1.9195,-0.3143,-3.4712,-7.4629,-8.7361,-5.6565,-2.2608,-0.39418,1.3881,2.6013,3.2419,3.8313,4.2182,4.4927,4.6613,4.86,5.0369,5.1331,5.2056,5.2,5.1401,5.0119,4.8649,4.7533,4.7126,4.7192,4.75,4.746,4.6552,4.409,3.9494
7.7794,7.2299,6.2539,5.0459,4.0513,2.7582,1.64,0.9568,0.17418,-0.64435,-1.6791,-2.6593,-4.2947,-6.2614,-7.8804,-10.259,-13.083,-15.882,-22.057,-22.871,-15.737,-12.551,-9.9255,-8.4828,-8.0044,-8.0145,-8.643,-9.4579,-10.788,-12.037,-12.736,-12.499,-11.302,-9.7495,-8.6621,-7.5527,-7.0547,-7.2632,-7.9748,-10.065,-14.095,-18.651,-15.779,-9.5609,-6.4647,-3.3728,-0.97822,1.0279,2.343,3.8807,5.2279,6.113,7.1319,7.968,8.4872,9.0444,9.4859,9.8308,10.04,10.266,10.422,10.483,10.477,10.381,10.195,10.013,9.7364,9.4664,9.292,9.117,9.0225,8.9945,9.0162,9.0552,9.0786,9.0638,8.9724,8.7775,8.5417,8.1009,7.4847,6.883,5.8969,4.6443,3.1773,1.9324,0.24518,-1.2032,-1.9158,-2.2243,-1.9499,-1.4544,-1.0535,-0.506,0.016651,0.51527,1.3366,2.4108,3.3496,4.6637,5.9644,7.1624,7.964,8.8707,9.572,9.966,10.307,10.44,10.415,10.213,9.8271,9.2541,8.7092,7.8247,6.7838,5.9051,4.6255,3.2759,1.9108,0.88059,-0.51849,-2.0159,-3.1947,-4.4821,-4.3125,-2.9017,-0.35212,2.0262,3.9393,5.0455,6.1321,6.7871,7.0231,7.0253,6.7317,6.3891,5.9265,5.6854,5.8356,6.1956,6.8324,7.4722,7.8635,8.2234,8.4048,8.4408,8.4026,8.3149,8.2155,8.148,8.0484,7.9167,7.7683,7.4865,7.1024,6.6579,6.3485,6.0645,6.0608,6.2603,6.7227,7.244,7.5769,7.8474,7.8605,7.5531,7.109,6.2063,4.9267,3.6935,1.6235,-0.95628,-3.5521,-4.1132,-2.0946,0.70578,2.5226,4.4493,5.8982,6.7202,7.5383,8.0855,8.4114,8.5266,8.5218,8.3367,8.0723,7.5447,6.7946,6.0973,5.0331,3.96,3.201,3.0209,3.3497,4.0453,4.5996,5.1992,5.5445,5.6158
