0.4367,0.65365,0.86082,0.95423,0.95753,0.8736,0.67996,0.42932,-0.051368,-0.68299,-1.4848,-2.2512,-3.5032,-5.1224,-6.6195,-9.0619,-11.491,-12.259,-10.674,-7.905,-5.3692,-3.7898,-1.9871,-0.48999,0.45659,1.5361,2.4471,3.0733,3.8158,4.4398,4.9952,5.3797,5.8316,6.2343,6.4975,6.7829,7.019,7.1909,7.2743,7.3228,7.2957,7.2255,7.0676,6.8096,6.5497,6.1303,5.6014,4.9747,4.4327,3.6372,2.787,2.1499,1.412,0.90968,0.79247,1.0102,1.5778,2.3491,2.976,3.8018,4.5727,5.0905,5.7028,6.2214,6.6509,6.9031,7.1836,7.3789,7.4804,7.5678,7.5988,7.5829,7.5211,7.4215,7.2841,7.1576,6.9653,6.7551,6.5846,6.3424,6.0836,5.884,5.5914,5.2704,4.9114,4.6113,4.1588,3.6492,3.2135,2.536,1.7714,0.86504,0.088049,-1.1819,-2.7604,-4.1858,-6.6247,-9.9728,-13.217,-15.812,-11.882,-7.8422,-5.5417,-3.0984,-1.2397,-0.10809,1.1745,2.211,2.8591,3.5867,4.1948,4.7162,5.0626,5.4633,5.776,5.9348,6.0413,6.0397,5.9628,5.8737,5.7446,5.6277,5.5718,5.5561,5.6507,5.8099,6.1759,6.7191,7.4298,8.058,9.0141,10.068,10.893,12.018,13.152,13.993,15.097,16.169,17.197,17.937,18.873,19.753,20.372,21.142,21.845,22.482,22.915,23.432,23.881,24.172,24.499,24.755,24.903,25.038,25.105,25.101,25.053,24.928,24.734,24.543,24.225,23.837,23.497,22.981,22.394,21.735,21.194,20.412,19.558,18.872,17.896,16.855,15.75,14.881,13.675,12.423,11.455,10.131,8.7771,7.7517,6.3587,4.9496,3.5237,2.4614,1.1527,0.15955,-0.26805,-0.22806,0.47667,1.2837,2.5508,3.8533,4.9988,5.6965,6.4817,7.1204,7.51,7.9038,8.1861,8.3537
1.9686,2.0952,2.2322,2.3108,2.3218,2.2707,2.1397,1.9923,1.7215,1.3657,0.93209,0.56385,0.02584,-0.54657,-0.97186,-1.4667,-1.8585,-2.0577,-2.1718,-2.1282,-1.9945,-1.8588,-1.6968,-1.6215,-1.6305,-1.7521,-2.017,-2.2992,-2.7548,-3.1789,-3.3791,-3.2934,-2.7549,-1.8116,-0.9514,0.24456,1.3756,2.3791,3.03,3.7512,4.3071,4.6168,4.8862,4.9987,4.9782,4.8178,4.4969,4.0192,3.5613,2.8348,2.0036,1.3536,0.56298,0.021792,-0.09982,0.17308,0.8215,1.6598,2.3175,3.1259,3.8157,4.2393,4.6781,4.9683,5.1157,5.1347,5.0462,4.8279,4.5856,4.1611,3.6434,3.2012,2.5584,1.8857,1.213,0.7324,0.16402,-0.30082,-0.58356,-0.86893,-1.0556,-1.139,-1.1814,-1.151,-1.0261,-0.87331,-0.59245,-0.2404,0.065029,0.48469,0.90231,1.3083,1.5879,1.929,2.2428,2.4616,2.7488,3.0398,3.2734,3.6002,3.9601,4.3556,4.6708,5.1039,5.5365,5.8505,6.2454,6.6009,6.8355,7.1033,7.3134,7.4638,7.5382,7.5844,7.5695,7.5117,7.3679,7.1381,6.8144,6.5051,6.0049,5.3875,4.8441,3.9883,2.9865,2.15,1.0462,0.32493,0.57072,1.5361,3.4689,5.6308,7.216,9.201,11.023,12.289,13.854,15.295,16.622,17.549,18.699,19.753,20.483,21.378,22.184,22.902,23.383,23.945,24.419,24.716,25.034,25.263,25.376,25.447,25.428,25.318,25.176,24.907,24.545,24.214,23.691,23.074,22.549,21.765,20.883,19.901,19.096,17.928,16.644,15.599,14.082,12.403,10.529,8.9651,6.6033,3.8084,1.3026,-2.8045,-7.3757,-8.1891,-5.0203,-2.0098,0.16922,1.4289,2.7794,3.8892,4.6096,5.4688,6.2547,6.8093,7.5095,8.1636,8.7598,9.1592,9.6234,9.9971,10.218,10.429,10.563,10.607
-0.381,0.040859,0.50262,0.8458,1.0347,1.2063,1.3076,1.34,1.3296,1.275,1.1754,1.0752,0.91907,0.7453,0.61447,0.44146,0.27708,0.16326,0.0026442,-0.14137,-0.28189,-0.3995,-0.58498,-0.80942,-1.0454,-1.4532,-1.9895,-2.5005,-3.3325,-4.289,-5.1905,-5.5834,-5.4162,-4.3718,-3.2567,-1.6639,-0.19202,1.0753,1.8755,2.7592,3.4407,3.8402,4.2373,4.4939,4.6127,4.6952,4.7011,4.6561,4.6045,4.5294,4.4718,4.4453,4.4437,4.4906,4.5601,4.6801,4.8335,4.9999,5.1182,5.2487,5.3248,5.3332,5.2648,5.0785,4.7577,4.4177,3.8071,2.9945,2.2338,0.96901,-0.64548,-2.1606,-4.7548,-8.4271,-14.362,-23.217,-18.657,-12.239,-9.811,-7.9637,-7.1236,-7.0187,-7.5106,-8.899,-11.612,-15.371,-25.858,-15.563,-10.336,-6.0104,-3.0046,-0.76643,0.58013,2.0616,3.2621,4.0162,4.8691,5.5694,6.0105,6.5013,6.8932,7.1928,7.3643,7.5216,7.6032,7.6093,7.5522,7.4215,7.2782,7.0305,6.726,6.3877,6.1241,5.7801,5.4699,5.2761,5.0863,4.9775,4.962,4.9914,5.0816,5.2026,5.305,5.44,5.5824,5.7131,5.9334,6.2275,6.622,6.9922,7.5954,8.3288,8.964,9.9198,10.98,11.828,13.008,14.216,15.424,16.317,17.471,18.566,19.341,20.304,21.179,21.958,22.478,23.081,23.577,23.879,24.187,24.385,24.46,24.462,24.351,24.127,23.885,23.462,22.925,22.448,21.713,20.866,20.158,19.123,17.986,16.756,15.78,14.421,13.016,11.95,10.545,9.1964,7.9519,7.1115,6.1407,5.3705,4.9367,4.5527,4.4007,4.4233,4.6085,4.9308,5.3439,5.6987,6.2216,6.7887,7.2306,7.8252,8.406,8.8265,9.3566,9.8397,10.277,10.563,10.88,11.113,11.228,11.293,11.249,11.095
-0.093941,-0.055609,-0.084689,-0.16287,-0.24317,-0.33927,-0.38102,-0.3619,-0.28896,-0.16646,-0.032413,0.058471,0.11638,0.10687,0.037857,-0.14722,-0.44461,-0.73023,-1.1658,-1.5662,-1.8188,-1.8787,-1.7196,-1.2689,-0.79952,-0.10016,0.64825,1.1845,1.816,2.4086,2.9492,3.3377,3.8503,4.323,4.6743,5.1111,5.4826,5.7681,5.9154,5.9893,5.9211,5.7664,5.4213,4.903,4.4222,3.6996,2.9356,2.2654,1.9215,1.7939,2.0602,2.4549,3.137,3.8901,4.4394,5.1018,5.6682,6.1405,6.424,6.7132,6.9064,6.983,6.994,6.9022,6.7036,6.4814,6.093,5.5987,5.1654,4.5224,3.8215,3.2764,2.5597,1.9281,1.4481,1.2166,1.0955,1.1658,1.2957,1.5377,1.7697,1.919,2.0954,2.2549,2.4355,2.6265,2.9707,3.464,3.9333,4.6672,5.4801,6.3132,6.9235,7.6881,8.3677,8.8136,9.3264,9.7409,9.9876,10.233,10.382,10.436,10.408,10.279,10.037,9.772,9.2955,8.6655,8.0706,7.0848,5.8297,4.2244,2.7086,0.11552,-3.3543,-6.3615,-7.5911,-4.2429,-1.0532,0.75021,2.5481,3.8398,4.5469,5.2069,5.608,5.7724,5.8349,5.7212,5.4242,5.0895,4.5029,3.8829,3.561,3.7369,4.9112,6.341,8.5731,10.835,12.956,14.427,16.215,17.815,18.896,20.188,21.316,22.287,22.917,23.628,24.193,24.523,24.84,25.017,25.059,24.993,24.79,24.448,24.101,23.517,22.791,22.154,21.175,20.045,19.093,17.677,16.075,14.266,12.751,10.48,7.8613,5.6213,2.2438,-1.2145,-3.0112,-2.42,-0.70366,0.8348,1.6918,2.5197,3.0887,3.3988,3.7318,4.0298,4.3437,4.6225,5.1304,5.815,6.4344,7.3612,8.3414,9.0745,10.003,10.849,11.592,12.075,12.617,13.032,13.262,13.452,13.502,13.412
-0.59971,-1.3305,-2.5135,-4.0052,-5.4533,-7.9199,-10.603,-11.155,-8.7728,-5.7101,-3.2542,-1.8852,-0.5609,0.25642,0.57692,0.62794,0.21237,-0.42337,-1.8069,-4.0096,-7.4483,-11.062,-11.614,-6.2997,-3.1233,-0.028083,2.2756,3.6404,5.1447,6.355,7.3387,7.9499,8.6349,9.1848,9.5064,9.8216,9.9989,10.023,9.94,9.6792,9.2187,8.7337,7.8549,6.661,5.5105,3.558,0.93015,-2.6067,-5.6143,-6.4694,-3.0898,-0.67171,1.7156,3.4172,4.3781,5.3369,6.0195,6.5268,6.7983,7.0591,7.2317,7.3031,7.3483,7.3415,7.2796,7.195,7.0318,6.808,6.5975,6.2865,5.9358,5.6599,5.301,4.9884,4.7503,4.6416,4.6201,4.7585,4.9722,5.3867,5.9108,6.3479,6.9653,7.5945,8.2121,8.6636,9.2404,9.7807,10.157,10.635,11.063,11.435,11.683,11.943,12.137,12.237,12.311,12.328,12.301,12.225,12.113,11.973,11.851,11.665,11.447,11.251,10.928,10.519,10.143,9.5243,8.779,7.9028,7.1769,6.1923,5.3174,4.8547,4.6124,4.8083,5.2893,5.7177,6.2744,6.7038,6.927,7.0994,7.1444,7.1142,6.9853,6.7225,6.2908,5.8481,5.0828,4.1331,3.3989,2.7499,3.2905,4.7094,7.3194,10.039,12.543,14.239,16.262,18.038,19.223,20.624,21.833,22.86,23.516,24.243,24.803,25.115,25.39,25.504,25.484,25.32,25,24.524,24.067,23.326,22.44,21.681,20.551,19.292,18.267,16.797,15.214,13.522,12.183,10.321,8.4056,6.9892,5.297,4.101,3.623,3.6679,3.9969,4.3968,4.5911,4.6251,4.3249,3.8457,2.8184,1.1536,-1.6469,-5.2973,-16.403,-7.2822,-1.622,2.8933,5.9652,7.7449,9.6493,11.163,12.377,13.126,13.944,14.574,14.935,15.289,15.505,15.597
-11.509,-10.25,-8.7402,-7.8215,-7.5173,-7.3759,-7.2269,-6.8705,-5.9319,-4.5932,-3.1826,-2.204,-1.101,-0.26637,0.17572,0.54088,0.69359,0.69488,0.58828,0.41779,0.2662,0.21925,0.33527,0.68007,1.0738,1.7273,2.468,3.0518,3.8395,4.5917,5.309,5.8011,6.3889,6.895,7.194,7.5016,7.6952,7.7671,7.7371,7.5861,7.299,6.9974,6.4807,5.8554,5.3289,4.5769,3.8115,3.1116,2.6683,2.2188,1.9094,1.7522,1.5646,1.3333,1.1175,0.74409,0.26267,-0.26724,-0.68174,-1.1365,-1.4047,-1.4351,-1.2803,-0.99622,-0.65571,-0.43967,-0.19609,-0.080307,-0.097842,-0.26604,-0.63307,-1.033,-1.7945,-2.8423,-4.2646,-5.5114,-7.1015,-7.536,-6.5251,-4.1705,-1.748,-0.13597,1.718,3.2615,4.5423,5.3472,6.2423,6.9647,7.3909,7.8268,8.1118,8.2401,8.2401,8.1013,7.8105,7.4964,6.9426,6.2478,5.6494,4.805,4.0056,3.3967,3.1576,3.1828,3.5323,3.9084,4.4493,4.9579,5.2685,5.5712,5.7521,5.813,5.7926,5.6982,5.5353,5.3935,5.1551,4.8682,4.5235,4.2075,3.6975,3.0531,2.4918,1.6784,0.86922,0.33019,-0.17793,-0.34271,-0.14205,0.24113,0.93921,1.7371,2.3757,3.2714,4.2682,5.1119,6.372,7.7557,9.2205,10.332,11.795,13.199,14.192,15.419,16.517,17.47,18.084,18.76,19.268,19.535,19.736,19.757,19.652,19.35,18.861,18.184,17.551,16.54,15.349,14.339,12.853,11.236,9.9676,8.268,6.6604,5.2615,4.4115,3.5595,3.0142,2.7624,2.5969,2.5809,2.67,2.775,2.9243,3.085,3.1919,3.2758,3.217,3.0636,2.7679,2.442,2.1429,1.9911,2.0028,2.3808,2.9114,3.8468,4.8888,5.6603,6.6194,7.4696,8.2024,8.6689,9.1927,9.6024,9.8417,10.081,10.239,10.318
-4.7611,-4.4298,-3.7729,-3.0729,-2.5889,-1.9912,-1.4437,-1.0635,-0.55859,-0.049446,0.43662,0.77412,1.1733,1.4959,1.6671,1.8041,1.8345,1.7753,1.589,1.299,0.92309,0.58636,0.10825,-0.40067,-0.71438,-1.0111,-1.0525,-0.85241,-0.28922,0.50941,1.4296,2.114,2.9607,3.6881,4.1381,4.6144,4.9258,5.1016,5.1433,5.0848,4.9215,4.741,4.4411,4.0804,3.7908,3.3801,2.9486,2.505,2.1501,1.6502,1.0817,0.59713,-0.19492,-1.1905,-2.1166,-3.6972,-5.7864,-8.6585,-11.689,-18.199,-26.177,-18.836,-13.534,-10.712,-9.0516,-8.2058,-7.3703,-6.7575,-6.3639,-5.9792,-5.705,-5.6257,-5.739,-6.0992,-6.7614,-7.3758,-8.1434,-8.252,-7.4965,-5.688,-3.5931,-2.1105,-0.35839,1.123,2.3489,3.1085,3.9323,4.5595,4.9018,5.2024,5.3174,5.2475,5.0678,4.6336,3.9685,3.2971,2.1327,0.58205,-0.91168,-3.5479,-7.47,-14.704,-26.298,-12.505,-6.8787,-4.3554,-1.9965,-0.30505,0.6661,1.6788,2.4437,3.0077,3.3147,3.5969,3.7129,3.7035,3.5579,3.2355,2.7249,2.1943,1.2505,-0.041336,-1.301,-3.5165,-6.7604,-10.428,-18.885,-16.474,-10.159,-7.443,-5.0186,-3.4545,-2.6121,-1.765,-1.043,-0.45154,0.51289,1.7358,3.1934,4.3857,6.0169,7.6113,8.741,10.126,11.353,12.403,13.069,13.792,14.324,14.595,14.782,14.766,14.616,14.229,13.618,12.767,11.963,10.653,9.0457,7.6136,5.3567,2.6026,0.10236,-4.0948,-9.984,-16.832,-14.23,-9.6342,-6.9642,-5.6219,-4.2681,-3.1952,-2.2756,-1.6495,-0.90822,-0.26022,0.19413,0.73766,1.1962,1.4712,1.7334,1.9329,2.1048,2.2255,2.3957,2.5662,2.7044,2.9224,3.1516,3.3222,3.5144,3.6523,3.7294,3.7445,3.7159,3.6506,3.5875,3.5119,3.4539,3.4224
1.1004,0.90626,0.7313,0.64699,0.62436,0.63963,0.71203,0.7974,0.94487,1.1317,1.346,1.5162,1.7296,1.9075,2.006,2.0536,1.9943,1.8546,1.5228,0.99245,0.22449,-0.56436,-1.9553,-3.933,-5.986,-10.256,-19.551,-23.074,-11.185,-6.3628,-3.4333,-1.883,-0.36731,0.68935,1.2353,1.7156,1.9402,1.9564,1.8335,1.541,1.1265,0.76002,0.25292,-0.20574,-0.49264,-0.74274,-0.85723,-0.87898,-0.87124,-0.88729,-0.99598,-1.1633,-1.535,-2.1165,-2.7048,-3.7016,-4.936,-6.3372,-7.4161,-8.75,-9.7704,-10.327,-10.965,-11.767,-13.082,-14.54,-17.092,-18.459,-16.853,-13.431,-10.566,-8.9081,-7.2462,-6.0303,-5.111,-4.5502,-3.8931,-3.2679,-2.7913,-2.1148,-1.4082,-0.86345,-0.15533,0.52969,1.1392,1.5521,2.0275,2.4078,2.6168,2.7769,2.7923,2.6559,2.4433,2.0131,1.4048,0.82368,-0.10621,-1.1825,-2.0702,-3.2839,-4.419,-5.2832,-5.6489,-5.6799,-5.2798,-4.7836,-3.9808,-3.1066,-2.4414,-1.5803,-0.76449,-0.025449,0.46537,1.0262,1.4641,1.6999,1.8894,1.9183,1.7714,1.5554,1.1112,0.50021,-0.046997,-0.87155,-1.7059,-2.2532,-2.8287,-3.2329,-3.4622,-3.5373,-3.6757,-4.073,-4.6346,-5.8879,-8.0731,-10.839,-18.249,-15.943,-7.8726,-4.2274,-0.74511,1.8583,3.4427,5.1917,6.6181,7.7808,8.4985,9.274,9.8515,10.16,10.408,10.461,10.37,10.061,9.5301,8.7653,8.0324,6.8214,5.3377,4.0386,2.0463,-0.22496,-2.0876,-4.6491,-7.0592,-9.012,-10.101,-11.215,-12.118,-12.569,-12.435,-11.197,-9.3315,-7.8559,-6.0544,-4.5648,-3.6808,-2.7623,-2.0417,-1.6044,-1.1844,-0.93568,-0.81449,-0.77774,-0.76959,-0.79738,-0.8431,-0.92516,-1.0247,-1.1244,-1.3179,-1.6255,-2.1046,-2.6123,-3.5031,-4.6348,-5.5689,-6.7031,-7.3041,-7.0192
1.5301,1.1583,0.66768,0.17189,-0.19114,-0.64786,-1.0456,-1.2538,-1.389,-1.3137,-1.0312,-0.70386,-0.17953,0.37455,0.77341,1.2234,1.5536,1.6981,1.7537,1.6301,1.3177,0.95719,0.31976,-0.46803,-1.1033,-1.8868,-2.4092,-2.5226,-2.2759,-1.7227,-1.0833,-0.64932,-0.20061,0.052546,0.11451,0.011288,-0.31938,-0.86571,-1.4287,-2.4114,-3.7202,-4.9583,-7.0171,-9.5078,-11.237,-11.608,-9.5563,-7.15,-5.648,-4.0959,-3.0038,-2.4366,-1.9612,-1.7587,-1.7605,-1.9428,-2.2982,-2.781,-3.2082,-3.8533,-4.5673,-5.1495,-6.0371,-7.0556,-8.1949,-9.1067,-10.142,-10.483,-10.106,-8.938,-7.4892,-6.4487,-5.2422,-4.2413,-3.4744,-3.0306,-2.5872,-2.284,-2.1285,-2.0118,-1.9699,-1.9595,-1.946,-1.8709,-1.7111,-1.5106,-1.1685,-0.78037,-0.49136,-0.17324,0.029705,0.066856,-0.026953,-0.32517,-0.8288,-1.3478,-2.1957,-3.2144,-4.0783,-5.2904,-6.518,-7.6446,-8.367,-9.0479,-9.3757,-9.3888,-9.1108,-8.5565,-7.9655,-6.9379,-5.7384,-4.4576,-3.5052,-2.3229,-1.2938,-0.63778,0.067426,0.58137,0.91691,1.0564,1.1173,1.0584,0.94582,0.73036,0.48245,0.27558,-0.026178,-0.33454,-0.6028,-0.81546,-1.171,-1.6183,-2.0036,-2.5975,-3.2656,-3.7247,-4.0105,-3.6997,-2.8665,-2.0391,-0.84557,0.32631,1.1429,2.1219,2.9749,3.7302,4.2486,4.8866,5.4655,5.8465,6.267,6.5542,6.6659,6.6554,6.4419,6.0145,5.5465,4.721,3.6804,2.762,1.3649,-0.2052,-1.4807,-3.2807,-5.193,-7.2116,-8.8238,-11.226,-13.955,-16.088,-17.576,-15.705,-12.686,-10.708,-8.5439,-6.793,-5.7498,-4.766,-4.2007,-3.9891,-3.958,-4.2404,-4.8134,-5.4004,-6.2894,-7.0961,-7.5001,-7.6293,-7.3517,-7.0326,-6.6513,-6.4869,-6.6769,-7.0959,-8.1267,-9.8493,-11.709,-15.095,-17.703,-15.488
-0.61096,-1.1085,-1.8736,-2.7962,-3.6386,-5.0204,-6.7919,-8.3627,-10.49,-11.172,-9.3074,-7.2897,-4.8069,-2.7853,-1.5471,-0.21406,0.80933,1.4135,2.0235,2.4252,2.6549,2.7203,2.7082,2.6057,2.4859,2.2864,2.0639,1.898,1.6686,1.414,1.1146,0.83372,0.36972,-0.21661,-0.7384,-1.5278,-2.4003,-3.3171,-4.0346,-4.992,-6.0344,-6.913,-8.2543,-9.6767,-10.462,-10.315,-8.7423,-6.6789,-5.2687,-3.6728,-2.4568,-1.7589,-1.0941,-0.68317,-0.50877,-0.4136,-0.46127,-0.61822,-0.78677,-1.0716,-1.3844,-1.6369,-1.9817,-2.3194,-2.6159,-2.7989,-2.972,-3.0166,-2.9696,-2.7919,-2.5444,-2.3426,-2.082,-1.8689,-1.7404,-1.7375,-1.8574,-2.1542,-2.5364,-3.2688,-4.3087,-5.3287,-7.0206,-8.9028,-10.156,-9.8847,-8.1778,-6.1849,-4.9076,-3.5667,-2.6483,-2.1187,-1.9591,-2.0405,-2.4563,-2.9828,-3.9913,-5.3861,-6.7324,-8.9994,-11.979,-15.97,-19.561,-22.368,-20.46,-19.093,-18.587,-19.583,-20.888,-19.65,-14.89,-10.714,-8.2441,-5.6679,-3.7148,-2.5725,-1.4169,-0.60254,-0.070944,0.16973,0.30996,0.299,0.22378,0.077691,-0.075739,-0.18041,-0.27009,-0.27174,-0.23038,-0.21531,-0.22335,-0.24231,-0.27597,-0.36297,-0.4744,-0.54785,-0.61647,-0.67497,-0.73823,-0.79918,-0.90321,-1.0741,-1.272,-1.6191,-2.0233,-2.303,-2.269,-1.753,-0.75302,0.16007,1.3794,2.4377,3.0756,3.6821,4.0074,4.0538,3.9101,3.485,2.8012,2.1302,1.0306,-0.28533,-1.4078,-3.0611,-4.836,-6.6459,-7.9435,-9.3917,-10.301,-10.546,-10.273,-9.5295,-8.4737,-7.6012,-6.5181,-5.6474,-5.0918,-4.5053,-4.2287,-4.2797,-4.6954,-5.5433,-6.9482,-8.5218,-11.617,-16.724,-23.694,-21.56,-14.628,-11.828,-9.5166,-8.1605,-7.4307,-7.1682,-7.0928,-7.2428,-7.4202,-7.6228,-7.6457,-7.4779
-4.9986,-5.2316,-5.5598,-5.9778,-6.4226,-7.2548,-8.4716,-9.6072,-11.078,-11.423,-9.8643,-8.0622,-5.6982,-3.6572,-2.3712,-0.92518,0.24677,0.96985,1.7537,2.3529,2.7965,3.0398,3.2604,3.3576,3.358,3.268,3.0801,2.8734,2.4917,1.9751,1.3059,0.67181,-0.3619,-1.6889,-2.9059,-4.8875,-7.3106,-9.9274,-11.339,-11.276,-9.7211,-8.4345,-6.9504,-5.7721,-5.0152,-4.0902,-3.2018,-2.3638,-1.7877,-1.128,-0.618,-0.34256,-0.13544,-0.085605,-0.14532,-0.31239,-0.55229,-0.80764,-0.97972,-1.159,-1.2764,-1.3216,-1.3394,-1.3415,-1.331,-1.3368,-1.342,-1.3655,-1.3872,-1.4091,-1.4167,-1.4352,-1.4444,-1.4674,-1.5285,-1.6188,-1.8403,-2.2068,-2.6249,-3.4021,-4.5202,-5.6218,-7.5071,-9.7081,-11.282,-11.02,-9.0747,-6.9137,-5.577,-4.2214,-3.3094,-2.7665,-2.5739,-2.5745,-2.8574,-3.2335,-3.9886,-5.0185,-5.9884,-7.5613,-9.3997,-11.329,-12.555,-13.464,-13.488,-13.271,-13.095,-13.064,-12.926,-12.062,-10.23,-7.9833,-6.3731,-4.509,-3.0412,-2.1887,-1.3926,-0.9523,-0.85604,-0.99083,-1.4485,-2.1826,-2.8725,-3.8564,-4.6903,-4.9912,-4.795,-4.0803,-3.2107,-2.6142,-1.9145,-1.355,-1.0794,-0.86484,-0.78389,-0.8069,-0.97006,-1.2805,-1.692,-2.0561,-2.6583,-3.4837,-4.3427,-5.9498,-8.4385,-12.857,-19.94,-19.014,-9.8414,-6.2386,-3,-0.78344,0.44341,1.6255,2.3907,2.7853,2.8673,2.7146,2.2686,1.7484,0.80574,-0.43685,-1.5828,-3.4518,-5.8176,-8.9498,-12.16,-19.219,-31.223,-19.112,-13.12,-9.8044,-7.6117,-6.3269,-4.9255,-3.9239,-3.433,-3.006,-2.7939,-2.8046,-3.0467,-3.5091,-4.1822,-4.8188,-5.7564,-6.5897,-7.0054,-7.2336,-7.1609,-6.961,-6.6265,-6.3377,-6.1672,-6.1181,-6.1407,-6.2307,-6.3139,-6.4078,-6.4774,-6.4665
-14.028,-12.133,-9.8734,-8.2535,-7.4063,-6.6427,-6.1476,-5.8677,-5.4908,-5.0375,-4.4494,-3.8974,-3.0812,-2.2008,-1.5369,-0.68594,0.11458,0.66897,1.323,1.8904,2.3649,2.6496,2.931,3.1077,3.1767,3.1824,3.0721,2.9239,2.6155,2.179,1.5825,1.0141,0.065269,-1.1452,-2.2596,-4.0773,-6.2875,-8.6131,-9.7532,-9.2549,-7.2507,-5.6439,-3.8016,-2.3297,-1.4244,-0.44666,0.315,0.87231,1.1662,1.3814,1.3768,1.2299,0.82371,0.16292,-0.50451,-1.6159,-2.8803,-4.088,-4.7289,-4.9565,-4.5107,-3.937,-3.1509,-2.505,-2.0818,-1.9031,-1.8428,-1.9691,-2.1542,-2.4847,-2.8309,-3.0342,-3.1675,-3.1169,-2.8919,-2.6537,-2.3183,-2.0315,-1.8913,-1.8234,-1.8901,-2.0096,-2.2257,-2.4257,-2.5436,-2.5371,-2.421,-2.2387,-2.0853,-1.9303,-1.8702,-1.9271,-2.0221,-2.2082,-2.4382,-2.6248,-2.8886,-3.1421,-3.3391,-3.6094,-3.8524,-4.0432,-4.1419,-4.1724,-4.09,-3.9367,-3.6633,-3.2973,-2.9514,-2.4045,-1.7674,-1.0848,-0.57967,0.036405,0.52212,0.76132,0.88858,0.75109,0.30195,-0.27078,-1.4088,-3.1099,-4.8994,-8.3895,-14.573,-22.781,-14.476,-8.7825,-5.742,-4.2407,-2.8293,-1.9615,-1.6039,-1.4305,-1.5442,-1.8035,-2.3403,-3.0065,-3.6822,-4.1591,-4.6985,-5.0614,-5.2402,-5.3666,-5.4091,-5.3363,-5.097,-4.3654,-3.1944,-2.1563,-0.75929,0.50997,1.3229,2.1907,2.8027,3.1607,3.2736,3.2247,2.9451,2.5992,1.956,1.119,0.36771,-0.77963,-2.0713,-3.4099,-4.3636,-5.3572,-5.7721,-5.6435,-5.0156,-4.1163,-3.1896,-2.5744,-1.8593,-1.2309,-0.8622,-0.55419,-0.42057,-0.41133,-0.52343,-0.77348,-1.1123,-1.4056,-1.8757,-2.3881,-2.7641,-3.2429,-3.7033,-4.0588,-4.5432,-5.0531,-5.5932,-6.0389,-6.6742,-7.323,-7.8133,-8.4155,-8.8964,-9.1332
-10.368,-9.1142,-7.3356,-5.8516,-5.0059,-4.1872,-3.6214,-3.3499,-3.0956,-2.9357,-2.7972,-2.6792,-2.4555,-2.122,-1.777,-1.2191,-0.57676,-0.064546,0.59647,1.2074,1.7172,2.0353,2.3692,2.608,2.73,2.8232,2.8558,2.8364,2.7629,2.636,2.4449,2.2623,1.9579,1.5988,1.3018,0.91421,0.59176,0.42509,0.43409,0.6762,1.1511,1.6196,2.3108,3.0108,3.5058,4.0908,4.5432,4.8447,4.9545,4.9276,4.674,4.3042,3.5355,2.3925,1.2232,-0.91229,-4.0142,-8.9838,-15.109,-14.306,-7.9063,-5.2044,-2.9884,-1.7313,-1.1281,-1.0312,-1.2916,-1.9972,-2.8262,-4.3906,-6.4863,-8.3255,-10.231,-9.5503,-7.091,-5.2385,-3.1903,-1.6272,-0.70046,0.24463,0.91898,1.2814,1.6104,1.7821,1.8201,1.7712,1.5913,1.2707,0.92595,0.31668,-0.47945,-1.4367,-2.2181,-3.2077,-3.8534,-3.9578,-3.5427,-2.7337,-2.0435,-1.1326,-0.31487,0.39304,0.86036,1.4162,1.9148,2.2598,2.7007,3.1168,3.4145,3.7891,4.1345,4.4412,4.6351,4.8224,4.915,4.9054,4.7714,4.4824,4.0231,3.5619,2.7852,1.8511,1.0818,0.072103,-0.73503,-1.0989,-1.144,-0.84918,-0.40793,-0.043792,0.34697,0.46259,0.38271,0.024947,-0.70597,-1.5074,-2.9512,-4.9685,-7.853,-10.573,-13.104,-10.912,-8.3308,-5.5565,-3.5095,-1.9455,-0.9515,0.20637,1.2243,1.9157,2.7453,3.4597,3.9118,4.3888,4.7135,4.8915,4.9231,4.8362,4.6213,4.3779,3.9584,3.4501,3.033,2.4541,1.8868,1.3741,1.0611,0.75619,0.60327,0.5953,0.70906,0.92244,1.2319,1.4788,1.7338,1.9284,2.0691,2.2017,2.2225,2.1815,2.04,1.7843,1.432,1.125,0.65045,0.077357,-0.42117,-1.155,-1.9541,-2.612,-3.5889,-4.6792,-5.8574,-6.8092,-8.1795,-9.6949,-10.981,-12.915,-15.25,-17.736
-0.85587,-0.68718,-0.44514,-0.2255,-0.1285,-0.12156,-0.28629,-0.53856,-1.0898,-1.8632,-2.8565,-3.7013,-4.7827,-5.4279,-5.3027,-4.3279,-2.9003,-1.8417,-0.58074,0.39007,1.0872,1.4236,1.682,1.7774,1.7853,1.7633,1.7992,1.8807,2.0894,2.3728,2.6886,2.9313,3.2197,3.4883,3.6812,3.9433,4.2407,4.5999,4.9158,5.4031,5.971,6.4209,7.0442,7.6579,8.0985,8.6221,9.0533,9.3689,9.5124,9.5692,9.4542,9.244,8.7897,8.1307,7.5109,6.5522,5.5067,4.546,4.0056,3.6358,3.6169,3.735,3.8876,3.9036,3.6901,3.3497,2.6005,1.5178,0.4753,-1.2772,-3.4365,-5.2132,-6.8485,-6.2895,-4.0722,-2.2877,-0.16959,1.557,2.6299,3.7913,4.6911,5.2064,5.7004,5.9853,6.071,5.9979,5.714,5.1893,4.606,3.5434,2.0638,-0.019163,-2.2096,-6.6582,-16.844,-19.709,-7.5763,-2.8213,-0.54612,1.6517,3.265,4.5039,5.2603,6.1023,6.7905,7.2241,7.718,8.1296,8.3897,8.6833,8.9149,9.082,9.1644,9.215,9.1913,9.1213,8.9553,8.7074,8.3743,8.0706,7.6153,7.1122,6.728,6.2323,5.7896,5.5086,5.2118,4.9916,4.8665,4.7922,4.6252,4.3669,4.1222,3.6535,2.9765,2.3044,1.1367,-0.38352,-2.0945,-3.2366,-3.988,-3.2211,-1.9606,-0.15019,1.4295,2.7513,3.5855,4.5096,5.2403,5.6868,6.1689,6.5315,6.7236,6.8909,6.949,6.9107,6.8145,6.5948,6.2792,5.985,5.5344,5.0329,4.6421,4.1487,3.7283,3.4205,3.2741,3.2129,3.2798,3.3881,3.6042,3.8302,4.0444,4.2132,4.4302,4.5427,4.5705,4.578,4.516,4.4226,4.2364,3.9708,3.5915,3.2379,2.6958,2.047,1.462,0.53983,-0.55199,-1.4933,-2.9276,-4.589,-6.4788,-7.9958,-10.047,-11.956,-13.153,-14.504,-15.775,-16.911
3.9115,3.9621,3.9067,3.6741,3.3985,2.8791,2.1772,1.5066,0.39187,-1.0633,-3.0177,-5.051,-8.9939,-15.694,-16.284,-9.2366,-4.9964,-2.9181,-1.0739,0.032198,0.50567,0.52025,0.09133,-0.81275,-1.7796,-3.1872,-4.0558,-3.8432,-2.5884,-1.046,0.32857,1.1444,1.9859,2.6233,3.0144,3.5002,4.0277,4.6648,5.2343,6.0948,7.0228,7.7438,8.7026,9.6342,10.275,11.057,11.733,12.299,12.639,12.977,13.186,13.255,13.241,13.101,12.93,12.621,12.256,11.859,11.554,11.145,10.722,10.384,9.874,9.2567,8.5098,7.8562,6.8496,5.7063,4.7899,3.5975,2.5214,1.9167,1.485,1.6021,2.215,2.9098,3.9965,5.1478,5.9691,6.9625,7.8077,8.3262,8.8631,9.2148,9.3849,9.3797,9.2083,8.8466,8.4445,7.7248,6.8131,5.7393,4.8904,3.8378,3.1549,3.0541,3.4958,4.3668,5.1356,6.1615,7.1052,7.9439,8.5062,9.1576,9.7117,10.062,10.454,10.757,10.935,11.109,11.214,11.268,11.276,11.251,11.182,11.105,10.963,10.76,10.502,10.265,9.8851,9.4472,9.083,8.5631,8.0331,7.6641,7.2194,6.8937,6.6904,6.5804,6.4824,6.4853,6.4849,6.425,6.3186,6.1795,5.9073,5.6434,5.4502,5.3407,5.3077,5.5031,5.7708,6.1848,6.6325,7.064,7.3366,7.6097,7.7718,7.8266,7.8093,7.7073,7.5866,7.3925,7.1749,6.9292,6.7167,6.3715,5.9121,5.4689,4.7393,3.8397,3.0744,2.0015,1.0665,0.55899,0.5904,1.0953,1.8832,2.5085,3.2456,3.8522,4.2483,4.4226,4.6189,4.75,4.7459,4.6672,4.5617,4.4394,4.2365,4.0206,3.7428,3.4491,2.9659,2.4026,1.8986,1.0452,-0.04804,-1.0373,-2.6527,-4.7345,-7.478,-10.169,-15.34,-25.615,-28.48,-18.373,-14.394,-11.806
4.9748,4.9045,4.58,4.0097,3.426,2.4976,1.4109,0.56941,-0.5256,-1.5075,-2.3332,-2.8021,-3.2498,-3.3222,-3.0837,-2.4178,-1.5349,-0.88852,-0.21868,0.096691,0.022886,-0.34679,-1.3511,-3.0965,-5.0151,-8.7122,-12.794,-11.844,-7.8376,-4.9852,-3.2273,-2.4577,-1.9682,-2.0157,-2.2742,-2.7482,-2.909,-2.3198,-1.2619,0.5861,2.5602,3.9667,5.6736,7.1675,8.1654,9.347,10.369,11.249,11.824,12.486,13.025,13.354,13.688,13.915,14.011,14.045,13.974,13.8,13.6,13.238,12.768,12.333,11.636,10.783,9.7508,8.8483,7.4596,5.8169,4.399,2.2427,-0.15421,-1.874,-3.1932,-2.4713,-0.51565,1.0339,2.9125,4.5005,5.5138,6.6511,7.5669,8.1258,8.7086,9.1233,9.3717,9.466,9.4626,9.3257,9.1469,8.8147,8.3884,7.9174,7.5575,7.1023,6.731,6.5232,6.37,6.3453,6.4199,6.6106,6.8993,7.2633,7.563,7.9649,8.337,8.5799,8.8288,8.9734,9.0084,8.9657,8.8391,8.6674,8.5317,8.3856,8.2945,8.2659,8.2543,8.241,8.1559,8.021,7.7107,7.2169,6.7147,5.8608,4.8169,3.939,2.7962,1.9454,1.6649,1.909,2.6941,3.6013,4.1916,4.8584,5.3592,5.6417,5.9457,6.1754,6.3272,6.4299,6.6086,6.7863,6.8966,7.0229,7.1106,7.1058,7.0101,6.7467,6.3101,5.86,5.0997,4.2067,3.5299,2.7273,2.2193,2.0339,2.0475,2.0968,1.993,1.7226,0.98225,-0.31501,-1.7749,-4.757,-10.094,-25.53,-14.602,-6.9802,-3.3576,-1.6838,-0.2427,0.58145,0.99907,1.0476,0.79112,0.43979,0.20228,-0.083517,-0.26568,-0.32517,-0.39096,-0.48231,-0.57421,-0.65456,-0.82693,-1.0569,-1.2352,-1.5225,-1.9552,-2.4363,-3.2849,-4.4159,-5.8562,-7.0863,-8.7622,-10.1,-10.677,-10.83,-10.563,-10.037
5.4366,5.0852,4.3044,3.1666,2.0501,0.15299,-2.2259,-4.338,-7.0728,-8.174,-6.8989,-5.4731,-3.7496,-2.3728,-1.5372,-0.63376,0.05037,0.43378,0.7663,0.88643,0.7767,0.51636,-0.026569,-0.74199,-1.3458,-2.1529,-2.7283,-2.9905,-3.127,-3.1854,-3.3665,-3.699,-4.5085,-5.9014,-7.5171,-10.934,-17.774,-19.708,-12.242,-6.6866,-3.0394,-0.96554,1.2971,3.1106,4.2863,5.6507,6.8547,7.9233,8.6666,9.5865,10.433,11.016,11.704,12.281,12.629,12.972,13.164,13.199,13.122,12.877,12.468,12.052,11.345,10.466,9.3921,8.4517,6.9868,5.238,3.6767,1.1772,-1.9589,-4.6976,-7.348,-5.618,-2.4427,-0.47495,1.5689,3.1013,4.0144,4.9891,5.7492,6.196,6.6738,7.0249,7.2778,7.4101,7.5079,7.5024,7.442,7.2837,7.0372,6.7015,6.3864,5.8927,5.3159,4.8311,4.1331,3.4262,2.9291,2.4425,2.2911,2.5317,2.922,3.5814,4.2172,4.6017,4.9107,4.9533,4.7981,4.3256,3.5722,2.6014,1.8541,1.0897,0.95605,1.2904,2.0966,2.9505,3.6068,3.9022,3.9987,3.709,3.2073,2.1042,0.33847,-1.6074,-5.6499,-14.305,-17.741,-8.8172,-3.6209,-0.88216,0.44707,1.6906,2.4623,2.8458,3.2115,3.4375,3.6143,3.8028,4.1143,4.4037,4.6187,4.8827,5.0315,4.9824,4.8028,4.3166,3.4743,2.5466,0.8115,-1.6992,-4.3759,-9.5827,-13.43,-8.6348,-5.6856,-3.2514,-1.9106,-1.3871,-1.2223,-1.5318,-2.0143,-2.8887,-3.7436,-4.195,-4.0546,-3.3611,-2.5041,-1.9877,-1.6083,-1.7428,-2.3275,-3.0379,-4.7197,-7.1511,-9.0274,-10.613,-10.108,-9.0283,-7.8198,-7.4355,-7.6706,-7.9613,-8.2425,-7.9918,-7.3857,-6.2484,-5.1538,-4.5603,-4.1105,-3.9695,-4.1388,-4.43,-5.0046,-5.7479,-6.4497,-7.615,-9.182,-11.642
5.6872,5.1088,4.089,2.7647,1.53,-0.48803,-3.0386,-5.3288,-8.4357,-9.5005,-7.5267,-5.7058,-3.6692,-2.1507,-1.2769,-0.4108,0.17917,0.45787,0.66334,0.68741,0.5358,0.34363,0.025318,-0.36858,-0.69226,-1.1145,-1.5688,-1.9067,-2.4143,-2.9907,-3.7009,-4.3427,-5.371,-6.5493,-7.4933,-8.6319,-9.3059,-9.2626,-8.6681,-7.3555,-5.737,-4.485,-2.9589,-1.6485,-0.80375,0.19335,1.0528,1.9719,2.7354,3.9129,5.2191,6.2218,7.4876,8.6006,9.3046,10.044,10.552,10.827,10.885,10.765,10.432,10.055,9.3927,8.5683,7.6116,6.8144,5.6765,4.5081,3.6211,2.4716,1.4513,0.84468,0.32594,0.22522,0.41678,0.69068,1.091,1.4648,1.6945,1.9264,2.0972,2.197,2.3366,2.5023,2.6897,2.8392,3.0311,3.1972,3.2719,3.3013,3.2293,3.0167,2.7528,2.2336,1.4577,0.67016,-0.75971,-2.7813,-4.8941,-8.7733,-12.376,-9.3828,-6.2088,-3.1571,-1.1699,-0.20904,0.52543,0.68841,0.44912,-0.39524,-1.9787,-4.5811,-7.6923,-16.082,-19.54,-10.569,-5.5216,-2.7136,-0.96017,-0.091206,0.60193,0.87672,0.82526,0.44373,-0.26923,-0.95805,-1.9624,-2.7338,-3.0046,-2.7252,-1.9842,-1.4162,-1.1197,-0.91096,-1.0538,-1.3495,-1.9785,-2.7004,-3.0949,-3.0051,-2.387,-1.3566,-0.48805,0.58,1.351,1.8174,1.9751,1.875,1.3791,0.7578,-0.41431,-1.9919,-3.3422,-5.0149,-5.8372,-5.487,-4.7741,-3.801,-3.0549,-2.6863,-2.3639,-2.2059,-2.1489,-2.0872,-2.0227,-1.9026,-1.7966,-1.6476,-1.5357,-1.5753,-1.7845,-2.3731,-3.4607,-4.4976,-6.4512,-9.4598,-12.013,-14.19,-13.117,-11.788,-10.783,-10.75,-12.251,-14.657,-20.917,-22.62,-15.561,-10.498,-7.5157,-5.9792,-4.5671,-3.7161,-3.2624,-3.1343,-3.2093,-3.5296,-3.9273,-4.6266,-5.5543,-6.6026
5.6401,5.0092,4.0331,2.9343,2.0557,0.84586,-0.2876,-1.0413,-1.7894,-2.1634,-2.1259,-1.8994,-1.4704,-1.0133,-0.72109,-0.43247,-0.30167,-0.31582,-0.4921,-0.84393,-1.2891,-1.6435,-2.0998,-2.479,-2.6932,-2.8914,-3.1008,-3.2835,-3.6182,-4.1432,-4.9241,-5.6649,-6.9169,-8.5121,-9.8818,-11.957,-13.852,-14.505,-13.788,-11.893,-9.9092,-8.5953,-7.2757,-6.4535,-6.2024,-6.4863,-7.4603,-8.8262,-8.9293,-6.3659,-2.7094,-0.2969,2.3456,4.3788,5.5634,6.76,7.56,8.0119,8.1325,8.0289,7.6402,7.1732,6.3416,5.3082,4.1577,3.2695,2.1601,1.2309,0.71596,0.25261,-0.029128,-0.16375,-0.29366,-0.42913,-0.62961,-0.83494,-1.2244,-1.7558,-2.2633,-3.0752,-3.9553,-4.5295,-5.0612,-5.1252,-4.7694,-4.3459,-3.7177,-3.1081,-2.7222,-2.2996,-2.0146,-1.836,-1.7885,-1.8774,-2.182,-2.593,-3.4281,-4.6538,-5.7862,-7.3248,-8.0677,-7.2987,-6.0694,-4.3368,-2.9617,-2.2114,-1.5818,-1.3684,-1.4791,-1.9559,-2.7697,-3.8368,-4.6644,-5.5456,-5.8247,-5.5885,-4.8385,-3.9365,-3.0741,-2.4922,-1.8021,-1.2397,-0.9034,-0.60164,-0.42096,-0.38229,-0.4179,-0.5292,-0.67267,-0.76346,-1.0618,-1.4822,-1.8861,-2.7525,-3.9899,-5.2964,-7.7826,-11.599,-19.704,-28.738,-13.934,-8.5654,-5.9926,-3.6127,-1.9612,-0.7919,-0.20868,0.23128,0.36037,0.27018,-0.06208,-0.5756,-1.0253,-1.6558,-2.2546,-2.7978,-3.1913,-3.6977,-4.1889,-4.5378,-4.8654,-4.946,-4.8053,-4.3748,-3.7647,-3.1141,-2.6512,-2.1496,-1.8074,-1.6561,-1.65,-1.7864,-2.2255,-2.7182,-3.3266,-4.1313,-4.6991,-5.2916,-5.7072,-5.9109,-6.2547,-6.5816,-7.0007,-7.3764,-7.6078,-7.3441,-6.8625,-5.8871,-4.8414,-4.1202,-3.2803,-2.6511,-2.2282,-2.022,-1.8942,-1.9114,-1.992,-2.1814,-2.4191,-2.642
6.095,5.3155,4.1873,2.9733,2.074,0.95892,0.033679,-0.47726,-0.88777,-0.96793,-0.82816,-0.61503,-0.2746,0.025444,0.18503,0.23208,0.033391,-0.29777,-1.0435,-2.1357,-3.5735,-4.8285,-6.4516,-7.2406,-6.982,-6.0316,-4.9741,-4.3931,-3.9848,-4.0192,-4.4484,-5.0725,-6.3061,-8.0678,-9.8126,-12.953,-17.147,-19.785,-17.462,-13.611,-10.762,-9.2573,-7.811,-6.9472,-6.737,-6.9905,-7.9062,-9.2148,-9.3738,-7.0293,-3.4723,-1.0382,1.5919,3.6322,4.8241,6.0123,6.791,7.1828,7.2363,6.9917,6.3804,5.663,4.3451,2.5531,0.22811,-1.8655,-4.8303,-6.6101,-6.2333,-4.6485,-3.1502,-2.3709,-1.733,-1.5486,-1.71,-2.0778,-2.8932,-4.1483,-5.4185,-7.6652,-10.845,-14.282,-20.495,-19.491,-14.506,-12.127,-10.137,-9.0225,-8.4676,-7.9193,-7.3174,-6.5602,-5.9148,-5.0568,-4.3061,-3.8701,-3.4712,-3.2536,-3.1488,-3.0562,-2.8787,-2.6005,-2.3207,-1.8713,-1.4592,-1.1971,-0.96263,-0.87726,-0.91885,-1.1247,-1.4716,-1.9628,-2.3753,-2.9915,-3.6369,-4.1107,-4.7304,-5.21,-5.3544,-5.0961,-4.2898,-3.1552,-2.2642,-1.164,-0.28528,0.20558,0.65811,0.85401,0.85692,0.66372,0.17502,-0.43699,-1.0965,-2.2668,-3.6456,-4.7826,-6.3617,-7.9087,-8.8448,-8.803,-8.0313,-6.4367,-5.0602,-3.3967,-1.9482,-0.75835,-0.086382,0.56774,0.98278,1.1223,1.1093,0.9049,0.61735,0.065729,-0.68099,-1.6445,-2.5668,-4.1229,-6.173,-8.141,-11.316,-13.393,-12.243,-9.1427,-6.4731,-4.4759,-3.3345,-2.1523,-1.3018,-0.82277,-0.41889,-0.15784,-0.0073768,-0.07149,-0.2067,-0.32863,-0.50347,-0.76678,-1.0351,-1.2211,-1.4627,-1.7587,-1.9565,-2.073,-2.1811,-2.1367,-2.0393,-1.8398,-1.5505,-1.3164,-1.0334,-0.76501,-0.54189,-0.42567,-0.30964,-0.25973,-0.25134,-0.28818,-0.34756,-0.44728
6.646,5.5007,3.7377,1.7338,0.11006,-2.0917,-3.961,-4.7474,-4.6246,-3.5445,-2.1471,-1.1225,0.059387,0.9889,1.4776,1.8262,1.8015,1.4957,0.66055,-0.77046,-3.0485,-5.5736,-10.608,-14.799,-10.939,-6.4294,-3.8034,-2.5843,-1.6608,-1.3245,-1.4611,-1.8239,-2.6138,-3.6626,-4.5632,-5.7503,-6.7807,-7.3681,-7.4332,-7.0714,-6.3663,-5.7339,-4.8106,-3.9239,-3.3053,-2.5048,-1.7445,-0.90198,-0.15128,1.043,2.4074,3.4597,4.8218,6.0187,6.7682,7.5487,8.055,8.2668,8.2319,7.8985,7.2241,6.4727,5.1108,3.2541,0.77027,-1.5524,-5.131,-7.3432,-6.4234,-4.0864,-2.2878,-1.4109,-0.78634,-0.64714,-0.94713,-1.4411,-2.413,-3.7531,-5.0116,-6.9603,-9.227,-10.898,-12.611,-13.084,-12.526,-12.063,-11.771,-12.249,-13.331,-15.841,-17.817,-14.588,-11.279,-7.8831,-5.4573,-4.1171,-2.8101,-1.9049,-1.4431,-1.0206,-0.78095,-0.63226,-0.56133,-0.50595,-0.42693,-0.35733,-0.2506,-0.14849,-0.098214,-0.086204,-0.20884,-0.50052,-0.86558,-1.5797,-2.6359,-3.7457,-5.966,-9.5647,-16.546,-19.627,-10.473,-5.4333,-2.9808,-0.64162,0.97125,1.8367,2.6167,3.0257,3.083,2.8971,2.4426,1.6007,0.73188,-0.63492,-2.4124,-3.9229,-6.1608,-8.1521,-8.8367,-8.3306,-6.7642,-4.7778,-3.4045,-1.8189,-0.43113,0.65514,1.3093,1.995,2.4457,2.6511,2.7747,2.7059,2.5313,2.1354,1.5091,0.62839,-0.22336,-1.6891,-3.5813,-5.3036,-7.748,-9.1393,-8.564,-6.5602,-4.5319,-2.8836,-1.9002,-0.84538,-0.0066237,0.5054,1.1093,1.5331,1.9303,2.1913,2.3472,2.4652,2.4877,2.4307,2.2735,2.0951,1.8202,1.4761,1.1197,0.88592,0.58566,0.35481,0.26104,0.19647,0.20138,0.24075,0.29377,0.33554,0.36544,0.38191,0.40013,0.43902,0.47597,0.5508,0.60681,0.62562
4.8204,3.3162,0.86541,-2.196,-4.9895,-9.7721,-16.919,-25.184,-16.919,-10.646,-6.5771,-4.2595,-1.8543,-0.068952,0.91972,1.8398,2.3506,2.4783,2.3428,1.8883,1.1959,0.63391,-0.053955,-0.41098,-0.40228,-0.13153,0.2584,0.47453,0.59743,0.47185,0.041124,-0.45079,-1.3225,-2.4087,-3.331,-4.6554,-6.0213,-7.2692,-7.9914,-8.4457,-8.2088,-7.5463,-6.3323,-4.9369,-3.8632,-2.4846,-1.1562,0.10104,1.0034,2.1559,3.2342,3.9844,4.9043,5.694,6.1901,6.6977,7.0205,7.1476,7.1091,6.8676,6.4055,5.9204,5.0872,4.0877,2.9729,2.137,1.1354,0.39698,0.067969,-0.15619,-0.27051,-0.34967,-0.59049,-1.0193,-1.7107,-2.4168,-3.586,-5.0216,-6.2211,-7.9239,-9.5132,-10.461,-11.279,-11.56,-11.433,-11.331,-11.392,-11.788,-12.427,-13.368,-13.642,-12.09,-10.214,-7.7558,-5.7765,-4.6309,-3.515,-2.8124,-2.5444,-2.4497,-2.6671,-3.1062,-3.5407,-4.1753,-4.626,-4.7447,-4.5456,-3.9996,-3.5041,-2.8849,-2.4049,-2.1093,-2.0685,-2.207,-2.6352,-3.1247,-3.9709,-4.9194,-5.504,-5.3377,-4.1867,-2.4798,-1.1718,0.35349,1.5584,2.249,2.8846,3.2048,3.2062,3.0421,2.565,1.6798,0.85657,-0.61549,-2.6279,-4.5993,-8.0173,-12.973,-16.188,-12.89,-8.6507,-5.6189,-4.0617,-2.4878,-1.3103,-0.5082,-0.04521,0.4122,0.7242,0.9097,1.0892,1.1989,1.2343,1.1863,0.99753,0.6512,0.29206,-0.32194,-1.0317,-1.5793,-2.226,-2.7161,-2.9339,-3.0181,-2.9802,-2.8736,-2.77,-2.6141,-2.3626,-2.0813,-1.5158,-0.83825,-0.21713,0.32295,0.93554,1.3105,1.5012,1.5911,1.4678,1.2152,0.70602,0.046373,-0.82137,-1.5107,-2.3507,-3.026,-3.2969,-3.3587,-3.2379,-3.1308,-3.0404,-3.1335,-3.4109,-3.664,-3.9871,-4.0822,-3.9498,-3.5175,-2.952,-2.4339
2.4458,0.99745,-1.4197,-4.4592,-7.3014,-12.09,-18.886,-24.266,-18.105,-12.254,-8.1461,-5.7171,-3.1773,-1.2307,-0.098211,1.0375,1.8154,2.2016,2.4899,2.5835,2.5344,2.4279,2.2576,2.0804,1.9428,1.7599,1.5406,1.3151,0.90933,0.33292,-0.43867,-1.1744,-2.3762,-3.8794,-5.2164,-7.3986,-10.131,-13.753,-17.482,-24.402,-21.472,-17.06,-12.91,-9.9773,-8.135,-6.0604,-4.2983,-2.7668,-1.7569,-0.5918,0.40458,1.0462,1.7559,2.34,2.69,3.056,3.304,3.4358,3.4496,3.3606,3.1325,2.8724,2.4055,1.8365,1.1908,0.67347,-0.00056505,-0.63032,-1.0698,-1.586,-2.0546,-2.4104,-2.9176,-3.5627,-4.4018,-5.1841,-6.5606,-8.3802,-10.129,-13.227,-17.59,-21.549,-21.96,-17.577,-14.519,-12.908,-11.453,-10.445,-9.868,-9.2699,-8.6373,-7.9181,-7.3373,-6.5509,-5.8498,-5.4282,-5.0747,-5.0008,-5.1469,-5.6746,-6.6143,-8.1314,-9.7459,-12.814,-17.425,-20.209,-16.752,-12.569,-10.384,-8.3692,-6.9815,-6.0172,-5.4708,-4.9307,-4.5292,-4.2769,-3.9353,-3.5756,-3.1162,-2.6915,-2.0069,-1.2499,-0.6593,0.075899,0.70426,1.0729,1.4039,1.5456,1.4974,1.3423,0.9043,0.35378,-0.21638,-1.1628,-2.2183,-3.0779,-4.1787,-5.1035,-5.5184,-5.574,-5.2575,-4.7825,-4.4772,-4.1139,-4.0036,-4.0797,-4.2446,-4.5669,-4.8075,-4.8327,-4.6005,-4.072,-3.5841,-2.9722,-2.4722,-2.1723,-2.085,-2.1292,-2.3632,-2.6304,-3.1099,-3.6951,-4.1988,-4.9797,-5.9198,-7.0776,-8.0861,-9.5713,-10.818,-11.055,-10.044,-8.026,-6.0243,-4.8352,-3.4409,-2.4778,-2.0111,-1.7165,-1.7883,-2.0846,-2.892,-4.156,-6.0799,-8.0697,-11.556,-15.525,-16.019,-13.048,-10.512,-9.385,-8.7336,-8.9457,-10.051,-11.589,-14.714,-17.952,-16.839,-12.86,-9.8298,-7.8717
1.739,0.82667,-0.67243,-2.4693,-3.9707,-6.0321,-7.741,-8.3404,-7.8558,-6.3962,-4.6406,-3.3814,-1.8821,-0.65251,0.11025,0.91614,1.5006,1.812,2.0826,2.2162,2.2439,2.2051,2.1036,1.9415,1.7874,1.5278,1.1798,0.86331,0.3231,-0.37339,-1.2445,-2.0407,-3.3304,-4.9007,-6.3008,-8.4784,-11.004,-13.824,-15.927,-18.035,-18.517,-17.768,-15.988,-13.699,-11.906,-9.717,-7.7714,-6.1519,-5.1749,-4.1126,-3.3325,-2.9073,-2.5069,-2.2619,-2.1295,-1.9651,-1.7761,-1.562,-1.4044,-1.2484,-1.202,-1.2744,-1.523,-1.9682,-2.5833,-3.1386,-3.9504,-4.7662,-5.3224,-5.8982,-6.2489,-6.4145,-6.557,-6.7336,-7.0567,-7.4594,-8.2666,-9.4133,-10.523,-12.353,-14.317,-15.413,-15.548,-14.235,-12.527,-11.417,-10.143,-9.1835,-8.6198,-8.0284,-7.5609,-7.1914,-6.9647,-6.7235,-6.5689,-6.528,-6.5875,-6.8131,-7.1076,-7.7304,-8.6517,-9.9194,-11.138,-13.037,-14.871,-15.581,-15.089,-13.665,-12.608,-11.472,-10.673,-10.087,-9.6618,-9.0427,-8.2377,-7.5446,-6.5688,-5.5544,-4.5935,-3.9138,-3.0961,-2.3785,-1.9269,-1.432,-1.0657,-0.87996,-0.74696,-0.73928,-0.84222,-1.0206,-1.3072,-1.6794,-2.0316,-2.4948,-2.9876,-3.3587,-3.8588,-4.2443,-4.6186,-4.8197,-5.0215,-5.3147,-5.5537,-6.0683,-6.8736,-8.0649,-9.3682,-11.797,-15.256,-17.728,-16.189,-12.291,-9.9942,-7.7848,-6.3073,-5.3592,-4.9359,-4.6855,-4.7403,-4.9617,-5.4652,-6.1806,-6.858,-7.973,-9.3491,-11.103,-12.808,-15.891,-20.499,-23.432,-18.677,-13.806,-10.451,-8.5084,-6.7507,-5.4207,-4.7297,-4.1972,-4.0684,-4.2236,-4.8076,-5.8761,-7.3727,-8.9049,-11.236,-13.233,-13.595,-12.486,-11.125,-10.363,-9.9431,-10.166,-11.021,-12.063,-13.749,-14.86,-14.5,-12.813,-10.959,-9.5657
1.8198,1.4708,0.88595,0.21011,-0.30799,-0.92395,-1.3831,-1.5746,-1.5997,-1.3831,-1.004,-0.67158,-0.21233,0.19699,0.45038,0.69983,0.84477,0.88801,0.86841,0.78171,0.64974,0.54742,0.39738,0.24307,0.12348,-0.059364,-0.2937,-0.51904,-0.91378,-1.4406,-2.1408,-2.7917,-3.8434,-5.1235,-6.2527,-8.0107,-10.056,-12.452,-14.579,-18.09,-23.016,-27.745,-24.302,-18.427,-15.341,-12.338,-10.192,-8.6424,-7.8114,-7.1106,-6.8471,-6.9264,-7.361,-8.1308,-8.7776,-9.4392,-9.3771,-8.5465,-7.6961,-6.6515,-5.9182,-5.6232,-5.5931,-6.0199,-6.8889,-7.8415,-9.569,-11.727,-13.395,-14.796,-14.27,-13.093,-11.521,-10.317,-9.5006,-9.1566,-8.93,-8.9537,-9.0773,-9.3091,-9.515,-9.6021,-9.554,-9.3126,-8.9309,-8.6363,-8.2572,-7.9878,-7.8534,-7.7537,-7.77,-7.8837,-7.9982,-8.1883,-8.3902,-8.5327,-8.7031,-8.8707,-9.0079,-9.2595,-9.5981,-10.016,-10.389,-10.878,-11.35,-11.648,-11.968,-12.301,-12.634,-13.287,-14.33,-15.8,-16.984,-17.439,-15.608,-13.557,-10.967,-8.8538,-7.1953,-6.21,-5.1831,-4.4362,-4.0412,-3.7065,-3.5739,-3.5805,-3.7042,-3.9371,-4.2333,-4.4831,-4.7542,-5.0942,-5.2813,-5.4965,-5.7306,-5.8744,-6.0525,-6.2047,-6.3877,-6.487,-6.6886,-6.9422,-7.1873,-7.7063,-8.409,-9.4656,-10.518,-12.238,-14.175,-15.051,-14.434,-12.405,-10.832,-9.0979,-7.8713,-7.0931,-6.7683,-6.6613,-6.8749,-7.2435,-7.9552,-8.9189,-9.7672,-10.996,-12.223,-13.314,-13.954,-14.48,-14.546,-14.177,-13.275,-11.758,-10.297,-9.1394,-7.7685,-6.6774,-6.0273,-5.3895,-5.0091,-4.9137,-4.9567,-5.2731,-5.7167,-6.135,-6.6959,-7.1452,-7.3917,-7.5457,-7.607,-7.6376,-7.7444,-7.9619,-8.2879,-8.5557,-8.8591,-9.026,-9.0359,-8.8985,-8.6817,-8.4842
2.1929,2.1756,2.0546,1.8583,1.6869,1.4478,1.2326,1.1055,0.98073,0.90644,0.86453,0.83168,0.7598,0.64205,0.49753,0.21485,-0.16705,-0.51805,-1.0505,-1.603,-2.1044,-2.3972,-2.6338,-2.6749,-2.6174,-2.4648,-2.3017,-2.2343,-2.2286,-2.3613,-2.6549,-2.9831,-3.5796,-4.3768,-5.1047,-6.2563,-7.6406,-9.2619,-10.611,-12.538,-14.312,-15.071,-14.772,-13.307,-12.01,-10.453,-9.2066,-8.354,-7.951,-7.7924,-8.0781,-8.656,-10.048,-12.437,-15.398,-23.603,-26.232,-16.037,-12.594,-9.8378,-8.2487,-7.5858,-7.2947,-7.5736,-8.447,-9.5168,-11.628,-14.731,-17.872,-21.46,-18.957,-16.134,-13.368,-11.487,-10.213,-9.5037,-8.8025,-8.28,-7.9788,-7.6378,-7.3663,-7.1923,-6.9683,-6.801,-6.7029,-6.668,-6.7539,-6.963,-7.2284,-7.7433,-8.4392,-9.2848,-9.9873,-10.936,-11.706,-12.075,-12.205,-11.979,-11.687,-11.228,-10.814,-10.495,-10.336,-10.235,-10.251,-10.349,-10.609,-11.085,-11.623,-12.71,-14.362,-16.782,-19.152,-20.997,-17.919,-14.993,-11.873,-9.5876,-7.9369,-7.024,-6.1641,-5.6725,-5.5069,-5.5527,-5.876,-6.2797,-6.9929,-7.8523,-8.7099,-9.2302,-9.7725,-10.006,-9.9808,-9.934,-9.8292,-9.7397,-9.5941,-9.5202,-9.3421,-9.2411,-9.1065,-8.8983,-8.8094,-8.6964,-8.6682,-8.7449,-8.8216,-8.973,-9.0277,-8.9671,-8.7007,-8.2583,-7.8801,-7.3864,-7.0084,-6.8354,-6.8653,-7.1413,-7.7227,-8.3669,-9.5601,-11.154,-12.639,-15.007,-17.623,-19.439,-19.381,-17.8,-15.823,-14.414,-12.718,-11.286,-9.8459,-9.0003,-7.8763,-6.9074,-6.3,-5.5976,-5.0447,-4.7374,-4.4513,-4.273,-4.2549,-4.2724,-4.3954,-4.5514,-4.6945,-4.9178,-5.153,-5.3612,-5.647,-5.9529,-6.2574,-6.4674,-6.7207,-6.9129,-7.0144,-7.1151,-7.2001,-7.3326
2.7938,2.894,2.9121,2.8339,2.7315,2.5589,2.3785,2.2437,2.075,1.9046,1.7156,1.5498,1.2577,0.84838,0.44283,-0.26379,-1.2054,-2.0902,-3.5238,-5.2347,-7.0356,-8.1597,-8.6544,-7.9,-6.9315,-5.6374,-4.5657,-3.9301,-3.3091,-2.9116,-2.6938,-2.6453,-2.7231,-2.95,-3.211,-3.6647,-4.2333,-4.874,-5.3768,-6.0111,-6.5228,-6.7867,-6.9128,-6.8146,-6.6675,-6.3988,-6.1281,-5.9477,-5.9056,-5.9783,-6.2482,-6.5865,-7.251,-8.0845,-8.7305,-9.3333,-9.2762,-8.5254,-7.7413,-6.7355,-5.9758,-5.6301,-5.4784,-5.6685,-6.1945,-6.7859,-7.7455,-8.802,-9.5015,-10.171,-10.405,-10.33,-10.026,-9.6159,-9.1773,-8.8052,-8.2894,-7.7028,-7.2327,-6.6012,-5.9957,-5.581,-5.1381,-4.8338,-4.709,-4.7467,-4.9897,-5.4823,-6.0446,-7.1047,-8.5498,-10.482,-12.349,-15.533,-19.517,-21.715,-20.274,-17.199,-15.327,-13.422,-11.997,-10.927,-10.279,-9.6193,-9.1336,-8.8844,-8.7091,-8.6849,-8.7709,-9.0126,-9.3431,-9.652,-9.7652,-9.6302,-9.105,-8.5017,-7.5842,-6.7058,-5.9737,-5.5719,-5.2736,-5.2685,-5.481,-6.0727,-7.0485,-8.0824,-9.9244,-12.339,-15.361,-17.68,-19.081,-17.64,-16.454,-15.214,-14.408,-14.139,-14.021,-13.913,-13.662,-13.331,-12.551,-11.643,-10.902,-9.8956,-9.0255,-8.223,-7.7186,-7.149,-6.6609,-6.3576,-5.9996,-5.7017,-5.5244,-5.3795,-5.354,-5.473,-5.6849,-6.1496,-6.8755,-7.6085,-8.9049,-10.637,-12.315,-15.211,-19.16,-22.908,-22.067,-18.308,-15.311,-13.667,-11.904,-10.53,-9.452,-8.6513,-7.7946,-6.942,-6.3239,-5.542,-4.8305,-4.3182,-3.7573,-3.2858,-2.9499,-2.7908,-2.6833,-2.7247,-2.8293,-3.0854,-3.457,-3.8,-4.3284,-4.8953,-5.4395,-5.8041,-6.1788,-6.3957,-6.4575,-6.454,-6.4203,-6.4375
3.5078,3.518,3.384,3.1189,2.867,2.5251,2.2211,2.0438,1.891,1.8122,1.7495,1.6736,1.4877,1.1304,0.7207,-0.060515,-1.1917,-2.3243,-4.3477,-7.2358,-11.708,-17.154,-20.8,-13.22,-10.031,-7.3493,-5.6508,-4.7323,-3.8305,-3.147,-2.6022,-2.2609,-1.8764,-1.5715,-1.4096,-1.2963,-1.2849,-1.3712,-1.4965,-1.7177,-1.9807,-2.1883,-2.4773,-2.7772,-2.9889,-3.2526,-3.5042,-3.6793,-3.7672,-3.8033,-3.7742,-3.7147,-3.5969,-3.4748,-3.3659,-3.165,-2.9043,-2.5958,-2.3584,-2.076,-1.9009,-1.8647,-1.9543,-2.2419,-2.6914,-3.1239,-3.7918,-4.5352,-5.1234,-5.9054,-6.6706,-7.2427,-8.0279,-8.8474,-9.5591,-9.9024,-9.77,-8.9129,-7.9189,-6.464,-5.0932,-4.2139,-3.2849,-2.6318,-2.2621,-2.1949,-2.3566,-2.8643,-3.4703,-4.6048,-6.1664,-8.2272,-10.13,-13.182,-16.427,-18.086,-17.949,-16.348,-15.029,-13.462,-12.06,-10.761,-9.8623,-8.773,-7.8522,-7.2679,-6.6293,-6.1316,-5.8396,-5.5178,-5.2595,-5.0422,-4.8653,-4.5928,-4.2907,-4.0354,-3.6941,-3.3993,-3.1958,-3.1312,-3.2023,-3.4906,-3.8899,-4.6983,-5.8888,-7.0781,-9.1576,-11.969,-15.718,-18.651,-20.604,-18.734,-17.68,-16.744,-16.858,-17.476,-19.021,-20.864,-22.45,-21.796,-18.917,-15.916,-13.766,-11.37,-9.3882,-7.7697,-6.7989,-5.7245,-4.9359,-4.4837,-4.052,-3.787,-3.6728,-3.6273,-3.691,-3.85,-4.0348,-4.3934,-4.8836,-5.3666,-6.1444,-7.1031,-7.9043,-9.0092,-10.006,-10.669,-10.877,-10.781,-10.413,-10.05,-9.6863,-9.3136,-9.1099,-8.9186,-8.5191,-7.9841,-7.3558,-6.3353,-5.1804,-4.3323,-3.2609,-2.4083,-1.7094,-1.3552,-1.0601,-1.0011,-1.1135,-1.4631,-2.0693,-2.6815,-3.738,-5.0309,-6.4859,-7.5274,-8.4608,-8.531,-8.0734,-7.1618,-6.3013,-5.6713
4.3556,4.0822,3.4453,2.54,1.7335,0.59831,-0.34278,-0.68977,-0.56433,0.021158,0.73249,1.1739,1.5646,1.6943,1.6027,1.2168,0.54745,-0.12474,-1.2613,-2.5837,-3.9098,-4.7475,-5.3749,-5.4198,-5.2245,-4.8961,-4.6774,-4.5769,-4.4233,-4.1035,-3.4908,-2.838,-1.8473,-0.86561,-0.20763,0.50059,1.0126,1.3178,1.4228,1.4012,1.2067,0.93858,0.42645,-0.26393,-0.87371,-1.8302,-2.8437,-3.6868,-4.0278,-3.9053,-3.1946,-2.477,-1.4594,-0.51948,0.092113,0.76471,1.2897,1.6742,1.8612,1.9907,1.9711,1.8544,1.5583,1.1049,0.52124,0.00209,-0.78302,-1.6454,-2.3461,-3.3311,-4.4354,-5.3696,-6.9454,-9.1529,-12.637,-17.25,-26.278,-14.57,-10.043,-6.1713,-3.5361,-2.0703,-0.60011,0.40256,1.0349,1.2774,1.3006,0.99354,0.55897,-0.30371,-1.5012,-2.9974,-4.3005,-6.2007,-8.2346,-9.7789,-11.791,-13.633,-14.593,-14.636,-13.15,-11.12,-9.7052,-8.0845,-6.7366,-5.8951,-4.934,-4.133,-3.617,-3.0233,-2.5174,-2.1014,-1.8524,-1.563,-1.3266,-1.1835,-1.0219,-0.8887,-0.81699,-0.80926,-0.88647,-1.1067,-1.3792,-1.9241,-2.7124,-3.4527,-4.646,-6.0013,-7.4216,-8.4637,-9.6786,-10.754,-11.643,-12.826,-14.765,-16.584,-19.705,-24.037,-27.695,-27.407,-22.296,-17.738,-14.492,-11.038,-8.3072,-6.1916,-4.9734,-3.738,-2.9334,-2.5418,-2.306,-2.3192,-2.4357,-2.6589,-2.8582,-2.9891,-3.0205,-3.0311,-3.0545,-3.1374,-3.3608,-3.7179,-4.0653,-4.6041,-5.1633,-5.7098,-6.0726,-6.5438,-6.9723,-7.2967,-7.8809,-8.7067,-9.8274,-11.148,-12.918,-13.841,-12.572,-9.5276,-6.5402,-4.7373,-2.7577,-1.274,-0.18619,0.40024,0.88444,1.0709,0.99511,0.62508,-0.10088,-0.90732,-2.4217,-4.6075,-7.8964,-11.767,-24.126,-17.822,-11.616,-7.4717,-5.0878,-3.6549
5.1211,4.5536,3.3892,1.6107,-0.28949,-4.0387,-10.767,-17.582,-8.741,-3.7342,-0.97327,0.34545,1.4668,2.0759,2.2761,2.2802,2.0599,1.7757,1.2815,0.70639,0.090697,-0.36929,-0.98136,-1.6629,-2.2334,-3.2591,-4.6849,-6.2018,-8.9581,-11.566,-9.9402,-7.0347,-3.7144,-1.2621,0.12859,1.5138,2.4703,3.0755,3.3336,3.4245,3.2405,2.9264,2.2485,1.2337,0.1669,-1.8166,-4.7417,-9.5855,-15.54,-12.628,-6.2005,-3.2461,-0.54894,1.3243,2.3591,3.3824,4.0829,4.5193,4.692,4.735,4.5732,4.317,3.7946,3.0979,2.2031,1.4234,0.2684,-0.91508,-1.7536,-2.742,-3.5565,-4.0738,-4.7168,-5.4155,-6.213,-6.6255,-6.4021,-5.0429,-3.554,-1.5017,0.34227,1.5206,2.8132,3.8001,4.4684,4.7924,4.9732,4.8903,4.6412,4.0586,3.1993,2.0532,1.0039,-0.68456,-2.768,-4.6671,-7.8691,-12.4,-17.298,-19.277,-13.942,-10.506,-8.873,-7.3802,-6.3184,-5.6162,-4.7054,-3.749,-3.0387,-2.1939,-1.5186,-1.0197,-0.77487,-0.62203,-0.59897,-0.62396,-0.64997,-0.59449,-0.42593,-0.24089,0.015614,0.20412,0.27082,0.2122,-0.03046,-0.32827,-0.87472,-1.5556,-2.3382,-3.0263,-3.9671,-5.1262,-5.9841,-7.5608,-9.4173,-11.122,-14.172,-18.186,-26.384,-36.081,-20.685,-14.379,-10.937,-7.5605,-4.9516,-3.0704,-2.0078,-1.0663,-0.62103,-0.60982,-1.0333,-1.9282,-2.9012,-4.4331,-5.6732,-5.7813,-5.0995,-3.8471,-2.7687,-2.206,-1.8224,-1.7942,-1.9874,-2.4608,-3.1366,-3.911,-4.504,-5.211,-5.821,-6.2814,-6.7778,-7.676,-8.7461,-10.262,-12.607,-14.408,-12.674,-8.7369,-5.3521,-3.3278,-1.2713,0.34289,1.4836,2.1332,2.7086,2.989,3.0159,2.8054,2.319,1.7634,0.80468,-0.41841,-1.7831,-2.7572,-3.576,-3.4783,-2.8742,-1.7486,-0.62132,0.27492
4.8183,4.2899,3.3183,2.0214,0.83078,-0.9299,-2.4663,-3.0115,-2.6223,-1.5477,-0.46781,0.18595,0.76781,1.0226,1.0574,0.96756,0.76435,0.56976,0.32978,0.1019,-0.14203,-0.34809,-0.72192,-1.2183,-1.741,-2.6947,-4.0511,-5.3626,-7.4428,-8.9943,-7.9954,-5.9553,-3.2346,-1.0637,0.19817,1.4943,2.3959,2.9648,3.1962,3.288,3.1509,2.9186,2.4244,1.6923,0.9681,-0.20603,-1.6231,-3.0216,-3.6167,-3.1973,-1.6665,-0.32548,1.3203,2.6427,3.4195,4.198,4.7035,4.9617,5.0199,4.9057,4.581,4.196,3.4797,2.4879,1.1632,-0.082789,-2.145,-4.696,-6.8027,-8.8807,-8.4626,-7.1437,-5.3279,-3.8944,-2.7489,-2.0279,-1.082,-0.078921,0.71461,1.8017,2.8613,3.6108,4.5227,5.3112,5.9504,6.313,6.6434,6.7688,6.7189,6.4586,5.9736,5.2449,4.5367,3.375,1.9892,0.80662,-0.90456,-2.6077,-3.7349,-4.8962,-5.6637,-6.3178,-6.9784,-8.1545,-9.5974,-10.257,-9.5047,-7.3927,-5.7804,-4.0396,-2.8963,-2.325,-2.2338,-2.567,-3.3724,-4.1963,-5.2986,-5.7555,-5.0401,-4.0244,-2.6055,-1.4323,-0.79803,-0.2472,0.020413,0.045926,-0.078049,-0.37217,-0.76295,-1.0664,-1.6163,-2.1377,-2.6963,-3.449,-4.3853,-5.1662,-6.2334,-7.2837,-7.829,-7.8275,-6.8065,-5.317,-3.9563,-2.3144,-0.85925,0.22989,0.83094,1.2532,1.2633,0.93329,0.0167,-1.6228,-3.5095,-7.488,-14.529,-14.281,-9.0871,-5.1216,-2.9454,-2.0191,-1.4375,-1.4838,-1.8692,-2.8269,-4.2815,-6.1647,-7.7573,-9.5288,-10.035,-9.5272,-8.4423,-7.4379,-6.8247,-6.3718,-6.0052,-5.3471,-4.6802,-3.5735,-2.3003,-1.3805,-0.18671,0.80622,1.6518,2.1404,2.6359,2.9202,3.018,2.9716,2.759,2.5025,2.0611,1.5766,1.1216,0.86664,0.69425,0.76872,0.9791,1.4102,1.925,2.44
4.1738,3.7852,3.186,2.5673,2.1233,1.5867,1.1548,0.9286,0.74328,0.65459,0.51569,0.31812,-0.11529,-0.76298,-1.3749,-2.2754,-3.0658,-3.3959,-3.4144,-3.0655,-2.5767,-2.2625,-1.9583,-1.8082,-1.8149,-1.8904,-2.0513,-2.1607,-2.2303,-2.0276,-1.5434,-0.99782,-0.15742,0.67317,1.2321,1.8032,2.1608,2.3086,2.2963,2.1711,1.9781,1.8103,1.6142,1.4556,1.3895,1.3318,1.337,1.4211,1.5879,1.9661,2.4858,2.9163,3.4691,3.9441,4.2164,4.4374,4.5045,4.4325,4.2913,4.0041,3.5995,3.213,2.55,1.6409,0.4333,-0.75561,-2.8287,-5.7357,-8.554,-11.871,-10.162,-7.4023,-4.5107,-2.4838,-0.99448,-0.13105,0.79001,1.5507,2.0473,2.6911,3.3493,3.8755,4.6108,5.3651,6.1214,6.6439,7.2426,7.6879,7.9143,8.0525,7.983,7.7139,7.3779,6.7698,5.9857,5.3045,4.2927,3.1882,2.2992,1.0487,-0.34654,-2.0377,-3.6163,-6.4161,-10.413,-13.716,-12.437,-8.1247,-5.8146,-3.7752,-2.619,-2.2117,-2.3753,-3.2162,-5.001,-7.2141,-12.426,-21.862,-12.317,-7.9724,-4.5939,-2.5969,-1.6524,-0.93053,-0.66038,-0.6687,-0.86356,-1.1261,-1.3424,-1.4063,-1.3377,-1.1687,-1.031,-0.81088,-0.67418,-0.61083,-0.50816,-0.38253,-0.13211,0.13699,0.6638,1.3307,1.8636,2.5893,3.2357,3.7685,4.0325,4.2027,4.1155,3.8817,3.3212,2.5016,1.7561,0.74498,-0.035127,-0.28443,-0.1336,0.29999,0.68508,0.81611,0.69186,0.14503,-0.5695,-2.0034,-4.113,-7.1972,-10.53,-17.067,-17.506,-12.959,-9.131,-6.7745,-5.3127,-4.4441,-3.5976,-2.8641,-2.419,-1.822,-1.2745,-0.86225,-0.33616,0.17526,0.67793,1.0265,1.429,1.7504,1.8909,1.9488,1.8277,1.6322,1.233,0.77456,0.35065,0.1365,0.075203,0.31947,0.69158,1.3387,2.0409,2.7148
3.2351,2.7333,2.2286,1.9953,1.9846,2.0972,2.2474,2.319,2.2943,2.1078,1.6805,1.1344,0.034383,-1.607,-3.3372,-6.682,-11.735,-15.158,-11.472,-7.3883,-4.9171,-3.7586,-2.7677,-2.1831,-1.867,-1.4811,-1.0371,-0.64591,-0.04312,0.59168,1.2582,1.7119,2.2462,2.6511,2.8182,2.8418,2.5972,2.0817,1.5327,0.63688,-0.26245,-0.7533,-0.87109,-0.23819,0.52145,1.5997,2.6122,3.4988,4.0582,4.6452,5.0733,5.2973,5.4354,5.3935,5.2327,4.8583,4.3364,3.7482,3.2982,2.8051,2.4661,2.2929,2.1298,1.9466,1.6613,1.3433,0.82042,0.24019,-0.10834,-0.30356,-0.067346,0.33843,1.0274,1.7173,2.2534,2.5322,2.7241,2.685,2.5631,2.3455,2.2773,2.4867,3.2253,4.4039,5.7543,6.7531,7.954,8.9476,9.5456,10.135,10.496,10.645,10.628,10.44,10.075,9.696,9.0657,8.3009,7.6494,6.6738,5.584,4.398,3.4536,2.217,1.1622,0.63167,0.38666,0.59526,0.91635,1.332,1.5946,1.622,1.4567,0.96861,0.2247,-0.44483,-1.2497,-1.6174,-1.3428,-0.84662,-0.08857,0.47022,0.67283,0.58922,0.034508,-0.67964,-2.0499,-3.6358,-4.7428,-4.6666,-3.1872,-1.3703,-0.060824,1.3533,2.4674,3.1394,3.8592,4.4634,4.9776,5.3643,5.8104,6.2867,6.6012,7.027,7.3766,7.6861,7.8452,7.9921,8.0111,7.9606,7.7812,7.5155,7.2802,6.9607,6.6435,6.3814,6.2071,5.9798,5.6928,5.4094,4.8731,4.1282,3.4133,2.2456,0.87144,-0.62789,-1.7252,-2.8717,-3.3863,-3.42,-2.9567,-2.5145,-1.9052,-1.6396,-1.2388,-1.0502,-1.0064,-1.0139,-1.1776,-1.2918,-1.5166,-1.4732,-1.204,-0.78251,-0.086166,0.61708,1.018,1.332,1.2814,0.98481,0.20714,-1.0627,-2.728,-3.9974,-4.7231,-3.5787,-2.0517,-0.039267,1.6096,2.8466
-0.039634,-1.9354,-3.4423,-2.4661,-0.98522,0.8428,2.2004,2.8968,3.462,3.6017,3.3958,3.0159,2.1748,0.89034,-0.39983,-2.4876,-4.5483,-5.4188,-5.0964,-3.9437,-3.0167,-2.6901,-2.6967,-3.1897,-3.5922,-3.7768,-2.9064,-1.7628,-0.060426,1.4548,2.6783,3.3694,4.0089,4.3362,4.3521,4.0845,3.4383,2.3292,1.088,-1.3846,-5.524,-11.035,-14.727,-5.573,-1.9017,1.3372,3.533,5.0866,5.9267,6.7049,7.1349,7.2445,7.0979,6.5956,5.9802,4.8187,3.2207,1.2103,-0.38954,-1.9667,-1.9583,-1.0858,0.35185,1.6089,2.5283,3.0354,3.5419,3.9398,4.1913,4.524,4.8595,5.0973,5.3662,5.5316,5.4932,5.2816,4.6853,3.6246,2.4092,-0.074854,-4.0376,-7.2745,-4.1007,0.98595,4.5684,6.5704,8.6538,10.237,11.167,12.135,12.84,13.307,13.52,13.627,13.558,13.394,13.039,12.541,12.093,11.387,10.596,9.7559,9.1236,8.3018,7.5711,7.1175,6.6571,6.3532,6.2159,6.1161,6.0431,5.9769,5.9003,5.7351,5.5384,5.3663,5.178,5.0464,4.975,4.9452,4.867,4.6712,4.3769,3.7263,2.6516,1.4431,-0.9278,-4.7873,-10.728,-10.065,-3.8612,0.028424,2.1803,4.1477,5.6327,6.4816,7.3436,8.0305,8.5298,8.8686,9.2105,9.5243,9.7294,10.001,10.248,10.481,10.655,10.859,11.033,11.126,11.205,11.222,11.197,11.108,10.968,10.768,10.58,10.267,9.87,9.4982,8.9021,8.1868,7.5628,6.6279,5.6022,4.5298,3.7426,2.7372,1.9029,1.404,0.91392,0.59297,0.50741,0.41082,0.32714,0.083131,-0.1968,-0.89884,-2.0656,-3.309,-5.695,-8.2059,-8.1853,-5.9791,-2.8456,-0.58313,0.64362,1.6372,2.02,1.8813,1.1183,-0.4986,-3.3147,-6.4999,-10.242,-5.9692,-2.525,0.58791,2.5935,3.8372
-2.1417,-5.0542,-8.1196,-5.7179,-3.046,-0.48424,1.1756,1.9949,2.6892,3.0371,3.1161,3.0584,2.8239,2.4469,2.1029,1.5854,1.0889,0.78209,0.42346,0.037793,-0.59461,-1.3327,-2.985,-5.8693,-9.7278,-23.108,-11.532,-6.2003,-2.1147,0.41697,2.0223,2.8434,3.5118,3.7715,3.7617,3.467,2.876,1.9771,1.1212,-0.22996,-1.6389,-2.3942,-2.4126,-1.0502,0.36319,2.2695,3.8968,5.1935,5.938,6.6391,6.9788,6.9812,6.6608,5.9245,5.0783,3.4775,1.1853,-2.1439,-5.7632,-12.164,-9.964,-6.053,-2.6867,-0.63383,0.76976,1.5906,2.4884,3.2866,3.8404,4.5292,5.1349,5.5223,5.915,6.1053,6.073,5.8591,5.2732,4.3233,3.3328,1.6781,-0.075195,-0.77946,0.11241,2.3576,4.686,6.2506,8.0184,9.4975,10.428,11.472,12.301,12.928,13.269,13.565,13.682,13.657,13.477,13.136,12.773,12.178,11.458,10.634,9.9795,9.0791,8.2028,7.5937,6.9033,6.4105,6.1732,6.0412,6.0663,6.1563,6.236,6.3399,6.394,6.4196,6.4081,6.3624,6.2881,6.2155,6.071,5.8666,5.6492,5.2392,4.6933,4.1834,3.4266,2.7514,2.4465,2.5403,3.2398,4.1844,5.0116,5.9263,6.7326,7.1996,7.6958,8.0248,8.2521,8.3154,8.3932,8.3796,8.3958,8.4133,8.5459,8.7602,9.0072,9.3888,9.8242,10.137,10.522,10.82,10.974,11.078,11.087,10.987,10.849,10.582,10.222,9.8866,9.3537,8.6971,8.1223,7.2345,6.184,4.9782,3.9731,2.5156,0.96847,-0.11986,-1.4803,-2.1089,-2.3856,-2.0973,-1.8519,-1.6162,-1.6638,-2.1154,-3.073,-4.2343,-6.292,-8.6361,-8.5746,-6.3897,-3.3109,-0.86221,0.48081,1.766,2.5385,2.8284,2.8664,2.6218,2.2322,1.9756,1.9299,2.3098,2.7776,3.4326,3.9071,4.0264
0.73317,0.19783,-0.27006,-0.41931,-0.34398,-0.16357,-0.068084,-0.066677,-0.16807,-0.21899,-0.16936,-0.048639,0.23345,0.5904,0.85042,1.1383,1.2958,1.3288,1.2609,1.0321,0.61366,0.14016,-0.68993,-1.6868,-2.3576,-2.8136,-2.4607,-1.7948,-0.71877,0.22081,0.88502,1.2008,1.3727,1.2898,1.0956,0.67524,0.12587,-0.48607,-0.92912,-1.4259,-1.7252,-1.7146,-1.3192,-0.54912,0.21806,1.4118,2.5875,3.6174,4.2376,4.8198,5.0922,5.0844,4.778,4.1533,3.4619,2.2637,0.83028,-0.73595,-1.8295,-2.9663,-3.519,-3.6134,-3.4684,-3.3011,-3.1211,-2.9424,-2.4459,-1.5844,-0.69467,0.62348,1.8887,2.7022,3.5619,4.1313,4.415,4.4543,4.2897,3.8933,3.496,2.9486,2.5042,2.3213,2.3903,2.8184,3.5253,4.1986,5.2091,6.261,7.0335,8.0019,8.8619,9.5907,10.036,10.486,10.752,10.831,10.77,10.514,10.186,9.5772,8.7592,7.7326,6.8107,5.4207,3.8608,2.659,1.2066,0.27795,0.1077,0.48343,1.2249,1.9834,2.4754,2.9891,3.318,3.4649,3.5319,3.5105,3.4531,3.4088,3.3984,3.4399,3.5095,3.6153,3.7025,3.7643,3.8236,3.8873,3.9964,4.1138,4.2856,4.5334,4.6397,4.8351,4.8916,4.8941,4.8235,4.6262,4.3584,4.0631,3.5882,2.9992,2.5011,1.8769,1.5162,1.7109,2.2246,3.2911,4.4569,5.2862,6.2052,6.8933,7.2528,7.5455,7.6318,7.5697,7.4449,7.2101,6.9221,6.6833,6.3083,5.8385,5.3969,4.6407,3.6386,2.3238,1.0765,-1.0478,-3.9525,-6.8425,-12.599,-17.333,-12.124,-9.1906,-6.605,-5.1543,-4.5484,-4.0668,-3.8859,-3.9182,-3.8862,-3.745,-3.2509,-2.6323,-1.6308,-0.53616,0.22515,1.1446,1.879,2.325,2.7689,3.0914,3.3312,3.4729,3.6609,3.8387,3.9356,3.9756,3.8075,3.339
1.874,1.6169,1.167,0.61143,0.08485,-0.77219,-1.9136,-3.0079,-4.7736,-6.6044,-7.3239,-6.5839,-4.6767,-2.7831,-1.6169,-0.39248,0.50117,0.97337,1.392,1.602,1.6525,1.5922,1.4404,1.2401,1.0825,0.93191,0.83473,0.80166,0.70959,0.52956,0.21631,-0.15819,-0.81743,-1.6147,-2.3002,-3.2118,-4.0564,-4.8044,-5.3643,-6.0617,-6.549,-6.5975,-5.868,-4.3559,-2.9308,-1.0579,0.62351,1.9573,2.7265,3.4121,3.7364,3.7553,3.4751,2.8813,2.2491,1.216,0.043843,-1.1489,-1.9879,-3.0045,-3.8761,-4.4814,-5.4493,-6.7423,-8.8333,-11.216,-14.483,-11.637,-7.8989,-4.1121,-1.4504,0.043486,1.4767,2.4305,2.962,3.1269,3.0832,2.7677,2.3815,1.7055,0.93109,0.33649,-0.40497,-0.90011,-0.91068,-0.58813,0.25178,1.3423,2.2469,3.4261,4.5185,5.4844,6.1107,6.7844,7.2643,7.4832,7.579,7.4381,7.1792,6.5824,5.6985,4.4863,3.3161,1.3259,-1.3401,-4.0458,-9.4559,-19.365,-14.993,-8.1985,-4.7706,-2.7038,-1.6844,-0.84296,-0.43137,-0.38534,-0.56806,-0.97565,-1.466,-1.7503,-1.7967,-1.3612,-0.78067,0.16156,1.0765,1.6774,2.3311,2.7936,3.0647,3.1896,3.1782,3.0388,2.7994,2.4014,1.855,1.3954,0.70183,0.033141,-0.69991,-1.2054,-2.1572,-3.3916,-4.8018,-7.5872,-12.424,-14.378,-9.6411,-4.6585,-1.4526,0.25613,1.8493,2.8654,3.3118,3.5462,3.4186,3.0348,2.6548,2.1678,1.8689,1.8142,1.9087,2.0533,2.0771,1.8953,1.4116,0.54959,-0.36778,-1.957,-4.04,-5.8633,-8.2919,-9.4785,-9.2942,-8.4141,-7.4168,-6.6426,-6.2296,-5.8,-5.443,-5.1203,-4.7046,-4.1145,-3.4301,-2.8913,-2.1108,-1.3441,-0.7536,-0.038911,0.63592,1.0941,1.6794,2.1967,2.6647,2.9935,3.3658,3.6608,3.8281,3.9429,3.9049,3.6842
1.9936,1.7758,1.3204,0.67478,0.023577,-1.138,-2.7306,-4.3459,-7.3648,-12.037,-15.751,-12.371,-7.5804,-4.4854,-2.859,-1.2648,-0.13238,0.5093,1.1348,1.5727,1.86,2.013,2.1287,2.1747,2.1488,2.0312,1.7963,1.528,1.0192,0.29473,-0.7283,-1.7333,-3.4567,-5.659,-7.5522,-9.8778,-11.075,-11.111,-11.145,-12.117,-15.188,-21.357,-20.82,-10.732,-6.6852,-3.0822,-0.59306,1.1535,2.0773,2.8592,3.1741,3.1178,2.6833,1.8244,0.93512,-0.56368,-2.364,-4.2297,-5.4675,-6.4783,-6.7452,-6.6958,-6.7519,-7.2183,-8.2297,-9.2292,-9.9468,-8.5465,-6.4919,-3.8094,-1.6388,-0.3701,0.8836,1.6996,2.1286,2.2077,1.9982,1.4589,0.8224,-0.3958,-2.0945,-3.7345,-6.5846,-10.175,-12.534,-11.28,-8.2072,-5.5954,-4.0082,-2.2176,-0.6613,0.71637,1.6311,2.6707,3.4817,3.9197,4.2653,4.3349,4.204,3.7881,3.0839,2.0708,1.115,-0.47366,-2.3868,-4.0087,-6.1469,-7.565,-7.6884,-6.896,-5.6962,-4.6295,-4.0359,-3.5553,-3.4811,-3.7297,-4.5488,-6.1063,-8.7586,-11.699,-15.027,-11.128,-7.6734,-4.3387,-2.038,-0.80105,0.38486,1.1333,1.5121,1.5624,1.3913,0.8355,0.29652,-0.85191,-2.2599,-3.527,-5.3061,-6.7837,-7.4913,-7.5698,-7.3593,-7.4925,-7.761,-8.6603,-9.4719,-9.0994,-7.753,-5.2849,-3.0613,-1.7182,-0.40054,0.3683,0.58272,0.35441,-0.47302,-2.0396,-3.7554,-6.6003,-8.2436,-7.0725,-4.3626,-2.221,-1.1307,-0.25564,0.064319,-0.067304,-0.42208,-1.15,-2.0805,-2.8994,-3.9212,-4.911,-5.8416,-6.3495,-7.1752,-7.9628,-8.4921,-9.11,-9.2724,-8.9752,-8.1781,-7.1396,-6.0985,-5.3539,-4.4901,-3.7311,-3.2325,-2.6128,-2.0145,-1.5584,-0.91086,-0.21393,0.50305,1.0402,1.7148,2.318,2.7119,3.1418,3.4762,3.7042
1.2379,1.1325,0.88302,0.48039,0.096756,-0.56559,-1.3824,-2.0707,-2.9893,-3.7225,-3.9767,-3.7912,-3.1552,-2.3472,-1.7497,-1.0831,-0.57767,-0.26847,0.11008,0.48914,0.87768,1.1702,1.5162,1.7733,1.8963,1.9162,1.7666,1.511,0.98387,0.17178,-1.011,-2.1849,-4.2993,-7.3466,-10.619,-17.147,-18.699,-13.407,-11.072,-9.4303,-8.7134,-8.1493,-6.7616,-4.6056,-2.82,-0.6552,1.1047,2.4145,3.0884,3.6202,3.7259,3.5217,2.8678,1.743,0.54251,-1.6498,-4.8146,-9.7883,-16.58,-22.13,-11.875,-8.7672,-6.3536,-5.008,-4.1483,-3.6366,-2.977,-2.177,-1.5075,-0.57478,0.30845,0.84947,1.4183,1.7538,1.8518,1.7643,1.4088,0.74751,0.032545,-1.2644,-3.0608,-4.8263,-7.787,-11.317,-13.723,-13.501,-11.949,-10.703,-10.013,-8.787,-6.9074,-4.7567,-3.2438,-1.5486,-0.28306,0.40513,1.0028,1.2792,1.2855,1.0987,0.67614,0.044917,-0.56312,-1.5331,-2.6565,-3.527,-4.6467,-5.5992,-6.0962,-6.4338,-6.412,-6.1085,-5.7963,-5.4037,-5.2177,-5.2716,-5.7551,-6.7451,-8.223,-9.4287,-10.104,-8.6678,-6.8473,-4.5358,-2.6745,-1.6035,-0.57066,0.064831,0.33941,0.28173,-0.10158,-0.86111,-1.758,-3.3472,-5.6713,-8.0893,-12.915,-23.508,-22.011,-15.563,-11.385,-9.2936,-8.2754,-7.2753,-6.4334,-5.4726,-4.6698,-3.4987,-2.3295,-1.5579,-0.72933,-0.24988,-0.16055,-0.46621,-1.3501,-2.9337,-4.6768,-7.5746,-9.2503,-7.9543,-5.0681,-2.7987,-1.6089,-0.57983,-0.063598,0.063718,-0.050345,-0.46781,-1.0873,-1.6835,-2.5955,-3.7673,-5.0283,-6.2488,-8.1476,-10.639,-13.21,-17.929,-21.971,-19.155,-14.416,-11.589,-9.6247,-8.6491,-7.7389,-7.2319,-7.0699,-6.9527,-6.8286,-6.5401,-5.8488,-4.7554,-3.4761,-2.5302,-1.3345,-0.27348,0.41751,1.2286,1.9249,2.5297
0.15478,0.22315,0.20638,0.095408,-0.027444,-0.20692,-0.36353,-0.45376,-0.53076,-0.5384,-0.51346,-0.46411,-0.42852,-0.49447,-0.6453,-1.0138,-1.5582,-2.0046,-2.3966,-2.2726,-1.5587,-0.81529,0.17863,0.97675,1.4229,1.7784,1.8825,1.8099,1.5275,1.047,0.40824,-0.1794,-1.1129,-2.1403,-2.8999,-3.6138,-3.7426,-3.2982,-2.7134,-1.7773,-0.80743,-0.039792,1.03,2.1387,2.9707,3.9863,4.8576,5.513,5.8313,6.0139,5.9018,5.619,4.9645,3.9873,3.0261,1.4551,-0.39036,-2.2965,-3.4845,-4.145,-3.6794,-2.9238,-1.8391,-0.9018,-0.12139,0.36922,0.9271,1.3953,1.6866,1.9919,2.2075,2.2955,2.31,2.2295,2.0465,1.8549,1.5225,1.0475,0.57842,-0.19932,-1.2131,-2.1306,-3.4962,-4.9623,-6.459,-7.6794,-9.72,-13.021,-17.939,-32.834,-14.248,-8.6195,-6.0643,-3.8145,-2.4212,-1.777,-1.309,-1.1603,-1.1935,-1.3352,-1.5591,-1.8655,-2.1764,-2.7536,-3.5701,-4.3771,-5.7558,-7.485,-8.9002,-10.61,-11.073,-9.8859,-8.5614,-6.916,-5.7027,-5.0642,-4.5505,-4.3157,-4.1847,-4.0767,-3.8113,-3.2839,-2.7433,-1.9192,-1.1242,-0.59046,-0.051332,0.26348,0.31513,0.18897,-0.26994,-0.9576,-1.7751,-3.0042,-4.5558,-5.8918,-7.7403,-9.0887,-9.5649,-9.411,-8.6224,-7.9074,-7.4219,-6.7437,-6.0319,-5.0558,-4.2142,-2.9856,-1.7336,-0.89496,0.076463,0.77089,1.1017,1.2845,1.1688,0.82721,0.50029,0.09216,-0.096811,-0.032843,0.27046,0.65494,0.91423,1.1423,1.201,1.0658,0.85274,0.4385,-0.15855,-0.68625,-1.5329,-2.6371,-3.8346,-5.0121,-6.7959,-9.014,-10.867,-13.433,-14.907,-14.491,-13.11,-11.558,-10.385,-9.9008,-9.5665,-9.8556,-10.528,-12.253,-15.209,-17.386,-15.812,-11.524,-8.1935,-6.3377,-4.4827,-3.0915,-2.2331,-1.2299,-0.3034,0.58643
-1.0397,-0.99952,-1.1207,-1.3069,-1.4057,-1.3399,-0.97838,-0.55854,0.1157,0.78681,1.3109,1.573,1.6529,1.3614,0.8171,-0.45583,-2.6317,-5.2561,-11.276,-13.693,-6.5423,-3.3114,-0.59998,1.0005,1.7018,2.1745,2.2546,2.1745,1.9649,1.7925,1.7456,1.7839,1.9337,2.139,2.339,2.6665,3.0898,3.6349,4.1088,4.7903,5.5285,6.082,6.8018,7.4854,7.9513,8.4948,8.9094,9.1637,9.2471,9.1917,8.9381,8.6268,8.0483,7.3007,6.648,5.7035,4.746,3.8735,3.3458,2.8694,2.6765,2.7074,2.894,3.2106,3.5509,3.7754,4.0189,4.1269,4.1105,3.9515,3.5986,3.235,2.6271,1.9897,1.4597,1.2063,1.0923,1.1659,1.2424,1.2515,1.1051,0.87855,0.38144,-0.295,-1.1755,-1.9587,-3.1326,-4.3702,-5.1144,-5.4335,-4.7799,-3.6679,-2.8927,-2.1728,-1.937,-2.0836,-2.7021,-3.6485,-4.3483,-4.9124,-4.7607,-4.1754,-3.7666,-3.479,-3.6573,-4.1917,-5.4664,-7.6775,-10.252,-15.694,-18.79,-12.403,-9.0763,-6.1778,-4.3384,-3.4197,-2.5723,-2.0668,-1.7735,-1.6136,-1.3865,-1.0872,-0.79602,-0.33445,0.15113,0.48742,0.83539,1.0192,0.95851,0.79394,0.34121,-0.30618,-0.8354,-1.7096,-2.5196,-3.1372,-3.7974,-4.4015,-4.8852,-5.219,-5.7896,-6.4576,-7.2632,-8.3884,-9.0232,-8.0239,-6.2501,-3.6776,-1.3926,0.032145,1.5542,2.6999,3.3265,3.9159,4.2579,4.3997,4.4123,4.3391,4.2056,4.083,3.8781,3.6144,3.3719,2.9806,2.4989,1.9603,1.5297,0.98898,0.42735,0.05391,-0.56761,-1.2251,-1.9909,-2.7759,-3.8396,-5.1436,-6.1004,-7.3915,-8.4276,-9.0279,-9.5228,-9.5115,-9.372,-9.0913,-8.9507,-9.144,-9.5905,-10.839,-12.561,-13.475,-12.678,-10.235,-8.0475,-6.8931,-5.9077,-5.4285,-5.2197,-4.782,-3.8599,-2.4932
-3.6757,-4.1949,-5.2323,-6.6575,-7.7968,-8.4609,-6.9259,-4.8913,-2.2342,-0.11407,1.4668,2.292,2.9612,3.1497,2.9719,2.2817,1.1084,-0.0059368,-1.3907,-1.6601,-0.57982,0.48373,1.6556,2.2899,2.3735,1.9584,0.97678,-0.066464,-1.4851,-2.0834,-1.2982,-0.14812,1.4672,2.8703,3.7698,4.7903,5.673,6.4848,7.0628,7.7959,8.4921,8.9776,9.5635,10.063,10.364,10.664,10.82,10.826,10.731,10.471,10.068,9.6773,9.0564,8.3413,7.7621,6.9463,6.1116,5.3024,4.7547,4.1431,3.7415,3.598,3.64,3.8919,4.2379,4.4913,4.716,4.7421,4.5827,4.0682,3.1336,2.0991,0.21485,-2.303,-4.8842,-5.6055,-4.0834,-1.8192,-0.42457,0.89792,1.7369,2.1121,2.3403,2.3237,2.1426,1.9308,1.6008,1.2779,1.0691,0.87391,0.74894,0.60998,0.42772,-0.047416,-0.93162,-1.9868,-4.1479,-7.7613,-12.494,-29.105,-13.022,-7.6891,-5.5314,-3.8897,-3.1304,-2.9554,-3.1425,-3.6617,-4.1769,-4.7197,-4.7837,-4.2729,-3.638,-2.799,-2.1208,-1.7884,-1.6212,-1.7374,-2.1143,-2.4913,-2.949,-3.1502,-2.9892,-2.368,-1.4943,-0.87102,-0.20836,0.13122,0.12628,-0.16229,-0.79246,-1.7995,-2.6046,-3.6245,-4.3239,-4.4167,-4.2232,-3.9369,-3.7817,-3.8097,-4.3421,-5.5108,-6.9171,-10.214,-15.589,-12.999,-8.2258,-3.8816,-0.89826,0.7746,2.4539,3.6894,4.3872,5.0473,5.47,5.6858,5.7234,5.639,5.3983,5.1106,4.5837,3.8902,3.2422,2.2042,0.99609,-0.26706,-1.1428,-2.0298,-2.3626,-2.3612,-2.1705,-1.9591,-2.0992,-2.3088,-2.9124,-3.798,-4.7332,-6.2247,-8.0843,-9.8435,-12.047,-13.323,-12.252,-10.696,-8.9207,-7.6084,-6.9733,-6.4346,-6.1138,-5.9141,-5.6408,-5.4113,-5.3747,-5.6443,-6.588,-8.6406,-11.468,-18.534,-15.495,-8.6755
-9.484,-10.34,-11.5,-13.18,-15.186,-17.879,-13.756,-9.6136,-5.4429,-2.4392,-0.26629,0.93762,2.0992,2.8286,3.1453,3.3079,3.255,3.1568,3.0244,2.9526,2.9507,2.9441,2.8072,2.3856,1.7924,0.48184,-1.6627,-4.1257,-9.5466,-17.032,-9.1859,-5.2184,-2.002,0.036582,1.1347,2.2743,3.2223,4.0801,4.7027,5.5279,6.3067,6.8463,7.4691,7.9463,8.1956,8.3581,8.3304,8.1135,7.8239,7.2932,6.6299,6.0613,5.2502,4.4091,3.7627,2.8611,1.8695,0.73591,-0.23105,-1.6017,-2.7929,-3.2198,-2.7933,-1.5991,-0.24791,0.6277,1.4652,1.8966,1.924,1.532,0.62472,-0.46891,-2.5779,-5.6559,-9.4642,-10.67,-7.9621,-4.8715,-3.1985,-1.6059,-0.58226,-0.080618,0.3715,0.6309,0.7766,0.83717,0.86574,0.86007,0.83373,0.7519,0.59009,0.31686,0.0068117,-0.60298,-1.4844,-2.3536,-3.7796,-5.434,-6.5601,-7.4476,-7.1948,-6.2524,-5.4834,-4.6389,-4.0713,-3.7932,-3.6184,-3.5553,-3.5357,-3.5268,-3.4638,-3.3409,-3.241,-3.1622,-3.2105,-3.3892,-3.929,-4.9002,-6.4592,-8.198,-11.691,-16.361,-16.092,-11.18,-7.59,-5.8048,-4.2781,-3.5306,-3.4345,-3.822,-4.9869,-6.9856,-9.4494,-14.362,-18.959,-14.973,-10.239,-7.3643,-5.7013,-4.9796,-4.4551,-4.4234,-4.578,-4.7748,-4.7528,-4.2175,-3.4578,-2.2299,-1.0002,-0.16209,0.78095,1.5127,1.938,2.3512,2.6001,2.7003,2.6772,2.5069,2.1616,1.7718,1.0538,0.05065,-0.92573,-2.6328,-4.9413,-8.1933,-11.563,-16.605,-14.349,-11.158,-8.147,-6.4449,-5.4896,-5.1094,-5.1708,-5.6506,-6.3513,-7.7681,-9.8783,-12.156,-16.286,-19.65,-15.995,-12.93,-9.8798,-7.8928,-6.8414,-5.8309,-5.1921,-4.8984,-4.693,-4.729,-5.0326,-5.4569,-6.3741,-7.6437,-8.7248,-9.7073,-9.3977,-8.0038
-20.957,-22.774,-18.205,-14.583,-12.702,-10.6,-8.499,-6.8701,-4.743,-2.8277,-1.2028,-0.19254,0.90263,1.7291,2.1939,2.6511,2.9516,3.0942,3.2077,3.2346,3.1645,3.0401,2.7371,2.2358,1.7042,0.77415,-0.39518,-1.357,-2.545,-3.265,-3.3551,-3.1248,-2.7416,-2.4724,-2.3966,-2.3666,-2.1886,-1.6339,-0.93071,0.2451,1.4584,2.2816,3.1825,3.8068,4.0851,4.1898,3.9928,3.4896,2.9173,1.9072,0.66287,-0.35166,-1.664,-2.7368,-3.3166,-3.8885,-4.5103,-5.5274,-6.7776,-9.5843,-15.266,-28.343,-15.982,-8.9927,-5.365,-3.6053,-2.0328,-1.1306,-0.80131,-0.75026,-1.0914,-1.5564,-2.3924,-3.3231,-4.107,-4.4616,-4.5719,-4.3953,-4.1943,-3.9488,-3.7795,-3.7027,-3.6376,-3.5438,-3.389,-3.2174,-2.9296,-2.621,-2.403,-2.1762,-2.0554,-2.075,-2.1981,-2.5071,-2.9812,-3.4245,-4.1055,-4.8002,-5.2876,-5.8052,-6.1449,-6.3194,-6.3975,-6.4301,-6.4265,-6.4334,-6.4175,-6.3774,-6.3043,-6.1685,-6.0169,-5.8803,-5.8219,-5.802,-5.9306,-6.1573,-6.6681,-7.5158,-8.7572,-9.9875,-11.918,-13.383,-13.229,-11.451,-9.3125,-7.9871,-6.7393,-6.0349,-5.8945,-6.094,-6.8781,-8.1931,-9.379,-11.146,-11.916,-11.231,-9.5072,-7.7306,-6.3457,-5.5932,-4.8405,-4.3404,-4.1147,-3.8855,-3.6638,-3.4571,-3.2869,-3.0472,-2.843,-2.723,-2.6095,-2.5489,-2.5345,-2.513,-2.5041,-2.5163,-2.5529,-2.6902,-2.961,-3.2715,-3.87,-4.7204,-5.5471,-6.9373,-8.7305,-10.951,-12.716,-14.425,-13.943,-12.601,-10.78,-9.3033,-8.2566,-7.8367,-7.514,-7.5685,-7.776,-8.2908,-9.0089,-9.5216,-10.083,-10.271,-9.8853,-9.3164,-8.4062,-7.5092,-6.9097,-6.2806,-5.8351,-5.6175,-5.4805,-5.4961,-5.6651,-5.8743,-6.2396,-6.6481,-6.9125,-7.1806,-7.2934,-7.2749
-14.147,-14.484,-13.151,-11.028,-9.4773,-7.6106,-5.9772,-4.8646,-3.5185,-2.3224,-1.2876,-0.60945,0.1594,0.79343,1.1929,1.641,2.0121,2.2385,2.4762,2.6442,2.7281,2.7229,2.6177,2.3876,2.1247,1.6647,1.1011,0.62706,-0.03557,-0.71819,-1.4309,-2.04,-3.059,-4.4908,-5.9932,-8.8995,-12.992,-13.577,-10.132,-6.1101,-3.3462,-1.8714,-0.49448,0.34478,0.66781,0.73521,0.38266,-0.40713,-1.3098,-3.0009,-5.4149,-7.8401,-12.109,-15.756,-14.561,-11.426,-9.4199,-8.4702,-8.2676,-8.4525,-8.7591,-8.6958,-7.8718,-6.442,-4.9076,-3.8983,-2.8502,-2.1599,-1.8603,-1.7194,-1.8486,-2.0851,-2.5466,-3.1092,-3.7275,-4.1969,-4.8245,-5.4768,-5.9917,-6.7778,-7.6563,-8.347,-9.2361,-9.8154,-9.7919,-9.3406,-8.3562,-7.2608,-6.5035,-5.6669,-5.0629,-4.7043,-4.5873,-4.6121,-4.8226,-5.0849,-5.5449,-6.0904,-6.5484,-7.1746,-7.8214,-8.4767,-8.9648,-9.6153,-10.224,-10.615,-10.939,-10.998,-10.869,-10.485,-9.9961,-9.5115,-9.1902,-8.8659,-8.6766,-8.6253,-8.6526,-8.7812,-8.9918,-9.1506,-9.2914,-9.2365,-9.0216,-8.5076,-7.8568,-7.356,-6.7819,-6.3846,-6.2067,-6.2128,-6.3592,-6.6592,-6.9205,-7.1379,-7.1651,-7.0181,-6.6251,-6.1153,-5.5601,-5.1861,-4.7881,-4.481,-4.3273,-4.2528,-4.2928,-4.4445,-4.6563,-5.0642,-5.6228,-6.1511,-6.9675,-7.815,-8.3746,-8.8742,-8.9865,-8.8067,-8.5991,-8.3554,-8.2528,-8.3006,-8.5317,-8.9173,-9.3081,-9.9016,-10.538,-11.125,-11.454,-11.669,-11.544,-11.296,-10.749,-10.146,-9.6696,-9.3646,-9.0477,-8.8735,-8.8091,-8.7796,-8.7842,-8.7665,-8.7108,-8.5494,-8.2757,-8.0245,-7.6596,-7.2858,-7.0434,-6.7881,-6.6208,-6.5613,-6.5712,-6.6621,-6.8108,-6.9529,-7.1442,-7.3405,-7.4791,-7.6638,-7.8407,-8.0419
-6.5058,-6.4857,-6.1748,-5.5984,-5.0521,-4.2667,-3.4933,-2.9481,-2.2965,-1.7409,-1.2886,-1.0039,-0.6889,-0.40961,-0.19886,0.10629,0.45804,0.75669,1.1733,1.5811,1.9443,2.1634,2.3677,2.4563,2.443,2.3132,2.0606,1.7927,1.326,0.7241,-0.032777,-0.7324,-1.8914,-3.3946,-4.7972,-7.028,-9.1352,-9.4274,-8.1256,-5.8622,-3.9216,-2.812,-1.7683,-1.1521,-0.94849,-0.99808,-1.4088,-2.1862,-3.0333,-4.5546,-6.5883,-8.4792,-11.28,-13.072,-12.6,-10.636,-8.7691,-7.3902,-6.6311,-5.8595,-5.2414,-4.803,-4.2036,-3.5721,-2.9635,-2.5614,-2.1432,-1.8879,-1.8186,-1.899,-2.1583,-2.4661,-3.0022,-3.6673,-4.4529,-5.1163,-6.1063,-7.2295,-8.195,-9.7106,-11.646,-13.544,-17.098,-22.813,-24.356,-19.325,-14.63,-11.605,-9.9933,-8.434,-7.388,-6.7501,-6.4953,-6.421,-6.6049,-6.8906,-7.4248,-8.1111,-8.6891,-9.5471,-10.49,-11.557,-12.46,-13.907,-15.675,-17.133,-18.858,-19.157,-18.233,-16.424,-14.741,-13.449,-12.714,-12.018,-11.521,-11.223,-10.879,-10.506,-10.085,-9.7328,-9.2234,-8.6859,-8.2693,-7.7175,-7.2043,-6.8613,-6.4697,-6.1882,-5.995,-5.9356,-5.9052,-5.9105,-5.9532,-5.9574,-5.9018,-5.834,-5.6662,-5.4647,-5.2476,-5.0768,-4.9067,-4.8164,-4.7974,-4.8819,-5.1378,-5.5738,-6.051,-6.9503,-8.2122,-9.4622,-11.673,-14.678,-17.435,-20.332,-19.023,-16.405,-14.958,-13.727,-13.12,-12.963,-13.001,-13.189,-13.339,-13.495,-13.524,-13.418,-13.277,-12.96,-12.614,-12.301,-11.883,-11.534,-11.198,-10.936,-10.702,-10.455,-10.292,-10.043,-9.7387,-9.5156,-9.162,-8.7718,-8.4095,-8.1555,-7.8652,-7.668,-7.5936,-7.5916,-7.7126,-7.8748,-8.1549,-8.4755,-8.7731,-8.9538,-9.121,-9.2015,-9.2406,-9.2676,-9.3277,-9.4629
-2.5498,-2.5064,-2.3742,-2.1679,-1.9885,-1.7496,-1.5429,-1.4357,-1.3787,-1.4495,-1.652,-1.8942,-2.2917,-2.6936,-2.9087,-2.9322,-2.5581,-2.0322,-1.1287,-0.17139,0.71309,1.2907,1.9166,2.3706,2.6027,2.7721,2.7879,2.7071,2.4789,2.1213,1.6295,1.1826,0.48754,-0.28988,-0.89312,-1.6252,-2.1657,-2.3929,-2.3466,-2.0845,-1.7237,-1.4732,-1.2311,-1.1436,-1.1896,-1.4162,-1.8161,-2.3822,-2.9036,-3.7056,-4.5538,-5.1634,-5.8136,-6.1345,-6.1131,-5.7728,-5.1955,-4.5267,-4.029,-3.4036,-2.842,-2.4679,-2.0321,-1.6713,-1.4065,-1.2829,-1.2282,-1.3161,-1.4832,-1.8452,-2.359,-2.8434,-3.6133,-4.5213,-5.5399,-6.3787,-7.5739,-8.8606,-9.8903,-11.331,-12.927,-14.237,-16.066,-17.511,-17.437,-16.183,-13.89,-11.743,-10.426,-9.0462,-8.1049,-7.5577,-7.3954,-7.4925,-7.926,-8.4491,-9.3766,-10.49,-11.373,-12.518,-13.551,-14.534,-15.365,-16.821,-19.048,-21.64,-27.152,-29.082,-24.241,-19.812,-17.23,-15.756,-15.147,-14.786,-14.729,-14.708,-14.447,-13.731,-12.604,-11.652,-10.408,-9.2933,-8.5714,-7.7732,-7.1447,-6.7854,-6.4384,-6.2208,-6.1145,-6.0844,-6.1187,-6.1687,-6.1845,-6.233,-6.2372,-6.2017,-6.121,-5.9892,-5.8497,-5.7402,-5.5918,-5.5017,-5.4892,-5.5459,-5.743,-6.1481,-6.6089,-7.4869,-8.7561,-10.028,-12.239,-15.2,-17.804,-20.449,-19.703,-17.768,-16.728,-16.097,-16.187,-16.628,-17.556,-18.597,-19.119,-19.173,-18.513,-17.517,-16.742,-15.805,-14.981,-14.447,-13.931,-13.549,-13.268,-13.193,-13.135,-13.083,-12.967,-12.656,-12.122,-11.586,-10.783,-10.001,-9.3086,-8.8786,-8.4757,-8.2945,-8.307,-8.5461,-9.0446,-9.5801,-10.467,-11.452,-12.325,-12.729,-12.819,-12.474,-12.089,-11.615,-11.326,-11.272
-0.55233,-0.49702,-0.40337,-0.31045,-0.26096,-0.24728,-0.32816,-0.47739,-0.82922,-1.4037,-2.2654,-3.1535,-4.7499,-6.9394,-8.955,-11.099,-9.9444,-7.6346,-4.7183,-2.4252,-0.6814,0.34289,1.4025,2.1778,2.6022,2.9944,3.2148,3.2812,3.2588,3.123,2.8893,2.6587,2.2949,1.8879,1.5719,1.1566,0.77522,0.44252,0.22358,-0.035611,-0.29471,-0.50052,-0.80469,-1.1624,-1.4623,-1.893,-2.3455,-2.8056,-3.1393,-3.5463,-3.8854,-4.0716,-4.1972,-4.1529,-4.0058,-3.6711,-3.2123,-2.6795,-2.2619,-1.7263,-1.2442,-0.93485,-0.6107,-0.41153,-0.34607,-0.3912,-0.58819,-0.95173,-1.3326,-1.9797,-2.7946,-3.5081,-4.5944,-5.8237,-7.1789,-8.2632,-9.7658,-11.26,-12.29,-13.419,-14.122,-14.345,-14.244,-13.763,-12.929,-12.124,-10.928,-9.731,-8.9069,-8.0096,-7.3951,-7.1125,-7.1445,-7.536,-8.3729,-9.3278,-11.099,-13.487,-15.636,-18.328,-19.103,-18.011,-17.125,-16.402,-16.26,-16.372,-16.561,-16.399,-16.018,-15.377,-14.89,-14.796,-15.137,-16.266,-18.498,-21.199,-24.99,-21.582,-16.766,-14.153,-11.617,-9.8193,-8.8293,-7.8655,-7.2331,-6.9358,-6.7471,-6.7415,-6.8995,-7.0699,-7.3579,-7.6788,-7.8768,-8.0841,-8.2045,-8.2077,-8.1448,-7.9882,-7.7559,-7.5713,-7.2795,-6.9593,-6.7427,-6.5067,-6.3483,-6.3389,-6.4595,-6.8071,-7.397,-7.9989,-8.9839,-10.095,-10.919,-11.885,-12.651,-13.308,-13.872,-14.924,-16.521,-18.243,-21.597,-27.127,-35.071,-32.249,-25.55,-22.193,-20.479,-18.823,-17.507,-16.797,-16.046,-15.59,-15.607,-15.933,-16.646,-17.767,-18.531,-18.691,-17.306,-15.646,-13.512,-11.713,-10.309,-9.5438,-8.86,-8.5535,-8.5785,-8.9786,-9.8361,-10.837,-12.803,-15.759,-20.198,-23.732,-21.617,-17.436,-15.325,-13.591,-12.721,-12.534
-0.44762,-0.29139,-0.065356,0.1298,0.23071,0.27329,0.17301,-0.015732,-0.44781,-1.1247,-2.1072,-3.0937,-4.8563,-7.289,-9.6284,-12.393,-11.022,-8.3122,-5.1296,-2.7464,-0.96903,0.060956,1.1192,1.8922,2.3229,2.7339,2.9968,3.1123,3.1798,3.1655,3.0842,2.9812,2.8008,2.5678,2.3658,2.0472,1.6829,1.2616,0.89809,0.35217,-0.28268,-0.81314,-1.5914,-2.4205,-3.0376,-3.7938,-4.439,-4.931,-5.1919,-5.4217,-5.5362,-5.5366,-5.398,-5.0782,-4.7126,-4.0759,-3.3264,-2.5406,-1.9632,-1.2574,-0.66594,-0.31286,0.016446,0.16053,0.11831,-0.045207,-0.44499,-1.0542,-1.6482,-2.608,-3.7663,-4.7533,-6.2146,-7.8299,-9.6208,-11.111,-13.355,-15.942,-18.124,-20.649,-20.626,-18.99,-16.417,-14.158,-12.202,-10.93,-9.4522,-8.189,-7.3935,-6.5638,-6.0054,-5.7713,-5.8228,-6.2353,-7.0989,-8.1074,-10.038,-12.873,-15.817,-20.672,-20.973,-17.173,-15.053,-13.204,-12.114,-11.588,-11.151,-10.897,-10.78,-10.758,-10.929,-11.362,-11.932,-13.09,-14.729,-16.139,-17.188,-16.064,-13.684,-11.965,-10.091,-8.7326,-8.0188,-7.4058,-7.1431,-7.1513,-7.3918,-7.8807,-8.579,-9.2135,-10.133,-11.089,-11.735,-12.311,-12.591,-12.566,-12.339,-12.005,-11.568,-11.237,-10.691,-9.9569,-9.335,-8.4422,-7.582,-6.8264,-6.401,-6.021,-5.8639,-5.8996,-6.1402,-6.5525,-6.967,-7.6327,-8.434,-9.406,-10.296,-11.734,-13.542,-15.177,-17.739,-20.502,-22.234,-23.492,-23.709,-23.383,-22.784,-21.487,-19.89,-18.764,-17.428,-16.658,-16.611,-17.059,-18.392,-21.175,-24.971,-30.973,-22.823,-18.477,-14.647,-12.028,-10.217,-9.2443,-8.3423,-7.869,-7.7842,-8.0413,-8.7346,-9.5527,-11.117,-13.207,-15.524,-16.679,-16.28,-14.526,-13.247,-12.026,-11.396,-11.413
-2.2957,-1.7757,-1.0556,-0.42952,-0.070817,0.23568,0.32402,0.2546,-0.01008,-0.45386,-1.0467,-1.5643,-2.3,-2.9886,-3.3687,-3.5478,-3.2275,-2.7082,-1.7908,-0.82882,0.032568,0.57139,1.1388,1.5345,1.7375,1.9119,2.0125,2.0563,2.0993,2.1271,2.1431,2.139,2.1091,2.029,1.9311,1.7305,1.4262,0.99544,0.56543,-0.17955,-1.1454,-2.0427,-3.4788,-5.1655,-6.5268,-8.2023,-9.3071,-9.6538,-9.6056,-9.4722,-9.4719,-9.5263,-9.4878,-9.0111,-8.2521,-6.8162,-5.2103,-3.6855,-2.6652,-1.5184,-0.61971,-0.11608,0.32301,0.50325,0.41475,0.16793,-0.40953,-1.2615,-2.0928,-3.4543,-5.0792,-6.4423,-8.3901,-10.395,-12.375,-13.826,-15.882,-18.409,-20.876,-24.668,-24.082,-20.801,-16.8,-13.754,-11.366,-9.8578,-8.1256,-6.6833,-5.7708,-4.7872,-4.0618,-3.6162,-3.4688,-3.5383,-3.9039,-4.371,-5.2195,-6.2294,-6.9953,-7.7886,-8.1284,-7.9816,-7.6786,-7.235,-6.8425,-6.6254,-6.4397,-6.3845,-6.4065,-6.5089,-6.7043,-7.0026,-7.269,-7.6599,-8.0279,-8.2209,-8.2657,-8.0193,-7.5484,-7.128,-6.6221,-6.2609,-6.1389,-6.2087,-6.5627,-7.0229,-7.9039,-9.1168,-10.619,-12.02,-14.218,-16.791,-18.985,-21.24,-21.041,-19.966,-18.392,-17.43,-17.137,-17.106,-17,-15.867,-14.174,-11.653,-9.3316,-7.4149,-6.2575,-5.0858,-4.2744,-3.876,-3.6049,-3.5944,-3.7448,-4.1332,-4.7301,-5.5472,-6.3028,-7.5108,-8.9467,-10.17,-11.992,-14.017,-15.699,-18.284,-21.699,-27.58,-37.776,-28.403,-21.791,-18.909,-16.577,-15.253,-14.566,-14.325,-14.465,-14.792,-14.945,-14.701,-13.747,-12.644,-11.025,-9.5045,-8.2113,-7.3968,-6.5745,-6.04,-5.8343,-5.8033,-6.0379,-6.363,-6.9337,-7.574,-8.1333,-8.4107,-8.5074,-8.356,-8.1442,-7.8689,-7.7195,-7.7808
-6.3668,-4.3367,-2.2388,-0.77161,-0.022503,0.58273,0.81726,0.78988,0.54542,0.14741,-0.2965,-0.59055,-0.84637,-0.90879,-0.8181,-0.54846,-0.15135,0.18654,0.61524,0.98454,1.2246,1.298,1.2471,1.0432,0.81125,0.46483,0.15325,0.0043023,-0.053617,0.042288,0.23304,0.40882,0.62533,0.81199,0.90449,0.96886,0.91048,0.68871,0.38545,-0.27673,-1.3114,-2.3985,-4.4026,-7.3135,-10.452,-17.409,-27.318,-17.188,-14.211,-12.693,-12.95,-14.288,-18.128,-21.698,-16.788,-10.939,-7.1005,-4.3554,-2.7751,-1.1367,0.067276,0.72072,1.2882,1.526,1.4258,1.1301,0.43176,-0.6427,-1.7127,-3.533,-5.8607,-7.9731,-11.287,-14.776,-17.172,-17.532,-17.034,-16.575,-16.277,-15.864,-15.038,-14.142,-12.616,-10.897,-9.1119,-7.7875,-6.1206,-4.6008,-3.5688,-2.371,-1.3996,-0.64698,-0.23856,0.10774,0.23648,0.21314,0.043918,-0.23124,-0.47596,-0.79409,-1.0674,-1.2841,-1.4173,-1.5781,-1.7382,-1.8823,-2.0967,-2.3277,-2.5153,-2.7564,-2.9711,-3.1485,-3.2442,-3.3137,-3.3246,-3.2855,-3.2113,-3.0961,-2.991,-2.9504,-3.0033,-3.227,-3.5295,-4.1648,-5.0877,-5.9835,-7.4781,-9.2953,-11.482,-13.314,-16.152,-19.657,-22.896,-27.587,-25.995,-23.023,-20.281,-19.145,-19.63,-21.366,-27.515,-26.72,-18.732,-12.779,-8.8935,-6.0897,-4.4702,-2.8266,-1.6479,-1.0158,-0.45603,-0.19925,-0.17518,-0.35458,-0.75499,-1.3513,-1.9131,-2.8171,-3.8886,-4.7934,-6.1385,-7.6421,-8.884,-10.682,-12.589,-14.301,-15.011,-14.739,-13.543,-12.562,-11.422,-10.569,-10.024,-9.8075,-9.6817,-9.6048,-9.507,-9.2375,-8.7308,-8.1948,-7.3463,-6.3914,-5.399,-4.7151,-3.9532,-3.3783,-3.0805,-2.8643,-2.8451,-2.9511,-3.1964,-3.5103,-3.8172,-3.9987,-4.1247,-4.1018,-4.0092,-3.8129,-3.6107,-3.4339
-5.1718,-2.7991,-0.51795,0.95396,1.6428,2.079,2.0391,1.7131,0.91981,-0.2002,-1.4278,-2.134,-2.3574,-1.6756,-0.85817,0.28554,1.2365,1.786,2.2623,2.4299,2.2863,1.9646,1.2221,0.12512,-0.92338,-2.5303,-4.0472,-4.7441,-4.7565,-4.0044,-3.095,-2.4956,-1.857,-1.3162,-0.9247,-0.39316,0.13377,0.54278,0.71166,0.67854,0.26786,-0.32109,-1.5343,-3.2159,-4.7422,-6.788,-8.0815,-8.2621,-8.0541,-7.9954,-8.5103,-9.289,-10.46,-10.62,-9.4658,-6.9938,-4.4803,-2.3059,-0.91886,0.63066,1.8323,2.5158,3.1394,3.4195,3.3623,3.0894,2.4086,1.3266,0.23853,-1.6549,-4.1495,-6.542,-10.689,-16.509,-21.107,-18.7,-15.487,-13.685,-12.933,-12.303,-11.907,-11.516,-10.763,-9.5046,-7.8284,-6.4142,-4.4753,-2.5986,-1.3177,0.21837,1.5208,2.5926,3.2453,3.9252,4.3939,4.6175,4.7645,4.7544,4.6669,4.4463,4.1363,3.7389,3.3875,2.87,2.2805,1.808,1.1425,0.48611,0.023045,-0.50948,-0.87064,-0.99519,-0.94612,-0.72282,-0.37738,-0.093382,0.2671,0.53798,0.67722,0.66453,0.47944,0.042492,-0.4703,-1.4307,-2.7546,-4.0181,-6.096,-8.6585,-11.594,-13.961,-16.595,-17.906,-18.292,-17.829,-16.866,-16.038,-14.941,-13.996,-13.208,-12.765,-11.907,-10.367,-8.7088,-6.2596,-3.8734,-1.7868,-0.44771,1.0206,2.1333,2.7485,3.308,3.5958,3.6502,3.5287,3.215,2.7467,2.3058,1.629,0.87197,0.25981,-0.58155,-1.4623,-2.119,-2.9722,-3.7497,-4.3666,-4.7036,-4.9204,-4.9483,-4.9192,-4.853,-4.8678,-5.0675,-5.357,-5.7824,-6.2889,-6.6538,-6.954,-6.8735,-6.5286,-5.6321,-4.4502,-3.2033,-2.3457,-1.3332,-0.55641,-0.13842,0.17922,0.23371,0.10992,-0.26318,-0.80954,-1.4337,-1.8563,-2.211,-2.1529,-1.8355,-1.1611,-0.38405,0.32329
1.3594,1.9441,2.6849,3.219,3.4178,3.3637,2.8693,2.1553,0.60507,-1.9419,-6.3108,-12.8,-17.425,-6.7001,-3.1916,-0.38936,1.2853,2.0485,2.5908,2.6329,2.2241,1.6159,0.36007,-1.5217,-3.4983,-7.3457,-14.292,-30.924,-15.594,-10.08,-7.7991,-7.1005,-6.908,-7.0393,-6.6903,-5.2861,-3.2503,-1.345,-0.22251,0.85146,1.459,1.6267,1.5404,1.1652,0.76039,0.14194,-0.44755,-0.98176,-1.3729,-1.9205,-2.5443,-3.0252,-3.59,-3.8849,-3.8322,-3.3599,-2.42,-1.1421,-0.097665,1.258,2.4409,3.1575,3.8493,4.2242,4.2835,4.1152,3.6065,2.7844,1.96,0.5869,-1.0577,-2.4444,-4.404,-6.23,-7.6423,-8.3686,-8.9825,-9.4852,-10.043,-11.087,-12.699,-14.304,-16.284,-15.156,-11.35,-8.5079,-5.2593,-2.6016,-0.90943,1.0444,2.6867,4.0413,4.8942,5.8162,6.5097,6.8783,7.1832,7.2805,7.2234,6.9762,6.5383,5.9239,5.351,4.436,3.3631,2.4643,1.1488,-0.28952,-1.4039,-2.81,-3.806,-3.9419,-3.4139,-2.2015,-0.85926,0.04758,1.0631,1.782,2.2058,2.3304,2.2369,1.8417,1.3267,0.34333,-1.0394,-2.3746,-4.6523,-7.6534,-11.879,-16.372,-27.765,-23.029,-18.248,-15,-13.088,-12.01,-10.893,-9.7667,-8.5571,-7.5401,-6.0826,-4.4505,-3.1345,-1.3872,0.30527,1.8093,2.7947,3.9023,4.7381,5.1895,5.5527,5.674,5.6096,5.3494,4.9241,4.3707,3.9043,3.2697,2.6744,2.2775,1.8289,1.4729,1.2423,0.96897,0.72534,0.49513,0.32499,0.077245,-0.20095,-0.43484,-0.86663,-1.4842,-2.3168,-3.0994,-4.4458,-6.2438,-7.9505,-10.749,-13.006,-12.25,-8.9702,-5.8374,-3.3916,-1.9175,-0.37193,0.74329,1.3093,1.7239,1.7384,1.4818,0.73104,-0.56368,-2.5372,-4.521,-7.3148,-7.3887,-5.1702,-2.0786,0.29873,1.9909
2.6007,2.756,2.9266,3.0232,3.0095,2.8421,2.433,1.9352,0.98449,-0.28722,-1.7148,-2.583,-2.8576,-2.0168,-1.0804,0.058464,0.8795,1.2239,1.3305,1.0826,0.47459,-0.20924,-1.4109,-2.9535,-4.2869,-6.227,-8.0394,-8.9579,-9.369,-9.253,-9.381,-10.018,-12.172,-17.658,-26.352,-14.401,-7.932,-4.1912,-2.2315,-0.37507,0.885,1.522,2.0579,2.2858,2.311,2.1819,1.8809,1.442,1.0016,0.25884,-0.69642,-1.5766,-3.0283,-4.8369,-6.3523,-7.9354,-7.5085,-5.2369,-3.3538,-1.2157,0.40181,1.2979,2.1193,2.5787,2.7121,2.6295,2.2999,1.7509,1.1997,0.33304,-0.69357,-1.539,-2.7235,-3.9435,-5.1308,-5.987,-7.1016,-8.316,-9.3174,-10.966,-13.058,-15.16,-17.877,-16.986,-13.029,-10.198,-7.0503,-4.4377,-2.7223,-0.72078,1.0327,2.5494,3.5337,4.6411,5.5005,5.9801,6.3915,6.5431,6.474,6.1517,5.5506,4.6712,3.8352,2.4634,0.83504,-0.55649,-2.6052,-4.9528,-7.0137,-10.742,-17.689,-22.38,-13.501,-7.7403,-4.2974,-2.4822,-0.76716,0.3791,1.0708,1.3404,1.3861,1.1342,0.75936,0.0096009,-1.0158,-1.9726,-3.4996,-5.2982,-7.3103,-8.7931,-10.379,-11.128,-11.167,-11.164,-11.183,-11.24,-11.332,-11.04,-9.9119,-8.4116,-6.1535,-3.9324,-2.3835,-0.50058,1.0915,2.4188,3.2175,4.0383,4.5859,4.8191,4.8949,4.7029,4.3924,3.7659,2.9134,1.8801,1.0536,0.010226,-0.75188,-1.0113,-0.96443,-0.59033,-0.24166,0.19821,0.5319,0.72087,0.77313,0.68848,0.43481,0.13179,-0.46652,-1.2878,-2.347,-3.2967,-4.9569,-7.095,-9.0417,-12.207,-14.86,-14.17,-10.611,-7.2201,-4.56,-2.9502,-1.255,-0.00084038,0.66619,1.2103,1.3461,1.1632,0.51127,-0.70452,-2.6136,-4.5606,-7.4129,-7.4119,-5.0789,-1.8697,0.57278,2.3218
1.7243,1.6771,1.6065,1.5844,1.6228,1.7116,1.8037,1.8279,1.7759,1.6331,1.4331,1.3095,1.2079,1.197,1.2007,1.1821,1.0355,0.82145,0.33804,-0.34758,-1.2309,-1.9999,-3.1215,-4.2876,-5.1133,-6.0925,-6.821,-7.2005,-7.4811,-7.5598,-7.6127,-7.6942,-7.9052,-7.9186,-7.5077,-6.2853,-4.5212,-2.702,-1.4727,-0.084724,0.99875,1.6405,2.2799,2.7167,2.9168,3.0325,2.963,2.6975,2.363,1.6936,0.72016,-0.27699,-2.0881,-4.7356,-7.5658,-12.59,-12.152,-7.2086,-4.5457,-2.1401,-0.60591,0.13279,0.69525,0.88049,0.79412,0.61236,0.27541,-0.14183,-0.49756,-1.0475,-1.707,-2.2715,-3.117,-4.0879,-5.1405,-5.9681,-7.1117,-8.2437,-9.0192,-9.9921,-10.776,-11.187,-11.374,-11.02,-10.178,-9.2898,-7.8418,-6.2156,-4.9062,-3.105,-1.2847,0.44244,1.6158,2.9699,4.0454,4.6613,5.2044,5.4237,5.3719,5.002,4.2787,3.1636,2.0455,0.17036,-2.212,-4.2906,-7.2831,-9.8875,-11.032,-11.58,-11.447,-10.35,-8.7707,-6.3121,-4.0462,-2.6622,-1.2567,-0.31079,0.22802,0.40311,0.38854,0.1361,-0.15854,-0.66442,-1.2461,-1.7312,-2.422,-3.1951,-3.973,-4.5708,-5.366,-6.1619,-6.7828,-7.8077,-9.3062,-11.047,-14.933,-25.074,-19.202,-12.356,-7.2553,-3.8521,-1.9441,0.069495,1.5953,2.7271,3.3464,3.8787,4.1148,4.099,3.8417,3.2981,2.7027,1.6167,0.1319,-1.86,-3.8081,-7.1756,-10.751,-10.965,-7.8504,-4.9304,-3.3123,-1.7703,-0.76135,-0.14552,0.10276,0.21182,0.073302,-0.20473,-0.75453,-1.5232,-2.5187,-3.4321,-4.8424,-6.352,-7.4938,-8.6574,-9.1378,-8.8454,-7.715,-6.0643,-4.2945,-3.0077,-1.488,-0.26377,0.45899,1.1425,1.5359,1.644,1.5702,1.3017,0.93987,0.69295,0.56358,0.81486,1.2772,2.1181,3.0216,3.8208
0.41084,-0.25362,-1.1456,-1.5749,-1.3198,-0.36138,0.83844,1.6574,2.5111,3.0744,3.3841,3.4661,3.4056,3.155,2.8575,2.3137,1.5777,0.91244,-0.11387,-1.3393,-2.7134,-3.8338,-5.3875,-6.8789,-7.8721,-8.7013,-8.824,-8.4751,-7.6389,-6.6694,-5.7091,-5.0347,-4.17,-3.3162,-2.7021,-1.8153,-0.91855,-0.030484,0.58611,1.33,1.9588,2.3816,2.8846,3.3521,3.6658,4.0214,4.2879,4.4021,4.3753,4.1521,3.7011,3.2083,2.3741,1.4191,0.71982,0.034816,-0.14161,0.15496,0.52339,0.95075,1.147,1.0761,0.67768,-0.040288,-0.94404,-1.6272,-2.3312,-2.6621,-2.7009,-2.7175,-2.826,-3.0626,-3.646,-4.4904,-5.6309,-6.6503,-8.0942,-9.4166,-10.21,-10.794,-10.936,-10.787,-10.548,-10.393,-10.303,-10.315,-10.361,-9.9752,-8.9319,-6.581,-3.8376,-1.2559,0.42283,2.2666,3.6874,4.4824,5.2012,5.54,5.5607,5.2553,4.5651,3.4625,2.3134,0.28116,-2.4983,-5.3441,-10.994,-22.101,-18.02,-10.979,-7.4673,-5.1635,-3.7826,-2.224,-0.98052,-0.25681,0.42155,0.75415,0.73203,0.49497,-0.041679,-0.75672,-1.2977,-1.8328,-2.0488,-2.0043,-1.8125,-1.599,-1.4974,-1.5005,-1.6437,-1.9754,-2.3795,-3.0305,-3.9129,-4.6848,-5.7252,-6.1973,-5.4255,-4.0769,-1.9554,0.033417,1.3029,2.6757,3.6884,4.3476,4.633,4.7394,4.5505,4.2373,3.614,2.7949,2.0587,0.89327,-0.52676,-2.3274,-4.0133,-6.7755,-9.3398,-9.4061,-7.0708,-4.5158,-3.0038,-1.5448,-0.58582,0.00017178,0.22904,0.32893,0.22447,0.018547,-0.40923,-1.064,-1.9962,-2.9421,-4.4658,-6.4245,-8.2483,-11.007,-12.786,-11.931,-9.071,-6.1518,-3.6937,-2.1789,-0.56603,0.67911,1.4009,2.1239,2.6237,2.893,3.1472,3.3504,3.549,3.7221,4.0348,4.4195,4.7441,5.1881,5.58,5.8689
-0.29814,-2.376,-7.3018,-21.932,-11.957,-3.9023,-0.031462,1.8177,3.4505,4.4161,4.8961,4.9807,4.7931,4.291,3.7357,2.7384,1.4998,0.398,-1.2255,-3.0583,-5.0908,-6.7783,-9.4055,-12.653,-15.82,-20.147,-17.597,-13.779,-9.9452,-7.1216,-4.9655,-3.6515,-2.1669,-0.99642,-0.27581,0.49768,1.0516,1.392,1.5315,1.5772,1.5685,1.5945,1.8268,2.3511,2.9299,3.8177,4.695,5.4454,5.8727,6.2565,6.4233,6.4263,6.2953,6.0627,5.8514,5.5665,5.2871,4.9881,4.7164,4.2207,3.4554,2.6357,1.1043,-1.091,-4.2373,-7.3586,-11.074,-9.3954,-7.0663,-4.9302,-3.8594,-3.62,-3.9245,-4.8738,-6.4762,-8.1255,-11.107,-15.098,-17.988,-17.588,-14.594,-12.862,-11.332,-10.636,-10.781,-11.616,-14.473,-23.277,-23.694,-11.278,-5.5581,-1.779,0.33474,2.5119,4.0956,4.9568,5.7444,6.1578,6.2376,6.07,5.5941,4.8306,4.0801,2.8336,1.3578,0.16513,-1.3289,-2.2913,-2.4207,-1.8413,-0.85231,0.20279,0.90392,1.6869,2.251,2.5106,2.5845,2.3025,1.6051,0.75909,-0.91486,-3.3083,-5.5914,-8.2095,-7.3639,-5.2573,-2.7672,-0.97626,0.18295,0.76149,1.2401,1.4693,1.5297,1.4868,1.4101,1.3822,1.4645,1.751,2.304,2.8501,3.7123,4.5867,5.187,5.8175,6.1948,6.2786,6.1252,5.6377,4.82,4.0221,2.7721,1.4824,0.61185,-0.25914,-0.82445,-1.227,-1.4885,-1.7755,-1.8898,-1.796,-1.4076,-0.89955,-0.52329,-0.134,0.081887,0.1049,0.040093,-0.13511,-0.32081,-0.4162,-0.58907,-0.85938,-1.3638,-1.9463,-3.0841,-4.8293,-6.6675,-10.003,-12.966,-11.55,-7.493,-4.2273,-1.8149,-0.47688,0.87576,1.8178,2.2972,2.7147,2.9326,3.0353,3.1884,3.4511,3.8852,4.3248,4.9955,5.69,6.1625,6.6836,7.0282,7.1535
1.4263,0.57451,-0.58438,-1.135,-0.78483,0.52204,2.0493,3.0423,4.0214,4.5886,4.7384,4.5962,4.0672,3.1709,2.2444,0.67713,-1.2419,-2.8954,-5.3452,-7.8854,-10.372,-12.086,-14.254,-16.335,-17.854,-18.885,-17.233,-14.716,-11.205,-8.1882,-5.6775,-4.1462,-2.4897,-1.2505,-0.55868,0.026794,0.23423,0.023411,-0.44329,-1.5415,-3.23,-4.8118,-6.3189,-5.0568,-2.8721,-0.069974,2.1238,3.7728,4.711,5.6401,6.2696,6.5788,6.8105,6.8738,6.8396,6.6972,6.448,6.0764,5.6925,5.0046,4.046,3.1038,1.4616,-0.70357,-3.5005,-5.9037,-8.3085,-7.7906,-6.4256,-4.9294,-4.1792,-4.0604,-4.4217,-5.4167,-6.9758,-8.5607,-11.312,-14.553,-16.704,-16.656,-14.418,-12.875,-11.273,-10.145,-9.5188,-9.2672,-8.9997,-8.4215,-7.4495,-5.4579,-3.101,-0.87396,0.57517,2.1558,3.3381,3.9805,4.5394,4.7995,4.8157,4.6587,4.3414,3.9025,3.5347,3.0209,2.5015,2.1596,1.7995,1.6251,1.61,1.7707,2.0701,2.421,2.6746,2.9421,3.0793,3.0627,2.8405,2.3296,1.4671,0.53053,-1.2262,-3.7005,-6.1212,-9.008,-7.9301,-5.5212,-2.7834,-0.86724,0.42067,1.0634,1.6097,1.9143,2.0622,2.1741,2.3259,2.5031,2.8864,3.4256,4.0798,4.5956,5.2789,5.882,6.2381,6.5174,6.529,6.2116,5.7155,4.6524,3.0522,1.4151,-1.4812,-5.3012,-8.1801,-8.4707,-5.9198,-3.8408,-2.8039,-1.895,-1.344,-1.0944,-0.89836,-0.86717,-0.98599,-1.3453,-1.9867,-2.9365,-3.783,-4.8825,-5.4517,-5.2864,-4.4668,-3.4716,-2.6902,-2.3175,-2.2117,-2.4061,-2.6626,-2.9869,-3.0225,-2.7498,-2.0506,-1.1586,-0.30352,0.22018,0.72722,0.93802,0.88487,0.50111,-0.22446,-0.95417,-1.8941,-2.1778,-1.253,-0.00047745,1.7828,3.357,4.3081,5.2386,5.7961,5.9679
