-10.022,-9.9051,-9.2989,-8.3549,-7.5331,-6.3929,-5.3075,-4.5546,-3.6495,-2.8284,-2.1104,-1.6074,-1.0195,-0.50215,-0.1498,0.27979,0.65979,0.92015,1.2339,1.5095,1.7514,1.8978,2.0702,2.2099,2.2886,2.3718,2.4181,2.4249,2.4042,2.347,2.2486,2.1561,1.9972,1.7969,1.6223,1.3497,1.0217,0.65626,0.34064,-0.11648,-0.64248,-1.0729,-1.7063,-2.4236,-3.0146,-3.8814,-4.8515,-5.9507,-6.8358,-8.1935,-9.7211,-11.011,-12.977,-15.313,-17.416,-20.948,-25.948,-34.526,-34.856,-28.118,-24.432,-22.638,-21,-19.879,-19.033,-18.454,-17.811,-17.21,-16.767,-16.051,-15.505,-15.071,-14.542,-14.068,-13.619,-13.293,-12.935,-12.607,-12.419,-12.173,-11.962,-11.785,-11.474,-11.146,-10.853,-10.683,-10.542,-10.523,-10.577,-10.729,-10.897,-11.105,-11.129,-10.988,-10.433,-9.7034,-8.3938,-6.8072,-5.5533,-3.8822,-2.2827,-0.75561,0.33169,1.6963,2.9716,3.862,4.9658,5.9778,6.6796,7.5409,8.3186,9.0133,9.4856,10.046,10.527,10.838,11.187,11.463,11.663,11.769,11.846,11.853,11.812,11.7,11.522,11.346,11.056,10.708,10.302,9.9593,9.4627,8.9207,8.4818,7.8649,7.2107,6.6962,5.9885,5.2558,4.5015,3.924,3.135,2.3271,1.7172,0.88534,0.041423,-0.82514,-1.4708,-2.3595,-3.2592,-3.9452,-4.897,-5.8835,-6.6712,-7.8298,-9.1444,-10.69,-12.03,-14.194,-16.878,-19.384,-23.688,-25.964,-23.11,-18.987,-15.92,-13.775,-12.535,-11.267,-10.336,-9.8059,-9.2945,-8.9542,-8.7982,-8.7764,-8.9053,-9.1351,-9.3871,-9.7509,-10.17,-10.454,-10.775,-10.955,-10.869,-10.588,-10.024,-9.2858,-8.6533,-7.7543,-6.8791,-6.2687,-5.5137,-4.8231,-4.2182,-3.8277,-3.3506,-2.9539,-2.7193,-2.4622,-2.2911,-2.1976
-0.86805,-0.7758,-0.65368,-0.53316,-0.44716,-0.34028,-0.2475,-0.19081,-0.13197,-0.10023,-0.096368,-0.10769,-0.13811,-0.17527,-0.20721,-0.23842,-0.24496,-0.23116,-0.17633,-0.083067,0.037804,0.14761,0.30408,0.45734,0.56109,0.66543,0.72954,0.73977,0.6947,0.57751,0.38364,0.18807,-0.1404,-0.53879,-0.88364,-1.378,-1.9131,-2.4547,-2.8481,-3.3351,-3.7522,-4.0168,-4.2978,-4.5226,-4.6594,-4.8286,-5.0036,-5.2014,-5.3654,-5.6209,-5.9124,-6.1486,-6.4692,-6.7917,-7.0213,-7.3125,-7.5625,-7.7901,-7.9495,-8.1682,-8.4131,-8.6339,-9.0016,-9.4501,-10.018,-10.537,-11.387,-12.461,-13.432,-15.072,-17.292,-19.468,-23.263,-25.983,-23.017,-19.98,-16.848,-14.526,-13.178,-11.736,-10.612,-9.9265,-9.1874,-8.5926,-8.1221,-7.8201,-7.4852,-7.2292,-7.0599,-6.8534,-6.6347,-6.3672,-6.1156,-5.6884,-5.1459,-4.6545,-3.8872,-2.9871,-2.2425,-1.1594,-0.024623,1.1595,2.0589,3.2598,4.4399,5.3022,6.4124,7.4616,8.2042,9.1318,9.978,10.739,11.255,11.859,12.37,12.691,13.033,13.276,13.417,13.455,13.414,13.263,13.077,12.729,12.263,11.833,11.147,10.327,9.36,8.5359,7.295,5.8841,4.7118,3.0083,1.2009,-0.13123,-1.6435,-2.5128,-2.5819,-2.2567,-1.6156,-0.97232,-0.54962,-0.10569,0.20514,0.38794,0.45329,0.45666,0.37499,0.26418,0.057811,-0.2081,-0.43932,-0.78552,-1.1633,-1.5543,-1.8461,-2.2286,-2.5925,-2.8431,-3.148,-3.3926,-3.543,-3.6986,-3.8216,-3.9278,-4.0165,-4.1521,-4.3225,-4.4886,-4.7726,-5.1161,-5.5339,-5.8886,-6.3966,-6.9211,-7.3209,-7.8121,-8.2155,-8.4232,-8.5504,-8.4987,-8.2831,-8.0188,-7.5654,-7.0208,-6.58,-5.9847,-5.4105,-4.9972,-4.4883,-4.0321,-3.6421,-3.3976,-3.1333,-2.9467,-2.8539,-2.7838,-2.7754,-2.8247
3.3632,3.3499,3.2657,3.1124,2.943,2.6425,2.2611,1.9211,1.3834,0.73922,-0.014653,-0.65998,-1.6383,-2.7822,-3.75,-5.2111,-6.81,-7.9033,-8.779,-8.4058,-6.9921,-5.7025,-4.0293,-2.5937,-1.6934,-0.72989,-0.023707,0.34459,0.6297,0.67348,0.47554,0.1725,-0.45296,-1.3625,-2.257,-3.7927,-5.8004,-8.5164,-11.308,-16.938,-24.696,-19.246,-13.281,-9.8521,-8.0491,-6.2125,-4.7796,-3.613,-2.8709,-2.0184,-1.2801,-0.80136,-0.23829,0.242,0.55351,0.90217,1.1755,1.3814,1.4908,1.5678,1.574,1.5301,1.4008,1.1947,0.90791,0.64196,0.22081,-0.26071,-0.65095,-1.1911,-1.7106,-2.0692,-2.4597,-2.7307,-2.865,-2.8821,-2.8271,-2.7361,-2.6809,-2.6421,-2.7169,-2.8292,-3.0919,-3.5011,-4.0381,-4.5463,-5.3489,-6.2607,-7.0276,-8.0824,-9.1372,-10.171,-10.948,-11.965,-12.933,-13.328,-12.902,-10.841,-8.7507,-5.8598,-3.1375,-0.67221,1.0141,3.0636,4.9186,6.1942,7.7494,9.1595,10.126,11.299,12.347,13.275,13.894,14.619,15.229,15.608,16.019,16.312,16.488,16.543,16.51,16.353,16.152,15.77,15.254,14.776,14.012,13.099,12.03,11.121,9.7652,8.2588,7.0397,5.3545,3.7328,2.7054,1.7997,1.5364,1.7702,2.1112,2.6287,3.1089,3.4261,3.7687,4.0212,4.1914,4.2731,4.3203,4.3134,4.2718,4.1799,4.0456,3.9168,3.7161,3.4815,3.2271,3.0293,2.7674,2.5078,2.3196,2.0762,1.8427,1.6679,1.4452,1.2026,0.93535,0.70776,0.35886,-0.075376,-0.45426,-1.0742,-1.8417,-2.7835,-3.6373,-5.0184,-6.7457,-8.3428,-11.178,-15.226,-19.661,-22.669,-16.667,-12.501,-10.375,-8.2276,-6.6147,-5.67,-4.6404,-3.8306,-3.3462,-2.8398,-2.4645,-2.2331,-2.1453,-2.1583,-2.3133,-2.5345,-2.9864,-3.6255,-4.4922
3.8247,3.7875,3.6552,3.3803,3.0729,2.5108,1.7562,1.0557,-0.061912,-1.3937,-2.929,-4.1662,-5.8349,-7.3713,-8.3188,-9.2714,-9.9711,-10.348,-10.431,-9.6323,-7.8623,-6.2506,-4.1272,-2.2495,-1.0554,0.26196,1.2678,1.8267,2.331,2.5722,2.544,2.3707,1.9311,1.2392,0.56668,-0.52591,-1.8131,-3.2011,-4.2807,-5.6576,-6.9008,-7.7039,-8.6495,-9.3884,-9.6338,-9.1703,-7.7026,-5.6666,-4.1049,-2.1456,-0.4261,0.71194,2.0303,3.1525,3.8775,4.7064,5.3888,5.9472,6.2888,6.647,6.9145,7.0604,7.1842,7.2404,7.2301,7.1886,7.089,6.9453,6.8164,6.6207,6.4085,6.24,6.005,5.7616,5.5021,5.2993,4.99,4.6316,4.32,3.8294,3.2247,2.6852,1.8169,0.73313,-0.61374,-1.8341,-3.8094,-6.3346,-8.679,-12.46,-15.898,-14.909,-12.814,-10.711,-9.4392,-8.8707,-8.2276,-7.3054,-6.2199,-4.3163,-2.1351,0.044076,1.6028,3.5276,5.276,6.4802,7.9498,9.2937,10.218,11.358,12.397,13.34,13.989,14.769,15.451,15.896,16.398,16.791,17.068,17.199,17.272,17.224,17.109,16.848,16.467,16.103,15.517,14.824,14.033,13.382,12.446,11.457,10.697,9.6618,8.6376,7.8882,6.9194,6.0188,5.1852,4.617,3.962,3.4486,3.1814,2.9932,2.9704,3.0841,3.2162,3.3999,3.542,3.6077,3.611,3.5069,3.3455,3.0109,2.5383,1.944,1.4407,0.74476,0.086644,-0.32332,-0.66271,-0.72978,-0.60885,-0.2839,0.12309,0.50859,0.7703,1.0049,1.1191,1.117,0.98871,0.73078,0.35953,0.0067956,-0.55001,-1.1759,-1.6689,-2.2868,-2.8629,-3.2064,-3.5418,-3.6929,-3.7217,-3.683,-3.6049,-3.5239,-3.4704,-3.4501,-3.4226,-3.4213,-3.4314,-3.4008,-3.3363,-3.2733,-3.1358,-3.0341,-3.0036,-3.0599,-3.2754,-3.6738
0.42477,0.87962,1.2716,1.4055,1.3415,1.0304,0.42579,-0.22183,-1.37,-2.8992,-4.8043,-6.504,-8.9444,-10.773,-10.846,-9.4437,-7.5907,-6.2889,-4.7551,-3.4219,-2.1934,-1.3392,-0.25829,0.73839,1.4066,2.2025,2.8602,3.2578,3.6623,3.9196,4.009,3.9771,3.8008,3.4707,3.1375,2.5807,1.9046,1.1144,0.462,-0.51534,-1.582,-2.4345,-3.6464,-4.8299,-5.5169,-5.803,-5.1376,-3.7996,-2.5989,-1.0093,0.46377,1.4574,2.6365,3.6458,4.3102,5.07,5.7021,6.2254,6.5403,6.8765,7.1178,7.2437,7.3447,7.3743,7.3435,7.2903,7.1845,7.0546,6.9418,6.7879,6.6324,6.5232,6.3874,6.2645,6.1556,6.0704,5.9499,5.8057,5.6767,5.4619,5.1905,4.944,4.5503,4.0926,3.5572,3.1322,2.5406,1.9519,1.5463,1.0866,0.759,0.59926,0.57611,0.62886,0.74552,0.8716,1.0894,1.3576,1.588,1.9271,2.3043,2.7162,3.0432,3.4958,3.9621,4.322,4.8407,5.4295,5.9387,6.7165,7.6092,8.5742,9.3261,10.316,11.252,11.897,12.659,13.29,13.787,14.064,14.308,14.405,14.381,14.23,13.941,13.639,13.127,12.496,11.759,11.136,10.222,9.218,8.4058,7.2416,5.9774,4.9528,3.4461,1.7332,-0.30309,-2.1644,-5.3358,-9.9339,-14.733,-14.525,-8.8698,-5.2639,-3.4049,-1.6346,-0.46045,0.1423,0.60466,0.7472,0.64037,0.22083,-0.55415,-1.7477,-2.9749,-5.221,-8.5624,-12.386,-19.828,-14.738,-10.331,-6.6462,-4.2895,-2.6476,-1.7606,-0.91245,-0.36616,-0.1046,0.04831,0.036868,-0.12277,-0.31117,-0.65169,-1.084,-1.4299,-1.908,-2.4015,-2.766,-3.2471,-3.7137,-4.1899,-4.5625,-5.1352,-5.796,-6.4197,-7.4468,-8.8443,-10.173,-12.548,-15.306,-16.684,-15.07,-11.833,-9.0622,-7.3958,-5.6511,-4.2942,-3.2451
-2.5427,-1.7442,-0.94523,-0.41549,-0.1749,-0.020398,-0.042185,-0.14991,-0.39474,-0.73932,-1.1218,-1.3992,-1.7176,-1.9255,-1.9827,-1.9493,-1.8075,-1.6383,-1.3273,-0.9679,-0.56836,-0.24995,0.18706,0.63287,0.97082,1.4129,1.8357,2.1303,2.4631,2.7401,2.9371,3.0348,3.0842,3.041,2.9596,2.7753,2.5082,2.1806,1.8991,1.4856,1.0658,0.74709,0.34595,0.012884,-0.18492,-0.34584,-0.37942,-0.29847,-0.1463,0.13736,0.50163,0.80878,1.2504,1.7087,2.0435,2.4561,2.817,3.1247,3.3087,3.4824,3.5522,3.5401,3.4416,3.2396,2.9394,2.6647,2.225,1.7531,1.3872,0.92199,0.55328,0.3816,0.31388,0.44016,0.73418,1.0271,1.4793,1.9341,2.2539,2.6365,2.9439,3.122,3.2948,3.3887,3.4123,3.4085,3.3436,3.2412,3.1495,3.0252,2.9012,2.7716,2.6677,2.5113,2.3351,2.2093,2.0282,1.8068,1.6063,1.289,0.90696,0.43931,0.0056263,-0.72599,-1.6996,-2.6394,-4.2625,-6.3823,-7.9729,-8.3564,-5.7307,-2.4375,-0.26682,2.1537,4.1099,5.3145,6.6379,7.6702,8.4473,8.8707,9.246,9.4183,9.4192,9.2637,8.9359,8.583,7.979,7.2306,6.3471,5.5989,4.5196,3.3565,2.442,1.2043,-0.028074,-0.91651,-2.0537,-3.1067,-4.087,-4.768,-5.569,-6.1109,-6.2344,-5.984,-5.2994,-4.4179,-3.7157,-2.8084,-2.0637,-1.6353,-1.2599,-1.0863,-1.083,-1.2258,-1.527,-1.9707,-2.3668,-2.9477,-3.5097,-3.8619,-4.1222,-4.1323,-4,-3.6849,-3.3251,-2.9998,-2.8071,-2.6273,-2.5958,-2.6488,-2.8325,-3.1317,-3.5995,-4.0242,-4.7085,-5.5165,-6.1913,-7.1633,-8.1355,-8.8262,-9.6047,-10.101,-10.326,-10.331,-10.238,-10.166,-10.194,-10.339,-10.702,-11.078,-11.64,-12.022,-11.967,-11.497,-10.263,-8.8024,-7.6711,-6.2688,-4.9945,-3.8648
-0.92288,-0.55535,-0.13492,0.19566,0.38533,0.58676,0.70513,0.75003,0.74578,0.70469,0.61313,0.52361,0.37931,0.21676,0.076479,-0.1408,-0.36351,-0.56395,-0.83741,-1.1138,-1.3696,-1.504,-1.5743,-1.4762,-1.2679,-0.84046,-0.27776,0.18583,0.80285,1.3921,1.8968,2.2118,2.5359,2.7441,2.8372,2.8738,2.8074,2.6512,2.4782,2.1863,1.8288,1.5169,1.0675,0.57484,0.17608,-0.37056,-0.91966,-1.4362,-1.774,-2.1272,-2.2919,-2.2753,-2.0521,-1.639,-1.257,-0.70849,-0.20358,0.21073,0.44112,0.62531,0.654,0.5679,0.30267,-0.16396,-0.83582,-1.4816,-2.5606,-3.9495,-5.2327,-7.3336,-9.9407,-11.993,-13.098,-10.901,-7.9067,-5.9604,-3.8392,-2.1433,-1.0924,0.05573,0.97116,1.528,2.1179,2.5546,2.8578,3.0145,3.1373,3.1897,3.1851,3.1313,3.0313,2.8895,2.7499,2.5368,2.2933,2.0871,1.7366,1.3031,0.93035,0.36593,-0.30306,-1.0712,-1.7155,-2.6478,-3.6379,-4.4069,-5.4372,-6.3546,-6.7679,-6.574,-5.3036,-3.3145,-1.6915,0.34595,2.1185,3.2468,4.4901,5.4391,6.1232,6.467,6.7145,6.7231,6.5839,6.219,5.6562,5.1081,4.2122,3.1482,1.9169,0.88044,-0.66393,-2.4469,-3.9654,-6.2643,-8.8582,-10.744,-12.148,-11.266,-9.4129,-8.05,-6.5089,-5.2743,-4.485,-3.571,-2.7703,-2.098,-1.7027,-1.2989,-1.0298,-0.90551,-0.86316,-0.93111,-1.0364,-1.2284,-1.4377,-1.6452,-1.7839,-1.9464,-2.0633,-2.141,-2.2354,-2.323,-2.3926,-2.5143,-2.6951,-2.9433,-3.1796,-3.5478,-3.9844,-4.3341,-4.8626,-5.4298,-6.0592,-6.59,-7.4413,-8.5407,-9.6097,-11.491,-14.141,-17.072,-23.997,-36.817,-21.1,-17.105,-13.868,-11.814,-10.776,-9.7841,-9.1005,-8.7359,-8.363,-8.0294,-7.6664,-7.3553,-6.8706,-6.2935,-5.7799,-5.0306,-4.2392,-3.4112
0.80601,0.87745,0.95574,1.0169,1.0567,1.1148,1.1776,1.2587,1.3858,1.5301,1.6537,1.7197,1.7406,1.6542,1.4974,1.1782,0.66268,0.12406,-0.836,-2.1513,-3.9158,-5.6131,-8.3741,-10.4,-9.7466,-6.8495,-4.06,-2.3524,-0.57595,0.77993,1.802,2.3881,2.9658,3.3444,3.5137,3.5924,3.5449,3.3842,3.2019,2.8725,2.446,2.0694,1.4665,0.74082,0.084142,-0.97464,-2.3132,-4.0513,-5.7149,-8.5683,-11.923,-13.127,-10.666,-7.3563,-5.3948,-3.4175,-2.0062,-1.0307,-0.55817,-0.22238,-0.1723,-0.31252,-0.70508,-1.3158,-2.1262,-2.8794,-4.0545,-5.4099,-6.5095,-8.0971,-9.6573,-10.547,-10.735,-9.5545,-7.5832,-5.9773,-3.9828,-2.2524,-1.1057,0.17635,1.2086,1.8236,2.4594,2.8953,3.1399,3.2195,3.2024,3.0708,2.9207,2.6993,2.464,2.2931,2.2101,2.1401,2.0783,1.9927,1.7843,1.4472,1.0598,0.34285,-0.67426,-2.0342,-3.2829,-5.2109,-7.1258,-7.9989,-7.576,-5.8475,-4.3213,-2.378,-0.5832,1.0572,2.1828,3.54,4.6998,5.4327,6.2205,6.7793,7.0934,7.1647,7.0488,6.6906,6.2548,5.4568,4.4093,3.4674,2.0407,0.46441,-1.18,-2.3958,-3.9038,-5.2602,-6.2378,-7.5533,-8.9495,-9.867,-10.086,-8.7837,-6.7151,-5.1377,-3.255,-1.711,-0.78535,0.16585,0.86782,1.3545,1.5656,1.6135,1.4017,1.083,0.44224,-0.43964,-1.2345,-2.3703,-3.3341,-3.7975,-3.6962,-3.1248,-2.3793,-1.8421,-1.3063,-1.0299,-1.0028,-1.1976,-1.6715,-2.433,-3.1865,-4.4444,-5.923,-7.0628,-8.3441,-8.8704,-8.6564,-8.2484,-7.6796,-7.2868,-7.2032,-7.3003,-7.5903,-7.8358,-8.0757,-8.0558,-7.7239,-7.3231,-6.7096,-6.1385,-5.8103,-5.5324,-5.4202,-5.4737,-5.6733,-6.0041,-6.4123,-6.7089,-6.9993,-7.0332,-6.8289,-6.2237,-5.286,-4.1931
0.13466,-0.12393,-0.64054,-1.2869,-1.7983,-2.3364,-2.4676,-2.2365,-1.5327,-0.58804,0.33233,0.9386,1.5918,2.0327,2.2054,2.2362,2.048,1.7315,1.0712,0.133,-1.0925,-2.1585,-3.5351,-4.2978,-4.1101,-2.9401,-1.4195,-0.3464,0.89244,1.8643,2.5545,2.9189,3.2234,3.3376,3.3142,3.1435,2.8541,2.4625,2.1113,1.6302,1.1583,0.83197,0.41379,0.014697,-0.32417,-0.87697,-1.6083,-2.5617,-3.4066,-4.6051,-5.5469,-5.7199,-5.0439,-3.7458,-2.7076,-1.5097,-0.6222,-0.073406,0.13042,0.11329,-0.19698,-0.62206,-1.4431,-2.4779,-3.7361,-4.7888,-6.2368,-7.717,-8.7365,-9.8195,-10.282,-10.046,-9.1053,-7.6465,-5.9057,-4.5702,-2.8282,-1.2586,-0.21087,0.98519,1.9232,2.4641,2.9477,3.1573,3.0867,2.8226,2.1827,1.2315,0.29032,-1.2036,-2.6435,-3.3298,-3.0391,-1.8335,-0.46786,0.40806,1.2829,1.804,1.9528,1.8022,1.2821,0.37324,-0.56745,-2.1948,-3.9451,-4.6966,-4.0079,-1.9289,-0.22245,1.8214,3.5517,5.0045,5.915,6.9184,7.6918,8.132,8.533,8.7151,8.6845,8.5085,8.0593,7.3447,6.6291,5.3971,3.8029,2.3427,-0.1086,-3.3884,-8.1161,-13.757,-21.056,-12.121,-8.7056,-5.9588,-4.0999,-3.0079,-1.7395,-0.55932,0.60432,1.4312,2.4788,3.4332,4.0788,4.7836,5.2709,5.5226,5.5556,5.3957,4.9319,4.3635,3.2338,1.5905,-0.11706,-3.2803,-7.8617,-10.611,-7.7315,-3.7501,-1.1697,0.10855,1.2102,1.7781,1.8969,1.6826,1.0651,0.032391,-1.0592,-3.0108,-5.6728,-8.2903,-11.998,-12.481,-9.3853,-7.2467,-5.1654,-3.6883,-2.8642,-2.0749,-1.5195,-1.2199,-0.92729,-0.72404,-0.56417,-0.49519,-0.48334,-0.5987,-0.78924,-1.1898,-1.8077,-2.4476,-3.6049,-5.2088,-7.3878,-9.6007,-13.847,-21.13,-22.133,-15.106,-10.763,-7.8565
-1.8298,-2.2704,-3.4259,-5.4301,-7.774,-13.09,-25.097,-15.895,-8.8187,-5.1092,-2.7596,-1.4915,-0.23395,0.66724,1.1793,1.6622,1.954,2.0633,2.1101,2.0344,1.8778,1.7447,1.5771,1.4487,1.4247,1.4361,1.4982,1.5475,1.5922,1.5901,1.5259,1.4142,1.179,0.83811,0.48484,-0.17758,-1.0755,-2.294,-3.3861,-5.0032,-6.3796,-6.7942,-6.2771,-5.025,-4.0461,-2.935,-2.1484,-1.5986,-1.3064,-0.99141,-0.7117,-0.48652,-0.16272,0.17926,0.42804,0.67318,0.7673,0.64661,0.39013,-0.19263,-1.1094,-2.0441,-3.6624,-5.7185,-8.1552,-10.181,-12.957,-15.544,-17.469,-21.033,-30.387,-28.849,-17.495,-11.992,-8.2035,-6.0007,-3.6749,-1.7831,-0.63606,0.59043,1.4984,2.0013,2.4236,2.5592,2.3976,2.0663,1.3156,0.094855,-1.1622,-3.3983,-6.2128,-8.0449,-6.9569,-4.0605,-1.5326,-0.09652,1.418,2.5142,3.0956,3.6089,3.9341,4.1032,4.1622,4.2081,4.3227,4.4915,4.853,5.3449,5.7814,6.4116,7.0497,7.6397,8.0184,8.4307,8.7156,8.8424,8.8861,8.774,8.4935,8.1654,7.5672,6.7838,6.0772,4.9426,3.623,2.51,0.89451,-0.75693,-2.2499,-3.1043,-3.6275,-3.4372,-2.8912,-1.9243,-0.8522,-0.0025302,1.0928,2.1729,3.2061,3.9608,4.9026,5.7405,6.3084,6.996,7.5657,7.9645,8.1544,8.2566,8.1763,7.985,7.5783,7.0431,6.5938,5.9921,5.4853,5.1899,5.13,5.2293,5.4074,5.518,5.5695,5.4688,5.2818,4.87,4.2712,3.5099,2.8593,1.9304,1.0254,0.41,-0.21999,-0.56749,-0.60781,-0.45974,-0.12254,0.27389,0.58924,1.0098,1.3817,1.6132,1.8827,2.09,2.1971,2.2036,2.1314,1.9111,1.6663,1.1854,0.50569,-0.13909,-1.1989,-2.5158,-4.0779,-5.394,-7.2034,-8.835,-9.7294,-10.518,-11.247,-11.998
-0.089293,-0.23475,-0.73245,-1.4416,-2.0515,-2.7864,-3.2572,-3.3259,-3.072,-2.6534,-2.2097,-1.8823,-1.4672,-1.0229,-0.67863,-0.15188,0.41243,0.81962,1.3304,1.7658,2.0762,2.2304,2.3203,2.2552,2.0944,1.7248,1.2025,0.69217,-0.13652,-1.0794,-2.0283,-2.576,-3.0375,-3.186,-3.2299,-3.3628,-3.8788,-4.9073,-6.1392,-8.5077,-11.46,-12.444,-10.112,-7.116,-5.3242,-3.5898,-2.3622,-1.508,-1.0253,-0.53791,-0.14767,0.16218,0.57215,0.96234,1.2461,1.5492,1.6863,1.5867,1.3558,0.75228,-0.22024,-1.2085,-3.0108,-5.5006,-8.7823,-12.037,-16.998,-18.034,-15.872,-13.247,-11.349,-10.034,-8.1961,-6.329,-4.5341,-3.2979,-1.8849,-0.72085,-0.003602,0.77076,1.3633,1.702,2.0453,2.2562,2.3716,2.3864,2.2899,2.0985,1.9331,1.677,1.4835,1.4653,1.6119,1.9349,2.3699,2.759,3.3211,3.8462,4.2114,4.6838,5.1346,5.5503,5.8474,6.2474,6.6347,6.9085,7.2343,7.5195,7.7147,7.9419,8.1173,8.2263,8.26,8.2602,8.1993,8.118,7.9306,7.6489,7.2641,6.9056,6.2996,5.5462,4.8871,3.8859,2.7531,1.8518,0.64367,-0.49385,-1.4583,-1.9814,-2.3286,-2.2819,-2.0234,-1.4529,-0.68892,-0.047988,0.87581,1.8558,2.8975,3.7109,4.8246,5.9284,6.6961,7.632,8.4876,9.2282,9.6876,10.175,10.523,10.695,10.81,10.818,10.768,10.645,10.475,10.265,10.088,9.8254,9.5186,9.2405,8.7952,8.2643,7.7949,7.0879,6.2834,5.4187,4.7536,3.8553,2.9977,2.3798,1.6771,1.1302,0.74501,0.56612,0.4989,0.5928,0.77168,1.0879,1.4935,1.8334,2.2589,2.6157,2.8877,3.0065,3.0824,3.0417,2.9406,2.6928,2.3312,1.9966,1.4771,0.84686,0.14553,-0.44443,-1.2739,-2.1867,-2.9666,-4.1655,-5.5361,-6.975
2.8909,2.779,2.536,2.1492,1.7794,1.1999,0.54635,-0.020856,-0.92062,-2.0188,-3.3292,-4.4314,-5.9922,-7.1582,-7.1243,-5.8324,-3.9194,-2.509,-0.88065,0.37874,1.32,1.8424,2.2499,2.3478,2.2376,1.7701,0.90709,-0.079088,-1.977,-4.899,-9.7349,-17.151,-19.085,-9.5477,-6.4216,-3.9911,-2.6209,-1.8632,-1.5762,-1.4179,-1.3663,-1.2948,-1.1281,-0.88051,-0.76268,-0.72002,-0.94389,-1.411,-1.936,-2.7137,-3.1865,-3.0506,-2.0994,-0.65071,0.42119,1.6621,2.6127,3.2346,3.4779,3.5127,3.245,2.8731,2.1776,1.3052,0.36139,-0.30733,-1.0356,-1.4644,-1.5822,-1.5105,-1.25,-0.97974,-0.55377,-0.12655,0.27111,0.48032,0.66723,0.71233,0.64196,0.43239,0.16407,-0.0094218,-0.049683,0.18989,0.69456,1.1914,1.8886,2.5108,2.8901,3.2931,3.5562,3.6791,3.6646,3.5371,3.3287,3.1128,2.8164,2.5499,2.5187,2.7917,3.4197,4.2395,4.9126,5.7721,6.4884,6.8934,7.2767,7.4737,7.5044,7.3908,7.1205,6.7386,6.4231,6.0091,5.6388,5.4117,5.1879,5.0045,4.7905,4.5772,4.1624,3.5686,2.9705,1.947,0.61819,-0.60649,-2.6,-5.077,-7.9661,-9.834,-10.23,-8.4665,-6.9002,-5.2046,-4.0514,-3.4261,-2.7801,-2.0362,-0.98769,0.10709,1.8622,3.7601,5.1663,6.8513,8.2944,9.5095,10.282,11.122,11.773,12.157,12.539,12.77,12.861,12.879,12.796,12.616,12.409,12.032,11.543,11.1,10.396,9.5303,8.7761,7.6381,6.3487,4.9252,3.7995,2.2805,0.84041,-0.096666,-1.1755,-2.0817,-2.9303,-3.5261,-4.1272,-4.2441,-3.8494,-2.7564,-1.3977,-0.37802,0.78383,1.6785,2.3061,2.6098,2.8407,2.8577,2.7865,2.6191,2.4486,2.3602,2.2895,2.3327,2.4139,2.5036,2.6063,2.702,2.7572,2.833,2.9507,3.1622
2.9999,3.0466,2.9819,2.7572,2.4592,1.871,1.0509,0.2735,-1.0198,-2.6421,-4.6975,-6.6362,-9.7817,-13.062,-13.424,-10.584,-7.3501,-5.3674,-3.213,-1.519,-0.21567,0.53963,1.284,1.7665,1.9363,1.929,1.6313,1.2389,0.51255,-0.36446,-1.1997,-1.6112,-1.6873,-1.2194,-0.65621,0.16094,0.87022,1.4393,1.741,2.0247,2.1977,2.2556,2.2039,2.0121,1.7494,1.1936,0.29288,-1.1598,-2.7148,-5.7983,-10.457,-12.002,-6.9672,-2.6049,-0.2769,1.974,3.5362,4.6099,5.1638,5.6123,5.7943,5.7835,5.6202,5.3211,4.9361,4.6173,4.1995,3.8074,3.5469,3.2371,2.9839,2.8102,2.5907,2.3275,1.9944,1.6515,1.0373,0.11829,-0.82436,-2.5909,-5.2109,-8.1845,-13.795,-12.296,-6.7126,-3.8241,-1.158,0.66549,1.6522,2.5546,3.0623,3.208,3.0818,2.5897,1.618,0.4825,-1.8737,-5.6734,-10.215,-11.77,-5.0569,-0.84758,1.2909,3.2558,4.5214,5.1276,5.5486,5.5595,5.2981,4.5718,3.4313,1.8605,0.41099,-1.6977,-3.2603,-3.4923,-2.6287,-1.4234,-0.51527,-0.082966,0.14802,0.039775,-0.24347,-0.86123,-1.78,-2.6925,-4.2386,-6.2193,-8.4558,-9.8606,-10.023,-8.5901,-7.4037,-6.3618,-6.0561,-6.4878,-8.3376,-13.119,-37.416,-12.534,-4.6032,-0.16955,2.2007,4.7027,6.6458,8.1388,9.0319,9.9867,10.707,11.121,11.525,11.788,11.903,11.955,11.901,11.741,11.55,11.188,10.688,10.211,9.4134,8.3924,7.4545,5.9213,3.9781,1.4914,-0.84272,-4.7777,-9.588,-12,-10.755,-8.9886,-8.7222,-9.6368,-12.844,-20.493,-18.435,-9.9818,-5.413,-3.1877,-1.1565,0.10245,0.77871,0.93994,0.72543,0.083723,-0.68389,-1.9204,-3.0871,-3.4884,-2.9326,-1.4961,0.11598,1.2262,2.492,3.5276,4.173,4.9058,5.53,6.0871
1.4073,1.8681,2.2212,2.2649,2.1303,1.6803,0.9515,0.23856,-0.91436,-2.2916,-3.8553,-5.0428,-6.47,-7.431,-7.7618,-7.5554,-6.6695,-5.7561,-4.4103,-3.0498,-1.8059,-0.9715,-0.014094,0.77018,1.2463,1.7465,2.1006,2.2833,2.431,2.4958,2.5279,2.5691,2.6258,2.7282,2.8202,2.9564,3.0905,3.1842,3.2486,3.3173,3.3526,3.371,3.3837,3.3571,3.277,3.1242,2.8897,2.5958,2.363,2.1058,2.065,2.26,2.8379,3.6612,4.3508,5.2594,6.0486,6.6652,6.9987,7.287,7.3871,7.3379,7.1303,6.7897,6.3321,5.9307,5.3283,4.6997,4.2352,3.644,3.1183,2.779,2.3908,2.0409,1.6912,1.3879,0.88394,0.22373,-0.41026,-1.4498,-2.6437,-3.4994,-4.2054,-3.9327,-2.7938,-1.6914,-0.26106,0.98207,1.7459,2.5003,2.9918,3.2349,3.2472,3.0257,2.5083,1.9408,1.0496,0.12763,-0.39932,-0.35524,0.5579,1.866,2.8312,3.8852,4.5977,4.9169,5.0241,4.7431,4.2661,3.2466,1.7193,-0.45653,-2.6196,-6.2203,-9.4752,-9.389,-7.0358,-5.0787,-3.9511,-3.5456,-3.4329,-3.6163,-3.808,-4.0477,-4.1131,-4.0944,-3.9776,-3.8189,-3.6431,-3.4529,-3.1236,-2.725,-2.4353,-2.0754,-1.8903,-1.846,-1.8701,-1.7634,-1.2433,-0.51564,0.81284,2.3911,3.5575,4.9005,6.0164,6.9172,7.439,7.9801,8.3567,8.5399,8.6842,8.7556,8.7775,8.7719,8.7306,8.6541,8.5776,8.4373,8.205,7.9523,7.4839,6.8372,6.1999,5.1084,3.6941,1.9342,0.3831,-1.8996,-3.9003,-4.7477,-4.7668,-4.171,-3.5828,-3.2871,-3.0453,-2.7123,-2.2722,-1.4327,-0.44968,0.23564,0.94472,1.3837,1.4535,1.2501,0.55539,-0.68421,-2.0562,-4.7146,-8.5224,-10.961,-8.6965,-4.6225,-1.5898,0.10936,1.8441,3.1498,3.9352,4.7697,5.4228,5.9367
1.2194,1.9427,2.5425,2.7861,2.7475,2.4244,1.7864,1.0869,-0.16139,-1.8132,-3.9201,-5.9158,-9.3301,-14.045,-17.709,-15.702,-11.31,-8.9352,-6.6354,-4.9323,-3.5709,-2.7103,-1.6337,-0.6095,0.11238,1.0364,1.8676,2.4224,3.0327,3.5005,3.8195,3.9712,4.0584,4.0079,3.8938,3.6456,3.3146,2.9374,2.6765,2.4061,2.3078,2.3558,2.6063,3.0176,3.3923,3.8853,4.3769,4.8427,5.1718,5.5991,6.0381,6.3863,6.8611,7.3517,7.7055,8.1312,8.4939,8.745,8.8529,8.8642,8.7198,8.4969,8.041,7.3944,6.5538,5.7899,4.6116,3.2664,2.2,0.82112,-0.24859,-0.72367,-0.84108,-0.54552,-0.13771,0.153,0.43045,0.57619,0.59976,0.56984,0.49248,0.46339,0.49349,0.66788,0.98143,1.2857,1.745,2.2085,2.568,3.0428,3.4661,3.8314,4.0661,4.3066,4.4856,4.61,4.7323,4.8369,4.9669,5.2046,5.4973,5.839,6.0739,6.3131,6.4542,6.4659,6.3104,5.9545,5.5632,4.8792,3.9955,2.9649,2.1597,1.1076,0.14419,-0.4559,-1.1293,-1.8499,-2.8252,-3.8484,-5.7841,-8.6291,-11.397,-13.89,-11.019,-8.2553,-5.415,-3.4092,-1.9157,-1.0218,-0.055409,0.72951,1.221,1.7987,2.2961,2.6459,3.0827,3.4988,3.9569,4.3243,4.8121,5.2471,5.5567,5.8872,6.06,6.0698,5.9654,5.691,5.2886,4.9525,4.4829,4.0733,3.8261,3.6329,3.6046,3.7535,3.9615,4.3373,4.7782,5.1087,5.4728,5.6997,5.7591,5.6907,5.4586,5.0946,4.7625,4.3214,3.9271,3.7047,3.5235,3.4619,3.488,3.5549,3.6872,3.8541,3.992,4.189,4.3682,4.4714,4.5481,4.4995,4.2931,4.0366,3.5551,2.9424,2.4163,1.7229,1.2025,1.0058,1.0425,1.4088,1.9693,2.4333,3.039,3.5763,3.9275,4.3006,4.5682,4.7513
2.2575,2.7844,3.2707,3.5063,3.5081,3.2864,2.7951,2.2485,1.2653,0.0019188,-1.583,-2.9975,-5.0423,-7.018,-8.0285,-8.3134,-7.7399,-7.2232,-6.7492,-6.6615,-6.87,-6.9728,-6.5723,-5.2862,-3.8887,-1.947,-0.19353,0.90233,2.077,2.9303,3.4795,3.6862,3.7186,3.4627,3.0715,2.2705,1.0961,-0.45131,-1.883,-3.9243,-5.2224,-4.9314,-3.2083,-1.1583,0.2533,1.8323,3.1239,4.1818,4.8684,5.6747,6.3762,6.8479,7.4113,7.9075,8.2352,8.5957,8.8546,9.0044,9.0331,8.9392,8.6782,8.3679,7.7719,6.9277,5.793,4.7142,2.8823,0.44437,-1.9987,-6.7063,-16.111,-21.425,-9.9487,-5.6837,-3.3683,-2.2678,-1.3266,-0.76779,-0.49428,-0.25652,-0.086372,0.014453,0.13156,0.22322,0.29395,0.3274,0.37167,0.43723,0.51596,0.7336,1.1446,1.7408,2.282,3.068,3.8629,4.4135,5.0553,5.6072,5.968,6.3457,6.6228,6.7913,6.8579,6.8666,6.7857,6.6544,6.406,6.0909,5.8051,5.3725,4.8986,4.4,4.002,3.4325,2.8383,2.3513,1.6121,0.74304,-0.33081,-1.2997,-2.8512,-4.5969,-5.7932,-6.5287,-5.7501,-4.5721,-2.8806,-1.4075,-0.17724,0.59508,1.4481,2.1634,2.6371,3.2086,3.7342,4.0974,4.5575,4.9697,5.3036,5.509,5.7061,5.7577,5.6655,5.3753,4.8472,4.0149,3.18,1.7301,-0.083284,-1.6159,-3.629,-5.1884,-5.8379,-6.2138,-6.3623,-6.1962,-5.5192,-3.7611,-1.5434,0.04933,1.8831,3.3444,4.2079,5.0903,5.7148,6.1287,6.3355,6.5067,6.591,6.6247,6.6447,6.6497,6.6413,6.6277,6.611,6.5866,6.5611,6.5056,6.4197,6.3325,6.1733,5.9478,5.662,5.3979,4.9961,4.5488,4.2005,3.7395,3.3034,3.0116,2.6808,2.4284,2.2363,2.1182,1.9923,1.8713,1.769,1.6315,1.4782,1.2801
2.143,2.5129,2.8784,3.0868,3.1299,3.0432,2.8088,2.5308,2.0408,1.4137,0.6869,0.10626,-0.70068,-1.4923,-2.049,-2.7515,-3.4923,-4.147,-5.3158,-7.0824,-9.9268,-13.378,-18.784,-12.787,-8.5244,-4.6907,-2.069,-0.62748,0.80612,1.7766,2.3662,2.5761,2.5719,2.2366,1.7569,0.77813,-0.63949,-2.6255,-4.5862,-7.803,-10.543,-10.041,-7.0401,-4.3022,-2.6989,-1.0175,0.29462,1.3714,2.0708,2.9168,3.6881,4.2175,4.8793,5.4598,5.8415,6.281,6.6135,6.8346,6.9205,6.9231,6.7836,6.5682,6.1327,5.5032,4.6568,3.8684,2.5942,1.0757,-0.19228,-1.8885,-3.2761,-3.8639,-4.0223,-3.7808,-3.5406,-3.5004,-3.6123,-3.8695,-4.1024,-4.3066,-4.2961,-4.1598,-3.8643,-3.6334,-3.6108,-3.7974,-4.3967,-5.4342,-6.5061,-7.8879,-7.8858,-5.8897,-3.9352,-1.5213,0.44715,1.6146,2.8601,3.8035,4.3106,4.7599,4.9929,5.0279,4.9383,4.6955,4.3086,3.9638,3.4993,3.0659,2.794,2.5321,2.395,2.3373,2.3075,2.2755,2.2128,2.1111,1.8895,1.5826,1.1878,0.85668,0.39162,-0.044225,-0.30956,-0.52869,-0.56385,-0.50178,-0.31965,-0.093146,0.12477,0.25894,0.44038,0.6527,0.86834,1.2111,1.6681,2.0657,2.6313,3.2101,3.716,3.9997,4.2374,4.2997,4.169,3.7276,2.9564,1.77,0.55217,-1.6397,-4.7678,-8.0644,-14.748,-21.72,-17.313,-14.213,-14.46,-17.5,-18.79,-12.398,-6.9357,-4.0414,-1.1787,0.92013,2.1381,3.3899,4.3176,4.9894,5.3614,5.709,5.9242,6.0162,6.0646,6.0487,5.9875,5.9136,5.7842,5.6299,5.5029,5.3141,5.1042,4.9302,4.657,4.3424,3.9813,3.6707,3.2089,2.6747,2.2407,1.617,0.9393,0.41275,-0.28485,-0.99824,-1.6872,-2.1839,-2.8362,-3.4411,-3.8818,-4.4493,-4.9969,-5.5018
0.59555,0.88334,1.164,1.339,1.4103,1.442,1.4082,1.3469,1.2282,1.0521,0.84814,0.67212,0.39121,0.080161,-0.18617,-0.5937,-1.0688,-1.4704,-2.0746,-2.7297,-3.328,-3.6318,-3.6816,-3.2462,-2.6414,-1.6631,-0.67594,-0.001591,0.74702,1.2856,1.6007,1.7049,1.654,1.3839,1.0459,0.43435,-0.35564,-1.2513,-1.9431,-2.8083,-3.4516,-3.7408,-3.8803,-3.8257,-3.7332,-3.6081,-3.4301,-3.1496,-2.8098,-2.1905,-1.4056,-0.75719,0.12103,0.93991,1.4811,2.0986,2.602,2.9857,3.2033,3.41,3.5264,3.5488,3.4913,3.325,3.0387,2.7469,2.2475,1.6489,1.1443,0.4276,-0.31494,-0.88049,-1.6619,-2.56,-3.6668,-4.7349,-6.575,-9.1731,-11.75,-15.498,-15.139,-12.552,-9.6695,-7.8447,-6.8668,-6.6274,-6.9638,-8.1121,-9.5294,-11.901,-12.456,-9.3731,-6.6973,-3.7719,-1.5935,-0.34351,0.92631,1.8142,2.2305,2.5099,2.5099,2.21,1.8061,0.97921,-0.14079,-1.1414,-2.6474,-4.0749,-4.7692,-4.8038,-3.9953,-2.8871,-2.0797,-1.1602,-0.46687,-0.077382,0.29945,0.52552,0.61564,0.62033,0.5507,0.4275,0.30204,0.0922,-0.17006,-0.40706,-0.81111,-1.3379,-2.0207,-2.6513,-3.5927,-4.5668,-5.1371,-5.2943,-4.5289,-3.5281,-2.0241,-0.621,0.57823,1.2988,1.9892,2.3986,2.5334,2.4455,2.0667,1.3785,0.67659,-0.48233,-1.8742,-2.9686,-4.3008,-5.3108,-5.7629,-6.0142,-6.0141,-5.7266,-5.2502,-4.2967,-3.0629,-2.0629,-0.80155,0.31076,1.0276,1.8158,2.4206,2.8564,3.0897,3.282,3.3521,3.3354,3.2339,3.0411,2.7898,2.5733,2.2574,1.9321,1.6998,1.4031,1.1307,0.93685,0.68391,0.4045,0.057665,-0.26576,-0.7959,-1.442,-2.0305,-2.9411,-3.9751,-4.8324,-6.0766,-7.3824,-8.7039,-9.6562,-10.821,-11.841,-12.506,-13.304,-14.253,-15.465
-1.369,-1.2315,-1.1571,-1.1794,-1.2115,-1.2427,-1.2172,-1.1282,-0.91926,-0.61851,-0.29961,-0.072091,0.19936,0.3921,0.48399,0.52936,0.50553,0.44123,0.3203,0.18999,0.07542,0.025591,0.02819,0.12315,0.25484,0.4847,0.73413,0.91254,1.1093,1.2409,1.2825,1.245,1.1022,0.86278,0.61862,0.21461,-0.25985,-0.80186,-1.2464,-1.8855,-2.5722,-3.1329,-3.9935,-5.0422,-6.002,-7.588,-9.5962,-11.616,-12.28,-11.061,-8.7296,-7.0671,-5.2769,-3.9307,-3.1602,-2.407,-1.8772,-1.4761,-1.2206,-0.8837,-0.5167,-0.1953,0.25097,0.67829,1.0488,1.2545,1.4297,1.4609,1.3901,1.164,0.79438,0.408,-0.26585,-1.1426,-2.2665,-3.2888,-4.9671,-6.9826,-8.5978,-10.28,-10.339,-9.3667,-7.7496,-6.3534,-5.3459,-4.8308,-4.3976,-4.1643,-4.033,-3.8044,-3.3714,-2.6878,-2.0433,-1.115,-0.24221,0.33529,0.94725,1.3177,1.4537,1.4392,1.1442,0.55671,-0.11408,-1.3423,-3.0632,-4.8215,-8.1292,-13.522,-20.584,-17.037,-10.654,-7.22,-5.5032,-3.8822,-2.76,-2.1317,-1.4902,-1.0308,-0.6938,-0.51928,-0.3673,-0.32721,-0.36578,-0.5192,-0.81905,-1.1463,-1.7616,-2.6278,-3.8325,-5.029,-7.2702,-10.776,-15.292,-27.69,-14.603,-9.8498,-5.9155,-3.2735,-1.3743,-0.2747,0.85694,1.6271,2.0247,2.3419,2.4192,2.2955,2.0862,1.6848,1.206,0.81408,0.29715,-0.14889,-0.42794,-0.7063,-0.85811,-0.90298,-0.8756,-0.73879,-0.53571,-0.36811,-0.12494,0.096605,0.2351,0.37403,0.45546,0.4804,0.45162,0.34426,0.15857,-0.051105,-0.42636,-0.91279,-1.5263,-2.047,-2.7882,-3.5244,-4.0161,-4.4879,-4.7089,-4.7245,-4.6219,-4.5006,-4.4926,-4.6128,-4.9975,-5.6764,-6.3847,-7.6195,-9.183,-10.582,-12.711,-15.131,-17.764,-19.901,-22.602,-24.188,-23.915,-22.665,-21.707,-21.876
-2.8455,-2.9986,-3.4612,-4.1857,-4.8705,-5.7792,-6.2284,-5.9925,-4.9663,-3.5402,-2.1456,-1.2284,-0.21571,0.56418,1.0092,1.4416,1.7108,1.8207,1.8739,1.8491,1.7749,1.7025,1.5995,1.5057,1.4412,1.3708,1.3134,1.2665,1.183,1.0615,0.90529,0.75392,0.51091,0.22831,0.0068923,-0.30109,-0.60921,-0.93591,-1.208,-1.6093,-2.135,-2.6343,-3.4942,-4.6703,-5.8207,-7.8301,-10.537,-13.77,-15.179,-13.52,-10.651,-8.93,-7.3171,-6.3404,-5.947,-5.7804,-5.9767,-6.4159,-6.7438,-6.9,-6.3541,-5.4632,-3.906,-2.2914,-0.86198,0.037389,0.99863,1.6849,2.0374,2.3012,2.3435,2.2421,1.9411,1.4748,0.86153,0.32555,-0.44284,-1.188,-1.6732,-2.1568,-2.3738,-2.3657,-2.1581,-1.8164,-1.4231,-1.1272,-0.74759,-0.39604,-0.14922,0.17622,0.50478,0.84526,1.0985,1.4147,1.6865,1.8513,1.9854,1.9995,1.9443,1.7369,1.3618,0.8269,0.29947,-0.55228,-1.6071,-2.499,-3.7117,-4.8177,-5.3704,-5.5993,-5.3388,-4.8254,-4.3984,-3.916,-3.5148,-3.236,-2.8906,-2.5213,-2.114,-1.8008,-1.4213,-1.1247,-0.98435,-0.91433,-1.0036,-1.1831,-1.5707,-2.1325,-2.8522,-3.5027,-4.4546,-5.3612,-5.8505,-5.9788,-5.3499,-4.4804,-3.0937,-1.6511,-0.31794,0.55097,1.5708,2.4086,2.8902,3.3705,3.6753,3.8276,3.8447,3.762,3.5953,3.4199,3.1482,2.8548,2.6241,2.3102,1.9968,1.6761,1.4186,1.0535,0.65198,0.31213,-0.17862,-0.70389,-1.095,-1.588,-2.0001,-2.3091,-2.5039,-2.7322,-3.0242,-3.3172,-3.876,-4.6468,-5.7108,-6.7279,-8.4465,-10.635,-12.556,-14.683,-14.429,-12.874,-10.644,-8.9586,-7.8734,-7.4307,-7.3304,-7.7842,-8.5024,-9.9855,-12.169,-14.321,-17.935,-22.371,-26.527,-28.141,-29.244,-29.493,-27.214,-23.121,-19.918,-17.549
-3.0303,-3.2651,-4.0566,-5.5712,-7.4337,-11.71,-22.127,-19.543,-10.045,-5.5457,-2.7237,-1.1996,0.32127,1.3977,1.9802,2.51,2.8002,2.8866,2.8546,2.6691,2.3737,2.1032,1.7105,1.3362,1.0804,0.8054,0.59927,0.47515,0.30557,0.081302,-0.24337,-0.5509,-1.0337,-1.554,-1.9036,-2.2025,-2.2747,-2.1169,-1.9161,-1.6596,-1.5198,-1.5296,-1.7119,-2.1008,-2.5182,-3.2172,-3.9611,-4.6149,-4.9679,-5.219,-5.2762,-5.3105,-5.4298,-5.7458,-6.1891,-7.0914,-8.4827,-10.721,-13.476,-21.379,-22.906,-13.645,-7.7365,-4.0092,-1.3517,0.18495,1.7662,2.9286,3.5612,4.1322,4.4301,4.4958,4.4109,4.1423,3.7323,3.3572,2.8103,2.2446,1.8458,1.4027,1.0944,0.96454,0.94057,1.0702,1.3153,1.5466,1.8736,2.1882,2.4062,2.6518,2.8487,2.974,3.0236,3.0221,2.9691,2.8848,2.7179,2.5378,2.3671,2.0884,1.7996,1.4596,1.1948,0.7783,0.32764,-0.010749,-0.48814,-0.96305,-1.2914,-1.7411,-2.2128,-2.7582,-3.2784,-4.1258,-5.0772,-5.7552,-6.2508,-5.9269,-4.9352,-4.0261,-2.8918,-1.9824,-1.4841,-1.0738,-0.89908,-0.90663,-1.0586,-1.3336,-1.6842,-1.9528,-2.2641,-2.475,-2.5302,-2.4122,-2.0565,-1.6121,-0.82913,0.10108,1.1129,1.8836,2.8187,3.6502,4.1797,4.73,5.1165,5.3314,5.4009,5.3786,5.2401,5.0902,4.8389,4.5394,4.2977,3.9488,3.5442,3.0721,2.6547,1.9607,1.0781,0.26825,-1.0625,-2.6686,-4.0264,-5.8018,-7.0586,-7.3431,-7.0339,-6.4635,-6.1189,-6.0941,-6.408,-7.1247,-8.1981,-9.2476,-11.003,-13.202,-15.211,-17.581,-16.801,-14.358,-11.271,-8.9804,-7.394,-6.6419,-6.1687,-6.2379,-6.6597,-7.7459,-9.4435,-11.185,-14.151,-17.621,-19.99,-19.687,-17.861,-15.86,-14.415,-12.606,-10.849,-9.2598
-1.8652,-1.5956,-1.5989,-1.9642,-2.382,-2.9437,-3.1969,-2.9774,-2.1619,-1.0032,0.15894,0.96607,1.853,2.5141,2.8669,3.1362,3.1797,3.0635,2.6926,2.0815,1.2231,0.42819,-0.7654,-1.954,-2.6591,-3.1352,-3.0486,-2.7817,-2.4116,-2.2647,-2.5115,-3.0378,-4.2558,-6.1322,-7.9391,-9.9649,-9.2132,-6.5901,-4.7415,-2.8629,-1.547,-0.88033,-0.33351,-0.090943,-0.070968,-0.19474,-0.4664,-0.84671,-1.1883,-1.7212,-2.3672,-2.9514,-3.905,-5.0552,-6.0458,-7.4312,-8.6351,-9.3544,-9.4625,-8.9182,-7.5398,-5.9763,-3.5753,-1.2155,0.85642,2.183,3.6254,4.7156,5.3153,5.8561,6.1223,6.1592,5.9994,5.6307,5.0743,4.5499,3.7206,2.7795,2.0451,1.1043,0.35552,0.029027,-0.013428,0.35205,0.9712,1.4914,2.1512,2.7079,3.0189,3.2853,3.3719,3.2893,3.1154,2.7708,2.31,1.9041,1.3683,0.87239,0.53798,0.24656,0.084905,0.018524,0.0097582,0.025744,0.091868,0.12386,0.1351,0.11363,0.0055905,-0.27853,-0.78476,-1.6397,-2.5865,-4.4249,-7.4043,-11.046,-22.378,-16.58,-9.0991,-6.2275,-3.8375,-2.4272,-1.8002,-1.4087,-1.3946,-1.5786,-1.9677,-2.4145,-2.8367,-3.081,-3.3378,-3.5665,-3.7393,-3.8874,-3.8295,-3.5207,-2.6054,-1.2429,0.28381,1.4276,2.8008,3.9046,4.5687,5.2232,5.6056,5.7396,5.6938,5.4738,5.0987,4.7696,4.3187,3.9107,3.6717,3.4289,3.2221,2.9648,2.6822,2.096,1.1963,0.25099,-1.4927,-3.9893,-6.6336,-12.08,-22.083,-15.841,-11.664,-8.9108,-7.7027,-7.4719,-7.8679,-8.9082,-10.328,-11.519,-12.709,-12.942,-12.452,-11.252,-9.7121,-8.4706,-6.8079,-5.2742,-4.0241,-3.3052,-2.6343,-2.3224,-2.3058,-2.541,-3.0577,-3.5659,-4.2858,-4.9252,-5.3279,-5.4026,-5.2192,-4.7476,-4.2746,-3.5392,-2.7478,-1.9501
-0.023678,0.48208,0.89238,1.0736,1.107,1.0853,1.0519,1.0629,1.1468,1.3032,1.5491,1.751,2.0136,2.2611,2.3875,2.4447,2.3119,2.0516,1.4358,0.45589,-0.9995,-2.5025,-5.3119,-9.7677,-15.592,-20.282,-11.339,-8.0636,-5.5271,-4.2121,-3.7291,-3.8624,-4.7006,-6.3435,-8.0332,-9.9491,-9.0579,-6.2823,-4.3222,-2.3427,-0.96128,-0.24634,0.36081,0.66459,0.74166,0.68644,0.49748,0.18973,-0.11843,-0.64508,-1.3868,-2.1102,-3.4408,-5.3398,-7.3206,-11.326,-18.697,-18.554,-12.412,-7.5757,-4.251,-2.2889,-0.087468,1.7593,3.3007,4.2594,5.2814,6.0121,6.3859,6.6513,6.6617,6.512,6.109,5.4821,4.6245,3.8112,2.465,0.74766,-0.87269,-3.6706,-7.3686,-10.037,-9.1923,-5.5334,-2.6417,-1.0627,0.46357,1.4586,1.924,2.2242,2.1703,1.7967,1.3078,0.36879,-0.9159,-2.0547,-3.7212,-5.282,-5.9976,-6.168,-5.7939,-5.1979,-4.7763,-4.1723,-3.4711,-2.8948,-2.0306,-1.1949,-0.67601,-0.17922,0.028211,-0.10385,-0.40175,-1.0718,-1.9534,-2.6082,-3.1849,-3.1271,-2.5689,-2.0346,-1.4516,-1.1909,-1.2728,-1.7821,-2.8042,-3.9041,-5.7705,-7.6727,-8.6171,-8.4474,-7.7737,-7.4466,-7.7323,-9.2428,-12.761,-16.963,-13.015,-6.6081,-2.4707,-0.29413,1.867,3.3799,4.1554,4.7952,5.0191,4.8624,4.483,3.6521,2.4711,1.3753,-0.16733,-1.3015,-1.5258,-0.95504,0.055562,0.93795,1.3899,1.6582,1.5164,1.1585,0.365,-0.75747,-1.7408,-3.0301,-4.051,-4.6041,-4.7931,-4.9598,-5.3589,-5.9274,-7.163,-9.1463,-12.279,-15.949,-25.796,-20.7,-14.961,-10.496,-7.5072,-5.738,-3.8117,-2.2437,-0.96075,-0.17121,0.66829,1.2677,1.5675,1.8043,1.8783,1.8633,1.7619,1.6195,1.4986,1.4306,1.4007,1.4339,1.5099,1.6709,1.8871,2.1648
2.0918,2.4045,2.6434,2.6885,2.5901,2.2986,1.8627,1.4509,0.84782,0.25427,-0.19435,-0.37556,-0.31225,-0.0020767,0.29714,0.6485,0.82107,0.77646,0.46292,-0.19938,-1.2055,-2.1724,-3.6887,-5.3113,-6.2489,-6.6317,-5.9009,-4.9712,-3.7232,-2.6794,-1.9475,-1.5841,-1.3247,-1.2373,-1.204,-1.0918,-0.7848,-0.31494,0.061988,0.51317,0.8076,0.8884,0.8106,0.54533,0.26667,-0.14198,-0.47747,-0.6639,-0.72308,-0.77125,-0.87547,-1.0641,-1.5337,-2.2943,-3.0048,-4.0467,-4.6937,-4.2907,-3.252,-1.3873,0.50667,1.813,3.3254,4.5795,5.5766,6.1527,6.6947,6.9853,7.0374,6.8895,6.512,6.0853,5.3587,4.4669,3.439,2.5782,1.3109,-0.14933,-1.432,-3.431,-5.5765,-6.6585,-6.2736,-4.3294,-2.3185,-1.0922,0.096158,0.83964,1.1407,1.2113,0.94577,0.31595,-0.40941,-1.8063,-3.794,-5.8698,-9.9804,-17.495,-34.126,-17.15,-12.707,-11.326,-11.397,-12.345,-12.248,-10.082,-6.4578,-3.5338,-1.8306,-0.13625,1.0063,1.7456,2.0644,2.2618,2.294,2.2371,2.143,2.0459,1.9403,1.8285,1.5773,1.1252,0.59027,-0.47608,-2.0955,-3.8104,-7.0777,-11.994,-15.005,-11.876,-8.2117,-6.1772,-5.4472,-5.2029,-5.3161,-5.1446,-3.9489,-1.8411,0.31917,1.765,3.2467,4.2891,4.8017,5.1072,5.016,4.5071,3.8413,2.486,0.47812,-1.672,-6.0431,-14.457,-15.181,-6.8117,-2.6528,-0.20161,0.99808,2.0296,2.5732,2.7264,2.6652,2.3662,2.0303,1.4752,0.86789,0.22318,-0.28341,-1.0281,-1.8982,-2.6459,-3.7554,-4.9699,-6.2134,-6.991,-7.5198,-7.2391,-6.5051,-5.1268,-3.5677,-2.4047,-0.937,0.41613,1.6014,2.3762,3.2568,3.9705,4.4002,4.8263,5.114,5.2347,5.2842,5.225,5.0633,4.8842,4.5825,4.2224,3.9334,3.5554,3.247,3.0641
3.7295,3.9134,3.9444,3.7246,3.3765,2.6654,1.606,0.53757,-1.3295,-3.8396,-7.0005,-8.7766,-7.8121,-5.0186,-3.2098,-1.4807,-0.42357,0.0060143,0.16575,-0.056213,-0.58178,-1.1109,-1.9024,-2.6088,-2.9636,-3.0907,-2.7786,-2.2925,-1.4454,-0.5064,0.37269,0.96082,1.6278,2.1583,2.4759,2.8026,3.0127,3.1128,3.0887,2.897,2.4552,1.9191,0.88599,-0.58427,-2.0032,-4.1248,-5.7566,-5.5081,-4.2573,-2.4081,-0.8569,0.010355,0.88097,1.4759,1.8139,2.2274,2.6808,3.2591,3.7778,4.5741,5.42,6.0292,6.7789,7.3893,7.8206,8.0105,8.0653,7.8768,7.5593,6.9016,5.9722,5.1063,3.7465,2.2585,0.82939,-0.033789,-0.74615,-1.0236,-1.0365,-0.95501,-0.79829,-0.61692,-0.24526,0.23192,0.71259,1.0098,1.2528,1.2837,1.1562,0.81097,0.29446,-0.33797,-0.905,-1.7642,-2.7841,-3.6807,-4.9244,-6.1263,-6.6553,-6.9813,-7.1555,-7.5816,-8.3747,-9.9088,-9.9697,-8.0406,-4.4987,-1.5329,0.22867,2.0126,3.2698,4.134,4.5554,4.8845,5.0127,4.9998,4.8976,4.7138,4.4978,4.3116,4.0225,3.6625,3.3306,2.7765,2.09,1.5062,0.72667,0.13692,-0.0563,0.082907,0.55604,1.1912,1.665,2.2612,2.8272,3.2866,3.9363,4.6596,5.339,5.7942,6.2986,6.5654,6.621,6.4725,6.0691,5.4193,4.799,3.7912,2.6345,1.7572,0.69598,0.07902,0.049598,0.59691,1.5329,2.5264,3.2027,3.9149,4.4051,4.623,4.72,4.6324,4.4579,4.0951,3.5998,2.9794,2.4349,1.5988,0.64831,-0.11718,-1.2203,-2.2865,-3.2346,-3.7624,-4.0767,-3.8951,-3.4246,-2.4519,-1.2554,-0.28222,1.0072,2.2427,3.3709,4.1505,5.0688,5.848,6.3476,6.8839,7.2617,7.4375,7.525,7.4308,7.1377,6.7727,6.0697,5.1102,4.2009,2.7649,1.2019,-0.076447
4.3586,4.5099,4.4366,4.0793,3.6333,2.7873,1.6364,0.543,-1.2954,-3.6489,-6.304,-7.6947,-6.9111,-4.5342,-2.8781,-1.2318,-0.21223,0.19263,0.27612,-0.10309,-0.94999,-1.8753,-3.5106,-5.4249,-6.7653,-7.3841,-6.0865,-4.5091,-2.385,-0.57159,0.9246,1.849,2.8542,3.6278,4.0821,4.5211,4.7685,4.8165,4.7207,4.3638,3.7242,3.0169,1.6889,-0.19707,-2.1281,-5.6115,-9.479,-8.4372,-5.4639,-2.2356,0.056215,1.3323,2.6324,3.6313,4.2355,4.9361,5.57,6.1761,6.6239,7.205,7.7559,8.1224,8.5303,8.8054,8.9108,8.8558,8.5833,8.0389,7.4405,6.3482,4.8574,3.4211,0.93962,-2.5045,-7.6263,-12.586,-10.866,-5.8882,-3.477,-1.3319,0.094368,0.8384,1.5151,1.9075,2.0156,1.9119,1.5226,0.79812,0.044521,-1.1637,-2.4374,-3.3638,-3.5791,-3.2561,-2.6392,-2.1502,-1.6113,-1.1921,-0.91141,-0.65217,-0.3765,-0.14092,0.064774,0.45766,1.067,1.69,2.7013,3.7323,4.4672,5.2858,5.8862,6.227,6.3214,6.258,5.9758,5.6736,5.1828,4.682,4.2833,4.0864,3.9945,4.0596,4.1678,4.3494,4.5303,4.6636,4.8359,5.0383,5.2942,5.5296,5.9099,6.3124,6.6296,7.0481,7.4334,7.6993,8.0133,8.2349,8.3808,8.3858,8.2723,7.9859,7.636,7.0072,6.1998,5.2487,4.4912,3.5189,2.709,2.2933,2.031,2.1235,2.3673,2.8605,3.4572,4.0486,4.4569,4.9002,5.2102,5.3536,5.4159,5.3359,5.1852,4.8739,4.4178,3.8133,3.2561,2.3581,1.2537,0.26708,-1.3193,-3.2493,-5.5413,-7.3577,-9.0255,-8.3995,-6.7511,-4.371,-2.2369,-0.86535,0.72366,2.0657,3.2601,4.0783,5.0719,5.9739,6.5701,7.2688,7.8202,8.1185,8.3491,8.3498,8.0949,7.7077,6.8747,5.5933,4.2506,1.7074,-2.2954,-9.7741
4.1402,4.05,3.6763,3.0535,2.4762,1.6102,0.74427,0.14929,-0.53352,-1.0166,-1.2634,-1.2523,-0.97295,-0.48434,-0.063365,0.44182,0.75411,0.80469,0.58672,-0.033281,-1.1113,-2.2998,-4.5217,-7.7844,-11.086,-13.676,-9.6264,-6.5622,-3.5138,-1.3409,0.3011,1.2768,2.3261,3.155,3.6508,4.1614,4.5159,4.69,4.6961,4.5355,4.1756,3.7756,3.0815,2.2471,1.5915,0.81293,0.33643,0.31199,0.58943,1.2064,1.9237,2.4554,3.1046,3.661,4.0442,4.5134,4.9917,5.5018,5.9145,6.4862,7.0396,7.4258,7.8352,8.093,8.157,8.056,7.6981,7.0738,6.4217,5.2936,3.8591,2.5807,0.61474,-1.5777,-3.6717,-4.6901,-4.6178,-3.275,-2.0544,-0.5485,0.63572,1.3192,1.9226,2.1841,2.1038,1.7967,1.0081,-0.31094,-1.7535,-4.6014,-9.4463,-22.489,-18.141,-8.5762,-4.4171,-2.4059,-0.54645,0.81883,1.577,2.4361,3.1436,3.75,4.1837,4.7497,5.2844,5.6888,6.1909,6.635,6.8918,7.1046,7.1303,6.9177,6.5849,5.8692,4.8205,3.7943,2.1106,0.21164,-1.4093,-1.8489,-1.1477,0.28584,1.3823,2.6576,3.7022,4.362,5.1235,5.7829,6.3782,6.802,7.3333,7.8222,8.1528,8.5331,8.8388,8.9976,9.1136,9.0975,8.9337,8.7081,8.2081,7.509,6.819,5.6543,4.1767,2.3443,0.70685,-1.6872,-3.7485,-4.2952,-3.3265,-1.6323,-0.403,0.96781,2.0073,2.7802,3.185,3.5527,3.7394,3.7797,3.7411,3.6063,3.4554,3.1866,2.8426,2.3978,1.9752,1.2604,0.31831,-0.59178,-2.1311,-4.221,-7.0217,-9.7628,-13.166,-11.811,-9.0371,-5.9924,-3.8514,-2.6589,-1.419,-0.42327,0.49322,1.1907,2.2254,3.348,4.2014,5.286,6.2439,6.8442,7.4511,7.8193,7.9292,7.8385,7.4831,6.8485,6.2023,5.1608,4.0593,3.1928
4.1147,3.5268,2.4312,0.96138,-0.35886,-2.2169,-3.7083,-4.1443,-3.7034,-2.6627,-1.5731,-0.83383,-0.0093104,0.66324,1.0502,1.4055,1.5711,1.558,1.3581,0.93939,0.31439,-0.27494,-1.1609,-2.026,-2.534,-2.8483,-2.6713,-2.2946,-1.6319,-0.91912,-0.24558,0.23528,0.86448,1.4951,1.9571,2.5489,3.0663,3.4761,3.6809,3.8211,3.781,3.646,3.3485,2.9582,2.6501,2.2626,1.9702,1.8044,1.761,1.8006,1.8741,1.9137,1.9001,1.7833,1.6412,1.458,1.4259,1.7485,2.2675,3.2337,4.3136,5.0717,5.91,6.4827,6.756,6.7569,6.4781,5.8888,5.2422,4.1307,2.8042,1.7204,0.30095,-0.88312,-1.6035,-1.7713,-1.5226,-0.86751,-0.23187,0.64117,1.4215,1.8953,2.351,2.5625,2.52,2.3087,1.7708,0.9594,0.17741,-1.0353,-2.2319,-2.9392,-2.8622,-2.0089,-0.72752,0.25238,1.4641,2.5131,3.1919,4.0141,4.7209,5.3771,5.8289,6.3871,6.8951,7.2343,7.6,7.8675,7.9714,7.9596,7.734,7.2658,6.716,5.6672,4.1784,2.6754,-0.02551,-4.0301,-10.336,-13.132,-7.2826,-3.1999,-1.2416,0.5723,1.8563,2.6227,3.5195,4.3522,5.1652,5.7574,6.5007,7.1864,7.6347,8.1282,8.4838,8.6508,8.7202,8.6255,8.3231,7.9784,7.3329,6.4562,5.636,4.2744,2.5502,0.3308,-1.8059,-5.5708,-10.48,-11.829,-7.8287,-4.2853,-2.4458,-0.76426,0.29732,0.88924,1.0966,1.1065,0.88493,0.61192,0.18883,-0.18947,-0.38973,-0.52842,-0.53825,-0.50718,-0.51309,-0.62023,-0.87832,-1.1789,-1.7236,-2.4025,-3.1299,-3.6083,-4.021,-4.0961,-3.959,-3.7005,-3.5641,-3.6413,-4.097,-4.9044,-5.7403,-5.7918,-4.3994,-2.0051,-0.15225,2.011,3.7677,4.8436,5.972,6.8067,7.3755,7.6469,7.8296,7.8422,7.7603,7.5722,7.3442,7.1238
4.5552,3.6615,2.0569,-0.16838,-2.4588,-6.9458,-15.372,-18.045,-9.1392,-4.8893,-2.4108,-1.1357,0.055244,0.86248,1.2756,1.6159,1.7686,1.7774,1.6644,1.4358,1.1143,0.83243,0.42359,-0.0026708,-0.31075,-0.68341,-1.0314,-1.2837,-1.6852,-2.1433,-2.6334,-2.9336,-3.0322,-2.6044,-1.9275,-0.7936,0.33961,1.2908,1.8484,2.3224,2.4976,2.4494,2.165,1.6754,1.2201,0.58695,0.043345,-0.26742,-0.32678,-0.25118,-0.12348,-0.14224,-0.42906,-1.1902,-2.2179,-4.4445,-7.9435,-9.985,-7.042,-2.5476,0.65883,2.3847,4.0345,5.0915,5.6537,5.7776,5.5767,4.9521,4.1946,2.79,0.8633,-0.95619,-3.9132,-6.9766,-7.8956,-6.5156,-4.0529,-1.9582,-0.72872,0.54805,1.4945,2.0057,2.4772,2.74,2.8127,2.7643,2.5933,2.3294,2.0984,1.7914,1.5558,1.4567,1.4928,1.6791,1.999,2.2738,2.6968,3.1243,3.4655,3.9473,4.4586,5.034,5.4862,6.0997,6.7101,7.1228,7.5955,7.9423,8.0975,8.1558,8.0097,7.6472,7.2182,6.4383,5.4012,4.4735,3.0791,1.6616,0.4459,-0.16028,-0.50859,-0.53509,-0.48503,-0.4709,-0.50406,-0.48054,-0.1798,0.57384,1.711,2.68,3.9573,5.0934,5.8164,6.5821,7.1047,7.3507,7.4665,7.3575,7.0235,6.6286,5.9505,5.0757,4.3296,3.2276,2.0246,0.81274,-0.073043,-1.1096,-1.7986,-1.997,-1.8083,-1.3197,-0.90106,-0.48737,-0.29774,-0.45579,-0.80569,-1.6458,-2.9101,-4.1283,-6.034,-7.7541,-8.3432,-7.7558,-6.4156,-5.1076,-4.3013,-3.4494,-2.8467,-2.5196,-2.1971,-1.9957,-1.8798,-1.8341,-1.8207,-1.8413,-1.9369,-2.218,-2.7622,-3.4507,-4.917,-7.3972,-11.538,-14.932,-11.009,-5.6719,-2.8213,-0.024571,2.046,3.2608,4.5548,5.5646,6.3549,6.8267,7.3179,7.6791,7.876,8.0557,8.1465,8.1573
4.9509,4.2626,3.1342,1.8024,0.70916,-0.70965,-1.7912,-2.1678,-2.0619,-1.5271,-0.86894,-0.44475,-0.0048534,0.27312,0.38616,0.43188,0.3717,0.27807,0.095468,-0.12693,-0.37194,-0.56169,-0.80661,-1.0663,-1.2857,-1.6467,-2.1602,-2.6978,-3.7038,-5.2429,-7.6572,-10.465,-16.493,-15.621,-10.484,-5.9914,-3.1294,-1.253,-0.31014,0.44982,0.699,0.5722,-0.031656,-1.1667,-2.4155,-4.6143,-7.1449,-8.36,-7.4229,-5.2504,-3.4484,-2.5436,-1.9427,-1.9901,-2.4554,-3.5743,-4.8871,-5.1054,-3.9455,-1.5128,0.79229,2.1938,3.6259,4.5861,5.1133,5.2443,5.0713,4.5069,3.8144,2.5007,0.66181,-1.1224,-4.1258,-7.4437,-8.3901,-6.7359,-4.0702,-2.0262,-0.89412,0.19359,0.90062,1.2408,1.4866,1.5606,1.5186,1.4562,1.3728,1.3094,1.2899,1.3095,1.354,1.4179,1.4496,1.4619,1.4115,1.3279,1.1422,0.89235,0.7381,0.63225,0.84592,1.429,2.0995,3.1483,4.2223,4.9611,5.8242,6.4729,6.8311,7.1212,7.2107,7.0971,6.892,6.4657,5.8851,5.3655,4.5779,3.7219,2.8241,2.1285,1.1301,-0.033736,-1.1135,-2.9972,-5.7158,-8.6199,-12.84,-9.9444,-5.1159,-2.4649,0.15478,2.0414,3.1007,4.1413,4.8187,5.1097,5.2412,5.0604,4.6258,4.1013,3.2057,2.0949,1.1938,0.016569,-0.96245,-1.5808,-1.7733,-1.773,-1.5658,-1.3402,-1.0318,-0.78196,-0.67992,-0.71058,-0.98997,-1.5926,-2.3076,-3.687,-5.7157,-7.8084,-11.769,-18.147,-21.861,-16.089,-12.02,-9.6667,-8.4514,-7.2408,-6.2302,-5.5453,-4.6807,-3.8494,-3.1091,-2.6349,-2.129,-1.7762,-1.6331,-1.5989,-1.7674,-2.0231,-2.4906,-3.0266,-3.3958,-3.4124,-2.9586,-2.0745,-1.2532,-0.14359,0.8877,1.5808,2.4199,3.1743,3.8674,4.3624,4.9896,5.5656,5.9556,6.4005,6.7436,6.9706
5.1639,4.7703,4.1647,3.4809,2.9498,2.2497,1.6105,1.187,0.71545,0.31533,-0.052229,-0.33374,-0.71989,-1.1418,-1.4737,-1.921,-2.3763,-2.7218,-3.164,-3.5659,-3.8661,-3.9929,-4.0136,-3.8743,-3.727,-3.5802,-3.5697,-3.7243,-4.1675,-4.968,-6.0922,-7.0508,-7.9182,-7.4969,-6.2907,-4.3107,-2.5032,-1.0866,-0.32073,0.32895,0.54953,0.41272,-0.19925,-1.3726,-2.6981,-5.1912,-8.486,-10.265,-8.5866,-5.3951,-2.9788,-1.7024,-0.54086,0.16387,0.50054,0.80886,1.1082,1.5406,1.9967,2.7438,3.5696,4.16,4.8418,5.3415,5.6266,5.6898,5.5617,5.1947,4.7741,4.0225,3.1073,2.3623,1.3917,0.61811,0.18031,0.09576,0.2156,0.4311,0.58061,0.65704,0.54149,0.326,-0.1361,-0.75924,-1.4234,-1.8593,-2.2101,-2.1766,-1.9225,-1.4148,-0.87687,-0.45182,-0.24722,-0.175,-0.3867,-0.75228,-1.6224,-2.9951,-4.5082,-7.1216,-9.2019,-7.3735,-4.6634,-1.4823,0.9072,2.3038,3.7176,4.7368,5.2841,5.7603,6.0037,6.0519,5.9818,5.7643,5.4364,5.1206,4.6236,4.0188,3.3142,2.6945,1.7202,0.54303,-0.5136,-2.2005,-4.1846,-5.7201,-7.0024,-6.3281,-4.3382,-2.7471,-0.86812,0.6277,1.5245,2.4316,3.0298,3.2693,3.3159,3.0418,2.4046,1.6777,0.28338,-1.6229,-3.509,-6.6827,-9.8662,-10.034,-8.1508,-5.5943,-3.7166,-2.6934,-1.7502,-1.1685,-0.94975,-0.89337,-1.1476,-1.675,-2.2823,-3.3346,-4.6799,-5.8274,-7.4638,-8.9699,-9.8482,-10.582,-11.054,-11.462,-11.795,-12.039,-11.538,-10.565,-8.7808,-6.9534,-5.3111,-4.2625,-3.1148,-2.2683,-1.7809,-1.3261,-1.0661,-0.96913,-0.94465,-0.97436,-1.0436,-1.0837,-1.1162,-1.1111,-1.1149,-1.1183,-1.137,-1.1337,-1.0511,-0.81131,-0.33945,0.17607,1.0304,1.9823,2.6952,3.5793,4.3343,4.9166
5.1949,5.0086,4.7117,4.3444,4.027,3.5312,2.9579,2.4689,1.7241,0.85378,-0.17317,-1.0198,-2.2455,-3.4831,-4.3516,-5.3499,-6.1604,-6.7332,-7.6033,-8.6869,-9.816,-10.291,-9.8115,-8.2722,-6.9449,-5.3827,-4.1894,-3.5322,-2.9578,-2.6109,-2.3874,-2.2305,-1.9337,-1.4593,-0.97591,-0.20515,0.61094,1.3675,1.852,2.3342,2.6076,2.66,2.5284,2.1875,1.8343,1.3127,0.90158,0.79269,0.95589,1.4349,2.0518,2.5142,3.0553,3.4963,3.769,4.0843,4.387,4.7105,4.9838,5.3817,5.7929,6.0983,6.4511,6.7178,6.87,6.8949,6.8102,6.5854,6.3305,5.9016,5.403,5.0017,4.4712,3.9779,3.5428,3.2522,2.8878,2.5149,2.1768,1.6021,0.81569,0.021706,-1.3809,-3.3128,-5.9693,-8.4876,-11.378,-10.094,-7.695,-5.0025,-3.1051,-1.8544,-1.2416,-0.81081,-0.77726,-1.0327,-1.7388,-2.9712,-4.2632,-6.4573,-7.9768,-6.5234,-4.2238,-1.3435,0.88048,2.1753,3.4488,4.3325,4.7555,5.078,5.1647,5.0955,4.976,4.7868,4.59,4.4503,4.2526,4.0114,3.6709,3.3341,2.7606,2.0425,1.4259,0.54196,-0.32068,-0.85503,-1.3132,-1.3988,-1.1162,-0.7049,-0.0089894,0.74946,1.2987,1.9372,2.4107,2.6363,2.7144,2.5386,2.0187,1.4171,0.20619,-1.4918,-3.2014,-6.0207,-8.7184,-8.7763,-7.0499,-4.6534,-2.8164,-1.8382,-0.91663,-0.37091,-0.14848,-0.082865,-0.2352,-0.5988,-0.98867,-1.6804,-2.5302,-3.2738,-4.3633,-5.563,-6.5309,-8.0105,-9.8236,-12.288,-15.037,-21.909,-30.402,-18.519,-12.338,-8.6306,-6.0863,-4.6228,-3.1164,-1.977,-1.327,-0.6864,-0.25055,-0.043372,0.089534,0.077659,-0.073107,-0.28097,-0.69457,-1.2844,-1.8696,-2.8682,-4.1413,-5.2689,-6.9014,-8.14,-8,-6.8533,-4.6825,-2.4684,-0.96339,0.77895,2.2045,3.3161
4.4074,4.4593,4.4905,4.4579,4.3616,4.1254,3.7159,3.2678,2.4371,1.2762,-0.29296,-1.8154,-4.4494,-7.8767,-10.723,-12.758,-11.647,-10.678,-10.405,-11.665,-15.217,-20.387,-18.135,-11.062,-7.8673,-5.0106,-3.1084,-2.0971,-1.1314,-0.463,0.032659,0.36485,0.80085,1.2996,1.7263,2.3652,3.0408,3.7072,4.1847,4.7461,5.194,5.4641,5.7265,5.8889,5.9604,6.0157,6.0698,6.1336,6.1916,6.2747,6.3396,6.3689,6.3582,6.3021,6.2304,6.1329,6.0814,6.1333,6.2518,6.5217,6.8667,7.1444,7.4888,7.7598,7.9177,7.9487,7.8751,7.6804,7.4601,7.0992,6.6849,6.3552,5.9147,5.4787,5.0651,4.7614,4.3506,3.899,3.4988,2.8534,2.0155,1.2122,-0.16587,-2.0097,-4.4202,-6.5146,-8.6585,-7.9012,-6.1067,-3.8623,-2.2012,-1.0294,-0.43055,0.099252,0.39752,0.48582,0.50948,0.43177,0.41429,0.43694,0.76408,1.3768,2.0073,2.9476,3.85,4.4167,4.9566,5.2062,5.1827,4.8898,4.308,3.5313,2.932,2.3494,2.23,2.4618,2.9827,3.5103,3.8399,3.9221,3.7841,3.3701,2.8985,2.0898,1.136,0.38923,-0.53361,-1.1992,-1.4271,-1.2639,-0.70515,0.085622,0.70214,1.4806,2.1252,2.5234,2.8908,3.0726,3.0582,2.9231,2.5724,2.037,1.574,0.96414,0.52156,0.34233,0.41233,0.63557,0.91211,1.0771,1.2165,1.2364,1.1994,1.065,0.89864,0.65226,0.42403,0.0090104,-0.53294,-1.0548,-1.8771,-2.8573,-3.6944,-4.93,-6.2659,-7.6616,-8.6223,-9.4683,-9.4327,-8.7028,-7.1658,-5.4391,-3.8557,-2.8405,-1.7099,-0.82701,-0.30897,0.21922,0.57766,0.75807,0.87351,0.84218,0.65838,0.38351,-0.21077,-1.1155,-2.038,-3.6628,-5.9011,-8.1507,-12.267,-18.843,-20.455,-14.799,-9.4863,-5.6906,-3.3881,-0.87197,1.1339,2.6949
1.1263,1.7059,2.3807,2.9275,3.2395,3.5144,3.5803,3.4642,3.0272,2.2222,0.95022,-0.38449,-2.7735,-5.9464,-8.5239,-10.175,-8.6889,-7.2813,-6.0772,-5.4982,-5.2501,-4.9907,-4.3243,-3.2565,-2.3746,-1.2676,-0.42674,0.0020982,0.33569,0.43746,0.38698,0.34506,0.41231,0.74868,1.2239,2.0532,3.0125,3.9788,4.6621,5.4978,6.2121,6.6825,7.2232,7.6845,7.9769,8.3048,8.5519,8.7063,8.7548,8.7064,8.509,8.2483,7.7265,7.0008,6.3279,5.3321,4.4025,3.8674,3.8812,4.45,5.3316,5.9969,6.7508,7.2699,7.5394,7.5838,7.4409,7.1149,6.7824,6.241,5.655,5.2273,4.7078,4.2871,3.9566,3.7748,3.5832,3.4052,3.2691,3.0306,2.7048,2.38,1.8439,1.1956,0.52959,0.086996,-0.3271,-0.46184,-0.39769,-0.20062,0.0040101,0.13548,0.17555,0.20214,0.3026,0.48675,0.90304,1.4973,2.0086,2.7602,3.5268,4.2816,4.8118,5.4299,5.9276,6.1611,6.271,6.0477,5.6401,4.6466,3.0201,0.41842,-2.5223,-8.4692,-8.0942,-3.6468,0.21563,2.4843,3.792,4.3102,4.4891,4.1647,3.6122,2.4387,0.73265,-0.97644,-3.9352,-7.5238,-9.4822,-8.074,-5.2118,-2.9395,-1.6606,-0.37307,0.62964,1.2411,1.9945,2.6257,3.2011,3.527,3.8969,4.1192,4.2263,4.2503,4.1667,4.0127,3.8254,3.4873,2.9945,2.5352,1.7959,1.017,0.48678,0.025934,-0.096527,0.049849,0.1939,0.31601,0.22708,-0.0087993,-0.58963,-1.4378,-2.235,-3.4056,-4.5935,-5.5501,-5.9429,-5.9392,-5.4187,-4.7968,-3.7944,-2.8144,-1.9307,-1.3847,-0.83281,-0.49372,-0.34253,-0.22563,-0.13521,-0.038435,0.14973,0.34418,0.44139,0.39162,0.086457,-0.58783,-1.3653,-2.8394,-4.8242,-6.6562,-9.5028,-12.481,-14.228,-13.503,-10.24,-6.5297,-4.0692,-1.3142,0.83977,2.4931
-5.2722,-4.1836,-3.0469,-1.9388,-1.0443,0.11129,1.1029,1.6625,2.1207,2.2293,1.995,1.6377,0.97675,0.25751,-0.22312,-0.64483,-0.76329,-0.70824,-0.533,-0.32743,-0.1151,0.033883,0.25597,0.45304,0.56221,0.60546,0.45684,0.17607,-0.5047,-1.6066,-3.2112,-4.7762,-6.8828,-7.3124,-5.9075,-3.3033,-1.014,0.75568,1.7886,2.8797,3.7716,4.3439,5.0558,5.7422,6.245,6.8701,7.3947,7.7823,7.9531,7.9853,7.75,7.3581,6.4976,5.1379,3.6915,0.8952,-3.6404,-11.679,-10.087,-3.1274,0.59241,2.3118,3.7613,4.528,4.7747,4.6776,4.2235,3.4346,2.6653,1.472,0.20747,-0.67597,-1.6004,-2.0864,-2.1519,-1.9958,-1.6196,-1.1401,-0.76264,-0.29393,0.10477,0.34453,0.56893,0.70207,0.73234,0.70028,0.59501,0.38743,0.14276,-0.3214,-1.0104,-2.0265,-2.9929,-4.4882,-5.727,-5.8091,-4.5374,-2.4865,-1.0194,0.73964,2.1281,3.2704,3.9638,4.6974,5.2094,5.4549,5.5713,5.4325,5.1262,4.4085,3.2837,1.7692,0.47173,-0.89156,-0.84944,0.12111,1.7725,3.1579,4.0723,4.4312,4.5022,4.1092,3.4998,2.2544,0.45892,-1.302,-4.2465,-7.6331,-9.549,-8.8639,-7.0394,-5.6714,-5.0409,-4.5482,-4.1487,-3.7194,-2.8075,-1.5164,-0.14923,0.85515,1.9911,2.9258,3.4401,3.9118,4.1188,4.0541,3.8011,3.1821,2.1626,1.0693,-0.96226,-3.8511,-6.6795,-9.7334,-7.9394,-4.7858,-3.0862,-1.6513,-0.99711,-0.91907,-1.3318,-2.3311,-3.4825,-5.6399,-8.6343,-12.208,-13.504,-11.238,-8.1515,-6.3364,-4.5736,-3.3654,-2.6633,-2.4223,-2.5005,-3.0099,-3.676,-4.8245,-5.8073,-5.9806,-5.1693,-3.7475,-2.4509,-1.735,-1.1941,-1.1381,-1.4262,-2.2447,-3.5787,-4.9316,-7.3726,-10.601,-13.728,-13.267,-9.4822,-5.9379,-3.8408,-1.6641,-0.049022,1.1367
-9.6503,-11.434,-14.271,-12.383,-8.8661,-5.0617,-2.3918,-0.94317,0.43893,1.3292,1.86,2.0739,2.1819,2.1468,2.0732,1.9568,1.843,1.7646,1.681,1.5874,1.4821,1.3846,1.2239,1.0093,0.7993,0.3956,-0.17353,-0.7527,-1.8165,-3.3273,-5.4957,-7.7009,-11.379,-12.605,-10.185,-6.7692,-4.3801,-2.853,-2.1447,-1.6285,-1.3743,-1.1857,-0.6643,0.29466,1.2444,2.5892,3.8182,4.7962,5.3273,5.7487,5.8247,5.6457,5.0826,4.1197,3.1307,1.4789,-0.34151,-1.6491,-1.7754,-0.90772,0.28902,1.0395,1.6705,1.8516,1.5737,1.0594,-0.030217,-1.6321,-3.2286,-5.9196,-9.3327,-12.339,-15.645,-15.642,-13.734,-12.392,-10.778,-9.1993,-8.0583,-6.5685,-5.2134,-4.3182,-3.3158,-2.5207,-1.9493,-1.6622,-1.466,-1.4985,-1.6946,-2.2435,-3.2128,-4.724,-6.3883,-9.7891,-15.572,-18.218,-11.674,-6.9581,-4.6269,-2.3523,-0.72913,0.47509,1.187,1.9573,2.5489,2.9156,3.2809,3.5337,3.6233,3.6466,3.5539,3.399,3.297,3.2501,3.3815,3.5785,3.9301,4.2612,4.471,4.4978,4.3266,3.8852,3.3653,2.4369,1.2609,0.25272,-1.2027,-2.6263,-3.885,-4.7276,-5.7814,-7.0453,-8.3271,-10.795,-14.772,-17.847,-14.689,-9.4161,-5.7035,-3.6014,-1.428,0.19272,1.1066,2.005,2.5522,2.7308,2.6422,2.1802,1.3071,0.33643,-1.4251,-3.7635,-5.7492,-7.4978,-6.6499,-4.5904,-3.2373,-1.9942,-1.3545,-1.2554,-1.5748,-2.4342,-3.4508,-5.3521,-7.8759,-10.566,-11.462,-10.026,-7.7149,-6.2776,-4.868,-4.0202,-3.6667,-3.7328,-4.3008,-5.5172,-7.0321,-10.365,-16.945,-23.408,-13.369,-8.0774,-5.07,-3.593,-2.3193,-1.6223,-1.4074,-1.4547,-1.8247,-2.2614,-2.923,-3.538,-3.8666,-3.8339,-3.4371,-2.7852,-2.2824,-1.7083,-1.3159,-1.148
-6.9379,-8.4496,-9.9536,-9.1422,-7.27,-4.6567,-2.4918,-1.1992,0.13502,1.1025,1.777,2.1169,2.3989,2.518,2.5272,2.4517,2.2951,2.1412,1.8871,1.5955,1.2637,1.0031,0.6187,0.21448,-0.10961,-0.56501,-1.0683,-1.4895,-2.11,-2.7891,-3.5114,-4.0064,-4.4826,-4.6185,-4.4951,-4.1523,-3.8788,-3.9262,-4.3098,-5.4966,-7.9239,-10.962,-15.063,-9.8029,-5.7785,-2.0553,0.48769,2.257,3.2079,4.0726,4.5494,4.6925,4.6247,4.3127,3.9495,3.3729,2.7759,2.259,1.9776,1.7169,1.525,1.365,1.0366,0.50002,-0.31896,-1.1628,-2.6651,-4.6639,-6.5481,-9.7251,-13.862,-17.61,-22.175,-23.097,-22.957,-23.294,-22.843,-19.725,-16.838,-13.545,-10.907,-9.2812,-7.4959,-6.1193,-5.0418,-4.4144,-3.8137,-3.4543,-3.3378,-3.4108,-3.7432,-4.2945,-4.8414,-5.5818,-6.1106,-6.159,-5.7276,-4.9133,-4.2348,-3.4529,-2.8144,-2.3709,-2.0883,-1.7101,-1.2214,-0.77066,-0.057236,0.69269,1.251,1.9242,2.5119,2.9954,3.307,3.6659,3.9764,4.1821,4.3957,4.525,4.5402,4.465,4.2193,3.8039,3.3845,2.6672,1.7788,1.0153,-0.10773,-1.3379,-2.6628,-3.7228,-5.2711,-6.9897,-8.4424,-10.584,-12.619,-13.383,-12.494,-9.9849,-7.2688,-5.4426,-3.2813,-1.5292,-0.42351,0.71986,1.5195,2.0062,2.174,2.1431,1.8544,1.5021,0.90611,0.26081,-0.15794,-0.50025,-0.55487,-0.36216,-0.14911,0.10386,0.22797,0.19298,-0.052793,-0.51683,-0.99426,-1.7643,-2.5687,-3.2175,-3.5329,-3.6919,-3.5861,-3.4384,-3.2457,-3.1667,-3.2356,-3.416,-3.8227,-4.4351,-4.9833,-5.7231,-6.2169,-6.1979,-5.5255,-4.3836,-3.1542,-2.3293,-1.4315,-0.80209,-0.48868,-0.26617,-0.22342,-0.28205,-0.42956,-0.60894,-0.79684,-0.91484,-1.0656,-1.2643,-1.4835,-1.9363,-2.6535,-3.7295
-1.5648,-1.9018,-2.0983,-1.9356,-1.5952,-0.93047,-0.17873,0.36589,1.0231,1.5632,1.9635,2.1733,2.3309,2.3609,2.2962,2.0987,1.7877,1.4857,0.9985,0.44746,-0.14621,-0.60796,-1.2174,-1.7971,-2.1953,-2.6272,-2.9349,-3.0709,-3.1195,-3.0629,-2.9064,-2.7661,-2.5482,-2.3279,-2.187,-2.0657,-2.1085,-2.4151,-2.8688,-3.8193,-5.1228,-6.1307,-6.6008,-5.2758,-3.5883,-1.3443,0.54249,2.0069,2.8528,3.6884,4.2434,4.491,4.6245,4.5668,4.4155,4.0965,3.6798,3.1981,2.8105,2.2712,1.7057,1.2511,0.59387,-0.16755,-1.0776,-1.8871,-3.1974,-4.8105,-6.2481,-8.4462,-10.929,-12.936,-15.7,-18.569,-21.764,-24.39,-26.338,-23.268,-20.399,-16.985,-14.29,-12.566,-10.607,-8.983,-7.6113,-6.741,-5.7569,-4.9794,-4.5214,-4.0505,-3.7273,-3.5784,-3.5329,-3.5203,-3.5272,-3.545,-3.5679,-3.6674,-3.7926,-4.1812,-4.8336,-5.7923,-6.6826,-7.7806,-7.9223,-7.0801,-5.1624,-3.1628,-1.8174,-0.33464,0.85499,1.8017,2.3768,3.0033,3.4816,3.7653,4.0394,4.205,4.2499,4.2002,4.0139,3.683,3.3366,2.7359,1.9778,1.3095,0.29493,-0.87015,-2.1771,-3.2367,-4.7651,-6.3962,-7.6283,-9.2005,-10.431,-10.914,-10.681,-9.4019,-7.4956,-5.8679,-3.8319,-1.992,-0.81606,0.46752,1.431,2.1045,2.4184,2.6402,2.6648,2.5873,2.4011,2.1835,2.0423,1.902,1.8624,1.8942,1.9468,2.0192,2.039,2.0049,1.8602,1.6023,1.34,0.91588,0.43483,-0.072707,-0.44949,-0.93385,-1.3963,-1.7192,-2.1438,-2.5216,-2.8486,-3.0283,-3.1721,-3.2132,-3.1662,-3.0022,-2.7259,-2.4332,-1.9498,-1.3932,-0.80638,-0.39155,0.09314,0.46824,0.67336,0.84668,0.92578,0.93358,0.86971,0.74674,0.56603,0.38454,0.071465,-0.36292,-0.79143,-1.573,-2.7115,-4.3614
1.5141,1.3757,1.2632,1.2238,1.2444,1.3345,1.4733,1.597,1.766,1.9276,2.0582,2.1267,2.1444,2.0472,1.878,1.5081,0.96052,0.42702,-0.42017,-1.4102,-2.4723,-3.2946,-4.3482,-5.3605,-6.0446,-6.8045,-7.1352,-6.9496,-6.1548,-4.9798,-3.7153,-2.8318,-1.8061,-0.96678,-0.45687,0.040952,0.35644,0.50038,0.50718,0.42205,0.33263,0.3193,0.46624,0.85906,1.2836,1.958,2.6555,3.3043,3.7395,4.2306,4.6013,4.7906,4.9215,4.8931,4.7663,4.4402,3.9422,3.2888,2.7018,1.8468,0.97886,0.37156,-0.33089,-0.9066,-1.4282,-1.8568,-2.5548,-3.4771,-4.339,-5.7477,-7.4476,-8.8775,-10.998,-13.289,-15.557,-17.171,-18.793,-19.452,-19.038,-17.585,-15.617,-14.205,-12.523,-11.021,-9.6933,-8.7584,-7.5467,-6.3646,-5.544,-4.5625,-3.7462,-3.107,-2.7304,-2.3951,-2.2168,-2.1952,-2.3144,-2.6367,-3.0717,-3.9081,-5.2664,-7.3484,-9.7281,-15.056,-21.39,-14.797,-8.7667,-5.2395,-3.365,-1.4872,-0.11931,0.92059,1.5328,2.1928,2.713,3.0255,3.3681,3.6191,3.7775,3.8214,3.7786,3.5911,3.337,2.8573,2.2099,1.6036,0.63257,-0.49799,-1.7907,-2.8701,-4.45,-6.2503,-7.8021,-10.37,-14.054,-18.328,-21.163,-13.994,-8.8668,-6.1719,-3.322,-1.1501,0.14112,1.4887,2.4649,3.0933,3.3724,3.5139,3.4409,3.2771,2.9819,2.6905,2.5222,2.4263,2.501,2.7133,2.9234,3.2094,3.4393,3.5425,3.5728,3.4592,3.2803,2.9338,2.4609,1.8583,1.333,0.53529,-0.39931,-1.181,-2.3052,-3.4141,-4.3055,-4.6439,-4.5272,-3.8479,-3.17,-2.2294,-1.3466,-0.76129,-0.093846,0.44642,0.86249,1.1048,1.3354,1.4884,1.555,1.5993,1.5945,1.5641,1.4915,1.3763,1.234,1.0937,0.8664,0.59367,0.33877,-0.088482,-0.63344,-1.3097
3.1993,3.1307,2.9954,2.8104,2.6241,2.3239,1.9988,1.7844,1.5764,1.5092,1.5901,1.7172,1.8592,1.8747,1.7506,1.3315,0.55496,-0.28155,-1.7551,-3.6159,-5.7268,-7.2262,-8.8255,-10.107,-11.276,-13.937,-18.953,-19.617,-12.428,-7.5153,-4.2317,-2.3903,-0.52284,0.87994,1.6951,2.5312,3.1446,3.5769,3.8203,4.0369,4.1573,4.2228,4.2697,4.2964,4.3037,4.3079,4.3125,4.3596,4.4503,4.6554,4.9264,5.151,5.3973,5.5022,5.4406,5.1249,4.486,3.4779,2.4516,0.73973,-1.2772,-2.6767,-3.6306,-3.1954,-2.2052,-1.5527,-1.0399,-0.984,-1.2225,-1.9153,-2.9924,-4.0597,-5.8304,-8.0945,-10.928,-13.655,-18.981,-30.968,-29.363,-19.685,-15.904,-14.356,-13.244,-12.754,-12.395,-11.742,-10.145,-8.0817,-6.5614,-4.7963,-3.387,-2.2847,-1.672,-1.0948,-0.76676,-0.64729,-0.66115,-0.84141,-1.1176,-1.605,-2.2815,-3.1188,-3.7681,-4.4624,-4.6089,-4.256,-3.3006,-2.1856,-1.4014,-0.51683,0.15358,0.67154,0.97001,1.3231,1.6752,1.948,2.3453,2.7518,3.1384,3.3817,3.6074,3.6787,3.6137,3.3299,2.804,2.2367,1.2485,0.031449,-1.3741,-2.4826,-3.9127,-5.2106,-6.108,-7.2751,-8.3546,-8.9468,-8.5422,-6.4418,-3.7827,-1.8811,0.31461,2.0834,3.1409,4.2124,4.9078,5.2558,5.3004,5.0526,4.4633,3.8095,2.7117,1.5012,0.75115,0.41307,0.97954,2.0768,2.959,3.9746,4.7307,5.1094,5.3826,5.4054,5.2731,4.9125,4.3715,3.6651,3.0138,1.9629,0.64418,-0.59864,-2.7541,-5.8706,-10.717,-15.099,-11.496,-6.3722,-3.8122,-1.4475,0.15598,0.99822,1.7682,2.2011,2.3715,2.3692,2.2326,2.0366,1.8761,1.7106,1.5887,1.5106,1.4368,1.33,1.1995,1.1105,1.0312,1.0447,1.1323,1.3385,1.6182,1.9233
3.7748,3.8668,3.811,3.4953,3.0661,2.2042,1.0168,-0.02147,-1.2973,-1.7554,-1.0333,-0.082413,1.1733,2.051,2.3855,2.3354,1.6793,0.73964,-1.2562,-4.3976,-9.5778,-16.871,-21.498,-12.75,-10.588,-9.5423,-9.1161,-8.1834,-5.7869,-3.0317,-0.65387,0.81704,2.4065,3.6325,4.3593,5.1603,5.7866,6.272,6.5573,6.8335,6.9676,6.9691,6.8184,6.4586,6.0415,5.2788,4.3345,3.3772,2.8773,2.8695,3.6502,4.5016,5.5717,6.3615,6.6901,6.7347,6.2889,5.2699,4.0602,1.6365,-2.3076,-7.227,-13,-5.1499,-0.88677,0.98504,2.483,3.234,3.4077,3.2452,2.684,2.0111,0.80441,-0.75112,-2.6285,-4.2159,-6.3752,-8.0565,-8.7052,-8.8389,-8.826,-9.1136,-10.247,-13.002,-19.831,-39.091,-14.826,-8.852,-6.1324,-3.6015,-1.8733,-0.71406,-0.11976,0.40712,0.69187,0.81663,0.86287,0.85295,0.84345,0.77,0.71632,0.64717,0.61638,0.60724,0.67385,0.7464,0.85268,0.95474,0.91277,0.72654,0.37398,-0.15199,-0.55902,-0.99807,-1.0956,-0.8672,-0.21965,0.67163,1.6318,2.3415,3.1603,3.791,4.1011,4.2233,3.9482,3.4575,2.3838,0.72799,-1.5825,-3.7343,-6.6047,-7.3907,-6.1911,-4.0445,-2.2094,-1.0199,0.50966,1.9747,3.4307,4.4911,5.7481,6.8178,7.4514,8.0761,8.4106,8.4383,8.2373,7.621,6.5401,5.335,2.9491,-0.97355,-6.3357,-19.818,-3.7774,1.3302,3.5905,5.5569,6.7546,7.2841,7.5984,7.5439,7.2988,6.7504,6.0227,5.2036,4.5531,3.6593,2.7087,1.8896,0.59028,-1.0296,-2.6505,-3.2589,-2.488,-0.58532,0.86637,2.467,3.586,4.1258,4.4505,4.3736,3.9051,3.324,2.3112,1.1656,0.42371,-0.15102,-0.16416,0.042945,0.28283,0.27488,-0.087769,-0.50868,-1.0198,-1.0176,-0.43294,0.92768,2.4787,3.9098
1.0841,1.6953,2.0333,1.8377,1.3501,0.17236,-1.8555,-4.2831,-10.111,-20.34,-8.0803,-3.8762,-0.51971,1.4665,2.3537,2.9123,2.8567,2.4327,1.4079,-0.09559,-1.848,-2.9755,-3.6439,-3.3074,-2.7322,-1.8909,-1.0779,-0.45143,0.42779,1.3201,2.1214,2.632,3.1963,3.6408,3.9371,4.3281,4.7607,5.2402,5.5849,5.9982,6.2944,6.3668,6.2316,5.7434,5.0773,3.6421,1.2627,-2.9366,-9.2501,-13.429,-2.6839,0.93633,3.9059,5.7083,6.5606,7.1688,7.278,6.9578,6.4782,5.5854,4.5906,3.9828,3.6567,4.0153,4.7651,5.3763,6.0669,6.5171,6.6736,6.6498,6.3624,5.9936,5.3187,4.4678,3.4684,2.6707,1.6233,0.61889,-0.070084,-0.96675,-1.8487,-2.5708,-3.6744,-4.8166,-5.6851,-5.8316,-5.2719,-4.1122,-3.1522,-2.09,-1.3608,-0.97696,-0.88784,-1.0111,-1.295,-1.5757,-1.844,-1.9014,-1.7246,-1.3119,-0.78385,-0.22462,0.14115,0.54558,0.80071,0.88985,0.81177,0.46472,0.012161,-0.96347,-2.4706,-4.7123,-6.977,-10.71,-12.961,-11.577,-8.7457,-6.2925,-4.0809,-2.4438,-0.37883,1.3602,2.3577,3.2602,3.6351,3.5521,2.8996,1.5608,-0.58707,-2.8642,-6.3798,-6.9367,-4.4984,-1.1911,1.2898,2.7521,4.3241,5.6076,6.6958,7.3719,8.1639,8.7714,9.1166,9.4116,9.5222,9.4201,9.1878,8.6757,7.904,7.1396,5.9006,4.5428,3.6967,3.325,4.0068,5.237,6.1647,7.1582,7.7694,7.9574,7.8323,7.283,6.5972,5.3474,3.7903,2.198,1.3159,0.91484,1.264,1.7062,2.2461,2.6736,3.0513,3.3561,3.8581,4.461,4.9081,5.4046,5.694,5.7221,5.4541,4.7688,3.5633,2.207,-0.41706,-4.6299,-9.8337,-14.918,-7.6371,-4.6695,-2.768,-2.3171,-3.1644,-4.8772,-9.8106,-27.61,-11.136,-3.5195,0.53195,3.2077
-3.1756,-2.5066,-2.0722,-2.0295,-2.2098,-2.6725,-3.3132,-3.834,-4.3182,-4.1717,-3.2077,-2.1723,-0.7175,0.54816,1.2751,1.9515,2.2804,2.3233,2.1539,1.8163,1.4231,1.1503,0.86525,0.73445,0.72836,0.77591,0.85246,0.88553,0.85783,0.69627,0.38303,0.0089325,-0.69259,-1.5549,-2.1825,-2.7297,-2.5306,-1.6026,-0.67977,0.50173,1.4592,1.977,2.3632,2.3997,2.1832,1.5681,0.61939,-0.45155,-1.039,-0.9699,0.15459,1.3142,2.8049,3.9981,4.6683,5.2703,5.5786,5.6587,5.6058,5.4528,5.2926,5.2113,5.1893,5.2987,5.5121,5.7046,5.9561,6.138,6.2169,6.2058,6.0595,5.8664,5.5017,5.0303,4.4609,3.9895,3.3012,2.5654,1.9918,1.2039,0.39444,-0.23333,-1.08,-1.8546,-2.516,-2.8917,-3.2379,-3.4571,-3.5723,-3.7587,-4.0737,-4.6206,-5.246,-6.4753,-8.2526,-10.002,-12.523,-13.463,-12.324,-9.7323,-7.5806,-5.935,-5.0244,-4.122,-3.554,-3.296,-3.1892,-3.4453,-3.8397,-4.771,-6.3073,-8.5802,-10.873,-14.633,-17.326,-17.448,-17.895,-19.935,-16.844,-11.889,-6.8367,-3.3331,-1.4333,0.36125,1.4993,1.98,2.2001,2.0459,1.6316,1.2842,0.96403,1.0127,1.3206,2.0094,2.8409,3.454,4.2108,4.8704,5.3963,5.7265,6.0602,6.2821,6.3902,6.4393,6.399,6.2806,6.1487,5.9284,5.6582,5.4405,5.1786,4.9833,4.9188,4.9848,5.219,5.5547,5.8015,6.0333,6.0663,5.9019,5.3685,4.3823,3.276,1.1428,-2.1665,-7.9652,-18.397,-12.549,-5.2012,-2.456,-0.1567,1.341,2.3598,2.9241,3.5008,3.9152,4.1378,4.2928,4.2664,4.1029,3.6761,2.9474,1.8766,0.82216,-0.93318,-2.9546,-4.3274,-5.2299,-4.7519,-4.0454,-3.2702,-2.9976,-3.2221,-3.6627,-4.2759,-4.2957,-3.6084,-2.0051,-0.2509,1.3168
-4.9585,-5.1691,-5.5071,-5.7868,-5.8998,-5.84,-5.4746,-5.0285,-4.2632,-3.3479,-2.3353,-1.5363,-0.49916,0.43689,1.0404,1.6825,2.1341,2.3583,2.5113,2.5354,2.4648,2.365,2.1947,1.9966,1.8254,1.5582,1.2202,0.89582,0.32755,-0.45288,-1.5235,-2.5853,-4.5183,-7.3943,-10.731,-19.313,-18.988,-10.666,-7.4349,-4.6228,-2.776,-1.766,-0.7981,-0.15511,0.16813,0.4459,0.62415,0.78301,0.94296,1.2667,1.7343,2.1243,2.6566,3.1327,3.4019,3.644,3.753,3.7545,3.7125,3.6512,3.6245,3.6471,3.7591,3.9393,4.1752,4.3585,4.5816,4.7606,4.8534,4.9146,4.906,4.8477,4.7014,4.4793,4.1914,3.9204,3.483,2.9595,2.5049,1.8246,1.0325,0.3818,-0.54775,-1.5599,-2.5883,-3.3528,-4.281,-5.0969,-5.651,-6.2926,-6.9282,-7.7058,-8.5042,-9.9695,-12.161,-14.376,-18.176,-20.154,-18.09,-14.603,-12.152,-10.468,-9.5176,-8.5899,-7.866,-7.4315,-6.9512,-6.5837,-6.4898,-6.5661,-6.9268,-7.5759,-8.215,-9.1762,-10.23,-11.058,-12.143,-12.683,-11.33,-9.1063,-5.8883,-3.1787,-1.5546,0.13209,1.3327,1.9617,2.5165,2.8055,2.9038,2.9052,2.8628,2.8415,2.8609,2.9245,3.0159,3.0922,3.1726,3.2076,3.1843,3.1346,2.9742,2.7638,2.5632,2.2867,2.0152,1.812,1.733,1.7144,1.8161,1.9708,2.2508,2.6143,2.9219,3.3521,3.79,4.1917,4.434,4.6373,4.6526,4.5142,4.0985,3.3786,2.6178,1.3114,-0.23716,-1.7726,-2.537,-2.6243,-1.8131,-0.9942,0.067042,0.92049,1.5695,1.9412,2.2986,2.5172,2.6,2.6165,2.5231,2.3824,2.0908,1.6819,1.1654,0.72927,0.10078,-0.50281,-0.88239,-1.2347,-1.3918,-1.4274,-1.4204,-1.4398,-1.5156,-1.5755,-1.6074,-1.5234,-1.3513,-0.98612,-0.5032,0.005131
-6.5771,-7.8374,-9.7723,-11.856,-12.946,-12.512,-10.324,-8.4527,-6.1904,-4.2655,-2.6487,-1.5966,-0.4038,0.57806,1.1985,1.8569,2.3479,2.6132,2.8484,2.9532,2.9425,2.8753,2.7222,2.4803,2.2391,1.8435,1.3418,0.89282,0.17852,-0.68765,-1.7716,-2.7498,-4.2785,-6.0652,-7.436,-8.856,-9.0721,-8.1043,-7.0603,-5.7026,-4.5378,-3.7741,-2.8692,-2.0598,-1.4929,-0.79029,-0.14876,0.4267,0.82393,1.3034,1.7083,1.9595,2.1999,2.3074,2.2892,2.1214,1.801,1.3609,1.0068,0.59926,0.39445,0.44252,0.77051,1.2844,1.8376,2.2196,2.6363,2.9415,3.0926,3.2333,3.3279,3.3844,3.4535,3.5053,3.5201,3.4826,3.3494,3.0829,2.7757,2.2003,1.4148,0.68148,-0.51093,-1.977,-3.7254,-5.2074,-7.2449,-8.9589,-9.6947,-9.8765,-9.629,-9.5026,-9.6154,-10.054,-10.806,-11.523,-12.39,-12.985,-13.203,-13.169,-12.959,-12.879,-12.848,-12.812,-12.446,-11.901,-10.74,-9.3095,-8.2911,-7.1089,-6.1841,-5.529,-5.1968,-4.8839,-4.6459,-4.4803,-4.1371,-3.5837,-2.7405,-1.9369,-0.73602,0.46996,1.3035,2.2612,2.9965,3.4007,3.7541,3.9064,3.9006,3.8021,3.5811,3.2789,3.0179,2.637,2.2326,1.927,1.5035,1.0486,0.56323,0.12999,-0.51593,-1.2869,-1.947,-2.8721,-3.7309,-4.3416,-4.5253,-4.3364,-3.7167,-3.0772,-2.1171,-1.0861,-0.29849,0.72506,1.6722,2.4985,3.0249,3.5756,3.9271,4.0538,4.0322,3.8118,3.5254,3.0222,2.454,1.9074,1.5632,1.2445,1.0844,1.0552,1.0707,1.0961,1.1035,1.0893,1.0351,0.94897,0.85915,0.72425,0.58216,0.48284,0.35947,0.27317,0.21164,0.17324,0.1357,0.11026,0.088624,0.069358,0.031441,-0.00862,-0.10991,-0.25478,-0.46313,-0.65021,-0.9408,-1.2451,-1.4645,-1.7166,-1.8641,-1.8855
-7.4953,-9.1724,-11.998,-16.028,-19.743,-18.505,-12.927,-9.7955,-6.6472,-4.2653,-2.3986,-1.2556,-0.02105,0.94242,1.5103,2.0997,2.5167,2.7282,2.9025,2.9686,2.9416,2.8644,2.6786,2.4005,2.1342,1.692,1.1578,0.7007,0.026461,-0.70766,-1.4889,-2.1003,-2.9351,-3.7511,-4.3239,-4.9698,-5.4644,-5.8205,-5.9909,-6.1676,-6.2048,-6.08,-5.5823,-4.6934,-3.8598,-2.6871,-1.5872,-0.62356,-0.010332,0.65369,1.1336,1.3882,1.5496,1.4817,1.2719,0.71413,-0.22717,-1.634,-3.0267,-5.223,-6.8389,-6.547,-4.6031,-2.5124,-0.9454,-0.12833,0.54528,0.82477,0.85154,0.75562,0.67826,0.75073,1.0856,1.6352,2.2375,2.6487,3.0514,3.2297,3.1937,2.8898,2.2869,1.598,0.32232,-1.4252,-3.8454,-6.2996,-11.127,-20.919,-28.885,-15.209,-11.214,-9.4093,-8.7795,-8.6085,-8.9357,-9.4115,-10.283,-11.266,-11.992,-13.009,-14.014,-15.182,-16.486,-19.206,-23.846,-23.554,-16.875,-11.954,-9.2689,-6.5656,-4.5483,-2.9993,-2.0658,-1.0535,-0.21002,0.35426,1.0402,1.7038,2.3737,2.8723,3.5121,4.0982,4.4884,4.8977,5.1644,5.2634,5.2411,5.0495,4.6916,4.3198,3.698,2.9357,2.2849,1.3531,0.39745,-0.30504,-1.1737,-1.9403,-2.6707,-3.2784,-4.2074,-5.4855,-6.7423,-9.0052,-12.021,-15.437,-16.514,-14.432,-11.702,-9.9742,-7.9112,-5.9339,-4.4487,-2.5194,-0.7537,0.77757,1.7512,2.8013,3.5855,4.0003,4.3387,4.4557,4.4213,4.2335,3.9075,3.4945,3.1314,2.6056,2.0398,1.5986,0.98647,0.39171,-0.18215,-0.59157,-1.0873,-1.5285,-1.8255,-2.1948,-2.5,-2.6535,-2.6729,-2.4422,-1.9854,-1.5575,-0.94641,-0.38528,-0.03162,0.31963,0.5225,0.57628,0.50821,0.28002,-0.10621,-0.52072,-1.2445,-2.1715,-2.992,-4.1905,-5.3284,-5.9509
-7.7185,-8.7278,-9.5734,-9.8364,-9.582,-8.5818,-7.0327,-5.6765,-3.867,-2.2213,-0.81197,0.06247,1.0174,1.7234,2.0898,2.4057,2.555,2.5896,2.5621,2.4984,2.417,2.3283,2.1431,1.8696,1.5842,1.0796,0.45234,-0.081566,-0.81444,-1.5043,-2.0449,-2.3414,-2.6544,-2.9327,-3.1858,-3.626,-4.2663,-5.1956,-6.188,-8.0141,-10.571,-12.696,-13.215,-10.05,-7.5445,-4.8896,-2.9522,-1.5353,-0.73669,0.060776,0.64251,0.94819,1.21,1.2818,1.1628,0.71162,-0.20029,-1.7601,-3.5338,-7.0541,-11.087,-10.147,-5.8334,-2.7659,-0.94123,-0.1986,0.096442,-0.35825,-1.1776,-2.9314,-5.0472,-5.8113,-4.2988,-1.6244,0.67519,1.9985,3.273,4.0833,4.4262,4.5652,4.3514,3.963,3.1388,1.952,0.41633,-0.934,-2.8907,-4.5584,-5.2249,-5.2741,-4.8704,-4.5798,-4.5814,-4.9758,-5.8366,-6.7823,-8.4857,-10.688,-12.575,-14.767,-15.804,-15.537,-15.234,-15.206,-14.97,-13.943,-11.077,-7.8114,-5.5905,-3.1008,-1.0669,0.6006,1.6467,2.8223,3.7962,4.4269,5.1496,5.7692,6.2964,6.6322,7.0007,7.267,7.3869,7.4327,7.3386,7.1655,6.7898,6.2407,5.4923,4.7969,3.6674,2.2837,1.0694,-0.78702,-2.824,-4.3416,-5.9208,-6.5809,-6.6188,-6.5382,-6.7613,-7.5026,-8.5126,-10.594,-13.645,-17.214,-18.655,-17.603,-16.431,-16.211,-15.561,-12.56,-9.4221,-5.5678,-2.4861,-0.076758,1.352,2.8436,3.9298,4.5177,5.0459,5.3067,5.3494,5.2234,4.9019,4.3936,3.8992,3.077,2.0712,1.1831,-0.14379,-1.5816,-2.9849,-3.8785,-4.7445,-5.3173,-5.6891,-6.3573,-7.3613,-8.2632,-9.0031,-8.2325,-6.1842,-4.5133,-2.604,-1.1334,-0.29905,0.47362,0.93809,1.0969,1.0995,0.85252,0.36196,-0.18297,-1.1802,-2.608,-4.0866,-6.9462,-11.896,-24.482
-13.238,-14.578,-11.713,-8.6307,-6.8437,-4.876,-3.1813,-2.032,-0.63077,0.59762,1.6112,2.1971,2.749,3.018,3.0355,2.8042,2.339,1.9056,1.3499,0.99939,0.94948,1.0596,1.242,1.2503,1.044,0.43466,-0.5994,-1.6343,-3.2232,-4.584,-4.994,-4.592,-3.6236,-2.7497,-2.3042,-2.0899,-2.3061,-2.9951,-3.8893,-5.6292,-8.1275,-10.173,-10.79,-8.0975,-5.8891,-3.6047,-2.0253,-1.0305,-0.57057,-0.1864,0.12829,0.41651,0.96606,1.6269,2.0822,2.5355,2.7257,2.6403,2.4266,2.1034,1.9928,2.1569,2.6355,3.2165,3.6114,3.6632,3.2949,2.3231,1.0802,-1.4307,-4.9811,-6.8274,-4.1991,-0.36844,2.4174,3.9497,5.4559,6.5008,7.0373,7.4783,7.6282,7.5822,7.3189,6.847,6.2182,5.6824,4.9375,4.2327,3.7719,3.2323,2.7268,2.1697,1.6353,0.71134,-0.57786,-1.8741,-4.1487,-7.3353,-10.727,-17.749,-18.307,-12.325,-9.5779,-7.1134,-5.1948,-3.8707,-2.1278,-0.41026,0.86927,2.458,3.8868,5.1301,5.952,6.915,7.7311,8.2521,8.8522,9.3415,9.7153,9.923,10.095,10.138,10.075,9.8663,9.5016,9.1198,8.4709,7.6443,6.6284,5.7181,4.2686,2.4924,0.85355,-1.9316,-5.8865,-10.457,-25.067,-16.093,-9.8663,-7.7527,-6.3737,-5.9475,-6.0516,-6.6035,-7.4678,-8.4385,-9.2032,-10.254,-11.796,-13.441,-15.308,-11.99,-8.17,-3.9503,-0.76481,1.6297,3.0199,4.4513,5.458,5.9885,6.4353,6.6296,6.6216,6.4282,6.0409,5.4316,4.8272,3.7724,2.3796,1.0467,-1.2298,-4.3517,-8.6113,-12.214,-12.9,-10.083,-8.7666,-8.3437,-9.5318,-11.814,-17.327,-14.484,-8.024,-4.8844,-2.0232,-0.1358,0.83443,1.6882,2.1309,2.245,2.1629,1.8795,1.4284,1.0114,0.3309,-0.50237,-1.2675,-2.4363,-3.5633,-4.0686
-8.0932,-8.8716,-7.489,-5.3594,-3.8802,-2.1919,-0.72276,0.28219,1.5114,2.57,3.4268,3.8923,4.205,4.1186,3.7652,2.7908,1.1117,-0.72091,-3.9537,-6.4034,-4.6571,-2.4777,-0.33301,0.78205,1.0298,0.63387,-0.67799,-2.3994,-6.2573,-14.601,-16.983,-9.0897,-4.413,-1.9393,-0.77941,0.11246,0.47892,0.46597,0.2676,-0.12311,-0.4991,-0.69867,-0.65943,-0.32578,0.022148,0.3996,0.51821,0.12873,-0.5755,-2.1372,-4.0773,-4.6244,-2.6869,0.28455,2.2197,4.2145,5.6401,6.6335,7.1738,7.7087,8.1018,8.3377,8.5761,8.7073,8.6868,8.5448,8.1589,7.5526,6.9822,6.1885,5.5394,5.2992,5.4223,5.9888,6.7832,7.4159,8.2318,8.9677,9.4407,9.9549,10.333,10.522,10.645,10.636,10.505,10.344,10.064,9.7202,9.4248,8.9902,8.4881,7.8834,7.3428,6.4928,5.4558,4.5447,3.1798,1.7184,0.6861,-0.36931,-0.7026,-0.28909,0.33028,1.3167,2.4038,3.2292,4.2812,5.3104,6.0514,6.9802,7.8249,8.5779,9.0923,9.7034,10.232,10.585,11.008,11.35,11.612,11.735,11.785,11.683,11.496,11.093,10.497,9.9351,9.04,8.0028,6.8648,5.9563,4.6646,3.2674,2.1022,0.38278,-1.5062,-2.8825,-4.2245,-4.4585,-3.9056,-3.4437,-2.8834,-2.6136,-2.5948,-2.7035,-2.8928,-3.0773,-3.1853,-3.2307,-3.0932,-2.8011,-2.0669,-0.85484,0.30963,1.9608,3.524,4.866,5.6713,6.4677,6.9697,7.1722,7.2395,7.1372,6.9668,6.6539,6.2523,5.733,5.2358,4.3876,3.253,2.1549,0.27386,-2.1685,-5.0992,-7.0675,-7.5187,-5.9783,-4.7758,-3.7114,-3.1874,-2.9394,-2.5186,-1.7,-0.48467,0.52473,1.741,2.6274,3.0556,3.3297,3.2196,2.9231,2.2996,1.5639,0.91827,0.63347,0.56861,0.79968,1.0865,1.547,2.0711,2.6822
-2.2238,-2.9048,-3.4792,-3.7236,-3.6763,-3.2692,-2.4452,-1.5544,-0.20929,1.1067,2.217,2.8713,3.394,3.4633,3.1865,2.3241,0.77355,-0.90737,-3.7333,-5.6606,-4.2867,-2.3421,-0.29446,0.91602,1.3477,1.3531,0.80094,0.097306,-1.0355,-1.965,-2.2159,-1.8882,-1.0854,-0.23481,0.24402,0.66615,0.8478,0.87344,0.87128,0.84679,0.91104,1.0373,1.2863,1.55,1.7139,1.7858,1.5147,0.75419,-0.24471,-2.3837,-5.4827,-6.8217,-3.8803,0.081876,2.415,4.7647,6.477,7.7359,8.4641,9.2103,9.7344,10.016,10.265,10.362,10.306,10.166,9.8531,9.3933,8.981,8.3658,7.7337,7.2906,6.7841,6.4348,6.3144,6.4004,6.7574,7.3196,7.8291,8.5225,9.1741,9.5874,10.039,10.37,10.578,10.658,10.683,10.614,10.499,10.283,9.9794,9.5865,9.2344,8.6832,8.0529,7.5462,6.832,6.1201,5.6397,5.1337,4.8045,4.6752,4.7128,4.9195,5.2354,5.5436,5.9962,6.4548,6.7815,7.1878,7.5233,7.7839,7.9344,8.0993,8.2688,8.4317,8.705,9.0359,9.3616,9.5488,9.6685,9.5702,9.3316,8.7513,7.8744,7.026,5.6722,4.1631,2.6886,1.7617,0.8751,0.30832,0.04073,-0.28085,-0.62334,-0.84771,-1.0997,-1.2776,-1.4733,-1.6345,-1.877,-2.2287,-2.569,-3.0326,-3.3023,-3.1735,-2.7309,-1.8634,-0.77837,0.082198,1.2697,2.4047,3.2035,4.16,4.9372,5.478,5.6969,5.726,5.456,5.0666,4.3545,3.5431,2.9976,2.4713,2.2206,2.1727,2.1349,2.009,1.7208,1.3905,0.83326,0.19943,-0.35929,-0.63252,-0.69691,-0.48246,-0.17426,0.30916,0.77156,1.1179,1.5587,2.0254,2.4784,2.7835,3.0642,3.16,3.0611,2.609,1.7289,0.732,-1.1723,-3.8932,-7.2326,-8.556,-6.4145,-3.2952,-1.3853,0.56708,2.0493,3.27
-3.383,-4.2776,-5.6833,-7.5433,-9.425,-12.118,-11.705,-8.972,-5.355,-2.5592,-0.55607,0.53451,1.5476,2.1198,2.2737,2.192,1.8598,1.513,1.0774,0.84919,0.91939,1.132,1.4954,1.7756,1.876,1.8228,1.5773,1.2998,0.85975,0.43975,0.087119,-0.11494,-0.31695,-0.52561,-0.75019,-1.1563,-1.6847,-2.2818,-2.6723,-2.905,-2.6437,-2.0875,-1.1304,-0.13328,0.51752,1.1824,1.5571,1.6848,1.629,1.4869,1.456,1.6458,2.276,3.2366,4.066,5.1456,6.1201,6.947,7.4637,8.0281,8.4701,8.7164,8.9377,9.0346,8.9964,8.8689,8.5571,8.0715,7.5769,6.7221,5.6353,4.6554,3.1225,1.3912,-0.1835,-0.78658,-0.35462,1.0357,2.2197,3.6555,4.8242,5.5462,6.3313,6.9431,7.4204,7.6978,7.9603,8.1184,8.1749,8.1594,8.0632,7.9035,7.746,7.4818,7.1699,6.9002,6.4988,6.0594,5.703,5.2217,4.7445,4.3001,4.006,3.7112,3.5344,3.4944,3.5838,3.7466,3.8695,3.9562,3.8782,3.5747,3.1794,2.5005,1.8589,1.613,1.8642,2.7316,3.7794,4.4727,5.1045,5.3243,5.1814,4.5517,3.3897,2.1135,-0.20542,-3.4232,-7.6127,-10.486,-10.049,-7.4173,-5.8648,-4.4714,-3.5908,-3.1688,-2.8051,-2.6874,-2.7673,-2.9558,-3.6041,-4.7329,-5.9958,-8.4049,-11.365,-11.623,-9.0569,-5.4077,-2.5761,-0.91574,0.8347,2.1666,2.9233,3.6482,4.0496,4.0827,3.8629,3.2003,2.0357,0.77986,-1.4857,-4.5468,-7.0659,-8.7162,-7.1597,-5.126,-3.9827,-3.0022,-2.4431,-2.1747,-1.9011,-1.6314,-1.3088,-1.0239,-0.61482,-0.15952,0.17013,0.59026,0.97473,1.2079,1.473,1.6735,1.8067,1.8366,1.7779,1.5779,1.2865,0.63426,-0.35387,-1.4028,-3.2923,-5.9106,-8.9356,-10.063,-8.2275,-5.3703,-3.5722,-1.6936,-0.24687,0.91659
-5.6856,-6.0599,-6.9251,-8.3812,-9.9545,-12.194,-11.838,-9.4583,-6.1248,-3.5051,-1.5306,-0.43711,0.6386,1.3596,1.7173,1.9898,2.1081,2.1312,2.122,2.1104,2.1372,2.1519,2.1513,2.1034,2.0045,1.7848,1.4539,1.1347,0.63168,0.05924,-0.51773,-0.94515,-1.5295,-2.1992,-2.7655,-3.7649,-5.2031,-7.4133,-9.8932,-13.991,-12.779,-9.0439,-5.1055,-2.3601,-0.85913,0.60343,1.6377,2.3364,2.6943,3.0298,3.2885,3.4685,3.7204,4.0061,4.2364,4.5569,4.8813,5.1959,5.4233,5.7099,5.9929,6.1933,6.4212,6.5915,6.6677,6.6367,6.4393,6.0346,5.5551,4.6417,3.3224,1.9842,-0.4521,-4.0927,-10.529,-20.59,-11.325,-5.5579,-3.1959,-1.1797,0.12768,0.86834,1.68,2.3944,3.0497,3.4896,3.9709,4.3114,4.4776,4.5858,4.6161,4.6134,4.6123,4.6276,4.6301,4.595,4.4728,4.2196,3.9174,3.3267,2.5257,1.5193,0.65619,-0.52799,-1.4152,-1.6987,-1.4889,-0.86389,-0.38738,-0.0064678,-0.062941,-0.71715,-1.7114,-4.0225,-8.3669,-14.465,-12.808,-5.6115,-1.8043,-0.017219,1.4598,2.1646,2.2564,1.8622,0.84443,-0.33748,-2.5527,-5.5509,-9.2057,-11.439,-11.58,-9.9447,-8.7977,-7.6261,-6.6856,-6.0747,-5.3123,-4.6718,-4.2284,-4.1292,-4.3882,-5.1806,-6.1674,-8.1169,-10.332,-10.328,-8.1552,-4.865,-2.1942,-0.62497,0.99077,2.1653,2.7899,3.2887,3.4237,3.1958,2.768,1.8166,0.36109,-1.1306,-3.7729,-7.3528,-10.515,-12.808,-10.856,-8.8058,-7.8903,-7.3461,-7.2459,-7.2076,-6.8715,-6.0115,-4.8193,-3.8901,-2.7717,-1.832,-1.2823,-0.74986,-0.40824,-0.26872,-0.20252,-0.24696,-0.34291,-0.42249,-0.51285,-0.63476,-0.76738,-1.0143,-1.4236,-1.8486,-2.5547,-3.3118,-3.9433,-4.2277,-4.2702,-4.0204,-3.7169,-3.2788,-2.7881,-2.3153
-7.0906,-6.1151,-5.3702,-5.0032,-4.8183,-4.4961,-3.9087,-3.2835,-2.2826,-1.2529,-0.34135,0.23282,0.83537,1.2453,1.4613,1.6426,1.7391,1.79,1.8459,1.9023,1.9521,1.9784,1.9619,1.8617,1.7065,1.3672,0.85187,0.34062,-0.48252,-1.4361,-2.4179,-3.0979,-3.8178,-4.2679,-4.5065,-4.8965,-5.5916,-6.7483,-7.9164,-9.1263,-8.2447,-6.2788,-3.4754,-1.1339,0.24665,1.6651,2.6779,3.3373,3.6539,3.8675,3.8897,3.8127,3.6166,3.3536,3.1216,2.8131,2.5252,2.3042,2.213,2.2186,2.3754,2.6131,3.054,3.5574,4.0304,4.3135,4.535,4.5168,4.3327,3.8306,3.0077,2.1698,0.78326,-0.80994,-2.3326,-3.1378,-3.5604,-3.4743,-3.3746,-3.4428,-3.7585,-4.0159,-3.9819,-3.2069,-2.0015,-1.1134,-0.17683,0.35239,0.47496,0.37809,0.11911,-0.045902,0.047228,0.51507,1.1958,1.7001,2.1931,2.37,2.2614,1.7342,0.6957,-1.015,-2.8917,-6.6703,-13.334,-17.061,-9.8615,-5.5169,-3.6109,-2.1248,-1.4883,-1.5296,-1.9514,-2.957,-4.1791,-4.8016,-4.4146,-2.8072,-1.0128,0.13379,1.2511,1.867,2.0251,1.8355,1.2116,0.47492,-0.81629,-2.3533,-4.0174,-5.2727,-6.8194,-8.3528,-9.5567,-10.961,-11.269,-10.274,-8.2048,-6.1726,-4.645,-3.8371,-3.0578,-2.6274,-2.4617,-2.3262,-2.0899,-1.5551,-0.94693,0.074094,1.1563,1.9224,2.7982,3.4555,3.7897,4.0111,3.9577,3.6389,3.2096,2.3879,1.2994,0.31772,-1.168,-2.711,-3.8044,-5.0183,-5.975,-6.8579,-7.7459,-9.5192,-12.521,-16.188,-19.809,-13.679,-9.0332,-6.7069,-4.5121,-3.0934,-2.3902,-1.8651,-1.7692,-1.9199,-2.397,-3.0726,-3.7585,-4.0883,-4.1248,-3.7265,-3.2754,-2.6883,-2.2999,-2.159,-2.1956,-2.4325,-2.844,-3.2471,-3.8822,-4.5858,-5.1528,-5.8929,-6.5469,-6.9572
-4.7779,-3.612,-2.4501,-1.6236,-1.1394,-0.59732,-0.13214,0.18053,0.56385,0.88142,1.0852,1.166,1.1547,1.0248,0.85815,0.61074,0.39186,0.29495,0.30424,0.47248,0.72863,0.95021,1.2041,1.3158,1.274,0.98382,0.37246,-0.33245,-1.6776,-3.5718,-6.1387,-8.3296,-10.092,-8.7137,-6.9619,-4.9632,-3.5741,-2.6011,-2.0078,-1.2159,-0.29617,0.49275,1.6271,2.709,3.4257,4.2,4.716,4.9631,4.9745,4.7571,4.2741,3.7478,2.8515,1.7711,0.8945,-0.29858,-1.427,-2.4277,-3.0734,-3.685,-3.7556,-3.2763,-1.9798,-0.37688,1.1291,2.0794,3.0582,3.688,3.9463,4.0174,3.8214,3.5215,2.9555,2.2558,1.4965,0.8957,0.029333,-1.0072,-2.025,-3.9761,-7.2066,-11.507,-24.941,-11.998,-6.3345,-4.0387,-2.3741,-1.8297,-2.0816,-3.3478,-5.9078,-9.5854,-10.218,-6.2188,-2.5767,-0.67658,0.99643,1.9261,2.2209,2.1494,1.5546,0.45687,-0.694,-2.5586,-4.2414,-4.7227,-3.9608,-2.5191,-1.5215,-0.51886,0.081726,0.36742,0.42892,0.41636,0.43801,0.55336,0.90337,1.4514,2.1216,2.6154,3.169,3.5269,3.6337,3.5225,3.1401,2.6693,1.8151,0.69768,-0.67184,-1.8823,-3.8384,-6.3976,-8.9942,-14.27,-19.103,-14.043,-8.6527,-5.2884,-2.9973,-1.7053,-0.41987,0.54115,1.0975,1.7167,2.2635,2.7887,3.182,3.7123,4.2239,4.5758,4.9649,5.2303,5.3315,5.3323,5.1613,4.7977,4.4029,3.7158,2.8662,2.1498,1.1166,0.055695,-0.74427,-1.7909,-2.8457,-3.9515,-4.884,-6.364,-8.1168,-9.3107,-9.7469,-8.2765,-6.1242,-4.6395,-3.0918,-2.09,-1.6633,-1.515,-1.8792,-2.5295,-4.0054,-6.3615,-10.067,-13.638,-13.452,-8.7823,-6.1964,-3.929,-2.5251,-1.9028,-1.526,-1.6163,-2.1267,-2.7741,-4.0271,-5.7671,-7.4393,-10.193,-13.374,-15.592
-0.357,0.12462,0.7127,1.2123,1.5068,1.8007,1.9882,2.0653,2.0594,1.9076,1.6036,1.2449,0.57271,-0.31941,-1.1444,-2.3924,-3.6008,-4.2539,-4.3834,-3.6209,-2.3927,-1.4634,-0.39535,0.37499,0.72707,0.87475,0.61731,0.12763,-1.0149,-2.8437,-5.5877,-8.2756,-10.749,-8.0421,-5.3126,-2.4547,-0.36829,1.184,2.1229,3.1761,4.0832,4.6901,5.4145,6.0108,6.364,6.6684,6.7519,6.5938,6.2817,5.5866,4.5278,3.4586,1.6129,-0.76016,-2.8755,-5.907,-8.3597,-9.6908,-10.671,-13.482,-20.843,-18.864,-9.4848,-4.479,-1.2711,0.44862,2.1028,3.2255,3.7813,4.2224,4.3893,4.3761,4.21,3.9165,3.5188,3.1508,2.5534,1.781,1.0491,-0.15626,-1.5893,-2.5916,-3.2933,-2.77,-1.5854,-0.73857,-0.0053278,0.1165,-0.22499,-1.3469,-3.1404,-4.9935,-5.1454,-3.1593,-0.65566,0.89268,2.4191,3.4045,3.8329,4.0614,3.964,3.629,3.2699,2.739,2.2858,2.0706,1.9472,1.9711,2.0171,2.068,2.0528,1.9699,1.8965,1.8447,1.9129,2.096,2.5093,3.0719,3.7161,4.1812,4.7191,5.1152,5.282,5.3241,5.1391,4.8567,4.2824,3.4949,2.5219,1.6808,0.41558,-0.90451,-1.8661,-2.8365,-3.1506,-2.829,-1.8653,-0.63074,0.62079,1.4851,2.4716,3.2834,3.7944,4.3586,4.8109,5.169,5.4003,5.6539,5.864,5.9882,6.1106,6.171,6.1627,6.0536,5.8188,5.4258,5.0273,4.3522,3.5202,2.8167,1.8233,0.82854,0.1391,-0.65586,-1.2579,-1.7215,-1.9642,-2.2142,-2.3443,-2.3305,-2.1177,-1.6636,-1.0536,-0.58455,-0.065464,0.27212,0.34848,0.17904,-0.31831,-0.96646,-2.2134,-3.999,-6.1544,-7.4437,-7.3045,-5.2897,-3.6378,-1.875,-0.66878,-0.11947,0.19092,0.029912,-0.58914,-1.3649,-2.8676,-5.0275,-7.2103,-11.102,-16.724,-22.354
1.9239,2.005,2.107,2.2022,2.2612,2.296,2.2634,2.1737,1.9266,1.5011,0.86611,0.20902,-0.94912,-2.5301,-4.0715,-6.9118,-11.391,-17.521,-21.715,-11.632,-6.9473,-4.6307,-2.4172,-0.82098,0.043597,0.83725,1.258,1.3422,1.1973,0.83253,0.40061,0.15748,0.16914,0.67175,1.2901,2.3125,3.364,4.3526,5.0181,5.8053,6.4869,6.9299,7.4125,7.7753,7.9512,8.0369,7.9306,7.5866,7.1457,6.2644,4.986,3.702,1.4401,-1.7111,-4.9609,-11.492,-20.152,-14.11,-11.426,-9.9407,-8.978,-7.7956,-5.3907,-2.8478,-0.67569,0.62301,1.9424,2.8484,3.2967,3.6546,3.7875,3.7884,3.7281,3.6573,3.6073,3.5979,3.5967,3.5724,3.5208,3.4116,3.2972,3.244,3.2719,3.4255,3.6634,3.8233,3.9663,3.9469,3.8139,3.5247,3.197,3.0009,3.0352,3.3333,3.8505,4.2795,4.8152,5.2343,5.4496,5.5897,5.585,5.4443,5.279,5.0124,4.6945,4.4412,4.0943,3.7082,3.3725,2.8167,2.1214,1.2745,0.58759,-0.23768,-0.63709,-0.45812,0.42071,1.6987,2.991,3.862,4.8213,5.5156,5.8658,6.1185,6.1212,5.9739,5.5967,5.0448,4.3495,3.761,2.9508,2.1926,1.709,1.2589,1.1099,1.2064,1.5889,2.1707,2.8422,3.3465,3.9973,4.542,4.8713,5.1924,5.375,5.4402,5.4233,5.3444,5.2415,5.1756,5.1317,5.1363,5.1501,5.1206,4.9734,4.6593,4.2757,3.5454,2.5368,1.5851,0.096818,-1.5344,-2.6311,-3.5117,-3.442,-2.6943,-1.9865,-1.0622,-0.26016,0.24019,0.80405,1.2547,1.6027,1.7801,1.9039,1.9057,1.8207,1.5955,1.2651,0.97721,0.56511,0.14969,-0.12553,-0.17766,0.020686,0.51283,0.97047,1.5914,2.0689,2.2794,2.3144,2.0593,1.484,0.82547,-0.3458,-1.8473,-3.1686,-5.0806,-7.0264,-8.669
1.9543,1.6939,1.4114,1.2241,1.1625,1.1482,1.1307,1.0551,0.83048,0.41231,-0.26813,-0.93512,-2.0737,-3.5226,-4.8046,-6.6994,-8.6238,-9.7028,-9.9373,-8.6207,-6.5291,-4.9374,-2.9394,-1.2074,-0.1052,1.0965,2.0061,2.5175,3.0195,3.3601,3.6122,3.7903,4.063,4.3941,4.7108,5.1851,5.6903,6.2003,6.579,7.0548,7.4873,7.7773,8.1064,8.364,8.4943,8.5751,8.5181,8.2796,7.9694,7.3407,6.4385,5.5641,4.1231,2.3943,0.99679,-0.77596,-2.0398,-2.5392,-2.5028,-2.125,-1.5775,-1.0558,-0.26249,0.57717,1.3693,1.8719,2.3769,2.6416,2.6712,2.4731,2.0394,1.6138,1.0872,0.87672,1.2088,1.7768,2.7378,3.7156,4.376,5.1171,5.7127,6.067,6.4558,6.7502,6.9656,7.0723,7.1239,7.0833,6.9912,6.8187,6.6035,6.4029,6.2738,6.153,6.0916,6.0763,6.077,6.0776,6.0716,6.0338,5.9423,5.783,5.6216,5.3563,5.0415,4.7646,4.347,3.836,3.3611,2.52,1.3191,-0.44314,-2.3684,-6.3706,-13.374,-12.658,-5.3505,-1.0524,1.6983,3.1801,4.6163,5.5825,6.0636,6.4154,6.4896,6.3757,6.029,5.4773,4.743,4.1057,3.1923,2.2635,1.663,1.0859,0.90503,1.0374,1.5312,2.2382,3.0078,3.5538,4.1692,4.6224,4.8222,4.8867,4.7109,4.2961,3.8284,3.0694,2.2833,1.833,1.6124,1.8746,2.2713,2.845,3.2447,3.3456,3.1722,2.5635,1.464,0.2458,-2.085,-5.7302,-10.248,-23.568,-11.411,-5.6117,-3.0974,-0.83142,0.69051,1.505,2.2677,2.7185,2.902,2.8898,2.7079,2.3563,2.0388,1.6229,1.2981,1.1921,1.2361,1.5187,1.9357,2.297,2.822,3.3359,3.6864,4.075,4.3257,4.4063,4.346,4.0855,3.622,3.1462,2.3604,1.4318,0.67718,-0.38812,-1.3947,-2.3261
0.46593,-0.46189,-1.4963,-1.9513,-1.8329,-1.2827,-0.67949,-0.35869,-0.20075,-0.38559,-0.91748,-1.5224,-2.5533,-3.7954,-4.8211,-6.2172,-7.5153,-8.2435,-8.6131,-8.0041,-6.45,-4.9486,-2.8221,-0.84872,0.47162,1.9684,3.1684,3.8923,4.64,5.185,5.5664,5.782,5.9968,6.1699,6.3002,6.4692,6.6624,6.8699,7.038,7.2731,7.5093,7.6884,7.9467,8.2104,8.4149,8.6749,8.8833,9.0104,9.0204,8.9007,8.6007,8.2597,7.6574,6.9375,6.3442,5.563,4.8564,4.2759,3.9308,3.5879,3.3425,3.2217,3.1222,3.0953,3.1127,3.1344,3.1059,2.9217,2.6021,1.791,0.35981,-1.3186,-4.8015,-9.1448,-6.4073,-2.5675,1.1624,3.7276,5.1495,6.5854,7.6323,8.2309,8.8268,9.2429,9.4996,9.6068,9.6282,9.5244,9.37,9.0583,8.652,8.1588,7.7499,7.1943,6.6617,6.3207,5.9701,5.7477,5.6409,5.539,5.4081,5.2192,5.0164,4.6726,4.3197,4.0791,3.7937,3.546,3.3395,2.9637,2.3467,1.3971,0.4433,-1.0253,-2.0343,-1.7827,-0.13839,1.9284,3.7203,4.7972,5.882,6.6207,6.9678,7.1824,7.1466,6.962,6.5,5.7824,4.7909,3.8438,2.273,0.308,-1.3851,-3.4838,-4.1271,-3.1782,-1.132,0.83207,2.4088,3.3309,4.2207,4.7662,4.9499,4.877,4.4124,3.4735,2.3895,0.25603,-3.0034,-6.3621,-8.6236,-4.5235,-1.6981,0.85407,2.4141,3.2247,3.4499,3.2917,2.6696,1.9274,0.59302,-0.98445,-2.1051,-2.8403,-2.1927,-0.6826,0.55299,2.0181,3.1528,3.7827,4.3182,4.5196,4.379,4.0503,3.2938,2.1646,1.0952,-0.46045,-1.6479,-1.8199,-0.90632,0.65113,2.1935,3.2093,4.332,5.1927,5.6914,6.1565,6.4173,6.4832,6.41,6.1508,5.735,5.344,4.7329,4.0591,3.5352,2.8421,2.1865,1.5791
