7.7083,7.0792,6.1838,5.2341,4.4865,3.4526,2.3565,1.492,0.2641,-1.016,-2.3297,-3.3207,-4.6228,-5.8823,-6.8025,-8.0157,-9.182,-10.068,-11.331,-12.724,-14.347,-15.753,-17.995,-20.772,-23.258,-26.694,-27.891,-25.818,-22.421,-19.819,-17.948,-16.888,-15.768,-14.905,-14.36,-13.713,-13.214,-12.75,-12.455,-12.034,-11.645,-11.314,-10.848,-10.355,-9.938,-9.3085,-8.6081,-7.8276,-7.216,-6.3517,-5.4297,-4.733,-3.8133,-2.9119,-2.2599,-1.4055,-0.57999,0.21126,0.77683,1.4946,2.169,2.6454,3.2352,3.7816,4.2776,4.6181,5.0254,5.3817,5.62,5.8965,6.1285,6.2658,6.4099,6.5052,6.5446,6.5441,6.4937,6.4067,6.3083,6.1327,5.9184,5.7266,5.4382,5.1119,4.7475,4.4513,4.031,3.5977,3.2675,2.8286,2.4096,2.0324,1.7924,1.5595,1.4467,1.4344,1.5207,1.7093,1.9056,2.1985,2.5066,2.7954,2.986,3.1912,3.3348,3.3908,3.3878,3.2751,3.1403,2.886,2.5436,2.0927,1.6816,1.0138,0.19945,-0.517,-1.6254,-2.9089,-4.2797,-5.2248,-6.0109,-5.8271,-5.0098,-3.4336,-1.7196,-0.46588,1.1012,2.5283,3.8224,4.707,5.7995,6.801,7.5031,8.3789,9.1941,9.7672,10.484,11.148,11.759,12.182,12.698,13.164,13.479,13.852,14.176,14.45,14.62,14.804,14.937,15.008,15.062,15.073,15.056,15.001,14.912,14.791,14.681,14.507,14.309,14.145,13.91,13.653,13.449,13.161,12.856,12.529,12.272,11.914,11.534,11.233,10.806,10.345,9.8446,9.4414,8.8612,8.2289,7.7177,6.9784,6.1743,5.5253,4.6071,3.6212,2.5613,1.7229,0.55576,-0.62849,-1.5261,-2.7058,-3.8006,-4.5328,-5.2976,-5.7825,-5.9794,-5.9594,-5.798,-5.5178,-5.2517,-4.8704,-4.5189,-4.1589
7.5215,6.8395,5.8946,4.9148,4.1614,3.1373,2.1,1.3245,0.29737,-0.70811,-1.6911,-2.4125,-3.3436,-4.2548,-4.9194,-5.8013,-6.6819,-7.3421,-8.242,-9.1503,-10.034,-10.668,-11.457,-12.176,-12.659,-13.186,-13.568,-13.774,-13.975,-14.118,-14.257,-14.393,-14.653,-15.007,-15.357,-15.933,-16.681,-17.631,-18.488,-19.907,-21.637,-23.075,-24.753,-24.853,-23.583,-21.135,-18.698,-16.554,-15.137,-13.441,-11.954,-10.941,-9.7047,-8.5694,-7.7781,-6.7848,-5.8428,-4.9398,-4.2838,-3.4298,-2.6063,-2.0073,-1.242,-0.52338,0.1403,0.59593,1.1416,1.6097,1.909,2.2303,2.4633,2.5795,2.6532,2.6395,2.5421,2.4139,2.1846,1.8903,1.6383,1.28,0.91264,0.64817,0.32281,0.053703,-0.14345,-0.23978,-0.29868,-0.28011,-0.22365,-0.096006,0.085645,0.31262,0.50918,0.79958,1.1191,1.3732,1.7282,2.0908,2.3623,2.711,3.0404,3.3362,3.5284,3.7346,3.8783,3.9388,3.9497,3.8737,3.7565,3.5128,3.1674,2.7174,2.3099,1.6657,0.90484,0.26417,-0.66799,-1.6503,-2.6147,-3.2698,-3.9593,-4.3756,-4.5056,-4.4968,-4.3737,-4.2632,-4.1407,-4.0174,-3.8128,-3.519,-2.8234,-1.7369,-0.70781,0.82797,2.4218,3.5872,5.0549,6.3967,7.6025,8.4163,9.3829,10.219,10.764,11.385,11.889,12.285,12.512,12.728,12.853,12.891,12.874,12.793,12.697,12.536,12.352,12.164,12.03,11.873,11.748,11.677,11.61,11.567,11.541,11.504,11.449,11.361,11.267,11.093,10.855,10.629,10.26,9.8055,9.2582,8.784,8.0602,7.2247,6.5202,5.4673,4.2748,3.2775,1.805,0.14754,-1.72,-3.284,-5.615,-8.2221,-10.308,-12.957,-14.733,-15.145,-14.867,-14.433,-14.212,-14.222,-14.411,-14.629,-14.659,-14.368,-13.599,-12.476
8.3826,7.3583,5.9051,4.3588,3.1472,1.4821,-0.16668,-1.3318,-2.6443,-3.5567,-4.0373,-4.1544,-4.1274,-4.0316,-3.9747,-3.9366,-3.9789,-4.0958,-4.3583,-4.7217,-5.1612,-5.5249,-6.0517,-6.6152,-7.0426,-7.6188,-8.1979,-8.62,-9.1872,-9.7346,-10.291,-10.719,-11.35,-12.042,-12.619,-13.455,-14.379,-15.33,-16.093,-17.048,-17.856,-18.279,-18.527,-18.313,-17.827,-16.785,-15.398,-13.942,-12.884,-11.6,-10.529,-9.8819,-9.2521,-8.9022,-8.8423,-9.0288,-9.521,-10.161,-10.54,-10.378,-9.071,-7.5719,-5.4097,-3.4073,-1.6774,-0.57252,0.66235,1.6392,2.2115,2.7838,3.1337,3.2504,3.2264,2.9801,2.5084,1.994,1.0763,-0.14674,-1.2931,-3.1936,-5.5886,-7.7121,-10.534,-11.451,-9.8339,-8.2341,-6.4682,-5.2125,-4.5384,-3.9243,-3.5221,-3.2094,-2.954,-2.4966,-1.8226,-1.1762,-0.1595,0.93802,1.7637,2.8165,3.7808,4.6354,5.2001,5.8424,6.3688,6.6889,7.0212,7.2455,7.3468,7.396,7.3509,7.2206,7.0725,6.8133,6.4919,6.2184,5.8264,5.4081,4.9703,4.6305,4.1671,3.6944,3.3296,2.8179,2.2556,1.7878,1.073,0.23007,-0.71398,-1.4247,-2.1133,-2.0179,-1.2287,0.54869,2.6259,4.1661,6.0773,7.7976,9.3165,10.325,11.502,12.498,13.127,13.816,14.333,14.679,14.823,14.859,14.704,14.455,13.931,13.16,12.395,11.082,9.36,7.1401,5.1489,2.6038,2.2528,3.8047,6.3541,8.4964,9.7705,11.092,12.064,12.753,13.114,13.413,13.529,13.507,13.345,13.042,12.609,12.205,11.566,10.822,10.203,9.2891,8.2868,7.4849,6.3673,5.2102,4.0342,3.1522,1.9963,0.8913,0.10064,-0.90106,-1.8418,-2.5238,-3.4377,-4.3821,-5.3885,-6.1867,-7.3154,-8.3955,-8.9976,-9.2711,-8.8881,-8.0724
8.1752,6.8533,5.0316,3.1166,1.5732,-0.71485,-3.3653,-5.5649,-8.0015,-7.8236,-5.6206,-3.9595,-2.192,-0.97929,-0.34551,0.181,0.40924,0.38304,0.075146,-0.50975,-1.3769,-2.204,-3.563,-5.2157,-6.6405,-8.7724,-10.631,-11.405,-11.241,-10.345,-9.3944,-8.8612,-8.4648,-8.4856,-8.7701,-9.4925,-10.681,-12.439,-14.293,-17.763,-22.369,-23.008,-18.074,-13.951,-11.741,-9.3654,-7.4546,-5.8619,-4.8277,-3.6493,-2.7109,-2.1614,-1.6267,-1.3393,-1.2693,-1.3846,-1.7009,-2.1544,-2.4767,-2.6612,-2.2688,-1.5408,-0.1928,1.2931,2.6797,3.6026,4.648,5.4654,5.9356,6.3866,6.635,6.695,6.6152,6.3553,5.9118,5.4646,4.7142,3.7946,2.9963,1.8387,0.65011,-0.13545,-0.87128,-1.1139,-0.96182,-0.7256,-0.43358,-0.32533,-0.43478,-0.91629,-1.9182,-3.5715,-5.3913,-8.6777,-10.275,-7.7429,-3.5413,-0.28082,1.6326,3.6671,5.2659,6.5341,7.3051,8.1415,8.7854,9.1571,9.5267,9.7668,9.869,9.9196,9.8825,9.7734,9.6523,9.4507,9.208,9.0137,8.7444,8.4744,8.1966,7.9849,7.7063,7.4281,7.2169,6.9224,6.607,6.3587,6.0224,5.7058,5.4726,5.3914,5.4681,5.8143,6.2765,7.1502,8.2735,9.2184,10.544,11.894,13.207,14.134,15.272,16.274,16.93,17.669,18.25,18.665,18.871,19.002,18.966,18.828,18.501,18.007,17.534,16.784,15.937,15.078,14.515,14.021,13.954,14.187,14.763,15.47,15.997,16.617,17.099,17.425,17.561,17.601,17.481,17.292,16.913,16.4,15.76,15.204,14.375,13.466,12.737,11.713,10.647,9.8307,8.7427,7.6723,6.639,5.9051,4.9986,4.1904,3.6595,3.0632,2.6126,2.3613,2.1263,1.9895,1.9444,1.9627,2.013,2.0905,2.1818,2.3379,2.5249,2.7171
-2.8909,-7.4231,-9.9464,-5.9906,-3.72,-1.7478,-0.50411,0.18089,0.86926,1.4519,1.9827,2.3558,2.7791,3.0856,3.2084,3.2322,3.1014,2.8917,2.4367,1.7746,0.9041,0.10292,-1.12,-2.5233,-3.6348,-5.0492,-6.103,-6.4413,-6.2714,-5.6541,-4.9496,-4.4762,-3.9826,-3.6732,-3.5459,-3.4842,-3.5218,-3.5996,-3.6584,-3.6654,-3.5822,-3.433,-3.0889,-2.6034,-2.1815,-1.5562,-0.88978,-0.22058,0.26989,0.88297,1.4229,1.7792,2.1854,2.5156,2.7204,2.9442,3.1289,3.2837,3.4031,3.5732,3.781,3.9567,4.2276,4.5077,4.7714,4.9502,5.1418,5.2463,5.2679,5.2127,5.0544,4.8695,4.5476,4.1538,3.7183,3.3811,2.9472,2.5641,2.3255,2.0889,1.9559,1.9258,1.971,2.069,2.204,2.3078,2.4242,2.5031,2.5213,2.488,2.3888,2.2774,2.2045,2.1683,2.2542,2.425,2.7783,3.2413,3.6271,4.1393,4.6169,5.0339,5.2976,5.5681,5.7405,5.8003,5.7938,5.6944,5.557,5.2969,4.9535,4.5276,4.1535,3.6048,3.0157,2.5782,2.0649,1.7056,1.5739,1.6241,1.8862,2.2602,2.5349,2.812,2.9073,2.8227,2.4444,1.6855,0.38956,-1.0921,-4.3422,-11.02,-15.648,-5.0519,0.73157,3.6969,6.7396,9.1357,11.092,12.335,13.739,14.891,15.607,16.386,16.976,17.39,17.593,17.736,17.746,17.681,17.52,17.301,17.117,16.877,16.667,16.513,16.445,16.424,16.479,16.56,16.696,16.837,16.926,16.991,16.971,16.839,16.655,16.282,15.751,15.242,14.412,13.403,12.212,11.208,9.743,8.1714,6.9522,5.3326,3.7969,2.7399,1.4645,0.28396,-0.91284,-1.8672,-3.2877,-4.9016,-6.1072,-7.3687,-7.4452,-6.6293,-5.0128,-3.3911,-1.9166,-0.9361,0.20086,1.1533,1.7697,2.4843,3.1075,3.6461
0.38584,-0.23484,-0.63032,-0.58097,-0.36089,0.045543,0.46927,0.77401,1.123,1.4012,1.5908,1.6814,1.7476,1.7409,1.6723,1.493,1.2425,1.0141,0.64437,0.21377,-0.27054,-0.66241,-1.1799,-1.7054,-2.0764,-2.5234,-2.9159,-3.1616,-3.4267,-3.6227,-3.7805,-3.8808,-3.9859,-4.0653,-4.1161,-4.1612,-4.1799,-4.1716,-4.1417,-4.0534,-3.9074,-3.7704,-3.5521,-3.3069,-3.109,-2.8291,-2.5292,-2.2287,-2.018,-1.7539,-1.5271,-1.3688,-1.1753,-1.0019,-0.88638,-0.75307,-0.63983,-0.54838,-0.4898,-0.43672,-0.38421,-0.36244,-0.3605,-0.38606,-0.46462,-0.56012,-0.74884,-1.0226,-1.303,-1.7834,-2.4187,-3.0146,-3.9884,-5.1923,-6.5997,-7.7519,-9.1854,-9.9964,-9.8581,-8.8403,-7.3852,-6.3065,-5.0271,-3.962,-3.0861,-2.5662,-2.0058,-1.5919,-1.3716,-1.1778,-1.0796,-1.0639,-1.0977,-1.187,-1.3147,-1.4254,-1.5842,-1.7479,-1.8726,-2.0626,-2.2803,-2.5253,-2.7283,-3.038,-3.3944,-3.695,-4.1303,-4.6024,-4.9767,-5.4824,-5.9893,-6.5409,-7.0362,-7.8786,-9.1174,-10.479,-13.288,-18.643,-37.546,-20.525,-12.883,-8.7423,-6.6007,-4.5242,-3.0307,-2.1934,-1.3742,-0.81496,-0.47065,-0.301,-0.10433,0.22033,0.65046,1.5294,2.723,3.7305,5.1199,6.4627,7.7096,8.5491,9.5202,10.313,10.789,11.261,11.544,11.63,11.561,11.292,10.823,10.345,9.5598,8.6615,7.9827,7.2261,6.8552,7.0057,7.4161,8.1886,9.0287,9.6235,10.307,10.836,11.119,11.339,11.369,11.207,10.952,10.433,9.6934,8.9845,7.8145,6.3537,4.5397,2.8986,0.24328,-3.1606,-6.5186,-13.289,-33.861,-19.047,-12.895,-10.606,-9.8188,-9.8163,-10.425,-11.603,-12.683,-13.899,-14.002,-13.184,-11.42,-9.698,-8.2554,-7.3152,-6.208,-5.2202,-4.5624,-3.7531,-2.9935,-2.2846
1.497,1.4215,1.4211,1.5074,1.6016,1.7418,1.8527,1.9128,1.9356,1.8848,1.7447,1.5701,1.2625,0.88246,0.55467,0.069131,-0.44623,-0.82509,-1.2929,-1.6891,-2.0077,-2.2053,-2.423,-2.6116,-2.7437,-2.939,-3.1771,-3.3951,-3.7512,-4.1806,-4.679,-5.0919,-5.6793,-6.2451,-6.6299,-7.0429,-7.265,-7.2565,-7.1342,-6.8509,-6.4795,-6.1924,-5.8335,-5.5273,-5.334,-5.1408,-5.0076,-4.9452,-4.9421,-4.9479,-4.9668,-4.9828,-4.993,-4.9811,-4.9646,-4.9397,-4.9104,-4.8841,-4.877,-4.8921,-4.9389,-4.9971,-5.1021,-5.2358,-5.3911,-5.5089,-5.7005,-5.9334,-6.1501,-6.5233,-7.0259,-7.5215,-8.3863,-9.5436,-11.073,-12.5,-14.618,-16.005,-15.563,-13.414,-10.993,-9.4222,-7.7143,-6.4023,-5.3878,-4.791,-4.1814,-3.7934,-3.6217,-3.5422,-3.6269,-3.8611,-4.1269,-4.5989,-5.2006,-5.7208,-6.5011,-7.3307,-7.9511,-8.7315,-9.397,-9.9507,-10.322,-10.846,-11.491,-12.138,-13.309,-14.937,-16.446,-18.443,-19.042,-17.67,-16.167,-14.388,-13.069,-12.321,-11.566,-10.903,-10.111,-9.35,-8.0709,-6.5685,-5.4305,-4.0083,-2.7258,-1.8567,-0.8405,0.031213,0.78283,1.2909,1.928,2.5549,3.034,3.6898,4.3846,4.9247,5.6592,6.3841,7.0867,7.5795,8.1668,8.6528,8.9406,9.1989,9.2884,9.1845,8.9622,8.4458,7.6306,6.7809,5.241,3.0566,0.79789,-3.5049,-8.1486,-4.5744,-0.98744,2.374,4.657,5.9151,7.1587,8.0173,8.4586,8.8137,8.9254,8.8178,8.5969,8.1238,7.4489,6.8138,5.8013,4.6063,3.2196,2.0652,0.41523,-1.277,-2.5031,-3.9525,-5.0521,-5.6239,-6.12,-6.4427,-6.771,-7.0456,-7.4825,-7.9436,-8.2999,-8.7469,-9.1425,-9.4426,-9.7821,-10.086,-10.432,-10.706,-11.026,-11.168,-11.05,-10.491,-9.5651,-8.4318
-0.74788,0.21606,1.2682,2.0828,2.5533,3.011,3.2902,3.3899,3.3758,3.1913,2.8378,2.4374,1.7055,0.75261,-0.1242,-1.5256,-3.1923,-4.5369,-6.1942,-7.0763,-6.7768,-6.0421,-4.8871,-3.9102,-3.3583,-2.8862,-2.7096,-2.7603,-3.0888,-3.717,-4.6856,-5.6683,-7.4043,-9.77,-12.094,-15.974,-18.359,-15.697,-13.166,-10.63,-8.9152,-8.0144,-7.2096,-6.7721,-6.6377,-6.684,-6.9584,-7.4101,-7.8395,-8.4741,-9.1072,-9.5066,-9.9028,-10.062,-10.028,-9.8276,-9.5542,-9.2868,-9.1449,-9.082,-9.1764,-9.3676,-9.7596,-10.22,-10.685,-10.955,-11.075,-10.869,-10.552,-10.008,-9.456,-9.1011,-8.7079,-8.4471,-8.2641,-8.1444,-7.9488,-7.6654,-7.3632,-6.8346,-6.2216,-5.7472,-5.1521,-4.6074,-4.1612,-3.9177,-3.7028,-3.6417,-3.6948,-3.9011,-4.2717,-4.8146,-5.3549,-6.2642,-7.4359,-8.5384,-10.414,-12.908,-15.344,-19.625,-23.444,-20.996,-18.335,-15.963,-14.693,-14.276,-14.335,-14.962,-15.655,-16.539,-16.584,-15.349,-13.955,-12.014,-10.255,-9.0976,-7.7388,-6.5502,-5.4513,-4.6632,-3.6219,-2.5872,-1.8572,-0.95093,-0.10787,0.48158,1.1858,1.7912,2.3066,2.6471,3.0556,3.4306,3.6945,4.0503,4.4424,4.7688,5.2804,5.8736,6.5264,7.0314,7.6952,8.3158,8.7286,9.1758,9.4889,9.6535,9.6718,9.5562,9.2809,8.9812,8.4815,7.9247,7.523,7.0945,6.8889,6.9571,7.171,7.6028,8.101,8.4634,8.8812,9.1868,9.3298,9.4001,9.33,9.1181,8.864,8.4009,7.8022,7.2667,6.4487,5.5417,4.5546,3.7701,2.6942,1.623,0.84041,-0.1519,-1.0718,-1.711,-2.4833,-3.1509,-3.7474,-4.1626,-4.6843,-5.2107,-5.6302,-6.2285,-6.9011,-7.5029,-8.4963,-9.7426,-11.362,-12.985,-16.198,-21.814,-30.806,-24.01,-16.956,-13.173
-1.2094,-0.10056,1.0788,1.957,2.4572,2.9476,3.259,3.3775,3.3804,3.206,2.8519,2.4588,1.72,0.69032,-0.29828,-1.9586,-4.1219,-6.1194,-9.0465,-10.557,-9.0451,-7.2241,-5.1266,-3.5834,-2.7554,-2.0286,-1.6619,-1.5993,-1.7716,-2.2406,-2.9844,-3.7257,-4.9629,-6.419,-7.5575,-8.8949,-9.5667,-9.3988,-8.9253,-8.1761,-7.5767,-7.3119,-7.2289,-7.463,-7.8453,-8.6634,-9.8278,-11.345,-12.778,-15.175,-18.285,-21.229,-25.172,-24.516,-21.851,-18.815,-16.642,-15.186,-14.428,-13.897,-13.858,-14.181,-15.16,-17.001,-20.31,-24.636,-35.897,-24.217,-19.562,-15.81,-13.341,-11.994,-10.622,-9.5898,-8.7719,-8.2571,-7.6573,-7.1019,-6.7219,-6.2459,-5.8226,-5.5393,-5.2193,-4.9779,-4.8428,-4.8346,-4.9469,-5.2092,-5.4836,-5.9492,-6.5218,-7.1608,-7.6829,-8.4087,-9.2067,-9.8704,-10.873,-12.018,-12.9,-13.858,-14.24,-13.876,-13.278,-12.306,-11.388,-10.857,-10.362,-10.065,-9.907,-9.731,-9.4887,-9.1622,-8.8355,-8.2695,-7.5918,-7.0322,-6.229,-5.3761,-4.4862,-3.811,-2.9173,-2.0744,-1.5059,-0.79848,-0.1694,0.22894,0.65504,0.96192,1.1432,1.1817,1.0798,0.79608,0.45491,-0.13227,-0.75336,-1.0792,-1.0159,-0.17584,1.2559,2.4664,4.0411,5.4358,6.3346,7.3181,8.0778,8.6306,8.921,9.1596,9.2538,9.2489,9.1676,9.031,8.9079,8.7394,8.5928,8.4868,8.4361,8.4012,8.3895,8.384,8.3637,8.3106,8.2366,8.0771,7.8321,7.4969,7.1829,6.676,6.0672,5.5405,4.7455,3.8678,2.9233,2.1715,1.1104,-0.00081136,-0.85124,-1.9949,-3.1103,-3.8978,-4.8314,-5.5422,-6.0066,-6.2121,-6.3344,-6.3725,-6.4143,-6.5367,-6.7471,-7.0024,-7.5034,-8.1629,-8.9125,-9.5196,-10.289,-10.897,-11.14,-11.125,-10.738,-10.176
-0.0056816,0.053991,0.2234,0.46086,0.64897,0.90792,1.1506,1.3042,1.4592,1.5146,1.4677,1.3679,1.1282,0.76744,0.42889,-0.081686,-0.62527,-1.0131,-1.4324,-1.6617,-1.6737,-1.5626,-1.3325,-1.079,-0.90614,-0.74211,-0.68024,-0.71413,-0.86113,-1.1219,-1.4904,-1.8253,-2.3239,-2.8617,-3.2613,-3.7776,-4.2291,-4.6237,-4.9078,-5.31,-5.7848,-6.2228,-6.9515,-7.9086,-8.7964,-10.238,-12.018,-14.158,-16.05,-18.865,-21.829,-23.85,-25.665,-25.774,-24.78,-22.713,-20.522,-18.654,-17.552,-16.476,-15.819,-15.595,-15.635,-15.992,-16.476,-16.771,-16.879,-16.474,-15.884,-14.947,-14.053,-13.462,-12.813,-12.303,-11.861,-11.521,-11.038,-10.483,-10.04,-9.4252,-8.8434,-8.466,-8.0605,-7.8091,-7.7622,-7.899,-8.2777,-8.9167,-9.5806,-10.731,-12.122,-13.548,-14.426,-14.857,-14.368,-13.608,-12.536,-11.621,-11.036,-10.368,-9.7576,-9.2039,-8.8422,-8.4309,-8.1118,-7.9513,-7.8655,-7.9341,-8.0983,-8.4682,-8.9806,-9.6241,-10.136,-10.734,-11.032,-10.914,-10.222,-9.0928,-7.8024,-6.8667,-5.7461,-4.8136,-4.2391,-3.5778,-3.0295,-2.6991,-2.3496,-2.0902,-1.9448,-1.9444,-2.1563,-2.6924,-3.3722,-4.8042,-7.1925,-10.018,-14.616,-10.915,-5.5296,-2.6628,0.16098,2.2302,3.4162,4.6277,5.5045,6.1063,6.3994,6.6169,6.6691,6.6188,6.454,6.2049,5.9772,5.6442,5.3014,4.9711,4.7449,4.4827,4.2804,4.1639,4.0498,3.9632,3.8903,3.749,3.5234,3.1824,2.8429,2.2761,1.587,1.0026,0.11435,-0.85476,-1.866,-2.6538,-3.7714,-5.0125,-6.078,-7.7526,-9.8463,-11.801,-15.018,-17.874,-17.136,-15.028,-12.53,-10.75,-9.8103,-8.9981,-8.5539,-8.388,-8.3936,-8.6292,-9.002,-9.3072,-9.7147,-10.089,-10.288,-10.385,-10.318,-10.149
-1.8446,-2.4101,-2.906,-3.0489,-2.9045,-2.4623,-1.8466,-1.356,-0.7149,-0.13963,0.30262,0.5651,0.84154,1.0198,1.0942,1.1361,1.1299,1.1021,1.0352,0.95995,0.88154,0.82539,0.75235,0.66348,0.5889,0.47335,0.33801,0.2246,0.066173,-0.11266,-0.30486,-0.45757,-0.67778,-0.92585,-1.1256,-1.4249,-1.7621,-2.1556,-2.5062,-3.0538,-3.7182,-4.3073,-5.2442,-6.3731,-7.3666,-8.9044,-10.758,-12.924,-14.787,-17.72,-21.564,-25.538,-33.817,-32.411,-27.013,-22.453,-19.439,-17.218,-15.937,-14.625,-13.663,-13.14,-12.643,-12.33,-12.184,-12.157,-12.191,-12.275,-12.378,-12.606,-13.009,-13.476,-14.339,-15.474,-16.747,-17.594,-17.817,-16.626,-15.286,-13.428,-11.825,-10.835,-9.8442,-9.2373,-8.9599,-8.9358,-9.1759,-9.7954,-10.558,-12.038,-14.227,-17.442,-20.451,-21.567,-17.551,-14.744,-11.873,-9.755,-8.52,-7.2555,-6.2921,-5.5504,-5.1159,-4.7023,-4.4967,-4.4745,-4.6128,-4.9621,-5.3943,-6.2548,-7.5055,-9.3193,-11.227,-15.122,-22.703,-29.06,-17.863,-12.778,-9.8351,-8.3636,-7.0584,-6.3069,-6.0137,-5.8523,-5.9096,-5.9904,-5.9148,-5.4929,-4.7713,-4.1218,-3.2876,-2.5707,-2.1443,-1.7324,-1.432,-1.1918,-0.7185,0.019853,0.97439,1.7554,2.7755,3.679,4.2308,4.7745,5.1043,5.2078,5.148,4.9038,4.4959,4.0972,3.463,2.7531,2.189,1.4062,0.58249,-0.27617,-0.91011,-1.6711,-2.1559,-2.2457,-1.9945,-1.4714,-1.0419,-0.57331,-0.34052,-0.41764,-0.69861,-1.3961,-2.4453,-3.4397,-5.0047,-6.6896,-8.0657,-8.6433,-8.8449,-8.8207,-8.9031,-9.3251,-10.169,-11.048,-12.401,-13.236,-12.857,-11.881,-10.401,-9.1977,-8.5269,-7.9477,-7.7729,-7.836,-8.1515,-8.7443,-9.6295,-10.44,-11.653,-12.876,-13.604,-14.02,-13.622,-12.636
-6.1155,-9.0577,-13.834,-14.314,-11.322,-7.883,-5.4751,-4.1213,-2.6828,-1.5042,-0.51748,0.096575,0.78539,1.3627,1.7074,2.0523,2.2917,2.4053,2.4842,2.4431,2.2978,2.1365,1.8478,1.4911,1.1957,0.79063,0.41414,0.17648,-0.040172,-0.11803,-0.089122,-0.011761,0.12687,0.25847,0.33709,0.37672,0.31181,0.14045,-0.056701,-0.43465,-0.95166,-1.4378,-2.2232,-3.1601,-3.9671,-5.1656,-6.5051,-7.9348,-9.0671,-10.602,-11.966,-12.794,-13.509,-13.73,-13.533,-12.841,-11.944,-11.066,-10.446,-9.6772,-9.03,-8.6675,-8.3125,-8.1119,-8.0238,-8.043,-8.1899,-8.4541,-8.7508,-9.315,-10.112,-10.888,-12.27,-14.178,-16.797,-19.121,-20.629,-18.119,-15.63,-12.901,-10.891,-9.7514,-8.6039,-7.8336,-7.3262,-7.1028,-6.9555,-6.9733,-7.0809,-7.2708,-7.4651,-7.5337,-7.4366,-7.0446,-6.3201,-5.6065,-4.5889,-3.5676,-2.8328,-1.9434,-1.1974,-0.61481,-0.27168,0.063411,0.24847,0.292,0.22013,-0.0061169,-0.27877,-0.7763,-1.4371,-2.2127,-2.8486,-3.6445,-4.2155,-4.4026,-4.2801,-3.8539,-3.3908,-3.159,-3.0914,-3.3887,-3.916,-5.2635,-7.7058,-10.778,-19.732,-18.035,-9.1478,-5.6818,-2.5191,-0.27879,1.0028,2.3393,3.3898,4.0546,4.8124,5.4634,6.0131,6.3604,6.724,6.9393,6.9864,6.8885,6.5677,5.9887,5.3775,4.3166,2.978,1.8194,0.17332,-1.383,-2.3341,-3.2702,-4.0997,-5.2692,-6.6775,-9.9511,-17.138,-23.424,-11.542,-6.3559,-4.0415,-2.0625,-0.92463,-0.45558,-0.49607,-1.0897,-2.3577,-3.7622,-6.4822,-10.763,-16.676,-16.142,-11.07,-7.8291,-6.3184,-5.0758,-4.3902,-4.0786,-3.8263,-3.6695,-3.5459,-3.4468,-3.3348,-3.2921,-3.3455,-3.5336,-3.9441,-4.4372,-5.2904,-6.4267,-7.9614,-9.4332,-12.03,-15.854,-20.406,-26.83,-19.269,-14.511
-2.2635,-4.0006,-6.0107,-6.8915,-6.8087,-6.1751,-5.3729,-4.6815,-3.6928,-2.6345,-1.4714,-0.58765,0.46478,1.3645,1.9514,2.5837,3.0454,3.2731,3.4351,3.4243,3.2169,2.9036,2.27,1.381,0.53387,-0.82253,-2.303,-3.2907,-3.9854,-3.6565,-2.5978,-1.6622,-0.50917,0.4545,1.0192,1.6001,1.9863,2.189,2.2292,2.1255,1.8525,1.5387,0.97061,0.23521,-0.42141,-1.4206,-2.545,-3.7416,-4.6381,-5.7174,-6.5541,-7.0042,-7.3314,-7.2807,-7.0444,-6.5728,-6.0487,-5.4966,-5.1112,-4.6849,-4.379,-4.2254,-4.1203,-4.131,-4.2612,-4.3922,-4.601,-4.8736,-5.1136,-5.4549,-5.8232,-6.1139,-6.5648,-7.022,-7.4048,-7.557,-7.587,-7.3396,-7.0168,-6.4644,-5.9292,-5.607,-5.3006,-5.0844,-4.9379,-4.8871,-4.8776,-4.7598,-4.5304,-4.0285,-3.3792,-2.6047,-1.9604,-1.0573,-0.15687,0.52131,1.3859,2.1769,2.7025,3.3143,3.8352,4.246,4.4774,4.697,4.8494,4.9256,4.9666,4.9486,4.9161,4.838,4.7247,4.5959,4.497,4.3726,4.2619,4.2024,4.1542,4.0988,3.9963,3.8758,3.6253,3.2365,2.8276,2.1392,1.4253,0.94744,0.64801,1.009,1.9698,2.9393,4.3359,5.6653,6.5566,7.5883,8.4562,9.006,9.6104,10.064,10.388,10.543,10.625,10.542,10.372,9.9548,9.2835,8.3202,7.3624,5.6755,3.3682,1.0532,-3.4313,-12.104,-23.973,-8.9007,-4.6621,-2.779,-2.1276,-1.7958,-1.5928,-1.206,-0.25416,1.0106,1.9597,3.0301,3.7686,4.1736,4.2723,4.1504,3.7283,3.2639,2.5966,1.9793,1.575,1.5048,1.691,2.0712,2.413,2.839,3.1583,3.3121,3.4151,3.4004,3.279,3.1099,2.7844,2.3641,1.9628,1.3265,0.61656,-0.011074,-0.97343,-2.0192,-3.111,-3.9758,-5.0968,-6.0889,-6.6621,-7.0816,-7.0416,-6.6381
3.7959,2.6896,1.0279,-0.91782,-2.6364,-5.5085,-9.4595,-12.544,-11.421,-7.2812,-4.3009,-2.6822,-1.0742,0.077609,0.78558,1.6225,2.3577,2.8118,3.2571,3.4933,3.4727,3.246,2.6014,1.4881,0.277,-2.0062,-5.4728,-9.3676,-14.827,-10.052,-5.5567,-3.3632,-1.3351,0.091031,0.90259,1.7402,2.3974,2.8927,3.151,3.3463,3.3733,3.2631,2.9216,2.3365,1.7226,0.65322,-0.74433,-2.5325,-4.1478,-6.6534,-9.235,-10.271,-9.4292,-7.3387,-5.8507,-4.2899,-3.1185,-2.2807,-1.8386,-1.4982,-1.4102,-1.4885,-1.7863,-2.2683,-2.8925,-3.3914,-4.0212,-4.4801,-4.6277,-4.5606,-4.2977,-4.0485,-3.7041,-3.401,-3.1504,-3.0109,-2.861,-2.7369,-2.6972,-2.6819,-2.762,-2.9034,-3.2635,-3.879,-4.8481,-5.821,-7.3236,-8.5512,-8.5212,-6.7892,-4.2076,-1.782,-0.21107,1.5802,3.0437,3.9541,4.9562,5.7517,6.2076,6.6352,6.8847,6.9975,7.005,6.9353,6.8408,6.7884,6.7941,6.9312,7.1042,7.4145,7.772,8.1181,8.3538,8.6178,8.8106,8.9112,8.9698,8.9495,8.8656,8.7726,8.6049,8.3961,8.2327,8.0808,8.0217,8.0251,8.1531,8.439,8.8558,9.2665,9.8857,10.501,10.94,11.485,11.976,12.279,12.602,12.829,12.963,13.001,12.967,12.831,12.654,12.303,11.815,11.178,10.581,9.6231,8.4967,7.5786,6.3881,5.4676,5.1062,5.089,5.466,5.9995,6.391,6.8671,7.2868,7.5938,7.9877,8.3436,8.5826,8.869,9.0652,9.1531,9.1559,9.1211,9.0427,8.9367,8.7909,8.6837,8.6204,8.6173,8.6653,8.731,8.7756,8.8187,8.821,8.7577,8.5882,8.3023,7.8957,7.4999,6.8426,6.0312,5.3187,4.229,3.05,2.1443,0.92227,-0.16866,-0.99419,-1.4063,-1.707,-1.8083,-1.8027,-1.8331,-1.9855,-2.2534
6.3331,5.4476,4.0229,2.2966,0.80589,-1.429,-3.6593,-4.8571,-5.5079,-5.2981,-4.7481,-4.6353,-4.8531,-5.2605,-5.3986,-4.856,-3.4443,-2.1324,-0.58454,0.58315,1.318,1.5941,1.6155,1.2569,0.77863,-0.11157,-1.1211,-1.8351,-2.597,-3.0156,-3.1661,-3.1798,-3.1474,-3.0529,-2.8676,-2.4208,-1.7333,-0.88479,-0.24804,0.52062,1.0943,1.3756,1.5262,1.3871,1.081,0.35656,-0.74633,-2.2837,-3.7905,-6.3012,-8.851,-9.8923,-8.8553,-6.5549,-5.0482,-3.5391,-2.5075,-1.8607,-1.6114,-1.5675,-1.846,-2.2595,-3.1579,-4.4864,-6.3394,-8.2426,-11.659,-15.346,-15.362,-11.998,-8.9815,-7.365,-5.8215,-4.7971,-4.1947,-3.9409,-3.7759,-3.7593,-3.799,-3.9436,-4.1438,-4.3173,-4.6197,-5.2025,-6.1741,-7.1435,-8.9813,-11.216,-11.53,-8.6775,-5.1114,-2.1195,-0.3116,1.6484,3.1882,4.101,5.0085,5.6124,5.8854,6.0011,5.7962,5.2833,4.6943,3.6449,2.3471,1.3816,0.64108,1.0636,2.0357,3.6082,5.0968,6.3155,7.0447,7.7789,8.2746,8.4993,8.6238,8.5833,8.4087,8.2044,7.8666,7.5262,7.3115,7.1366,7.0763,7.1645,7.4568,7.8734,8.3833,8.7896,9.292,9.7347,10.027,10.344,10.55,10.629,10.653,10.612,10.527,10.439,10.321,10.227,10.166,10.108,10.073,10.009,9.9419,9.8295,9.6827,9.5703,9.4661,9.4159,9.4146,9.4791,9.6194,9.7893,9.9047,10.043,10.137,10.165,10.142,10.041,9.9157,9.6794,9.4031,9.107,8.8783,8.6044,8.4659,8.4396,8.4719,8.5919,8.7755,8.9222,9.1213,9.2917,9.3795,9.4138,9.3634,9.2554,8.9961,8.5904,8.0293,7.4921,6.5973,5.4585,4.4393,2.7491,0.62331,-1.2932,-4.5067,-8.439,-10.625,-9.0045,-6.0172,-3.7776,-2.6035,-1.5505,-0.98004,-0.84588
6.5855,5.9712,5.027,3.9571,3.0998,1.9134,0.70521,-0.16256,-1.2408,-2.4722,-3.9406,-5.2904,-7.7555,-11.488,-15.487,-15.612,-10.094,-7.1777,-4.4504,-2.5984,-1.4023,-0.84098,-0.42145,-0.33573,-0.46531,-0.85239,-1.4744,-2.0647,-3.0386,-4.2386,-5.7254,-7.1425,-9.6043,-13.08,-16.159,-16.576,-12.472,-9.0472,-7.1052,-5.1179,-3.6428,-2.8042,-1.9659,-1.4177,-1.1839,-1.1005,-1.2433,-1.5867,-1.9281,-2.3968,-2.8341,-3.0555,-3.1544,-3.1092,-3.0565,-2.9943,-2.9765,-3.0962,-3.2887,-3.674,-4.2007,-4.7156,-5.5719,-6.6511,-8.0263,-9.2773,-11.07,-12.434,-12.459,-11.304,-9.804,-8.8196,-7.8982,-7.4585,-7.4241,-7.6538,-8.2524,-9.1058,-9.7471,-10.347,-10.375,-10.017,-9.2653,-8.389,-7.5534,-7.0141,-6.3782,-5.6173,-4.9334,-3.8529,-2.5862,-1.2481,-0.2762,0.9002,1.8733,2.47,3.0787,3.4202,3.4949,3.3523,2.8974,2.0394,1.0763,-0.75393,-3.5007,-6.5146,-11.542,-9.1235,-5.2137,-1.5082,0.97421,2.6964,3.6273,4.4803,4.9722,5.1209,5.0714,4.7424,4.12,3.4633,2.3596,1.0487,0.015987,-1.1578,-1.5148,-1.0487,0.16352,1.5429,2.8094,3.5824,4.3841,4.9548,5.2266,5.3699,5.258,5.0437,4.5885,3.963,3.2415,2.7328,2.2365,2.1052,2.2809,2.8124,3.4876,4.1839,4.6938,5.3224,5.893,6.2899,6.7709,7.2125,7.5268,7.9174,8.2447,8.4855,8.6113,8.6743,8.6034,8.4433,8.0797,7.542,7.0077,6.1021,5.0041,3.7878,2.8852,1.8455,1.3102,1.3863,1.971,2.8128,3.6803,4.2683,4.9233,5.4365,5.7299,5.9849,6.0669,6.0306,5.8388,5.484,4.9438,4.425,3.5794,2.5355,1.6272,0.19857,-1.5507,-3.0285,-5.1358,-7.0802,-7.8516,-7.2749,-5.6631,-3.9653,-2.8934,-1.7587,-0.89667,-0.33457
5.8243,5.3889,4.7328,3.9942,3.3955,2.5458,1.6486,0.92551,-0.02182,-1.0167,-2.0949,-2.898,-3.9482,-4.7778,-5.1631,-5.2946,-4.9584,-4.4507,-3.7181,-3.0151,-2.4038,-2.0455,-1.7679,-1.7024,-1.8048,-2.118,-2.6643,-3.2326,-4.1913,-5.4275,-6.9714,-8.3484,-10.454,-12.693,-14.022,-14.503,-13.561,-11.984,-10.731,-9.1356,-7.6397,-6.5821,-5.3014,-4.1936,-3.5036,-2.762,-2.2512,-1.9471,-1.8369,-1.8327,-1.975,-2.1293,-2.4335,-2.883,-3.2882,-3.9224,-4.7099,-5.6052,-6.2955,-7.1463,-7.7916,-8.1003,-8.2632,-8.2986,-8.2642,-8.2311,-8.2098,-8.1237,-8.0056,-7.8558,-7.7293,-7.692,-7.824,-8.2688,-9.1072,-10.057,-11.938,-14.84,-18.258,-27.762,-27.497,-19.734,-14.964,-12.014,-9.8602,-8.6489,-7.2438,-5.9326,-5.0336,-3.941,-2.8917,-1.9163,-1.2502,-0.43851,0.23779,0.62563,1.0114,1.2356,1.2773,1.1638,0.89837,0.4704,0.048885,-0.59227,-1.2137,-1.5975,-1.8296,-1.5891,-1.1529,-0.36628,0.4626,1.1859,1.6096,1.9914,2.1246,2.0615,1.734,1.0924,0.1061,-0.89254,-2.6979,-5.3021,-8.1012,-13.901,-19.039,-12.92,-7.6309,-4.4888,-2.4557,-1.4046,-0.42908,0.1276,0.27491,0.14448,-0.31497,-0.89459,-2.0639,-3.7825,-6.2553,-8.8019,-13.426,-15.193,-11.869,-7.8605,-5.2067,-3.3231,-2.2356,-1.0605,-0.013198,0.73998,1.7201,2.6886,3.3982,4.2678,4.9928,5.5574,5.8612,6.0724,6.0453,5.8628,5.3663,4.5489,3.7054,2.2047,0.12382,-2.7852,-5.8202,-12.612,-25.851,-13.416,-7.5036,-4.3995,-2.445,-1.3704,-0.26666,0.553,1.018,1.497,1.7815,1.8584,1.7893,1.5191,1.0567,0.58178,-0.16801,-1.0159,-1.6751,-2.4663,-3.1926,-3.6433,-4.031,-4.1709,-4.0433,-3.77,-3.2692,-2.6324,-2.1276,-1.4823,-0.91501,-0.40146
5.0371,4.7071,4.1952,3.621,3.1634,2.5187,1.8591,1.3142,0.57651,-0.13486,-0.88072,-1.4379,-2.1751,-2.8256,-3.1897,-3.5276,-3.6729,-3.605,-3.3497,-2.9911,-2.5909,-2.3139,-2.0517,-1.9483,-1.9876,-2.2343,-2.6719,-3.1272,-3.8732,-4.8242,-5.9195,-6.8179,-8.0817,-9.374,-10.32,-11.563,-12.84,-14.019,-14.59,-14.165,-12.197,-10.271,-7.8288,-5.7782,-4.5349,-3.1986,-2.2144,-1.5453,-1.2289,-1.0437,-1.0867,-1.2735,-1.7559,-2.4811,-3.1806,-4.4361,-6.1277,-8.3312,-10.46,-14.113,-17.372,-16.731,-13.466,-10.736,-8.8451,-7.8051,-6.7966,-6.0881,-5.7458,-5.4886,-5.4165,-5.5155,-5.8397,-6.3986,-7.2282,-8.0281,-9.3031,-10.735,-11.793,-12.833,-13.145,-12.928,-12.112,-11.046,-9.9181,-9.0811,-7.8722,-6.6429,-5.7791,-4.6603,-3.6138,-2.6975,-2.1046,-1.4467,-0.9139,-0.62509,-0.38385,-0.26348,-0.247,-0.33605,-0.50114,-0.67195,-0.79385,-0.91655,-0.95617,-0.91439,-0.74627,-0.49224,-0.25955,0.078233,0.40538,0.67473,0.80251,0.85808,0.75517,0.57303,0.15912,-0.46018,-1.2504,-1.9453,-3.0214,-4.1451,-4.897,-5.677,-5.9605,-5.6778,-4.9837,-4.1166,-3.3337,-2.8884,-2.4397,-2.2898,-2.3998,-2.7657,-3.3877,-4.0851,-5.2392,-6.679,-8.3894,-9.7797,-11.339,-11.68,-11.048,-9.6548,-8.5231,-7.7434,-7.4769,-7.4097,-7.1901,-6.4942,-4.7403,-2.5159,-0.9,0.96648,2.4634,3.6134,4.233,4.765,4.9748,4.937,4.6002,3.9288,3.222,2.006,0.44496,-1.3895,-2.807,-4.5669,-5.838,-6.1896,-6.1388,-5.8114,-5.4253,-5.0616,-4.4128,-3.6196,-3.0051,-2.2548,-1.6297,-1.3347,-1.2171,-1.4189,-1.9526,-2.5986,-3.7811,-5.2447,-6.4082,-7.595,-7.8802,-7.4992,-6.5096,-5.3677,-4.3376,-3.6585,-2.9061,-2.3161,-1.9617,-1.5619,-1.2613,-0.97841
4.6363,4.2561,3.6657,3.0701,2.6428,2.1366,1.7051,1.424,0.97352,0.47275,-0.14398,-0.72765,-1.6377,-2.775,-3.7217,-4.8873,-5.6011,-5.628,-4.8816,-3.7153,-2.5931,-1.8964,-1.2006,-0.80856,-0.71767,-0.84141,-1.2335,-1.6809,-2.4576,-3.3503,-4.2967,-4.9999,-5.9489,-6.9151,-7.7337,-9.032,-10.806,-13.483,-16.117,-17.029,-12.659,-9.4169,-6.0835,-3.6297,-2.1985,-0.75686,0.27517,0.95508,1.2654,1.4482,1.3864,1.1629,0.67584,-0.030313,-0.74567,-1.9262,-3.3874,-5.2161,-6.7914,-8.9371,-10.315,-10.102,-8.5485,-6.699,-5.0989,-4.148,-3.1436,-2.4386,-2.0841,-1.7947,-1.7269,-1.8132,-2.107,-2.5826,-3.2389,-3.837,-4.75,-5.7835,-6.5999,-7.7241,-8.8244,-9.6389,-10.584,-11.158,-11.129,-10.521,-9.1558,-7.5911,-6.4188,-4.9588,-3.6989,-2.6809,-2.0602,-1.4488,-1.0664,-0.89172,-0.85263,-1.0325,-1.2712,-1.6896,-2.1905,-2.6285,-2.7968,-2.7491,-2.3943,-1.963,-1.301,-0.68469,-0.2626,0.19732,0.52654,0.72535,0.78935,0.75188,0.56915,0.3304,-0.12127,-0.69851,-1.4204,-2.045,-2.8468,-3.5627,-3.9693,-4.2435,-4.0856,-3.8358,-3.3966,-2.905,-2.4968,-2.2552,-2.1827,-2.4105,-2.7382,-3.4412,-4.4687,-5.3518,-6.48,-7.3559,-7.8369,-7.8521,-7.5451,-7.1333,-6.7853,-6.4957,-6.4264,-6.9199,-7.9157,-10.459,-15.791,-17.745,-9.9022,-4.5151,-1.7326,0.98845,2.9916,4.4519,5.2485,5.979,6.3686,6.4451,6.3036,5.8937,5.404,4.5475,3.5009,2.2507,1.2338,-0.14107,-1.7054,-2.9706,-4.8502,-7.172,-9.9864,-12.002,-11.972,-8.9768,-6.7017,-4.3824,-2.8126,-2.0219,-1.4439,-1.3983,-1.8965,-2.6346,-4.2653,-6.8526,-9.9419,-17.142,-18.602,-12.368,-7.6798,-4.9551,-3.1979,-2.3246,-1.5615,-1.2062,-1.1686,-1.3815,-1.8004,-2.3298
4.0835,3.2228,1.9141,0.59952,-0.16442,-0.56626,-0.26735,0.25574,0.87865,1.1711,1.1067,0.75655,-0.18804,-1.8748,-3.8442,-8.0611,-18.025,-18.461,-8.058,-3.6013,-0.96261,0.3129,1.4061,1.9378,2.034,1.7823,1.1096,0.33627,-1.0489,-2.7068,-4.3887,-5.3283,-5.7142,-5.2214,-4.6665,-3.9808,-3.43,-2.9744,-2.569,-1.8223,-0.81007,0.081404,1.3089,2.4384,3.1732,3.9632,4.509,4.8278,4.921,4.8672,4.6149,4.3268,3.8447,3.2251,2.6977,1.9796,1.2423,0.53051,0.075974,-0.37264,-0.56291,-0.52445,-0.22944,0.2337,0.80096,1.2254,1.7272,2.1064,2.3133,2.4689,2.4595,2.3567,2.0764,1.625,1.0119,0.44243,-0.48855,-1.5946,-2.5819,-4.1431,-6.0804,-7.9134,-11.372,-17.382,-43.924,-19.291,-11.904,-8.1637,-6.1746,-4.2076,-2.8259,-1.832,-1.28,-0.76164,-0.53184,-0.52408,-0.70965,-1.2458,-1.9265,-3.2504,-5.2578,-8.1696,-10.47,-10.365,-7.0331,-4.7394,-2.5219,-1.0014,-0.24808,0.37894,0.65685,0.70667,0.66931,0.5576,0.40707,0.22325,-0.14724,-0.77824,-1.7866,-2.8158,-4.5875,-6.7237,-8.0925,-8.2039,-6.4253,-4.9567,-3.1835,-1.8541,-0.97127,-0.57233,-0.49582,-0.82609,-1.3478,-2.6084,-4.5781,-6.6361,-10.95,-17.476,-14.381,-10.084,-6.4023,-4.09,-2.8414,-1.7,-0.93748,-0.58676,-0.45782,-0.31929,-0.00033527,0.47414,1.5402,2.9582,4.0666,5.4723,6.7258,7.7287,8.3245,8.9096,9.2485,9.3313,9.24,8.9254,8.5289,7.8103,6.9041,5.7934,4.8166,3.4286,1.8493,0.5031,-1.4788,-3.734,-6.1254,-7.6228,-7.6118,-5.5277,-3.7475,-1.6309,-0.055938,0.80448,1.575,1.9224,1.8931,1.6676,1.1183,0.39854,-0.19308,-0.7686,-0.77957,-0.48692,0.17841,0.93101,1.544,1.8326,1.9436,1.7096,1.2516,0.15082,-1.6425,-4.6458
0.78855,-0.67245,-3.4241,-8.1012,-15.253,-17.75,-7.6031,-4.3247,-1.5641,0.098266,0.98929,1.2868,1.2517,0.86526,0.39327,-0.28826,-0.64636,-0.57568,0.047016,0.97696,1.8733,2.4335,2.9364,3.1091,3.0032,2.516,1.5841,0.5392,-1.4573,-4.5049,-9.502,-15.72,-13.623,-7.2117,-4.3581,-1.8296,-0.10916,1.1617,1.9319,2.7825,3.5138,3.9875,4.5189,4.9321,5.1427,5.2872,5.2661,5.0701,4.8092,4.3139,3.6682,3.1277,2.3242,1.5248,0.99174,0.38516,-0.057111,-0.2693,-0.32006,-0.24176,-0.019798,0.20755,0.57307,0.98252,1.3815,1.667,1.9909,2.2437,2.3846,2.4687,2.4389,2.3374,2.0865,1.6869,1.1354,0.61347,-0.22087,-1.2121,-2.0648,-3.3532,-4.7613,-5.8724,-7.3681,-8.5358,-9.0966,-8.8435,-7.862,-6.7243,-5.857,-4.9158,-4.2869,-3.8888,-3.7553,-3.6892,-3.6587,-3.6728,-3.6919,-3.7616,-4.0016,-4.7046,-5.8508,-7.4603,-8.4708,-8.1889,-6.2434,-4.6404,-3.0176,-2.0607,-1.8058,-2.0482,-2.879,-4.1428,-5.0672,-5.5873,-4.9557,-4.1657,-3.3112,-3.0444,-3.4319,-4.2145,-6.1037,-8.8702,-11.192,-11.366,-8.1299,-6.0733,-3.846,-2.3223,-1.35,-0.96849,-0.72794,-0.79326,-1.1192,-1.8011,-2.75,-3.7048,-4.9825,-5.698,-5.2384,-4.183,-2.5325,-0.99751,0.0011704,1.0894,1.8943,2.4805,2.8719,3.2965,3.7258,4.0688,4.593,5.2018,5.6808,6.3661,7.0319,7.6237,8.0134,8.4178,8.6679,8.7484,8.6665,8.3655,8.0073,7.3193,6.3906,5.2683,4.2626,2.7681,1.2773,0.15339,-1.1473,-2.0972,-2.5236,-2.4764,-2.0582,-1.2607,-0.53028,0.4188,1.326,1.8999,2.481,2.8895,3.1139,3.1642,3.1413,3.0414,2.9829,2.8818,2.8518,2.8923,2.9794,3.0756,3.1262,3.1144,2.9715,2.6421,2.256,1.5054,0.4911,-0.6694
-3.2229,-3.84,-4.6897,-5.391,-5.6333,-5.3273,-4.3071,-3.2444,-1.9705,-0.82853,0.035034,0.49624,0.87534,1.0846,1.1536,1.171,1.223,1.2765,1.404,1.5908,1.7767,1.8996,1.9909,1.9631,1.8349,1.5155,1.0053,0.50232,-0.30659,-1.1824,-1.9294,-2.226,-2.1086,-1.4506,-0.77811,0.21005,1.1137,1.8833,2.3548,2.8394,3.1768,3.3277,3.3994,3.3161,3.1491,2.7785,2.2308,1.4927,0.80489,-0.29296,-1.6014,-2.7526,-4.4782,-6.2522,-7.4708,-8.6557,-8.8596,-8.2546,-7.5674,-6.5794,-5.6533,-5.0191,-4.2888,-3.6581,-3.1478,-2.8273,-2.478,-2.1917,-2.0406,-1.9183,-1.8691,-1.9023,-2.0376,-2.3043,-2.7244,-3.15,-3.8539,-4.7384,-5.4822,-6.5488,-7.6354,-8.3408,-9.0586,-9.4831,-9.5079,-9.2979,-8.9832,-8.5603,-8.302,-8.2239,-8.4581,-9.1274,-9.9867,-11.621,-13.063,-13.159,-11.638,-9.4665,-8.007,-6.5522,-5.5184,-4.7269,-4.2547,-3.6336,-3.0524,-2.7061,-2.4253,-2.5064,-2.9033,-4.0139,-6.0045,-9.3674,-13.265,-16.62,-11.397,-8.368,-5.8884,-4.5595,-3.9524,-3.8821,-4.0841,-4.4123,-4.6525,-4.7551,-4.6545,-4.5272,-4.1872,-3.9561,-3.7639,-3.6824,-3.5361,-3.4305,-3.3799,-3.2459,-3.1572,-3.0629,-2.8248,-2.5012,-2.001,-1.5409,-0.90527,-0.23518,0.21189,0.71833,1.0636,1.3078,1.4062,1.4284,1.3805,1.3437,1.3298,1.3987,1.5581,1.9266,2.4119,2.9964,3.4416,3.9619,4.3482,4.5396,4.6112,4.4417,4.1609,3.5302,2.5745,1.2973,0.069207,-2.0712,-4.7123,-7.1382,-10.529,-11.606,-9.4328,-7.478,-5.3521,-3.7556,-2.7649,-1.7356,-0.9708,-0.53368,-0.098617,0.17381,0.33498,0.37723,0.38478,0.32989,0.31275,0.26564,0.18886,0.1627,0.14535,0.14309,0.15125,0.17217,0.1866,0.15941,0.11661,0.034708,-0.10464,-0.22515
-7.7842,-7.6025,-6.8532,-5.7697,-4.8823,-3.699,-2.6214,-1.8461,-0.87347,-0.10665,0.4997,0.82917,1.1313,1.2587,1.2795,1.2341,1.1123,1.0236,0.92008,0.86099,0.86685,0.89199,0.9456,1.005,1.0486,1.0677,1.0521,1.0189,0.97036,0.94718,0.9884,1.0802,1.2978,1.6176,1.8959,2.2737,2.6222,2.8938,3.0193,3.0788,2.9843,2.8108,2.4394,1.9029,1.4029,0.59854,-0.37185,-1.5108,-2.4955,-4.0241,-5.8939,-7.6093,-10.454,-14.543,-19.173,-34.798,-23.687,-17.551,-15.115,-12.893,-11.325,-10.39,-9.3562,-8.5578,-7.9342,-7.6024,-7.2899,-7.0825,-6.9774,-6.7965,-6.5584,-6.3735,-6.159,-6.0557,-6.1556,-6.4027,-7.0143,-7.9996,-8.9918,-10.662,-12.757,-14.384,-15.811,-15.49,-13.858,-12.573,-11.196,-10.153,-9.6921,-9.454,-9.6803,-10.535,-11.622,-13.96,-16.862,-17.312,-13.868,-10.071,-7.873,-5.5365,-3.8038,-2.4659,-1.6635,-0.83517,-0.22776,0.075994,0.29129,0.25534,0.062669,-0.39889,-1.0538,-1.7668,-2.2044,-2.4876,-2.3643,-2.0917,-1.6994,-1.3795,-1.2614,-1.3034,-1.5123,-1.9129,-2.2835,-2.8773,-3.6039,-4.1181,-4.9675,-5.9012,-6.8007,-7.2926,-7.6265,-7.4488,-6.9061,-5.9437,-4.9164,-4.1042,-3.1079,-2.2162,-1.4216,-0.90933,-0.31295,0.14856,0.37586,0.52027,0.46636,0.21086,-0.17297,-0.88009,-1.8683,-2.7567,-4.0616,-5.2189,-5.6132,-5.2548,-4.0857,-2.631,-1.6095,-0.43316,0.49071,0.99565,1.4519,1.6443,1.5869,1.2771,0.64628,-0.36004,-1.3162,-3.0904,-5.3857,-7.429,-10.104,-10.893,-9.1036,-7.4819,-5.6727,-4.3321,-3.6485,-2.996,-2.6379,-2.5216,-2.509,-2.6351,-2.8259,-2.9597,-3.1431,-3.3018,-3.4619,-3.6022,-3.7753,-3.9302,-4.0931,-4.1451,-4.0463,-3.8703,-3.4982,-3.0242,-2.6676,-2.1982,-1.7757,-1.4327
-30.86,-18.276,-10.54,-6.5194,-4.4356,-2.38,-0.80965,0.058421,0.9652,1.6125,1.9955,2.1317,2.1236,1.9016,1.6051,1.0777,0.42556,-0.081635,-0.69259,-1.1177,-1.2481,-1.1498,-0.82357,-0.39082,-0.053682,0.3739,0.76423,1.0403,1.4076,1.7933,2.2106,2.5393,2.9843,3.4059,3.7,4.0158,4.2247,4.2876,4.2276,3.9814,3.5289,3.0505,2.221,1.1921,0.30406,-0.98438,-2.3198,-3.6441,-4.6031,-5.8975,-7.2661,-8.3965,-10.177,-12.103,-13.562,-15.274,-16.23,-16.711,-16.781,-16.504,-15.664,-14.708,-13.322,-12.176,-11.498,-11.334,-11.59,-12.334,-12.932,-13.244,-12.483,-11.356,-9.7865,-8.5549,-7.7918,-7.5494,-7.6883,-8.3384,-9.2375,-11.056,-13.832,-16.781,-20.568,-18.583,-14.557,-12.41,-10.273,-8.8485,-8.1172,-7.4147,-7.0275,-6.8218,-6.7217,-6.5264,-6.1709,-5.6444,-4.6363,-3.3355,-2.2756,-0.89414,0.40263,1.5268,2.2603,3.0828,3.7231,4.0984,4.4417,4.6265,4.6735,4.6257,4.4843,4.2937,4.139,3.9434,3.7507,3.606,3.39,3.1092,2.7221,2.3571,1.73,0.94049,0.23031,-0.91014,-2.2512,-3.4947,-5.4868,-7.9722,-11.354,-14.95,-21.11,-17.536,-13.243,-9.3677,-6.5605,-4.8935,-3.1357,-1.6993,-0.5717,0.10447,0.80682,1.2472,1.4256,1.4336,1.1754,0.56208,-0.11219,-1.3909,-3.2072,-5.1007,-8.6265,-14.749,-24.824,-16.616,-10.181,-6.7121,-4.944,-3.1468,-1.771,-0.95089,-0.094783,0.52627,0.83277,1.03,1.0012,0.71917,0.38009,-0.1789,-0.89397,-1.3975,-1.9531,-2.2794,-2.3605,-2.298,-2.1923,-2.143,-2.2099,-2.5067,-3.0285,-3.5857,-4.5512,-5.6417,-6.7035,-7.2962,-7.6885,-7.674,-7.617,-7.71,-8.0601,-8.6088,-9.6529,-10.713,-10.954,-10.252,-8.5748,-6.8043,-5.6314,-4.3894,-3.4221,-2.7105
-5.2145,-4.6498,-3.2566,-1.627,-0.47652,0.85313,1.9199,2.557,3.1192,3.4516,3.5246,3.4112,3.0025,2.3161,1.5678,0.22807,-1.5613,-3.2746,-6.0056,-8.5074,-8.6021,-7.1363,-4.9957,-3.3754,-2.5208,-1.7162,-1.1709,-0.81527,-0.30806,0.35555,1.1915,1.8933,2.8376,3.6975,4.2444,4.8136,5.1533,5.2462,5.1425,4.7432,4.0331,3.2749,1.9335,0.16882,-1.4596,-4.0017,-6.7079,-8.7363,-9.2573,-8.9871,-8.5619,-8.4882,-8.7595,-9.4582,-10.307,-11.699,-13.734,-16.654,-20.212,-31.698,-26.207,-19.646,-15.416,-13.138,-12.122,-12.029,-12.857,-15.069,-18.183,-24.829,-19.334,-14.73,-10.908,-8.5433,-7.06,-6.3835,-5.9271,-5.8866,-6.0964,-6.6031,-7.211,-7.6464,-7.9749,-7.918,-7.5034,-7.109,-6.4778,-5.9326,-5.5746,-5.1053,-4.6597,-4.1018,-3.6373,-2.865,-1.98,-1.2306,-0.12312,1.0223,1.9084,3.0516,4.1308,5.1157,5.7766,6.5544,7.1966,7.592,8.0014,8.2894,8.4269,8.5177,8.5108,8.4199,8.2987,8.0747,7.7804,7.5088,7.0785,6.5399,5.8922,5.3144,4.41,3.3494,2.4185,1.0098,-0.64152,-2.0768,-4.1376,-6.4826,-9.0051,-10.708,-12.032,-11.664,-10.312,-8.1322,-5.8618,-4.2823,-2.4524,-0.87649,0.41109,1.1953,1.9875,2.4989,2.713,2.7497,2.4927,1.9378,1.3353,0.22392,-1.1681,-2.392,-4.1544,-5.8196,-6.7056,-7.2799,-7.1309,-6.54,-5.9481,-4.9142,-3.7639,-2.8352,-1.6238,-0.55653,0.15288,0.89282,1.4234,1.7657,1.8509,1.9077,1.8071,1.6757,1.4434,1.1906,0.88074,0.62483,0.22505,-0.3201,-0.81279,-1.7258,-2.9787,-4.2185,-6.4742,-9.7466,-15.054,-21.394,-19.063,-13.642,-11.381,-10.125,-10.071,-10.768,-12.965,-17.353,-21.84,-17.561,-12.142,-8.9114,-7.278,-5.8135,-4.9325,-4.3718
0.3021,0.65905,1.2259,1.8322,2.282,2.8387,3.2523,3.4926,3.6767,3.6644,3.4655,3.1784,2.5775,1.7151,0.86217,-0.63045,-2.5985,-4.5097,-7.7007,-10.907,-10.951,-9.1318,-6.9018,-5.5669,-5.1044,-5.1914,-5.9945,-6.9528,-7.9613,-7.0861,-4.4951,-2.4459,-0.10141,1.7314,2.786,3.8183,4.4643,4.7523,4.7342,4.4015,3.6956,2.8977,1.4309,-0.58778,-2.5818,-6.1187,-11.179,-16.582,-15.012,-11.097,-8.8515,-7.9618,-7.4051,-7.4529,-7.7431,-8.4592,-9.4646,-10.627,-11.486,-12.2,-12.149,-11.587,-10.559,-9.6547,-9.0447,-8.8277,-8.8268,-9.0247,-9.2007,-9.1435,-8.6708,-8.0177,-7.0187,-6.06,-5.2913,-4.8619,-4.4723,-4.2983,-4.2509,-4.307,-4.4163,-4.5196,-4.6911,-4.8395,-5.0381,-5.1886,-5.4885,-5.8889,-6.1924,-6.608,-6.7448,-6.3584,-5.6543,-4.3226,-2.7061,-1.4817,0.09625,1.5876,2.6111,3.8731,4.994,5.9896,6.6518,7.4192,8.0644,8.4627,8.8916,9.2078,9.3663,9.4858,9.5019,9.4171,9.2896,9.035,8.6884,8.3626,7.8344,7.196,6.4368,5.7764,4.7728,3.6001,2.608,1.1161,-0.6095,-2.0051,-4.15,-6.4721,-8.9502,-10.722,-12.546,-12.565,-11.392,-9.1141,-6.6273,-4.9864,-3.0055,-1.3348,0.025755,0.87182,1.7344,2.3351,2.6042,2.7299,2.5827,2.2075,1.7364,0.89029,-0.18301,-1.1241,-2.5739,-4.1502,-5.4675,-7.3865,-9.4991,-11.755,-12.843,-12.33,-9.9537,-7.967,-5.5808,-3.6243,-2.4153,-1.0883,-0.085943,0.66761,1.0672,1.3655,1.5108,1.492,1.3368,1.0702,0.70286,0.36676,-0.13789,-0.74118,-1.2559,-2.0579,-3.0675,-3.9944,-5.4734,-7.2096,-8.959,-9.867,-10.012,-9.2008,-8.5499,-7.7719,-7.4863,-7.5024,-7.7718,-8.0939,-8.1674,-7.9783,-7.5021,-7.0088,-6.8311,-6.8908,-7.3819,-8.2399
1.735,1.9992,2.3076,2.5753,2.7432,2.8962,2.9795,2.945,2.8363,2.5997,2.2445,1.9043,1.3782,0.733,0.19858,-0.59972,-1.4596,-2.1105,-2.9148,-3.5075,-3.8346,-3.9125,-3.9678,-4.1486,-4.5111,-5.4629,-7.1749,-9.1265,-12.072,-11.153,-6.9346,-4.1788,-1.3637,0.69417,1.8671,3.0222,3.7862,4.1986,4.2952,4.1581,3.7175,3.1968,2.2509,1.0525,0.016049,-1.4587,-2.8526,-3.9142,-4.3993,-4.6869,-4.7575,-4.7741,-4.8799,-5.0796,-5.2821,-5.6406,-5.9876,-6.3248,-6.4793,-6.5857,-6.5154,-6.3705,-6.0957,-5.7815,-5.5033,-5.3377,-5.1776,-5.0847,-5.0156,-4.9337,-4.8263,-4.7264,-4.5822,-4.463,-4.3808,-4.3405,-4.3182,-4.3053,-4.2974,-4.2756,-4.2848,-4.3055,-4.3888,-4.592,-4.9553,-5.3762,-6.2492,-7.5601,-9.0145,-11.92,-16.864,-20.489,-15.151,-9.5328,-5.8442,-3.7199,-1.4493,0.38842,1.5681,2.9174,4.0789,5.0686,5.7175,6.4635,7.0834,7.4719,7.8874,8.1838,8.3352,8.4388,8.4358,8.3287,8.1847,7.9075,7.5302,7.1845,6.6346,5.9857,5.2187,4.5719,3.5866,2.4635,1.5249,0.11221,-1.4549,-2.8285,-4.8715,-7.3282,-10.449,-13.572,-19.121,-19.831,-15.314,-10.798,-7.6012,-5.7613,-3.7207,-2.1031,-0.80292,-0.0093856,0.83383,1.4508,1.7574,1.9737,1.9741,1.7182,1.376,0.71731,-0.21702,-1.0968,-2.5106,-4.2691,-5.8363,-8.3303,-11.526,-15.529,-18.616,-18.087,-14.322,-11.683,-8.8733,-6.5318,-5.0681,-3.4598,-2.1752,-1.2732,-0.75307,-0.36934,-0.26467,-0.34601,-0.6421,-1.1407,-1.7281,-2.2015,-2.7985,-3.2516,-3.5321,-3.764,-3.9371,-4.0689,-4.2681,-4.5064,-4.6834,-4.7867,-4.7909,-4.6509,-4.5171,-4.3562,-4.2122,-4.1795,-4.1908,-4.2533,-4.3819,-4.5018,-4.7754,-5.2364,-5.7669,-6.8658,-8.5573,-11.312
1.8734,2.0021,2.117,2.1797,2.183,2.1132,1.9623,1.7714,1.3796,0.89104,0.31061,-0.14433,-0.70061,-1.1255,-1.3361,-1.4603,-1.4857,-1.4562,-1.3914,-1.3179,-1.2575,-1.2431,-1.2741,-1.3879,-1.5453,-1.814,-2.0992,-2.2492,-2.2004,-1.7354,-0.86875,-0.053709,1.0896,2.1662,2.8682,3.6458,4.2141,4.5696,4.7021,4.697,4.5004,4.2332,3.7348,3.0925,2.5468,1.7626,0.95363,0.16572,-0.39672,-1.1068,-1.7795,-2.2631,-2.8969,-3.474,-3.8747,-4.2715,-4.5228,-4.5822,-4.5242,-4.329,-4.0318,-3.7838,-3.4513,-3.1407,-2.8832,-2.7353,-2.6103,-2.5749,-2.6039,-2.7332,-2.9399,-3.1754,-3.5793,-4.0898,-4.6755,-5.1324,-5.6823,-6.0209,-6.1006,-5.9324,-5.562,-5.2469,-4.863,-4.6517,-4.6489,-4.8552,-5.3503,-6.2095,-7.064,-8.406,-9.5948,-9.7236,-8.8076,-6.8563,-4.7375,-3.3051,-1.6056,-0.16952,0.77453,1.8862,2.8467,3.6917,4.2498,4.9118,5.4731,5.8296,6.2116,6.479,6.6072,6.6729,6.6225,6.4646,6.2792,5.955,5.5498,5.1991,4.6738,4.0678,3.3821,2.8026,1.9372,0.96555,0.15762,-0.99862,-2.2623,-3.2196,-4.5073,-5.8153,-6.9774,-7.6759,-8.2575,-8.1269,-7.6415,-6.5547,-5.3177,-4.3706,-3.1726,-2.1216,-1.1851,-0.58078,0.13958,0.72877,1.09,1.4419,1.6215,1.5866,1.4279,0.99557,0.30388,-0.38733,-1.557,-3.0276,-4.3122,-6.2807,-8.397,-10.601,-12.008,-13.302,-13.314,-12.373,-10.272,-7.9857,-6.3856,-4.5694,-3.1811,-2.1877,-1.7538,-1.4271,-1.5319,-1.8516,-2.6249,-3.8036,-5.3886,-6.7438,-8.436,-9.1375,-8.6953,-7.4268,-6.0539,-5.1693,-4.2469,-3.5602,-3.0608,-2.7637,-2.4531,-2.2279,-2.0586,-1.9171,-1.8059,-1.7542,-1.7322,-1.7765,-1.8973,-2.0559,-2.3612,-2.8166,-3.2497,-4.0104,-4.9653,-6.0202
1.2627,1.1262,0.99945,0.9381,0.92137,0.87048,0.66805,0.41025,-0.23736,-1.2095,-2.5445,-3.7507,-5.363,-6.1678,-5.8791,-4.5991,-3.1124,-2.1382,-1.0724,-0.29281,0.26846,0.56069,0.82755,0.98044,1.0469,1.1037,1.1788,1.2791,1.4947,1.833,2.2812,2.6731,3.2343,3.8029,4.2002,4.6654,5.0359,5.3017,5.4267,5.4882,5.4392,5.325,5.0779,4.7159,4.3766,3.8334,3.1879,2.4396,1.8035,0.85523,-0.22805,-1.1376,-2.4414,-3.8192,-4.7838,-5.7217,-6.0206,-5.585,-4.9951,-4.0513,-3.1437,-2.535,-1.851,-1.3257,-0.94449,-0.75761,-0.63089,-0.63996,-0.75509,-1.0465,-1.5225,-2.0218,-2.9158,-4.1372,-5.7678,-7.336,-9.8929,-12.379,-12.761,-10.825,-8.2785,-6.718,-5.1524,-4.077,-3.4189,-3.1512,-3.0182,-3.1119,-3.2424,-3.4659,-3.5815,-3.5411,-3.3341,-2.8878,-2.274,-1.7701,-1.0874,-0.41257,0.055946,0.67119,1.2464,1.822,2.2504,2.8191,3.3665,3.7379,4.1538,4.4524,4.5675,4.5825,4.4305,4.1261,3.8133,3.3327,2.8267,2.4555,1.9889,1.5273,1.0483,0.62186,-0.034861,-0.86927,-1.5979,-2.6759,-3.8309,-4.6096,-5.533,-6.0566,-6.1811,-6.0715,-5.7211,-5.1794,-4.7572,-4.1329,-3.5771,-3.1797,-2.745,-2.355,-1.9463,-1.5846,-0.97624,-0.27198,0.29854,1.0117,1.5825,1.9744,2.1089,2.0449,1.7264,1.3023,0.485,-0.6121,-1.6598,-3.3413,-5.4669,-8.2077,-11.024,-17.047,-27.84,-17.868,-11.26,-7.4219,-5.4514,-3.4805,-2.1597,-1.2543,-0.91264,-0.77926,-1.0512,-1.5389,-2.6139,-4.2467,-6.7303,-9.3718,-14.99,-19.428,-14.489,-9.4691,-6.486,-4.9478,-3.4996,-2.4858,-1.8023,-1.4107,-1.029,-0.78053,-0.62598,-0.44202,-0.30838,-0.21095,-0.11197,-0.052738,-0.02711,-0.056746,-0.13718,-0.29967,-0.46488,-0.74138,-1.0754,-1.4195
-0.96007,-2.006,-2.8034,-2.5046,-1.8042,-0.83124,-0.25606,-0.14172,-0.49175,-1.5486,-3.4664,-5.7159,-10.671,-17.508,-12.706,-6.8124,-3.4233,-1.7121,-0.10767,0.96471,1.6626,2.0043,2.2662,2.368,2.3803,2.3503,2.3288,2.3638,2.4966,2.7539,3.1168,3.4365,3.8814,4.303,4.5932,4.9164,5.1751,5.3762,5.496,5.6244,5.7123,5.7473,5.731,5.6287,5.4728,5.1462,4.6667,4.0063,3.3758,2.3245,0.96373,-0.30798,-2.4828,-5.5081,-8.7259,-15.913,-17.971,-10.392,-7.1779,-4.3758,-2.531,-1.5295,-0.55019,0.11898,0.55345,0.75494,0.88029,0.86052,0.74479,0.46621,-0.013363,-0.5033,-1.3961,-2.6244,-4.3149,-5.9716,-8.8347,-11.856,-12.362,-9.7276,-6.7397,-4.944,-3.1915,-1.9692,-1.1767,-0.78193,-0.53144,-0.48742,-0.57333,-0.78584,-1.0597,-1.3409,-1.5309,-1.6936,-1.813,-1.8236,-1.8275,-1.8095,-1.8139,-1.8516,-1.8496,-1.7029,-1.3938,-0.72595,0.15201,0.83395,1.625,2.1866,2.4004,2.3847,2.0105,1.2753,0.52199,-0.64582,-1.7584,-2.3308,-2.5611,-2.3203,-2.0343,-1.9417,-2.1328,-2.759,-3.5412,-5.0782,-7.178,-9.2137,-11.735,-11.854,-9.6428,-7.8181,-5.7821,-4.3387,-3.542,-2.8674,-2.604,-2.6649,-3.1771,-4.0661,-5.1765,-5.6576,-5.1036,-3.2432,-1.6315,0.25781,1.7218,2.7819,3.3005,3.6962,3.7794,3.6414,3.2325,2.5854,1.9557,0.94494,-0.23645,-1.5158,-2.4623,-3.476,-3.8491,-3.5988,-2.7066,-1.5718,-0.73432,0.19797,0.88597,1.2773,1.4401,1.3387,1.0223,0.61467,-0.12841,-1.0583,-2.1145,-2.893,-3.7127,-4.0015,-3.8197,-3.1793,-2.373,-1.803,-1.1922,-0.78106,-0.54844,-0.4817,-0.47452,-0.46345,-0.47696,-0.38888,-0.23603,-0.076578,0.17893,0.45595,0.71644,0.90182,1.1015,1.2653,1.335,1.4073,1.4332,1.398
-3.494,-7.8918,-17.702,-8.7114,-4.5276,-1.439,0.28137,0.91782,1.2327,1.0071,0.39064,-0.18767,-0.95047,-1.2938,-1.181,-0.55839,0.24951,0.85466,1.5104,1.9752,2.2074,2.2352,2.07,1.6895,1.2737,0.61201,-0.058422,-0.44263,-0.56914,-0.1944,0.54011,1.1594,1.9085,2.4608,2.7221,2.8929,2.9135,2.8873,2.9163,3.1001,3.4458,3.7759,4.2147,4.5677,4.7314,4.7852,4.6299,4.2577,3.8332,3.0577,2.0424,1.1039,-0.41094,-2.1464,-3.5296,-5.0001,-5.3661,-4.4777,-3.4797,-2.1701,-1.1252,-0.52912,0.015528,0.34579,0.50497,0.55441,0.559,0.51455,0.47613,0.37497,0.2184,0.031046,-0.32257,-0.8021,-1.3812,-1.8365,-2.3673,-2.6624,-2.6217,-2.2428,-1.5622,-0.99814,-0.27769,0.29458,0.6732,0.80322,0.76737,0.49945,0.12854,-0.54543,-1.4437,-2.4542,-3.2658,-4.237,-4.9179,-5.2057,-5.3558,-5.5803,-5.922,-6.9265,-8.6685,-11.029,-11.749,-9.1724,-5.6988,-3.6208,-1.6122,-0.38419,0.11965,0.22435,-0.32112,-1.5961,-3.1611,-6.4725,-12.533,-21.199,-13.678,-8.0594,-5.375,-4.2705,-3.67,-3.761,-4.282,-5.5448,-7.6335,-9.6464,-12.619,-12.419,-9.2179,-6.9682,-4.5645,-2.9507,-2.0806,-1.4394,-1.3046,-1.6243,-2.6203,-4.624,-8.2238,-12.473,-11.72,-5.5693,-2.4406,0.43582,2.3911,3.6911,4.3458,4.8987,5.1117,5.1097,4.9271,4.5829,4.2706,3.7866,3.3077,2.8643,2.6167,2.38,2.326,2.3781,2.5771,2.814,2.9956,3.1646,3.2303,3.1137,2.9329,2.5752,2.0775,1.6612,1.0921,0.5629,0.15258,-0.071414,-0.20416,-0.2163,-0.12037,0.0064869,0.11013,0.10721,-0.026524,-0.38886,-0.9732,-1.5771,-2.5082,-3.3933,-3.858,-4.0816,-3.7014,-3.2108,-2.4499,-1.7252,-1.1027,-0.68089,-0.17711,0.30242,0.65704,1.0875,1.4683,1.7578
1.4577,0.75536,0.21861,0.33337,0.74119,1.4117,1.9366,2.2105,2.3087,2.2045,1.9269,1.6467,1.2765,0.93621,0.74715,0.56244,0.47665,0.42459,0.35366,0.2222,-0.0097712,-0.29921,-0.88823,-1.8235,-2.8532,-4.8501,-7.9582,-11.432,-14.995,-10.445,-6.3022,-4.2952,-2.617,-1.8014,-1.6909,-2.1494,-3.2798,-4.8903,-5.9479,-5.9282,-4.1785,-2.618,-0.84927,0.40468,1.0503,1.5687,1.7623,1.7029,1.5242,1.1487,0.66804,0.25199,-0.31086,-0.87954,-1.2348,-1.6135,-1.7918,-1.8216,-1.7664,-1.7103,-1.7294,-1.8479,-2.1608,-2.6541,-3.254,-3.7008,-4.1349,-4.242,-4.0981,-3.716,-3.2466,-2.944,-2.6353,-2.457,-2.3588,-2.315,-2.231,-2.0888,-1.912,-1.5851,-1.1972,-0.90258,-0.53504,-0.27196,-0.16832,-0.24336,-0.53789,-1.1475,-1.808,-3.0732,-4.8231,-7.2874,-9.7246,-14.066,-17.339,-15.885,-12.73,-10.839,-10.247,-10.337,-11.437,-13.098,-13.429,-11.171,-7.9633,-5.9772,-3.969,-2.6804,-2.1097,-1.831,-2.0772,-2.8238,-3.6944,-5.1697,-6.6434,-7.3348,-7.2496,-6.3889,-5.4834,-5.0039,-4.6592,-4.6724,-4.8571,-5.2658,-5.6811,-5.9148,-6.0173,-5.6046,-4.8082,-4.0083,-2.9096,-1.8877,-1.2706,-0.66512,-0.34435,-0.28787,-0.43802,-0.76459,-1.0649,-1.0913,-0.7198,0.14559,0.93408,1.9928,2.8897,3.5109,3.8166,3.965,3.8723,3.6742,3.2767,2.8154,2.475,2.1331,1.949,1.9558,2.0432,2.2542,2.484,2.6537,2.8141,2.8961,2.8617,2.6954,2.3362,1.8119,1.2304,0.34902,-0.73725,-1.592,-2.6339,-3.3163,-3.4121,-3.1317,-2.5163,-1.8473,-1.4359,-1.0497,-0.93556,-1.0527,-1.5329,-2.4327,-3.8769,-5.3813,-8.246,-12.757,-17.533,-18.829,-13.361,-10.72,-8.6009,-7.3909,-6.6798,-6.3354,-5.8283,-5.1368,-4.4146,-3.3376,-2.2855,-1.3779
3.7953,3.6667,3.4998,3.3696,3.2752,3.156,2.9433,2.7512,2.3633,1.8673,1.272,0.75619,0.055293,-0.67985,-1.197,-1.887,-2.485,-2.8858,-3.3089,-3.6497,-3.896,-4.0737,-4.366,-4.8272,-5.3842,-6.4714,-7.9159,-9.029,-9.5696,-8.3802,-6.4792,-5.2388,-4.1253,-3.7035,-3.8691,-4.8042,-6.7286,-10.011,-13.351,-13.917,-9.491,-6.8799,-4.5588,-3.1381,-2.5177,-2.1171,-2.0824,-2.2854,-2.516,-2.8269,-3.0531,-3.1394,-3.1208,-3.0508,-2.9668,-2.8806,-2.8185,-2.871,-2.9753,-3.2856,-3.82,-4.4242,-5.5586,-7.2176,-9.5502,-11.88,-15.306,-15.683,-13.514,-10.618,-8.6026,-7.5652,-6.6559,-6.1486,-5.9012,-5.7936,-5.6476,-5.3815,-5.0711,-4.5125,-3.8794,-3.3982,-2.8382,-2.4345,-2.2369,-2.25,-2.5014,-3.0831,-3.7274,-4.9352,-6.561,-8.6729,-10.555,-13.258,-14.804,-14.329,-12.688,-11.064,-10.172,-9.2615,-8.6683,-8.0787,-7.5796,-6.7353,-5.7739,-5.0376,-4.1758,-3.511,-3.1689,-2.944,-2.9374,-3.1427,-3.3884,-3.7864,-4.1902,-4.454,-4.7214,-4.9407,-5.1617,-5.407,-5.8149,-6.3922,-6.8394,-7.3845,-7.6114,-7.5481,-6.991,-6.1048,-5.0041,-4.121,-3.0174,-1.9751,-1.3148,-0.55742,0.016918,0.37153,0.70436,0.9697,1.2063,1.4015,1.6866,2.0128,2.247,2.5298,2.6929,2.6763,2.5439,2.1019,1.3966,0.6526,-0.61113,-2.0825,-3.1912,-4.1301,-4.0044,-2.9784,-2.0587,-0.87832,0.029139,0.53254,0.93817,1.094,1.0241,0.72033,0.11212,-0.72258,-1.6314,-3.1627,-5.3006,-7.4847,-11.67,-17.55,-14.955,-10.833,-7.2646,-4.9607,-3.8479,-2.8756,-2.438,-2.4111,-2.8039,-3.6319,-4.9485,-6.2413,-8.3643,-10.791,-12.315,-13.311,-12.897,-12.363,-11.945,-12.211,-13.275,-14.734,-17.183,-16.868,-14.041,-10.194,-7.3069,-5.2389
4.8723,4.9049,4.824,4.604,4.3563,3.9029,3.3213,2.7761,1.9268,0.90772,-0.25449,-1.211,-2.5772,-3.9686,-4.9991,-6.3151,-7.5689,-8.4053,-9.3493,-9.8259,-9.6232,-9.0396,-7.9891,-6.9304,-6.2507,-5.5237,-4.96,-4.5711,-4.0408,-3.4291,-2.8182,-2.4093,-2.0229,-1.9126,-2.0134,-2.4199,-3.0525,-3.7424,-4.1574,-4.4003,-4.2773,-4.0736,-3.8396,-3.8126,-3.998,-4.5765,-5.5391,-6.8723,-8.0135,-9.3282,-9.7608,-9.2677,-8.0721,-6.7713,-5.9732,-5.1546,-4.6592,-4.4259,-4.4457,-4.6778,-5.2094,-5.8136,-6.9371,-8.5276,-10.688,-12.67,-15.228,-15.586,-14.19,-11.985,-10.398,-9.647,-9.2288,-9.3748,-10.04,-10.776,-11.799,-12.034,-11.361,-9.6727,-7.8281,-6.6077,-5.3231,-4.4104,-3.8712,-3.6713,-3.7143,-4.0236,-4.4635,-5.2214,-6.1684,-7.1936,-7.9176,-8.7667,-9.2266,-9.3584,-9.1383,-8.6793,-8.2064,-7.5571,-6.8915,-6.2628,-5.8232,-5.2663,-4.7784,-4.45,-4.1202,-3.8722,-3.7657,-3.6977,-3.7048,-3.7496,-3.8033,-3.8918,-4.0218,-4.1416,-4.3842,-4.7782,-5.3581,-5.9673,-7.1215,-8.7341,-10.347,-13.084,-15.717,-15.612,-12.345,-9.2619,-6.7385,-5.2265,-3.6104,-2.3057,-1.5181,-0.62482,0.068511,0.51101,0.98176,1.3796,1.7067,1.9131,2.1518,2.3306,2.4249,2.459,2.3469,2.0725,1.6946,0.96308,-0.13836,-1.2924,-3.4065,-6.6634,-10.528,-22.441,-15.351,-8.3076,-5.509,-3.1075,-1.6081,-0.90438,-0.37173,-0.25572,-0.38011,-0.82017,-1.5022,-2.419,-3.2109,-4.4901,-5.9457,-7.1943,-8.9087,-9.9616,-9.3208,-7.9905,-5.9835,-4.3274,-3.3611,-2.5016,-2.0684,-2.012,-2.2579,-2.8421,-3.7396,-4.5744,-5.8042,-7.1769,-8.0899,-9.2621,-10.219,-10.859,-11.7,-12.674,-13.979,-15.192,-16.745,-16.285,-14.077,-10.843,-8.1156,-6.0622
5.4756,5.5085,5.3761,5.0488,4.6841,4.0115,3.1514,2.3291,1.0365,-0.55002,-2.4545,-4.0875,-6.5572,-9.1857,-11.108,-13.122,-14.692,-15.996,-19.005,-25.44,-23.955,-17.364,-12.082,-8.6701,-6.7608,-4.7969,-3.3048,-2.3989,-1.4111,-0.63189,-0.034572,0.2916,0.56491,0.66474,0.61978,0.42536,0.093705,-0.33122,-0.67812,-1.1747,-1.6939,-2.1176,-2.7658,-3.5984,-4.3712,-5.7017,-7.5381,-10.179,-13.123,-19.971,-26.087,-17.759,-12.463,-9.4891,-8.0711,-6.802,-6.0863,-5.7292,-5.667,-5.7732,-6.0483,-6.3442,-6.8393,-7.4011,-8.0023,-8.4237,-8.8299,-8.9778,-8.9493,-8.8024,-8.7269,-8.8262,-9.2962,-10.311,-12.093,-14.246,-19.229,-27.044,-20.498,-13.996,-10.267,-8.3627,-6.564,-5.3788,-4.6689,-4.4075,-4.3617,-4.6195,-4.9823,-5.679,-6.534,-7.5083,-8.2083,-8.9776,-9.4587,-9.5453,-9.2781,-8.6934,-8.1281,-7.3375,-6.553,-5.8897,-5.4695,-5.0614,-4.8124,-4.7628,-4.8324,-5.0708,-5.318,-5.6483,-5.898,-5.9352,-5.8196,-5.5247,-5.1766,-4.9647,-4.8232,-4.8878,-5.2553,-5.7354,-6.7551,-8.2415,-9.7724,-12.328,-14.586,-14.497,-11.677,-8.797,-6.46,-5.0711,-3.5878,-2.4625,-1.7812,-1.0791,-0.51546,-0.19791,0.18937,0.50914,0.80511,1.0086,1.2641,1.4759,1.5996,1.6707,1.6348,1.4455,1.1817,0.67445,-0.064063,-0.7559,-1.8577,-3.0521,-3.8966,-4.5438,-4.3588,-3.5039,-2.6998,-1.6978,-0.97415,-0.65278,-0.53903,-0.80805,-1.2413,-2.1327,-3.244,-4.5386,-5.3172,-6.0526,-6.1926,-6.0032,-5.5128,-4.8166,-3.9872,-3.3038,-2.3918,-1.5888,-1.0953,-0.65288,-0.4787,-0.53474,-0.83195,-1.4146,-2.2529,-3.0502,-4.3249,-5.8093,-7.0388,-8.768,-10.497,-11.618,-12.554,-12.634,-12.127,-11.52,-10.56,-9.3268,-8.3398,-6.9113,-5.5483,-4.3801
5.5105,5.4493,5.2052,4.7842,4.3385,3.5685,2.5593,1.6328,0.12245,-1.7562,-4.1324,-6.3253,-10.129,-15.674,-22.991,-32.174,-20.736,-18.222,-16.689,-15.692,-14.055,-12.143,-9.3429,-6.6983,-4.9981,-3.0863,-1.5185,-0.55454,0.50092,1.3073,1.9015,2.2124,2.4549,2.5149,2.4369,2.1925,1.7927,1.2458,0.74748,-0.018067,-0.9011,-1.6205,-2.6539,-3.7458,-4.5944,-5.7535,-6.9518,-8.1723,-9.0305,-9.9038,-10.129,-9.7891,-8.9745,-8.1001,-7.5731,-7.1452,-7.0091,-7.1735,-7.387,-7.7694,-8.0583,-8.1556,-8.1184,-7.9215,-7.6546,-7.4586,-7.2369,-7.0814,-6.9985,-6.9977,-7.1297,-7.3485,-7.7891,-8.433,-9.2366,-9.8667,-10.526,-10.626,-10.226,-9.1653,-7.8889,-6.9628,-5.9403,-5.1987,-4.7585,-4.6492,-4.7562,-5.2245,-5.7648,-6.8148,-8.2267,-9.9927,-11.615,-13.882,-15.664,-15.634,-14.064,-11.876,-10.426,-8.7635,-7.4863,-6.5124,-5.9948,-5.5821,-5.5034,-5.6887,-6.277,-7.3437,-8.4694,-10.388,-12.249,-12.638,-11.544,-9.4698,-7.634,-6.5964,-5.6132,-5.0292,-4.7956,-4.8266,-5.0435,-5.4704,-5.824,-6.2542,-6.4366,-6.3467,-5.8693,-5.1767,-4.426,-3.9159,-3.3055,-2.8757,-2.6289,-2.4587,-2.3761,-2.3686,-2.3474,-2.2852,-2.1057,-1.8745,-1.4763,-1.0167,-0.69148,-0.30971,-0.04059,0.061101,0.066416,-0.084554,-0.33336,-0.54945,-0.85639,-1.0831,-1.157,-1.1133,-0.88476,-0.53987,-0.24,0.094724,0.28583,0.28223,-0.0095998,-0.66699,-1.4872,-3.0897,-5.5508,-9.3644,-13.597,-16.893,-11.291,-8.0537,-5.1218,-3.1322,-1.6797,-0.83808,0.022107,0.64849,0.94258,1.1509,1.1298,0.96937,0.54417,-0.11513,-1.008,-1.858,-3.2742,-5.0117,-6.7021,-9.5247,-13.709,-18.718,-29.372,-18.172,-12.943,-10.557,-8.2405,-6.5208,-5.4704,-4.3007,-3.3621,-2.6488
4.7255,4.5563,4.2257,3.7646,3.3225,2.6137,1.6996,0.92013,-0.36094,-1.8811,-3.6869,-5.2134,-7.444,-9.6837,-11.145,-12.189,-12.152,-11.601,-10.528,-9.2989,-7.8887,-6.7271,-5.1013,-3.4989,-2.3413,-0.92475,0.3116,1.1147,1.9982,2.684,3.1683,3.4069,3.561,3.5159,3.3618,2.9812,2.411,1.6464,0.9351,-0.19297,-1.5238,-2.6513,-4.2601,-5.8232,-6.8237,-7.7017,-7.9833,-7.8609,-7.632,-7.2895,-6.9378,-6.7139,-6.4781,-6.4418,-6.5546,-7.0212,-7.8734,-9.2077,-10.545,-12.609,-14.258,-14.266,-12.694,-10.771,-9.1649,-8.2306,-7.3216,-6.7401,-6.4774,-6.3344,-6.3893,-6.5317,-6.8356,-7.1877,-7.5351,-7.7212,-7.7866,-7.6371,-7.353,-6.8212,-6.1896,-5.7385,-5.1931,-4.8105,-4.6485,-4.6843,-4.9983,-5.6039,-6.3114,-7.5299,-9.2039,-11.393,-13.599,-17.533,-22.673,-22.583,-17.631,-13.932,-11.842,-9.763,-8.1839,-7.0231,-6.3932,-5.8677,-5.7432,-5.906,-6.5883,-7.848,-9.332,-12.284,-16.643,-18.063,-14.802,-10.819,-8.1987,-6.829,-5.5662,-4.792,-4.334,-4.1634,-4.0816,-4.0982,-4.1339,-4.1668,-4.1669,-4.0832,-4.0182,-3.8679,-3.7802,-3.7655,-3.8783,-4.1427,-4.4885,-5.0725,-5.8841,-6.5243,-7.4781,-8.1783,-8.3193,-7.8948,-6.7917,-5.4398,-4.4891,-3.4025,-2.6511,-2.2035,-2.0704,-2.1058,-2.2804,-2.4391,-2.5253,-2.3837,-2.0671,-1.4649,-0.74737,-0.026437,0.45647,0.95256,1.2521,1.3105,1.1435,0.66439,0.06631,-1.0614,-2.626,-4.4556,-5.7103,-6.2194,-5.0014,-3.5966,-1.796,-0.32293,0.80392,1.4352,2.0417,2.3915,2.5109,2.4827,2.2647,1.9853,1.4551,0.77644,-0.058958,-0.78284,-1.8955,-3.1898,-4.3322,-5.9854,-7.7424,-8.8687,-9.5359,-8.8725,-7.4612,-6.2916,-4.8793,-3.7226,-3.0068,-2.2746,-1.7715,-1.469
3.0903,2.8053,2.402,1.9694,1.6369,1.1488,0.59212,0.096778,-0.69186,-1.6454,-2.7443,-3.6737,-4.9137,-6.1112,-6.867,-7.5359,-7.7569,-7.588,-7.0042,-6.0397,-4.8243,-3.8425,-2.5037,-1.1953,-0.2722,0.86238,1.8539,2.4956,3.2092,3.7517,4.1137,4.264,4.3019,4.1531,3.9192,3.4308,2.7281,1.7945,0.92505,-0.51678,-2.3485,-4.0735,-7.0483,-11.261,-15.683,-18.267,-13.212,-9.6393,-7.8997,-6.3064,-5.3024,-4.8462,-4.5507,-4.6113,-4.9108,-5.6538,-6.9285,-8.8204,-10.83,-14.615,-19.394,-19.272,-14.756,-11.323,-9.1009,-7.94,-6.8777,-6.2351,-6.005,-5.9478,-6.1646,-6.4773,-7.0791,-7.7935,-8.4535,-8.7947,-8.8787,-8.4649,-7.899,-6.9832,-6.0742,-5.4745,-4.8385,-4.4486,-4.333,-4.4214,-4.7997,-5.4138,-6.043,-7.0918,-8.3229,-9.7371,-10.77,-12.024,-12.809,-12.88,-12.466,-11.496,-10.593,-9.248,-7.9455,-6.774,-6.0209,-5.2421,-4.7405,-4.5685,-4.6064,-4.939,-5.3178,-5.9162,-6.3711,-6.4659,-6.2252,-5.6587,-5.0201,-4.591,-4.1737,-3.9663,-3.9375,-3.9883,-4.1546,-4.2894,-4.3661,-4.3695,-4.2816,-4.1899,-4.0757,-4.0512,-4.159,-4.3586,-4.8841,-5.6926,-6.5376,-7.9726,-9.8094,-11.578,-14.575,-19.517,-28.027,-21.39,-14.169,-9.9467,-7.766,-5.7483,-4.5119,-3.914,-3.931,-4.4462,-5.6177,-6.8652,-8.4017,-8.2683,-6.7966,-4.3004,-2.1126,-0.3962,0.58334,1.5917,2.2669,2.5896,2.8206,2.8234,2.7214,2.4577,2.1336,1.8689,1.7168,1.7581,2.025,2.3547,2.8614,3.3643,3.7547,3.9604,4.0781,4.0042,3.84,3.4566,2.9161,2.4231,1.7033,0.94768,0.19771,-0.31909,-0.93704,-1.5136,-1.8718,-2.335,-2.6673,-2.8092,-2.7943,-2.5589,-2.1426,-1.7668,-1.2635,-0.81884,-0.57649,-0.38832,-0.38854,-0.58615
0.51678,-0.062914,-0.70664,-1.0571,-1.1167,-1.0524,-0.88662,-0.89243,-0.99644,-1.3751,-2.023,-2.7073,-3.877,-5.3102,-6.4801,-8.037,-8.9213,-8.7593,-7.444,-5.5667,-3.6851,-2.3878,-0.84008,0.50456,1.385,2.4068,3.2677,3.8036,4.3877,4.8081,5.0661,5.1452,5.0927,4.8706,4.5813,4.0518,3.3441,2.4552,1.6677,0.4443,-1.0349,-2.3262,-4.3386,-6.5472,-7.9904,-8.5942,-7.3743,-5.5612,-4.3445,-3.0799,-2.2091,-1.7885,-1.5377,-1.5755,-1.8067,-2.3544,-3.1578,-4.1917,-5.0334,-6.1019,-6.8515,-7.0674,-6.8853,-6.38,-5.7676,-5.3566,-4.9421,-4.7153,-4.6977,-4.9161,-5.4584,-6.1378,-7.4482,-9.4279,-12.274,-14.936,-16.686,-13.458,-10.743,-7.9678,-6.0047,-4.9205,-3.9616,-3.4346,-3.2881,-3.4239,-3.8508,-4.6097,-5.2985,-6.4332,-7.6628,-8.8861,-9.7086,-10.728,-11.449,-11.877,-12.087,-11.753,-11.109,-9.717,-8.0333,-6.3009,-5.1339,-3.7906,-2.735,-2.1591,-1.6134,-1.331,-1.242,-1.2466,-1.3222,-1.434,-1.5251,-1.6731,-1.8687,-2.0872,-2.5013,-3.0621,-3.8321,-4.5201,-5.4961,-6.3919,-6.7862,-6.7713,-6.1721,-5.6241,-4.8006,-4.3247,-4.177,-4.3583,-4.955,-6.0931,-7.2724,-9.4331,-12.118,-14.211,-16.448,-16.899,-15.778,-14.002,-10.982,-8.0759,-6.1888,-4.3286,-3.1032,-2.5643,-2.5844,-3.3132,-4.9891,-7.0633,-10.93,-11.394,-7.8938,-3.7964,-0.98579,0.99407,2.0786,3.1532,3.9002,4.3115,4.7049,4.9873,5.1515,5.3318,5.509,5.6749,5.8249,6.0231,6.2309,6.3766,6.5393,6.6218,6.5975,6.487,6.1874,5.7048,5.1944,4.3266,3.2331,2.2819,0.92136,-0.40258,-1.3949,-1.7887,-1.812,-1.4665,-1.0826,-0.5902,-0.12695,0.1888,0.57881,0.93762,1.2741,1.4867,1.7082,1.8152,1.7975,1.6125,1.2074,0.52322
-3.6953,-5.6234,-8.2102,-8.797,-7.4459,-5.0241,-3.0473,-2.0141,-1.092,-0.71981,-0.86634,-1.3064,-2.4184,-4.2724,-6.3223,-10.883,-21.045,-18.929,-9.8012,-5.3825,-2.5611,-1.0168,0.58117,1.7903,2.5474,3.3902,4.0887,4.5286,5.0014,5.341,5.5287,5.5624,5.4467,5.1448,4.7877,4.1783,3.4482,2.6583,2.0616,1.313,0.65705,0.22959,-0.23696,-0.55058,-0.63378,-0.51756,-0.15349,0.37152,0.80391,1.3152,1.6984,1.883,1.9467,1.8241,1.6098,1.1692,0.61624,-0.05989,-0.61356,-1.3496,-2.0284,-2.4515,-2.8925,-3.19,-3.3273,-3.3523,-3.3017,-3.243,-3.2407,-3.3853,-3.7713,-4.3144,-5.3786,-6.9648,-9.1292,-10.826,-11.656,-9.7236,-7.6404,-5.3401,-3.5983,-2.6585,-1.8578,-1.4702,-1.4958,-1.7922,-2.5019,-3.685,-4.8247,-6.6499,-8.6943,-10.627,-11.718,-12.754,-13.547,-14.567,-16.6,-19.773,-19.445,-14.013,-9.2387,-5.799,-3.8315,-1.7562,-0.2281,0.63415,1.4595,1.9614,2.1581,2.2177,2.0747,1.7797,1.4636,0.93152,0.28608,-0.3017,-1.2218,-2.3745,-3.8899,-5.4207,-8.2472,-12.965,-18.504,-16.381,-10.155,-7.4679,-5.0002,-3.6024,-2.9124,-2.826,-3.1768,-4.1425,-5.3233,-7.624,-11.352,-15.615,-21.832,-15.466,-10.327,-7.6563,-4.9056,-2.6961,-1.3158,0.11619,1.1505,1.7525,1.994,1.9732,1.7204,1.4926,1.3315,1.5348,1.9558,2.7784,3.6314,4.3678,4.8022,5.1753,5.3953,5.4994,5.6211,5.8442,6.0911,6.549,7.0886,7.6108,8.0147,8.4407,8.7687,8.9287,9.0305,8.9787,8.7757,8.5049,7.9733,7.2261,6.473,5.1928,3.4888,1.8302,-1.0973,-5.3331,-10.909,-11.231,-6.6259,-3.2373,-1.6073,-0.02125,1.0693,1.6971,2.3348,2.8549,3.2724,3.5196,3.7451,3.8222,3.7737,3.5129,2.9939,2.1459
-6.2952,-8.6582,-12.395,-13.112,-10.317,-6.6094,-3.8261,-2.19,-0.70663,0.23846,0.66651,0.70781,0.36677,-0.35633,-1.045,-2.0315,-2.6433,-2.6111,-1.9629,-0.95176,-0.013847,0.56589,1.1524,1.5873,1.8449,2.1745,2.5537,2.8973,3.3862,3.8293,4.1247,4.2081,4.0999,3.6776,3.1597,2.1881,0.96309,-0.33615,-1.1613,-1.7371,-1.5198,-1.0086,-0.12546,0.73934,1.3343,2.044,2.6456,3.1294,3.418,3.6997,3.834,3.8401,3.7284,3.4586,3.1834,2.6875,2.0762,1.3755,0.75724,-0.17028,-1.2252,-2.0848,-3.2725,-4.3632,-5.105,-5.2563,-4.9277,-4.2756,-3.7366,-3.1589,-2.8031,-2.6736,-2.7178,-2.9146,-3.1207,-3.1975,-3.0533,-2.5809,-2.0849,-1.3162,-0.59833,-0.18333,0.18315,0.26255,-0.0020354,-0.43634,-1.4487,-2.9453,-4.5412,-7.4264,-11.891,-20.267,-31.231,-18.515,-14.645,-13.466,-13.117,-13.226,-12.222,-9.1962,-5.8643,-2.9832,-1.1986,0.69263,2.0969,2.8904,3.6075,3.9953,4.0646,3.922,3.4876,2.8134,2.1733,1.1927,0.13285,-0.64283,-1.6202,-2.5903,-3.5659,-4.4332,-5.7855,-7.1456,-7.8296,-7.3729,-5.6556,-4.2456,-2.7279,-1.528,-0.81485,-0.51708,-0.48687,-0.76148,-1.1822,-1.9127,-2.6408,-3.1143,-3.1901,-2.4866,-1.265,-0.19349,1.2642,2.5897,3.4648,4.4429,5.2028,5.73,6.0023,6.2318,6.3488,6.3943,6.4292,6.4938,6.5365,6.5848,6.5601,6.3594,6.085,5.4426,4.5188,3.6629,2.5798,2.1679,2.6145,3.985,5.5457,6.9412,7.7612,8.5839,9.1086,9.3321,9.423,9.315,9.0379,8.7214,8.1792,7.4674,6.8059,5.7034,4.2853,2.9743,0.82592,-1.6644,-3.7011,-4.0893,-3.0166,-1.5766,-0.65535,0.26267,0.88954,1.257,1.7219,2.2323,2.7609,3.1649,3.6325,3.9614,4.0917,4.0676,3.7977,3.292
-7.0088,-7.9636,-8.4125,-7.6682,-6.536,-4.6514,-2.6101,-1.3232,0.18405,1.3039,2.0885,2.4418,2.6819,2.7029,2.5849,2.37,2.1239,1.9508,1.7571,1.5007,1.1011,0.67716,-0.13432,-1.196,-2.1245,-3.1454,-3.2673,-2.6251,-1.2546,0.074983,1.0574,1.484,1.6155,1.2275,0.57599,-0.89118,-3.2551,-7.1272,-12.1,-19.269,-9.797,-5.8806,-2.5987,-0.41203,0.77671,1.9623,2.8013,3.3611,3.6093,3.7457,3.6764,3.4937,3.128,2.6539,2.2387,1.6648,1.01,0.28177,-0.33307,-1.379,-2.7912,-4.2114,-6.8324,-10.766,-16.714,-17.453,-11.806,-7.9768,-6.0989,-4.3917,-3.2783,-2.6765,-2.1394,-1.7775,-1.5047,-1.3192,-1.0382,-0.70852,-0.44711,-0.02135,0.36891,0.64016,0.91752,1.0023,0.85583,0.56713,-0.11066,-1.1451,-2.1595,-3.9018,-5.8784,-7.6044,-8.2943,-8.2324,-7.3742,-6.5667,-5.5819,-4.4903,-3.5219,-2.1429,-0.64676,0.83695,1.8612,3.0358,3.9562,4.4451,4.8311,4.8969,4.7334,4.203,3.3199,2.0305,0.7947,-1.2477,-3.5982,-5.2245,-6.4288,-6.0582,-5.0741,-4.3545,-3.6138,-3.0447,-2.6127,-2.0335,-1.3819,-0.83498,-0.23616,0.33126,0.74597,0.99642,1.2247,1.3705,1.4857,1.6124,1.8366,2.0972,2.5153,3.1307,3.8597,4.4509,5.259,6.005,6.4939,7.0588,7.4712,7.7676,7.8821,7.9792,7.9939,7.9656,7.904,7.8181,7.7398,7.5519,7.2368,6.7003,6.0577,4.8186,2.8297,0.53324,-4.7337,-19.334,-7.8392,-0.50091,3.2362,5.484,6.5726,7.5147,7.9563,8.0361,7.8649,7.4772,6.9561,6.5576,6.0765,5.6654,5.413,5.0326,4.5668,4.1425,3.4575,2.7208,2.0473,1.6048,1.0897,0.54765,0.12926,-0.71474,-1.72,-2.4514,-2.8553,-2.315,-1.0392,0.0099866,1.2573,2.1948,2.6655,3.0318,3.1139,2.9548
-12.05,-18.003,-20.569,-11.641,-7.9968,-4.569,-2.2255,-0.75641,0.7621,1.9286,2.786,3.2455,3.6582,3.8616,3.8825,3.7809,3.5195,3.2165,2.6606,1.8824,0.85993,-0.15419,-1.9646,-4.6328,-7.6089,-14.922,-21.591,-11.843,-6.3877,-3.4044,-1.6407,-0.84164,-0.35601,-0.4131,-0.80398,-1.7496,-3.1516,-4.7986,-5.8858,-6.4094,-5.4689,-4.2094,-2.4617,-0.90273,0.09454,1.1311,1.8633,2.293,2.4109,2.276,1.8326,1.3076,0.3637,-0.71761,-1.5141,-2.3341,-2.7132,-2.8567,-2.9419,-3.2163,-3.8818,-4.6945,-6.276,-8.2282,-9.8681,-10.067,-8.9336,-7.3023,-6.2565,-5.0961,-4.2777,-3.8522,-3.3968,-3.0675,-2.8435,-2.7056,-2.5564,-2.3801,-2.1618,-1.7932,-1.2642,-0.79787,-0.187,0.34651,0.71595,0.83044,0.80941,0.51777,0.16126,-0.40864,-1.0478,-1.6197,-1.9432,-2.1196,-2.0171,-1.8279,-1.3297,-0.60084,0.0073992,0.94095,1.929,2.8946,3.5645,4.3251,4.8916,5.1624,5.2944,5.1235,4.7957,4.0369,2.8916,1.2745,-0.34179,-3.2365,-7.507,-12.453,-17.501,-10.682,-6.627,-4.7106,-2.996,-1.8893,-1.2637,-0.6578,-0.2632,-0.048009,0.17166,0.21868,0.262,0.26901,0.40401,0.68797,1.0477,1.6927,2.431,3.0719,3.9276,4.7462,5.524,6.0579,6.6785,7.1789,7.4542,7.686,7.755,7.6783,7.5369,7.2446,6.9071,6.6724,6.4453,6.3214,6.3095,6.3411,6.3319,6.2153,5.9828,5.4619,4.6819,3.9825,3.1272,2.7774,3.0595,3.9966,5.0797,5.9373,6.4069,6.6226,6.4258,5.9792,5.0016,3.5933,1.8918,0.70654,-0.11948,0.33779,1.1425,2.2559,3.0874,3.4716,3.7144,3.6744,3.3594,2.9655,2.1699,1.057,-0.12377,-2.3326,-5.7676,-10.031,-27.612,-12.763,-6.3866,-3.7839,-1.5422,-0.1439,0.54141,1.058,1.2228,1.0614
-6.1812,-7.0033,-7.0388,-5.8087,-4.472,-2.744,-1.1692,-0.17707,0.909,1.795,2.4682,2.879,3.2509,3.4439,3.4974,3.3906,3.1017,2.7574,2.1025,1.2561,0.19042,-0.7495,-2.1587,-3.6891,-4.7801,-5.8914,-6.1641,-5.7424,-4.613,-3.382,-2.3744,-1.8338,-1.4087,-1.364,-1.5657,-2.0757,-2.7759,-3.5344,-4.0073,-4.3392,-4.2397,-3.848,-3.0271,-2.0344,-1.2885,-0.39326,0.26454,0.59786,0.61325,0.2697,-0.56535,-1.5721,-3.5593,-6.6295,-9.8473,-14.387,-12.086,-8.2412,-6.4015,-4.9093,-4.1994,-4.0463,-4.1699,-4.5516,-4.9877,-5.2812,-5.6075,-5.8879,-6.103,-6.3807,-6.5772,-6.662,-6.6254,-6.5131,-6.4819,-6.5995,-7.0067,-7.5946,-7.9192,-7.7572,-6.4935,-5.1555,-3.3422,-1.7745,-0.58176,0.073591,0.63666,0.90431,0.92222,0.76548,0.43204,-0.023764,-0.41466,-0.89479,-1.2907,-1.4343,-1.3022,-0.81252,-0.22217,0.77776,1.845,2.8559,3.519,4.23,4.7093,4.9105,4.9462,4.7184,4.3594,3.6658,2.7,1.4922,0.44237,-1.0413,-2.511,-3.3929,-4.0197,-3.8721,-3.2301,-2.6906,-1.9831,-1.4314,-1.1742,-0.96886,-0.96663,-1.1439,-1.5329,-2.2057,-3.1079,-3.8652,-4.6562,-4.5673,-3.7811,-2.0336,-0.15708,1.1309,2.6783,3.9456,4.9711,5.5855,6.1911,6.5759,6.7198,6.6777,6.3902,5.8026,5.1948,4.1226,2.8485,1.9047,1.0022,0.96311,1.4709,2.5401,3.6147,4.4811,4.9958,5.4334,5.6904,5.8052,5.9061,6.0276,6.153,6.3273,6.4518,6.483,6.346,5.9199,5.1438,4.2668,2.5976,0.08006,-3.8701,-8.8198,-18.089,-7.5634,-3.5966,-0.46668,1.442,2.3727,3.1486,3.4978,3.4809,3.2574,2.68,1.7911,0.85109,-0.58966,-2.242,-3.4519,-4.5038,-4.618,-3.9627,-3.313,-2.5171,-1.8818,-1.5606,-1.3696,-1.4672,-1.882
-1.0398,-1.1885,-1.1961,-1.028,-0.80409,-0.37541,0.095374,0.38842,0.85319,1.2857,1.7214,2.0182,2.362,2.5962,2.6712,2.6018,2.3258,1.978,1.3166,0.43541,-0.65248,-1.5489,-2.7688,-3.8701,-4.478,-4.8616,-4.7247,-4.3494,-3.6404,-2.8681,-2.1556,-1.7634,-1.4841,-1.538,-1.8015,-2.4742,-3.5038,-4.9051,-6.1527,-7.7982,-8.6173,-8.1648,-6.4607,-4.4886,-3.1913,-1.7822,-0.79369,-0.21795,-0.060269,-0.20689,-0.80723,-1.5949,-3.1182,-5.1615,-6.9415,-8.5538,-7.8812,-6.008,-4.6859,-3.3433,-2.5197,-2.1923,-2.0634,-2.2705,-2.7726,-3.3499,-4.3811,-5.803,-7.1533,-9.4818,-12.008,-13.056,-12.465,-10.909,-9.8378,-9.6783,-10.465,-12.936,-17.234,-33.603,-14.318,-9.3744,-5.3593,-2.7144,-0.8848,0.098638,0.96915,1.4685,1.6126,1.4886,1.0614,0.30415,-0.49155,-1.9271,-3.768,-5.2094,-6.4676,-5.5595,-3.7835,-1.3493,0.71792,2.3116,3.2224,4.1134,4.6525,4.8382,4.8185,4.5249,4.1358,3.4313,2.5675,1.6189,0.91498,0.038954,-0.66154,-1.0595,-1.3628,-1.4665,-1.4404,-1.3883,-1.3432,-1.319,-1.3754,-1.5595,-1.872,-2.2353,-3.0753,-4.2719,-6.279,-8.6368,-14.844,-26.165,-12.958,-6.2916,-2.4732,-0.4644,1.6131,3.1548,4.3149,4.9709,5.5888,5.922,5.9873,5.8115,5.2872,4.3608,3.3141,1.3592,-1.6233,-5.1038,-14.922,-13.28,-6.2483,-1.585,1.1938,3.0555,4.088,5.1311,5.8884,6.313,6.7283,7.0027,7.1204,7.1658,7.0869,6.8557,6.5296,5.9576,5.1531,4.4055,3.2057,1.8313,0.45814,-0.38411,-0.89073,-0.51263,0.187,1.2944,2.3204,2.9733,3.6127,3.9882,4.1166,4.035,3.7279,3.166,2.6139,1.7284,0.72739,-0.034115,-1.0445,-1.953,-2.6977,-3.1418,-3.5269,-3.6615,-3.6579,-3.5739,-3.6301,-3.9532
2.1298,2.025,1.8282,1.5892,1.3559,0.97036,0.45934,0.13115,-0.20412,-0.23089,0.14519,0.58799,1.2854,1.8941,2.183,2.3514,2.2056,1.8809,1.1677,0.084944,-1.3661,-2.7373,-4.9411,-7.3886,-8.9244,-9.2449,-7.5584,-5.9065,-3.9448,-2.3904,-1.2607,-0.66581,-0.24392,-0.20708,-0.44903,-1.1955,-2.5097,-4.5423,-6.7939,-11.605,-19.348,-15.139,-8.6218,-4.9247,-3.0228,-1.237,-0.026502,0.76703,1.127,1.3274,1.263,1.0792,0.67862,0.22151,-0.068485,-0.30257,-0.24354,0.07288,0.3918,0.79936,1.1061,1.2206,1.167,0.8793,0.29714,-0.35319,-1.5839,-3.3221,-5.0998,-8.3382,-12.802,-15.454,-13.018,-9.6747,-7.6237,-6.7771,-6.3044,-6.3016,-6.326,-5.8758,-4.5733,-3.2735,-1.4559,0.17448,1.4888,2.2487,2.9841,3.3932,3.5023,3.3746,2.9099,2.0586,1.1364,-0.66855,-3.3775,-6.2952,-10.669,-7.9949,-4.2659,-0.59701,1.8975,3.6326,4.5659,5.4011,5.8278,5.9029,5.6977,5.1473,4.5383,3.449,2.1325,0.73005,-0.2357,-1.1857,-1.5606,-1.5249,-1.2655,-1.0148,-0.90469,-0.91098,-1.1177,-1.5009,-1.8016,-2.2176,-2.5412,-2.6633,-2.7929,-3.067,-3.4954,-3.9092,-4.271,-3.9876,-3.1975,-1.5863,0.14854,1.3254,2.688,3.823,4.726,5.273,5.8491,6.2043,6.304,6.2227,5.8341,5.1333,4.3905,3.0589,1.473,0.23655,-0.98777,-1.0635,-0.39399,1.0062,2.4769,3.8133,4.6693,5.6828,6.4913,6.9782,7.4802,7.7976,7.9205,7.9465,7.8072,7.4708,7.141,6.558,5.8363,5.2344,4.3946,3.6114,2.9617,2.6121,2.4265,2.5708,2.8295,3.3521,3.9457,4.3834,4.908,5.3034,5.5288,5.5721,5.4443,5.0943,4.7212,3.9734,2.9885,2.0815,0.58924,-1.2518,-3.5456,-5.5199,-7.8706,-8.3478,-7.3019,-5.6047,-4.3869,-3.8474
3.8422,3.7631,3.491,2.9897,2.4106,1.2184,-0.58307,-2.3782,-5.5955,-7.7242,-5.542,-3.0525,-0.52863,1.1321,1.9341,2.4925,2.561,2.3106,1.6101,0.50098,-1.0829,-2.6305,-5.3863,-9.2688,-13.17,-13.759,-8.6837,-5.7873,-2.9682,-0.95539,0.45808,1.2051,1.8602,2.135,2.0984,1.7446,1.0511,0.078453,-0.75415,-1.7686,-2.3353,-2.302,-1.6693,-0.72125,-0.0014038,0.88226,1.6364,2.235,2.5884,2.9291,3.1413,3.2345,3.2933,3.2924,3.3097,3.3677,3.4661,3.6471,3.8203,4.0419,4.2283,4.3128,4.3043,4.1353,3.7778,3.3724,2.6317,1.6886,0.89324,-0.20472,-1.1417,-1.5491,-1.6726,-1.3844,-0.95514,-0.61272,-0.20911,0.16209,0.48889,0.98848,1.5984,2.1377,2.9244,3.6838,4.3566,4.7915,5.2555,5.5301,5.6198,5.6012,5.3817,4.9826,4.5636,3.9021,3.2104,2.8017,2.6081,2.9947,3.6445,4.695,5.7359,6.6218,7.1289,7.5431,7.6527,7.5265,7.0518,6.1862,5.2381,3.5216,1.103,-2.3494,-5.9044,-10.604,-7.9768,-5.0151,-2.4869,-1.121,-0.59097,-0.67177,-1.3371,-2.6943,-4.0988,-5.9877,-6.5237,-5.5693,-3.4908,-1.8016,-0.54736,0.13751,0.86369,1.4937,1.9078,2.4139,2.9073,3.2575,3.6504,4.1084,4.6271,5.0707,5.6894,6.2574,6.5899,6.8349,6.8405,6.5652,6.2025,5.5399,4.7345,4.1109,3.3762,2.8854,2.7551,2.8686,3.3611,4.1233,4.7972,5.7004,6.5329,7.0628,7.6027,7.9514,8.0854,8.0808,7.8595,7.4464,7.0441,6.3091,5.426,4.6781,3.6339,2.6367,1.8377,1.4942,1.4494,1.8269,2.3299,3.1292,3.9995,4.6196,5.3725,6.0033,6.4691,6.7118,6.8465,6.7776,6.5574,6.0374,5.2163,4.3575,2.8646,0.81173,-2.0528,-4.9587,-9.7834,-10.337,-7.3253,-4.2,-2.3171,-1.3864
2.4678,2.6941,2.8696,2.7185,2.3423,1.3725,-0.18016,-1.844,-4.6313,-6.3315,-4.6827,-2.707,-0.53205,0.89615,1.5575,1.9533,1.8952,1.5993,0.89685,-0.07678,-1.2239,-2.1242,-3.2755,-4.1843,-4.5373,-4.3634,-3.4817,-2.5176,-1.1437,0.16303,1.2892,1.9634,2.6438,3.0461,3.1734,3.1436,2.9124,2.5068,2.1373,1.6138,1.1318,0.8212,0.48783,0.28015,0.2059,0.24861,0.46887,0.83431,1.1622,1.6185,1.9961,2.1917,2.3627,2.4485,2.4747,2.5592,2.7345,3.0116,3.2896,3.7341,4.1679,4.4519,4.7477,4.8904,4.8843,4.7776,4.532,4.177,3.872,3.4599,3.0805,2.8446,2.6249,2.509,2.4579,2.4461,2.4627,2.5227,2.5958,2.7552,2.9863,3.2157,3.564,3.9321,4.2951,4.5412,4.8129,5.0352,5.1533,5.2479,5.3,5.3178,5.3017,5.3123,5.3684,5.451,5.6707,6.019,6.3305,6.7864,7.2399,7.6154,7.8091,7.9252,7.8392,7.6195,7.0925,6.2742,5.4241,3.9425,2.0108,-0.40305,-2.3495,-4.1015,-3.6089,-2.3979,-0.92147,0.027267,0.31735,0.065071,-0.90537,-2.7735,-5.0309,-9.4706,-11.343,-7.7866,-3.4853,-0.74333,1.0428,1.9765,2.757,3.1428,3.2217,3.0012,2.4068,1.7528,0.69126,-0.25177,-0.24926,0.54599,2.0989,3.6397,4.5934,5.4755,5.9493,6.0219,5.8113,5.2675,4.3723,3.503,2.1002,0.44754,-0.77644,-1.8805,-1.6748,-0.27746,1.025,2.5964,3.881,4.6114,5.2937,5.6897,5.8061,5.7311,5.4239,4.9254,4.3539,3.3834,2.1393,0.96693,-0.96088,-3.3888,-6.0706,-7.4494,-6.9903,-4.7849,-3.0408,-1.0576,0.58593,1.653,2.8783,3.9293,4.8194,5.3577,5.9097,6.241,6.3082,6.2226,5.8808,5.461,4.6844,3.6967,2.5832,1.784,0.95956,0.59755,0.63014,0.93123,1.2335,1.4009
-2.0208,-0.42699,1.1395,2.0683,2.4031,2.4422,2.2011,1.8853,1.4179,1.1464,1.1246,1.2392,1.4468,1.5656,1.5007,1.1747,0.54145,-0.090415,-1.1886,-2.5129,-3.895,-4.8294,-5.7364,-6.0223,-5.7364,-4.9322,-3.8152,-2.8667,-1.5594,-0.36569,0.6694,1.3344,2.0247,2.496,2.709,2.8071,2.7037,2.4082,2.0629,1.4343,0.61478,-0.13239,-1.3475,-2.755,-3.8523,-5.0327,-5.2648,-4.42,-3.4795,-2.2922,-1.4507,-1.1038,-1.0096,-1.2784,-1.6937,-2.2354,-2.3644,-1.8271,-1.0491,0.24283,1.4384,2.1808,2.9649,3.4922,3.7907,3.8973,3.9239,3.8448,3.7325,3.5641,3.3721,3.2002,2.9632,2.686,2.3742,2.0969,1.6985,1.2903,0.98899,0.68761,0.5707,0.60303,0.76836,1.0362,1.3294,1.5008,1.6615,1.8076,1.8974,2.0137,2.2219,2.5179,2.7772,3.2051,3.6797,4.0359,4.5259,5.0082,5.3222,5.7165,6.0506,6.2945,6.3971,6.4496,6.3686,6.2107,5.8809,5.4162,4.976,4.2802,3.5071,2.7535,2.2797,1.8819,1.7688,1.8557,2.0493,2.2188,2.2345,2.0924,1.7201,1.1881,0.76111,0.36285,0.40545,0.75834,1.5952,2.4804,3.212,3.6288,3.8946,3.8185,3.5299,2.7389,1.32,-0.31595,-3.7159,-10.473,-17.394,-7.8601,-2.211,0.90472,2.4402,3.7683,4.4721,4.6743,4.5185,3.9345,2.8866,1.7471,-0.35875,-3.5054,-7.1407,-16.383,-13.939,-6.5258,-3.5918,-1.1275,0.41609,1.1646,1.7596,1.976,1.9374,1.6639,1.2182,0.64894,0.041468,-0.88039,-2.0701,-3.2495,-5.3027,-8.2337,-12.389,-15.532,-14.176,-10.349,-8.2595,-6.1665,-4.562,-3.3965,-1.831,-0.27925,1.18,2.132,3.2211,4.0332,4.4734,4.8606,5.0189,5.0166,4.8596,4.5858,4.2493,3.9975,3.6988,3.4811,3.3731,3.2637,3.1362,2.9618
-2.9355,-0.77604,1.2089,2.4806,3.0744,3.5157,3.6372,3.5695,3.3812,3.0951,2.7508,2.4729,2.034,1.4688,0.91441,0.013508,-1.1686,-2.2899,-4.1366,-6.4545,-9.5405,-12.497,-16.65,-16.078,-13.205,-9.7778,-7.1472,-5.5459,-3.7547,-2.2856,-1.0865,-0.3507,0.41848,0.96234,1.228,1.3862,1.3288,1.0604,0.70911,0.013227,-0.98669,-2.0092,-3.8428,-6.5637,-9.6362,-17.552,-22.672,-11.735,-8.2637,-5.6549,-4.2852,-3.8495,-4.0591,-5.1974,-6.8581,-10.978,-19.609,-13.53,-8.3892,-4.3707,-1.8627,-0.6041,0.50139,1.1477,1.4538,1.5357,1.4978,1.4018,1.3343,1.2779,1.2374,1.1962,1.0547,0.75498,0.23752,-0.32663,-1.3459,-2.6641,-3.7828,-5.1657,-5.8858,-5.7823,-5.0509,-4.2078,-3.6216,-3.4137,-3.4407,-3.7314,-3.991,-4.2235,-4.0726,-3.449,-2.703,-1.6418,-0.59324,0.14289,1.0124,1.726,2.1734,2.6563,3.0002,3.2178,3.3125,3.3623,3.3442,3.2908,3.1818,3.0312,2.9205,2.7676,2.6284,2.5369,2.5125,2.5519,2.6669,2.7889,2.9867,3.1633,3.308,3.4028,3.4625,3.4968,3.5371,3.6334,3.8108,3.9883,4.2457,4.551,4.7704,4.8412,4.8084,4.5522,4.1936,3.5091,2.5642,1.7136,0.49644,-0.47855,-0.69645,-0.28558,0.72564,1.8549,2.5861,3.3157,3.6926,3.753,3.5993,3.0583,2.215,1.3817,0.0008082,-1.5527,-2.6635,-3.7631,-4.0471,-3.6103,-3.0113,-2.3061,-1.8602,-1.7271,-1.8223,-2.2799,-2.8106,-3.6602,-4.5059,-5.2635,-5.6747,-5.9393,-6.2238,-6.4801,-7.0117,-7.8047,-8.6352,-9.122,-9.6313,-10.129,-10.593,-11.519,-12.288,-11.835,-9.2647,-6.1275,-3.4859,-1.8404,-0.13958,1.1311,1.8756,2.5691,3.0171,3.2223,3.3745,3.4143,3.3905,3.3464,3.2695,3.1981,3.1594,3.1071,3.0424,2.9127
2.0586,2.5643,3.2152,3.6929,3.9184,4.0229,3.8907,3.6743,3.2646,2.7207,2.0949,1.5772,0.8141,-0.046789,-0.75978,-1.8577,-3.1895,-4.4202,-6.3611,-8.7587,-11.691,-14.157,-17.025,-16.97,-15.204,-12.521,-10.043,-8.413,-6.5429,-4.9911,-3.7058,-2.955,-2.1643,-1.6228,-1.3651,-1.1885,-1.1892,-1.3521,-1.5736,-2.0113,-2.6286,-3.2308,-4.2017,-5.4032,-6.3287,-7.2741,-7.443,-6.724,-5.9114,-4.8896,-4.1993,-3.9745,-4.1019,-4.7406,-5.5178,-6.7593,-7.4754,-6.8327,-5.6809,-4.0037,-2.6859,-1.9938,-1.5053,-1.4735,-1.8368,-2.3296,-3.1367,-3.8331,-4.0541,-3.8659,-3.2781,-2.7785,-2.3025,-2.1737,-2.5197,-3.1277,-4.5465,-6.8915,-9.61,-15.929,-40.313,-18.042,-11.918,-9.3122,-8.3044,-8.2357,-8.9764,-10.796,-12.956,-16.605,-17.635,-13.971,-11.306,-8.586,-6.5456,-5.338,-4.0377,-3.0616,-2.4833,-1.9813,-1.7292,-1.6614,-1.676,-1.7764,-1.8569,-1.8641,-1.8172,-1.7103,-1.5966,-1.382,-1.0888,-0.72043,-0.39697,0.074282,0.59203,0.97327,1.4711,1.9233,2.3227,2.5922,2.9163,3.2068,3.4152,3.6912,3.9674,4.1765,4.409,4.5909,4.7065,4.7109,4.6143,4.3849,4.1184,3.6549,3.1249,2.7222,2.2343,1.8522,1.6856,1.712,1.9108,2.2016,2.4122,2.629,2.7133,2.598,2.3648,1.8692,1.1516,0.50823,-0.4373,-1.3999,-2.0717,-2.7892,-3.3004,-3.6048,-3.7631,-3.9491,-4.2666,-4.6851,-5.6037,-6.9876,-8.4174,-10.922,-14.147,-16.853,-16.116,-13.7,-11.522,-10.322,-9.2981,-8.7281,-8.5829,-8.7117,-9.2221,-10.236,-11.445,-14.098,-17.918,-18.847,-13.91,-9.5626,-6.5229,-4.8664,-3.1639,-1.9324,-1.2828,-0.64016,-0.21722,-0.026747,0.12171,0.17861,0.1889,0.18919,0.2188,0.28984,0.37039,0.52285,0.70604,0.86676
4.7873,4.8602,4.9003,4.8166,4.6438,4.2478,3.6687,3.1188,2.2123,1.1905,0.11712,-0.67772,-1.6513,-2.5075,-3.0869,-3.9352,-4.9294,-5.8231,-7.2671,-9.0392,-10.992,-12.56,-14.428,-15.54,-15.558,-14.398,-12.47,-10.884,-8.9553,-7.3566,-6.1386,-5.44,-4.8119,-4.4659,-4.3575,-4.3543,-4.4361,-4.5351,-4.5843,-4.6031,-4.5972,-4.5755,-4.5845,-4.5882,-4.5771,-4.4618,-4.2267,-3.8531,-3.5242,-3.0633,-2.672,-2.4706,-2.3146,-2.2963,-2.3393,-2.4,-2.3915,-2.2321,-2.0531,-1.8162,-1.7133,-1.7882,-2.176,-3.0112,-4.4415,-6.0546,-9.2652,-14.689,-18.904,-13.528,-8.7798,-6.5981,-4.7493,-3.7586,-3.4364,-3.5874,-4.2549,-5.4005,-6.4834,-7.9598,-8.8825,-9.0012,-8.6287,-8.3013,-8.4036,-8.8981,-10.185,-12.228,-14.266,-17.282,-18.471,-17.033,-15.331,-13.381,-11.591,-10.307,-8.8019,-7.6249,-7.0479,-6.6961,-6.8129,-7.3575,-7.9828,-8.835,-9.3651,-9.3763,-8.985,-8.4236,-8.0743,-7.6418,-7.1037,-6.3109,-5.5307,-4.3517,-3.1707,-2.3491,-1.4166,-0.64146,-0.025634,0.34283,0.79653,1.2283,1.5481,1.9941,2.4485,2.7823,3.2065,3.5055,3.69,3.7474,3.6675,3.4393,3.1814,2.7201,2.1752,1.7402,1.2136,0.82157,0.59103,0.55755,0.68446,0.9163,1.1084,1.3044,1.3807,1.247,0.97421,0.42429,-0.38988,-1.1652,-2.3496,-3.621,-4.5552,-5.5528,-6.0957,-6.2156,-6.2269,-6.2487,-6.4929,-6.9216,-7.9285,-9.501,-11.098,-13.93,-17.512,-20.562,-19.874,-16.607,-13.684,-11.992,-10.223,-8.9423,-8.1218,-7.7972,-7.652,-7.7889,-8.0494,-8.4527,-8.6618,-8.5467,-7.9968,-7.1354,-6.232,-5.6277,-4.9794,-4.5322,-4.3155,-4.1196,-4.0582,-4.082,-4.2295,-4.454,-4.7142,-4.8726,-4.9458,-4.7901,-4.5122,-3.9543,-3.277,-2.5467
6.2245,6.199,6.0157,5.6513,5.2291,4.4414,3.3813,2.3717,0.69541,-1.3308,-3.6128,-5.2623,-6.7132,-6.9347,-6.6589,-6.2901,-6.259,-6.527,-7.364,-8.726,-10.716,-12.738,-16.679,-24.363,-42.479,-20.889,-15.104,-12.532,-10.201,-8.5895,-7.5992,-7.1533,-6.9599,-7.1618,-7.5427,-8.2912,-9.107,-9.6134,-9.5751,-8.9446,-7.9501,-7.1662,-6.2214,-5.3808,-4.8373,-4.2056,-3.6153,-3.0546,-2.6438,-2.1179,-1.6262,-1.2888,-0.90222,-0.58687,-0.39897,-0.20141,-0.075044,-0.027041,-0.039706,-0.17264,-0.44463,-0.78974,-1.4602,-2.4178,-3.7222,-4.9364,-6.843,-8.655,-9.2393,-8.3555,-6.485,-5.1152,-3.65,-2.6565,-2.0758,-1.8959,-1.9309,-2.225,-2.5434,-3.0459,-3.5609,-3.9169,-4.3889,-4.9417,-5.6502,-6.3524,-7.5375,-9.0169,-10.275,-12.049,-14.026,-16.275,-18.264,-20.081,-18.069,-15.32,-12.433,-10.522,-9.7453,-9.4529,-10.07,-11.787,-14.089,-19.364,-26.962,-22.139,-17.094,-15.13,-14.848,-15.754,-17.196,-15.965,-13.28,-9.8212,-7.2516,-5.8081,-4.4405,-3.5589,-3.0423,-2.8174,-2.6256,-2.3538,-1.9992,-1.2947,-0.40735,0.28479,1.1422,1.8296,2.2644,2.4271,2.4081,2.1136,1.7163,0.973,-0.010315,-0.86974,-2.0891,-3.0989,-3.5752,-3.4554,-2.7896,-1.859,-1.1755,-0.45205,-0.032651,0.068029,-0.07736,-0.63994,-1.6195,-2.6895,-4.6612,-7.4188,-10.074,-13.97,-14.194,-11.308,-9.4918,-8.0257,-7.4255,-7.4293,-7.97,-9.0883,-10.247,-12.113,-14.112,-15.626,-15.782,-14.83,-12.916,-11.3,-9.3367,-7.7387,-6.5302,-5.8646,-5.2865,-5.0011,-4.9379,-4.9751,-5.1366,-5.2678,-5.5,-5.7856,-6.1453,-6.4365,-6.9405,-7.4554,-7.7526,-8.1602,-8.5473,-8.8551,-9.4059,-10.201,-11.268,-12.189,-13.294,-13.468,-12.621,-10.737,-8.6961,-6.8604
6.4882,6.4877,6.2974,5.8721,5.3816,4.471,3.1907,1.9276,-0.22927,-3.2078,-7.6191,-13.005,-26.238,-13.658,-9.9629,-7.4296,-6.272,-5.9776,-6.1338,-6.8249,-7.957,-9.039,-10.653,-12.028,-12.516,-12.107,-11.027,-10.129,-9.0921,-8.411,-8.0783,-8.1177,-8.5216,-9.4514,-10.582,-12.948,-16.936,-24.04,-24.094,-16.822,-12.67,-10.65,-8.709,-7.3676,-6.5839,-5.7418,-5.002,-4.2973,-3.7586,-3.0259,-2.2859,-1.738,-1.0641,-0.47007,-0.093671,0.29067,0.54325,0.63469,0.59929,0.41312,0.064776,-0.29924,-0.92089,-1.6448,-2.4065,-2.9564,-3.5512,-3.8456,-3.8319,-3.4717,-2.8193,-2.2405,-1.4656,-0.79956,-0.31425,-0.075021,0.06273,0.014151,-0.13547,-0.44361,-0.85785,-1.2229,-1.8009,-2.4696,-3.256,-3.9209,-4.9327,-6.1097,-7.1377,-8.7562,-10.733,-13.304,-15.565,-17.821,-16.261,-13.918,-11.322,-9.6237,-8.9005,-8.5933,-9.0241,-10.159,-11.406,-13.305,-14.627,-14.744,-14.266,-14.15,-14.629,-16.252,-18.385,-17.366,-14.535,-11.085,-8.648,-7.4071,-6.3695,-6.0234,-6.3322,-6.9876,-8.4822,-10.167,-10.352,-8.2447,-5.3512,-3.5009,-1.6197,-0.28325,0.54055,0.83691,0.88175,0.50718,-0.051525,-1.1795,-2.8277,-4.4839,-7.584,-12.584,-18.784,-14.742,-9.047,-5.6073,-3.8631,-2.2532,-1.2694,-0.77558,-0.69261,-0.9947,-1.7633,-2.6601,-4.3528,-6.7236,-8.9549,-11.829,-11.984,-9.7531,-8.1614,-6.7087,-5.9795,-5.8705,-6.256,-7.2282,-8.4011,-10.688,-14.273,-21.065,-40.668,-19.651,-13.154,-10.304,-7.6314,-5.7516,-4.4358,-3.7307,-3.1315,-2.8592,-2.8319,-3.0242,-3.4584,-3.944,-4.7982,-5.9426,-7.4137,-8.7548,-10.805,-12.895,-14.105,-14.825,-14.713,-14.627,-14.844,-15.782,-17.637,-19.961,-25.581,-35.969,-25.231,-18.164,-13.984,-11
5.4365,5.5385,5.4903,5.205,4.8375,4.1249,3.1301,2.198,0.72242,-1.0127,-2.8681,-4.1178,-5.1886,-5.3696,-5.0905,-4.5975,-4.2323,-4.1376,-4.2305,-4.5756,-5.1286,-5.6332,-6.3266,-6.9782,-7.3862,-7.7627,-8.0025,-8.1222,-8.2373,-8.422,-8.6714,-8.9577,-9.508,-10.331,-11.188,-12.656,-14.388,-15.677,-15.707,-14.435,-12.762,-11.682,-10.605,-9.9208,-9.6042,-9.2809,-8.947,-8.3937,-7.7606,-6.656,-5.3824,-4.4161,-3.2113,-2.1839,-1.5419,-0.88356,-0.45608,-0.25148,-0.25997,-0.46625,-0.91651,-1.3847,-2.163,-3.0569,-3.9264,-4.4455,-4.7875,-4.6387,-4.2302,-3.4181,-2.4831,-1.7881,-0.94335,-0.23681,0.28124,0.54299,0.71626,0.70225,0.56888,0.25305,-0.19672,-0.61699,-1.2453,-1.9254,-2.6312,-3.1564,-3.8516,-4.5341,-5.0562,-5.7868,-6.5333,-7.2062,-7.6065,-7.8256,-7.6261,-7.2562,-6.6599,-6.1509,-5.892,-5.7833,-5.9516,-6.3522,-6.7602,-7.3337,-7.8601,-8.1983,-8.575,-8.9062,-9.1652,-9.4411,-9.5153,-9.2401,-8.8157,-8.0897,-7.3983,-7.0145,-6.7683,-6.9452,-7.6886,-8.7603,-11.095,-14.563,-15.657,-11.741,-7.5571,-5.2898,-3.1124,-1.6906,-0.86691,-0.58931,-0.6329,-1.0998,-1.705,-2.8534,-4.3613,-5.7289,-7.7461,-9.6972,-10.564,-9.9392,-7.9733,-5.8377,-4.4652,-3.002,-1.9604,-1.3295,-1.1139,-1.0822,-1.3483,-1.7035,-2.34,-3.0631,-3.5637,-4.0322,-4.1472,-3.9412,-3.6673,-3.3085,-3.0915,-3.0965,-3.3696,-3.9745,-4.6458,-5.8007,-7.1313,-8.2517,-8.5443,-7.9673,-6.6175,-5.4784,-4.0878,-2.9964,-2.2053,-1.8194,-1.5437,-1.5348,-1.7009,-2.1572,-2.8678,-3.6059,-4.8664,-6.532,-8.7149,-10.878,-14.79,-21.114,-30.722,-26.854,-20.614,-18.805,-18.018,-18.36,-19.461,-20.524,-21.832,-22.008,-21.023,-18.732,-16.068,-13.631
3.8098,4.0627,4.2112,4.1528,3.9777,3.5708,3.0046,2.4928,1.6975,0.84297,0.011329,-0.5475,-1.1647,-1.5904,-1.8116,-2.0134,-2.1846,-2.3194,-2.5726,-2.9126,-3.3654,-3.7718,-4.4073,-5.1343,-5.7266,-6.5887,-7.4908,-8.1925,-9.1203,-9.8652,-10.387,-10.567,-10.683,-10.746,-10.834,-10.989,-11.198,-11.373,-11.429,-11.44,-11.427,-11.496,-11.816,-12.452,-13.231,-14.722,-16.615,-17.622,-16.446,-13.285,-10.169,-8.2044,-6.0588,-4.3964,-3.4392,-2.4687,-1.8467,-1.5449,-1.5235,-1.7829,-2.3806,-3.0828,-4.3809,-6.2008,-8.6278,-10.704,-12.41,-10.781,-8.5669,-5.8931,-3.8057,-2.5632,-1.2825,-0.35733,0.26749,0.54785,0.69921,0.60555,0.39185,-0.088092,-0.76854,-1.3883,-2.2998,-3.2296,-4.0331,-4.4793,-4.7988,-4.8466,-4.7504,-4.5348,-4.3151,-4.0951,-3.9539,-3.7384,-3.5037,-3.3344,-3.1258,-2.986,-2.9381,-2.9752,-3.1147,-3.3489,-3.574,-3.9268,-4.2924,-4.5653,-4.9243,-5.2672,-5.5164,-5.8272,-6.0779,-6.2621,-6.3568,-6.4416,-6.4723,-6.468,-6.4732,-6.4813,-6.5338,-6.6168,-6.649,-6.4917,-6.0973,-5.1916,-4.0129,-3.0973,-2.0578,-1.3325,-0.99072,-0.97609,-1.3251,-2.0578,-2.8551,-4.1835,-5.6693,-6.7427,-7.8351,-8.2604,-7.8983,-7.2281,-6.0423,-4.7592,-3.8597,-2.8294,-2.0429,-1.5338,-1.317,-1.2,-1.2283,-1.3169,-1.4617,-1.5659,-1.5843,-1.5091,-1.3314,-1.0731,-0.85125,-0.56815,-0.36218,-0.2731,-0.26641,-0.40044,-0.57287,-0.86285,-1.1537,-1.3392,-1.386,-1.2712,-0.9981,-0.73007,-0.38107,-0.10728,0.033965,0.030815,-0.12774,-0.47531,-0.86642,-1.5534,-2.4337,-3.2306,-4.4926,-5.9761,-7.702,-9.1944,-11.296,-13.331,-14.564,-15.508,-15.866,-16.021,-16.588,-17.753,-19.781,-22.071,-26.818,-31.835,-27.421,-21.414,-17.5,-14.886
2.4928,2.8812,3.1805,3.2801,3.2315,3.0416,2.7417,2.4557,2.0081,1.5285,1.0395,0.67924,0.22897,-0.16794,-0.43012,-0.71942,-0.96428,-1.1265,-1.3582,-1.6414,-2.0075,-2.3734,-3.0231,-3.88,-4.6929,-6.0648,-7.8135,-9.4299,-11.997,-14.576,-15.664,-14.905,-13.109,-11.547,-10.677,-9.9231,-9.5152,-9.3992,-9.4624,-9.7528,-10.282,-10.846,-11.849,-13.195,-14.482,-16.803,-19.951,-22.712,-20.762,-15.817,-11.821,-9.5127,-7.0531,-5.1605,-4.0722,-3.0008,-2.2981,-1.9516,-1.8955,-2.1078,-2.632,-3.2722,-4.5238,-6.339,-8.9443,-11.493,-13.898,-11.378,-8.5029,-5.4053,-3.1348,-1.8498,-0.55655,0.33054,0.88152,1.0952,1.1298,0.88076,0.50987,-0.2468,-1.3332,-2.3791,-4.1464,-6.3218,-8.5929,-9.6719,-9.2086,-7.3781,-5.9376,-4.299,-3.0276,-2.0831,-1.5289,-0.98168,-0.60865,-0.42623,-0.29511,-0.27221,-0.3292,-0.48249,-0.71173,-0.99559,-1.2283,-1.5592,-1.9002,-2.1557,-2.5084,-2.8993,-3.2178,-3.7038,-4.2755,-4.942,-5.4925,-6.2499,-6.9123,-7.2228,-7.2409,-6.7768,-5.9678,-5.2405,-4.2673,-3.3066,-2.6222,-1.7365,-0.93217,-0.40793,0.12448,0.39795,0.38271,0.13879,-0.51799,-1.6253,-2.8041,-4.9455,-7.9486,-10.961,-15.329,-14.246,-10.225,-7.8566,-5.4934,-3.8062,-2.8601,-1.9669,-1.4342,-1.2055,-1.191,-1.3788,-1.6725,-1.8831,-2.0166,-1.8876,-1.6076,-1.0333,-0.33213,0.39931,0.91395,1.5303,2.0382,2.3451,2.6548,2.8626,2.9568,3.0178,3.033,3.0177,2.9973,2.9779,2.9465,2.8978,2.7799,2.5857,2.2754,1.9627,1.4128,0.71269,0.096346,-0.83087,-1.8642,-2.6673,-3.7747,-4.876,-5.9729,-6.7577,-7.7477,-8.6603,-9.2966,-10.026,-10.743,-11.319,-12.2,-13.37,-14.894,-16.252,-18.046,-18.791,-18.015,-16.012,-14.011,-12.418
2.0132,2.3824,2.6443,2.6784,2.6001,2.4166,2.166,1.96,1.7004,1.4219,1.0917,0.80182,0.37707,-0.08073,-0.3863,-0.69523,-0.82921,-0.82716,-0.71437,-0.60243,-0.59351,-0.71579,-1.0948,-1.7922,-2.5536,-3.959,-5.9295,-7.8843,-11.444,-16.49,-19.13,-15.964,-12.152,-9.7361,-8.5314,-7.5081,-6.9806,-6.8515,-7.0052,-7.4952,-8.3426,-9.2027,-10.578,-12.2,-13.366,-14.536,-14.869,-14.111,-12.952,-10.927,-8.7292,-7.1612,-5.32,-3.8374,-2.9278,-2.0432,-1.4855,-1.2025,-1.155,-1.2518,-1.5082,-1.7646,-2.1953,-2.6676,-3.0924,-3.264,-3.1439,-2.5548,-1.8417,-0.76128,0.29875,0.98696,1.729,2.2451,2.5223,2.5818,2.4537,2.0887,1.6377,0.78802,-0.40113,-1.5851,-3.699,-6.7676,-11.466,-15.612,-12.436,-7.3741,-4.7866,-2.3402,-0.61231,0.61427,1.2925,1.9244,2.2945,2.4317,2.4336,2.2621,2.0359,1.6347,1.1557,0.65841,0.30909,-0.073088,-0.36985,-0.54934,-0.77158,-1.0398,-1.3163,-1.8419,-2.6385,-3.7924,-4.9672,-7.0868,-10.028,-12.598,-13.421,-10.055,-6.6461,-4.6135,-2.4911,-0.83382,0.1782,1.2838,2.1402,2.6166,3.0496,3.2294,3.1399,2.8643,2.2174,1.1893,0.15848,-1.645,-3.9966,-6.0289,-8.1995,-7.8544,-5.6332,-3.9479,-2.148,-0.8629,-0.198,0.31044,0.39912,0.083022,-0.44291,-1.5369,-3.0761,-4.3828,-5.7176,-5.462,-4.2194,-2.1344,-0.20262,1.4011,2.3972,3.4861,4.3589,4.886,5.4419,5.8618,6.0963,6.3176,6.4464,6.4878,6.4759,6.3824,6.2042,6.0053,5.6493,5.1653,4.539,3.9647,3.0499,1.9623,1.0361,-0.31899,-1.7532,-2.7856,-3.9796,-4.857,-5.3634,-5.5227,-5.6475,-5.7195,-5.7853,-5.9104,-6.1097,-6.353,-6.7612,-7.2568,-7.7989,-8.1923,-8.5974,-8.7387,-8.6682,-8.3295,-7.8567,-7.3825
