-0.18469,-0.12214,-0.077398,-0.077683,-0.11606,-0.21061,-0.3115,-0.40666,-0.5169,-0.62001,-0.69597,-0.71512,-0.69457,-0.61546,-0.52567,-0.37206,-0.18088,-0.028532,0.17873,0.38033,0.53899,0.63907,0.75061,0.80926,0.80133,0.74751,0.6234,0.48393,0.23269,-0.091555,-0.50113,-0.87389,-1.4608,-2.1753,-2.8145,-3.8428,-5.0536,-6.4939,-7.8018,-9.9969,-12.943,-15.74,-19.059,-17.191,-14.332,-11.202,-8.9145,-7.2092,-6.2188,-5.1826,-4.4381,-4.05,-3.7136,-3.5717,-3.6148,-3.8821,-4.403,-5.1554,-5.9195,-7.2308,-8.9258,-10.439,-12.477,-13.284,-11.797,-9.9808,-7.6144,-5.6071,-4.3521,-2.9521,-1.8263,-1.1216,-0.36123,0.23555,0.67208,0.89915,1.0946,1.1772,1.1512,1.0235,0.7983,0.58281,0.21225,-0.26769,-0.83627,-1.2822,-1.8446,-2.3721,-2.7181,-3.112,-3.4468,-3.7402,-3.9349,-4.1753,-4.3632,-4.515,-4.713,-4.8736,-4.9693,-4.9692,-4.8189,-4.5052,-4.1489,-3.5407,-2.7796,-2.1153,-1.1445,-0.11581,0.67492,1.7198,2.7363,3.7048,4.3903,5.2655,6.0691,6.6209,7.2765,7.839,8.3202,8.6268,8.9661,9.2244,9.3562,9.4518,9.4563,9.3993,9.2439,9.0096,8.703,8.4262,7.9994,7.517,7.1199,6.5416,5.9178,5.438,4.7943,4.1923,3.7137,3.4917,3.4481,3.7462,4.1847,5.0026,6.0003,7.0886,7.921,9.0084,10.047,10.782,11.702,12.545,13.127,13.839,14.472,15.028,15.397,15.823,16.176,16.388,16.603,16.747,16.81,16.833,16.787,16.671,16.536,16.297,15.984,15.704,15.27,14.768,14.196,13.723,13.036,12.291,11.702,10.897,10.085,9.4921,8.7552,8.1213,7.6288,7.3734,7.1982,7.1957,7.285,7.4885,7.7458,7.9527,8.2278,8.4844,8.7138,8.864,9.0318,9.1588,9.227,9.2797,9.3012,9.296
5.3008,4.5021,3.2969,1.9018,0.71303,-1.0947,-3.2033,-5.0132,-7.7845,-10.864,-13.33,-13.523,-11.618,-9.1729,-7.4918,-5.567,-3.9391,-2.884,-1.6853,-0.69445,0.092009,0.56022,1.0383,1.3683,1.5223,1.6414,1.6773,1.6598,1.6112,1.5651,1.5339,1.5305,1.5616,1.6254,1.691,1.7862,1.8873,1.9937,2.0716,2.1928,2.3473,2.4894,2.7199,3.0016,3.248,3.5995,3.9659,4.3153,4.5509,4.8107,4.9973,5.077,5.0912,5.0115,4.8824,4.6253,4.2773,3.8532,3.5044,3.0291,2.5851,2.3137,2.0749,2.0375,2.2456,2.5629,3.1683,3.9194,4.5377,5.3948,6.246,6.8594,7.6224,8.3151,8.9239,9.3246,9.7834,10.157,10.381,10.608,10.763,10.832,10.871,10.849,10.773,10.685,10.523,10.321,10.145,9.8716,9.5513,9.1762,8.8529,8.3617,7.7901,7.3008,6.5535,5.6732,4.9109,3.7235,2.2678,0.4485,-1.2503,-4.082,-7.0298,-7.2122,-3.9631,-0.35728,1.9222,4.4401,6.5124,8.2635,9.4028,10.726,11.856,12.587,13.422,14.101,14.632,14.936,15.216,15.356,15.369,15.262,15.01,14.724,14.21,13.546,12.733,12.025,10.958,9.759,8.7927,7.4601,6.1763,5.3457,4.5583,4.2588,4.4472,4.8329,5.5489,6.4169,7.1332,8.1549,9.2441,10.387,11.274,12.48,13.691,14.586,15.746,16.847,17.625,18.591,19.47,20.254,20.776,21.382,21.883,22.191,22.513,22.732,22.828,22.867,22.803,22.636,22.444,22.096,21.641,21.228,20.578,19.808,18.909,18.143,16.988,15.66,14.534,12.844,10.923,9.3473,7.2209,5.573,5.1899,5.7572,7.0275,8.3205,9.1622,10.077,10.764,11.145,11.496,11.69,11.747,11.711,11.572,11.353,11.152,10.86,10.577,10.341
7.6246,6.6105,5.0678,3.2706,1.7619,-0.45951,-2.7798,-4.4252,-6.218,-7.3858,-8.1638,-8.6945,-9.4601,-9.6144,-8.8385,-6.8679,-4.6345,-3.141,-1.5057,-0.28569,0.5287,0.90531,1.0735,0.87318,0.46468,-0.46717,-1.9345,-3.499,-6.5248,-11.529,-19.537,-15.014,-8.5023,-4.7781,-2.8668,-0.95474,0.51209,1.6935,2.4474,3.3346,4.1348,4.6922,5.383,6.0223,6.4689,7.0179,7.4944,7.8839,8.1192,8.3449,8.4541,8.4533,8.3341,8.069,7.768,7.212,6.4592,5.5007,4.6225,3.2153,1.5011,0.014814,-2.0746,-3.4756,-2.9206,-1.4278,0.89908,3.0219,4.4188,6.0291,7.3963,8.2853,9.3092,10.172,10.894,11.354,11.867,12.284,12.541,12.82,13.04,13.176,13.324,13.439,13.525,13.572,13.617,13.633,13.624,13.588,13.503,13.369,13.238,13.019,12.749,12.512,12.158,11.77,11.464,11.055,10.665,10.329,10.127,9.9623,9.9447,10.04,10.324,10.777,11.222,11.928,12.722,13.562,14.199,15.028,15.807,16.346,16.986,17.525,17.95,18.187,18.389,18.452,18.405,18.212,17.861,17.487,16.836,16.001,14.967,14.05,12.624,10.962,9.5812,7.6745,5.9605,5.071,4.6241,4.8192,5.1847,5.336,5.2131,4.5466,3.556,1.1908,-3.8134,-18.491,-4.1775,3.6254,8.1514,10.664,13.347,15.514,16.884,18.443,19.751,20.845,21.537,22.305,22.91,23.263,23.605,23.81,23.877,23.854,23.709,23.448,23.181,22.733,22.191,21.728,21.047,20.305,19.523,18.923,18.122,17.34,16.783,16.09,15.476,15.077,14.633,14.291,14.044,13.905,13.758,13.62,13.503,13.302,13.021,12.744,12.269,11.661,10.904,10.225,9.1479,7.8308,6.644,4.707,2.1644,-1.5394
4.1463,3.7538,3.1781,2.5619,2.088,1.471,0.88542,0.48229,-0.002293,-0.41725,-0.73327,-0.92301,-1.1029,-1.1951,-1.2078,-1.1432,-1.0157,-0.89485,-0.72822,-0.60219,-0.55299,-0.58649,-0.73928,-1.0343,-1.3522,-1.904,-2.5892,-3.1579,-3.9345,-4.675,-5.2836,-5.6543,-6.0431,-6.4174,-6.7659,-7.3551,-8.1221,-8.931,-9.3663,-9.2329,-8.0282,-6.7014,-4.7912,-3.0075,-1.8255,-0.46053,0.66501,1.5583,2.104,2.6753,3.0775,3.2731,3.3926,3.3649,3.2468,2.9643,2.5391,1.98,1.4875,0.73944,-0.05848,-0.63915,-1.2655,-1.5721,-1.4649,-1.1243,-0.41099,0.45846,1.1207,1.9517,2.6781,3.1411,3.6375,3.9838,4.1783,4.2245,4.155,3.9482,3.7094,3.3089,2.8687,2.5666,2.2917,2.2596,2.5056,2.8664,3.4935,4.176,4.6759,5.2719,5.7554,6.105,6.2792,6.3944,6.3643,6.241,5.9434,5.4869,5.0357,4.284,3.3443,2.199,1.1968,-0.26726,-1.6795,-2.3864,-2.2627,-0.88998,0.54735,2.5247,4.3569,5.9842,7.0649,8.3401,9.4404,10.158,10.981,11.656,12.192,12.504,12.804,12.977,13.026,12.99,12.843,12.663,12.337,11.926,11.442,11.042,10.477,9.9025,9.4833,8.9598,8.4924,8.1819,7.8278,7.5435,7.3169,7.1769,7.0115,6.879,6.8052,6.7697,6.853,7.102,7.4296,8.059,8.8802,9.5798,10.571,11.574,12.3,13.199,13.998,14.685,15.12,15.587,15.924,16.089,16.192,16.16,16.046,15.774,15.359,14.798,14.277,13.447,12.453,11.596,10.299,8.8321,7.219,5.9673,4.4024,3.266,2.8935,3.0519,3.6815,4.259,4.9987,5.6152,6.0833,6.3259,6.5022,6.5109,6.4043,6.112,5.6283,5.1313,4.2814,3.2065,1.8965,0.74648,-1.0343,-3.1027,-4.8075,-7.1031,-8.9749,-9.7377
2.2651,2.1527,1.9301,1.6349,1.379,1.006,0.60757,0.30339,-0.097955,-0.47696,-0.80435,-1.0051,-1.1971,-1.2844,-1.2888,-1.2135,-1.066,-0.9219,-0.69598,-0.47069,-0.27558,-0.15723,-0.050381,-0.012174,-0.033096,-0.13497,-0.31647,-0.49739,-0.79652,-1.1661,-1.6094,-1.9966,-2.6029,-3.3256,-3.9596,-4.9386,-6.0323,-7.1388,-7.8226,-8.1944,-7.6864,-6.8397,-5.4453,-4.0516,-3.1061,-2.0008,-1.0839,-0.34236,0.11043,0.59711,0.96866,1.1698,1.3492,1.4434,1.4644,1.4414,1.3623,1.239,1.1292,0.97182,0.8151,0.71345,0.61017,0.56284,0.56973,0.61066,0.7172,0.8706,1.0007,1.1679,1.3137,1.394,1.433,1.3685,1.1627,0.89609,0.35883,-0.44324,-1.263,-2.7505,-4.8598,-7.0703,-11.436,-16.668,-12.352,-8.3948,-4.766,-2.2684,-0.85926,0.59027,1.6625,2.4437,2.8695,3.2533,3.4366,3.4521,3.3211,3.0293,2.7032,2.1245,1.3788,0.45424,-0.33942,-1.4783,-2.5453,-3.0897,-3.1019,-2.1877,-1.1012,0.52235,2.1152,3.5716,4.5515,5.7094,6.7047,7.3503,8.0824,8.6778,9.1398,9.4029,9.6464,9.7705,9.7915,9.7277,9.5678,9.3914,9.0908,8.7326,8.3287,8.0077,7.5721,7.1431,6.8343,6.4467,6.0981,5.8687,5.618,5.4412,5.3409,5.3161,5.3526,5.4739,5.6185,5.8837,6.2305,6.6481,6.9999,7.5172,8.0707,8.4958,9.0605,9.6115,10.004,10.482,10.893,11.225,11.415,11.581,11.64,11.613,11.478,11.227,10.962,10.503,9.9236,9.2174,8.6007,7.6558,6.5576,5.6182,4.1839,2.4994,0.52218,-1.1544,-3.44,-4.9661,-4.8795,-3.3951,-1.5384,-0.2921,1.063,2.0886,2.8249,3.2025,3.4972,3.5751,3.5071,3.2481,2.7955,2.3249,1.5223,0.5256,-0.6554,-1.665,-3.1813,-4.8556,-6.1396,-7.6852,-8.6382,-8.6511
1.5797,1.5403,1.3725,1.0715,0.75816,0.22378,-0.4513,-1.0595,-2.0103,-3.0959,-4.2695,-5.1378,-6.0574,-6.385,-6.1328,-5.2428,-4.0484,-3.1258,-1.9741,-0.95869,-0.10177,0.43989,1.04,1.516,1.796,2.0752,2.2575,2.3376,2.3773,2.3494,2.2536,2.1425,1.9479,1.7109,1.5057,1.2139,0.92333,0.65184,0.47614,0.29415,0.18334,0.13444,0.10757,0.10771,0.10812,0.095406,0.063095,0.0028541,-0.059273,-0.13758,-0.20351,-0.23965,-0.25725,-0.23635,-0.20676,-0.15164,-0.1026,-0.0815,-0.087166,-0.13359,-0.22682,-0.3281,-0.49281,-0.66076,-0.81061,-0.88951,-0.9196,-0.84805,-0.72693,-0.48985,-0.19088,0.046777,0.34387,0.58623,0.73757,0.78271,0.74451,0.58175,0.39063,0.061107,-0.29903,-0.54636,-0.77479,-0.81268,-0.62872,-0.3421,0.17387,0.76817,1.2186,1.7769,2.2575,2.6377,2.8547,3.0557,3.1547,3.1667,3.1199,3.0164,2.8972,2.7017,2.4818,2.2576,2.1159,1.9851,1.9447,1.9921,2.1726,2.4917,2.8167,3.3427,3.9513,4.6108,5.1152,5.7755,6.3958,6.8217,7.3193,7.7203,8.0072,8.1449,8.2159,8.1521,8.0135,7.707,7.2679,6.8614,6.2312,5.5248,4.7794,4.2248,3.5237,2.8988,2.4862,2.0048,1.5908,1.3108,0.96314,0.64576,0.38713,0.26447,0.2663,0.53161,0.91386,1.6337,2.5145,3.4664,4.1758,5.0879,5.9392,6.5235,7.2154,7.8065,8.1809,8.5848,8.879,9.0601,9.1206,9.0963,8.9532,8.7674,8.4181,7.95,7.5246,6.87,6.1279,5.321,4.6936,3.8597,3.0725,2.5362,1.9343,1.4704,1.1657,1.0486,1.0449,1.206,1.4253,1.8268,2.3073,2.6893,3.1768,3.5935,3.9117,4.0679,4.1484,4.0802,3.9399,3.6305,3.1876,2.7651,2.0926,1.3138,0.47451,-0.17595,-1.0403,-1.8354,-2.3637,-2.9351,-3.2907,-3.4013
0.42171,0.4332,0.33623,0.10283,-0.16608,-0.6639,-1.3443,-1.9965,-3.111,-4.5797,-6.561,-8.4759,-11.524,-13.456,-12.132,-8.8276,-5.9457,-4.2328,-2.4228,-1.02,0.077759,0.74748,1.4719,2.0411,2.3912,2.7803,3.0964,3.294,3.5118,3.6837,3.8108,3.8811,3.9338,3.9378,3.9033,3.8098,3.6603,3.4539,3.2627,2.9506,2.5714,2.2349,1.7111,1.091,0.55153,-0.2842,-1.252,-2.3631,-3.2767,-4.524,-5.652,-6.2317,-6.4336,-5.996,-5.4074,-4.5319,-3.7476,-3.1494,-2.8523,-2.6814,-2.7666,-3.0154,-3.6223,-4.5565,-5.8363,-6.9868,-8.4826,-9.1486,-8.6125,-6.923,-5.0072,-3.713,-2.2794,-1.1681,-0.33867,0.1238,0.56704,0.84641,0.97033,1.046,1.0596,1.0492,1.0339,1.0499,1.1072,1.1789,1.3036,1.4535,1.562,1.6864,1.7709,1.7903,1.7584,1.6509,1.4693,1.2978,1.0421,0.77359,0.57896,0.3686,0.24124,0.19217,0.20307,0.27037,0.37898,0.48256,0.64726,0.84214,1.0275,1.349,1.7764,2.3274,2.807,3.5149,4.2579,4.801,5.4618,6.0063,6.3943,6.566,6.6186,6.4525,6.1672,5.5592,4.6702,3.796,2.3191,0.43634,-1.8835,-3.8432,-6.3111,-7.4182,-7.0539,-5.9693,-5.0944,-4.7804,-4.904,-5.7285,-7.4076,-9.4551,-13.869,-17.736,-13.37,-7.8626,-4.2091,-1.5853,-0.048762,1.5921,2.8896,3.6939,4.5689,5.2461,5.6379,6.0087,6.2206,6.2791,6.2244,6.0165,5.6655,5.3081,4.7022,3.9417,3.2652,2.2132,0.96894,-0.50928,-1.7914,-3.7211,-5.6931,-6.8031,-6.9666,-5.6335,-3.8078,-2.4965,-0.95481,0.34319,1.1704,2.1094,2.8765,3.3503,3.85,4.2046,4.4212,4.4976,4.478,4.3112,4.0868,3.6563,3.0885,2.5642,1.7339,0.74381,-0.40845,-1.3717,-2.7848,-4.3167,-5.5155,-7.0142,-8.0515,-8.2567
-1.5572,-1.6292,-1.7272,-1.7966,-1.8226,-1.8263,-1.8209,-1.8239,-1.8589,-1.9349,-2.0363,-2.087,-2.0749,-1.9111,-1.6658,-1.2093,-0.6649,-0.24653,0.27865,0.70427,1.016,1.1707,1.2942,1.3463,1.369,1.4309,1.5752,1.7576,2.0923,2.5155,2.9761,3.3112,3.7094,4.0296,4.2068,4.3453,4.3583,4.2432,4.0702,3.7235,3.2369,2.7774,2.0268,1.1072,0.28794,-1.0034,-2.5696,-4.5041,-6.2867,-9.355,-13.636,-17.68,-17.886,-12.965,-10.227,-7.6222,-5.8174,-4.5542,-3.8895,-3.3367,-3.1322,-3.2062,-3.6334,-4.4502,-5.689,-6.881,-8.5769,-9.4199,-8.8159,-6.8899,-4.7891,-3.4222,-1.9663,-0.89688,-0.16342,0.19328,0.44033,0.46052,0.35847,0.10063,-0.25859,-0.54759,-0.89899,-1.1395,-1.2294,-1.1853,-1.0049,-0.75678,-0.57517,-0.39206,-0.32418,-0.41102,-0.60747,-1.0609,-1.7622,-2.4481,-3.5907,-4.9162,-5.8811,-6.7706,-6.8191,-6.0858,-5.3181,-4.3647,-3.6672,-3.3696,-3.3098,-3.6636,-4.2066,-5.2303,-6.1873,-6.0339,-4.8101,-2.4418,-0.097406,1.4252,3.091,4.3688,5.286,5.7512,6.0927,6.1222,5.9419,5.4328,4.5962,3.7424,2.2807,0.4278,-1.79,-3.5802,-5.598,-6.2739,-5.8692,-4.8821,-4.0225,-3.6297,-3.475,-3.6966,-4.1799,-4.6321,-5.1688,-5.3108,-4.9743,-4.0285,-2.8311,-1.648,-0.81973,0.18219,1.0376,1.5933,2.2266,2.7311,3.024,3.2787,3.3634,3.263,3.0574,2.6091,1.97,1.3751,0.45979,-0.53968,-1.317,-2.3543,-3.4093,-4.5506,-5.5354,-7.0718,-8.8216,-9.8458,-9.6243,-7.5,-4.9222,-3.1807,-1.233,0.33366,1.3002,2.3549,3.1699,3.6404,4.0931,4.3624,4.4537,4.4222,4.2572,3.96,3.6465,3.1136,2.4614,1.9009,1.0434,0.0097853,-1.2374,-2.343,-4.1198,-6.3482,-8.4339,-11.938,-15.806,-15.884
-4.7562,-5.7093,-6.8863,-7.3454,-6.925,-5.572,-3.9285,-2.7521,-1.3936,-0.27777,0.63556,1.1995,1.8146,2.3086,2.6074,2.9072,3.0966,3.1435,3.0693,2.8012,2.3077,1.7545,0.73904,-0.63954,-1.9242,-3.8053,-5.1055,-4.8955,-3.1687,-1.0343,0.83606,1.9872,3.2015,4.0882,4.5714,4.9995,5.2024,5.2002,5.0728,4.7391,4.2253,3.7344,2.9283,1.9671,1.1486,-0.059425,-1.3689,-2.7043,-3.6876,-4.8807,-5.777,-6.1912,-6.2537,-5.81,-5.25,-4.3388,-3.3759,-2.4553,-1.8375,-1.1408,-0.59718,-0.28775,0.0063469,0.1833,0.28853,0.35203,0.46617,0.67019,0.89305,1.2694,1.6977,2.0026,2.3284,2.5156,2.5176,2.3718,1.9481,1.2325,0.48055,-0.85304,-2.619,-4.2759,-6.9102,-9.404,-9.6828,-8.2606,-5.9806,-4.0999,-3.0306,-1.9953,-1.3707,-1.111,-1.158,-1.5386,-2.3256,-3.2193,-4.9318,-7.353,-9.7852,-13.358,-12.887,-9.2769,-6.9796,-4.774,-3.32,-2.6399,-2.2169,-2.3313,-2.7655,-3.7838,-4.9928,-5.1818,-3.9479,-1.2803,1.3731,3.0736,4.9154,6.3181,7.3432,7.8925,8.3507,8.5262,8.4831,8.2101,7.7169,7.2194,6.4315,5.5462,4.6286,3.9648,3.1856,2.5626,2.2181,1.9079,1.6959,1.558,1.3869,1.2043,0.99275,0.80113,0.52518,0.2594,0.060127,-0.24103,-0.5761,-0.94949,-1.214,-1.4174,-1.341,-1.0536,-0.42461,0.32966,0.86925,1.4315,1.7353,1.7091,1.4526,0.74716,-0.43215,-1.6864,-3.9332,-6.9167,-9.5029,-11.489,-9.8336,-7.3923,-5.925,-4.4583,-3.3576,-2.6186,-1.6673,-0.67733,0.34619,1.1107,2.1014,2.9963,3.5919,4.2564,4.7627,5.0238,5.2154,5.2245,5.0301,4.749,4.2135,3.5411,2.977,2.1977,1.4608,0.97205,0.43552,0.0042812,-0.40617,-0.74677,-1.2945,-1.919,-2.4196,-3.0874,-3.6728,-4.1092
-7.6402,-9.2588,-12.087,-14.176,-12.905,-9.2968,-6.0978,-4.1892,-2.1536,-0.56629,0.70615,1.4884,2.3238,2.9596,3.3144,3.6281,3.7639,3.7429,3.5416,3.1256,2.469,1.7788,0.57801,-1.0004,-2.4615,-4.6455,-6.2588,-6.1304,-4.3141,-2.0878,-0.18731,0.95774,2.1552,3.0203,3.4748,3.8442,3.978,3.8933,3.6952,3.2627,2.6413,2.058,1.1122,-0.0024248,-0.95752,-2.3863,-4.0065,-5.7968,-7.2246,-9.0633,-10.434,-10.759,-10.093,-8.7103,-7.5419,-6.01,-4.6358,-3.4389,-2.6437,-1.7099,-0.91056,-0.37783,0.26961,0.85259,1.3968,1.7824,2.2712,2.719,3.0253,3.3847,3.6659,3.808,3.8776,3.7872,3.5024,3.1449,2.4566,1.4889,0.55408,-0.97889,-2.8744,-4.523,-6.8915,-8.7986,-9.1865,-8.4194,-6.8687,-5.3585,-4.3943,-3.3298,-2.5658,-2.0724,-1.878,-1.8186,-1.9791,-2.2186,-2.6475,-3.1046,-3.4185,-3.6243,-3.4412,-2.97,-2.4762,-1.7127,-0.89027,-0.28795,0.45508,1.1233,1.5778,2.1618,2.7883,3.5158,4.1391,5.0601,6.0357,6.7566,7.6469,8.4054,8.9912,9.3064,9.5514,9.5877,9.4787,9.1575,8.6401,8.1324,7.3148,6.3522,5.2898,4.4589,3.3809,2.4282,1.8648,1.3816,1.1905,1.1953,1.3349,1.5046,1.5896,1.5665,1.3984,1.0164,0.53513,-0.42864,-1.8258,-3.9046,-6.192,-11.235,-24.411,-16.57,-8.4403,-4.4859,-2.5917,-0.9077,0.10164,0.56242,0.6053,0.27817,-0.47516,-1.3164,-2.7609,-4.4219,-5.5248,-6.1807,-5.6412,-4.4723,-3.5486,-2.4666,-1.6053,-1.0595,-0.42583,0.16175,0.74322,1.1862,1.8183,2.4718,2.9475,3.5067,3.9321,4.1344,4.2075,4.0346,3.5646,2.9751,1.8039,0.11932,-1.5571,-4.4776,-7.9595,-9.4042,-7.6396,-4.9311,-2.9183,-1.8729,-0.98052,-0.51452,-0.38768,-0.45181,-0.72397,-1.2056
-6.3898,-6.307,-6.2145,-5.9767,-5.6082,-4.8968,-3.9782,-3.232,-2.2055,-1.2051,-0.27805,0.3506,1.0834,1.6958,2.0526,2.3977,2.5995,2.6414,2.5598,2.322,1.9509,1.5933,1.0415,0.46011,0.045759,-0.40921,-0.67162,-0.71392,-0.54916,-0.18835,0.2658,0.61064,1.0193,1.3338,1.478,1.5184,1.375,1.0331,0.65278,-0.0090909,-0.85026,-1.5688,-2.6451,-3.8391,-4.8158,-6.2666,-7.9831,-10.057,-11.963,-15.269,-19.382,-20.38,-16.728,-13.03,-10.995,-8.9649,-7.4316,-6.2813,-5.6244,-4.9053,-4.2764,-3.831,-3.1723,-2.4125,-1.5434,-0.84806,0.099668,0.98843,1.5964,2.3013,2.8499,3.1457,3.3792,3.4108,3.2223,2.9313,2.3522,1.5484,0.78976,-0.40955,-1.8023,-2.917,-4.4378,-5.8405,-6.9815,-7.5125,-7.6429,-7.1416,-6.5111,-5.5245,-4.6162,-3.8902,-3.5098,-3.2213,-3.1972,-3.3187,-3.6433,-4.0714,-4.4164,-4.775,-4.8916,-4.6507,-4.1989,-3.2909,-2.1487,-1.2341,-0.018785,1.1483,1.9775,3.0129,3.9831,4.8925,5.5377,6.352,7.1018,7.6051,8.1967,8.6841,9.0394,9.2079,9.2861,9.1898,8.9896,8.542,7.8772,7.2148,6.0816,4.6319,2.7903,1.077,-1.8393,-5.7729,-9.3198,-10.632,-6.974,-4.545,-2.2348,-0.71654,0.24319,0.68924,0.98746,0.96794,0.77626,0.30623,-0.35081,-1.1785,-1.8905,-2.7187,-3.1029,-2.9903,-2.4,-1.546,-0.88133,-0.1028,0.48494,0.85551,0.99961,1.018,0.87493,0.69223,0.36235,0.01769,-0.21985,-0.50446,-0.72611,-0.91268,-1.062,-1.3622,-1.7915,-2.2188,-2.9485,-3.7126,-4.2222,-4.1753,-3.3923,-2.0752,-0.98456,0.34553,1.4183,2.0281,2.538,2.7095,2.5677,2.248,1.4967,0.36044,-0.71533,-2.3284,-3.7367,-4.1488,-3.5732,-2.3503,-1.1263,-0.37566,0.36626,0.79387,0.92194,0.85354,0.54405,-0.0069493
-4.3735,-4.2683,-4.226,-4.2169,-4.1729,-4.0148,-3.6883,-3.3158,-2.6484,-1.8159,-0.91549,-0.25155,0.5711,1.2882,1.7317,2.1865,2.4625,2.5623,2.5462,2.3744,2.0632,1.7541,1.2557,0.71613,0.32033,-0.14806,-0.49495,-0.63372,-0.63943,-0.45125,-0.13685,0.13989,0.4796,0.70575,0.77018,0.67353,0.34528,-0.2658,-0.91356,-2.0352,-3.4244,-4.6053,-6.2212,-7.6667,-8.4442,-8.9968,-9.1826,-9.2637,-9.3008,-9.3275,-9.2181,-9.0158,-8.5098,-7.8732,-7.3983,-6.8438,-6.5192,-6.4791,-6.6974,-7.3745,-8.4596,-9.4141,-10.146,-9.0779,-6.5921,-4.5999,-2.2293,-0.25578,0.97632,2.3182,3.3438,3.9314,4.488,4.7922,4.8484,4.7275,4.3513,3.7178,3.0675,1.9456,0.4938,-0.85148,-3.1218,-6.2111,-10.942,-17.441,-24.763,-12.523,-8.8745,-5.9366,-4.1215,-2.9736,-2.4561,-2.1447,-2.2417,-2.58,-3.4108,-4.7764,-6.2193,-9.0752,-13.626,-16.837,-13.104,-8.05,-4.5131,-2.5175,-0.387,1.3344,2.4376,3.7239,4.8531,5.8497,6.5275,7.3537,8.0983,8.5957,9.1733,9.6443,9.995,10.169,10.273,10.216,10.059,9.6889,9.1223,8.5568,7.6086,6.4234,4.9829,3.732,1.8941,0.070046,-0.98194,-1.4677,-0.91688,-0.12459,0.97613,1.8614,2.5015,2.8405,3.0978,3.1655,3.1368,3.0094,2.7845,2.534,2.354,2.1564,2.0452,2.028,2.0929,2.2242,2.3456,2.5131,2.656,2.7606,2.8076,2.8246,2.8196,2.7989,2.7497,2.6943,2.6352,2.5116,2.3213,2.018,1.678,1.0178,0.033062,-1.0192,-3.0233,-6.1084,-11.043,-14.485,-9.3565,-4.3859,-1.8856,0.48835,2.1663,3.1002,4.0108,4.5854,4.8878,4.9871,4.9825,4.8472,4.7075,4.5284,4.3861,4.3159,4.3274,4.4496,4.5973,4.6774,4.7149,4.6357,4.4857,4.1444,3.6302,2.9399
-1.0725,-1.6544,-2.5991,-3.7996,-4.8933,-6.4502,-7.568,-7.5303,-6.1557,-4.076,-2.0402,-0.69257,0.81311,1.9688,2.6313,3.2666,3.62,3.7201,3.6448,3.3415,2.8096,2.2848,1.3807,0.24881,-0.75314,-2.2483,-3.7385,-4.5385,-4.5959,-3.4697,-1.8791,-0.71725,0.57478,1.4906,1.9198,2.139,1.9386,1.3083,0.51451,-1.0401,-3.3186,-5.6901,-10.419,-20.17,-26.818,-13.913,-9.5796,-7.3028,-6.2144,-5.2197,-4.4833,-4.0372,-3.5266,-3.1433,-2.9058,-2.6639,-2.652,-2.942,-3.3747,-4.3859,-5.967,-7.4774,-9.1564,-8.2281,-5.1474,-2.7891,-0.1081,2.0602,3.4174,4.921,6.1274,6.8637,7.6295,8.1593,8.4763,8.5645,8.4784,8.1703,7.803,7.1206,6.2247,5.425,4.2094,2.9161,1.7058,0.99587,0.52667,0.63856,0.97409,1.5406,2.0561,2.4229,2.5683,2.5517,2.2968,1.9404,1.2455,0.28277,-0.59127,-1.8674,-2.8845,-3.2184,-2.7708,-1.4973,0.03438,1.1285,2.4495,3.598,4.3631,5.2926,6.1519,6.9818,7.5948,8.4025,9.1891,9.7671,10.494,11.131,11.661,11.975,12.27,12.414,12.415,12.271,11.968,11.648,11.105,10.441,9.6992,9.1253,8.3905,7.7395,7.34,6.948,6.75,6.6955,6.6735,6.6559,6.6294,6.5674,6.412,6.1901,5.9811,5.6538,5.2926,4.9981,4.846,4.7216,4.6503,4.6367,4.662,4.6941,4.6867,4.6237,4.487,4.304,4.1576,3.9998,3.9347,3.9946,4.2277,4.5887,4.9021,5.3347,5.7021,5.9393,6.0204,5.9765,5.7529,5.4882,5.0505,4.5912,4.2983,4.2763,4.5728,5.1597,5.7017,6.4363,7.0967,7.5117,7.9745,8.361,8.6529,8.8174,9.0127,9.1965,9.3186,9.4732,9.6183,9.7123,9.806,9.847,9.8296,9.7677,9.5937,9.3019,9.0051,8.4934,7.8424,7.058
1.2693,0.25052,-1.3914,-3.4294,-5.3175,-8.4029,-11.954,-12.65,-9.1024,-5.1836,-2.225,-0.48855,1.3485,2.6693,3.3859,3.9922,4.2282,4.1891,3.8508,3.2427,2.4008,1.6349,0.47682,-0.90762,-2.1729,-4.3519,-7.4695,-10.481,-11.117,-6.4289,-2.4623,-0.3031,1.8172,3.2732,4.0262,4.6184,4.785,4.5746,4.169,3.3249,2.1812,1.182,-0.18125,-1.348,-1.9334,-2.2869,-2.3498,-2.3282,-2.3328,-2.3615,-2.3209,-2.179,-1.7473,-1.1104,-0.55575,0.12827,0.68424,1.0356,1.1817,1.2302,1.182,1.1557,1.2281,1.541,2.1511,2.7684,3.7841,4.9308,5.8314,7.0166,8.1435,8.917,9.8094,10.526,11.052,11.327,11.535,11.564,11.48,11.233,10.86,10.512,9.9838,9.4224,8.8648,8.4778,8.0193,7.6373,7.3908,7.1145,6.8795,6.6476,6.4699,6.2222,5.9686,5.7582,5.4524,5.1185,4.868,4.5903,4.3111,4.0756,3.996,3.9835,3.9862,3.9832,3.9718,3.9589,3.9505,4.001,4.1757,4.5819,5.0778,5.9902,7.0995,8.0073,9.2246,10.355,11.335,11.949,12.586,13.001,13.178,13.23,13.084,12.864,12.443,11.914,11.334,10.893,10.331,9.8468,9.5503,9.2453,9.0279,8.8727,8.6631,8.4413,8.1411,7.825,7.276,6.5677,5.8918,4.8666,3.8191,2.8941,2.4817,2.4268,2.8802,3.3707,3.9892,4.4079,4.5352,4.4096,3.8971,2.961,1.9633,0.35392,-1.1095,-1.3615,0.016685,2.2367,3.8395,5.6722,7.115,8.2358,8.8858,9.5557,10.021,10.264,10.47,10.574,10.612,10.621,10.608,10.536,10.456,10.291,10.074,9.8652,9.5514,9.3051,9.2262,9.2988,9.5815,10.047,10.453,10.993,11.503,11.844,12.192,12.396,12.46,12.421,12.23,11.886,11.524,10.899,10.117,9.1887
1.4294,0.27106,-1.555,-3.4821,-4.8483,-6.1324,-6.3263,-5.6793,-4.1434,-2.2903,-0.48593,0.74808,2.0946,3.0719,3.5623,3.8194,3.667,3.247,2.2745,0.82907,-1.076,-2.678,-4.4817,-5.0836,-4.6916,-3.6896,-2.6312,-1.8215,-0.64046,0.66215,2.0832,3.1333,4.3687,5.3761,5.9738,6.5486,6.8703,6.9527,6.8649,6.5659,6.0927,5.6404,4.942,4.1385,3.4858,2.5069,1.2869,-0.27469,-1.7987,-4.5618,-8.5379,-11.266,-8.8285,-4.4623,-2.0485,0.20078,1.7231,2.7336,3.2052,3.527,3.525,3.3412,2.8886,2.2402,1.5466,1.1543,1.1884,2.1253,3.2859,5.0428,6.7361,7.8513,9.102,10.093,10.829,11.235,11.615,11.833,11.895,11.866,11.729,11.563,11.265,10.875,10.414,10.02,9.4208,8.7489,8.1947,7.4067,6.5968,5.8405,5.3822,4.9824,4.8599,4.915,5.1079,5.3171,5.4086,5.4486,5.3204,5.0748,4.7643,4.1349,3.2658,2.4693,1.1765,-0.34523,-1.5908,-3.3071,-4.9754,-6.2734,-6.3391,-4.2884,-0.90877,1.5635,4.3689,6.6398,8.4258,9.4713,10.507,11.168,11.437,11.518,11.289,10.918,10.187,9.2437,8.1438,7.2951,6.2926,5.6694,5.5041,5.6111,5.895,6.1094,6.3408,6.4145,6.2432,5.9511,5.3163,4.3109,3.2352,1.2714,-1.7667,-7.5431,-18.627,-10.932,-3.6455,-0.7786,1.5699,2.9097,3.4379,3.6137,3.2152,2.1874,0.96973,-1.3241,-4.0008,-4.7585,-2.3942,0.90592,3.0272,5.3215,7.1046,8.538,9.4281,10.393,11.143,11.574,11.989,12.238,12.311,12.257,12.023,11.593,11.121,10.26,9.0711,7.9446,6.0181,3.605,1.4391,1.1362,2.8747,5.2453,6.8162,8.5092,9.7607,10.472,11.169,11.624,11.847,11.871,11.726,11.373,10.956,10.2,9.1988,7.9244
0.69474,-0.40842,-2.4831,-5.6109,-9.1542,-16.918,-14.07,-8.7982,-4.4588,-1.6383,0.38394,1.55,2.7004,3.4359,3.7225,3.7683,3.4015,2.8293,1.6313,-0.19389,-2.8289,-5.5087,-9.5579,-9.608,-6.9213,-3.7071,-1.3821,-0.050948,1.3937,2.6013,3.6315,4.312,5.1281,5.8358,6.2784,6.7577,7.1059,7.3041,7.3629,7.3165,7.132,6.9013,6.4701,5.9104,5.3869,4.5479,3.5292,2.2764,1.186,-0.39907,-1.8208,-2.3504,-1.8232,-0.32085,0.90786,2.3641,3.5106,4.2885,4.6232,4.7406,4.4685,3.977,2.8538,1.009,-2.0199,-5.732,-13.867,-6.9415,-2.1957,1.7266,4.2779,5.6474,6.9758,7.8903,8.4996,8.8017,9.0427,9.1624,9.2041,9.2188,9.1903,9.1348,9.0059,8.7818,8.4252,8.0415,7.3502,6.393,5.4691,3.8773,1.7586,-0.98005,-3.3316,-5.2293,-3.6495,-1.6015,0.66708,2.2676,3.0994,3.7353,3.9873,3.8355,3.4198,2.4838,1.0633,-0.40572,-3.0896,-6.9475,-11.002,-18.056,-18.433,-16.072,-14.977,-11.012,-5.832,-2.5428,0.96393,3.6444,5.6569,6.7913,7.8801,8.5416,8.7642,8.7068,8.2555,7.6384,6.3845,4.5169,1.8156,-1.039,-6.8501,-12.625,-7.8361,-3.067,-0.45242,0.78108,1.8079,2.3116,2.5105,2.5308,2.3882,2.0791,1.7605,1.1175,0.41515,-0.13442,-0.32638,-0.015396,0.90161,1.6994,2.6756,3.4096,3.7642,3.9522,3.8564,3.5382,3.1961,2.7217,2.403,2.3441,2.6214,3.2412,3.8942,4.9217,6.0464,7.1877,8.0018,8.9814,9.8193,10.34,10.867,11.208,11.352,11.312,11.063,10.584,10.047,9.0604,7.7078,6.4289,4.292,1.5832,-0.98849,-1.4421,0.33859,2.7187,4.2192,5.8121,7.0124,7.6748,8.319,8.7535,9.0052,9.064,8.9916,8.7236,8.3864,7.7258,6.7711,5.458
-0.28439,-0.59527,-1.2203,-1.9389,-2.4017,-2.7335,-2.5826,-2.1421,-1.2974,-0.34767,0.54973,1.1207,1.7114,2.099,2.2384,2.2401,2.0085,1.7028,1.1285,0.39706,-0.38903,-0.95632,-1.5016,-1.7013,-1.6276,-1.3104,-0.8673,-0.50578,-0.053475,0.37974,0.79976,1.0944,1.5118,1.9719,2.324,2.7927,3.2243,3.5853,3.795,3.9754,4.0352,4.001,3.8507,3.5979,3.342,2.9457,2.5234,2.0952,1.8053,1.5167,1.3936,1.4414,1.6914,2.1347,2.5224,3.0665,3.5749,3.9537,4.1346,4.2024,4.057,3.8028,3.2778,2.5813,1.8333,1.3627,1.0287,1.1643,1.5232,2.1582,2.7488,3.0676,3.2948,3.2522,2.9699,2.6386,2.0979,1.5807,1.3236,1.2581,1.4963,1.802,2.2323,2.5833,2.7329,2.6857,2.3937,1.7831,1.0964,-0.17245,-1.8799,-4.0242,-5.6711,-6.801,-5.7501,-4.2413,-2.3088,-0.83141,0.0076708,0.74769,1.1052,1.0522,0.79936,0.18141,-0.8045,-1.8103,-3.443,-5.3525,-6.766,-8.1009,-8.263,-7.3815,-6.3023,-4.67,-2.894,-1.5578,0.068695,1.5059,2.6708,3.3528,4.0115,4.3834,4.4767,4.3471,3.9158,3.3935,2.3973,1.051,-0.6007,-1.9818,-3.7351,-4.7676,-4.8835,-4.5502,-4.1734,-4.0518,-4.2499,-4.7127,-5.0625,-5.0888,-4.6665,-3.8326,-3.1203,-2.2592,-1.4309,-0.68018,-0.23281,0.33198,0.8964,1.2502,1.6297,1.8792,1.9594,1.9041,1.6491,1.2146,0.77557,0.045707,-0.81564,-1.4927,-2.3263,-2.7929,-2.7005,-1.8844,-0.46493,1.1397,2.2955,3.682,4.8334,5.5343,6.2703,6.7637,7.0413,7.1153,7.0314,6.7439,6.4031,5.7964,5.0243,4.3635,3.4729,2.6056,1.8776,1.5238,1.2853,1.2859,1.3862,1.5379,1.7095,1.8508,2.0338,2.1927,2.3452,2.4622,2.5866,2.6551,2.6595,2.5519,2.2906,1.8466
0.073425,0.074842,0.023445,-0.035257,-0.072746,-0.068672,0.024907,0.15098,0.36389,0.6113,0.86601,1.0243,1.1859,1.2841,1.302,1.2637,1.1394,0.9956,0.74527,0.4504,0.13746,-0.10093,-0.42705,-0.74148,-0.97441,-1.3164,-1.7091,-2.0553,-2.597,-3.2219,-3.8215,-4.1511,-4.2615,-3.904,-3.3641,-2.4488,-1.5161,-0.69341,-0.19799,0.29222,0.58179,0.68055,0.67108,0.52927,0.37086,0.1217,-0.09928,-0.22447,-0.22155,-0.066666,0.2506,0.59081,1.1354,1.7315,2.1882,2.7821,3.3035,3.7253,3.972,4.1922,4.2841,4.2723,4.1659,3.9769,3.7326,3.5354,3.2769,3.021,2.8186,2.5001,2.0581,1.6171,0.82777,-0.29077,-1.8449,-3.3887,-6.1214,-9.9479,-13.234,-13.223,-9.2589,-6.8542,-4.5772,-3.0459,-2.0267,-1.5216,-1.1403,-1.0359,-1.103,-1.3407,-1.6832,-2.0377,-2.2274,-2.3083,-2.1633,-1.9138,-1.4736,-1.0142,-0.70531,-0.35908,-0.14287,-0.086352,-0.097424,-0.25755,-0.56009,-0.8397,-1.2418,-1.645,-1.895,-2.0907,-2.0953,-1.8988,-1.6226,-1.1539,-0.64914,-0.24437,0.25974,0.69297,1.0036,1.1676,1.2907,1.3139,1.2675,1.1408,0.92185,0.69401,0.30509,-0.17962,-0.76141,-1.2501,-1.9081,-2.5872,-3.1317,-3.9518,-4.987,-6.0774,-8.1743,-11.419,-17.918,-35.362,-16.789,-10.466,-7.77,-5.2283,-3.4596,-2.2113,-1.4684,-0.69395,-0.15148,0.13618,0.38855,0.47247,0.41812,0.1943,-0.23173,-0.88962,-1.5607,-2.7661,-4.456,-6.2152,-9.7297,-16.544,-40.989,-14.29,-7.995,-4.4005,-2.5169,-0.62884,0.76434,1.5589,2.3566,2.8817,3.1919,3.3084,3.3204,3.1695,2.9692,2.6022,2.1136,1.6546,0.99449,0.29521,-0.48547,-1.098,-1.9366,-2.7823,-3.3779,-4.1733,-4.9455,-5.4036,-5.8194,-6.0487,-5.9526,-5.6346,-4.965,-4.1283,-3.4719,-2.6461,-1.9214,-1.3437
0.79754,0.79587,0.81598,0.84677,0.87995,0.93012,0.98394,1.0123,1.0376,1.0292,0.97356,0.91398,0.80751,0.67728,0.58343,0.46256,0.36998,0.31572,0.25419,0.19871,0.11337,0.03075,-0.1579,-0.45309,-0.7658,-1.3396,-2.1522,-2.9749,-4.4464,-6.559,-9.7265,-13.286,-19.569,-15.134,-10.938,-7.331,-4.9789,-3.4019,-2.5829,-1.8663,-1.5211,-1.476,-1.6707,-2.1326,-2.626,-3.4403,-4.2909,-4.8569,-4.8701,-4.2288,-3.0212,-1.9645,-0.55026,0.74084,1.609,2.6141,3.4325,4.0955,4.4862,4.88,5.1384,5.2506,5.3017,5.2518,5.1057,4.9379,4.6369,4.2395,3.871,3.2631,2.5055,1.8172,0.69255,-0.67452,-2.3655,-3.8461,-6.0796,-8.4172,-9.7548,-10.063,-8.8685,-7.665,-6.133,-4.8742,-3.8821,-3.2891,-2.6993,-2.2848,-2.079,-1.9091,-1.8231,-1.7706,-1.745,-1.6975,-1.6094,-1.5155,-1.3638,-1.1605,-1.012,-0.80554,-0.59924,-0.35867,-0.20584,-0.028396,0.14691,0.267,0.40048,0.53151,0.62745,0.75084,0.87908,0.99864,1.0601,1.1146,1.0998,1.0103,0.80187,0.44276,-0.045636,-0.48023,-1.0888,-1.6237,-1.8855,-1.9815,-1.8045,-1.5669,-1.2124,-0.93085,-0.78301,-0.75597,-0.85407,-1.1279,-1.4392,-2.0053,-2.7602,-3.449,-4.4653,-5.603,-6.4817,-6.7074,-6.328,-5.3625,-4.4873,-3.3113,-2.2685,-1.4837,-0.99423,-0.4855,-0.16537,-0.0074515,0.085067,0.053464,-0.0481,-0.28476,-0.63743,-1.1282,-1.5858,-2.3214,-3.2002,-3.9286,-4.9122,-5.6455,-5.7833,-5.3097,-4.268,-3.0889,-2.2472,-1.2838,-0.55017,-0.14614,0.20272,0.40797,0.48526,0.47494,0.41359,0.30969,0.19528,-0.033037,-0.34517,-0.66558,-1.287,-2.0714,-3.0751,-4.0163,-5.4937,-7.3084,-8.8677,-11.025,-13.205,-14.713,-16.409,-17.79,-18.635,-17.849,-14.866,-11.511,-9.3439,-6.9725,-5.0975,-3.6066
0.70255,0.65375,0.71697,0.88249,1.0504,1.2651,1.4066,1.4418,1.3825,1.1778,0.82278,0.47758,-0.05991,-0.62851,-1.0003,-1.3605,-1.4446,-1.3242,-0.98085,-0.54275,-0.12189,0.1334,0.37486,0.44326,0.36331,0.067391,-0.48675,-1.0851,-2.1386,-3.4871,-5.0808,-6.2144,-7.0894,-6.7785,-5.9239,-4.56,-3.3396,-2.4008,-1.91,-1.5234,-1.4386,-1.579,-2.0732,-2.9842,-4.0236,-6.0448,-9.3883,-16.204,-34.109,-13.191,-6.9179,-4.0178,-1.2217,0.86085,2.1021,3.4113,4.431,5.2199,5.6783,6.1349,6.4425,6.5888,6.6819,6.6683,6.5621,6.4149,6.1288,5.7325,5.3559,4.7381,3.9801,3.3011,2.2514,1.054,-0.27165,-1.3353,-2.7601,-4.0575,-4.8641,-5.6201,-5.9381,-5.8919,-5.5319,-4.9319,-4.2681,-3.7965,-3.2406,-2.7991,-2.5556,-2.3277,-2.1971,-2.1351,-2.1311,-2.1466,-2.186,-2.2143,-2.2339,-2.2121,-2.1351,-1.9587,-1.6777,-1.2475,-0.89246,-0.31574,0.3359,0.82315,1.4427,2.0228,2.4135,2.8526,3.1834,3.3937,3.4516,3.3808,3.1354,2.7936,2.0937,1.0538,-0.3965,-1.8484,-4.4206,-7.7898,-10.122,-9.5609,-6.3982,-4.3374,-2.2896,-0.87709,0.077686,0.56609,0.95408,1.125,1.1342,1.0167,0.76987,0.55115,0.20772,-0.12541,-0.33621,-0.44621,-0.4629,-0.36412,-0.22407,-0.016563,0.15101,0.33608,0.42608,0.45272,0.42557,0.35839,0.19549,-0.013205,-0.18227,-0.41325,-0.60913,-0.76334,-0.85978,-0.95037,-1.0287,-1.0605,-1.0724,-1.0346,-0.9484,-0.775,-0.56826,-0.38614,-0.28161,-0.25025,-0.39439,-0.61693,-1.0714,-1.638,-2.2217,-2.5865,-2.8555,-2.8001,-2.6257,-2.3517,-2.1516,-2.099,-2.3221,-2.9026,-3.8289,-4.8235,-6.6414,-9.2368,-11.878,-16.722,-26.125,-43.665,-25.695,-22.636,-22.355,-21.052,-16.781,-12.605,-10.117,-7.4892,-5.4626,-3.8781
-2.6904,-2.8382,-2.1108,-0.8913,0.00051762,0.95386,1.5645,1.7966,1.7823,1.4072,0.65948,-0.18913,-1.7421,-3.7967,-5.6552,-7.8828,-8.0719,-6.6701,-4.3197,-2.3131,-0.74132,0.1666,1.0944,1.7465,2.0676,2.2851,2.2922,2.165,1.846,1.4179,0.92018,0.57534,0.19648,-0.042369,-0.11548,-0.11723,-0.063607,-0.0035662,0.023182,0.0089885,-0.099497,-0.25941,-0.61257,-1.1408,-1.6661,-2.4676,-3.2833,-3.8017,-3.7041,-2.7743,-1.1876,0.13616,1.8246,3.2994,4.2468,5.2796,6.0909,6.6753,6.9918,7.279,7.4418,7.5032,7.5257,7.5,7.4277,7.3386,7.1571,6.886,6.6094,6.1232,5.4767,4.8895,3.9493,2.7965,1.4455,0.27006,-1.5154,-3.5642,-5.2563,-7.5228,-9.1387,-9.2759,-8.2265,-6.7177,-5.3654,-4.599,-3.853,-3.4254,-3.2572,-3.2065,-3.2935,-3.4806,-3.6312,-3.8642,-4.1269,-4.3716,-4.7234,-5.1576,-5.4371,-5.6448,-5.4418,-4.7995,-3.9591,-2.522,-0.99828,0.12847,1.5461,2.7888,3.5906,4.4909,5.18,5.6509,5.8694,5.9458,5.7705,5.4759,4.8169,3.8405,2.4692,1.1549,-0.98857,-3.3648,-4.69,-4.535,-2.7545,-1.2963,0.34591,1.567,2.4561,2.9169,3.3216,3.552,3.6227,3.6225,3.5482,3.448,3.2739,3.1225,2.9296,2.7734,2.5719,2.3628,2.2011,1.9564,1.6533,1.3815,1.1331,0.74991,0.34519,-0.026146,-0.60063,-1.247,-1.7463,-2.3074,-2.5536,-2.3403,-1.9174,-1.165,-0.3673,0.1793,0.80522,1.2923,1.5461,1.7565,1.8058,1.705,1.4878,0.98713,0.21111,-0.60431,-2.0829,-4.2484,-7.2734,-10.122,-12.401,-9.6504,-7.1348,-4.6025,-3.0203,-2.2991,-1.7114,-1.6548,-2.0071,-2.5109,-3.5194,-4.8395,-6.0914,-7.751,-9.1734,-9.9105,-10.012,-9.6623,-8.923,-8.1657,-7.089,-5.933,-5.1421,-4.2217,-3.527,-3.0237
-13.468,-14.505,-7.2167,-3.1518,-1.2563,0.3688,1.3144,1.6776,1.7448,1.3712,0.55076,-0.40225,-2.1506,-4.5905,-6.9206,-10.184,-10.548,-8.5593,-5.748,-3.5194,-1.7554,-0.64091,0.60373,1.6114,2.2274,2.8613,3.2791,3.4531,3.4922,3.3397,3.0332,2.6923,2.1188,1.4598,0.92143,0.20396,-0.43612,-0.91604,-1.1158,-1.2152,-1.1907,-1.151,-1.1142,-1.1019,-1.097,-1.0743,-0.88604,-0.47979,-0.017705,0.81824,1.8286,2.6276,3.682,4.6045,5.1778,5.7665,6.13,6.2381,6.1757,5.9439,5.6095,5.3565,5.1063,5.0326,5.1182,5.2483,5.4236,5.5158,5.4894,5.3079,4.9362,4.5369,3.8197,2.8589,1.641,0.53538,-1.3152,-3.7361,-6.0635,-10.258,-15.264,-15.09,-10.936,-8.0276,-6.3467,-5.626,-5.2287,-5.3774,-5.7672,-6.5677,-7.49,-8.292,-8.6536,-8.9121,-9.0749,-9.3214,-9.9881,-11.233,-12.757,-15.816,-19.724,-17.896,-13.496,-8.6211,-5.0261,-2.8207,-0.31504,1.7184,2.9922,4.3892,5.4823,6.2795,6.7089,7.0635,7.1579,7.0801,6.7898,6.2976,5.6381,5.0799,4.3061,3.6256,3.2443,2.9618,2.9534,3.0556,3.2648,3.4878,3.65,3.7015,3.7025,3.6004,3.4794,3.2889,3.105,2.9869,2.8711,2.7726,2.6054,2.471,2.1702,1.7289,1.2751,0.58271,-0.16268,-0.99885,-1.5347,-2.0388,-2.5209,-2.9497,-3.7523,-5.1555,-6.8298,-10.325,-15.109,-12.246,-8.2202,-4.4611,-1.9746,-0.65087,0.58816,1.4014,1.771,2.0228,2.0342,1.8511,1.5741,1.0266,0.26162,-0.49631,-1.7677,-3.48,-5.5134,-6.9865,-7.8847,-6.7484,-5.3506,-3.5864,-2.1753,-1.4877,-0.86982,-0.51143,-0.44979,-0.52374,-0.72729,-0.97385,-1.2316,-1.5272,-1.7042,-1.8042,-1.779,-1.6777,-1.513,-1.3695,-1.2591,-1.286,-1.4457,-1.9424,-2.9221,-4.5344
-0.39467,-0.65371,-0.53001,-0.022737,0.40546,0.90722,1.2553,1.3702,1.341,1.065,0.52373,-0.025659,-0.97057,-2.0789,-2.9466,-3.9731,-4.7871,-5.1877,-5.4242,-5.202,-4.4589,-3.5708,-2.1069,-0.64407,0.35014,1.4598,2.2628,2.6693,2.9434,2.8893,2.5321,2.0425,1.074,-0.29324,-1.6272,-3.8494,-6.4392,-8.5364,-8.7944,-7.579,-6.1081,-5.3055,-4.7132,-4.6057,-4.7098,-4.921,-4.7705,-3.9213,-2.8678,-1.2035,0.44309,1.551,2.7955,3.7415,4.2183,4.5526,4.4738,3.9835,3.2966,1.9106,-0.036061,-1.7613,-3.6494,-3.5565,-1.8603,-0.53738,0.83386,1.6976,2.0625,2.2492,2.1869,1.9952,1.6181,1.1449,0.53274,0.0004731,-0.85409,-1.8339,-2.6174,-3.609,-4.3733,-4.6903,-4.8643,-4.8942,-5.0424,-5.3176,-6.0989,-7.4193,-8.9069,-11.809,-16.417,-23.364,-22.91,-17.677,-15.151,-14.351,-14.405,-15.285,-16.574,-18.312,-19.107,-18.092,-15.714,-11.611,-7.9037,-5.3885,-2.4895,-0.11857,1.3703,3.0052,4.2889,5.2768,5.8239,6.3384,6.6346,6.7057,6.6336,6.3786,5.9904,5.6186,5.0612,4.4723,4.0418,3.4993,3.0386,2.7586,2.4479,2.1757,1.8453,1.5464,1.039,0.34694,-0.2509,-1.0695,-1.7186,-1.9273,-1.7488,-1.335,-0.85935,-0.63978,-0.68156,-1.1746,-1.9167,-3.4469,-5.7271,-8.8861,-10.952,-10.786,-8.5666,-7.1353,-6.0637,-5.8848,-6.2189,-6.9899,-7.428,-6.5639,-5.2294,-3.3326,-1.7525,-0.8493,-0.035669,0.36545,0.46159,0.34884,0.04811,-0.38881,-0.71742,-1.1091,-1.4592,-1.6999,-1.9885,-2.2049,-2.4279,-2.5098,-2.4636,-2.2885,-2.063,-1.7415,-1.5067,-1.331,-1.3123,-1.3352,-1.3523,-1.3154,-1.1499,-0.84401,-0.48333,-0.023652,0.45908,0.82142,1.2036,1.5324,1.7514,1.7966,1.7296,1.4261,1.0205,0.17335,-1.0794,-2.8361
2.475,2.0233,1.5453,1.1772,0.98257,0.8527,0.80731,0.80879,0.80802,0.74816,0.57175,0.32857,-0.18007,-0.90657,-1.6242,-2.8601,-4.5591,-6.3133,-9.701,-15.467,-16.667,-11.107,-6.1483,-2.9067,-1.1492,0.57656,1.7741,2.3728,2.8346,2.9314,2.6313,2.1669,1.1728,-0.33229,-1.846,-4.5631,-8.2233,-11.893,-11.94,-9.3112,-7.2077,-6.3096,-6.0229,-6.7828,-8.2204,-12.004,-23.874,-15.351,-8.826,-3.9731,-0.86161,0.84198,2.5012,3.6146,4.144,4.4292,4.2462,3.5726,2.6995,0.94686,-1.6586,-4.2772,-7.8933,-7.5099,-4.5749,-2.8212,-1.3661,-0.70186,-0.59247,-0.83776,-1.3384,-1.7195,-2.0113,-1.9444,-1.6276,-1.3719,-1.0656,-0.92591,-0.93867,-1.0691,-1.2997,-1.5335,-1.917,-2.4085,-3.0289,-3.646,-4.672,-5.9962,-7.2133,-9.1227,-11.198,-12.784,-13.174,-12.852,-12.326,-12.268,-12.797,-14.137,-15.789,-19.963,-31.633,-24.724,-17.354,-11.502,-7.5637,-5.1718,-2.5519,-0.43849,0.87707,2.3247,3.4661,4.3522,4.8716,5.3738,5.6916,5.8103,5.7932,5.5872,5.1669,4.7104,3.9236,2.9334,2.1012,0.96606,-0.06575,-0.62306,-1.0066,-1.1166,-1.1701,-1.3526,-2.0075,-3.2337,-4.7625,-8.0421,-13.959,-18.018,-11.1,-6.4684,-3.7696,-2.6253,-1.8104,-1.7216,-2.0713,-3.2832,-5.0734,-7.4691,-9.0013,-8.5847,-6.4971,-4.865,-3.2793,-2.2096,-1.6619,-1.1562,-0.72375,-0.31462,0.005819,0.38654,0.63846,0.66413,0.48532,-0.018855,-0.62128,-1.7464,-3.2117,-4.8134,-5.8457,-6.4825,-6.022,-5.2364,-4.1309,-3.1426,-2.3628,-1.9207,-1.4803,-1.2171,-1.1225,-1.1871,-1.5689,-2.0424,-2.9239,-4.2237,-5.5341,-6.1268,-5.6691,-4.0199,-2.546,-0.67636,0.83673,1.7733,2.7679,3.4943,3.9821,4.202,4.3055,4.1999,3.976,3.5057,2.8616,2.0873
2.2269,1.366,0.14542,-1.1208,-1.9374,-2.6228,-2.6559,-2.2699,-1.5286,-0.77067,-0.18226,0.085369,0.21715,0.057916,-0.26996,-0.99973,-2.0179,-2.9888,-4.4057,-5.4896,-5.4669,-4.5796,-2.8291,-1.0615,0.097606,1.3876,2.3602,2.9076,3.379,3.5975,3.5401,3.3275,2.8106,2.0664,1.3808,0.35601,-0.64209,-1.4307,-1.8233,-2.0685,-2.1674,-2.2373,-2.4506,-2.8401,-3.2507,-3.7235,-3.7588,-2.9041,-1.7624,0.039409,1.7659,2.8945,4.1176,4.9843,5.4202,5.6922,5.6665,5.3064,4.8581,4.0636,3.1249,2.4211,1.6234,1.105,0.79352,0.58911,0.16237,-0.61864,-1.569,-3.5307,-6.7079,-10.241,-14.438,-9.8891,-5.6386,-3.5987,-1.7739,-0.68839,-0.21367,0.065566,0.030336,-0.16792,-0.58287,-1.167,-1.8379,-2.3869,-3.1053,-3.8314,-4.3495,-4.9883,-5.5214,-5.8986,-6.1368,-6.3427,-6.5249,-6.7262,-7.1138,-7.7303,-8.2238,-8.8136,-8.9035,-8.2445,-7.2398,-5.3907,-3.605,-2.3231,-0.89004,0.29456,1.0138,1.7861,2.3901,2.8654,3.1977,3.6041,3.9422,4.1509,4.2955,4.2369,3.8716,3.3735,2.3136,0.68911,-1.0217,-4.2366,-9.0503,-12.767,-10.277,-6.2864,-3.9217,-2.9462,-2.4432,-2.6191,-3.1595,-4.1666,-5.104,-5.2459,-4.3608,-2.8987,-1.4034,-0.57678,0.24012,0.69015,0.8454,0.78304,0.61194,0.3895,0.35701,0.49973,0.8474,1.2255,1.7191,2.1916,2.4947,2.8015,3.0137,3.1083,3.0983,2.9578,2.6365,2.2367,1.455,0.33381,-0.81415,-2.8412,-5.7157,-10.082,-15.669,-22.153,-12.924,-9.3381,-6.3145,-4.3847,-2.9671,-2.1817,-1.4142,-0.90524,-0.75025,-0.79951,-1.2395,-1.9361,-3.283,-5.6443,-9.4797,-13.499,-12.232,-6.4183,-3.3781,-0.48732,1.6636,2.8724,4.1438,5.0875,5.7357,6.0851,6.3486,6.4249,6.3638,6.1443,5.7607,5.2368
0.40137,-0.91556,-3.2617,-6.5882,-10.421,-19.58,-14.9,-9.6873,-5.6833,-3.2102,-1.559,-0.69723,0.094047,0.52842,0.67666,0.67267,0.50288,0.31067,0.029034,-0.16977,-0.16953,-0.0462,0.27861,0.76162,1.1759,1.7491,2.3148,2.7076,3.1591,3.4767,3.67,3.6968,3.5951,3.3431,3.0588,2.6092,2.0968,1.5759,1.2171,0.80116,0.47833,0.29383,0.162,0.18018,0.29538,0.59138,1.1139,1.8149,2.4469,3.3606,4.2763,4.9154,5.645,6.2088,6.4938,6.7002,6.7139,6.5302,6.2841,5.8332,5.2947,4.858,4.2633,3.6623,3.0598,2.5697,1.8242,0.89784,0.032121,-1.3949,-3.0726,-4.267,-4.9882,-4.1653,-2.6116,-1.4584,-0.27868,0.44792,0.72626,0.74365,0.39367,-0.08681,-0.9683,-2.0644,-3.2579,-4.0564,-4.8017,-5.0613,-4.9518,-4.5685,-4.0897,-3.6368,-3.3537,-3.0167,-2.7914,-2.6627,-2.5149,-2.446,-2.3934,-2.2497,-2.0278,-1.7117,-1.3255,-0.84852,-0.35176,-0.032666,0.23674,0.30812,0.19342,-0.18956,-0.75414,-1.2807,-1.4352,-1.0528,-0.1299,0.69219,1.676,2.3373,2.6115,2.5288,2.0078,1.0137,-0.082322,-1.9032,-3.8045,-4.6752,-4.3978,-3.1211,-1.7988,-1.0739,-0.37136,-0.03246,0.093517,0.17515,0.27292,0.4137,0.68773,1.149,1.6167,1.9949,2.4729,2.851,3.0594,3.3482,3.4969,3.6577,3.7718,3.8887,4.0668,4.1731,4.3394,4.4805,4.5562,4.6237,4.6027,4.5001,4.3444,4.014,3.5331,3.0666,2.2426,1.1775,0.21635,-1.2749,-2.9511,-4.6901,-5.7974,-6.768,-6.944,-6.6776,-5.962,-5.0171,-3.9532,-3.1215,-2.1022,-1.2643,-0.80802,-0.42467,-0.24905,-0.33245,-0.60122,-0.96545,-1.2779,-1.2794,-0.82911,0.068687,0.97049,2.2178,3.3941,4.1932,5.1012,5.8361,6.4024,6.7199,7.0056,7.1472,7.1682,7.0818,6.8748,6.5428
-0.26701,-1.2309,-2.7438,-4.4655,-5.6888,-6.739,-6.5292,-5.6236,-4.0845,-2.5545,-1.2587,-0.42705,0.44188,1.0724,1.4025,1.6708,1.7269,1.669,1.4748,1.1609,0.77287,0.46824,0.089509,-0.16999,-0.20807,0.0011319,0.52172,1.0336,1.787,2.4832,3.0364,3.3369,3.5686,3.586,3.4751,3.1648,2.6812,2.0484,1.5046,0.72473,0.0079734,-0.39366,-0.61023,-0.38678,0.07056,0.92482,1.9203,2.9458,3.6918,4.6108,5.4247,5.9484,6.5181,6.9307,7.1293,7.252,7.1778,6.9622,6.695,6.2231,5.649,5.1763,4.5288,3.9113,3.3792,3.0523,2.7066,2.4339,2.2613,2.0633,1.913,1.8705,1.9502,2.1515,2.4626,2.68,2.8684,2.8652,2.6845,2.1696,1.288,0.3457,-1.3913,-3.8013,-7.2285,-10.815,-15.94,-12.897,-9.5182,-6.4034,-4.3299,-2.8803,-2.0235,-1.1531,-0.48179,-0.079177,0.33306,0.68817,0.89563,1.1209,1.3091,1.489,1.591,1.6365,1.6119,1.4658,1.118,0.44874,-0.33314,-1.9389,-4.6008,-9.4645,-17.966,-13.887,-5.8305,-2.6585,0.061943,1.7744,2.8368,3.2841,3.5325,3.4548,3.246,2.8562,2.4691,2.2294,2.0523,2.0358,2.0865,2.1449,2.1974,2.2065,2.1947,2.14,2.1086,2.1169,2.192,2.3648,2.602,2.8632,3.2232,3.6096,3.8847,4.2036,4.4824,4.7007,4.7987,4.9056,4.9515,4.9612,4.962,4.9328,4.8986,4.832,4.7355,4.5923,4.4449,4.177,3.7986,3.4318,2.8241,2.0634,1.3867,0.31877,-0.92737,-2.296,-3.4488,-5.1425,-7.0058,-8.3969,-9.72,-9.1614,-7.0825,-5.3758,-3.3422,-1.7605,-0.80658,0.14894,0.78067,1.1631,1.4428,1.685,1.8979,2.0857,2.4127,2.8685,3.233,3.826,4.4026,4.8333,5.3723,5.8172,6.1999,6.411,6.6279,6.7579,6.8068,6.8146,6.7787,6.6969
-0.11385,-0.61174,-1.3374,-2.0468,-2.4679,-2.8456,-2.8694,-2.6447,-2.0377,-1.2093,-0.26501,0.44064,1.2972,2.0199,2.4275,2.7708,2.881,2.7878,2.4222,1.7455,0.67606,-0.40471,-2.2888,-4.6388,-6.2771,-6.5293,-4.3776,-2.4431,-0.26511,1.4152,2.6125,3.2614,3.821,4.0649,4.0524,3.7531,3.1346,2.1501,1.1076,-0.75196,-3.3027,-5.6567,-8.0751,-6.4136,-3.896,-0.89832,1.377,3.1419,4.2014,5.3456,6.2364,6.7582,7.2891,7.6265,7.766,7.781,7.6089,7.2309,6.813,6.0743,5.1165,4.2727,3.0517,1.9047,1.141,1.0245,1.4616,2.3044,3.0071,3.8904,4.6494,5.1286,5.6428,6.0352,6.2914,6.3784,6.342,6.1037,5.7658,5.0823,4.1003,3.1456,1.5381,-0.46196,-2.8059,-4.5657,-6.123,-5.8995,-4.9066,-3.3777,-1.997,-0.83731,-0.087814,0.75621,1.4767,1.9308,2.4304,2.8223,3.0584,3.273,3.4084,3.4717,3.4342,3.3927,3.2517,3.1031,2.8006,2.347,1.8836,1.0908,0.12879,-0.75419,-1.0736,-0.63089,0.66682,1.8344,3.304,4.5107,5.3981,5.8654,6.2533,6.4034,6.4034,6.2597,6.0088,5.773,5.4161,5.0314,4.6188,4.314,3.8537,3.4006,3.0359,2.5509,2.0653,1.7318,1.4271,1.2773,1.4855,1.7993,2.3971,3.1069,3.6436,4.1985,4.6397,4.8677,4.9296,4.8972,4.7058,4.5426,4.2731,4.0471,3.9292,3.826,3.7997,3.7873,3.7771,3.7368,3.6335,3.4995,3.2551,2.897,2.5313,1.895,1.0484,-0.09318,-1.1852,-3.0846,-5.7794,-8.5104,-12.944,-11.882,-7.2896,-4.6441,-2.1178,-0.34942,0.62857,1.5832,2.2135,2.5239,2.8197,2.9555,3.0568,3.1137,3.2113,3.3769,3.5585,3.8344,4.1982,4.4697,4.8219,5.1388,5.3581,5.4681,5.5301,5.5249,5.4968,5.482,5.5294,5.6889
-1.248,-1.5806,-2.23,-3.0265,-3.7211,-4.6103,-5.158,-5.163,-4.4131,-3.0719,-1.4729,-0.32598,1.0323,2.1566,2.8049,3.4026,3.7136,3.7132,3.4072,2.7206,1.5685,0.34923,-1.887,-4.9586,-7.4803,-8.1516,-5.0876,-2.7704,-0.34895,1.397,2.6768,3.3926,4.0584,4.4429,4.5365,4.3975,3.9374,3.1074,2.2003,0.56161,-1.6541,-3.5769,-5.3117,-4.2055,-2.2486,0.2224,2.1849,3.6888,4.5757,5.5259,6.2475,6.6675,7.0838,7.3435,7.4338,7.3977,7.2086,6.7692,6.275,5.3303,3.9644,2.5533,-0.1123,-4.4471,-13.153,-12.762,-4.1304,0.29436,2.489,4.604,6.1363,7.0101,7.8787,8.4913,8.861,9.0008,9.0072,8.8005,8.5122,7.9402,7.1587,6.45,5.3636,4.1602,2.9305,2.056,1.0316,0.30675,-0.046016,-0.24888,-0.17082,0.17548,0.55887,1.196,1.8907,2.3748,2.9708,3.3797,3.5855,3.7132,3.6852,3.5199,3.3447,3.159,3.0142,3.0296,3.1374,3.3601,3.5535,3.8234,4.0987,4.4229,4.7319,5.2129,5.8172,6.2918,6.9246,7.5006,7.9455,8.1924,8.3844,8.4076,8.32,8.0595,7.6369,7.2298,6.5618,5.7617,4.8802,4.1764,3.2293,2.2903,1.572,0.59566,-0.561,-1.6338,-3.3829,-5.0805,-5.1416,-3.8139,-1.3235,0.84109,2.0857,3.2972,3.9916,4.1949,4.0921,3.573,2.7157,1.9012,0.76272,-0.077587,-0.32882,-0.16676,0.29849,0.7725,1.0604,1.3445,1.6062,1.8046,2.0979,2.3902,2.5613,2.7117,2.6829,2.4213,2.1194,1.535,0.8604,0.40839,0.024247,0.1097,0.57733,1.088,1.7811,2.3572,2.6907,2.9186,3.0017,2.8797,2.6796,2.2912,1.8308,1.4656,1.0365,0.72069,0.71627,0.89378,1.378,1.8089,2.3607,2.8195,3.0215,3.0277,2.7681,2.2498,1.7397,1.0855,0.7637,1.1497
-3.94,-4.1418,-4.8925,-6.2756,-7.8651,-11.064,-17.153,-25.323,-15.019,-8.7856,-5.0084,-2.9194,-0.74562,0.88832,1.8442,2.7909,3.3891,3.62,3.6513,3.3782,2.8542,2.2977,1.4542,0.59281,0.080161,-0.28674,-0.25919,-0.023431,0.46249,1.043,1.6819,2.1586,2.7591,3.2707,3.5581,3.8068,3.8429,3.6674,3.4188,2.9544,2.4208,2.0786,1.8085,1.8136,1.9986,2.3711,2.7857,3.1682,3.4136,3.6938,3.9336,4.1107,4.3226,4.5265,4.6468,4.7551,4.7462,4.6052,4.3797,3.8831,3.1441,2.4186,1.2267,0.019385,-0.69909,-0.47705,0.82477,2.6245,3.9528,5.5196,6.8024,7.5836,8.4102,9.0066,9.389,9.5481,9.5925,9.4517,9.2289,8.7748,8.1495,7.5659,6.652,5.5757,4.3576,3.3449,1.862,0.1981,-1.1415,-2.9588,-4.3629,-4.5794,-3.8719,-2.31,-0.77106,0.19408,1.1762,1.7795,1.9785,1.9152,1.4435,0.57191,-0.2354,-1.5531,-2.3939,-2.3059,-1.1507,0.50102,1.7034,3.0791,4.205,5.0973,5.661,6.2903,6.8187,7.1577,7.5366,7.8368,8.041,8.1345,8.1484,8.0366,7.8348,7.4207,6.7889,6.1529,5.0558,3.6514,1.9264,0.45715,-1.4544,-2.9464,-3.4997,-3.7791,-4.1556,-4.833,-6.678,-9.6272,-10.191,-7.2381,-3.1035,-0.19574,1.2992,2.6214,3.2489,3.2618,2.8448,1.6531,-0.35076,-2.678,-7.4788,-16.982,-16.093,-8.6934,-5.6324,-4.3432,-4.0989,-4.3054,-4.5405,-4.2186,-2.9854,-1.2771,-0.029199,1.3613,2.3871,3.0946,3.4376,3.7025,3.811,3.807,3.784,3.7206,3.6363,3.5329,3.3407,3.0576,2.7539,2.202,1.5338,0.91379,-0.075879,-1.2145,-2.6316,-3.9136,-5.935,-8.1978,-9.1929,-8.1965,-5.8627,-4.1417,-2.3924,-1.2885,-0.7366,-0.72574,-1.2725,-2.5831,-4.2639,-8.1911,-16.931,-14.027
-4.9878,-5.1591,-5.7806,-6.8166,-7.7516,-9.1212,-10.079,-10.244,-9.1745,-7.1639,-4.8737,-3.2744,-1.339,0.26864,1.2771,2.3567,3.1224,3.5241,3.8191,3.8476,3.6422,3.3487,2.7969,2.1183,1.5345,0.68049,-0.22926,-0.89597,-1.6811,-2.065,-1.8691,-1.3287,-0.26911,0.8478,1.6218,2.4667,3.0836,3.4743,3.6287,3.6809,3.6045,3.4761,3.2239,2.9078,2.6009,2.128,1.5586,0.90051,0.38151,-0.28515,-0.75517,-0.91007,-0.79855,-0.42559,-0.042665,0.51065,0.97783,1.4218,1.6877,1.9707,2.1649,2.2758,2.4172,2.6197,2.9626,3.3413,4.0155,4.831,5.4869,6.351,7.1461,7.6641,8.2604,8.6977,8.9999,9.1248,9.1615,9.0581,8.8821,8.5239,8.0121,7.517,6.7038,5.6978,4.4606,3.3575,1.5787,-0.70312,-2.9086,-7.0226,-14.045,-16.227,-10.305,-5.5994,-2.8068,-1.3543,-0.089536,0.66192,0.88856,0.73503,0.017437,-1.3922,-3.2003,-7.0418,-14.906,-15.12,-6.6471,-2.1471,0.047664,2.1398,3.5896,4.6117,5.1456,5.6761,6.0001,6.1687,6.3125,6.3942,6.4688,6.501,6.5158,6.4588,6.3405,6.018,5.4566,4.8186,3.6157,1.8771,-0.64491,-3.3525,-9.2422,-27.417,-14.23,-7.2682,-4.2059,-2.891,-1.7217,-0.90922,0.036549,0.81545,2.0058,3.096,3.8067,4.424,4.6624,4.498,4.0617,3.0979,1.6269,0.28211,-1.7492,-3.4109,-4.0049,-4.0768,-4.0682,-4.6637,-5.7709,-8.7253,-15.675,-21.286,-9.8008,-4.3735,-1.7795,0.62771,2.308,3.5065,4.13,4.7107,5.0345,5.1377,5.107,4.8851,4.4983,4.0849,3.3616,2.4261,1.574,0.28657,-1.2342,-2.3522,-3.9935,-5.4557,-6.9697,-8.2624,-10.433,-13.642,-15.495,-13.538,-9.4427,-7.1603,-4.8678,-3.4664,-2.6532,-2.4452,-2.5603,-3.1572,-3.8588,-4.9222,-5.6282,-5.2577
-4.1835,-4.7513,-5.6938,-6.7117,-7.532,-8.4021,-8.8283,-8.6273,-7.7428,-6.2554,-4.4984,-3.1181,-1.3581,0.21841,1.2565,2.4068,3.2927,3.7766,4.1932,4.3576,4.2498,4.0158,3.4655,2.6416,1.815,0.36612,-1.6055,-3.6103,-7.4784,-13.808,-14.253,-9.1005,-4.61,-1.7681,-0.22941,1.269,2.3357,3.0691,3.4291,3.7024,3.7563,3.6454,3.3062,2.731,2.1189,1.0277,-0.46233,-2.4482,-4.3576,-7.4791,-10.659,-11.504,-9.8521,-7.6928,-6.4011,-5.0701,-3.8948,-2.8474,-2.0567,-1.0146,-0.038792,0.63065,1.4663,2.2085,2.9266,3.4581,4.1697,4.873,5.3883,6.0391,6.6249,7.0153,7.4279,7.7405,7.9367,8.0164,8.0391,7.969,7.8596,7.6299,7.2935,6.9666,6.3981,5.6726,4.76,3.9455,2.6894,1.2702,0.13713,-1.3324,-2.4414,-2.86,-2.645,-1.8906,-0.93375,-0.23057,0.6201,1.2319,1.5379,1.6989,1.5783,1.1579,0.72632,0.13066,-0.164,-0.022062,0.73442,1.7966,2.6016,3.5207,4.1842,4.5718,4.6977,4.6282,4.3592,4.0497,3.594,3.2202,3.0786,3.1733,3.5412,4.0138,4.3607,4.6651,4.733,4.5952,4.1365,3.3475,2.2833,1.3393,0.20275,-0.43001,-0.3343,0.41513,1.4808,2.2838,3.2844,4.1909,5.004,5.5773,6.2728,6.8518,7.1739,7.4728,7.5467,7.3781,7.1195,6.5654,5.8348,5.1836,4.2912,3.4094,2.7949,2.0189,1.2546,0.42199,-0.23445,-1.0724,-1.5944,-1.5184,-0.77712,0.47616,1.512,2.8116,3.9273,4.8002,5.3081,5.7834,6.0293,6.0809,5.9339,5.5742,4.9608,4.3373,3.2342,1.7793,0.40435,-1.8274,-4.7985,-7.4225,-11.275,-13.218,-11.821,-10.441,-9.1811,-8.1473,-7.5661,-6.5004,-5.4311,-4.5615,-3.6242,-2.8397,-2.3521,-2.122,-2.0254,-2.0859,-2.1903,-2.3287,-2.43,-2.4382
-3.9054,-4.975,-6.6525,-8.6991,-10.587,-13.671,-17.178,-17.274,-13.514,-9.5597,-6.3765,-4.3969,-2.1816,-0.34244,0.81307,2.0746,3.0562,3.6035,4.0991,4.3375,4.3242,4.1504,3.6954,2.9666,2.2367,1.0181,-0.54663,-1.9051,-3.8896,-5.4358,-5.6351,-4.8139,-3.1913,-1.5926,-0.55346,0.599,1.5002,2.1866,2.5719,2.9231,3.0414,2.9824,2.6908,2.1093,1.4788,0.28197,-1.3776,-3.6182,-5.7747,-9.364,-13.232,-14.532,-13.389,-12.082,-11.768,-11.925,-11.51,-9.9449,-8.1594,-5.8186,-3.8454,-2.6331,-1.3624,-0.34533,0.49659,1.0799,1.8441,2.5949,3.1478,3.831,4.4077,4.7613,5.0571,5.2248,5.2395,5.1986,5.1243,5.0649,5.0584,5.0716,5.0853,5.062,4.9279,4.6382,4.1685,3.6947,2.9321,2.0328,1.3113,0.36311,-0.47828,-1.0848,-1.2884,-1.2205,-0.77214,-0.27422,0.55668,1.3766,1.9403,2.5774,3.0532,3.3648,3.5702,3.7233,3.9191,4.054,4.2786,4.4814,4.6088,4.6652,4.5578,4.2077,3.7913,2.8958,1.6347,0.35008,-1.8723,-4.5437,-6.3228,-5.4399,-2.6801,-0.1357,1.3575,2.8571,3.887,4.4085,4.8163,4.9716,4.9582,4.8964,4.8239,4.8477,4.9599,5.2563,5.7125,6.1233,6.7093,7.3389,7.9285,8.3649,8.8667,9.2985,9.5207,9.7276,9.7822,9.668,9.494,9.1159,8.6261,8.177,7.5291,6.8114,6.2557,5.52,4.7994,4.1261,3.6714,3.1968,2.9172,2.861,2.9997,3.3578,3.7296,4.3009,4.889,5.4106,5.7494,6.0696,6.2231,6.2202,6.0305,5.6363,4.9788,4.3191,3.182,1.7138,0.3275,-1.8544,-4.7108,-7.1255,-10.807,-12.232,-10.495,-8.7615,-6.9159,-5.4937,-4.753,-3.9022,-3.3183,-2.9452,-2.6825,-2.5168,-2.5389,-2.5806,-2.7078,-2.7841,-2.7897,-2.7934,-2.7818,-2.9178
-4.2566,-5.5489,-7.4456,-9.6063,-11.245,-13.717,-15.707,-15.543,-12.92,-9.6212,-6.7016,-4.7879,-2.6484,-0.84204,0.26175,1.4929,2.4577,3.0084,3.524,3.8024,3.8659,3.7641,3.4569,2.9636,2.4974,1.748,0.91294,0.26776,-0.52575,-1.1675,-1.569,-1.6739,-1.6295,-1.3942,-1.1486,-0.71132,-0.1862,0.37289,0.78943,1.2658,1.61,1.7605,1.7589,1.4945,1.1298,0.38101,-0.61801,-1.9022,-2.9881,-4.5372,-6.0597,-7.1519,-8.5761,-10.362,-12.24,-16.149,-21.65,-16.691,-12.426,-8.7632,-6.4785,-5.385,-4.5261,-4.1081,-3.9372,-3.7383,-3.1214,-2.0345,-1.0753,0.12045,1.0379,1.4666,1.699,1.4891,0.90091,0.28451,-0.53771,-0.9216,-0.71737,0.077927,1.0709,1.7169,2.3472,2.657,2.6506,2.449,1.911,1.0858,0.272,-1.0697,-2.7198,-4.5733,-5.8508,-6.5156,-5.3596,-3.8023,-1.7366,0.095657,1.2218,2.4516,3.3758,4.0849,4.4967,4.8792,5.143,5.2604,5.3117,5.2383,5.0937,4.7701,4.2682,3.5426,2.8328,1.6229,0.043291,-1.44,-3.9636,-7.1331,-9.2752,-8.1001,-4.663,-1.6374,0.15825,2.0469,3.4521,4.2476,5.023,5.5442,5.8443,5.9988,6.0984,6.1946,6.28,6.4694,6.7644,7.074,7.5782,8.1725,8.7822,9.2415,9.7792,10.236,10.511,10.735,10.82,10.76,10.601,10.276,9.8037,9.385,8.7175,7.9766,7.3693,6.5348,5.6676,4.8258,4.2164,3.4874,2.9284,2.6262,2.4901,2.6318,2.8837,3.3828,3.9506,4.5016,4.8695,5.2321,5.451,5.4813,5.3855,5.0681,4.5594,4.0292,3.1489,2.0727,1.1735,-0.17494,-1.535,-2.5116,-3.4965,-4.0655,-4.1441,-3.9558,-3.4842,-3.0334,-2.6622,-2.4092,-2.3123,-2.4503,-2.8051,-3.5014,-4.4477,-5.2678,-6.223,-6.6205,-6.4083,-5.6929,-4.8399,-4.2115
-4.4096,-6.0159,-8.3505,-10.43,-11.589,-11.941,-11.301,-10.262,-8.5928,-6.7288,-4.8916,-3.5578,-1.9427,-0.50662,0.43886,1.499,2.3302,2.8026,3.2462,3.4819,3.5078,3.4103,3.1412,2.7451,2.3724,1.7964,1.1941,0.70935,0.068154,-0.62865,-1.3348,-1.9013,-2.6816,-3.4628,-3.9334,-4.1956,-3.8003,-2.8232,-1.9304,-0.78488,0.20969,0.77153,1.2628,1.4825,1.4501,1.2222,0.75657,0.12037,-0.46634,-1.3255,-2.2441,-2.9524,-3.9263,-4.9133,-5.5725,-6.3281,-6.6112,-6.3633,-5.8862,-5.1791,-4.695,-4.6686,-5.2224,-6.8425,-10.14,-14.702,-16.322,-8.7489,-5.2872,-2.3621,-0.65001,0.0055099,0.21576,-0.44648,-2.064,-4.216,-9.4188,-25.063,-13.235,-5.8141,-2.2443,-0.58298,0.82176,1.6077,1.9264,1.9101,1.5572,0.84626,0.047607,-1.4619,-3.6534,-6.9918,-10.707,-14.975,-9.5091,-5.8237,-2.3285,0.05745,1.4334,2.8469,3.9157,4.719,5.1253,5.556,5.753,5.8108,5.7305,5.5079,5.2272,4.7248,4.0519,3.2358,2.491,1.4242,0.22306,-0.68057,-1.7497,-2.4146,-2.4981,-2.0457,-0.93801,0.51231,1.6541,3.085,4.3006,5.0278,5.7499,6.18,6.3485,6.3045,6.089,5.7374,5.4701,5.2301,5.2809,5.5821,6.3327,7.2915,8.346,9.0712,9.957,10.65,11.06,11.424,11.58,11.541,11.379,11.002,10.441,9.9118,9.0787,8.1309,7.3555,6.2335,5.0413,3.755,2.7284,1.2609,-0.23879,-1.2142,-1.9476,-1.6274,-0.81226,0.56119,1.8705,2.9581,3.5808,4.1997,4.5728,4.7157,4.7285,4.5537,4.2263,3.862,3.2204,2.4069,1.7243,0.63242,-0.38077,-1.191,-1.925,-2.3541,-2.3256,-2.0826,-1.6326,-1.1383,-0.85731,-0.66615,-0.77191,-1.1282,-1.9758,-3.476,-5.8111,-8.5354,-14.749,-26.433,-15.232,-9.0704,-5.9278,-3.9747
-3.0533,-5.2985,-9.3659,-16.541,-32.216,-17.821,-11.592,-8.9872,-6.5283,-4.6672,-3.0708,-2.0358,-0.75494,0.36036,1.1315,2.0188,2.7071,3.1017,3.4309,3.5239,3.3872,3.1595,2.7019,2.1218,1.6433,1.0401,0.48232,0.11108,-0.3953,-0.96953,-1.7586,-2.6268,-4.2724,-6.8728,-9.8993,-16.699,-14.392,-7.8826,-4.8311,-2.0105,-0.12786,0.85984,1.7806,2.3252,2.5266,2.5664,2.3719,2.0349,1.704,1.1857,0.6418,0.24406,-0.21199,-0.54756,-0.72112,-0.81937,-0.75776,-0.57715,-0.40496,-0.22001,-0.19396,-0.32767,-0.80616,-1.6902,-2.7751,-3.3928,-3.2069,-1.7211,-0.33985,1.2847,2.3917,2.8935,3.031,2.6696,1.8149,0.91073,-0.34458,-1.095,-0.99427,-0.14104,0.87774,1.5367,2.192,2.5719,2.7158,2.6895,2.5311,2.194,1.839,1.2202,0.48991,-0.20597,-0.56985,-0.66233,-0.11204,0.63441,1.7366,2.861,3.6273,4.5096,5.2559,5.8184,6.1265,6.396,6.4826,6.4182,6.1846,5.7713,5.367,4.6972,3.9084,3.0217,2.2661,1.1127,-0.26877,-1.4556,-3.1253,-4.3909,-4.1641,-2.8595,-0.55488,1.7606,3.2628,4.944,6.2182,6.9278,7.5325,7.7382,7.5566,7.1193,6.1452,4.5923,2.9923,0.33659,-1.6089,-0.77981,2.3205,5.2294,7.5453,8.8939,10.34,11.407,11.972,12.497,12.724,12.663,12.458,11.927,11.154,10.396,9.2178,7.8452,6.7635,5.2852,3.8411,2.3486,1.117,-0.94542,-4.1009,-7.9984,-22.75,-11.521,-5.7146,-1.6361,0.82443,2.3935,3.1498,3.7977,4.1062,4.2221,4.2191,4.1736,4.0209,3.8542,3.4726,2.8483,2.1269,0.87391,-0.87253,-2.5007,-4.8522,-5.9422,-4.5566,-2.8383,-0.7573,0.80763,1.5864,2.2664,2.449,2.3401,1.7445,0.78211,-0.61272,-1.8095,-3.3352,-4.0409,-3.8319,-2.8467,-1.6645,-0.57818
1.3238,-0.080928,-2.0703,-3.8243,-4.7796,-5.0142,-4.5387,-3.9684,-3.2554,-2.598,-1.9858,-1.4766,-0.63612,0.3123,1.0521,1.9948,2.7748,3.2051,3.5024,3.4517,3.0513,2.4929,1.4058,0.014155,-1.0908,-2.3003,-2.808,-2.6367,-2.1201,-1.6208,-1.5126,-1.6748,-2.3622,-3.4399,-4.3995,-5.1827,-4.6525,-2.9416,-1.4896,0.26344,1.6142,2.3804,3.1104,3.5125,3.664,3.6184,3.3998,2.9818,2.5967,2.0059,1.4094,1.0381,0.74055,0.77076,0.98273,1.5354,2.2001,2.9179,3.4155,4.0026,4.4571,4.7164,4.945,5.1266,5.2984,5.4753,5.8408,6.346,6.7679,7.3047,7.7205,7.9115,7.9579,7.7946,7.4203,7.0661,6.5082,5.962,5.5747,5.1209,4.6752,4.3092,3.8052,3.3059,2.9162,2.7516,2.7336,2.8918,3.0613,3.2994,3.4946,3.6609,3.7616,3.9545,4.1772,4.3841,4.6678,4.9997,5.25,5.6149,5.9754,6.3045,6.5667,6.7073,6.7255,6.5568,6.1076,5.3686,4.6729,3.6169,2.61,1.7557,1.2934,0.61171,-0.35611,-1.5643,-4.3535,-9.4004,-9.8522,-4.3797,0.7279,4.1051,5.9921,7.8437,9.1344,9.7819,10.257,10.316,9.9358,9.3816,8.1758,6.4202,4.6301,1.6932,-0.58265,0.18113,3.3104,6.2678,8.5738,9.9983,11.467,12.589,13.222,13.763,14.012,13.938,13.651,12.968,11.882,10.802,8.918,6.5464,4.4833,1.7773,0.12651,0.037246,0.33065,0.47936,0.18887,-0.12375,-0.27776,0.28657,1.1437,2.3403,3.3077,3.8608,3.995,3.7771,3.2423,2.7144,2.2069,2.1873,2.6737,3.1682,3.7097,3.8749,3.6512,2.8847,1.2178,-0.59392,-4.1225,-6.3627,-3.0108,-0.14248,2.7519,4.6596,5.6947,6.5358,6.943,7.0008,6.7859,6.3041,5.6421,5.075,4.3133,3.6027,3.1387,2.6492,2.3185,2.2104
4.7318,3.876,2.7924,1.8023,1.163,0.3909,-0.29812,-0.90853,-1.8845,-3.1931,-4.8127,-5.7483,-5.5436,-3.499,-1.7306,0.25926,1.7408,2.4448,2.9391,2.9316,2.3745,1.5354,-0.22623,-3.082,-6.4806,-15.577,-17.299,-9.4279,-4.8002,-2.4409,-1.0719,-0.43243,0.075115,0.32505,0.46424,0.69383,1.0385,1.5438,1.9871,2.5486,3.0069,3.266,3.4313,3.4296,3.2943,2.9898,2.5079,1.7922,1.0659,-0.14783,-1.7166,-3.0212,-4.3733,-4.0122,-2.5375,-0.18,1.9206,3.683,4.7688,5.9686,6.9499,7.5568,8.2499,8.8437,9.3606,9.7227,10.182,10.602,10.888,11.204,11.431,11.5,11.494,11.301,10.944,10.569,9.9286,9.1137,8.3817,7.1857,5.7458,4.4539,2.3896,0.029591,-2.0648,-2.6392,-1.723,0.052747,1.3068,2.6746,3.6865,4.3627,4.6961,4.9417,4.932,4.7402,4.3848,3.8528,3.4845,3.2334,3.4245,4.0764,4.651,5.3259,5.6426,5.6103,5.0487,3.8484,2.375,-0.50147,-4.4099,-6.0027,-3.775,-0.67416,1.3109,2.2196,3.0183,3.7721,4.8272,5.8986,7.5268,9.1301,10.189,11.333,12.158,12.547,12.772,12.674,12.26,11.766,10.893,9.8565,9.0781,8.132,7.5853,7.5279,7.9216,8.783,9.8496,10.737,11.851,12.84,13.465,14.065,14.394,14.426,14.205,13.603,12.549,11.417,9.3456,6.3879,3.2847,-2.6952,-6.3239,-1.3552,1.2532,3.2926,4.4656,5.0129,5.483,5.8128,5.9949,6.1387,6.0615,5.6339,5.027,3.6263,1.2501,-1.6937,-8.9049,-9.9978,-1.875,1.3484,4.0122,5.5829,6.3156,6.7493,6.8202,6.7924,6.6921,6.9043,7.4746,8.1058,8.9888,9.8261,10.299,10.731,10.916,10.87,10.644,10.173,9.5223,8.9152,7.9488,6.7986,5.7977,4.1791,2.1296,-0.40422
4.312,3.5893,2.8101,2.2092,1.839,1.2859,0.57416,-0.17263,-1.613,-3.8696,-7.3804,-11.049,-11.49,-6.4618,-3.676,-1.0656,0.61775,1.4293,2.0338,2.159,1.8319,1.3154,0.31791,-1.0629,-2.1593,-3.357,-3.7098,-3.3291,-2.4539,-1.5126,-0.73893,-0.32292,0.14907,0.51067,0.76283,1.0361,1.3232,1.557,1.689,1.7518,1.6728,1.4944,1.1016,0.59707,0.14395,-0.40128,-0.96463,-1.5011,-2.0511,-3.2194,-5.1831,-7.6191,-12.237,-11.333,-6.8347,-2.3686,0.70067,2.8993,4.2143,5.6129,6.7444,7.4639,8.3032,9.0171,9.673,10.13,10.689,11.189,11.52,11.883,12.131,12.236,12.239,12.069,11.719,11.306,10.572,9.5872,8.6645,7.1418,5.2018,3.4261,0.42146,-3.6941,-9.3733,-11.605,-7.1514,-3.2096,-1.1941,0.72502,2.0863,3.0094,3.462,3.653,3.4244,2.9089,1.6164,-0.69286,-3.4259,-9.0452,-8.0789,-2.3254,0.35504,2.8161,4.1253,4.6024,4.6167,3.9334,2.9563,1.0762,-0.9777,-1.4678,-0.065048,2.4578,4.6511,5.9922,7.472,8.6934,9.7973,10.555,11.511,12.347,12.869,13.41,13.724,13.806,13.699,13.334,12.738,12.118,11.134,9.9589,8.9946,7.6701,6.4287,5.7249,5.3289,5.7716,6.8946,7.9248,9.3712,10.688,11.503,12.433,13.047,13.382,13.465,13.272,12.794,12.217,11.211,9.9703,8.9749,7.8222,7.1057,6.9408,7.0725,7.3487,7.5812,7.6808,7.7247,7.684,7.5816,7.3854,7.0724,6.6093,6.0962,5.2008,4.0265,3.0343,2.0817,2.2295,3.5888,4.9164,6.5778,7.9249,8.722,9.5307,10.18,10.528,10.973,11.372,11.767,12.06,12.421,12.705,12.825,12.88,12.755,12.546,12.094,11.466,10.644,9.9151,8.7931,7.4927,6.3684,4.6178,2.3805,-0.41208
-0.34879,-1.5432,-1.8145,-0.98583,-0.23771,0.52262,0.86546,0.88055,0.54899,-0.031669,-0.63239,-0.98645,-1.1304,-0.76042,-0.33613,0.31202,0.79671,1.1114,1.3504,1.446,1.383,1.2566,0.93034,0.50931,0.16892,-0.33282,-0.74391,-1.0089,-1.3634,-1.6117,-1.8469,-2.0137,-2.0718,-2.0067,-1.7833,-1.4343,-1.0347,-0.74464,-0.64684,-0.74201,-1.1399,-1.7227,-2.9005,-4.5485,-6.0896,-7.7402,-7.7956,-6.3863,-5.2461,-4.1954,-3.5807,-3.325,-2.8244,-2.0456,-1.1633,0.10885,1.4361,2.5594,3.3415,4.2125,4.9574,5.4641,6.1108,6.7649,7.442,7.9692,8.6785,9.3771,9.866,10.449,10.903,11.156,11.325,11.317,11.084,10.751,10.083,9.1481,8.2647,6.8497,5.1372,3.7101,1.6385,-0.41431,-2.0612,-2.8029,-3.0779,-2.5366,-1.8114,-0.64444,0.47874,1.4492,2.0265,2.4474,2.547,2.3686,1.6594,0.48443,-0.59084,-1.6869,-1.3342,0.49605,1.9393,3.6814,4.8565,5.4504,5.9053,6.0397,6.0294,5.9709,6.0196,6.3406,6.8247,7.6768,8.6995,9.4781,10.494,11.415,12.248,12.78,13.385,13.832,14.061,14.212,14.148,13.968,13.533,12.871,11.991,11.162,9.8348,8.205,6.7109,4.2841,0.89454,-2.8059,-9.9451,-5.8366,-0.046856,2.7825,5.467,7.4339,8.5793,9.8389,10.801,11.527,11.96,12.302,12.464,12.442,12.256,11.933,11.613,11.148,10.667,10.198,9.8349,9.3457,8.7879,8.3282,7.7124,7.126,6.7664,6.4126,6.2524,6.252,6.2786,6.3636,6.4467,6.5361,6.7643,7.1513,7.7482,8.2681,9.0134,9.7692,10.288,10.959,11.544,11.908,12.384,12.78,13.117,13.311,13.511,13.577,13.555,13.392,13.048,12.684,11.996,11.131,10.071,9.1812,7.9407,6.689,5.8269,4.8841,4.2709,3.9993
-6.2631,-12.611,-9.3874,-3.6555,-1.3099,0.72861,1.8695,2.3596,2.6595,2.6733,2.4799,2.2651,1.8826,1.4316,1.083,0.55033,-0.00070221,-0.3458,-0.58921,-0.53377,-0.27052,-0.027919,0.19704,0.2782,0.15314,-0.19875,-0.79642,-1.4603,-2.5648,-4.0264,-5.7723,-7.0306,-8.274,-8.2838,-7.6084,-6.2547,-5.0466,-4.0902,-3.5786,-3.2115,-3.3317,-3.772,-4.9691,-7.2151,-9.8681,-14.669,-13.517,-8.4495,-5.8105,-3.406,-1.8268,-0.95547,-0.13315,0.466,0.82699,1.1511,1.386,1.4641,1.4487,1.3967,1.3261,1.3379,1.5078,1.9452,2.6491,3.3524,4.4434,5.6328,6.5024,7.5661,8.4765,9.0232,9.5437,9.8282,9.8343,9.6696,9.1957,8.4334,7.6611,6.3706,4.7668,3.3625,1.2095,-1.2349,-3.8949,-5.782,-7.4093,-7.0812,-5.8188,-3.8085,-1.9519,-0.41724,0.53023,1.5962,2.3641,2.805,3.2064,3.5091,3.6806,3.9571,4.3807,4.9513,5.4093,6.0266,6.5459,6.8264,7.1291,7.3424,7.49,7.7218,8.0495,8.5395,8.9869,9.7013,10.488,11.097,11.883,12.613,13.238,13.624,13.997,14.202,14.239,14.105,13.769,13.376,12.661,11.738,10.6,9.6337,8.1769,6.5517,5.2227,3.2802,1.1788,-0.32641,-1.6294,-1.2034,0.4045,1.656,3.3419,4.648,5.5947,6.6559,7.7861,8.8516,9.626,10.565,11.314,11.759,12.132,12.302,12.297,12.099,11.707,11.115,10.522,9.523,8.2433,7.1022,5.3041,3.3425,2.091,1.3705,2.0233,3.3181,4.3309,5.4584,6.367,6.9391,7.5513,8.0783,8.5686,8.9038,9.3451,9.8095,10.138,10.625,11.074,11.441,11.886,12.297,12.654,12.865,13.057,13.108,13.069,12.833,12.399,11.929,11.062,9.8985,8.4142,7.0276,4.8732,2.5331,1.074,0.42587,1.4639,3.0536
1.2941,0.78518,0.70436,1.212,1.7471,2.4551,3.0236,3.2803,3.4456,3.3684,3.0419,2.6461,1.9116,0.82038,-0.25503,-2.1654,-4.6315,-6.881,-8.9574,-7.837,-5.3493,-3.8152,-2.3412,-1.5548,-1.3336,-1.4668,-2.136,-2.9902,-4.6122,-7.0907,-10.714,-14.766,-25.311,-21.596,-16.224,-12.443,-10.138,-8.4209,-7.3154,-6.068,-5.1775,-4.7209,-4.4328,-4.4456,-4.4327,-4.3123,-3.7849,-2.8418,-2.0635,-1.0692,-0.2551,0.19173,0.49152,0.53124,0.3365,-0.12308,-0.95056,-2.0296,-3.0935,-4.6783,-6.2804,-7.3404,-8.3081,-8.5436,-7.5556,-6.0875,-3.5811,-1.0351,0.69508,2.6781,4.2935,5.2591,6.2526,6.8886,7.2203,7.2617,7.0555,6.5238,5.9117,4.8043,3.3338,1.9625,-0.27846,-3.1737,-7.0964,-11.084,-17.682,-14.711,-11.007,-7.767,-5.4953,-3.6306,-2.3887,-0.79645,0.63086,1.5521,2.6737,3.5844,4.1603,4.7995,5.3206,5.6865,5.9076,6.0185,6.0291,5.9417,5.7242,5.4843,5.3366,5.3152,5.6094,6.225,6.8585,7.8358,8.8501,9.5933,10.495,11.27,11.876,12.224,12.512,12.602,12.52,12.204,11.655,11.067,10.054,8.7807,7.2642,6.0061,4.3049,2.7026,1.698,0.72355,0.16555,-0.071,-0.14534,-0.070515,0.13408,0.16457,0.10696,-0.089692,-0.29816,-0.010123,1.2601,3.2864,4.8802,6.8506,8.4276,9.3726,10.308,10.882,11.105,11.126,10.839,10.232,9.5627,8.3272,6.6553,5.021,2.0853,-2.3131,-7.7632,-14.464,-5.209,-0.77422,1.3166,3.1688,4.4211,5.0666,5.6685,6.039,6.2129,6.289,6.3594,6.4364,6.5929,6.8618,7.3251,7.7502,8.3415,8.9473,9.4903,9.8491,10.204,10.448,10.497,10.408,10.109,9.6995,8.9262,7.7842,6.1813,4.6039,1.7004,-2.6616,-7.6885,-9.4582,-3.1359,0.73911
2.8194,2.7084,2.664,2.6974,2.8014,2.9139,3.006,3.0316,2.9607,2.7462,2.367,1.9304,1.1153,-0.011498,-1.1653,-3.1699,-5.9454,-8.5368,-11.228,-9.6402,-6.6895,-4.9467,-3.3792,-2.5018,-2.202,-2.2803,-2.8391,-3.544,-4.8849,-6.6711,-8.798,-10.499,-12.609,-14.169,-15.028,-16.019,-16.078,-14.232,-12.175,-9.511,-7.2434,-5.8764,-4.4357,-3.2954,-2.6222,-1.8574,-1.1575,-0.5678,-0.1749,0.23731,0.46359,0.46527,0.27256,-0.2408,-0.86149,-2.0549,-3.7787,-6.1814,-8.4838,-12.661,-18.353,-22.922,-24.905,-28.278,-34.478,-20.564,-12.716,-7.8821,-5.1756,-2.3646,-0.23244,1.0418,2.3617,3.3045,3.9209,4.1599,4.2128,3.9709,3.5948,2.8305,1.7802,0.7862,-0.79137,-2.6068,-4.5925,-6.0493,-7.6855,-8.9064,-9.507,-10.073,-10.175,-9.171,-7.62,-5.1246,-2.7287,-1.1346,0.61109,1.984,2.809,3.6465,4.2027,4.4851,4.5201,4.3081,3.7687,3.156,1.9755,0.37837,-1.0135,-2.6283,-2.6953,-0.92924,0.83166,3.0003,4.8312,5.9677,7.2158,8.1882,8.9146,9.2993,9.6164,9.6867,9.5712,9.1908,8.502,7.7741,6.4821,4.763,2.5307,0.46168,-3.0174,-6.9499,-8.8577,-7.741,-5.46,-4.1517,-2.9772,-2.3953,-2.3256,-2.5228,-3.6339,-5.782,-9.1158,-21.39,-11.49,-3.4445,-0.087913,3.1865,5.484,6.7541,8.0294,8.8513,9.2087,9.386,9.2274,8.7467,8.1845,7.1637,5.8559,4.6826,2.9827,1.2773,0.22978,-0.51708,-0.42249,0.21569,0.81758,1.578,2.1439,2.4057,2.5121,2.3067,1.7859,1.2137,0.26523,-0.69149,-1.1169,-1.0231,-0.11259,0.74931,2.0312,3.1754,4.1628,4.7877,5.5001,6.0534,6.348,6.6157,6.6798,6.584,6.26,5.6969,4.8841,4.1439,3.0379,1.9471,1.3592,1.1028,1.5011,2.2394
1.9146,1.9786,2.0226,2.0333,2.0186,1.9875,1.9198,1.874,1.7788,1.656,1.4748,1.2742,0.87741,0.34762,-0.14692,-0.91628,-1.6942,-2.193,-2.59,-2.6104,-2.2894,-1.9678,-1.5951,-1.379,-1.3738,-1.6034,-2.0921,-2.6313,-3.6146,-4.8119,-6.2543,-7.4754,-9.32,-11.584,-13.72,-17.715,-22.554,-18.459,-14.162,-10.138,-7.2169,-5.5474,-3.7584,-2.3537,-1.5191,-0.59318,0.12067,0.64576,0.92728,1.1354,1.128,0.97241,0.55312,-0.17347,-0.92111,-2.3062,-4.0763,-6.3949,-8.5378,-12.046,-15.986,-18.38,-19.3,-18.34,-16.516,-14.646,-11.789,-9.0697,-7.203,-5.0171,-3.1525,-1.9835,-0.65665,0.38763,1.1303,1.519,1.7897,1.8149,1.6766,1.2746,0.65428,0.051034,-0.9049,-2.018,-3.2794,-4.3371,-5.8833,-7.7491,-9.584,-13.159,-20.405,-21.719,-13.849,-8.1881,-4.624,-2.6281,-0.5771,0.98316,1.8716,2.735,3.252,3.4699,3.3935,3.0341,2.2615,1.367,-0.31128,-2.8,-5.4948,-10.694,-12.101,-6.6215,-3.5444,-0.56187,1.5495,2.7811,4.0965,5.1134,5.8991,6.3286,6.7113,6.8545,6.8055,6.5035,5.9035,5.2505,4.0663,2.4699,0.37681,-1.5935,-4.8384,-8.509,-10.223,-9.0649,-6.784,-5.3945,-4.1108,-3.3059,-2.9571,-2.8932,-3.017,-3.3572,-3.5679,-3.3257,-2.1988,-0.30907,1.2278,3.1777,4.8645,5.8948,6.9719,7.7195,8.0677,8.2557,8.1491,7.7626,7.2936,6.4581,5.399,4.5043,3.229,1.976,1.1161,0.2376,-0.28754,-0.4276,-0.38105,-0.15987,0.020672,0.060933,-0.16811,-0.8192,-1.9945,-3.4083,-6.2948,-11.2,-18.678,-17.753,-10.136,-7.073,-4.6312,-2.9795,-1.7144,-0.8821,0.15837,1.0818,1.7654,2.5047,3.0713,3.4019,3.6443,3.7274,3.6781,3.5492,3.3244,3.095,2.9439,2.7966,2.6829,2.5986
0.1934,0.38548,0.45936,0.37527,0.19136,-0.079978,-0.33187,-0.4554,-0.44129,-0.24775,0.03986,0.27827,0.55398,0.70514,0.75949,0.73717,0.65687,0.58904,0.50565,0.45742,0.44326,0.43072,0.39551,0.28076,0.11905,-0.18807,-0.63323,-1.0721,-1.7871,-2.6264,-3.5894,-4.4046,-5.515,-6.6399,-7.4482,-8.2218,-8.4557,-7.8789,-7.0681,-5.6834,-4.1928,-3.1348,-1.8448,-0.74767,-0.020994,0.78101,1.3934,1.8527,2.0745,2.2078,2.159,2.0031,1.5822,0.94433,0.30375,-0.74889,-2.0508,-3.5581,-4.7921,-6.4857,-8.0704,-9.0686,-10.022,-10.486,-10.521,-10.265,-9.633,-8.7403,-7.8904,-6.5862,-5.2101,-4.18,-2.9206,-1.8405,-1.0009,-0.51411,-0.073482,0.1312,0.14691,0.017791,-0.28336,-0.5823,-1.0889,-1.7047,-2.3923,-2.9752,-3.8396,-4.7656,-5.5003,-6.3897,-6.8317,-6.4822,-5.6185,-4.0539,-2.3246,-1.1332,0.27374,1.4184,2.1107,2.8071,3.2391,3.4069,3.3658,3.058,2.504,1.9081,0.89638,-0.25442,-1.1183,-2.0307,-2.3888,-2.1328,-1.6269,-0.80967,0.070076,0.72598,1.5866,2.3965,3.1398,3.6345,4.1541,4.5034,4.6254,4.5729,4.2917,3.9077,3.1722,2.1909,1.0235,0.0381,-1.2672,-2.3884,-2.994,-3.4509,-3.5212,-3.4249,-3.2244,-2.935,-2.5993,-2.3934,-1.9097,-1.3603,-0.78616,0.06606,1.0881,2.2864,3.2319,4.4196,5.5257,6.2543,7.0247,7.5802,7.8397,7.961,7.8258,7.4294,6.9556,6.0936,4.9542,3.9216,2.2929,0.3947,-1.162,-3.2227,-4.5918,-4.6187,-3.9215,-2.7729,-1.8173,-1.3776,-1.1882,-1.4802,-2.2923,-3.2303,-4.912,-6.8169,-8.0661,-8.7682,-8.5171,-8.2876,-8.1682,-8.2998,-8.2681,-7.6728,-6.1794,-4.2874,-2.9981,-1.5338,-0.37367,0.30717,1.0464,1.6066,2.0392,2.2907,2.5357,2.6923,2.7316,2.6851,2.493,2.1278
-1.2606,-0.97584,-0.98501,-1.4782,-2.1352,-3.428,-4.8889,-5.7109,-5.6033,-4.2328,-2.5323,-1.3992,-0.17234,0.71213,1.1804,1.6138,1.8532,1.9439,1.9808,1.9598,1.8723,1.784,1.6372,1.4455,1.2758,0.98905,0.61922,0.28175,-0.22077,-0.82602,-1.4902,-2.0011,-2.6842,-3.2612,-3.6059,-3.8748,-3.8429,-3.516,-3.0905,-2.3408,-1.4876,-0.80857,0.07181,0.89465,1.449,2.0832,2.6011,2.9838,3.1806,3.3199,3.3129,3.2003,2.9073,2.4573,2.0088,1.2884,0.39633,-0.62868,-1.4474,-2.5893,-3.7945,-4.7001,-5.8995,-7.127,-8.3889,-9.3821,-10.687,-11.502,-11.4,-10.128,-8.1958,-6.7047,-5.0186,-3.6536,-2.6185,-2.0816,-1.5985,-1.3704,-1.3362,-1.4087,-1.569,-1.7124,-1.9049,-2.0588,-2.1685,-2.2197,-2.2874,-2.3381,-2.3376,-2.2835,-2.0808,-1.6758,-1.2453,-0.55065,0.23604,0.86777,1.6761,2.4115,2.8874,3.4018,3.7696,3.9369,3.9545,3.7787,3.4123,3.0363,2.3901,1.6183,1.0157,0.20983,-0.56437,-1.2432,-1.6814,-2.1786,-2.4273,-2.3918,-1.9799,-1.1506,-0.12742,0.68063,1.651,2.4285,2.8456,3.1821,3.253,3.1352,2.7776,2.2337,1.5405,0.97247,0.15923,-0.65289,-1.2145,-1.9398,-2.5995,-3.0681,-3.6023,-4.0025,-4.0016,-3.667,-2.8772,-1.6597,-0.68001,0.70478,2.0546,3.2954,4.1921,5.2717,6.202,6.8028,7.4492,7.9027,8.1081,8.1996,8.0592,7.6724,7.2146,6.3563,5.1906,4.0715,2.1757,-0.38255,-2.9698,-8.2253,-19.416,-12.562,-7.4483,-3.8213,-1.7367,-0.78724,-0.083268,0.11159,-0.12657,-0.50362,-1.2404,-2.1486,-2.9522,-4.0185,-5.3343,-6.6724,-9.0544,-13.245,-23.962,-24.351,-12.905,-8.3988,-6.3477,-4.4435,-3.1965,-2.5138,-1.7055,-0.94599,-0.17912,0.42623,1.1617,1.7432,2.0569,2.2689,2.243,1.9189
-1.3671,-0.9387,-0.91238,-1.5947,-2.6218,-5.0154,-9.3179,-15.21,-14.959,-7.6664,-3.7408,-1.8519,-0.13804,1.0054,1.571,2.0535,2.2876,2.3347,2.2774,2.1149,1.9016,1.734,1.5104,1.3264,1.2094,1.0421,0.8427,0.65997,0.32803,-0.13135,-0.70809,-1.1874,-1.8995,-2.5958,-2.996,-3.3078,-3.2345,-2.813,-2.2854,-1.4246,-0.53274,0.12111,0.92008,1.6279,2.081,2.6103,3.0599,3.4093,3.6197,3.822,3.9095,3.8885,3.7697,3.5055,3.2233,2.7193,2.1053,1.3832,0.75082,-0.16936,-1.1958,-2.065,-3.3971,-5.0261,-7.0723,-9.1321,-13.138,-21.243,-28.546,-15.751,-10.58,-8.2249,-6.0278,-4.6016,-3.6626,-3.2428,-3.0076,-3.083,-3.3097,-3.8074,-4.3374,-4.662,-4.7507,-4.383,-3.7207,-3.135,-2.3663,-1.7164,-1.3006,-0.82553,-0.43881,-0.071454,0.20153,0.61325,1.0686,1.446,2.0065,2.5972,3.0219,3.528,3.9281,4.1914,4.263,4.224,3.9667,3.6407,3.0562,2.2707,1.5489,0.41182,-0.9399,-2.5533,-4.0204,-6.2921,-9.0304,-10.878,-10.772,-7.7911,-4.7574,-2.8865,-0.9042,0.52788,1.3122,2.0135,2.3228,2.3535,2.1504,1.7176,1.0946,0.56634,-0.16828,-0.94663,-1.5626,-2.4059,-3.4778,-4.4993,-6.3362,-8.9029,-11.62,-11.187,-7.782,-4.2684,-2.1516,0.14181,1.9611,3.4165,4.3523,5.4309,6.3222,6.8886,7.5279,7.9927,8.2266,8.3708,8.3123,8.0415,7.6985,7.0408,6.1679,5.3762,4.1278,2.7082,1.5853,0.19959,-0.64717,-0.62307,-0.1001,0.80902,1.6689,2.1916,2.6285,2.7849,2.6946,2.4576,1.9769,1.2999,0.69848,-0.29035,-1.4655,-2.4588,-3.9311,-5.426,-6.5373,-6.8033,-6.465,-5.8038,-5.3905,-5.3004,-5.6128,-5.9982,-6.4035,-5.7792,-4.114,-2.6362,-0.81559,0.58591,1.365,2.0241,2.2753,2.155
0.128,0.73877,1.0726,0.94527,0.5378,-0.2409,-1.1158,-1.5812,-1.6408,-1.0892,-0.25412,0.36498,1.0202,1.4462,1.6256,1.6552,1.4953,1.2562,0.78742,0.17323,-0.47137,-0.92318,-1.3568,-1.4963,-1.4272,-1.1577,-0.85514,-0.70175,-0.70891,-0.9591,-1.5369,-2.2339,-3.4972,-5.2239,-6.7196,-8.376,-8.35,-6.5383,-4.9305,-3.0568,-1.5851,-0.75129,0.075953,0.63542,0.94802,1.2854,1.5974,1.9531,2.2363,2.5991,2.8973,3.0563,3.1325,3.0483,2.8849,2.5469,2.111,1.5976,1.1668,0.52749,-0.17217,-0.76793,-1.6907,-2.7703,-4.0584,-5.1309,-6.5777,-7.698,-8.0472,-7.7356,-6.9053,-6.2014,-5.3824,-4.8138,-4.5226,-4.4532,-4.6701,-5.2872,-6.0799,-7.76,-10.397,-12.987,-14.797,-11.571,-7.929,-5.9028,-3.9267,-2.5639,-1.8831,-1.2973,-1.0188,-0.99494,-1.0686,-1.1635,-1.0967,-0.88255,-0.31467,0.47149,1.1345,1.981,2.6674,3.187,3.4173,3.5412,3.4338,3.1731,2.5943,1.7605,0.93381,-0.43236,-2.119,-4.1705,-6.001,-8.7935,-12.182,-14.591,-14.45,-10.616,-6.9865,-4.8239,-2.5292,-0.84382,0.054795,0.81368,1.1394,1.1082,0.71379,-0.064296,-1.1146,-2.011,-3.1059,-3.8103,-4.092,-4.2794,-4.6071,-5.1118,-6.3618,-8.3848,-10.346,-9.9103,-7.0124,-3.8618,-1.9175,0.0035088,1.4914,2.6634,3.3439,4.1887,4.9771,5.5356,6.2352,6.8396,7.1952,7.4952,7.5849,7.4577,7.224,6.7631,6.1718,5.6804,5.0408,4.4767,4.1461,3.8555,3.7615,3.8564,4.0275,4.3318,4.616,4.7701,4.876,4.832,4.641,4.3932,3.9491,3.3856,2.9332,2.2258,1.4702,0.9258,0.14561,-0.5936,-1.2263,-1.6747,-2.2275,-2.8327,-3.4868,-4.7911,-6.9766,-9.6526,-17.15,-18.272,-8.7781,-5.1438,-1.9731,0.10719,1.1611,2.0456,2.3967,2.3074
2.3785,2.8861,3.2663,3.36,3.2533,2.9922,2.6195,2.3287,1.9479,1.6233,1.3106,1.0703,0.7355,0.32474,-0.0046188,-0.52313,-1.1635,-1.7704,-2.8296,-4.268,-6.2052,-8.0108,-10.136,-10.107,-8.6306,-6.3548,-4.6023,-3.6906,-2.9692,-2.7409,-3.028,-3.6455,-5.025,-7.307,-9.9611,-15.203,-15.253,-9.8624,-7.0213,-4.5597,-3.0768,-2.4453,-2.1351,-2.3374,-2.6952,-3.2486,-3.4949,-3.0222,-2.3292,-1.2785,-0.3547,0.14525,0.47829,0.50474,0.3535,-0.017573,-0.50418,-0.96334,-1.2088,-1.4619,-1.6268,-1.725,-1.9143,-2.1783,-2.6165,-2.9924,-3.5608,-4.1137,-4.5063,-4.9873,-5.4363,-5.7527,-6.1411,-6.4307,-6.6789,-6.7979,-6.961,-7.3742,-7.9246,-9.0773,-10.913,-12.522,-13.29,-11.082,-8.2755,-6.4754,-4.7172,-3.5283,-3.0259,-2.7975,-3.0933,-3.9689,-5.0272,-6.9897,-8.9616,-9.4571,-7.6736,-5.1025,-3.4164,-1.6246,-0.32779,0.58405,1.0376,1.3778,1.4648,1.3307,0.85485,0.052111,-0.78009,-2.2308,-4.0901,-6.3446,-8.2815,-10.815,-12.448,-12.476,-11.182,-9.0307,-6.714,-5.1491,-3.3221,-1.889,-1.1123,-0.48604,-0.29476,-0.49329,-1.2566,-2.7063,-5.0069,-7.5632,-12.707,-15.161,-11.63,-7.7513,-5.4468,-4.4273,-3.6171,-3.1619,-2.7441,-2.2939,-1.6615,-0.90999,-0.45109,-0.033565,0.12373,0.066558,-0.090723,-0.047177,0.53027,1.2692,2.4836,3.6585,4.3709,5.0176,5.2943,5.2053,4.903,4.2727,3.4688,2.854,2.2703,2.1129,2.294,2.8229,3.4567,4.0669,4.4414,4.8527,5.1048,5.1619,5.1008,4.8577,4.463,4.0977,3.5236,2.9242,2.5005,1.9634,1.4807,1.2029,0.81007,0.41493,0.017688,-0.3317,-0.83054,-1.4118,-1.9387,-2.7267,-3.6083,-4.1758,-4.6028,-4.1796,-2.9622,-1.8003,-0.30201,0.95605,1.6407,2.2196,2.3927,2.1573
4.3728,4.5898,4.7169,4.6484,4.4913,4.1168,3.5888,3.1002,2.3152,1.3887,0.28958,-0.62833,-1.9348,-3.2128,-4.0532,-4.8707,-5.4482,-5.8326,-6.5816,-7.7879,-9.8955,-12.251,-16.143,-15.96,-12.842,-9.3511,-7.0024,-5.788,-4.6592,-4.0226,-3.7536,-3.7564,-4.0234,-4.4782,-4.8429,-5.1169,-4.9577,-4.3508,-3.757,-3.1161,-2.8073,-2.9283,-3.6474,-5.1906,-7.167,-11.79,-21.791,-14.376,-9.4504,-5.847,-3.85,-3.0476,-2.6294,-2.8566,-3.391,-4.5387,-6.0237,-7.3491,-7.6827,-7.04,-5.8246,-4.9395,-3.9912,-3.3932,-3.0894,-3.0702,-3.2789,-3.7641,-4.3106,-5.3016,-6.6463,-7.9005,-9.976,-11.984,-12.645,-12.092,-10.659,-9.3858,-8.7434,-8.173,-7.8681,-7.6431,-7.2032,-6.5432,-5.6852,-5.0308,-4.267,-3.7413,-3.5381,-3.6581,-4.2659,-5.4792,-6.9334,-9.8355,-13.877,-15.442,-12.129,-8.5102,-6.6186,-4.8425,-3.5695,-2.6676,-2.1218,-1.6311,-1.3346,-1.2561,-1.4229,-1.9582,-2.6135,-3.8924,-5.7067,-8.2876,-10.993,-16.443,-27.666,-21.313,-13.882,-9.9248,-7.1652,-5.5896,-3.9161,-2.681,-1.9982,-1.3972,-1.1774,-1.2981,-1.8234,-2.8095,-4.3158,-5.7756,-7.6831,-8.1693,-7.1788,-5.1566,-3.3189,-2.236,-1.181,-0.44432,0.051884,0.30861,0.49656,0.4241,0.14056,-0.51779,-1.8074,-4.0242,-6.6339,-12.416,-12.284,-7.1341,-2.728,0.010465,1.3456,2.4324,2.8437,2.6321,2.0546,0.64211,-1.6571,-4.0505,-7.6001,-7.1408,-4.4403,-1.3118,0.88875,2.3791,3.1332,3.7712,4.0523,4.0441,3.779,3.2338,2.417,1.6703,0.56166,-0.4808,-1.169,-1.6595,-1.6784,-1.5438,-1.311,-1.1301,-1.1433,-1.2651,-1.5352,-1.9312,-2.2448,-2.516,-2.5692,-2.4801,-2.0574,-1.3757,-0.51135,0.14316,0.98892,1.7093,2.1019,2.3978,2.4098,2.1021
5.6407,5.6136,5.4651,5.1749,4.8651,4.2932,3.5475,2.8452,1.7097,0.25666,-1.5768,-3.2989,-6.255,-10.076,-13.28,-14.478,-11.843,-10.111,-8.6949,-8.136,-8.0971,-8.2486,-8.43,-8.3197,-8.0009,-7.3765,-6.6934,-6.187,-5.5557,-4.9227,-4.3001,-3.8208,-3.2499,-2.7557,-2.4206,-1.9922,-1.6075,-1.2406,-1.062,-0.94126,-1.069,-1.3693,-2.0996,-3.2225,-4.3306,-5.9121,-6.9333,-6.5969,-5.7622,-4.5547,-3.7208,-3.4481,-3.5598,-4.3321,-5.4367,-7.7538,-11.681,-19.722,-26.297,-14.532,-9.6603,-7.4699,-5.5468,-4.3478,-3.6068,-3.3348,-3.2862,-3.618,-4.1247,-5.2173,-6.8821,-8.6835,-12.136,-17.774,-21.294,-16.745,-12.247,-9.7115,-8.4546,-7.4054,-6.7028,-6.3071,-5.8699,-5.4584,-4.9553,-4.577,-4.051,-3.6262,-3.4058,-3.3113,-3.491,-3.9552,-4.4793,-5.2604,-6.0319,-6.4368,-6.6472,-6.6875,-6.7189,-6.8454,-6.936,-6.7453,-6.2485,-5.2995,-4.3853,-3.8347,-3.3576,-3.2709,-3.4867,-4.1038,-5.073,-6.3536,-7.3675,-8.6689,-9.3732,-9.2665,-8.4432,-7.1959,-5.8862,-4.9671,-3.9114,-3.0131,-2.4566,-1.8735,-1.4986,-1.3144,-1.2151,-1.2655,-1.4262,-1.5531,-1.5842,-1.3695,-1.0354,-0.4451,0.24804,0.74309,1.3174,1.7482,1.9987,2.0476,1.9774,1.6575,1.2754,0.48065,-0.65133,-2.1691,-3.5211,-4.8935,-4.7034,-3.5017,-1.5153,0.20864,1.1952,2.0426,2.3627,2.1478,1.6288,0.36669,-1.576,-3.4557,-5.7519,-5.4859,-3.7124,-1.2305,0.62981,1.9155,2.572,3.0371,3.1097,2.9422,2.3731,1.4147,-0.010196,-1.4719,-4.0569,-7.641,-10.752,-11.509,-8.2993,-6.2313,-4.3275,-3.2752,-2.8995,-2.9607,-3.4986,-4.4101,-5.1586,-5.9015,-5.7396,-4.9561,-3.4278,-1.8493,-0.43006,0.4691,1.4314,2.0964,2.4205,2.5985,2.4965,2.1363
6.0582,5.8727,5.5338,5.0941,4.675,4.0217,3.2171,2.4982,1.3459,-0.078111,-1.8386,-3.4402,-6.0793,-9.3022,-11.644,-12.39,-10.477,-8.907,-7.3469,-6.4045,-5.8849,-5.7299,-5.7559,-5.9642,-6.2374,-6.7657,-7.4502,-7.9409,-8.2383,-7.6948,-6.3836,-5.1965,-3.6083,-2.2338,-1.3663,-0.43479,0.29045,0.79681,1.046,1.2183,1.1884,1.0547,0.72899,0.25803,-0.13449,-0.61665,-0.98735,-1.2012,-1.26,-1.3027,-1.4261,-1.6113,-2.106,-2.8981,-3.6997,-4.9886,-6.4391,-7.5878,-7.9591,-7.6265,-6.6987,-5.8963,-4.8676,-3.9646,-3.2899,-2.9073,-2.6197,-2.5887,-2.7572,-3.2441,-4.0308,-4.7888,-5.8853,-6.8263,-7.2421,-7.2117,-6.8131,-6.3163,-6.0623,-5.9092,-5.9851,-6.1688,-6.44,-6.5276,-6.3031,-5.8363,-4.9704,-4.0146,-3.3758,-2.666,-2.215,-2.0376,-2.0537,-2.305,-2.7581,-3.2157,-4.0962,-5.4084,-6.7922,-9.5136,-14.121,-19.024,-15.335,-9.9934,-6.8797,-5.3915,-4.1394,-3.4992,-3.3379,-3.4505,-3.8514,-4.4134,-4.8455,-5.3818,-5.7553,-5.8863,-5.8162,-5.5403,-5.1395,-4.7828,-4.2904,-3.7696,-3.3721,-2.8287,-2.2443,-1.7742,-1.1641,-0.59076,-0.041471,0.36452,0.86645,1.3492,1.7188,2.1959,2.6228,2.9024,3.2134,3.4179,3.4959,3.463,3.2773,2.9795,2.6963,2.1795,1.6341,1.1378,0.86252,0.6757,0.8269,1.1624,1.788,2.4636,2.9281,3.4085,3.6646,3.6612,3.4853,3.0705,2.5312,2.1262,1.7461,1.6696,1.8102,2.1918,2.6189,2.9448,3.0902,3.1074,2.893,2.5674,1.8878,0.88497,-0.49113,-1.8072,-4.0471,-6.8064,-8.8448,-9.3104,-7.2158,-5.4962,-3.8584,-2.9671,-2.7364,-3.0417,-4.1809,-6.3887,-9.1811,-17.485,-19.745,-10.746,-5.3881,-2.2168,-0.12235,1.047,2.137,2.7843,3.027,3.0452,2.726,2.0936
5.6774,5.3454,4.842,4.2882,3.848,3.2312,2.5544,2.0087,1.1954,0.29617,-0.69741,-1.4792,-2.5118,-3.4119,-3.9108,-4.2296,-4.1133,-3.8952,-3.5112,-3.1689,-3.0211,-3.0548,-3.3296,-3.9468,-4.7016,-6.2333,-8.7402,-11.852,-20.617,-19.019,-10.21,-6.7288,-3.5721,-1.3583,-0.12483,1.1283,2.0451,2.6566,2.9839,3.2197,3.2849,3.2293,3.0501,2.7735,2.537,2.1956,1.8692,1.5517,1.3424,1.0643,0.76048,0.48081,-0.0062715,-0.61826,-1.1412,-1.9846,-2.8434,-3.6761,-4.254,-4.7837,-5.0221,-4.9829,-4.5689,-3.8446,-2.9856,-2.3428,-1.6059,-1.0581,-0.79694,-0.63535,-0.68247,-0.81035,-1.0871,-1.4136,-1.7378,-1.964,-2.3334,-2.7643,-3.2302,-4.0699,-5.3518,-6.7017,-9.1515,-12.208,-13.303,-11.115,-7.5663,-4.8022,-3.221,-1.6502,-0.56092,0.13384,0.42758,0.52934,0.34136,-0.0029717,-0.77689,-1.9113,-3.0591,-4.9476,-6.9384,-8.0357,-7.5723,-5.9262,-4.2793,-3.3364,-2.5257,-2.1756,-2.1457,-2.3981,-2.9132,-3.5852,-4.1786,-4.9155,-5.5424,-5.8875,-6.1319,-6.1986,-6.1866,-6.1715,-6.1368,-6.1187,-5.9963,-5.516,-4.5756,-3.6795,-2.3554,-1.0481,0.15572,0.95121,1.8464,2.5928,3.0571,3.5878,3.987,4.2179,4.415,4.4879,4.4438,4.3432,4.0785,3.7158,3.3662,2.895,2.432,2.0868,1.9921,2.0361,2.3197,2.6831,3.3019,3.9687,4.4322,4.9604,5.3411,5.5485,5.5837,5.5091,5.3045,5.1083,4.8187,4.5445,4.3667,4.1357,3.9439,3.7373,3.5368,3.2408,2.8666,2.4995,1.9331,1.2622,0.53116,-0.04108,-0.75493,-1.3077,-1.4874,-1.4217,-1.0147,-0.649,-0.10103,0.25838,0.3306,0.13919,-0.41392,-1.2784,-2.0381,-2.7773,-2.5774,-1.752,-0.20746,1.3117,2.5778,3.3103,4.0009,4.3793,4.4429,4.2407,3.6885,2.7365
4.3534,3.722,2.8734,2.1076,1.6614,1.1885,0.82702,0.56984,0.22595,-0.14859,-0.53232,-0.80144,-1.0562,-1.1957,-1.1932,-1.0924,-0.88902,-0.69232,-0.43415,-0.23454,-0.15987,-0.19882,-0.41512,-0.86873,-1.3747,-2.2944,-3.4628,-4.3923,-5.1675,-4.7833,-3.249,-1.8449,-0.073564,1.4177,2.3314,3.2961,3.986,4.4748,4.7031,4.8525,4.8466,4.7379,4.4758,4.1186,3.7965,3.3258,2.8751,2.5106,2.2894,2.0813,1.9303,1.7925,1.5657,1.1888,0.7683,0.015774,-0.9782,-2.2764,-3.4551,-5.4016,-7.5598,-8.7133,-8.3359,-6.1667,-3.7812,-2.2728,-0.65471,0.54579,1.2157,1.8437,2.2222,2.3638,2.3955,2.2713,1.9899,1.7091,1.215,0.53375,-0.10193,-1.2036,-2.6717,-4.0776,-6.4946,-9.2313,-10.096,-8.2928,-5.1235,-2.4165,-0.82156,0.83276,2.0581,2.9444,3.393,3.7629,3.8592,3.7544,3.4402,2.9501,2.485,1.8073,1.1872,0.77146,0.59034,0.53607,0.58122,0.57845,0.43956,0.092027,-0.33724,-1.1546,-2.2675,-3.6986,-4.9978,-6.9067,-8.6402,-9.4118,-9.5085,-8.9485,-8.4636,-8.4557,-9.107,-10.734,-12.596,-14.124,-11.012,-7.8641,-4.4555,-1.8948,0.0041226,1.104,2.2806,3.171,3.6818,4.1989,4.5786,4.7681,4.8943,4.8848,4.7303,4.5064,4.0978,3.4884,2.8882,2.0097,1.0341,0.13698,-0.30282,-0.16012,0.72231,1.6602,3.0389,4.3362,5.1818,6.0866,6.7318,7.1235,7.2633,7.2374,7.0048,6.7129,6.1993,5.5805,5.0831,4.4095,3.7772,3.2457,2.9037,2.4659,2.015,1.6482,1.1143,0.59771,0.20551,0.059469,0.1528,0.54598,1.0264,1.7342,2.4507,2.9723,3.5777,4.0487,4.3307,4.4402,4.4657,4.3922,4.3217,4.3305,4.463,4.6945,5.0899,5.5434,5.9782,6.2213,6.4359,6.5001,6.4244,6.1368,5.6087,4.8033
1.6318,0.12366,-2.0852,-3.8385,-4.2861,-3.8175,-3.0694,-2.7092,-2.5574,-2.7045,-2.9295,-2.9929,-2.805,-2.2872,-1.749,-0.95512,-0.23342,0.27241,0.81496,1.2101,1.5053,1.6439,1.7282,1.7294,1.6919,1.5967,1.5252,1.5302,1.6578,1.9794,2.5017,2.9668,3.6033,4.1691,4.5369,4.911,5.1526,5.306,5.337,5.3096,5.1498,4.9366,4.4819,3.8106,3.1546,2.1426,1.0936,0.33859,0.13758,0.40568,1.0025,1.4754,1.9406,2.1028,1.9814,1.5372,0.63808,-0.74762,-2.1776,-4.8886,-8.9133,-12.749,-11.867,-6.7421,-3.1475,-1.1997,0.75901,2.1774,2.9824,3.7662,4.2781,4.4959,4.6107,4.5356,4.2957,4.0033,3.5213,2.9117,2.4041,1.6437,0.87188,0.32294,-0.31249,-0.66536,-0.57002,-0.16841,0.69971,1.7985,2.6514,3.7366,4.7035,5.496,5.9755,6.4543,6.7341,6.8254,6.8007,6.607,6.3902,6.0161,5.5798,5.1229,4.7779,4.2881,3.756,3.3155,2.6514,1.8538,1.115,-0.088567,-1.6362,-3.7296,-5.8133,-9.7765,-17.033,-34.279,-16.474,-11.234,-8.8565,-8.1023,-8.1643,-9.2271,-10.526,-11.338,-8.8876,-6.3659,-3.3972,-1.1341,0.48437,1.3864,2.2948,2.9089,3.2533,3.5631,3.7872,3.8947,3.9855,3.9826,3.836,3.5869,3.0754,2.2757,1.4702,-0.099894,-2.4243,-6.1483,-10.782,-12.566,-5.2316,-1.6149,1.7223,4.0831,5.4144,6.7369,7.6159,8.1087,8.2457,8.1208,7.6741,7.1187,6.1005,4.7807,3.6234,2.0418,0.64573,-0.17901,-0.34659,-0.3517,-0.46351,-0.75202,-1.5924,-2.9407,-4.45,-4.8576,-3.5745,-1.1634,0.54655,2.5524,4.1374,5.1196,6.1005,6.8243,7.3279,7.5874,7.7892,7.8797,7.9118,7.9142,7.902,7.884,7.8673,7.8559,7.8284,7.8078,7.7564,7.6555,7.5537,7.3531,7.0595,6.6549
-0.090643,-2.4836,-7.5459,-16.978,-15.169,-8.6422,-6.0796,-5.3955,-5.6805,-7.0808,-9.3453,-10.808,-10.076,-7.164,-5.1313,-2.9773,-1.3933,-0.52484,0.33335,0.93648,1.3597,1.6014,1.8969,2.2219,2.4929,2.9098,3.364,3.7181,4.1613,4.5802,4.9117,5.0986,5.2212,5.1851,5.0463,4.7518,4.4211,4.1025,3.9679,3.8961,3.8593,3.7616,3.3926,2.5582,1.5181,-0.65778,-4.2719,-10.367,-11.848,-5.6136,-1.6059,0.29386,1.8651,2.7181,3.0108,2.9742,2.5582,1.8261,1.1129,0.10111,-0.80454,-1.177,-1.113,-0.43905,0.6462,1.5089,2.6156,3.5816,4.1903,4.8272,5.2511,5.4313,5.4768,5.3097,4.961,4.5778,3.944,3.2629,2.7617,2.2022,1.8102,1.6336,1.5761,1.678,1.9649,2.2681,2.8286,3.5051,4.1006,4.9582,5.8411,6.6659,7.2235,7.8269,8.2707,8.4886,8.5929,8.506,8.3277,7.9599,7.4586,6.8298,6.3055,5.546,4.7254,4.0881,3.2031,2.2724,1.5516,0.49731,-0.69059,-2.0516,-3.1449,-4.6955,-5.9911,-6.4517,-6.2129,-5.3068,-4.3207,-3.6912,-3.1042,-2.7242,-2.4601,-1.9973,-1.3031,-0.6865,0.16332,0.85627,1.318,1.4964,1.4793,1.2808,1.0718,0.84476,0.73575,0.80501,1.0409,1.3042,1.4721,1.5064,1.2606,0.77133,0.27544,-0.72724,-2.0053,-3.3867,-4.1231,-3.6819,-1.5113,0.48858,2.954,5.0132,6.2496,7.5145,8.359,8.7939,8.8479,8.5808,7.883,7.064,5.4953,3.2629,0.98806,-3.3073,-10.53,-13.118,-7.9559,-4.1937,-2.518,-2.1716,-2.7542,-4.7119,-8.6266,-11.828,-7.2403,-1.8856,0.94968,3.6615,5.6057,6.6667,7.7392,8.4601,8.9214,9.1155,9.2237,9.2035,9.1217,8.9187,8.6639,8.417,8.0555,7.6446,7.216,6.9434,6.6655,6.5269,6.5163,6.5886,6.6819,6.7188
2.3392,1.4007,-0.031118,-1.2509,-1.8527,-2.2702,-2.6709,-3.2315,-4.5689,-6.8205,-10.044,-12.405,-11.72,-8.2228,-6.0051,-3.838,-2.3329,-1.5832,-0.93661,-0.65847,-0.691,-0.78064,-0.77335,-0.39519,0.21006,1.3349,2.5598,3.4084,4.383,5.0924,5.4968,5.5854,5.3916,4.8073,4.0599,2.6355,0.77432,-1.0244,-1.5093,-0.63169,0.92433,1.865,2.5939,2.6676,2.2886,1.1968,-0.39585,-1.8224,-1.9587,-0.64063,1.1801,2.3462,3.4714,4.1214,4.3415,4.2931,3.9869,3.4735,3.0092,2.3708,1.8112,1.5229,1.37,1.5154,1.9015,2.3239,2.97,3.6602,4.1423,4.6944,5.0807,5.2395,5.2191,4.9098,4.2646,3.5721,2.3463,0.89929,-0.18476,-1.1605,-1.2944,-0.92517,-0.19194,0.46629,0.9075,1.1343,1.4077,1.8442,2.3907,3.453,4.7272,6.0302,6.9063,7.8623,8.5501,8.8739,9.0629,8.9959,8.7658,8.247,7.502,6.5612,5.7362,4.5479,3.3366,2.4574,1.3807,0.48398,-0.072261,-0.67936,-1.1744,-1.5316,-1.7054,-1.8484,-1.8057,-1.6324,-1.2117,-0.60978,0.015736,0.48197,1.0633,1.5382,1.8371,2.1571,2.3525,2.4474,2.412,2.1254,1.5553,0.88572,-0.40871,-2.1686,-3.8083,-5.945,-6.8234,-6.1306,-4.4952,-3.0351,-2.0281,-1.5644,-1.3111,-1.3835,-1.6218,-1.8568,-1.8649,-1.4584,-0.86057,0.35869,1.9391,3.2323,4.9288,6.449,7.4327,8.4652,9.1591,9.4901,9.495,9.1705,8.4463,7.6375,6.1991,4.325,2.6348,0.15201,-2.069,-2.9189,-2.4608,-1.274,-0.18927,0.36227,0.79301,0.98068,1.2181,1.6305,2.6562,4.0809,5.1863,6.5527,7.6782,8.3224,8.9353,9.2601,9.3288,9.2415,8.9882,8.6133,8.2706,7.7834,7.2327,6.7717,6.0142,5.0361,3.8466,2.8415,1.7484,1.5557,2.0809,3.2296,4.3328,5.1088
4.4107,4.195,3.7055,3.0544,2.5075,1.6603,0.69857,-0.14539,-1.4226,-2.8075,-4.1278,-4.8651,-5.3843,-5.2704,-4.9099,-4.2325,-3.6006,-3.2717,-3.2072,-3.7485,-5.0913,-6.8531,-10.422,-11.805,-8.3361,-3.7892,-0.58274,1.1728,2.8895,4.009,4.6544,4.8232,4.6327,3.8982,2.9289,0.87525,-2.5067,-8.2083,-11.143,-5.308,-0.99892,0.98732,2.6549,3.5753,3.9156,4.0605,4.011,3.9334,3.9676,4.141,4.4159,4.6004,4.75,4.7055,4.5033,4.0542,3.3527,2.4417,1.6477,0.50505,-0.58795,-1.3024,-1.8939,-1.969,-1.6246,-1.1216,-0.28803,0.62837,1.3088,2.1428,2.8127,3.1487,3.3294,3.1154,2.3939,1.4468,-0.54886,-3.8185,-7.939,-20.961,-12.081,-7.0002,-3.7601,-2.3422,-2.164,-2.7388,-4.5312,-6.811,-6.7135,-3.1399,0.51551,3.2445,4.7649,6.2447,7.1818,7.5887,7.798,7.6366,7.2875,6.5123,5.3879,3.9114,2.583,0.48643,-1.878,-3.6426,-5.4482,-6.2543,-6.3338,-6.0601,-5.6551,-5.1385,-4.6755,-3.8036,-2.778,-1.9655,-0.85731,0.17431,1.1121,1.7065,2.3672,2.8755,3.1346,3.317,3.2883,3.1118,2.6343,1.8677,0.71156,-0.47261,-2.5151,-5.3265,-8.2378,-13.906,-17.789,-13.751,-9.5389,-7.1029,-5.7667,-5.3193,-5.2174,-5.7965,-6.738,-8.1395,-8.6555,-6.8097,-4.5917,-1.5852,1.03,2.7392,4.6784,6.2543,7.2052,8.176,8.7993,9.0795,9.0711,8.7463,8.101,7.403,6.2446,4.885,3.8085,2.4237,1.3602,0.76086,0.65566,0.96977,1.5803,2.159,2.9596,3.7584,4.5378,5.1353,5.9277,6.7148,7.2533,7.8706,8.2976,8.486,8.4816,8.2019,7.6197,7.0079,5.9894,4.8594,4.075,3.3062,2.8231,2.5535,1.9834,0.88213,-1.1832,-3.8893,-11.325,-17.132,-6.9918,-1.5813,1.2457,2.7891
