-1.0383,-0.80307,-0.52706,-0.28245,-0.11629,0.087168,0.27945,0.41682,0.59201,0.75771,0.90853,1.0095,1.1246,1.2117,1.254,1.2771,1.2508,1.1956,1.074,0.88994,0.64173,0.41086,0.042749,-0.3949,-0.76988,-1.3349,-1.9776,-2.5111,-3.2883,-4.1447,-5.0809,-5.8396,-6.9293,-8.1068,-9.0413,-10.351,-11.721,-13.15,-14.25,-15.728,-17.151,-18.109,-19.167,-19.859,-20.109,-20.129,-19.886,-19.491,-19.154,-18.648,-18.038,-17.503,-16.7,-15.836,-15.194,-14.29,-13.339,-12.396,-11.712,-10.855,-10.067,-9.5339,-8.8927,-8.3258,-7.8414,-7.5276,-7.1622,-6.8505,-6.6431,-6.3948,-6.165,-5.9856,-5.7189,-5.4024,-5.0233,-4.694,-4.2088,-3.6967,-3.293,-2.7327,-2.1647,-1.7509,-1.2307,-0.75375,-0.33792,-0.071388,0.2228,0.43239,0.53129,0.58155,0.5337,0.37798,0.1874,-0.17315,-0.66715,-1.1298,-1.888,-2.8267,-3.6653,-4.9818,-6.53,-8.2333,-9.4232,-10.317,-9.8283,-8.7525,-7.0298,-5.3937,-4.3119,-3.0746,-2.06,-1.2452,-0.74962,-0.22608,0.15675,0.36122,0.53542,0.59788,0.56534,0.48501,0.30712,0.055624,-0.17728,-0.53812,-0.94681,-1.2771,-1.7372,-2.2048,-2.6775,-3.0318,-3.4997,-3.9598,-4.3053,-4.772,-5.2507,-5.6229,-6.1458,-6.7069,-7.3163,-7.8088,-8.5198,-9.2899,-9.8997,-10.75,-11.65,-12.584,-13.315,-14.311,-15.301,-16.03,-16.978,-17.888,-18.526,-19.418,-20.337,-21.092,-21.524,-22.037,-22.583,-23.042,-23.732,-24.524,-25.115,-25.738,-25.781,-24.937,-23.727,-21.771,-19.751,-18.325,-16.62,-15.121,-13.808,-12.919,-11.848,-10.897,-10.261,-9.5051,-8.8495,-8.4247,-7.939,-7.5482,-7.2505,-7.0836,-6.9382,-6.8715,-6.8787,-6.9594,-7.1262,-7.3063,-7.6349,-8.0724,-8.6248,-9.1176,-9.8837,-10.796,-11.594,-12.821,-14.276,-15.949
-1.0009,-1.5904,-2.6165,-3.9604,-5.1912,-7.0482,-8.6193,-8.8594,-7.5291,-5.3842,-3.3367,-2.0205,-0.56519,0.58913,1.2806,2.0013,2.5185,2.7854,2.9925,3.0438,2.9485,2.7869,2.4577,2.0039,1.5862,0.93043,0.1697,-0.46458,-1.3867,-2.3839,-3.4396,-4.2568,-5.3619,-6.4654,-7.2792,-8.3295,-9.3282,-10.272,-10.951,-11.826,-12.687,-13.346,-14.264,-15.275,-16.137,-17.48,-19.121,-21.179,-22.999,-25.286,-25.185,-23.233,-20.2,-17.554,-15.843,-13.838,-12.084,-10.51,-9.4222,-8.0701,-6.818,-5.9402,-4.8411,-3.8204,-2.8704,-2.2032,-1.3698,-0.59828,-0.059139,0.61239,1.2334,1.6684,2.2129,2.7174,3.186,3.5167,3.9294,4.3105,4.574,4.8951,5.1776,5.3621,5.5742,5.7416,5.8578,5.9092,5.9285,5.8905,5.8248,5.6888,5.4994,5.2628,5.0595,4.7619,4.4465,4.2073,3.8984,3.6172,3.4347,3.2409,3.1171,3.074,3.0982,3.2056,3.3916,3.575,3.8633,4.1795,4.4193,4.722,4.9824,5.1799,5.2757,5.3211,5.2591,5.1347,4.8551,4.4343,3.8575,3.3126,2.4173,1.3015,0.29862,-1.307,-3.3049,-5.1493,-8.2733,-12.528,-17.406,-17.112,-12.972,-9.8629,-8.24,-6.6984,-5.647,-5.0911,-4.5871,-4.2984,-4.1838,-4.1925,-4.3115,-4.5338,-4.7601,-5.1314,-5.5707,-6.0684,-6.4769,-7.0655,-7.6885,-8.1848,-8.8952,-9.6532,-10.241,-11.037,-11.831,-12.596,-13.13,-13.751,-14.208,-14.407,-14.455,-14.251,-13.947,-13.386,-12.696,-11.927,-11.316,-10.467,-9.6061,-8.9606,-8.1069,-7.2806,-6.4944,-5.939,-5.2483,-4.6224,-4.1982,-3.6914,-3.2559,-2.9759,-2.6677,-2.4266,-2.2507,-2.1575,-2.0811,-2.0527,-2.0584,-2.0978,-2.1674,-2.2351,-2.3426,-2.4661,-2.6025,-2.7118,-2.8637,-3.0165,-3.1291,-3.2708,-3.3994,-3.5053
-0.47192,-0.65101,-0.99657,-1.4379,-1.7926,-2.2183,-2.4672,-2.4574,-2.1358,-1.515,-0.72304,-0.099581,0.68943,1.3727,1.7968,2.2329,2.5116,2.6219,2.6333,2.4917,2.1993,1.8813,1.3244,0.6146,-0.023355,-1.0236,-2.2085,-3.2326,-4.8109,-6.6901,-8.9595,-11.015,-14.481,-19.421,-24.809,-26.185,-20.303,-16.839,-15.161,-13.632,-12.626,-12.103,-11.653,-11.428,-11.378,-11.444,-11.608,-11.857,-12.095,-12.462,-12.854,-13.163,-13.6,-14.053,-14.408,-14.853,-15.12,-14.988,-14.498,-13.31,-11.706,-10.398,-8.6724,-7.053,-5.5733,-4.5625,-3.3454,-2.264,-1.5344,-0.66197,0.11278,0.63917,1.2751,1.8454,2.3596,2.7123,3.1406,3.5228,3.7803,4.0809,4.327,4.4735,4.6128,4.6813,4.6681,4.5969,4.4166,4.135,3.8507,3.3645,2.7443,1.9774,1.2968,0.24018,-0.99134,-2.0184,-3.4502,-4.7265,-5.3116,-5.248,-4.2786,-2.8596,-1.7396,-0.32366,0.94731,1.7977,2.7972,3.6541,4.2076,4.8313,5.3276,5.6984,5.8939,6.0426,6.0608,5.9874,5.7722,5.4224,4.9376,4.4843,3.7611,2.9106,2.1977,1.1678,0.085936,-0.71918,-1.7261,-2.5844,-3.2347,-3.5802,-3.8808,-4.0615,-4.1567,-4.27,-4.3917,-4.4962,-4.6523,-4.8209,-4.9988,-5.1326,-5.3085,-5.4833,-5.6199,-5.8175,-6.0459,-6.3366,-6.5924,-6.9786,-7.4334,-7.8324,-8.455,-9.2034,-9.8614,-10.89,-12.119,-13.599,-14.905,-16.924,-19.082,-20.343,-20.428,-18.685,-16.987,-14.851,-13,-11.429,-10.405,-9.2103,-8.1685,-7.4749,-6.6526,-5.937,-5.32,-4.9207,-4.4744,-4.1265,-3.9317,-3.7621,-3.6992,-3.7245,-3.8595,-4.1097,-4.4733,-4.8165,-5.3586,-5.9739,-6.4568,-7.0808,-7.6003,-7.8644,-7.9917,-7.8392,-7.4577,-7.0742,-6.5025,-5.9192,-5.5011,-4.9893,-4.5455,-4.1701
-0.98415,-0.70981,-0.41018,-0.1635,0.0026385,0.21545,0.4303,0.60058,0.84224,1.0946,1.3461,1.5244,1.7297,1.878,1.9401,1.9447,1.8483,1.704,1.4135,1.0002,0.46885,-0.0032652,-0.72503,-1.5421,-2.2067,-3.1504,-4.1377,-4.8952,-5.914,-6.9152,-7.8621,-8.5015,-9.2133,-9.6963,-9.8764,-9.8703,-9.621,-9.2138,-8.857,-8.381,-7.9491,-7.6708,-7.3777,-7.191,-7.1343,-7.1541,-7.2612,-7.4604,-7.6743,-8.0565,-8.5567,-9.0206,-9.7651,-10.662,-11.434,-12.576,-13.757,-14.68,-14.872,-14.199,-12.771,-11.521,-9.879,-8.404,-7.1339,-6.3148,-5.3963,-4.6584,-4.2162,-3.7616,-3.4337,-3.2514,-3.0581,-2.8797,-2.6599,-2.4406,-2.0704,-1.6028,-1.2049,-0.64935,-0.10888,0.26068,0.67689,0.98411,1.1655,1.2117,1.1472,0.9402,0.68933,0.21744,-0.41384,-1.2069,-1.9104,-2.9976,-4.2515,-5.2882,-6.7327,-8.0294,-8.6239,-8.5005,-7.3498,-5.6828,-4.3599,-2.6704,-1.1296,-0.088589,1.1525,2.2302,2.9359,3.7445,4.4077,4.9311,5.2334,5.5183,5.6688,5.6946,5.6165,5.4169,5.1014,4.7915,4.2862,3.6835,3.1724,2.4207,1.601,0.94781,0.033693,-0.93215,-1.9483,-2.7495,-3.8838,-5.1145,-6.1158,-7.5616,-9.1363,-10.376,-11.984,-13.247,-13.783,-13.637,-12.949,-12.064,-11.423,-10.663,-10.068,-9.6546,-9.4445,-9.2705,-9.1998,-9.2049,-9.2719,-9.4052,-9.5422,-9.7566,-9.9957,-10.238,-10.416,-10.62,-10.761,-10.806,-10.783,-10.653,-10.494,-10.205,-9.8491,-9.4405,-9.1107,-8.653,-8.1773,-7.8147,-7.3363,-6.8775,-6.4511,-6.1616,-5.8346,-5.5945,-5.4818,-5.4364,-5.5306,-5.7038,-6.0895,-6.6729,-7.4794,-8.2599,-9.5943,-11.335,-13.001,-15.934,-20.211,-24.714,-25.854,-20.351,-16.594,-14.613,-12.627,-11.116,-10.19,-9.1563,-8.2859,-7.555
-1.1404,-0.99797,-0.82262,-0.62722,-0.43986,-0.12491,0.26649,0.59974,1.072,1.5414,1.9721,2.2515,2.5455,2.7258,2.7753,2.7143,2.4977,2.2241,1.701,0.98383,0.062819,-0.7636,-2.0564,-3.5645,-4.8178,-6.573,-8.2214,-9.1735,-9.766,-9.5612,-8.8747,-8.2485,-7.4086,-6.6281,-6.0899,-5.4329,-4.8393,-4.3026,-3.9342,-3.5005,-3.1327,-2.9041,-2.6499,-2.4737,-2.4059,-2.3882,-2.4467,-2.5743,-2.7168,-2.9634,-3.2701,-3.5319,-3.9102,-4.3011,-4.5841,-4.9249,-5.1957,-5.3587,-5.3946,-5.32,-5.1294,-4.9278,-4.6007,-4.2451,-3.9103,-3.7051,-3.5277,-3.5076,-3.6249,-4.0016,-4.6932,-5.476,-6.9826,-9.2501,-12.664,-15.866,-15.899,-11.207,-8.3195,-5.4815,-3.4368,-2.2741,-1.1048,-0.29093,0.22438,0.43747,0.50825,0.35601,0.10895,-0.39843,-1.0913,-1.9366,-2.6487,-3.6629,-4.6706,-5.3529,-6.0507,-6.3813,-6.3299,-5.8556,-4.9926,-3.8642,-2.9182,-1.5971,-0.2772,0.68007,1.8847,2.9869,3.7359,4.6219,5.3729,5.9843,6.35,6.7149,6.9376,7.0101,6.9826,6.8189,6.5236,6.2187,5.7074,5.0835,4.5457,3.7425,2.8455,2.1163,1.0726,-0.050902,-1.2555,-2.2131,-3.5843,-5.089,-6.3273,-8.1636,-10.263,-12.02,-14.485,-16.442,-16.71,-15.858,-14.324,-12.999,-12.237,-11.471,-10.979,-10.724,-10.65,-10.635,-10.651,-10.638,-10.545,-10.349,-10.14,-9.804,-9.4414,-9.1041,-8.8914,-8.6862,-8.5652,-8.5381,-8.5881,-8.7395,-8.923,-9.2599,-9.6968,-10.196,-10.562,-10.937,-11.027,-10.825,-10.195,-9.2847,-8.268,-7.521,-6.619,-5.879,-5.4363,-5.0153,-4.7918,-4.7525,-4.8723,-5.1865,-5.6788,-6.1675,-6.9603,-7.8851,-8.6267,-9.6409,-10.597,-11.228,-11.909,-12.394,-12.721,-12.882,-12.992,-12.963,-12.808,-12.385,-11.695,-10.792
-2.6069,-3.4741,-4.945,-6.5944,-7.4895,-7.2123,-5.325,-3.6125,-1.512,0.22179,1.5904,2.4017,3.2278,3.7824,4.0337,4.1599,4.0526,3.8201,3.3016,2.5407,1.5241,0.5801,-0.95785,-2.85,-4.5307,-7.1362,-9.9899,-11.69,-11.877,-10.146,-8.1933,-6.9424,-5.5757,-4.473,-3.7764,-2.9716,-2.2736,-1.66,-1.2438,-0.74666,-0.31172,-0.037118,0.27225,0.51127,0.63547,0.72232,0.70737,0.58285,0.41708,0.098973,-0.32813,-0.71735,-1.3221,-2.0122,-2.5676,-3.3194,-4.0078,-4.5214,-4.7276,-4.7025,-4.3705,-3.9681,-3.3138,-2.6302,-2.0026,-1.6076,-1.2134,-0.99228,-0.94431,-1.0407,-1.3302,-1.6685,-2.2641,-2.9295,-3.5219,-3.7732,-3.6659,-3.0344,-2.3339,-1.2992,-0.31106,0.33576,1.0317,1.5154,1.7803,1.8342,1.7083,1.3514,0.92594,0.11965,-0.95801,-2.3268,-3.5874,-5.6693,-8.389,-11.115,-16.738,-32.986,-21.966,-13.821,-9.6006,-6.6225,-4.7907,-2.6648,-0.78842,0.48818,2.0339,3.4111,4.3385,5.4307,6.3551,7.107,7.556,8.0035,8.2788,8.3696,8.3351,8.1245,7.7367,7.3311,6.6443,5.7949,5.0543,3.9398,2.697,1.6981,0.31514,-1.0658,-2.3683,-3.2492,-4.2712,-5.1002,-5.6147,-6.197,-6.6914,-7.0169,-7.3776,-7.6559,-7.8431,-7.9438,-8.0462,-8.2088,-8.436,-8.8991,-9.6078,-10.677,-11.805,-13.921,-17.066,-20.246,-22.466,-18.377,-15.321,-12.34,-10.24,-8.7447,-7.9171,-7.1366,-6.6662,-6.4914,-6.483,-6.732,-7.0979,-7.8604,-9.0066,-10.667,-12.392,-15.705,-20.583,-22.062,-16.818,-12.382,-9.3426,-7.6329,-5.8737,-4.5606,-3.8097,-3.0753,-2.6119,-2.4183,-2.3538,-2.4915,-2.822,-3.1945,-3.834,-4.6213,-5.2975,-6.3211,-7.4578,-8.3823,-9.716,-11.179,-12.853,-14.306,-16.698,-20.098,-24.146,-36.368,-25.234,-18.512
-3.23,-3.9407,-5.1171,-6.3575,-7.001,-6.8306,-5.4018,-3.9559,-2.0507,-0.39354,0.95897,1.776,2.6208,3.2058,3.4852,3.6594,3.6162,3.4486,3.0562,2.4815,1.7385,1.0823,0.10086,-0.96351,-1.7814,-2.8376,-3.7865,-4.3995,-5.0609,-5.5363,-5.8299,-5.9464,-5.9898,-5.9126,-5.7796,-5.491,-5.0773,-4.555,-4.1101,-3.4783,-2.8237,-2.3544,-1.7835,-1.2925,-0.98607,-0.67792,-0.50884,-0.49872,-0.60192,-0.89517,-1.3876,-1.9051,-2.8249,-4.0754,-5.2935,-7.4377,-10.553,-15.775,-24.18,-21.418,-13.166,-9.9335,-7.0285,-5.0036,-3.5398,-2.7049,-1.8666,-1.2826,-0.98003,-0.72428,-0.60995,-0.58569,-0.61637,-0.67131,-0.70188,-0.6922,-0.61187,-0.44542,-0.26806,0.020582,0.33637,0.56656,0.8292,1.0018,1.052,0.99253,0.76379,0.35019,-0.09066,-0.86077,-1.8246,-3.0136,-4.0616,-5.6345,-7.3401,-8.6329,-10.236,-11.485,-12.057,-12.252,-11.754,-10.533,-9.2103,-7.1151,-4.9018,-3.2849,-1.2715,0.53447,1.7408,3.1487,4.3271,5.2805,5.8454,6.4004,6.7368,6.8479,6.8044,6.5392,6.0437,5.515,4.5934,3.4064,2.3289,0.61083,-1.4818,-3.3559,-6.3854,-10.269,-15.186,-18.096,-16.383,-13.31,-11.669,-10.181,-9.2092,-8.6953,-8.2064,-7.8835,-7.6704,-7.5782,-7.5092,-7.5246,-7.6356,-7.9169,-8.3408,-8.9141,-9.4339,-10.204,-10.937,-11.321,-11.406,-10.915,-10.264,-9.2352,-8.2381,-7.4125,-6.9246,-6.4482,-6.1724,-6.0892,-6.1364,-6.3355,-6.5631,-6.9448,-7.3687,-7.7842,-8.0524,-8.2848,-8.2818,-8.0892,-7.5721,-6.8256,-5.9568,-5.288,-4.4367,-3.694,-3.2298,-2.7472,-2.4399,-2.3226,-2.3319,-2.527,-2.9037,-3.3107,-4.0224,-4.9374,-5.7655,-7.0782,-8.6292,-9.9671,-11.994,-14.285,-16.714,-18.415,-20.052,-20.535,-20.225,-19.2,-17.643,-15.786
-2.6738,-2.5864,-2.4503,-2.2421,-2.0119,-1.5821,-1.0093,-0.50534,0.21881,0.94716,1.6216,2.0644,2.5409,2.8648,3.0014,3.0303,2.8828,2.6576,2.2097,1.6011,0.84698,0.19595,-0.76604,-1.8232,-2.6628,-3.8113,-4.9735,-5.8562,-7.0451,-8.2685,-9.5319,-10.513,-11.846,-13.108,-13.877,-14.378,-13.995,-12.828,-11.665,-10.011,-8.401,-7.2775,-5.9575,-4.84,-4.133,-3.3643,-2.7968,-2.4188,-2.2609,-2.219,-2.3728,-2.6133,-3.0932,-3.7351,-4.3073,-5.1429,-5.9794,-6.6485,-6.9123,-6.8392,-6.3156,-5.7261,-4.8303,-3.9594,-3.2203,-2.7637,-2.2898,-1.9748,-1.8428,-1.8029,-1.9141,-2.0797,-2.399,-2.7766,-3.1567,-3.4035,-3.6167,-3.627,-3.4845,-3.1083,-2.5931,-2.1674,-1.6225,-1.1633,-0.83765,-0.70125,-0.68234,-0.85645,-1.1166,-1.6396,-2.3806,-3.3456,-4.1915,-5.4719,-6.932,-8.1437,-9.9663,-12.125,-14.087,-17.548,-22.781,-24.213,-18.891,-13.342,-9.3364,-6.9226,-4.2244,-1.9638,-0.50513,1.1568,2.5225,3.6166,4.2689,4.9141,5.3073,5.4418,5.4107,5.1434,4.6415,4.1073,3.1805,2.003,0.95376,-0.6672,-2.5393,-4.0965,-6.3198,-8.5517,-10.438,-11.368,-11.863,-11.784,-11.575,-11.281,-11.039,-10.878,-10.655,-10.408,-10.111,-9.8817,-9.5445,-9.1384,-8.827,-8.4493,-8.1213,-7.8496,-7.6759,-7.4599,-7.2479,-7.075,-6.8264,-6.562,-6.3618,-6.1106,-5.9102,-5.8093,-5.8156,-5.9492,-6.2419,-6.5775,-7.1685,-7.8965,-8.4913,-9.2604,-9.8466,-10.101,-10.02,-9.5746,-8.8599,-8.2287,-7.3416,-6.4769,-5.6634,-5.1034,-4.4415,-3.8891,-3.5538,-3.2175,-3.0151,-2.9485,-2.9796,-3.1607,-3.4905,-3.8405,-4.457,-5.2625,-5.9984,-7.1789,-8.622,-9.9079,-11.943,-14.382,-17.206,-19.309,-20.778,-19.757,-18.221,-16.241,-14.565,-13.167
-3.5021,-3.3414,-3.0551,-2.6311,-2.2037,-1.5012,-0.69028,-0.04795,0.80353,1.5979,2.2895,2.7211,3.1601,3.4245,3.5008,3.4274,3.1492,2.8031,2.1562,1.2965,0.23363,-0.69081,-2.0633,-3.5735,-4.7694,-6.3849,-7.957,-9.0764,-10.516,-12,-13.697,-15.22,-17.769,-21.251,-24.897,-31.681,-29.322,-23.211,-19.89,-16.237,-13.226,-11.25,-8.9717,-7.0696,-5.8861,-4.6096,-3.6503,-2.9574,-2.6026,-2.3286,-2.2539,-2.3074,-2.4838,-2.7439,-2.9667,-3.2542,-3.4819,-3.6047,-3.6121,-3.5106,-3.2885,-3.0613,-2.7176,-2.3814,-2.0934,-1.9238,-1.7925,-1.7983,-1.9148,-2.2442,-2.7986,-3.3671,-4.3899,-5.7971,-7.6861,-9.5074,-12.455,-14.593,-13.6,-10.36,-7.4368,-5.7028,-3.9007,-2.5597,-1.5915,-1.0791,-0.65435,-0.50946,-0.57744,-0.89079,-1.4527,-2.2249,-2.938,-4.1007,-5.494,-6.6563,-8.3244,-10.023,-11.198,-12.352,-12.703,-12.071,-11.02,-9.1025,-6.9023,-5.2207,-3.0683,-1.0959,0.23845,1.8049,3.12,4.1788,4.8122,5.4487,5.8435,5.98,5.9505,5.6831,5.192,4.6807,3.8162,2.7517,1.8331,0.46446,-1.03,-2.2065,-3.8004,-5.3783,-6.8898,-7.9638,-9.3249,-10.61,-11.562,-12.823,-14.096,-15.025,-16.029,-16.384,-15.766,-14.839,-13.45,-12.092,-11.133,-9.954,-8.9075,-7.9838,-7.3604,-6.6051,-5.9384,-5.4839,-4.9445,-4.4888,-4.2128,-3.9511,-3.8296,-3.8721,-4.0256,-4.4314,-5.1053,-5.8118,-7.0805,-8.8574,-10.669,-14.156,-20.382,-34.753,-21.578,-14.988,-11.467,-9.6625,-7.8788,-6.5665,-5.5788,-4.9966,-4.392,-3.9483,-3.7044,-3.4751,-3.3419,-3.3031,-3.3176,-3.4051,-3.5603,-3.7192,-3.9945,-4.3458,-4.6564,-5.1383,-5.7074,-6.1731,-6.835,-7.4891,-8.0885,-8.458,-8.8091,-8.9859,-9.0223,-8.9979,-8.9524,-8.9433
-6.5617,-7.6159,-8.9778,-9.199,-8.0885,-5.6873,-3.2535,-1.6531,0.15191,1.6058,2.7421,3.4051,4.0521,4.4382,4.5596,4.4922,4.1615,3.7312,2.8989,1.7485,0.24439,-1.1519,-3.4273,-6.3051,-8.9672,-13.248,-17.124,-17.502,-15.895,-14.721,-14.489,-14.837,-15.94,-17.667,-19.421,-22.588,-28.182,-43.765,-27.099,-19.152,-14.202,-11.468,-8.6497,-6.4785,-5.1767,-3.8202,-2.8522,-2.2291,-1.9793,-1.9045,-2.0865,-2.3711,-2.9222,-3.6072,-4.1583,-4.8283,-5.2747,-5.3726,-5.2106,-4.7449,-4.1178,-3.6133,-2.9793,-2.4392,-2.0011,-1.7563,-1.5823,-1.5915,-1.723,-2.0614,-2.5887,-3.1222,-4.0318,-5.1892,-6.5663,-7.693,-9.0761,-9.7015,-9.2618,-7.6994,-5.7512,-4.3556,-2.7159,-1.3713,-0.31758,0.28546,0.85466,1.1623,1.2213,1.0808,0.68762,0.049543,-0.61724,-1.774,-3.2356,-4.5557,-6.7172,-9.5863,-12.555,-18.95,-26.012,-15.974,-11.723,-7.7965,-4.8183,-2.9433,-0.76642,1.1213,2.3652,3.8075,5.0178,5.9923,6.5636,7.12,7.4446,7.5352,7.4505,7.1251,6.5615,5.9848,5.0191,3.8342,2.8032,1.2507,-0.4827,-1.8831,-3.8382,-5.8349,-7.7785,-9.1476,-10.815,-12.341,-13.509,-15.222,-17.438,-19.721,-24.129,-28.423,-24.308,-20.678,-17.065,-14.594,-13.22,-11.731,-10.462,-9.2759,-8.4004,-7.2327,-6.095,-5.2851,-4.292,-3.4175,-2.8584,-2.265,-1.8602,-1.6393,-1.6017,-1.7481,-2.1091,-2.5208,-3.2578,-4.1884,-4.9793,-6.0502,-6.937,-7.391,-7.3908,-7.0092,-6.4036,-5.9369,-5.3972,-4.9928,-4.7239,-4.6138,-4.5707,-4.6121,-4.6827,-4.8159,-4.9635,-5.0775,-5.1916,-5.2445,-5.2207,-5.1456,-4.9665,-4.7177,-4.5066,-4.2325,-3.9911,-3.8425,-3.7058,-3.6358,-3.6309,-3.6678,-3.7776,-3.9552,-4.1485,-4.501,-4.9863,-5.6361
-7.0714,-8.36,-10.234,-10.911,-9.6969,-6.9027,-4.1678,-2.4158,-0.4746,1.0819,2.308,3.0349,3.7672,4.2382,4.4235,4.4476,4.2157,3.8675,3.1631,2.1683,0.85671,-0.34615,-2.2376,-4.4447,-6.2862,-8.6924,-10.327,-10.706,-10.469,-10.063,-9.8178,-9.7827,-9.9718,-10.363,-10.734,-11.159,-11.339,-11.07,-10.466,-9.2635,-7.8453,-6.7141,-5.2746,-4.047,-3.3036,-2.5617,-2.0963,-1.9296,-2.0187,-2.4195,-3.165,-3.9852,-5.4978,-7.6063,-9.7359,-13.707,-19.436,-19.512,-15.433,-11.529,-8.9525,-7.5426,-6.1357,-5.1122,-4.3632,-3.9703,-3.6658,-3.5693,-3.621,-3.8357,-4.2405,-4.644,-5.2598,-5.9202,-6.5164,-6.835,-6.9754,-6.7075,-6.2319,-5.3153,-4.1995,-3.304,-2.1086,-0.99272,-0.029916,0.56304,1.1733,1.571,1.7284,1.7511,1.5484,1.1123,0.63087,-0.15079,-1.1029,-1.9276,-3.1172,-4.3178,-5.1339,-5.9307,-6.1838,-5.804,-5.1388,-3.882,-2.3694,-1.1691,0.4319,1.9689,3.0395,4.3188,5.4131,6.3137,6.8452,7.3451,7.6056,7.6451,7.4942,7.0986,6.4467,5.7832,4.6639,3.2617,2.0116,0.052635,-2.2978,-4.368,-7.6359,-11.682,-16.695,-20.405,-20.88,-18.58,-17.37,-16.483,-16.164,-16.13,-16.161,-16.118,-15.793,-15.631,-15.484,-15.383,-15.464,-15.814,-16.301,-16.154,-15.141,-12.838,-10.269,-8.4859,-6.4478,-4.7864,-3.7656,-2.6679,-1.8481,-1.278,-0.99391,-0.79062,-0.76397,-0.85405,-1.0988,-1.4502,-1.7548,-2.1938,-2.6453,-3.089,-3.4103,-3.8354,-4.2841,-4.6552,-5.226,-5.9052,-6.7029,-7.3653,-8.2947,-9.1909,-9.8002,-10.505,-11.086,-11.525,-12.13,-12.718,-13.025,-12.808,-11.756,-10.157,-8.8864,-7.3017,-5.9507,-5.0915,-4.1686,-3.4726,-2.9809,-2.7323,-2.5621,-2.5598,-2.674,-2.9725,-3.4544,-4.1412
-4.973,-5.008,-4.9416,-4.6651,-4.2891,-3.5636,-2.649,-1.8896,-0.84327,0.16994,1.099,1.7184,2.409,2.9281,3.1949,3.3777,3.3532,3.2012,2.8232,2.2521,1.5048,0.84476,-0.13251,-1.1525,-1.9174,-2.8845,-3.7287,-4.2387,-4.7706,-5.1631,-5.4473,-5.5992,-5.7452,-5.8138,-5.8086,-5.7179,-5.5115,-5.1889,-4.8761,-4.3326,-3.748,-3.3198,-2.7814,-2.3015,-2.0191,-1.7947,-1.7632,-1.9534,-2.2469,-2.8617,-3.7675,-4.6461,-6.0823,-7.7892,-9.2048,-11.112,-12.596,-13.136,-12.902,-12.094,-11.099,-10.389,-9.5093,-8.7236,-8.0737,-7.7114,-7.3597,-7.1678,-7.1578,-7.3757,-7.8791,-8.4758,-9.5702,-11.071,-13.029,-14.66,-15.999,-14.721,-12.643,-9.8041,-7.3619,-5.8033,-4.0384,-2.5887,-1.4128,-0.69353,0.059833,0.58761,0.84092,0.99514,0.94643,0.69859,0.40298,-0.13773,-0.89059,-1.5741,-2.6059,-3.7526,-4.6835,-5.9793,-7.1796,-7.914,-7.8451,-6.7756,-4.9391,-3.3818,-1.345,0.50941,1.7453,3.181,4.3603,5.2861,5.8253,6.334,6.5972,6.6315,6.4635,6.0563,5.4035,4.7477,3.6409,2.2662,1.0543,-0.81911,-3,-4.8449,-7.567,-10.499,-13.281,-14.838,-15.801,-15.818,-15.604,-15.314,-15.096,-14.955,-14.794,-14.743,-14.577,-14.49,-14.649,-15.14,-15.775,-17.115,-19.104,-20.771,-19.758,-16.019,-12.466,-10.285,-7.9349,-6.0925,-4.9905,-3.8287,-2.953,-2.3327,-2.0185,-1.7596,-1.6561,-1.6728,-1.7934,-2.0077,-2.2274,-2.5909,-3.0377,-3.5654,-4.0162,-4.7211,-5.5879,-6.3588,-7.6122,-9.1946,-11.224,-13.135,-16.375,-20.473,-23.092,-22.643,-20.45,-19.521,-19.482,-21.042,-24.827,-28.158,-22.56,-16.729,-13.714,-10.75,-8.5477,-7.2622,-5.9183,-4.9131,-4.1817,-3.7879,-3.4465,-3.2829,-3.2717,-3.3933,-3.6743,-4.1097
-4.8936,-4.8382,-4.7959,-4.7474,-4.6637,-4.4099,-3.9329,-3.4098,-2.5057,-1.4507,-0.35954,0.42352,1.3579,2.1239,2.5722,2.9941,3.2066,3.2328,3.0973,2.7827,2.3123,1.8637,1.1531,0.36716,-0.23322,-1.0597,-1.8789,-2.4591,-3.1437,-3.6888,-4.0874,-4.2894,-4.3978,-4.3408,-4.202,-3.9207,-3.5553,-3.1098,-2.7611,-2.284,-1.7843,-1.4337,-1.0345,-0.73636,-0.58518,-0.49779,-0.57548,-0.8429,-1.171,-1.7974,-2.6365,-3.3927,-4.5611,-5.8965,-6.9787,-8.4747,-9.969,-11.383,-12.33,-13.335,-13.925,-14.019,-13.669,-12.92,-12.048,-11.401,-10.581,-9.941,-9.6218,-9.4507,-9.5543,-9.8399,-10.57,-11.712,-13.28,-14.592,-15.644,-14.463,-12.504,-9.8076,-7.4535,-5.9303,-4.2044,-2.7968,-1.6663,-0.96605,-0.21269,0.34287,0.63509,0.8598,0.9171,0.81576,0.62591,0.18242,-0.43821,-1.0209,-2.0086,-3.2929,-4.5135,-6.6366,-9.7038,-14.37,-17.344,-12.56,-7.4339,-4.6437,-1.7675,0.47066,1.8372,3.3446,4.5503,5.4632,5.9717,6.441,6.6853,6.7188,6.5564,6.169,5.5672,4.9769,4.0046,2.8233,1.8075,0.29663,-1.3706,-2.7135,-4.5851,-6.4876,-8.3478,-9.6956,-11.403,-12.981,-13.991,-15.107,-15.795,-15.953,-15.659,-14.976,-14.247,-13.612,-12.795,-12.162,-11.777,-11.32,-10.803,-10.151,-9.5361,-8.5461,-7.4177,-6.5552,-5.4848,-4.5547,-3.9719,-3.3665,-2.9536,-2.7209,-2.6511,-2.6732,-2.8055,-2.9448,-3.1631,-3.4199,-3.6336,-3.9485,-4.3017,-4.7262,-5.1045,-5.7111,-6.4602,-7.1367,-8.2207,-9.5473,-11.167,-12.583,-14.706,-16.725,-17.674,-17.667,-16.763,-15.966,-15.071,-14.397,-13.745,-13.173,-12.157,-10.909,-9.9151,-8.6079,-7.4,-6.6225,-5.7637,-5.0783,-4.5692,-4.2877,-4.0222,-3.8742,-3.8267,-3.8438,-3.9423,-4.1181
-5.0569,-5.2229,-5.778,-6.7841,-7.8749,-9.7,-11.04,-10.444,-7.711,-4.7035,-2.1896,-0.6577,0.97482,2.2077,2.9028,3.5534,3.9227,4.0322,3.9679,3.6872,3.2103,2.7397,1.9564,1.0039,0.19543,-0.9842,-2.2614,-3.2742,-4.6043,-5.7726,-6.5637,-6.8088,-6.6508,-6.108,-5.5503,-4.7285,-3.8775,-3.0335,-2.4056,-1.6346,-0.92043,-0.41111,0.19833,0.68249,0.94804,1.1645,1.1984,1.037,0.77252,0.22471,-0.54446,-1.278,-2.4873,-3.9686,-5.2612,-7.263,-9.6749,-12.646,-15.414,-20.418,-28.165,-29.494,-22.923,-18.971,-16.408,-14.829,-13.026,-11.62,-10.763,-9.8552,-9.1374,-8.7308,-8.4021,-8.1984,-8.0193,-7.8465,-7.4711,-6.876,-6.2927,-5.3663,-4.3557,-3.589,-2.6138,-1.7219,-0.92914,-0.40896,0.17345,0.63232,0.89495,1.1369,1.2516,1.2454,1.1574,0.93322,0.65661,0.38145,-0.085804,-0.62339,-1.037,-1.5568,-1.9618,-2.0981,-1.9098,-1.2355,-0.17135,0.78241,2.116,3.4051,4.301,5.3526,6.2289,6.9284,7.3243,7.6741,7.8228,7.8094,7.6212,7.2358,6.656,6.1032,5.2137,4.1526,3.2507,1.9172,0.44666,-0.74232,-2.4295,-4.2413,-6.2036,-7.7972,-10.154,-12.97,-15.613,-20.524,-30.185,-30.404,-21.2,-16.591,-13.732,-12.229,-10.57,-9.1848,-8.2842,-7.2365,-6.2997,-5.4378,-4.8266,-4.0799,-3.4155,-2.9738,-2.4935,-2.1716,-2.0477,-2.0612,-2.3002,-2.7528,-3.2119,-3.9587,-4.7811,-5.3536,-5.9496,-6.2697,-6.3493,-6.3129,-6.255,-6.279,-6.386,-6.621,-6.9402,-7.2342,-7.6594,-8.1071,-8.5609,-8.8927,-9.2631,-9.5058,-9.5864,-9.5445,-9.3454,-9.1362,-8.7862,-8.3749,-7.9368,-7.5915,-7.1112,-6.6074,-6.2404,-5.7711,-5.3772,-5.1437,-4.9234,-4.8171,-4.8049,-4.8513,-4.9397,-5.0264,-5.0543,-5.0298,-4.9197,-4.7577
-4.662,-4.7158,-5.139,-5.9976,-6.962,-8.6015,-9.8056,-9.2938,-6.7333,-3.8111,-1.3388,0.16156,1.7439,2.9079,3.5369,4.0833,4.331,4.3349,4.1208,3.6703,2.9982,2.371,1.3722,0.14485,-0.94014,-2.6008,-4.6233,-6.487,-9.7119,-14.432,-21.752,-21.735,-15.359,-11.702,-9.9335,-8.2568,-6.9623,-5.8454,-4.9723,-3.7107,-2.4408,-1.5262,-0.38648,0.5956,1.1901,1.7702,2.1065,2.198,2.0948,1.7382,1.1149,0.46101,-0.64816,-2.04,-3.2919,-5.2592,-7.5742,-10.259,-12.489,-15.569,-18.37,-20.076,-21.433,-21.653,-20.426,-18.571,-15.892,-13.628,-12.206,-10.531,-9.2581,-8.5315,-7.7586,-7.1648,-6.6876,-6.357,-5.9261,-5.4751,-5.1258,-4.6144,-4.0427,-3.6079,-3.0495,-2.5042,-1.9663,-1.5906,-1.153,-0.78174,-0.55103,-0.30673,-0.16172,-0.12513,-0.14642,-0.18811,-0.28702,-0.3924,-0.48331,-0.49902,-0.44703,-0.27065,0.046762,0.51412,0.95972,1.66,2.4565,3.1038,3.998,4.878,5.5092,6.2822,6.9252,7.4374,7.7332,7.9828,8.0435,7.9683,7.7199,7.2921,6.6794,6.1035,5.1982,4.1425,3.2581,1.9643,0.56431,-0.54297,-2.0977,-3.7407,-5.4445,-6.7564,-8.5449,-10.404,-11.769,-13.305,-14.252,-14.379,-13.669,-12.55,-11.069,-9.9128,-8.5402,-7.2858,-6.3961,-5.2799,-4.2704,-3.3572,-2.7371,-2.0093,-1.4228,-1.095,-0.81817,-0.76088,-0.88891,-1.3146,-2.091,-3.2996,-4.5612,-6.8568,-10.118,-13.436,-17.758,-15.883,-13.213,-10.852,-9.6061,-9.1099,-9.0862,-9.3514,-9.7516,-9.9905,-10.03,-9.731,-9.1875,-8.7188,-8.0954,-7.5642,-7.2161,-6.8314,-6.4907,-6.2759,-6.038,-5.8325,-5.6696,-5.5489,-5.4149,-5.3086,-5.2487,-5.2126,-5.2914,-5.4347,-5.7538,-6.2832,-7.0567,-7.8037,-8.9695,-10.115,-10.661,-10.574,-9.6332,-8.3791
-4.7988,-4.5027,-4.1269,-3.7488,-3.4423,-2.955,-2.3156,-1.6998,-0.72343,0.35474,1.4175,2.1406,2.9458,3.5189,3.7832,3.9054,3.7595,3.4757,2.8806,2.0569,1.0288,0.14388,-1.1128,-2.4147,-3.4204,-4.82,-6.2782,-7.4511,-9.1523,-10.872,-12.125,-12.446,-12.163,-11.724,-11.594,-11.944,-13.021,-14.101,-13.691,-10.782,-7.3142,-5.0742,-2.6898,-0.87782,0.18177,1.237,1.929,2.2885,2.3635,2.2107,1.7809,1.294,0.42917,-0.69393,-1.6991,-3.2365,-4.9989,-6.9849,-8.611,-10.987,-13.614,-15.845,-19.432,-23.143,-22.929,-19.927,-16.473,-14.014,-12.503,-11.003,-9.9861,-9.4867,-9.0194,-8.7614,-8.6557,-8.6286,-8.5915,-8.4851,-8.3287,-8.0321,-7.688,-7.4092,-7.0161,-6.6261,-6.259,-5.9803,-5.5716,-5.1467,-4.8447,-4.5123,-4.2873,-4.2098,-4.2684,-4.514,-4.9566,-5.2613,-5.492,-5.3947,-5.0587,-4.3067,-3.322,-2.2539,-1.4606,-0.43113,0.57391,1.3079,2.2551,3.1624,3.8031,4.5901,5.2827,5.8243,6.1155,6.3499,6.4003,6.2987,5.9743,5.4454,4.721,4.0501,2.9949,1.7885,0.79704,-0.6175,-2.1102,-3.2625,-4.8059,-6.3129,-7.7667,-8.8048,-10.051,-11.094,-11.724,-12.31,-12.521,-12.46,-12.109,-11.48,-10.866,-10.267,-9.3115,-8.2627,-7.4482,-6.3153,-5.1662,-4.0464,-3.2699,-2.3358,-1.5491,-1.0855,-0.66036,-0.47493,-0.51404,-0.82408,-1.4539,-2.4657,-3.4935,-5.2122,-7.2686,-8.8295,-10.331,-10.55,-10.145,-9.641,-9.6207,-10.252,-11.24,-13.512,-17.444,-22.144,-23.504,-17.11,-13.229,-11.306,-9.5307,-8.3478,-7.7331,-7.1744,-6.8712,-6.7559,-6.742,-6.8527,-7.0235,-7.1751,-7.3573,-7.4933,-7.554,-7.6209,-7.688,-7.7949,-8.1287,-8.768,-9.8676,-11.116,-13.649,-17.925,-23.188,-22.509,-15.938,-12.217
-7.3034,-6.8447,-5.7731,-4.3903,-3.2884,-1.8449,-0.51603,0.39865,1.4986,2.4453,3.2192,3.6743,4.0917,4.2706,4.2318,3.9369,3.3368,2.6778,1.4941,-0.040923,-1.9307,-3.5794,-5.8792,-7.8174,-8.6943,-9.0442,-8.7888,-8.5093,-8.2149,-8.0808,-8.0141,-8.0061,-8.1154,-8.3993,-8.7903,-9.6829,-11.043,-12.337,-12.254,-9.6921,-6.5404,-4.4622,-2.1535,-0.37038,0.65911,1.6941,2.3914,2.7754,2.8849,2.8039,2.494,2.1205,1.43,0.54806,-0.22682,-1.4051,-2.738,-4.1821,-5.3179,-6.8561,-8.3509,-9.4096,-10.626,-11.407,-11.695,-11.576,-11.281,-10.816,-10.411,-10.076,-9.9728,-10.047,-10.466,-11.281,-12.441,-13.496,-14.891,-15.657,-15.491,-14.659,-13.79,-13.329,-13.012,-13.05,-13.304,-13.394,-12.975,-11.956,-11.005,-9.8551,-9.0404,-8.6509,-8.755,-9.5654,-11.089,-12.954,-17.099,-20.392,-17.027,-12.218,-9.0452,-6.9263,-5.7715,-4.5842,-3.5783,-2.8428,-1.7901,-0.61064,0.31062,1.4743,2.5265,3.3827,3.8469,4.2174,4.3244,4.2223,3.8187,3.1293,2.1761,1.288,-0.12425,-1.765,-3.1145,-5.0185,-6.9893,-8.4337,-10.24,-11.901,-13.463,-14.576,-15.92,-16.924,-17.36,-17.435,-16.923,-16.328,-15.645,-14.863,-14.227,-13.955,-13.526,-12.743,-11.825,-10.217,-8.3491,-6.4635,-5.1407,-3.5859,-2.2902,-1.4831,-0.63552,-0.050714,0.22226,0.36041,0.26145,-0.048958,-0.40498,-1.0181,-1.7148,-2.2494,-2.9495,-3.5774,-4.0422,-4.7246,-5.5306,-6.5776,-7.5468,-9.0448,-10.571,-11.476,-11.842,-11.224,-10.177,-9.4133,-8.6096,-8.058,-7.8128,-7.7051,-7.868,-8.1557,-8.7413,-9.5891,-10.653,-11.579,-12.744,-13.425,-13.384,-12.668,-11.587,-10.843,-10.106,-9.6832,-9.5827,-9.6774,-9.9576,-10.25,-10.315,-10.065,-9.4678,-8.7051
-22.26,-21.972,-12.558,-7.5368,-4.9345,-2.2916,-0.2632,0.9646,2.2875,3.3073,4.0507,4.4333,4.7122,4.7192,4.5385,4.0297,3.1892,2.3173,0.78459,-1.2446,-3.8998,-6.5217,-11.368,-18.731,-21.13,-15.124,-11.541,-9.9266,-8.4433,-7.4064,-6.6318,-6.1688,-5.652,-5.2119,-4.9391,-4.5868,-4.201,-3.6454,-3.154,-2.3181,-1.281,-0.48604,0.50826,1.3929,1.9352,2.4803,2.8166,2.9554,2.9348,2.7489,2.4041,2.0355,1.4077,0.65475,-0.0028761,-1.0084,-2.1361,-3.3716,-4.3605,-5.7091,-7.0486,-7.9569,-8.9502,-9.6407,-9.9564,-10.004,-9.9031,-9.6057,-9.4585,-9.4579,-9.7022,-10.046,-10.983,-12.52,-14.858,-17.421,-22.698,-28.525,-24.585,-20.039,-17.725,-16.966,-17.064,-18.503,-21.818,-27.305,-32.965,-21.005,-17.056,-13.726,-11.695,-10.564,-10.184,-10.174,-10.568,-11.376,-12.473,-12.719,-12.183,-10.876,-9.6095,-8.9188,-8.868,-9.4783,-10.897,-12.005,-11.351,-8.1107,-5.5577,-2.7591,-0.72821,0.7117,1.471,2.0728,2.228,2.0913,1.5789,0.67502,-0.62062,-1.8399,-3.8302,-6.2706,-8.4109,-11.695,-15.428,-18.231,-20.935,-21.717,-21.965,-22.601,-24.833,-29.695,-39.63,-31.912,-24.452,-21.561,-19.287,-18.53,-18.314,-19.092,-22.016,-29.662,-28.679,-18.666,-13.235,-9.5703,-7.4436,-5.1401,-3.3218,-2.2064,-0.99214,-0.054969,0.48512,1.0057,1.3071,1.4314,1.4151,1.2539,0.97744,0.70492,0.27484,-0.2347,-0.67149,-1.3091,-2.0072,-2.7885,-3.408,-4.2232,-5.023,-5.5652,-6.1839,-6.6823,-7.092,-7.3716,-7.7459,-8.1263,-8.4551,-8.9465,-9.5326,-10.079,-11.027,-12.378,-14.366,-16.548,-21.152,-30.991,-27.485,-19.34,-15.241,-13.27,-11.425,-10.111,-9.1998,-8.6799,-8.138,-7.6892,-7.3785,-6.964,-6.5718,-6.2108
-8.5317,-8.0862,-6.6583,-4.7571,-3.2944,-1.4914,0.070597,1.0776,2.199,3.078,3.7192,4.0444,4.2669,4.2453,4.0634,3.5865,2.8384,2.093,0.84787,-0.68868,-2.4428,-3.8727,-5.8194,-7.4708,-8.4166,-9.2256,-9.5387,-9.5398,-9.2836,-8.6999,-7.8488,-7.101,-6.0324,-4.9774,-4.2311,-3.3047,-2.4426,-1.6532,-1.0612,-0.35402,0.27147,0.69869,1.1678,1.4908,1.6386,1.6975,1.5895,1.3412,1.0675,0.62645,0.10627,-0.3107,-0.88862,-1.5361,-2.0797,-2.9092,-3.9164,-5.1644,-6.2887,-8.0988,-10.307,-12.209,-14.863,-16.431,-15.647,-14.305,-12.454,-11.049,-10.375,-9.7746,-9.5564,-9.6839,-10.107,-10.818,-11.791,-12.598,-13.627,-14.386,-14.651,-14.812,-14.89,-14.96,-15.288,-15.757,-16.156,-16.325,-15.986,-14.955,-13.925,-12.512,-11.138,-10.056,-9.3933,-8.6982,-8.3843,-8.1646,-7.869,-7.6862,-7.5288,-7.3418,-7.332,-7.5874,-8.0328,-9.0912,-10.668,-11.718,-11.371,-8.745,-6.5519,-4.0714,-2.1563,-0.85837,-0.21467,0.26848,0.29813,0.036721,-0.65339,-1.761,-3.3106,-4.766,-7.1112,-9.988,-12.54,-16.5,-21.248,-25.082,-27.849,-26.476,-24.459,-23.496,-22.907,-22.556,-22.116,-21.207,-19.813,-18.693,-17.348,-16.476,-16.344,-16.302,-16.411,-16.276,-15.594,-13.937,-11.838,-9.6858,-8.1917,-6.3897,-4.7747,-3.6909,-2.4276,-1.3597,-0.69244,0.030111,0.55823,0.88808,1.0193,1.0634,0.95736,0.79382,0.48123,0.065263,-0.2945,-0.82834,-1.4369,-2.0856,-2.6086,-3.3626,-4.1732,-4.8182,-5.7495,-6.7836,-7.9331,-8.8763,-10.192,-11.521,-12.395,-13.248,-13.631,-13.726,-13.797,-13.979,-14.358,-14.732,-15.248,-15.427,-15.225,-14.501,-13.472,-12.728,-11.776,-10.968,-10.275,-9.828,-9.269,-8.7188,-8.3038,-7.7369,-7.1563,-6.5999
-4.3986,-3.9226,-3.1571,-2.2639,-1.5359,-0.54101,0.42374,1.0981,1.9082,2.592,3.1267,3.4213,3.6568,3.6994,3.5971,3.2782,2.7423,2.196,1.2835,0.15602,-1.1556,-2.2374,-3.8553,-5.6535,-7.1079,-9.3173,-11.977,-14.215,-16.708,-15.941,-12.94,-10.748,-8.2944,-6.3482,-5.1191,-3.7237,-2.5469,-1.5961,-0.97909,-0.27015,0.24386,0.51242,0.71707,0.69922,0.53602,0.10851,-0.56405,-1.4786,-2.2864,-3.4217,-4.4424,-4.9717,-5.3148,-5.3809,-5.3753,-5.4782,-5.8625,-6.6024,-7.4309,-8.968,-11.124,-13.232,-16.532,-18.717,-16.99,-14.85,-12.39,-10.768,-9.9039,-9.0602,-8.5982,-8.4963,-8.5256,-8.7796,-9.2147,-9.6138,-10.2,-10.854,-11.372,-12.02,-12.679,-13.194,-13.769,-14.217,-14.487,-14.442,-14.037,-13.342,-12.611,-11.527,-10.452,-9.3902,-8.6427,-7.771,-7.1279,-6.6079,-6.0618,-5.673,-5.4168,-5.1445,-4.976,-4.8641,-4.8177,-4.7625,-4.6081,-4.3948,-3.912,-3.1963,-2.5438,-1.7005,-0.96251,-0.38187,-0.1265,-0.056618,-0.26944,-0.66216,-1.5093,-2.7089,-4.311,-5.7967,-8.1552,-10.98,-13.433,-17.042,-20.827,-23.23,-24.61,-23.541,-21.688,-20.403,-18.769,-17.49,-16.652,-15.588,-14.678,-14.036,-13.447,-12.731,-12.379,-12.194,-11.954,-11.741,-11.558,-11.198,-10.696,-10.02,-9.3297,-8.2067,-6.8973,-5.842,-4.4657,-3.2078,-2.3914,-1.5039,-0.83982,-0.41004,-0.2364,-0.17514,-0.30363,-0.50508,-0.88444,-1.3462,-1.7246,-2.2671,-2.8182,-3.3642,-3.7928,-4.4184,-5.129,-5.7628,-6.7886,-8.0936,-9.7767,-11.384,-14.217,-18.372,-22.933,-28.54,-22.55,-19.311,-16.715,-15.182,-14.273,-13.867,-13.554,-13.357,-13.226,-13.088,-13.008,-12.947,-12.878,-12.898,-12.935,-12.942,-12.829,-12.454,-11.973,-11.099,-10.058,-8.9712
-3.7808,-3.3303,-2.7226,-2.0821,-1.5775,-0.88125,-0.14823,0.40683,1.135,1.8132,2.4109,2.7826,3.1585,3.3698,3.4134,3.3101,3.0104,2.6555,2.0078,1.1676,0.10323,-0.81157,-2.2266,-3.9112,-5.3421,-7.583,-10.239,-12.39,-14.632,-14.307,-12.079,-10.275,-8.1727,-6.4279,-5.2838,-3.9282,-2.7636,-1.7158,-1.0713,-0.36412,0.17982,0.43195,0.55021,0.40283,0.076715,-0.69095,-1.9122,-3.7362,-5.6332,-9.2881,-15.117,-19.582,-14.533,-10.193,-8.2654,-6.7525,-6.0141,-5.8171,-5.9469,-6.3895,-7.0495,-7.5812,-8.197,-8.5693,-8.5861,-8.3947,-7.978,-7.5708,-7.2226,-6.8846,-6.6956,-6.6033,-6.6463,-6.862,-7.2239,-7.6029,-8.2431,-9.0379,-9.7594,-10.854,-12.157,-13.281,-14.898,-16.606,-17.998,-18.311,-17.514,-15.797,-14.347,-12.42,-10.725,-9.2414,-8.2853,-7.2226,-6.2388,-5.6435,-5.0675,-4.5458,-4.2331,-3.8954,-3.5726,-3.2563,-3.0087,-2.628,-2.1778,-1.8059,-1.2588,-0.69118,-0.27628,0.25773,0.65281,0.91588,0.99701,0.89622,0.56624,0.15345,-0.65429,-1.7483,-3.1533,-4.4358,-6.4445,-8.862,-11.005,-14.366,-18.397,-21.372,-22.302,-19.72,-17.088,-15.535,-13.871,-12.533,-11.735,-10.824,-10.099,-9.6631,-9.2311,-9.0448,-8.8702,-8.9151,-9.159,-9.6176,-10.169,-11.225,-12.698,-14.495,-15.377,-14.298,-11.378,-9.17,-6.6608,-4.7101,-3.5618,-2.4155,-1.6674,-1.2622,-1.1706,-1.3281,-1.7585,-2.2407,-3.055,-3.9707,-4.6616,-5.44,-5.9402,-6.1814,-6.2366,-6.2647,-6.3907,-6.6089,-7.1084,-7.8876,-8.9918,-10.04,-11.72,-13.582,-14.866,-15.818,-15.528,-14.87,-13.94,-13.242,-12.823,-12.686,-12.663,-12.822,-13.029,-13.368,-13.805,-14.171,-14.844,-15.758,-17.122,-18.499,-20.769,-22.078,-20.746,-17.39,-14.359,-12.034
-4.7448,-4.4659,-4.1703,-3.8898,-3.6378,-3.1696,-2.4941,-1.8476,-0.85877,0.17039,1.1422,1.7894,2.5056,3.0367,3.3021,3.4731,3.4396,3.2834,2.8981,2.3309,1.5602,0.8705,-0.15942,-1.3515,-2.3173,-3.6119,-4.8849,-5.7324,-6.6219,-7.1651,-7.3148,-7.1888,-6.7963,-6.1395,-5.4851,-4.4743,-3.3579,-2.1913,-1.3454,-0.38301,0.40554,0.85578,1.2142,1.2985,1.1594,0.67342,-0.17219,-1.3917,-2.5556,-4.336,-5.9884,-6.6213,-6.3921,-5.4238,-4.6445,-3.8456,-3.3576,-3.1758,-3.2058,-3.4226,-3.7595,-4.0671,-4.4986,-4.867,-5.1459,-5.2758,-5.3839,-5.3399,-5.2501,-5.1538,-5.0581,-4.9908,-5.0298,-5.1786,-5.4783,-5.829,-6.4884,-7.358,-8.1804,-9.5735,-11.287,-12.879,-15.629,-19.299,-25.16,-29.87,-23.649,-18.324,-15.52,-12.746,-10.52,-8.7105,-7.6094,-6.4353,-5.436,-4.9453,-4.4935,-4.1641,-4.0387,-3.9536,-3.8508,-3.6631,-3.3923,-2.8372,-2.1083,-1.4708,-0.57723,0.2806,0.83924,1.4935,2.0132,2.3142,2.4208,2.3982,2.1302,1.801,1.1817,0.33329,-0.69211,-1.5785,-2.9049,-4.3207,-5.417,-6.8178,-8.008,-8.6621,-9.1355,-9.1072,-8.7656,-8.3454,-7.7418,-7.1536,-6.7268,-6.2416,-5.8598,-5.6599,-5.3969,-5.3907,-5.4635,-5.618,-6.0281,-6.6797,-7.3804,-8.7138,-10.602,-13.092,-14.662,-13.693,-10.344,-7.9577,-5.437,-3.5684,-2.5283,-1.5405,-0.9883,-0.83738,-0.97699,-1.5272,-2.4975,-3.5373,-5.4214,-8.0162,-10.478,-13.912,-14.577,-12.138,-10.286,-8.4706,-7.3214,-6.7815,-6.4099,-6.3625,-6.5729,-6.8541,-7.3475,-7.8994,-8.2822,-8.7407,-9.1069,-9.3344,-9.6375,-10.032,-10.576,-11.107,-11.975,-13.026,-13.881,-14.934,-15.672,-16.044,-16.431,-16.84,-17.622,-18.583,-20.265,-21.042,-19.833,-16.86,-14.051,-11.948
-6.0519,-6.2487,-6.8804,-7.955,-8.9244,-9.7926,-9.0364,-7.3895,-4.8299,-2.5075,-0.60175,0.56689,1.8118,2.738,3.2418,3.6796,3.8775,3.8751,3.6877,3.3028,2.7588,2.2172,1.3955,0.4549,-0.32554,-1.4014,-2.5513,-3.4299,-4.5979,-5.8125,-7.069,-8.0515,-9.2779,-9.9012,-9.5695,-7.9767,-5.7445,-3.6186,-2.1547,-0.44338,0.90563,1.7246,2.5635,3.0988,3.3237,3.4019,3.2457,2.8981,2.5487,2.0348,1.5551,1.2451,0.93715,0.7486,0.62104,0.44455,0.20182,-0.15296,-0.49721,-1.0622,-1.7292,-2.3016,-3.1192,-3.9473,-4.7305,-5.2213,-5.647,-5.6877,-5.5805,-5.1897,-4.6882,-4.3785,-4.0347,-3.8441,-3.8767,-4.0492,-4.5067,-5.2286,-5.9509,-7.1876,-8.6769,-9.9635,-11.828,-13.594,-15.009,-15.449,-15.122,-13.867,-12.528,-10.551,-8.708,-7.0879,-6.0812,-4.9693,-4.2724,-4.0147,-3.8358,-4.125,-4.5869,-5.5275,-6.8243,-8.0067,-8.2054,-6.9971,-4.8476,-3.1807,-1.2166,0.39451,1.4024,2.4235,3.1892,3.6864,3.8902,3.9731,3.8212,3.5665,3.0673,2.3828,1.563,0.88272,-0.082094,-1.0366,-1.6991,-2.486,-3.0855,-3.4051,-3.6333,-3.6764,-3.5798,-3.4412,-3.2103,-2.9914,-2.8326,-2.6712,-2.5557,-2.5109,-2.484,-2.4299,-2.5102,-2.5698,-2.6854,-2.8676,-3.0272,-3.2738,-3.4893,-3.5567,-3.447,-2.9931,-2.2396,-1.5711,-0.65081,0.16657,0.65201,1.0834,1.2513,1.1107,0.78984,0.071891,-1.042,-2.156,-4.0682,-6.4994,-8.6393,-11.3,-11.881,-10.307,-8.8344,-7.2204,-6.0473,-5.3888,-4.7806,-4.4093,-4.2266,-4.1907,-4.2557,-4.4225,-4.6006,-4.915,-5.3335,-5.7164,-6.3522,-7.167,-8.2402,-9.2864,-11.125,-13.637,-16.24,-21.19,-26.016,-23.052,-18.467,-15.719,-14.031,-13.149,-12.243,-11.409,-10.768,-9.8701,-9.0625,-8.3998
-6.0902,-6.4913,-7.5801,-9.4873,-11.659,-15.274,-14.416,-10.685,-6.5022,-3.4563,-1.1818,0.15709,1.5578,2.5952,3.1694,3.7016,3.9789,4.0329,3.9175,3.5867,3.079,2.584,1.7405,0.7967,0.0025902,-1.169,-2.3462,-3.2933,-4.6356,-6.1259,-7.9961,-9.8203,-13.355,-19.811,-21.058,-13.098,-7.9429,-4.3085,-2.2427,-0.01446,1.8049,2.9032,4.0891,4.9913,5.4888,5.9409,6.1693,6.1991,6.1177,5.8919,5.5571,5.2452,4.7841,4.2539,3.8215,3.1954,2.4909,1.7102,1.0565,0.079481,-1.0755,-2.053,-3.5953,-5.5003,-7.8004,-9.7311,-11.795,-11.774,-10.255,-7.9015,-5.9571,-4.8229,-3.6427,-2.8751,-2.4477,-2.3352,-2.4478,-2.8911,-3.4224,-4.4101,-5.8019,-7.0737,-9.2484,-12.143,-15.907,-19.367,-19.649,-14.887,-11.93,-8.9255,-6.591,-4.8699,-3.8737,-2.9043,-2.3934,-2.1679,-2.2796,-2.8687,-3.6467,-5.3192,-8.0056,-12.21,-14.882,-10.846,-6.0446,-3.3902,-0.75935,1.1846,2.3196,3.5248,4.3404,4.8996,5.1426,5.2132,5.0793,4.8095,4.2429,3.4863,2.5092,1.6807,0.50614,-0.67026,-1.4395,-2.1792,-2.4976,-2.4666,-2.1882,-1.7988,-1.3854,-1.1405,-0.90557,-0.775,-0.78096,-0.87445,-1.0479,-1.1838,-1.4347,-1.5392,-1.5034,-1.4009,-1.1296,-0.76717,-0.46587,-0.027174,0.41911,0.89282,1.2676,1.7758,2.3026,2.6857,3.152,3.5271,3.7307,3.8579,3.7984,3.539,3.1996,2.5538,1.6895,0.91351,-0.24046,-1.4779,-2.3783,-3.3969,-4.1197,-4.499,-4.5764,-4.4844,-4.2068,-3.95,-3.5738,-3.2035,-2.8853,-2.7062,-2.5494,-2.4998,-2.5525,-2.7009,-2.9617,-3.2459,-3.7573,-4.4385,-5.3332,-6.1714,-7.5451,-9.2235,-10.638,-12.47,-13.289,-12.943,-11.506,-9.899,-8.4763,-7.5682,-6.548,-5.7331,-5.2203,-4.6894,-4.3359,-4.2253
-4.7492,-4.7736,-4.9507,-5.1409,-5.2666,-5.1453,-4.5753,-3.8395,-2.6207,-1.2949,-0.023295,0.83027,1.8058,2.5812,3.0244,3.4431,3.654,3.6853,3.5577,3.2078,2.616,2.0604,1.0517,-0.16833,-1.2155,-2.757,-4.2278,-5.1708,-6.149,-6.7285,-7.1454,-7.3714,-7.5873,-7.4601,-6.9364,-5.6578,-3.8661,-1.9758,-0.43512,1.4658,3.1974,4.3681,5.6918,6.7713,7.4107,8.0306,8.4076,8.5516,8.5142,8.2789,7.8484,7.4227,6.714,5.8596,5.1612,4.1489,3.0907,2.0154,1.2012,0.096025,-1.107,-2.0995,-3.6691,-5.6261,-8.2058,-10.63,-13.981,-13.44,-11.129,-7.8062,-5.4635,-4.0471,-2.5528,-1.5064,-0.75482,-0.39906,-0.16591,-0.23555,-0.47431,-1.0396,-1.9399,-2.8195,-4.3318,-6.1542,-8.1541,-9.283,-9.3349,-7.764,-6.1681,-4.2423,-2.6468,-1.425,-0.68957,-0.027746,0.37634,0.57391,0.439,0.18528,-0.16364,-0.73509,-1.2685,-1.6054,-1.564,-1.0099,-0.024506,0.88344,2.1083,3.2862,4.0233,4.8908,5.5447,5.9726,6.1636,6.1823,5.9782,5.654,4.9668,3.9874,2.6309,1.3379,-0.86549,-3.7808,-6.4509,-9.4595,-8.4272,-6.1722,-3.6145,-1.8224,-0.63288,-0.073789,0.29978,0.31759,0.089164,-0.49294,-1.4056,-2.2076,-3.4179,-4.4208,-4.4708,-3.9191,-2.7086,-1.3198,-0.34666,0.83189,1.8548,2.7317,3.3241,4.0147,4.6059,4.9914,5.4073,5.7009,5.834,5.8908,5.7763,5.5025,5.1848,4.5979,3.8633,3.199,2.1937,1.0513,0.1493,-1.148,-2.4734,-3.7379,-4.5895,-5.366,-5.5176,-5.2631,-4.5659,-3.7624,-3.0422,-2.6071,-2.1904,-1.9476,-1.8695,-1.8456,-1.8946,-1.9735,-2.1232,-2.3523,-2.6626,-2.9322,-3.3537,-3.8216,-4.1382,-4.4718,-4.5927,-4.5239,-4.1629,-3.6502,-3.0113,-2.5,-1.8232,-1.21,-0.80351,-0.38469,-0.10067,-0.02298
-3.8222,-3.5411,-3.1763,-2.8689,-2.6362,-2.2809,-1.7925,-1.3468,-0.65026,0.11421,0.88221,1.4162,2.0367,2.5217,2.8002,3.0458,3.1823,3.2099,3.1219,2.9043,2.4095,1.8534,0.81306,-0.84088,-2.4597,-5.5069,-10.119,-14.23,-13.731,-9.7164,-7.168,-6.0404,-5.1451,-4.5663,-4.2822,-3.7065,-2.6094,-0.90873,0.56627,2.7361,4.7678,6.1402,7.7285,8.9836,9.7212,10.429,10.837,10.957,10.856,10.477,9.8255,9.1611,8.0228,6.6406,5.4379,3.6942,1.9365,0.38086,-0.49195,-1.2502,-1.6804,-2.0074,-2.4658,-3.0665,-3.749,-4.2089,-4.5016,-4.5387,-4.1938,-3.3498,-2.3244,-1.4644,-0.3694,0.65271,1.5413,2.0907,2.6375,2.9981,3.1143,3.0867,2.8928,2.6166,2.2014,1.7031,1.3063,1.1179,1.0584,1.2908,1.5552,2.0506,2.523,2.9462,3.2067,3.4377,3.5859,3.526,3.3817,3.1619,2.935,2.6477,2.4051,2.3184,2.3784,2.63,3.1302,3.5878,4.2909,5.0351,5.5971,6.2044,6.7542,7.1279,7.2841,7.3771,7.2028,6.948,6.3888,5.5259,4.3801,3.2411,1.3545,-1.0362,-3.0424,-4.957,-4.3016,-2.6837,-0.60329,1.0027,2.0371,2.5047,2.7385,2.4887,2.0164,0.89601,-0.88886,-2.849,-6.6093,-14.958,-19.639,-10.299,-5.0058,-1.979,-0.33342,1.3264,2.6317,3.7142,4.401,5.222,5.9197,6.3667,6.8563,7.214,7.3797,7.4676,7.3922,7.1425,6.8449,6.2973,5.582,4.9303,3.8967,2.6808,1.5909,-0.15676,-2.3786,-5.4169,-8.6123,-15.175,-16.168,-11.181,-7.0144,-4.5858,-3.1486,-2.502,-2.0758,-2.0184,-2.0722,-2.2258,-2.2671,-2.1442,-1.7879,-1.3343,-0.89872,-0.64148,-0.43082,-0.35795,-0.36565,-0.42839,-0.50921,-0.49952,-0.38788,-0.086396,0.42483,0.9105,1.6264,2.3631,2.8739,3.4551,3.8702,4.1164
-4.1249,-3.356,-2.7637,-2.6108,-2.5919,-2.6216,-2.4777,-2.1451,-1.3837,-0.4569,0.40913,0.94337,1.4189,1.6217,1.6202,1.5016,1.4216,1.48,1.7668,2.1845,2.5713,2.5994,2.3626,1.6162,0.68521,-0.98544,-2.925,-4.0219,-4.2103,-3.0913,-1.977,-1.5311,-1.5598,-2.5369,-4.1158,-8.2703,-13.572,-5.3644,-0.60346,3.6216,6.7011,8.477,10.332,11.723,12.49,13.201,13.56,13.583,13.391,12.851,11.969,11.051,9.4958,7.4392,5.4985,2.1887,-2.488,-9.1985,-11.413,-6.7059,-3.6427,-2.3729,-1.5254,-1.3279,-1.481,-1.7665,-2.255,-2.6885,-2.7193,-2.6102,-1.7744,-0.85394,0.49647,1.9693,3.2774,4.1502,5.1357,5.903,6.3494,6.7681,7.0154,7.1046,7.1125,7.0299,6.8952,6.7707,6.6218,6.4877,6.4023,6.2982,6.2337,6.1849,6.1057,6.0029,5.7783,5.5182,5.2048,4.6235,4.1638,3.4588,2.7639,2.2613,2.1076,2.2672,2.8066,3.3787,4.2694,5.1105,5.7297,6.5066,7.1142,7.6311,7.9036,8.1348,8.2084,8.1374,7.9069,7.5146,6.9896,6.5372,5.8892,5.3021,4.9549,4.744,4.8507,5.1092,5.5863,6.0714,6.4325,6.5677,6.5298,6.2018,5.7495,4.8597,3.6737,2.5644,1.1843,-0.1513,-0.67133,-0.57252,0.02355,0.81823,1.3988,2.1579,2.9006,3.6964,4.3263,5.1833,6.0419,6.6313,7.3188,7.855,8.1447,8.3407,8.342,8.1225,7.8248,7.28,6.5536,5.947,5.0489,4.0554,3.2298,2.0422,0.58845,-1.0442,-2.3694,-3.7812,-4.0367,-3.4098,-2.1665,-1.1275,-0.57684,-0.54986,-1.058,-2.2473,-3.6643,-6.1591,-7.9901,-7.1277,-4.2868,-1.7207,0.095887,1.0111,1.7529,2.0443,1.9767,1.5794,0.88512,0.24277,-0.53532,-0.64249,0.21507,1.3293,2.9904,4.531,5.5072,6.5603,7.3112,7.7873
-4.0779,-3.7064,-3.9932,-5.1022,-6.6439,-9.7376,-13.152,-12.235,-8.1222,-4.9596,-2.9415,-2.0358,-1.5357,-1.8472,-2.7064,-4.8197,-8.1441,-9.4554,-6.0675,-2.2205,0.4434,1.8674,3.0221,3.7318,3.9291,4.0318,3.9194,3.846,3.8132,3.8146,3.7765,3.6597,3.308,2.6552,2.0532,1.3142,1.3731,2.9283,4.5248,6.8299,8.842,10.146,11.552,12.617,13.204,13.708,13.91,13.809,13.54,12.912,11.97,11.064,9.5509,7.6786,6.0373,3.4965,0.75587,-1.6385,-2.5365,-2.448,-1.8315,-1.4103,-1.2352,-1.4886,-2.2358,-3.1543,-5.0496,-7.613,-10.706,-13.99,-10.261,-6.7194,-3.0545,-0.33732,1.7479,3.0125,4.4085,5.5082,6.1769,6.8951,7.3832,7.6457,7.8009,7.8167,7.6394,7.4146,6.996,6.4407,6.0067,5.3845,4.8577,4.4632,4.2871,4.1233,3.9202,3.8003,3.2311,2.3894,1.4242,-0.38098,-2.8733,-6.0601,-7.8642,-6.8144,-4.1085,-2.2953,-0.46088,0.95751,1.749,2.7455,3.6176,4.3576,4.8849,5.3308,5.6765,5.7768,5.7643,5.6604,5.4644,5.372,5.3044,5.385,5.5452,5.8572,6.2675,6.5943,7.0414,7.4057,7.6713,7.7657,7.7174,7.4984,7.184,6.6212,5.8577,5.1798,4.1928,3.2544,2.226,1.4964,0.49774,-0.48576,-1.2416,-2.0777,-2.3976,-1.9863,-1.1381,0.32173,1.8391,2.9115,4.1421,5.0974,5.6184,6.0413,6.1128,5.855,5.4352,4.5935,3.5335,2.667,1.6673,1.0292,0.91055,0.9779,1.1637,1.2968,1.3636,1.4686,1.5666,1.6964,1.8204,1.8189,1.6015,1.224,0.3427,-1.0939,-2.6528,-5.0933,-6.857,-6.0453,-3.2947,-0.78646,0.98953,1.8965,2.602,2.7458,2.4795,1.5592,-0.19492,-2.3715,-7.5616,-24.397,-7.4059,-2.3561,1.6624,4.2818,5.7093,7.1044,8.0706,8.6533
-3.628,-4.0527,-5.0177,-6.3922,-7.8254,-9.8563,-11.343,-11.142,-9.308,-7.288,-5.7462,-4.9518,-4.4185,-4.4918,-4.9666,-6.1026,-7.354,-7.4718,-5.8001,-3.0951,-0.8266,0.59771,2.0497,3.1003,3.6773,4.2191,4.5768,4.7622,4.9385,5.0102,5.0236,5.011,4.9609,4.9275,4.9435,5.0884,5.3879,5.9731,6.532,7.3849,8.2766,8.9014,9.6527,10.234,10.553,10.779,10.783,10.551,10.212,9.5483,8.6505,7.8482,6.5769,5.1912,4.0673,2.5789,1.1627,-0.059296,-0.81284,-1.6015,-2.203,-2.6215,-3.2472,-3.9791,-5.0063,-5.9406,-7.4759,-9.4835,-10.72,-11.614,-10.393,-8.7157,-6.362,-4.266,-2.5245,-1.3705,-0.057072,1.1157,1.8722,2.7393,3.4159,3.7882,4.0778,4.1105,3.8431,3.4406,2.5713,1.2937,0.069451,-1.9259,-3.9722,-5.0977,-4.7138,-3.5098,-2.3153,-1.6793,-1.6427,-1.9571,-2.7542,-4.3382,-6.7959,-9.8354,-11.575,-11.203,-9.3985,-8.2987,-7.567,-7.241,-6.9935,-6.4763,-5.1024,-3.6172,-2.5624,-1.5451,-0.99143,-0.85876,-1.0658,-1.5709,-2.1894,-2.5146,-2.4418,-1.7126,-0.85949,0.38608,1.5641,2.3476,3.229,3.8962,4.3711,4.5963,4.7137,4.6299,4.4355,3.9913,3.3496,2.7668,1.6847,0.54454,-0.95952,-2.2256,-4.3249,-6.9826,-9.5613,-14.576,-24.412,-20.325,-14.41,-9.7421,-6.5792,-4.6794,-2.6122,-1.0267,-0.17158,0.59564,0.85127,0.59645,-0.0014309,-1.4307,-3.8074,-6.5949,-12.422,-14.499,-9.7462,-5.5288,-2.932,-1.3519,-0.5361,0.18392,0.61353,0.79338,0.86225,0.79309,0.59283,0.37261,0.0078566,-0.42763,-0.74557,-1.0252,-1.0332,-0.82101,-0.28598,0.38037,1.0091,1.3778,1.6982,1.739,1.5965,1.1345,0.42176,-0.16279,-0.87755,-1.0059,-0.33951,0.56385,1.9607,3.2857,4.1545,5.088,5.7624,6.1788
-3.0918,-3.718,-4.5848,-5.5303,-6.2298,-7.0358,-7.5561,-7.6709,-7.4776,-6.9366,-6.2139,-5.6357,-4.9333,-4.3432,-3.9505,-3.4942,-2.9598,-2.4869,-1.6355,-0.70481,0.35721,1.0549,1.9628,2.6645,3.137,3.6034,3.9818,4.1808,4.3653,4.4816,4.5419,4.5606,4.5576,4.5644,4.5715,4.6429,4.8213,5.0296,5.289,5.6673,6.1207,6.4572,6.8866,7.2364,7.413,7.5067,7.3968,7.0656,6.6585,5.9122,4.9338,4.0487,2.7446,1.3215,0.25247,-1.0892,-2.2628,-3.2072,-3.7954,-4.4566,-5.017,-5.4835,-6.1104,-6.8243,-7.5672,-8.135,-8.8291,-9.4321,-9.6153,-9.7163,-9.4527,-9.1657,-8.4938,-7.8677,-7.1055,-6.4591,-5.4462,-4.2843,-3.3326,-2.1404,-1.0275,-0.38882,0.25203,0.50838,0.42424,0.064527,-0.82907,-2.311,-3.9509,-7.0429,-11.86,-15.732,-12.612,-8.3824,-5.7457,-4.7176,-3.8197,-3.6152,-3.7492,-4.2718,-5.0463,-5.9443,-6.6271,-7.4631,-8.4301,-9.3658,-11.361,-15.221,-20.574,-27.405,-15.304,-10.317,-8.4007,-6.6694,-6.0543,-6.096,-6.9332,-8.8646,-12.449,-17.583,-22.892,-13.108,-9.293,-5.9805,-3.7315,-2.4561,-1.1645,-0.19207,0.49851,0.86037,1.1644,1.222,1.1322,0.78807,0.23486,-0.28436,-1.3262,-2.567,-4.1163,-5.5022,-7.6316,-10.156,-12.237,-15.227,-17.63,-18.826,-18.193,-16.135,-13.047,-10.736,-8.0245,-5.8253,-4.5297,-3.3122,-2.5759,-2.3844,-2.5717,-3.282,-4.4963,-5.6197,-6.9657,-7.2192,-6.4094,-4.854,-3.3786,-2.2735,-1.6818,-1.2093,-0.9903,-1.001,-1.1377,-1.39,-1.6759,-1.8646,-2.0101,-2.0048,-1.8774,-1.6417,-1.2639,-0.93703,-0.48419,-0.041774,0.3573,0.59175,0.79763,0.88631,0.88838,0.81027,0.70004,0.62447,0.59473,0.70849,0.96326,1.2446,1.711,2.2078,2.5655,2.9857,3.2843,3.4714
-2.3907,-3.038,-4.0382,-5.1843,-6.0957,-7.4157,-8.5895,-9.2001,-9.3829,-8.7116,-7.4542,-6.3946,-5.0078,-3.7578,-2.9366,-1.9643,-1.1184,-0.53441,0.18449,0.85646,1.4489,1.8789,2.3363,2.7556,2.9948,3.2725,3.463,3.5636,3.6335,3.6616,3.6313,3.5651,3.4389,3.2523,3.0955,2.8628,2.6704,2.5611,2.5506,2.7426,3.1067,3.5042,4.0587,4.5817,4.8803,5.1115,5.0882,4.769,4.3343,3.4518,2.2115,1.0441,-0.83688,-3.0764,-4.8805,-7.1746,-8.5882,-8.8756,-8.6473,-8.3301,-8.302,-8.4699,-8.998,-9.8169,-10.723,-11.387,-12.016,-12.009,-12.054,-11.643,-11.34,-11.224,-11.389,-12.063,-13.155,-14.045,-13.805,-11.378,-9.0829,-6.2971,-4.1456,-2.881,-1.6645,-0.88792,-0.53088,-0.51292,-0.78801,-1.3697,-1.984,-2.8553,-3.637,-4.0593,-3.9957,-3.6473,-3.1062,-2.8566,-2.4305,-2.3785,-2.4004,-2.6596,-3.039,-3.5658,-4.0341,-4.7596,-5.5944,-6.3357,-7.3606,-8.5302,-8.9858,-9.2318,-8.4963,-7.538,-6.7673,-6.164,-5.9128,-6.0852,-6.7042,-7.8138,-9.1437,-10.037,-10.367,-9.5552,-8.5135,-7.1007,-5.816,-4.9817,-3.9896,-3.1021,-2.3462,-1.8773,-1.4192,-1.1553,-1.1209,-1.2685,-1.706,-2.2357,-3.0212,-4.2232,-5.5642,-6.7684,-8.5172,-10.57,-12.274,-14.905,-18.18,-23.604,-31.049,-23.833,-16.576,-13.029,-9.5419,-6.9706,-5.4525,-3.8899,-2.7986,-2.097,-1.7807,-1.6051,-1.5985,-1.6579,-1.7265,-1.6616,-1.5506,-1.3195,-1.079,-0.93416,-0.9398,-1.1231,-1.5642,-2.0554,-2.9326,-4.0221,-5.1526,-5.8383,-6.2064,-5.7406,-5.0215,-3.8654,-2.7718,-2.051,-1.2504,-0.63768,-0.20562,0.022949,0.1869,0.24728,0.22438,0.17384,0.1136,0.065957,0.08072,0.12904,0.2554,0.38032,0.56033,0.74511,0.86432,0.98836,1.085,1.1294
-1.2975,-1.9373,-3.0439,-4.4805,-5.8632,-8.3501,-12.202,-17.188,-25.609,-14.556,-9.2934,-6.7547,-4.2967,-2.4901,-1.4411,-0.31499,0.54312,1.0711,1.607,2.0353,2.3095,2.476,2.6063,2.6953,2.7087,2.7116,2.6667,2.6324,2.5811,2.489,2.3557,2.2171,1.9494,1.5412,1.1234,0.35519,-0.73292,-1.8874,-2.7112,-3.0157,-2.0555,-0.81107,0.94944,2.4083,3.244,3.9703,4.2796,4.1709,3.8087,2.9437,1.6173,0.2754,-2.1002,-5.3536,-8.7831,-16.029,-24.445,-15.102,-12.019,-9.9948,-9.303,-9.3556,-10.222,-11.903,-14.775,-17.871,-22.112,-19.778,-16.637,-13.611,-11.988,-11.286,-11.276,-12.014,-13.963,-16.166,-17.157,-12.994,-9.6785,-6.2691,-3.79,-2.3716,-0.95478,0.0295,0.6223,0.87673,0.97276,0.88452,0.73435,0.46182,0.20461,0.02255,-0.082445,-0.11502,-0.16195,-0.073491,-0.14663,-0.19296,-0.33121,-0.55673,-0.88817,-1.2575,-1.5577,-1.9696,-2.3766,-2.6439,-2.9637,-3.1419,-3.263,-3.1892,-3.0618,-2.8846,-2.7587,-2.6908,-2.7858,-2.9951,-3.4178,-4.008,-4.6491,-5.1623,-5.7792,-6.3349,-6.6802,-7.0566,-7.2901,-7.266,-6.8342,-5.9684,-4.8835,-4.0518,-3.1491,-2.4879,-2.214,-2.1234,-2.3762,-2.8438,-3.5804,-4.7,-5.9945,-7.0779,-8.5879,-10.03,-10.982,-12.05,-12.769,-13.075,-12.74,-11.619,-9.7959,-8.2626,-6.2718,-4.4381,-3.2569,-1.9066,-0.85753,-0.040772,0.41678,0.86806,1.1687,1.318,1.4529,1.5221,1.5246,1.4827,1.3332,1.0591,0.73509,0.11564,-0.811,-1.7424,-3.4734,-5.9682,-9.8781,-14.936,-25.501,-13.056,-8.9797,-5.5979,-3.4608,-2.3328,-1.2716,-0.60631,-0.27292,-0.20098,-0.28007,-0.53701,-0.8026,-1.1901,-1.5377,-1.6986,-1.7946,-1.734,-1.5753,-1.4397,-1.3072,-1.2613,-1.2914,-1.4121,-1.5582,-1.6873
-0.44182,-0.82287,-1.4233,-2.2264,-2.9642,-4.1664,-5.4743,-6.2453,-6.499,-5.5191,-3.8678,-2.6144,-1.1206,0.084095,0.80127,1.533,2.0472,2.2957,2.4681,2.4545,2.323,2.1226,1.8094,1.3956,1.0886,0.68044,0.35248,0.19333,0.073188,0.0065321,-0.0017276,-0.0038132,-0.076878,-0.29582,-0.64823,-1.4864,-3.1551,-5.9193,-9.835,-17.993,-8.9368,-4.2654,-0.392,2.0802,3.357,4.466,5.0223,5.1121,4.8824,4.2361,3.2164,2.1937,0.59418,-1.2798,-2.6857,-4.428,-5.5205,-5.9229,-5.9,-5.8498,-5.9597,-6.2909,-7.1232,-8.4818,-10.304,-11.818,-13.084,-12.327,-11.352,-9.3774,-8.0889,-7.3222,-6.6924,-6.2983,-6.0297,-5.7628,-5.1024,-4.0526,-3.0574,-1.6686,-0.37415,0.47239,1.4046,2.0838,2.4991,2.6682,2.6981,2.5592,2.3893,2.0748,1.7768,1.5493,1.4002,1.3273,1.2674,1.342,1.1777,1.1051,0.89498,0.58651,0.14845,-0.29783,-0.61396,-0.92708,-1.0683,-1.0245,-0.87792,-0.50726,-0.32589,0.071652,0.32374,0.54244,0.58176,0.57247,0.36206,0.11141,-0.39091,-1.039,-1.869,-2.6007,-3.7474,-5.1875,-6.5451,-8.9116,-12.378,-15.777,-16.668,-11.819,-7.9944,-5.9692,-4.056,-2.8445,-2.3,-2.0175,-2.1318,-2.5368,-3.5009,-4.8352,-6.6327,-8.284,-10.746,-12.952,-13.674,-12.902,-11.269,-9.4285,-8.1552,-6.5007,-4.9611,-3.8381,-2.4423,-1.1911,-0.33809,0.61902,1.4295,2.0744,2.46,2.8617,3.1441,3.2937,3.4177,3.4472,3.4244,3.3186,3.1081,2.7776,2.4407,1.8448,1.0689,0.32945,-0.87194,-2.303,-3.8397,-4.8232,-5.3774,-4.7529,-3.7956,-2.4487,-1.3225,-0.67212,-0.10724,0.12405,0.034103,-0.26684,-0.9478,-1.9947,-2.9782,-4.5387,-6.0413,-6.71,-6.7319,-5.8787,-4.9224,-4.3621,-3.9183,-3.8885,-4.1357,-4.8112,-5.8595,-7.0508
-1.5866,-1.324,-0.91368,-0.59232,-0.42902,-0.26832,-0.13646,-0.0068724,0.25938,0.65472,1.1216,1.4912,1.9372,2.2712,2.4459,2.5332,2.4779,2.3163,1.999,1.4551,0.79445,0.086526,-0.96551,-2.2949,-3.2464,-4.5084,-5.2948,-5.6367,-5.6793,-5.4001,-4.8947,-4.3861,-3.5779,-2.7044,-2.1614,-1.584,-1.2107,-1.1047,-0.94754,-0.41962,0.69264,1.8319,3.3736,4.7405,5.5428,6.2953,6.6653,6.6638,6.4359,5.8461,4.966,4.1604,2.9448,1.6965,0.78691,-0.25385,-1.044,-1.5307,-1.763,-1.9933,-2.1859,-2.4141,-2.7448,-3.2064,-3.6807,-3.9986,-4.2414,-4.2315,-3.9908,-3.6477,-3.1443,-2.8344,-2.3388,-1.9421,-1.4551,-1.0548,-0.48198,0.19513,0.73029,1.4954,2.2107,2.7068,3.222,3.5525,3.6666,3.579,3.2491,2.6375,2.0424,1.1211,0.22181,-0.39331,-0.51222,-0.29598,0.22005,0.492,0.82537,0.79881,0.60763,0.0075816,-0.91731,-2.1695,-3.1377,-4.117,-4.1065,-3.4297,-2.0616,-0.70264,0.24067,1.173,1.8774,2.3298,2.4873,2.5116,2.2805,1.9931,1.3795,0.60741,-0.41126,-1.2389,-2.5373,-3.937,-5.1744,-6.9983,-8.9355,-10.067,-10.1,-8.2543,-5.8706,-4.4126,-2.8072,-1.7879,-1.3149,-1.1145,-1.347,-1.6707,-2.7997,-4.1478,-6.2097,-8.1869,-11.883,-17.177,-19.28,-14.566,-10.189,-7.1941,-5.4714,-3.62,-2.1148,-1.1624,-0.068341,0.8126,1.3594,1.9492,2.4102,2.7455,2.9493,3.1539,3.299,3.3786,3.4328,3.4338,3.4111,3.3127,3.1755,2.9735,2.792,2.4788,2.1171,1.7992,1.3755,0.92866,0.53891,0.33288,0.21975,0.26027,0.39552,0.63922,0.87065,0.98302,0.98338,0.76355,0.29307,-0.27936,-1.4338,-3.1368,-4.9021,-8.3539,-14.415,-25.051,-17.056,-10.662,-7.7823,-6.6053,-5.857,-5.8669,-6.3299,-7.5602,-9.8159,-13.546
-5.7849,-3.972,-2.0617,-0.54449,0.37696,1.3779,2.1554,2.6008,3.0696,3.3718,3.5133,3.5168,3.3583,3.0321,2.6784,2.1031,1.4289,0.91336,0.172,-0.60882,-1.6515,-2.6471,-4.5555,-7.234,-10.194,-15.574,-19.639,-17.207,-14.758,-14.268,-14.742,-13.884,-10.188,-6.4235,-4.0363,-1.5858,0.36458,1.8615,2.8778,4.0519,5.1773,5.9337,6.8747,7.6414,8.0785,8.4349,8.5143,8.2792,7.9018,7.0993,5.965,4.9264,3.2676,1.4735,0.15877,-1.1502,-1.6977,-1.5165,-1.1611,-0.62423,-0.24874,-0.062117,-0.0011097,-0.049964,-0.22456,-0.36628,-0.56987,-0.75879,-0.72574,-0.78938,-0.6724,-0.57952,-0.40158,-0.19333,0.060109,0.29251,0.69921,1.1981,1.6465,2.2854,2.961,3.4147,3.9068,4.1805,4.1842,3.9537,3.2834,2.1151,0.77276,-1.7679,-5.7858,-11.219,-10.668,-5.7494,-2.4403,-1.0685,0.24372,0.58705,0.49376,-0.27477,-1.7773,-4.3532,-7.513,-16.011,-16.947,-9.1665,-4.1267,-1.2176,0.33936,1.7926,2.7801,3.3401,3.5813,3.5713,3.3102,2.8915,2.1249,1.0431,-0.23785,-1.3401,-2.8148,-4.1033,-4.7527,-5.1197,-4.9685,-4.5873,-3.7901,-2.8389,-1.8309,-1.0859,-0.31317,0.2302,0.41886,0.40488,0.00089204,-0.47934,-1.2954,-2.3706,-3.6078,-4.4986,-5.6097,-6.1933,-6.2179,-5.5951,-4.4848,-3.1578,-2.1971,-1.0262,-0.032425,0.54967,1.1296,1.517,1.6506,1.7168,1.6297,1.4911,1.3763,1.2671,1.2299,1.2343,1.2599,1.286,1.2562,1.1901,1.0925,1.0199,0.98358,1.0024,1.0451,1.1176,1.1963,1.2704,1.328,1.3581,1.3946,1.4249,1.4223,1.403,1.3593,1.2788,1.115,0.839,0.38784,-0.067326,-0.87014,-1.9232,-2.8815,-4.2642,-5.5792,-6.1863,-6.4161,-6.0253,-5.5375,-5.3037,-5.3569,-5.8176,-6.4436,-7.5271,-8.7334,-9.6196
-7.7562,-5.4902,-2.9499,-0.77328,0.60489,2.1252,3.2827,3.9326,4.5053,4.7542,4.6861,4.4005,3.7025,2.6171,1.5255,-0.21544,-2.0619,-3.1494,-3.8781,-3.789,-3.8318,-4.0128,-4.9929,-6.5948,-8.3073,-10.723,-12.137,-12.547,-12.429,-13.183,-14.34,-13.546,-9.7012,-5.5778,-2.9494,-0.13163,2.0453,3.9323,5.0793,6.4606,7.5955,8.3317,9.1322,9.7334,10.045,10.249,10.184,9.8278,9.3355,8.3634,6.9581,5.5289,3.0462,-0.57892,-4.5962,-15.074,-11.306,-4.7009,-2.1898,-0.21791,0.87298,1.3247,1.5181,1.3979,1.0516,0.68957,0.15128,-0.3218,-0.71581,-0.91483,-1.081,-1.0661,-1.1403,-1.1883,-1.3892,-1.5474,-1.5965,-1.2614,-0.64713,0.49715,1.8077,2.7024,3.7247,4.4275,4.7622,4.7712,4.3911,3.5943,2.6414,0.97514,-1.0334,-2.5799,-2.5731,-1.3032,0.22182,1.2047,2.001,2.3864,2.3022,1.8818,1.0539,0.02027,-0.817,-1.5917,-1.5747,-1.0357,0.12476,1.4214,2.2183,3.2024,3.8689,4.3031,4.4282,4.3572,3.9842,3.4625,2.4809,1.0204,-0.9592,-2.9685,-6.5218,-11.387,-13.255,-9.568,-5.8406,-3.8324,-1.814,-0.33283,0.76536,1.3843,1.9267,2.1806,2.1574,1.8664,1.2877,0.52597,-0.47711,-1.8693,-3.1604,-3.9989,-4.5718,-4.4484,-3.9704,-2.9801,-1.8864,-0.80021,-0.098528,0.70353,1.2472,1.4909,1.5479,1.2878,0.89379,0.064225,-1.0467,-2.288,-3.154,-3.8429,-3.8503,-3.5626,-3.1061,-2.8543,-2.8683,-3.0936,-3.5038,-3.8218,-3.8412,-3.4325,-2.6829,-2.0354,-1.2666,-0.62214,-0.1727,0.033453,0.14469,0.15018,0.090173,-0.043521,-0.20294,-0.30428,-0.40378,-0.47609,-0.57343,-0.67194,-0.84829,-1.0985,-1.3499,-1.6945,-2.0137,-2.2532,-2.465,-2.7313,-3.0197,-3.343,-4.0175,-5.0721,-6.145,-8.1389,-10.738,-13.728
-10.717,-7.8761,-4.4091,-1.5176,0.2147,2.0657,3.4337,4.1874,4.8285,5.0829,4.9275,4.5207,3.5451,1.9469,0.23364,-3.1461,-8.9308,-18.316,-14.45,-7.7228,-4.7611,-3.7471,-3.1254,-3.1466,-3.4327,-3.9003,-4.4818,-4.7146,-4.9402,-4.9157,-4.5347,-4.0195,-2.8427,-1.3629,-0.1458,1.4724,3.1257,4.5737,5.6089,6.8313,7.9035,8.6105,9.3952,9.9991,10.318,10.56,10.564,10.317,9.9482,9.1986,8.1261,7.1041,5.4199,3.4705,1.9552,0.44389,0.066166,0.63054,1.2542,1.9028,2.2392,2.2182,1.8857,1.1326,0.01224,-1.0917,-2.7981,-4.6146,-5.7229,-6.0918,-5.5399,-4.9572,-4.4294,-4.5564,-5.4707,-6.9186,-10.38,-13.806,-10.633,-5.1176,-1.4206,0.62478,2.5687,3.9293,4.78,5.154,5.3567,5.2372,5.0346,4.6093,4.1949,3.872,3.7657,3.7753,3.8817,4.0573,4.0398,3.9826,3.7958,3.4208,2.9248,2.3571,1.9781,1.573,1.3976,1.439,1.7219,2.1242,2.5634,3.0464,3.5104,3.8293,3.9255,3.9052,3.5883,3.2173,2.3903,1.2674,-0.27313,-1.7032,-3.9447,-6.0531,-6.5528,-5.2975,-3.1784,-1.6768,-0.057594,1.2074,2.1107,2.5666,2.9315,2.9664,2.8011,2.2678,1.4077,0.44214,-1.3277,-3.8677,-7.4794,-11.458,-15.643,-10.734,-7.329,-4.2444,-2.1168,-0.68648,0.12489,0.81377,1.1397,1.1565,0.85571,0.1107,-0.75195,-2.4955,-5.0654,-9.1423,-14.238,-25.301,-14.417,-10.809,-8.4226,-7.6635,-7.7896,-9.0179,-11.493,-15.713,-18.038,-14.167,-9.8292,-7.6675,-5.6153,-4.3426,-3.6257,-3.3777,-3.3905,-3.7726,-4.1998,-4.904,-5.5386,-5.7762,-5.6998,-5.2223,-4.5292,-4.0456,-3.5237,-3.1342,-2.9019,-2.6902,-2.5229,-2.4446,-2.3695,-2.3857,-2.5689,-2.8509,-3.4253,-4.331,-5.2666,-7.0277,-9.2901,-11.703
-10.682,-7.9475,-4.7382,-2.2079,-0.65748,0.95699,2.1948,2.888,3.5327,3.8574,3.8521,3.6375,3.0482,2.1082,1.1879,-0.246,-1.6697,-2.461,-2.8793,-2.5554,-2.0839,-1.7938,-1.5645,-1.601,-1.7459,-2.0803,-2.4738,-2.7471,-3.1179,-3.3412,-3.4014,-3.2963,-2.8981,-2.2174,-1.542,-0.48273,0.64942,1.8653,2.7748,3.9151,4.9984,5.7205,6.5965,7.3195,7.7541,8.1727,8.4054,8.4312,8.3258,7.9985,7.4857,7.0009,6.2433,5.4273,4.8494,4.1472,3.607,3.1921,2.9178,2.5481,2.0387,1.5187,0.5889,-0.68522,-2.4701,-4.2281,-7.4677,-12.651,-20.175,-19.271,-11.997,-9.4151,-7.3974,-6.6492,-6.6861,-7.1527,-8.1248,-8.2893,-7.1681,-4.6533,-2.1537,-0.55671,1.1384,2.3906,3.2709,3.7129,4.0826,4.2252,4.239,4.1506,4.0044,3.8476,3.7106,3.5585,3.4183,3.2363,3.015,2.6026,2.2654,1.6446,0.90231,0.026388,-0.66068,-1.544,-2.2493,-2.522,-2.515,-2.0778,-1.5688,-0.8366,-0.14572,0.35875,0.65262,0.83098,0.83037,0.71191,0.39131,-0.053116,-0.59338,-1.0135,-1.4898,-1.7852,-1.7863,-1.5118,-0.97674,-0.48992,0.1812,0.79176,1.2564,1.5047,1.6612,1.609,1.4172,0.93145,0.11872,-0.59237,-2.0347,-3.7696,-5.8327,-7.3468,-8.2279,-7.3233,-6.01,-4.2664,-2.8872,-1.8642,-1.329,-0.91524,-0.79732,-0.92096,-1.3428,-2.0737,-2.8533,-4.19,-5.8914,-7.8629,-9.2474,-10.413,-10.505,-10.078,-9.6612,-9.6815,-10.105,-11.194,-12.98,-14.757,-15.414,-14.425,-12.435,-11.11,-9.6907,-8.8035,-8.3817,-8.3628,-8.7615,-9.8264,-11.155,-13.9,-18.238,-21.839,-19.101,-14.607,-11.83,-10.457,-9.3233,-8.6349,-8.2511,-7.7752,-7.2473,-6.7404,-6.1215,-5.5009,-5.0761,-4.8904,-4.8518,-5.0268,-5.305,-5.7025,-6.0663,-6.2177
-3.9636,-3.5126,-2.6493,-1.6833,-0.96497,-0.059252,0.74931,1.2763,1.8645,2.2945,2.5583,2.6334,2.5679,2.3332,2.0567,1.6112,1.1447,0.80455,0.44226,0.14569,-0.15264,-0.34723,-0.72291,-1.1805,-1.5875,-2.2656,-3.0198,-3.7216,-4.691,-5.7335,-6.7354,-7.3112,-7.7702,-7.5627,-7.0389,-5.8877,-4.5969,-3.204,-2.2359,-0.92038,0.30125,1.1912,2.275,3.2498,3.8904,4.5982,5.1275,5.4705,5.6058,5.6374,5.5129,5.3223,4.9924,4.5781,4.2309,3.7379,3.2147,2.6702,2.2237,1.5716,0.8109,0.17539,-0.83196,-1.9851,-3.3109,-4.4199,-6.0056,-7.361,-8.0742,-8.3334,-7.8174,-7.2334,-6.3871,-5.6398,-5.1028,-4.7586,-4.2718,-3.6626,-3.1092,-2.197,-1.2321,-0.54167,0.29447,0.92905,1.3999,1.6206,1.7553,1.7681,1.6709,1.5071,1.2833,1.0679,0.92261,0.74551,0.57001,0.37128,0.12065,-0.30182,-0.7566,-1.5666,-2.7071,-4.2281,-5.7174,-8.2727,-11.428,-13.552,-13.211,-10.315,-8.4837,-6.4453,-5.1255,-4.1841,-3.7282,-3.3575,-3.1473,-3.1357,-3.1152,-3.1749,-3.2135,-3.203,-3.1371,-2.9617,-2.8022,-2.5082,-2.1547,-1.8756,-1.4979,-1.1809,-0.90912,-0.76421,-0.66605,-0.66374,-0.7547,-0.97949,-1.358,-1.6951,-2.2826,-2.8575,-3.4562,-3.8009,-4.0551,-4.0657,-3.9162,-3.6437,-3.3627,-3.132,-3.0778,-3.0904,-3.2606,-3.4843,-3.9155,-4.4496,-4.9302,-5.617,-6.3779,-7.1317,-7.6386,-8.2146,-8.6615,-8.9412,-9.3534,-9.8089,-10.286,-10.987,-11.765,-12.5,-12.879,-13.227,-13.294,-13.187,-12.978,-12.7,-12.493,-12.486,-12.753,-13.354,-14.274,-15.808,-17.686,-18.531,-18.095,-16.482,-15.171,-14.675,-14.619,-15.275,-16.107,-16.725,-15.689,-14.01,-11.714,-9.8565,-8.4744,-7.7294,-7.1135,-6.8347,-6.7967,-6.8946,-7.1343,-7.3177
-1.8607,-1.9349,-1.9443,-1.8785,-1.7642,-1.4516,-0.96707,-0.50108,0.20775,0.91848,1.5607,1.9542,2.3402,2.5651,2.6293,2.5886,2.4238,2.2238,1.9031,1.4708,0.9651,0.55112,-0.1378,-0.92216,-1.5874,-2.6383,-3.881,-4.9946,-6.7434,-9.0017,-12.027,-15.023,-20.149,-19.882,-16.494,-13.028,-10.55,-8.9036,-7.8532,-6.4808,-5.0422,-3.8495,-2.2904,-0.81461,0.17081,1.2865,2.1457,2.7712,3.0853,3.3391,3.4136,3.3743,3.225,2.9803,2.7327,2.3583,1.8985,1.3689,0.9191,0.22437,-0.55673,-1.1861,-2.0935,-3.0427,-3.9398,-4.5685,-5.2827,-5.7903,-5.9033,-5.9509,-5.6708,-5.3579,-4.8575,-4.2576,-3.6902,-3.2806,-2.7134,-2.1722,-1.7918,-1.291,-0.84671,-0.56565,-0.27957,-0.13853,-0.13458,-0.23739,-0.52912,-0.94698,-1.3762,-1.98,-2.5777,-3.0494,-3.2294,-3.2725,-3.1462,-2.9788,-2.8733,-2.8691,-3.1134,-3.6634,-4.6271,-6.0616,-7.4978,-10.055,-13.27,-15.401,-15.147,-12.702,-10.83,-9.1731,-8.1305,-7.4502,-7.2656,-7.1877,-7.2833,-7.4573,-7.5447,-7.5491,-7.3108,-6.9988,-6.5055,-5.928,-5.5233,-5.0077,-4.5649,-4.2823,-3.9664,-3.7305,-3.5158,-3.3967,-3.2501,-3.1205,-3.0608,-2.9758,-2.9229,-2.9776,-3.0168,-3.0903,-3.2261,-3.317,-3.4691,-3.6149,-3.7227,-3.9265,-4.1627,-4.4891,-4.8041,-5.2569,-5.7829,-6.1693,-6.6702,-7.0926,-7.3829,-7.6646,-7.8912,-8.0762,-8.2085,-8.4013,-8.6197,-8.8698,-9.2544,-9.7571,-10.239,-11.047,-11.96,-13.087,-13.969,-15.309,-16.633,-17.332,-17.687,-17.189,-16.209,-15.478,-14.724,-14.153,-13.969,-13.84,-13.833,-13.826,-13.737,-13.716,-13.867,-14.282,-15.347,-17.431,-20.106,-24.773,-22.004,-17.751,-13.901,-11.335,-9.6267,-8.767,-8.0673,-7.7996,-7.8476,-8.3014,-9.2059,-10.534
-1.0761,-1.6748,-2.6753,-3.844,-4.7155,-5.423,-5.0602,-4.0904,-2.3911,-0.72588,0.67727,1.5327,2.4119,3.0097,3.2965,3.4746,3.439,3.2922,2.9362,2.403,1.7572,1.1635,0.28973,-0.68568,-1.5187,-2.6876,-4.0212,-5.1092,-6.7808,-8.7791,-11.223,-13.211,-15.521,-16.013,-15.236,-13.981,-13.455,-13.84,-14.353,-14.807,-12.682,-10.169,-6.8675,-4.2477,-2.7075,-1.1213,-0.0028089,0.73511,1.0752,1.3083,1.3443,1.2965,1.1373,0.94383,0.77244,0.51244,0.18428,-0.26217,-0.67612,-1.382,-2.2302,-2.9818,-4.0507,-5.1623,-6.1636,-6.733,-7.1368,-7.2059,-6.9453,-6.4691,-5.8178,-5.2378,-4.5069,-3.7705,-3.0745,-2.5987,-2.0389,-1.581,-1.2825,-1.0035,-0.83091,-0.78012,-0.85114,-1.0421,-1.4341,-1.8411,-2.5768,-3.6324,-4.6039,-6.2963,-8.3308,-10.328,-10.934,-9.9252,-7.9965,-6.5569,-5.3177,-4.4226,-4.0927,-4.0128,-4.2961,-4.9082,-5.55,-6.4818,-7.4236,-7.9681,-8.4824,-8.6639,-8.6566,-8.7437,-8.8462,-9.2569,-9.7464,-10.611,-11.917,-12.932,-14.389,-14.852,-13.944,-12.696,-10.993,-9.5972,-8.7249,-7.8757,-7.3335,-7.0748,-6.9138,-6.8425,-6.8433,-6.8085,-6.6781,-6.4104,-6.1071,-5.6471,-5.086,-4.815,-4.3433,-4.0691,-3.866,-3.7982,-3.8512,-4.0204,-4.2626,-4.7095,-5.3269,-6.1499,-6.8422,-7.9431,-9.1328,-10,-10.936,-11.455,-11.476,-11.136,-10.568,-9.9766,-9.6168,-9.2557,-9.0543,-9.0464,-9.1738,-9.5518,-9.9364,-10.762,-11.887,-13.41,-14.949,-17.674,-21.902,-27.625,-35.897,-24.253,-19.539,-17.305,-15.183,-13.838,-12.975,-12.162,-11.499,-11.129,-10.757,-10.567,-10.54,-10.634,-10.949,-11.334,-11.603,-11.681,-11.252,-10.61,-9.5969,-8.6223,-7.8061,-7.3864,-7.0535,-7.0145,-7.1868,-7.7781,-8.7923,-10.461
-0.38813,-1.3756,-3.2496,-6.1048,-9.4439,-19.136,-17.01,-9.7004,-4.7788,-1.7201,0.39608,1.5808,2.7501,3.5366,3.907,4.1383,4.0924,3.8892,3.3862,2.6757,1.7478,0.91456,-0.26275,-1.5123,-2.4478,-3.5916,-4.6097,-5.3525,-6.2741,-7.1767,-8.0532,-8.6529,-9.375,-9.912,-10.245,-10.734,-11.754,-13.345,-15.247,-17.797,-15.107,-11.488,-7.6958,-4.9723,-3.4567,-2.043,-1.1705,-0.78644,-0.76102,-1.0395,-1.5416,-1.9807,-2.4626,-2.7003,-2.6736,-2.5521,-2.4474,-2.5362,-2.8009,-3.4249,-4.4358,-5.4678,-7.2451,-9.4547,-12.026,-13.732,-14.39,-12.915,-11.586,-9.5736,-7.9889,-6.921,-5.6488,-4.5929,-3.6619,-3.0634,-2.4385,-1.9719,-1.7385,-1.5885,-1.6147,-1.7494,-2.0615,-2.5136,-3.0925,-3.6293,-4.4725,-5.5939,-6.6611,-8.685,-11.68,-16.334,-18.62,-14.38,-10.076,-7.7829,-5.7495,-4.5022,-3.8427,-3.4222,-3.3485,-3.5525,-3.8722,-4.4413,-5.1174,-5.6888,-6.4782,-7.2194,-7.9378,-8.7515,-9.6694,-10.792,-11.674,-13.245,-15.44,-17.762,-23.179,-31.542,-22.034,-17.741,-14.317,-12.204,-11.176,-10.376,-10.078,-10.155,-10.585,-11.312,-12.234,-12.801,-13.093,-12.531,-11.593,-10.144,-8.7939,-7.6759,-6.6696,-5.8458,-5.2758,-5.0426,-4.9157,-5.0738,-5.3715,-5.9867,-6.9147,-8.1434,-9.3073,-11.3,-13.879,-16.426,-20.773,-23.537,-21.074,-17.247,-14.496,-12.607,-11.547,-10.527,-9.8637,-9.5079,-9.323,-9.3838,-9.6271,-10.113,-10.926,-12.041,-13.072,-14.714,-16.477,-17.597,-18.239,-17.59,-16.289,-15.234,-13.923,-12.708,-11.885,-10.862,-9.9107,-9.2591,-8.5201,-7.888,-7.4206,-7.1542,-6.9249,-6.7837,-6.6846,-6.5657,-6.4105,-6.2991,-6.0976,-5.9423,-5.8182,-5.7511,-5.7197,-5.7607,-5.8556,-6.0094,-6.2259,-6.4999
0.51082,-0.20706,-1.3304,-2.6212,-3.5279,-4.2895,-4.0947,-3.3148,-1.8393,-0.27545,1.13,2.0279,2.9886,3.6652,3.9723,4.1199,3.9598,3.6253,2.8972,1.839,0.39574,-0.90868,-2.9497,-5.2232,-6.7595,-8.2792,-8.7604,-8.605,-8.2678,-7.9811,-7.7931,-7.7664,-7.7139,-7.6914,-7.6888,-7.7299,-7.7308,-7.6763,-7.6175,-7.182,-6.3194,-5.4932,-4.228,-3.0803,-2.409,-1.8251,-1.6744,-2.0129,-2.6319,-4.0238,-6.2041,-8.4399,-11.569,-11.882,-10.022,-7.5843,-6.0145,-5.2172,-5.0796,-5.4131,-6.3528,-7.4533,-9.528,-12.524,-16.822,-21.077,-22.752,-18.338,-15.857,-13.191,-11.192,-9.9347,-8.3372,-6.9485,-5.7414,-5.004,-4.2165,-3.6955,-3.5169,-3.5024,-3.7899,-4.1934,-4.8992,-5.7869,-6.608,-7.0942,-7.5434,-7.6911,-7.8098,-7.9673,-8.1508,-8.1732,-7.9416,-7.2205,-6.1504,-5.3879,-4.3366,-3.6349,-3.2512,-2.9824,-2.9893,-3.2435,-3.562,-4.2128,-5.0583,-5.8194,-6.9751,-8.3222,-9.4736,-10.975,-12.545,-13.784,-14.348,-15.128,-15.532,-15.885,-16.246,-16.038,-15.266,-14.493,-13.332,-12.476,-12.129,-12.05,-12.44,-13.091,-14.43,-16.586,-19.919,-23.814,-35.394,-25.795,-20.48,-16.094,-13.136,-11.509,-9.7124,-8.3737,-7.5003,-7.0718,-6.8071,-6.9159,-7.2018,-7.9027,-8.9385,-10.286,-11.542,-13.486,-15.803,-17.792,-20.414,-21.566,-20.649,-18.344,-16.193,-14.418,-13.348,-12.201,-11.325,-10.82,-10.365,-10.088,-10.065,-10.169,-10.461,-10.947,-11.413,-12.097,-12.804,-13.263,-13.785,-14.168,-14.352,-14.381,-14.242,-13.643,-12.942,-11.659,-10.248,-9.1856,-7.8708,-6.7577,-5.866,-5.3596,-4.8493,-4.5512,-4.4416,-4.4309,-4.5695,-4.7614,-5.1122,-5.5223,-5.978,-6.2688,-6.5519,-6.6386,-6.5618,-6.2746,-5.8681,-5.3225
0.93434,0.52353,-0.12788,-0.77211,-1.1829,-1.5074,-1.4653,-1.1733,-0.48365,0.42969,1.4183,2.1215,2.9323,3.5247,3.8021,3.9152,3.7054,3.3184,2.4773,1.1857,-0.62894,-2.3751,-5.5359,-10.175,-15.775,-43.547,-17.413,-13.586,-11.097,-9.8749,-9.2445,-8.906,-8.4404,-7.8766,-7.3748,-6.6354,-5.8081,-5.0684,-4.4885,-3.7094,-2.9683,-2.4234,-1.7707,-1.2546,-1.0083,-0.90692,-1.1507,-1.7907,-2.601,-4.1734,-6.4918,-8.7167,-11.843,-12.235,-10.512,-8.1623,-6.6297,-5.8326,-5.6281,-5.8637,-6.5724,-7.3914,-8.8159,-10.498,-12.344,-13.647,-15.03,-15.909,-16.348,-16.571,-15.644,-14.442,-12.343,-10.229,-8.484,-7.4108,-6.3399,-5.7118,-5.5083,-5.6446,-6.2612,-7.0762,-8.7514,-11.193,-14.398,-16.18,-15.043,-12.138,-10.313,-8.4533,-7.1527,-6.1266,-5.5348,-4.7991,-4.1538,-3.8168,-3.3663,-3.0527,-2.9918,-3.0072,-3.2223,-3.6486,-4.0992,-4.8893,-5.9409,-6.9091,-8.4558,-10.551,-12.309,-15.485,-19.746,-23.436,-22.856,-19.405,-16.932,-15.624,-14.312,-13.357,-12.675,-12.302,-11.977,-11.943,-12.118,-12.668,-13.637,-14.612,-16.301,-18.235,-20.305,-21.741,-22.714,-21.988,-20.476,-18.123,-15.639,-13.998,-12.037,-10.587,-9.4749,-8.9083,-8.5908,-8.6564,-8.99,-9.8109,-11.008,-12.526,-13.799,-15.466,-16.886,-17.687,-18.277,-18.351,-18.009,-17.455,-16.748,-15.952,-15.354,-14.469,-13.584,-12.997,-12.214,-11.629,-11.262,-11.047,-10.987,-11.076,-11.256,-11.583,-12.021,-12.46,-13.166,-14.126,-15.511,-16.955,-19.464,-21.473,-19.938,-15.814,-12.274,-10.155,-7.9306,-6.254,-5.0147,-4.3353,-3.7174,-3.4078,-3.3846,-3.6031,-4.1205,-4.6884,-5.7504,-7.1105,-8.7297,-10.02,-11.385,-11.697,-11.113,-9.8393,-8.3924,-6.9932
0.82525,0.3872,-0.46906,-1.5409,-2.4312,-3.4977,-3.9915,-3.7224,-2.5822,-1.032,0.51672,1.5402,2.6528,3.4564,3.8566,4.1061,4.0297,3.7572,3.0927,2.0557,0.66018,-0.62775,-2.6985,-4.9983,-6.6115,-8.3104,-9.1487,-9.327,-9.7126,-10.447,-11.573,-12.304,-12.481,-11.096,-9.5643,-7.4334,-5.69,-4.1994,-3.2248,-2.1747,-1.2981,-0.73004,-0.15651,0.24415,0.42789,0.47616,0.30182,-0.11845,-0.57824,-1.3817,-2.2865,-2.9815,-3.719,-4.1383,-4.2578,-4.2124,-4.1442,-4.2282,-4.4205,-4.8976,-5.6267,-6.3244,-7.4934,-8.8756,-10.435,-11.783,-13.823,-16.554,-19.344,-26.479,-33.277,-22.336,-16.222,-12.508,-10.065,-8.6884,-7.4012,-6.6297,-6.3369,-6.3802,-6.9055,-7.6131,-9.1598,-11.435,-14.26,-15.791,-14.557,-11.54,-9.4936,-7.4729,-5.9638,-4.9011,-4.2925,-3.7108,-3.3618,-3.1438,-3.1162,-3.1436,-3.2583,-3.5404,-3.9334,-4.4452,-4.959,-5.7632,-6.7571,-7.6833,-9.1591,-11.004,-12.491,-15.11,-18.106,-20.029,-19.345,-17.312,-15.119,-13.656,-12.296,-11.368,-10.73,-10.462,-10.48,-10.827,-11.316,-12.341,-13.799,-15.142,-17.33,-19.918,-22.357,-24.211,-25.309,-24.715,-23.402,-20.593,-17.909,-15.671,-13.576,-11.642,-10.276,-9.6193,-9.1661,-9.234,-9.6585,-10.716,-12.384,-14.802,-17.256,-21.162,-24.274,-23.75,-21.575,-19.936,-19.322,-19.01,-19.167,-19.593,-19.63,-18.946,-17.44,-16.169,-14.636,-13.524,-12.893,-12.372,-12.147,-12.091,-12.094,-12.183,-12.313,-12.458,-12.8,-13.369,-14.414,-15.544,-17.428,-18.66,-17.321,-13.822,-10.544,-8.51,-6.344,-4.692,-3.4894,-2.8294,-2.288,-2.0907,-2.1668,-2.5866,-3.3845,-4.2734,-5.8889,-8.1696,-11.455,-15.057,-23.991,-27.036,-19.016,-14.318,-11.581,-9.6704
0.31388,-0.25942,-1.4574,-3.3802,-5.5322,-10.225,-22.421,-17.381,-8.143,-3.7556,-0.97106,0.54363,2.038,3.0789,3.6033,4.0117,4.1189,4.0148,3.6375,3.0229,2.1976,1.4273,0.28907,-0.93403,-1.895,-3.1651,-4.4301,-5.5116,-7.2236,-9.5618,-13.146,-17.579,-23.234,-15.457,-11.446,-8.1164,-5.7397,-3.9942,-3.0135,-1.9069,-1.0084,-0.47413,0.12978,0.57243,0.79885,0.95248,0.94194,0.75886,0.52737,0.10077,-0.40271,-0.80051,-1.3315,-1.8158,-2.1443,-2.5738,-2.9963,-3.4731,-3.9131,-4.5883,-5.415,-6.1509,-7.2417,-8.4986,-9.8324,-10.853,-12.405,-13.784,-14.985,-15.834,-15.663,-14.822,-13.173,-11.352,-9.7204,-8.7556,-7.7249,-7.0021,-6.6856,-6.4787,-6.5371,-6.746,-7.1338,-7.5546,-7.8696,-7.875,-7.5313,-6.859,-6.2565,-5.4119,-4.7061,-4.189,-3.9116,-3.7791,-3.8546,-3.9845,-4.3543,-4.8881,-5.2422,-5.7766,-6.2871,-6.7817,-7.1714,-7.7886,-8.535,-9.1552,-10.204,-11.192,-11.958,-12.899,-13.399,-13.463,-13.32,-12.574,-11.624,-10.938,-10.081,-9.4268,-9.0405,-8.941,-9.0946,-9.6104,-10.286,-11.582,-13.394,-15.168,-18.183,-22.195,-27.622,-33.574,-46.834,-40.449,-32.21,-25.115,-19.609,-17.182,-13.905,-11.666,-10.111,-9.319,-8.7155,-8.6913,-9.0126,-9.924,-11.442,-13.73,-15.915,-19.479,-22.123,-21.775,-19.948,-18.699,-18.499,-19.132,-21.139,-25.637,-33.895,-30.934,-22.181,-19.027,-16.551,-15.1,-14.604,-14.367,-14.602,-15.072,-15.337,-15.313,-14.76,-14.088,-13.179,-12.411,-11.766,-11.355,-10.764,-9.9433,-9.1369,-7.7968,-6.3031,-5.2089,-3.8615,-2.7441,-1.8684,-1.3983,-1.0251,-0.95429,-1.0941,-1.56,-2.3545,-3.1813,-4.5899,-6.3562,-8.4036,-10.047,-12.021,-13.277,-13.684,-13.891,-13.954,-13.671
-0.23206,-0.59219,-1.3718,-2.4848,-3.4731,-4.8053,-5.5492,-5.3159,-4.0477,-2.3666,-0.78317,0.23551,1.3405,2.1582,2.5935,2.9657,3.1154,3.0942,2.9093,2.5777,2.0941,1.6452,0.98837,0.24126,-0.39162,-1.2761,-2.2583,-3.064,-4.2318,-5.4829,-6.7021,-7.4362,-7.8857,-7.5892,-7.0016,-6.0739,-5.1863,-4.4471,-3.9357,-3.2867,-2.6623,-2.1936,-1.5637,-0.99785,-0.6578,-0.33178,-0.19961,-0.25226,-0.42535,-0.78274,-1.2898,-1.7125,-2.3235,-2.9358,-3.354,-3.8873,-4.4123,-4.9487,-5.4041,-6.1266,-7.0231,-7.834,-9.0342,-10.331,-11.674,-12.581,-13.543,-14.095,-14.072,-13.917,-13.373,-12.748,-11.846,-10.93,-10.018,-9.4133,-8.7603,-8.2578,-7.9887,-7.7441,-7.598,-7.5572,-7.4656,-7.3341,-7.1421,-6.9212,-6.5042,-6.0451,-5.7018,-5.2766,-4.9919,-4.8689,-4.9588,-5.2966,-5.9116,-6.7027,-7.8333,-9.2269,-10.336,-11.385,-11.808,-11.792,-11.643,-11.659,-12.046,-12.554,-13.49,-14.521,-15.411,-15.757,-15.307,-14.365,-13.49,-12.147,-10.962,-10.229,-9.3107,-8.6294,-8.2466,-8.1462,-8.2265,-8.6464,-9.2103,-10.288,-11.816,-13.323,-15.85,-19.122,-23.142,-26.756,-31.211,-29.81,-26.068,-21.141,-17.386,-14.755,-12.279,-10.397,-8.997,-8.2657,-7.708,-7.5439,-7.6657,-8.1255,-8.9153,-9.8978,-10.693,-11.755,-12.609,-13.026,-13.414,-13.742,-14.05,-14.738,-15.709,-16.708,-17.184,-17.157,-16.422,-15.687,-15.003,-14.777,-15.031,-16.008,-17.895,-21.194,-25.424,-28.406,-21.925,-18.345,-15.126,-12.877,-11.147,-10.071,-8.8123,-7.5986,-6.7431,-5.6049,-4.4823,-3.6871,-2.7309,-1.9141,-1.2833,-0.95695,-0.70735,-0.69655,-0.85448,-1.2767,-1.9439,-2.5907,-3.6557,-4.9307,-6.3454,-7.487,-9.0792,-10.802,-12.267,-14.757,-18.693,-27.233
-0.13188,-0.23892,-0.55617,-0.95928,-1.2594,-1.5766,-1.695,-1.6083,-1.2684,-0.73599,-0.11844,0.34044,0.88627,1.3063,1.5344,1.7068,1.7407,1.689,1.5477,1.3271,1.0519,0.84755,0.5257,0.16176,-0.11905,-0.54894,-1.0427,-1.4224,-1.9646,-2.5247,-3.0475,-3.4054,-3.8166,-4.1548,-4.419,-4.7529,-5.2688,-5.8661,-6.2585,-6.6079,-6.3538,-5.6897,-4.5515,-3.3933,-2.6611,-1.969,-1.6291,-1.6378,-1.8656,-2.4404,-3.2823,-4.065,-5.15,-6.144,-6.7314,-7.164,-7.3502,-7.4953,-7.666,-8.1486,-8.9828,-9.8382,-11.433,-13.539,-16.154,-18.29,-19.828,-19.31,-17.717,-15.926,-14.451,-13.504,-12.462,-11.669,-11.056,-10.663,-10.285,-10.066,-9.9585,-9.9527,-9.9928,-9.9639,-9.8786,-9.6022,-9.0514,-8.547,-7.7935,-7.012,-6.4788,-5.955,-5.6204,-5.5805,-5.7874,-6.3725,-7.4516,-8.5974,-10.977,-14.407,-18.4,-27.988,-22.955,-17.588,-15.655,-14.407,-14.295,-14.957,-16.572,-19.759,-24.176,-31.221,-23.176,-17.696,-15.049,-12.683,-10.882,-9.7906,-8.7152,-7.899,-7.3043,-7.0229,-6.8732,-6.9691,-7.1854,-7.7194,-8.5069,-9.2616,-10.421,-11.71,-12.972,-13.751,-14.232,-14.004,-13.363,-12.106,-10.538,-9.5883,-8.2557,-7.1579,-6.3579,-5.9479,-5.6336,-5.5513,-5.6415,-5.9227,-6.3281,-6.7893,-7.1682,-7.6381,-8.0562,-8.3307,-8.6574,-8.9879,-9.2313,-9.6033,-9.997,-10.376,-10.636,-10.907,-11.126,-11.295,-11.606,-12.162,-12.71,-13.828,-15.362,-17.161,-18.327,-18.713,-17.281,-15.749,-13.688,-11.945,-10.453,-9.4469,-8.1757,-7.013,-6.116,-4.9806,-3.9068,-3.1569,-2.2644,-1.5153,-0.9594,-0.66648,-0.46396,-0.4736,-0.62707,-1.0155,-1.6061,-2.1772,-3.0792,-4.1219,-5.2991,-6.2236,-7.5443,-8.9432,-10.043,-11.6,-13.082,-14.111
0.76348,0.6544,0.36653,0.0017873,-0.27599,-0.58149,-0.74844,-0.74522,-0.58357,-0.28165,0.093219,0.37306,0.67231,0.83945,0.86878,0.75579,0.50385,0.26531,-0.051604,-0.33466,-0.47194,-0.45172,-0.38689,-0.29207,-0.1917,-0.13066,-0.11858,-0.15538,-0.24702,-0.3921,-0.58977,-0.7804,-1.113,-1.5954,-2.1382,-3.1288,-4.6999,-7.0865,-9.8106,-16.275,-18.095,-11.943,-7.1269,-4.3085,-2.9291,-1.802,-1.3076,-1.3729,-1.7672,-2.785,-4.3913,-6.0659,-9.0195,-12.603,-14.563,-13.443,-11.026,-9.4128,-8.7173,-8.4476,-8.8168,-9.4678,-10.976,-13.266,-16.617,-20.044,-24.158,-21.425,-18.319,-15.694,-14.068,-13.199,-12.429,-11.991,-11.725,-11.597,-11.55,-11.639,-11.827,-12.341,-13.109,-13.741,-14.603,-14.554,-13.111,-11.631,-9.6309,-7.8494,-6.7797,-5.7163,-5.0234,-4.7328,-4.7585,-5.1289,-5.9132,-6.6882,-8.2671,-10.264,-11.706,-13.204,-13.316,-12.556,-11.96,-11.432,-11.429,-11.864,-12.797,-14.16,-15.369,-15.867,-14.86,-13.014,-11.778,-10.215,-8.848,-7.9549,-7.031,-6.2151,-5.4851,-5.0297,-4.5595,-4.246,-4.0921,-4.0423,-4.1354,-4.2834,-4.549,-4.8271,-5.111,-5.2582,-5.2657,-5.0992,-4.878,-4.4349,-3.8852,-3.5651,-3.0545,-2.6793,-2.4686,-2.4299,-2.5138,-2.7674,-3.044,-3.4939,-3.9328,-4.3178,-4.5449,-4.7037,-4.7374,-4.735,-4.6925,-4.678,-4.7254,-4.8497,-5.0351,-5.3087,-5.5683,-5.9723,-6.4558,-6.8892,-7.5003,-8.1953,-8.7246,-9.4825,-10.207,-10.806,-11.089,-11.237,-11.075,-10.846,-10.395,-9.9092,-9.3592,-8.8997,-8.0602,-7.0253,-6.0576,-4.7134,-3.3926,-2.4653,-1.3896,-0.54168,0.071328,0.38163,0.58249,0.54569,0.36612,-0.052999,-0.67203,-1.2641,-2.1708,-3.1878,-4.3015,-5.1347,-6.2121,-7.1365,-7.7041,-8.2683,-8.5753,-8.6987
2.4641,2.0715,1.3839,0.49527,-0.25334,-1.1815,-1.7989,-1.9037,-1.5427,-0.80533,0.010667,0.51493,0.96284,1.0956,0.94398,0.3969,-0.53924,-1.4346,-2.752,-3.7092,-3.6455,-3.0659,-2.0022,-0.98388,-0.37834,0.23892,0.70008,0.95054,1.2685,1.5515,1.7931,1.9262,1.9968,1.8751,1.6357,0.98514,0.024254,-1.2984,-2.4624,-3.8173,-3.9242,-2.9899,-1.2846,0.23786,1.0831,1.7928,2.0341,1.7949,1.3073,0.20099,-1.4826,-3.1561,-6.1323,-9.7094,-11.518,-10.451,-8.1108,-6.386,-5.6476,-5.1603,-5.1869,-5.517,-6.2817,-7.3221,-8.5467,-9.4666,-10.127,-10.572,-10.636,-10.493,-10.606,-10.869,-11.242,-11.704,-12.168,-12.439,-12.494,-12.429,-12.527,-13.001,-14.254,-16.12,-21.247,-31.055,-17.896,-13.152,-9.0943,-6.3761,-4.8897,-3.4211,-2.4615,-1.8947,-1.6662,-1.6773,-1.949,-2.3072,-2.8052,-3.4555,-3.9816,-4.4388,-4.741,-4.882,-4.941,-5.0562,-5.2539,-5.4242,-5.8463,-6.351,-6.5932,-6.7854,-6.8207,-6.6932,-6.5522,-6.2396,-5.8784,-5.5585,-4.9651,-4.2231,-3.3641,-2.6633,-1.7689,-0.95024,-0.4301,0.15007,0.59571,0.85909,1.1095,1.301,1.4474,1.5555,1.6956,1.8575,1.987,2.1727,2.2771,2.4171,2.4557,2.3795,2.1475,1.8531,1.2877,0.47044,-0.28358,-1.4318,-2.5734,-3.3876,-3.5702,-3.2063,-2.4125,-1.763,-0.99033,-0.40631,-0.14445,0.040634,0.0080387,-0.22819,-0.53389,-1.0898,-1.7932,-2.4247,-3.3244,-4.2368,-4.9354,-5.6613,-6.1843,-6.5429,-6.6998,-6.8213,-6.9503,-7.1315,-7.5763,-8.2935,-9.3804,-10.277,-10.794,-9.2762,-7.3262,-4.6342,-2.3496,-0.94944,0.52792,1.5858,2.285,2.5925,2.7323,2.5902,2.3269,1.767,0.99551,0.28325,-0.86283,-2.2058,-3.7186,-4.9291,-6.4224,-7.3714,-7.5373,-6.982,-6.0803,-5.1842
4.369,3.636,2.3044,0.46213,-1.4087,-4.9035,-9.7317,-10.966,-6.3882,-2.5654,-0.11208,1.0983,2.0697,2.3815,2.1869,1.3372,-0.35502,-2.3968,-7.1176,-19.222,-13.399,-7.2097,-3.2351,-1.1663,-0.36126,0.2665,0.54113,0.75209,1.2509,2.0996,3.1577,3.9415,4.8435,5.514,5.8715,6.109,6.1661,6.0592,5.9311,5.8479,5.9219,6.1092,6.4305,6.7593,6.9457,7.0454,6.918,6.5459,6.0886,5.2675,4.235,3.3356,2.1344,1.059,0.44677,0.0040091,-0.092492,-0.023863,0.0156,-0.029527,-0.23125,-0.5024,-0.9554,-1.5324,-2.1558,-2.6589,-3.3574,-4.0324,-4.6828,-5.6577,-6.862,-8.0786,-10.296,-13.338,-16.8,-17.954,-15.829,-13.229,-11.782,-10.54,-9.8862,-9.7777,-9.4534,-8.633,-7.0324,-5.5201,-3.5585,-1.8259,-0.68466,0.43984,1.2301,1.7279,1.9149,1.9951,1.9232,1.7414,1.5228,1.3749,1.2431,1.0883,0.96475,0.88841,0.8311,0.68788,0.47755,0.29626,-0.02995,-0.39218,-0.62942,-1.1233,-1.6988,-2.4128,-2.9171,-3.8932,-5.0642,-5.8394,-5.985,-4.8976,-3.0387,-1.5376,0.27766,1.7938,2.7333,3.7827,4.6265,5.1428,5.7133,6.1563,6.5326,6.7607,6.984,7.1536,7.2584,7.3306,7.3516,7.3453,7.2024,6.9505,6.5376,6.0838,5.1913,3.9022,2.5491,0.026977,-3.9731,-10.934,-12.485,-5.2753,-1.0524,0.9842,2.7972,3.9429,4.4999,4.8733,4.8861,4.5909,4.1772,3.3637,2.2529,1.2453,-0.38012,-2.2107,-3.5798,-5.0202,-5.5097,-5.0776,-4.5429,-3.8832,-3.5406,-3.5241,-3.9965,-5.1714,-7.4078,-10.21,-15.278,-11,-6.4458,-2.2743,0.54622,2.1062,3.6153,4.62,5.1763,5.324,5.2162,4.8034,4.3219,3.4842,2.474,1.6279,0.33522,-1.2807,-3.4098,-5.6394,-10.38,-21.329,-16.455,-8.1693,-4.1089,-1.5344
3.7477,2.9899,1.7133,0.11083,-1.3173,-3.4887,-5.385,-5.6112,-3.8946,-1.5117,0.4367,1.5569,2.555,3.0035,3.018,2.5946,1.7044,0.75778,-0.64308,-1.6882,-1.826,-1.4263,-0.83149,-0.60039,-0.8023,-1.8927,-4.1226,-6.4613,-7.5367,-3.4806,0.44854,2.6819,4.8799,6.4567,7.308,8.1739,8.7129,9.0539,9.224,9.3868,9.4884,9.5172,9.5385,9.5043,9.431,9.2372,8.9143,8.4592,8.0292,7.3434,6.5529,5.9187,5.0668,4.2658,3.7372,3.1102,2.6107,2.1741,1.9196,1.5599,1.1873,0.91691,0.53372,0.12332,-0.28217,-0.57768,-1.1942,-1.7978,-2.3063,-3.4052,-4.7978,-6.1316,-8.4541,-11.502,-15.02,-16.357,-14.724,-12.065,-10.495,-8.8351,-7.4211,-6.372,-5.0558,-3.7632,-2.4484,-1.4664,-0.25286,0.79554,1.4126,2.0259,2.3772,2.4498,2.3261,2.062,1.7238,1.5482,1.2794,1.2612,1.4484,1.6701,1.9329,2.1187,2.1889,2.2,2.0866,1.877,1.5957,1.2583,0.87639,0.28985,-0.42776,-1.3929,-2.3786,-4.3858,-7.6126,-11.784,-24.663,-11.556,-5.4541,-2.6974,-0.064986,1.8314,2.9354,4.1262,5.0834,5.694,6.4077,7.0025,7.4743,7.7455,8.016,8.1656,8.2116,8.2113,8.22,8.1229,8.0661,7.9655,7.774,7.5266,6.9864,6.1533,5.2959,3.7978,2.0372,0.61983,0.48166,1.6496,3.3841,4.5653,5.8116,6.6439,7.0311,7.236,7.1242,6.697,6.1694,5.1637,3.7434,2.361,-0.057992,-3.5458,-7.3977,-18.173,-16.339,-8.1676,-5.3272,-3.1165,-1.8467,-1.3129,-0.98692,-1.0142,-1.2112,-1.2644,-1.041,-0.15943,0.79067,2.2529,3.6455,4.5115,5.3783,5.8732,5.967,5.7717,5.1534,4.1437,3.1356,1.5896,0.037001,-0.92972,-1.6979,-2.1184,-2.5702,-3.0809,-3.8467,-4.0633,-3.4579,-1.6798,0.37638,2.1792
-0.058693,-0.71658,-1.5035,-2.2186,-2.623,-2.936,-2.8452,-2.5,-1.6772,-0.61505,0.46587,1.1788,1.9151,2.387,2.5583,2.544,2.3103,2.0242,1.6372,1.2945,1.0095,0.79005,0.50274,0.017675,-0.52817,-1.759,-3.5033,-5.0257,-5.28,-2.8214,0.17849,2.1131,4.1521,5.6779,6.5459,7.3964,7.9752,8.3545,8.5355,8.6308,8.6194,8.5503,8.4095,8.2061,8.0091,7.6834,7.28,6.7655,6.3098,5.5934,4.7492,4.079,3.1248,2.1749,1.5142,0.74272,0.082429,-0.47926,-0.8639,-1.3342,-1.7796,-2.0896,-2.4686,-2.6993,-2.8183,-2.8279,-2.7539,-2.8557,-3.0269,-3.4052,-4.137,-4.9069,-6.155,-7.5097,-8.8629,-9.7253,-10.594,-11.112,-11.243,-10.525,-8.928,-7.4264,-5.5248,-3.7737,-2.2819,-1.3226,-0.28395,0.44697,0.74908,0.93454,0.75275,0.18356,-0.48058,-1.7624,-3.3584,-4.4651,-5.1521,-4.6997,-3.7331,-2.2957,-1.1614,-0.43935,-0.14343,-0.011109,-0.14247,-0.37666,-0.80034,-1.2816,-1.6674,-1.9633,-2.2185,-2.4968,-2.9069,-3.5695,-4.3125,-4.7337,-4.8951,-4.2084,-2.9965,-2.0502,-0.91409,-0.017766,0.53268,1.1846,1.8608,2.4338,3.2389,4.0295,4.6622,5.0069,5.2635,5.2607,5.0949,4.7772,4.4346,4.3131,4.4734,4.9156,5.4712,5.8502,6.2351,6.3895,6.3785,6.2179,5.9982,5.8663,5.887,6.0797,6.3989,6.6656,6.9766,7.1734,7.2012,7.0944,6.8,6.2934,5.7626,4.8427,3.6692,2.6019,0.9365,-0.94268,-2.3619,-3.8348,-4.2463,-3.6166,-2.8581,-1.9226,-1.1691,-0.75245,-0.31896,0.048943,0.43442,0.77533,1.3739,2.0891,2.6799,3.5011,4.2632,4.7201,5.1245,5.2067,4.9186,4.4273,3.3166,1.5666,-0.2972,-3.8817,-9.6962,-15.435,-11.067,-6.1866,-3.542,-2.2526,-0.97087,0.091468,0.88839,1.9547,3.042,4.0601
-6.2207,-6.7328,-7.289,-7.6562,-7.7308,-7.2488,-6.0356,-4.833,-3.1724,-1.6668,-0.37458,0.40035,1.1697,1.6517,1.8261,1.8721,1.7461,1.6031,1.3754,1.1639,1.0141,0.95762,0.93569,0.91485,0.83435,0.75467,0.70875,0.8588,1.2406,1.9503,2.8888,3.6182,4.5533,5.3338,5.805,6.2529,6.5489,6.6524,6.61,6.4264,6.1341,5.8923,5.5191,5.1532,4.8918,4.5636,4.2106,3.7577,3.3007,2.5107,1.4874,0.52593,-0.93486,-2.5124,-3.6726,-4.8391,-5.4521,-5.6287,-5.7946,-6.1479,-6.8326,-7.5954,-8.6558,-9.1121,-8.4325,-7.4408,-5.8206,-4.628,-4.0841,-3.5728,-3.5027,-3.6882,-4.3045,-5.3018,-6.679,-7.9893,-10.529,-14.783,-20.628,-22.748,-13.595,-9.8103,-6.4189,-4.0582,-2.3849,-1.4644,-0.57908,-0.057255,0.133,0.025951,-0.47904,-1.4328,-2.5159,-4.6784,-8.2372,-12.799,-23.013,-13.006,-8.8415,-5.5037,-3.6309,-2.6167,-2.2976,-2.4166,-3.0712,-3.8123,-5.2273,-6.7262,-7.2704,-6.9536,-5.8275,-4.6085,-3.8271,-2.9781,-2.4319,-2.1542,-1.8585,-1.6252,-1.4822,-1.502,-1.8134,-2.5258,-3.2794,-4.3356,-4.5575,-3.7491,-1.8897,-0.059564,1.3196,1.9696,2.2792,1.9483,1.2387,-0.43656,-3.0875,-4.7386,-4.1557,-0.94979,1.8806,3.4784,5.024,6.057,6.5704,7.0141,7.246,7.336,7.3386,7.2954,7.2022,7.1025,6.919,6.6881,6.4778,6.1458,5.7342,5.2397,4.8013,4.122,3.3505,2.7129,1.8145,0.93209,0.35793,-0.29879,-0.7285,-0.94522,-1.0353,-1.0713,-1.1312,-1.1871,-1.2466,-1.1687,-0.84614,-0.42403,0.40179,1.3867,2.1774,3.1478,3.9515,4.4197,4.8008,4.8783,4.6165,4.1683,3.226,1.8179,0.46825,-1.6737,-3.8412,-4.8697,-4.5955,-3.1881,-1.6241,-0.58285,0.62974,1.6627,2.366,3.2189,3.9999,4.7024
-15.428,-13.53,-13.291,-15.531,-19.893,-20.533,-12.022,-8.079,-4.5682,-2.1317,-0.43985,0.44573,1.2103,1.5278,1.5069,1.1917,0.62525,0.12846,-0.51884,-0.89315,-0.78199,-0.39733,0.2564,0.97378,1.4668,2.0852,2.6159,3.0086,3.4596,3.9037,4.3186,4.5978,4.9086,5.1281,5.2152,5.2428,5.1072,4.7953,4.4282,3.7945,2.9558,2.2327,1.257,0.53322,0.2983,0.36947,0.60128,0.71961,0.59066,0.014089,-1.0947,-2.3618,-4.8333,-8.5054,-12.437,-18.525,-15.049,-11.353,-9.8954,-9.331,-10.11,-11.685,-16.083,-29.418,-16.67,-11.236,-7.2431,-4.6094,-3.3059,-2.1879,-1.5505,-1.3632,-1.4547,-1.9401,-2.7921,-3.6657,-5.0923,-6.6203,-7.5413,-7.6123,-6.3001,-4.9457,-3.26,-1.8756,-0.82279,-0.26187,0.2477,0.50138,0.55523,0.37552,-0.03268,-0.68352,-1.3632,-2.4404,-3.6179,-4.2912,-4.7463,-4.4765,-3.9549,-3.0479,-2.3422,-1.997,-2.039,-2.5758,-3.7749,-5.2583,-8.4058,-14.427,-24.946,-15.261,-8.735,-5.2969,-3.4981,-1.9049,-0.83901,-0.30949,0.17192,0.33823,0.1696,-0.20892,-1.1851,-2.9229,-5.0462,-9.9909,-17.344,-10.983,-4.7851,-1.3175,0.743,1.6622,2.2018,2.0041,1.3593,-0.27426,-2.8512,-4.5257,-3.8418,-0.47107,2.467,4.1375,5.7722,6.897,7.4631,7.9319,8.1287,8.0904,7.9305,7.5713,7.081,6.6445,6.0115,5.3675,4.9389,4.4257,3.9978,3.6258,3.3552,2.9622,2.4922,2.0958,1.556,1.027,0.65052,0.25458,-0.072002,-0.39309,-0.67491,-1.1623,-1.8923,-2.6428,-3.9584,-5.4246,-6.0439,-5.1861,-2.9337,-0.51714,1.0509,2.7419,4.0025,4.6956,5.303,5.5849,5.5503,5.3276,4.8029,4.0695,3.4249,2.5326,1.7382,1.2983,0.95415,0.93778,1.1812,1.4875,2.0004,2.5993,3.0684,3.7138,4.3145,4.829
-10.192,-9.6196,-9.259,-9.4059,-9.4007,-8.3682,-6.0713,-4.1135,-1.783,0.036187,1.3301,1.9529,2.3497,2.2453,1.8304,0.74896,-1.0221,-2.9372,-6.3245,-9.1507,-7.4008,-4.8988,-2.0939,-0.077479,1.1041,2.2448,3.1055,3.5342,4.002,4.2797,4.3833,4.3658,4.2054,3.9486,3.7126,3.3718,2.9545,2.4663,1.9819,1.0082,-0.56217,-2.3707,-5.9411,-10.885,-10.976,-6.3873,-3.1897,-1.4326,-0.77214,-0.62208,-1.2268,-2.0928,-3.835,-6.1959,-8.1505,-9.9528,-9.806,-8.6689,-7.8858,-7.2737,-7.1236,-7.2419,-7.3945,-7.1215,-6.0056,-4.7677,-2.9132,-1.2961,-0.26583,0.77116,1.4775,1.7898,1.9793,1.9332,1.6875,1.3813,0.94566,0.53073,0.33081,0.22173,0.3162,0.45172,0.71462,0.93759,1.0778,1.1202,1.061,0.91207,0.72898,0.51877,0.29285,0.035347,-0.15725,-0.42879,-0.61836,-0.78479,-0.78762,-0.63401,-0.46463,-0.23851,-0.068903,-0.060344,-0.20304,-0.60091,-1.2916,-2.0171,-3.1304,-4.1225,-4.3664,-4.0142,-2.9245,-1.621,-0.75691,0.32901,1.2194,1.7698,2.272,2.551,2.5784,2.4236,2.0108,1.3691,0.82208,0.1877,0.083265,0.48011,1.4948,2.6703,3.7081,4.3059,4.8281,5.0455,5.0335,4.8678,4.7398,4.8137,5.1477,5.8278,6.6775,7.3041,8.0218,8.538,8.7787,8.8793,8.7372,8.352,7.9002,7.0629,5.9533,4.9455,3.4344,1.8815,0.89071,0.12503,0.07441,0.36164,0.56522,0.64167,0.42517,0.1004,-0.48275,-1.072,-1.4246,-1.5839,-1.4706,-1.2625,-1.1619,-1.3381,-1.9725,-2.9278,-5.0943,-9.0158,-14.235,-10.768,-4.62,-0.73011,1.3483,3.3878,4.8234,5.5856,6.2711,6.619,6.6777,6.5633,6.2076,5.6901,5.2071,4.4722,3.691,3.1101,2.367,1.7232,1.2349,1.0434,1.0714,1.473,1.9704,2.7607,3.5288,4.1493
-3.8281,-3.8733,-3.6456,-3.1926,-2.6883,-1.8348,-0.79862,0.036064,1.1163,2.0318,2.676,2.9592,2.9954,2.6215,2.0333,0.78685,-1.0913,-3.0037,-6.1182,-8.4963,-7.4793,-5.5098,-3.2056,-1.4772,-0.48412,0.53226,1.2915,1.6863,2.0271,2.0821,1.8325,1.4201,0.57657,-0.55193,-1.4358,-2.3824,-2.5818,-2.2337,-1.9353,-1.9356,-2.5034,-3.4166,-5.115,-6.6354,-6.5554,-4.8294,-2.877,-1.4813,-0.86159,-0.55175,-0.752,-1.2079,-2.0457,-3.0761,-3.843,-4.7423,-5.354,-5.6163,-5.6704,-5.482,-5.0714,-4.6641,-3.9924,-3.1557,-2.1467,-1.3233,-0.26733,0.75694,1.4848,2.2653,2.8381,3.148,3.3991,3.4962,3.4621,3.3732,3.1782,2.9403,2.7547,2.4798,2.1667,1.8975,1.4709,0.92359,0.22213,-0.38454,-1.2713,-2.1304,-2.6602,-3.0369,-3.0579,-2.8283,-2.5659,-2.2263,-1.9425,-1.7804,-1.5622,-1.281,-1.0172,-0.73135,-0.46678,-0.27659,-0.20286,-0.21175,-0.34472,-0.50843,-0.75875,-0.96923,-1.0734,-1.0868,-0.90028,-0.54825,-0.19955,0.37716,1.0125,1.4983,2.0804,2.5819,2.9705,3.1691,3.3218,3.3849,3.41,3.4847,3.6465,3.8464,4.2274,4.6742,5.1503,5.4868,5.8852,6.2167,6.4221,6.6648,6.9013,7.021,7.2732,7.5289,7.7767,7.9312,8.0569,8.0587,7.9703,7.7068,7.2494,6.5711,5.8853,4.6783,3.0182,1.3659,-1.6407,-6.2361,-12.029,-16.103,-8.6511,-5.1754,-3.8617,-3.1667,-3.3852,-4.104,-5.8772,-8.4871,-10.219,-9.9094,-7.1595,-4.6681,-3.3313,-2.1734,-1.602,-1.4739,-1.5619,-1.6772,-1.4347,-0.85165,0.32369,1.7262,2.7238,3.873,4.7629,5.2514,5.6695,5.8303,5.7609,5.5694,5.144,4.5226,3.9427,3.0269,1.9366,0.98437,-0.45096,-2.1708,-4.1557,-5.6214,-6.5904,-5.4703,-3.8135,-1.6083,0.18248,1.4636
-3.0971,-2.8615,-2.3155,-1.5828,-0.97842,-0.12094,0.7439,1.3569,2.0945,2.6871,3.0731,3.2113,3.1649,2.8318,2.3879,1.5638,0.51074,-0.37577,-1.5317,-2.4825,-3.0803,-3.3024,-3.4193,-3.3501,-3.2055,-2.7714,-2.2458,-1.7729,-1.3699,-1.2522,-1.5765,-2.2259,-3.7837,-6.5991,-10.103,-20.577,-15.321,-8.4488,-5.8419,-3.7547,-2.628,-2.1557,-1.8342,-1.5957,-1.3752,-1.005,-0.60704,-0.30755,-0.21797,-0.31662,-0.67146,-1.1241,-1.9621,-3.0105,-3.9054,-5.2061,-6.5302,-7.6521,-8.1437,-8.0861,-7.2437,-6.2908,-4.877,-3.4688,-2.1643,-1.2644,-0.21743,0.69108,1.2564,1.876,2.3323,2.5765,2.7699,2.829,2.7844,2.7107,2.5378,2.3057,2.0679,1.6912,1.2004,0.74635,-0.073515,-1.1759,-2.6646,-4.1186,-6.5999,-9.7669,-12.074,-13.058,-11.091,-8.9511,-7.8009,-6.7501,-6.1698,-5.7889,-5.4901,-5.1751,-4.8397,-4.2252,-3.539,-2.8686,-2.4289,-2.0002,-1.7513,-1.6751,-1.7301,-1.9495,-2.2555,-2.6704,-3.1194,-3.4333,-3.406,-3.096,-2.3674,-1.672,-0.61499,0.35908,1.1764,1.6755,2.1737,2.521,2.6966,2.8718,3.0007,3.1032,3.2603,3.4751,3.7405,3.979,4.3441,4.7332,5.0296,5.4021,5.6985,5.8792,6.0613,6.1369,6.097,5.9904,5.7476,5.3999,5.0723,4.5793,4.0167,3.3545,2.7717,1.8095,0.57038,-0.58046,-2.4677,-4.6153,-6.0795,-6.9279,-6.3485,-5.3786,-4.8666,-4.6829,-5.1472,-6.0025,-7.86,-10.658,-12.8,-12.2,-8.7089,-5.7314,-4.0879,-2.4664,-1.3596,-0.74454,-0.13292,0.3588,0.83495,1.2077,1.7485,2.2943,2.6649,3.0929,3.4017,3.5363,3.5624,3.4174,3.0943,2.7277,2.1004,1.2871,0.56994,-0.52242,-1.7922,-2.8786,-4.6051,-6.8211,-9.8994,-13.258,-18.328,-13.374,-9.2318,-5.462,-2.8904,-1.1558
