0.73868,1.1096,1.5531,1.9284,2.161,2.4112,2.5915,2.6767,2.7278,2.7025,2.5984,2.4644,2.213,1.8701,1.5478,1.0311,0.41204,-0.12407,-0.94752,-1.9048,-3.017,-3.966,-5.414,-7.1052,-8.5754,-10.855,-13.532,-15.676,-17.735,-17.292,-15.287,-13.729,-11.943,-10.512,-9.6127,-8.5766,-7.7335,-7.0455,-6.5527,-5.9188,-5.3324,-4.9299,-4.4337,-3.9996,-3.7123,-3.389,-3.138,-2.972,-2.905,-2.9022,-2.9966,-3.1376,-3.4194,-3.827,-4.238,-4.9056,-5.6972,-6.5473,-7.1415,-7.6858,-7.6887,-7.2647,-6.2451,-4.9481,-3.6148,-2.6658,-1.5154,-0.50457,0.15579,0.91447,1.5404,1.9292,2.3431,2.644,2.8314,2.9019,2.9065,2.8083,2.6725,2.4016,2.0329,1.6915,1.1499,0.50515,-0.23883,-0.86488,-1.7948,-2.8191,-3.6369,-4.8043,-6.0075,-7.2119,-8.0587,-9.045,-9.7702,-10.097,-10.19,-9.9613,-9.6356,-9.073,-8.3966,-7.6728,-7.1158,-6.3582,-5.5852,-5.0012,-4.217,-3.4325,-2.8493,-2.0815,-1.3271,-0.59462,-0.068717,0.61167,1.2775,1.7477,2.3317,2.8765,3.3789,3.7271,4.1547,4.5356,4.7885,5.0834,5.3299,5.4822,5.6402,5.7433,5.7892,5.7821,5.716,5.5819,5.4335,5.1702,4.8238,4.5041,3.9908,3.3711,2.6256,1.9726,0.96434,-0.23653,-1.289,-2.9516,-5.0047,-7.6313,-10.215,-15.239,-25.879,-26.123,-16.46,-12.373,-10.501,-8.8395,-7.7897,-7.1788,-6.9425,-6.8732,-7.0596,-7.3583,-7.9607,-8.7972,-9.5368,-10.658,-11.898,-13.106,-13.876,-14.415,-14.263,-13.742,-12.781,-11.77,-10.857,-10.276,-9.6289,-9.1093,-8.8057,-8.5104,-8.2775,-8.1126,-7.8797,-7.6063,-7.2743,-6.9741,-6.5052,-5.9703,-5.5087,-4.8442,-4.1241,-3.5515,-2.7601,-1.9827,-1.228,-0.67715,0.029792,0.70721,1.1966,1.818,2.3938,2.9318
-1.7079,-0.91791,-0.0036333,0.76564,1.2563,1.8021,2.2306,2.4773,2.71,2.8355,2.8538,2.7967,2.6262,2.3461,2.0635,1.5891,1.0023,0.48654,-0.30064,-1.1999,-2.2067,-3.0251,-4.1783,-5.3712,-6.2568,-7.3727,-8.3537,-8.9811,-9.6862,-10.306,-10.943,-11.505,-12.465,-13.817,-15.209,-17.862,-22.264,-30.659,-27.971,-20.231,-15.923,-13.692,-11.44,-9.7491,-8.7467,-7.6817,-6.8697,-6.2672,-5.9289,-5.6096,-5.4318,-5.3857,-5.426,-5.5764,-5.7556,-6.0748,-6.4691,-6.9065,-7.2223,-7.5385,-7.5996,-7.3981,-6.7533,-5.7536,-4.5566,-3.6196,-2.4067,-1.2907,-0.5376,0.34239,1.0766,1.5312,2.0087,2.3403,2.5287,2.5764,2.514,2.3089,2.0605,1.6008,0.99045,0.42966,-0.46229,-1.5296,-2.7865,-3.8617,-5.4922,-7.3736,-8.955,-11.276,-13.709,-15.843,-16.843,-17.155,-16.815,-16.53,-16.385,-16.656,-17.198,-18.494,-20.657,-24.152,-27.335,-25.856,-20.662,-17.651,-14.609,-12.282,-10.85,-9.2582,-7.9276,-6.7978,-6.0565,-5.1813,-4.4106,-3.888,-3.2419,-2.6382,-2.0537,-1.6282,-1.072,-0.52549,-0.12339,0.3983,0.90179,1.2629,1.7169,2.1357,2.512,2.7639,3.0561,3.2937,3.4335,3.5674,3.6387,3.6499,3.6091,3.504,3.3359,3.1704,2.9025,2.5911,2.3375,1.9882,1.6466,1.3404,1.1476,0.95543,0.84573,0.81308,0.82528,0.87881,0.93005,0.99061,1.0253,1.0193,0.9824,0.88555,0.73575,0.59215,0.3618,0.09299,-0.12718,-0.43837,-0.7599,-1.0844,-1.3272,-1.6482,-1.9696,-2.2111,-2.5468,-2.9017,-3.2961,-3.6284,-4.1393,-4.7399,-5.2596,-6.0735,-7.0527,-7.9237,-9.3191,-11.061,-13.272,-15.278,-17.988,-18.247,-16.22,-13,-10.255,-8.5362,-6.6105,-5.0063,-3.6487,-2.7602,-1.7215,-0.82341,-0.23011,0.47038,1.0805,1.6127
-2.687,-2.0752,-1.3082,-0.59639,-0.10228,0.49719,1.0223,1.3629,1.7432,2.0303,2.2228,2.3025,2.3199,2.2371,2.1102,1.8574,1.5139,1.2008,0.71759,0.16787,-0.43298,-0.91136,-1.5692,-2.2382,-2.7382,-3.3998,-4.0469,-4.5229,-5.1471,-5.7716,-6.3868,-6.8524,-7.4799,-8.1042,-8.5562,-9.1071,-9.5499,-9.8269,-9.902,-9.8265,-9.5863,-9.3302,-8.9578,-8.6013,-8.3592,-8.1009,-7.9757,-7.9845,-8.0794,-8.3402,-8.7539,-9.1638,-9.8137,-10.516,-10.993,-11.404,-11.359,-10.774,-10.038,-8.8317,-7.5084,-6.5082,-5.2052,-3.9587,-2.7786,-1.9445,-0.908,0.030858,0.66268,1.4045,2.0227,2.4008,2.7876,3.0377,3.147,3.136,2.9987,2.7214,2.423,1.9086,1.2648,0.70197,-0.14746,-1.0957,-2.1226,-2.9263,-4.0186,-5.1019,-5.8893,-6.8698,-7.742,-8.4983,-8.9834,-9.5424,-10.016,-10.345,-10.777,-11.219,-11.56,-12.039,-12.497,-12.863,-13.033,-13.074,-12.891,-12.659,-12.227,-11.717,-11.352,-10.938,-10.652,-10.523,-10.522,-10.688,-11.019,-11.358,-11.869,-12.31,-12.476,-12.31,-11.661,-10.673,-9.8094,-8.6297,-7.5061,-6.7125,-5.7377,-4.8539,-4.0475,-3.4852,-2.7824,-2.1247,-1.6563,-1.0666,-0.51462,-0.12464,0.36285,0.81205,1.2214,1.5029,1.8458,2.1548,2.3644,2.6167,2.8404,3.0381,3.1699,3.3237,3.4515,3.5293,3.6087,3.6553,3.6684,3.6536,3.6017,3.5111,3.4163,3.2566,3.0625,2.8952,2.6471,2.3757,2.1586,1.8559,1.5395,1.2108,0.95433,0.59766,0.22156,-0.073459,-0.4906,-0.93272,-1.4116,-1.793,-2.3349,-2.9123,-3.3632,-3.9783,-4.5936,-5.0449,-5.604,-6.0911,-6.4733,-6.6633,-6.7669,-6.6747,-6.4818,-6.0747,-5.5379,-5.0751,-4.4131,-3.7434,-3.0997,-2.6517,-2.128,-1.7083,-1.4735,-1.2739,-1.2197,-1.3175
-5.3069,-5.1534,-4.5883,-3.653,-2.8001,-1.6049,-0.46238,0.31638,1.2159,1.9404,2.4879,2.7828,3.0232,3.0958,3.045,2.8422,2.4911,2.1362,1.5525,0.86329,0.084605,-0.5388,-1.3968,-2.2442,-2.842,-3.5633,-4.1666,-4.5293,-4.9168,-5.2153,-5.4604,-5.6328,-5.864,-6.1082,-6.306,-6.5816,-6.8586,-7.1111,-7.2749,-7.4456,-7.5506,-7.5877,-7.5924,-7.5546,-7.4947,-7.4124,-7.3949,-7.4687,-7.5822,-7.8464,-8.2867,-8.7591,-9.6122,-10.725,-11.717,-13.054,-13.69,-12.763,-11.225,-8.8524,-6.5798,-5.0337,-3.1854,-1.5601,-0.12963,0.83006,1.9761,2.9706,3.6209,4.3639,4.9662,5.3219,5.6685,5.8666,5.9118,5.8429,5.6107,5.2134,4.8034,4.1056,3.228,2.4469,1.2357,-0.1828,-1.8169,-3.1857,-5.1922,-7.3366,-8.9054,-10.59,-11.355,-11.176,-10.707,-9.9899,-9.3717,-9.0262,-8.7342,-8.5981,-8.58,-8.65,-8.7806,-8.9386,-9.0635,-9.1878,-9.2897,-9.3544,-9.4038,-9.4209,-9.4331,-9.4907,-9.6392,-9.9389,-10.298,-11.018,-12.089,-13.173,-15.071,-17.503,-19.885,-20.419,-18.762,-16.442,-15.007,-13.655,-12.751,-12.304,-11.913,-11.617,-11.23,-10.8,-9.9984,-8.9826,-8.1569,-7.0374,-5.9536,-5.1782,-4.1932,-3.2515,-2.3374,-1.667,-0.78855,0.066228,0.68477,1.4648,2.181,2.824,3.2523,3.7443,4.1387,4.3693,4.5866,4.6999,4.716,4.6482,4.481,4.2216,3.9711,3.572,3.1154,2.747,2.2442,1.7583,1.4241,1.0397,0.73613,0.50669,0.37196,0.21994,0.066641,-0.068813,-0.29712,-0.6057,-1.0062,-1.3775,-1.9739,-2.7043,-3.3432,-4.3316,-5.4895,-6.4679,-7.9101,-9.4641,-10.915,-11.657,-11.745,-10.781,-9.6622,-8.0428,-6.485,-5.4215,-4.1536,-3.0483,-2.0978,-1.4849,-0.80272,-0.28808,-0.0099608,0.20398,0.22716,0.04359
-9.2702,-11.223,-11.043,-7.8113,-5.3597,-2.6905,-0.62616,0.61011,1.9212,2.9094,3.6222,3.9886,4.2724,4.329,4.2243,3.8904,3.3231,2.7345,1.7185,0.40349,-1.2657,-2.8115,-5.388,-8.7786,-12.023,-16.259,-15.084,-12.493,-9.8824,-8.2066,-7.2031,-6.7736,-6.5417,-6.6451,-6.9099,-7.5139,-8.3742,-9.4569,-10.381,-11.644,-12.701,-13.141,-13.054,-12.3,-11.517,-10.432,-9.4477,-8.6302,-8.0721,-7.4473,-6.9676,-6.6779,-6.351,-6.0333,-5.7812,-5.3948,-4.8928,-4.2403,-3.6508,-2.7377,-1.7157,-0.89497,0.24046,1.3897,2.5147,3.3302,4.3599,5.3032,5.9441,6.7018,7.3386,7.7305,8.1325,8.3906,8.4975,8.4745,8.3015,7.9604,7.5891,6.9373,6.0987,5.34,4.1427,2.7199,1.0571,-0.35352,-2.4313,-4.61,-6.1053,-7.4574,-7.728,-7.2441,-6.7394,-6.1585,-5.7979,-5.6981,-5.7892,-6.117,-6.5221,-7.2702,-8.2667,-9.5132,-10.574,-12.086,-13.402,-13.873,-13.501,-12.329,-11.297,-10.035,-9.0253,-8.299,-7.9234,-7.6341,-7.549,-7.5982,-7.775,-8.0368,-8.3456,-8.5871,-8.9242,-9.3194,-9.7187,-10.477,-11.59,-12.743,-14.985,-18.484,-23.827,-25.243,-20.094,-16.197,-14.276,-12.604,-11.655,-11.314,-11.194,-11.212,-10.846,-10.023,-8.184,-5.9586,-4.3034,-2.2835,-0.54258,0.92264,1.8495,2.8746,3.6687,4.1201,4.5349,4.7405,4.7549,4.5878,4.1965,3.576,2.9464,1.8637,0.46772,-0.81659,-2.8766,-5.3094,-7.1315,-8.5137,-7.7719,-6.0173,-4.7443,-3.3741,-2.3899,-1.8686,-1.4392,-1.2659,-1.3219,-1.4994,-1.9078,-2.5056,-3.0861,-4.035,-5.1932,-6.2057,-7.7517,-9.4943,-11.217,-12.161,-12.337,-11.19,-9.8725,-8.003,-6.2549,-5.0661,-3.6459,-2.3944,-1.2951,-0.56481,0.28331,0.99632,1.4453,1.935,2.3012,2.5659
-1.6977,-1.689,-1.5015,-1.1102,-0.7047,-0.065118,0.62327,1.1363,1.7731,2.3174,2.7416,2.9683,3.1354,3.1392,3.0277,2.7239,2.2317,1.7359,0.90518,-0.12671,-1.3472,-2.3743,-3.8287,-5.254,-6.1788,-7.0346,-7.3613,-7.3234,-7.1002,-6.8903,-6.8259,-6.9143,-7.2384,-7.8198,-8.4306,-9.5132,-10.937,-12.784,-14.488,-17.166,-20.012,-21.405,-20.707,-18.536,-16.998,-15.31,-13.974,-12.921,-12.261,-11.485,-10.859,-10.446,-9.9644,-9.5247,-9.2217,-8.8433,-8.4453,-7.9891,-7.5652,-6.8497,-5.9275,-5.096,-3.8316,-2.4535,-1.035,0.01583,1.3634,2.6128,3.4705,4.4959,5.3778,5.9411,6.5568,7.0146,7.3152,7.4381,7.4657,7.3394,7.1459,6.7617,6.2419,5.7698,5.0436,4.2234,3.335,2.6406,1.7065,0.79667,0.15376,-0.63485,-1.3366,-1.9703,-2.4195,-3.0138,-3.6275,-4.1234,-4.8502,-5.6723,-6.3782,-7.4704,-8.7809,-10.337,-11.604,-13.364,-14.861,-15.335,-14.678,-13.084,-11.748,-10.118,-8.7704,-7.7074,-7.0718,-6.4021,-5.9197,-5.6783,-5.4912,-5.4484,-5.5412,-5.6891,-5.9908,-6.4123,-6.8134,-7.452,-8.1973,-8.8268,-9.7318,-10.596,-11.329,-11.753,-12.159,-12.422,-12.562,-12.783,-13.123,-13.52,-14.314,-15.392,-16.37,-16.266,-14.305,-11.281,-9.045,-6.4068,-4.1923,-2.3762,-1.2391,0.010311,0.97889,1.5328,2.0562,2.3442,2.4075,2.2916,1.9364,1.3404,0.73033,-0.3108,-1.6108,-2.7551,-4.4703,-6.2419,-7.3608,-8.1198,-7.8685,-7.0487,-6.3633,-5.5554,-4.9481,-4.6243,-4.3694,-4.2935,-4.3752,-4.5285,-4.8456,-5.2904,-5.707,-6.3627,-7.0943,-7.6671,-8.4473,-9.2231,-9.9108,-10.325,-10.641,-10.635,-10.393,-9.7595,-8.8533,-8.0565,-6.9157,-5.761,-4.65,-3.8843,-2.9749,-2.1933,-1.6928,-1.1242,-0.66407,-0.29266
-1.9865,-1.9637,-1.8308,-1.5667,-1.2847,-0.81169,-0.25499,0.19058,0.78494,1.337,1.8112,2.1001,2.3761,2.5156,2.5257,2.4138,2.1602,1.8791,1.3927,0.80031,0.13177,-0.40396,-1.1335,-1.8501,-2.3598,-2.9803,-3.5257,-3.8884,-4.3296,-4.7597,-5.2047,-5.5769,-6.1413,-6.8029,-7.3629,-8.2167,-9.1871,-10.271,-11.126,-12.249,-13.326,-14.091,-15.03,-15.873,-16.466,-17.206,-17.748,-17.91,-17.681,-16.928,-16.07,-15.363,-14.509,-13.889,-13.622,-13.596,-14.009,-14.998,-16.22,-18.496,-19.75,-17.738,-13.369,-9.5078,-6.367,-4.3794,-2.1048,-0.17734,1.0761,2.5243,3.745,4.5177,5.3701,6.0295,6.5045,6.7458,6.9204,6.9338,6.8438,6.5975,6.2167,5.8511,5.2748,4.6086,3.875,3.2899,2.479,1.6483,1.0207,0.18755,-0.63454,-1.4497,-2.057,-2.8656,-3.6732,-4.2901,-5.1215,-5.9585,-6.5765,-7.3589,-8.0612,-8.6356,-8.9271,-9.1295,-9.1244,-8.982,-8.6044,-8.0511,-7.5566,-6.8461,-6.1186,-5.4231,-4.947,-4.3834,-3.9295,-3.6727,-3.431,-3.3097,-3.3074,-3.3866,-3.6066,-3.9507,-4.2923,-4.8636,-5.564,-6.1746,-7.0888,-8.11,-9.2665,-10.225,-11.607,-13.031,-14.037,-15.042,-15.325,-14.975,-14.004,-12.718,-11.333,-10.261,-8.8007,-7.3016,-6.1756,-4.7165,-3.3526,-2.1167,-1.291,-0.33905,0.43198,0.88506,1.3268,1.5881,1.6679,1.6238,1.4123,1.0394,0.66166,0.04235,-0.68155,-1.2675,-2.0768,-2.8756,-3.4389,-4.123,-4.7081,-5.2064,-5.5418,-5.9555,-6.3511,-6.6431,-7.0229,-7.3949,-7.7437,-7.9959,-8.3315,-8.6745,-8.9361,-9.3517,-9.8651,-10.361,-11.185,-12.265,-13.723,-15.178,-17.788,-21.595,-24.453,-22.081,-17.3,-14.544,-11.736,-9.5995,-7.9389,-6.951,-5.9281,-5.1815,-4.7787,-4.4239,-4.2707,-4.2845
-5.2223,-5.716,-6.2126,-6.2493,-5.8326,-4.7167,-3.255,-2.1164,-0.69593,0.53563,1.5431,2.1495,2.7611,3.1567,3.3119,3.3399,3.1794,2.9443,2.4898,1.8949,1.1859,0.59769,-0.23002,-1.0652,-1.6598,-2.3769,-2.9901,-3.3704,-3.7789,-4.0973,-4.3616,-4.5571,-4.8466,-5.2127,-5.5463,-6.0883,-6.7315,-7.4945,-8.1623,-9.1622,-10.277,-11.236,-12.701,-14.496,-16.155,-19.038,-23.27,-29.459,-28.917,-22.824,-18.993,-16.994,-15.006,-13.679,-13.043,-12.558,-12.428,-12.623,-12.896,-13.196,-12.98,-12.204,-10.352,-8.016,-5.6124,-3.8905,-1.7565,0.16273,1.4604,2.9952,4.3157,5.1632,6.1085,6.845,7.3774,7.6454,7.8328,7.8314,7.7117,7.3995,6.9188,6.4555,5.7106,4.8399,3.8675,3.0918,2.0243,0.95428,0.17681,-0.80227,-1.7032,-2.5344,-3.1316,-3.9348,-4.8006,-5.5196,-6.5951,-7.8092,-8.7997,-10.091,-11.169,-11.782,-11.747,-11.11,-10.037,-9.1348,-7.9221,-6.7663,-5.961,-4.9758,-4.0789,-3.2613,-2.7053,-2.049,-1.5003,-1.157,-0.79388,-0.54502,-0.41333,-0.39708,-0.49457,-0.72811,-0.99429,-1.473,-2.1039,-2.682,-3.607,-4.7438,-6.13,-7.3643,-9.3329,-11.84,-14.149,-17.486,-18.407,-16.411,-13.176,-10.484,-8.3239,-6.9615,-5.3956,-4.0307,-3.1076,-1.9909,-1.0005,-0.12648,0.45375,1.1224,1.6658,1.9896,2.2998,2.4705,2.5059,2.4336,2.2272,1.8911,1.5535,0.99088,0.31237,-0.26386,-1.1121,-2.0418,-2.7859,-3.8336,-4.9293,-6.0454,-6.8965,-8.05,-9.2222,-10.123,-11.313,-12.421,-13.292,-13.654,-13.639,-13.105,-12.535,-11.778,-11.193,-10.923,-10.747,-10.833,-11.18,-11.587,-12.228,-12.739,-12.809,-12.289,-11.186,-10.181,-8.8254,-7.6045,-6.6052,-6.0327,-5.4924,-5.2016,-5.1642,-5.3651,-5.8699,-6.725
-8.3911,-9.7292,-12.792,-18.04,-17.871,-10.99,-6.2166,-3.6552,-1.0773,0.84449,2.2817,3.0975,3.8777,4.3485,4.5155,4.4973,4.219,3.8428,3.1172,2.1323,0.88136,-0.23131,-1.9482,-3.8898,-5.4078,-7.2178,-8.2464,-8.2829,-7.6518,-6.772,-5.9706,-5.5021,-5.0655,-4.8349,-4.7951,-4.8999,-5.1639,-5.5938,-6.0295,-6.7595,-7.6151,-8.3366,-9.3831,-10.486,-11.293,-12.267,-13.007,-13.366,-13.342,-12.96,-12.266,-11.578,-10.66,-9.9063,-9.4599,-9.0293,-8.7643,-8.6312,-8.576,-8.5075,-8.3211,-7.9911,-7.1833,-5.9098,-4.2428,-2.8272,-0.87253,1.0291,2.3647,3.9843,5.3841,6.2806,7.2705,8.027,8.5487,8.7873,8.9007,8.7829,8.5446,8.0298,7.285,6.5725,5.4078,3.9861,2.2926,0.84218,-1.3167,-3.6161,-5.2442,-6.8013,-7.2588,-6.955,-6.6153,-6.3509,-6.4214,-6.7269,-7.5388,-8.8871,-10.357,-13.088,-17.302,-22.253,-20.295,-15.31,-11.916,-10.067,-8.1804,-6.7213,-5.7933,-4.6934,-3.6837,-2.7378,-2.0631,-1.2144,-0.44022,0.088563,0.70669,1.1925,1.5372,1.7026,1.7929,1.7409,1.6069,1.3049,0.86723,0.45697,-0.19058,-0.93761,-1.7419,-2.367,-3.1966,-3.9636,-4.4348,-4.8581,-4.9973,-4.9036,-4.5433,-3.9954,-3.3486,-2.8328,-2.1378,-1.4605,-0.97384,-0.35138,0.23311,0.78467,1.1692,1.6245,2.0052,2.2437,2.4831,2.6158,2.6304,2.5342,2.3028,1.9346,1.5661,0.95142,0.16948,-0.53058,-1.6211,-2.9075,-4.0017,-5.6561,-7.5215,-9.5205,-11.048,-12.941,-14.554,-15.636,-17.203,-19.515,-23.824,-30.416,-27.913,-19.755,-16.309,-13.192,-11.039,-9.8425,-8.6841,-7.8571,-7.279,-6.9612,-6.6212,-6.303,-6.0587,-5.7131,-5.3282,-5.0327,-4.6211,-4.2424,-3.9635,-3.8448,-3.8074,-3.9456,-4.1957,-4.7285,-5.5012,-6.4844
-7.4362,-6.6076,-5.706,-4.8038,-4.0238,-2.7969,-1.423,-0.37851,0.93072,2.0752,3.0083,3.5532,4.0614,4.3146,4.34,4.1459,3.6884,3.1654,2.2175,0.9542,-0.65827,-2.1361,-4.5376,-7.6032,-10.454,-14.897,-17.218,-15.494,-12.544,-10.388,-8.9208,-8.1408,-7.3645,-6.8366,-6.569,-6.3892,-6.4029,-6.5863,-6.8579,-7.4409,-8.237,-8.9951,-10.199,-11.586,-12.681,-14.011,-14.783,-14.605,-13.951,-12.684,-11.348,-10.391,-9.2972,-8.5151,-8.073,-7.7133,-7.6719,-7.9875,-8.5173,-9.7555,-11.928,-14.667,-21.526,-18.457,-10.749,-7.0099,-3.3107,-0.47318,1.2659,3.1964,4.7516,5.7015,6.7063,7.4267,7.8785,8.0477,8.0487,7.7958,7.4379,6.7379,5.7826,4.8914,3.4595,1.7182,-0.38182,-2.2478,-5.2173,-8.9157,-12.151,-15.104,-13.367,-10.67,-9.1623,-7.8196,-7.0563,-6.7695,-6.7274,-6.9788,-7.3507,-7.8914,-8.3651,-8.7472,-8.9366,-9.0084,-8.9544,-8.9118,-8.9427,-9.1019,-9.2072,-9.1083,-8.4829,-7.3171,-6.2153,-4.6765,-3.2248,-2.2493,-1.1422,-0.27008,0.37654,0.72065,1.0071,1.0968,1.0396,0.8135,0.42798,0.048259,-0.56389,-1.2537,-1.9595,-2.4806,-3.0988,-3.5805,-3.821,-4.0024,-4.028,-3.9762,-3.8548,-3.7234,-3.634,-3.6022,-3.598,-3.6158,-3.6237,-3.558,-3.3505,-2.985,-2.6279,-2.0975,-1.588,-1.2536,-0.90279,-0.68492,-0.60954,-0.63386,-0.80557,-1.1159,-1.44,-1.9946,-2.7182,-3.3799,-4.4621,-5.8126,-7.0458,-9.0882,-11.79,-15.54,-19.61,-29.062,-27.556,-22.221,-18.69,-16.812,-15.594,-14.809,-13.729,-12.381,-11.295,-9.9847,-8.8787,-8.1571,-7.3682,-6.8264,-6.4441,-6.2428,-6.0412,-5.9031,-5.7994,-5.6433,-5.4378,-5.2514,-4.9775,-4.7386,-4.5803,-4.5444,-4.6393,-4.9442,-5.3254,-6.0645,-7.0585,-8.318
-5.1427,-4.1916,-3.0491,-2.0141,-1.2875,-0.36513,0.5092,1.1253,1.8749,2.5259,3.0482,3.3397,3.5802,3.6334,3.544,3.2444,2.7269,2.1885,1.2778,0.14094,-1.2071,-2.3465,-4.0025,-5.7459,-7.0299,-8.5971,-9.8945,-10.645,-11.342,-11.712,-11.766,-11.624,-11.191,-10.563,-10.051,-9.4113,-8.9652,-8.7222,-8.6708,-8.8515,-9.3701,-10.01,-11.261,-13.126,-15.091,-18.821,-23.268,-21.202,-17.602,-13.936,-11.37,-9.9229,-8.5134,-7.516,-6.9364,-6.399,-6.1386,-6.1164,-6.2304,-6.521,-6.8618,-7.0545,-6.9602,-6.1718,-4.7019,-3.329,-1.4112,0.42102,1.6714,3.1397,4.3608,5.1127,5.9004,6.4291,6.6996,6.7364,6.5673,6.1508,5.6706,4.8127,3.71,2.7347,1.2595,-0.38258,-2.1405,-3.4744,-5.163,-6.5885,-7.3788,-7.9984,-8.1186,-7.8599,-7.5182,-6.9912,-6.4983,-6.1981,-5.9376,-5.7957,-5.7973,-5.9061,-6.0905,-6.4209,-6.7587,-7.3339,-8.1419,-8.9637,-10.503,-12.843,-15.54,-22.145,-26.637,-16.578,-12.634,-9.1097,-6.624,-5.1919,-3.7238,-2.635,-1.8447,-1.4274,-1.0864,-0.98353,-1.0629,-1.3765,-1.939,-2.5308,-3.5649,-4.8906,-6.5281,-7.9015,-9.6087,-10.53,-10.406,-9.4413,-8.2596,-7.4962,-6.7812,-6.447,-6.5382,-6.9067,-7.8515,-9.3789,-10.955,-13.383,-14.654,-13.045,-11.141,-8.9601,-7.3927,-6.6136,-6.016,-5.792,-5.8058,-5.9629,-6.2067,-6.4776,-6.6629,-6.8837,-7.1229,-7.3563,-7.7949,-8.3963,-8.9478,-9.8056,-10.796,-11.794,-12.411,-12.941,-12.996,-12.744,-12.121,-11.358,-10.563,-9.9679,-9.2191,-8.5386,-8.0688,-7.5522,-7.1978,-7.0388,-7.0161,-7.22,-7.6552,-8.1454,-8.9709,-9.8702,-10.479,-10.872,-10.58,-9.9959,-9.0172,-8.0954,-7.3496,-6.9418,-6.649,-6.685,-6.8969,-7.4525,-8.4102,-9.8669
-2.6951,-2.1854,-1.5074,-0.83902,-0.34704,0.29811,0.93057,1.384,1.9525,2.4559,2.8584,3.0807,3.2614,3.2839,3.1879,2.8968,2.4118,1.916,1.0785,0.039394,-1.1966,-2.2521,-3.8035,-5.5275,-6.9242,-8.9166,-11.086,-12.886,-15.663,-19.024,-22.413,-22.897,-19.96,-16.651,-14.627,-12.461,-10.798,-9.5875,-8.918,-8.3024,-7.9826,-7.9118,-8.006,-8.2576,-8.4795,-8.7136,-8.7518,-8.4803,-8.0871,-7.3932,-6.6385,-6.0906,-5.4653,-4.9202,-4.5839,-4.2642,-4.0441,-3.8846,-3.7847,-3.6138,-3.3615,-3.0787,-2.5304,-1.7747,-0.82761,-0.019632,1.1314,2.2932,3.1338,4.1623,5.045,5.5885,6.1359,6.4642,6.5584,6.4673,6.1202,5.5161,4.8886,3.8118,2.4478,1.2299,-0.66262,-2.8727,-5.3925,-7.468,-10.273,-12.382,-12.871,-12.124,-10.733,-9.3535,-8.4446,-7.3991,-6.5283,-5.9943,-5.4219,-4.9839,-4.7488,-4.6282,-4.6663,-4.8175,-5.0088,-5.4024,-5.9688,-6.5013,-7.2691,-8.0398,-8.5791,-9.0862,-9.1189,-8.62,-8.0019,-6.9961,-5.9563,-5.2218,-4.3607,-3.6412,-3.062,-2.7338,-2.4509,-2.3495,-2.4011,-2.6546,-3.1559,-3.7184,-4.7698,-6.2703,-8.3451,-10.404,-13.919,-16.468,-15.044,-11.693,-9.0896,-7.7234,-6.5484,-5.9691,-5.8963,-6.1711,-6.9949,-8.3296,-9.6348,-11.48,-12.42,-11.627,-10.506,-9.1951,-8.3741,-8.1441,-8.3626,-9.2379,-10.339,-12.363,-14.667,-15.886,-15.322,-13.663,-12.153,-11.346,-10.713,-10.486,-10.499,-10.608,-10.731,-10.765,-10.704,-10.434,-9.9701,-9.5204,-8.8389,-8.1083,-7.384,-6.8802,-6.2497,-5.7655,-5.5123,-5.3055,-5.2554,-5.3656,-5.743,-6.4525,-7.5521,-8.7213,-10.913,-14.247,-18.173,-27.563,-20.921,-16.087,-12.347,-10.044,-8.5046,-7.692,-6.9686,-6.5687,-6.4338,-6.4846,-6.7558,-7.2009
-1.7652,-1.6307,-1.4688,-1.2689,-1.0517,-0.64593,-0.091188,0.41066,1.1328,1.8434,2.4778,2.8725,3.2523,3.4514,3.465,3.2946,2.9125,2.4843,1.7101,0.71046,-0.52255,-1.5976,-3.2331,-5.1196,-6.7142,-9.0448,-11.594,-13.626,-16.38,-18.897,-20.523,-20.551,-18.761,-16.129,-14.152,-11.853,-9.8726,-8.1757,-7.152,-6.0416,-5.1903,-4.6857,-4.1738,-3.7971,-3.5818,-3.3511,-3.156,-2.9692,-2.8391,-2.6635,-2.5123,-2.4251,-2.3572,-2.3071,-2.3621,-2.5338,-2.7824,-3.0978,-3.3586,-3.6701,-3.8045,-3.6768,-3.0856,-2.0343,-0.65924,0.46993,1.9761,3.393,4.3571,5.4798,6.3945,6.9355,7.4461,7.7155,7.7399,7.5907,7.1574,6.4503,5.7395,4.5433,3.0448,1.7033,-0.4003,-2.8914,-5.8587,-8.4847,-12.519,-15.98,-16.098,-13.831,-11.49,-9.639,-8.4964,-7.2308,-6.1797,-5.5049,-4.719,-4.1254,-3.7459,-3.3588,-3.1483,-3.0864,-3.1388,-3.3505,-3.6692,-3.9607,-4.4278,-4.9221,-5.278,-5.6767,-5.9464,-6.06,-6.0192,-5.813,-5.5146,-5.248,-4.8592,-4.4363,-4.0444,-3.7807,-3.4743,-3.2061,-3.0386,-2.8797,-2.8112,-2.8301,-2.9534,-3.1767,-3.461,-3.6943,-3.893,-3.8466,-3.633,-3.1723,-2.5975,-2.1771,-1.6986,-1.38,-1.2498,-1.2693,-1.4404,-1.7374,-2.0009,-2.3504,-2.6386,-2.8685,-3.0161,-3.2653,-3.7117,-4.2164,-5.1697,-6.5518,-7.983,-10.415,-13.029,-14.406,-13.925,-12.379,-11.126,-10.611,-10.446,-10.856,-11.534,-12.76,-14.045,-14.593,-14.065,-12.477,-10.58,-9.2404,-7.6663,-6.329,-5.2057,-4.505,-3.7227,-3.0949,-2.7453,-2.4344,-2.3107,-2.3562,-2.6053,-3.0397,-3.7051,-4.3227,-5.272,-6.2676,-6.942,-7.5558,-7.6832,-7.538,-7.1681,-6.7006,-6.214,-5.9075,-5.5449,-5.19,-4.9688,-4.7252,-4.5049,-4.3157
-1.9059,-2.4026,-3.4053,-4.7523,-5.7406,-6.2127,-5.0243,-3.4742,-1.3449,0.46433,1.8918,2.7262,3.5396,4.0416,4.2345,4.2595,4.0261,3.6856,3.0123,2.0929,0.91904,-0.13342,-1.7914,-3.7443,-5.457,-8.1286,-11.355,-14.286,-19.461,-26.332,-23.577,-19.47,-15.473,-12.519,-10.67,-8.4779,-6.6571,-5.0942,-4.0867,-2.9349,-1.9856,-1.3988,-0.77465,-0.30407,-0.044933,0.19159,0.32164,0.35359,0.33327,0.23191,0.067639,-0.090237,-0.35123,-0.71684,-1.0585,-1.5927,-2.3075,-3.317,-4.3684,-6.4092,-9.7737,-13.791,-14.806,-7.8266,-2.9998,-0.33826,2.4286,4.5886,5.9048,7.3252,8.4111,9.026,9.5935,9.8827,9.8988,9.7349,9.2868,8.5678,7.8526,6.6712,5.2358,3.9977,2.1399,0.099798,-2.0485,-3.6525,-5.6596,-7.3221,-8.2216,-8.9086,-9.0094,-8.6303,-8.0938,-7.1645,-6.1335,-5.3515,-4.3607,-3.4928,-2.9558,-2.3319,-1.8663,-1.6179,-1.5927,-1.7226,-2.0425,-2.4205,-3.1393,-4.0604,-4.8324,-5.9248,-6.9767,-7.7864,-8.0914,-8.0873,-7.7425,-7.4139,-6.9811,-6.6675,-6.4933,-6.3572,-6.0541,-5.5346,-4.9901,-4.129,-3.198,-2.5178,-1.6782,-0.93315,-0.27281,0.16757,0.73209,1.2614,1.6299,2.1044,2.5427,2.8327,3.1704,3.4329,3.5976,3.6591,3.6733,3.6155,3.5365,3.3915,3.2042,2.9664,2.7506,2.4227,2.0015,1.6064,0.98167,0.25464,-0.33569,-1.1663,-1.9517,-2.614,-3.0444,-3.5671,-4.1401,-4.699,-5.6964,-7.0809,-8.4951,-11.106,-14.618,-17.331,-16.003,-12.296,-9.2553,-7.4815,-5.5978,-4.0952,-2.8651,-2.0659,-1.179,-0.45034,0.018908,0.50628,0.81561,0.95031,1.0012,0.89609,0.65496,0.39398,-0.058159,-0.59726,-1.0367,-1.6434,-2.3014,-2.8263,-3.5687,-4.3452,-5.1477,-5.6832,-6.0958,-5.9785,-5.5352,-4.6227,-3.5716,-2.6097
-1.4395,-2.0783,-3.5431,-5.8538,-8.1212,-10.188,-7.9097,-5.2347,-2.279,-0.096173,1.5056,2.4041,3.2816,3.8456,4.0885,4.1907,4.039,3.7723,3.2139,2.4251,1.4118,0.49807,-0.89703,-2.4926,-3.8278,-5.7863,-7.8849,-9.4628,-11.346,-12.515,-12.475,-11.721,-10.207,-8.5733,-7.4137,-5.9074,-4.4375,-3.1834,-2.3387,-1.3489,-0.51514,-0.0083142,0.51632,0.8731,1.0261,1.0865,0.98879,0.74145,0.46381,-0.015203,-0.58439,-1.0465,-1.6629,-2.26,-2.5806,-2.8697,-3.1095,-3.3411,-3.5562,-3.9187,-4.2535,-4.2609,-3.4317,-1.597,0.71857,2.4585,4.5806,6.4095,7.5769,8.8656,9.8627,10.424,10.939,11.19,11.17,10.984,10.517,9.7907,9.0723,7.8839,6.4402,5.1918,3.2847,1.0957,-1.3538,-3.3872,-6.394,-9.7495,-12.418,-15.484,-16.392,-15.027,-13.57,-11.549,-9.6338,-8.2257,-6.5248,-4.9665,-3.9856,-2.9475,-2.1579,-1.6561,-1.4607,-1.4499,-1.7823,-2.2649,-3.2644,-4.7365,-6.2668,-9.1293,-13.567,-21.894,-25.388,-16.623,-12.748,-11.21,-10.349,-10.579,-11.821,-13.452,-16.14,-15.982,-13.194,-9.4236,-6.5137,-4.7824,-2.9128,-1.3877,-0.12001,0.73204,1.7495,2.6077,3.1736,3.8485,4.4104,4.7612,5.1325,5.3991,5.5734,5.6491,5.6899,5.673,5.6355,5.5655,5.48,5.3912,5.3125,5.1897,5.0466,4.9127,4.6597,4.3528,4.1,3.705,3.2354,2.7213,2.3,1.6744,0.96321,0.36501,-0.53997,-1.5305,-2.3088,-3.3492,-4.2738,-4.8983,-5.1338,-5.1298,-4.8575,-4.5238,-3.9529,-3.2443,-2.4486,-1.7933,-0.89382,-0.039621,0.5498,1.2535,1.8191,2.1612,2.4844,2.6396,2.6257,2.5159,2.2363,1.8115,1.385,0.64621,-0.30169,-1.1733,-2.6262,-4.6318,-7.5323,-10.776,-19.384,-20.774,-12.804,-7.6257,-4.524,-2.4517
0.82521,0.67358,0.30788,-0.13596,-0.42736,-0.63156,-0.55348,-0.31406,0.15525,0.71409,1.2752,1.6539,2.0894,2.4245,2.5817,2.6495,2.5386,2.3218,1.8511,1.1627,0.26481,-0.52416,-1.7275,-3.0315,-4.0394,-5.3609,-6.6019,-7.3922,-8.1892,-8.7087,-8.8587,-8.7221,-8.2814,-7.5776,-6.8703,-5.8511,-4.7934,-3.7007,-2.9162,-1.9756,-1.1984,-0.73591,-0.29332,-0.073666,-0.052241,-0.22412,-0.63016,-1.2751,-1.9308,-3.0301,-4.4146,-5.6624,-7.5677,-9.3679,-10.215,-9.9001,-8.1949,-6.1833,-4.7827,-3.1152,-1.6118,-0.51915,0.93053,2.4006,3.8841,4.9806,6.3748,7.6469,8.5,9.4774,10.254,10.697,11.09,11.252,11.187,10.981,10.492,9.7634,9.0554,7.8878,6.4554,5.2045,3.2884,1.046,-1.5714,-3.808,-7.2648,-11.423,-15.024,-19.715,-21.879,-21.903,-21.706,-20.326,-16.781,-13.901,-10.572,-7.9886,-6.3447,-4.6084,-3.3755,-2.5144,-2.079,-1.8061,-1.8781,-2.1296,-2.6997,-3.6265,-4.5389,-5.9474,-7.4312,-8.6547,-9.1321,-9.1082,-8.7262,-8.541,-8.6521,-9.2363,-10.275,-11.339,-12.63,-12.599,-11.557,-9.607,-7.7306,-6.493,-5.0047,-3.6165,-2.2647,-1.2684,-0.028123,1.1186,1.8987,2.7848,3.4865,3.8955,4.2733,4.4691,4.5083,4.4527,4.2824,4.0619,3.8974,3.7396,3.7105,3.8319,4.0063,4.2924,4.5982,4.8079,5.0292,5.1479,5.1562,5.0787,4.891,4.5822,4.2823,3.7889,3.1969,2.6912,1.9333,1.0783,0.4011,-0.55224,-1.5681,-2.6318,-3.4634,-4.635,-5.8494,-6.7314,-7.645,-7.8378,-7.0441,-6.0002,-4.3663,-2.7477,-1.6753,-0.46848,0.53078,1.1177,1.6981,2.081,2.2714,2.2857,2.1574,1.8567,1.5278,0.95464,0.22888,-0.42365,-1.4303,-2.5494,-3.6952,-4.504,-5.2366,-5.2082,-4.6678,-3.4958,-2.2563,-1.1398
3.8492,3.6906,3.3551,2.9121,2.5193,1.9294,1.2996,0.82647,0.23121,-0.24577,-0.49203,-0.45894,-0.16388,0.30032,0.65504,1.0138,1.1709,1.1084,0.76579,0.11844,-0.84249,-1.7516,-3.2332,-4.9502,-6.2825,-7.9849,-9.3813,-10.12,-10.701,-10.94,-11.097,-11.203,-11.232,-10.864,-10.17,-8.6739,-6.9904,-5.313,-4.1649,-2.8648,-1.8755,-1.3291,-0.8695,-0.7168,-0.80298,-1.1826,-1.8662,-2.8436,-3.7645,-5.2368,-7.0301,-8.6249,-11.209,-14.731,-17.185,-15.398,-11.092,-7.3925,-5.1607,-2.6748,-0.60252,0.77586,2.4414,3.9495,5.3408,6.3142,7.514,8.5937,9.3128,10.142,10.804,11.184,11.519,11.649,11.573,11.374,10.907,10.216,9.5556,8.4769,7.1694,6.0483,4.375,2.4916,0.41479,-1.2529,-3.5914,-6.0236,-7.8467,-10.256,-12.65,-15.061,-16.564,-16.848,-14.491,-12.133,-9.2964,-6.9266,-5.5822,-4.0909,-2.9142,-2.0317,-1.5459,-1.1326,-0.88379,-0.82382,-0.91272,-1.1257,-1.3425,-1.6943,-2.0904,-2.4409,-2.665,-2.9173,-3.1202,-3.305,-3.5927,-3.9346,-4.4088,-4.7946,-5.2978,-5.7892,-6.1764,-6.7766,-7.5238,-8.1785,-8.8435,-8.4508,-6.647,-4.8805,-2.6441,-0.72108,0.46518,1.6944,2.5602,2.9876,3.2865,3.2853,2.9695,2.5232,1.6445,0.46969,-0.5433,-1.7675,-2.202,-1.4214,-0.30064,1.3252,2.7381,3.6001,4.5136,5.1409,5.435,5.6372,5.6577,5.4997,5.2814,4.8761,4.3498,3.8867,3.1906,2.3765,1.6948,0.68206,-0.47741,-1.866,-3.0837,-5.0656,-7.6795,-10.356,-16.012,-25.376,-15.72,-11.168,-7.4337,-4.8633,-3.3442,-1.7261,-0.45489,0.28243,1.0167,1.5068,1.775,1.8359,1.7408,1.4687,1.1712,0.70874,0.19558,-0.19835,-0.6725,-1.0136,-1.2482,-1.3114,-1.2132,-0.95815,-0.65436,-0.17059,0.2918,0.72339
6.1855,5.8772,5.3246,4.5872,3.9001,2.7563,1.2743,-0.14557,-2.5948,-5.9203,-9.5247,-9.6435,-6.3545,-3.3482,-1.7331,-0.28693,0.51977,0.76501,0.65809,0.076345,-0.98728,-2.1412,-4.2048,-7.1111,-10.085,-15.928,-25.538,-21.676,-16.395,-14.301,-14.042,-14.986,-18.226,-28.276,-25.45,-14.954,-9.8136,-6.5011,-4.6608,-2.8834,-1.6504,-1.0334,-0.58256,-0.53139,-0.74691,-1.3814,-2.4109,-3.8317,-5.1557,-7.1843,-9.2123,-10.413,-11.047,-10.518,-9.4595,-7.9334,-6.1464,-4.2391,-2.8498,-1.103,0.51123,1.6283,3.0111,4.309,5.5492,6.4409,7.5848,8.6462,9.3744,10.233,10.936,11.35,11.741,11.927,11.893,11.728,11.315,10.674,10.05,9.0372,7.825,6.7927,5.2893,3.6816,1.9985,0.73469,-0.89171,-2.4035,-3.4259,-4.5913,-5.4876,-6.1125,-6.31,-6.2439,-5.8373,-5.3488,-4.6437,-3.756,-3.1469,-2.4893,-1.9182,-1.4347,-1.1321,-0.77829,-0.40559,-0.16596,0.070557,0.27542,0.40672,0.4956,0.5332,0.55205,0.53826,0.4936,0.41692,0.34731,0.2263,0.041501,-0.24971,-0.50734,-0.99272,-1.6929,-2.3945,-3.6788,-5.5897,-7.6296,-11.356,-12.998,-8.7874,-5.6854,-2.6504,-0.44763,0.76314,1.8944,2.6247,2.9196,3.0313,2.8397,2.2997,1.6419,0.34664,-1.6346,-3.8149,-8.2468,-12.654,-7.3651,-3.6454,-0.22129,2.1241,3.385,4.5737,5.3495,5.7079,5.9196,5.8723,5.6245,5.3309,4.8304,4.2439,3.7589,3.1093,2.4287,1.8794,1.0788,0.18459,-0.84918,-1.7337,-3.0397,-4.4545,-5.5043,-6.6838,-7.3329,-7.2629,-6.7778,-5.6444,-4.333,-3.3399,-2.0321,-0.89491,-0.18571,0.5599,1.0449,1.2174,1.177,0.86324,0.28782,-0.28244,-1.2236,-2.2018,-2.8258,-3.3216,-3.3218,-2.8617,-2.2923,-1.407,-0.55045,0.05174,0.73295,1.2818,1.6866
5.7211,5.3546,4.7663,4.0358,3.3786,2.3326,1.0314,-0.14252,-1.9987,-4.054,-5.6522,-5.7117,-4.3295,-2.5176,-1.3468,-0.16854,0.53871,0.78595,0.75668,0.32809,-0.49403,-1.3616,-2.8284,-4.6746,-6.2122,-8.1907,-9.6466,-10.118,-10.023,-9.7795,-9.7212,-9.7829,-9.9195,-9.822,-9.3006,-7.8182,-6.1145,-4.4416,-3.3674,-2.2105,-1.3674,-0.964,-0.72632,-0.83386,-1.1509,-1.9101,-3.0922,-4.8133,-6.5588,-9.7947,-14.933,-21.102,-19.239,-12.868,-9.8281,-7.2495,-5.3,-3.7856,-2.874,-1.8814,-1.0708,-0.53409,0.1614,0.98146,1.9935,2.8886,4.2015,5.5485,6.5163,7.6808,8.6588,9.2453,9.8186,10.151,10.226,10.112,9.7464,9.1253,8.4877,7.4219,6.1208,4.9848,3.2921,1.4422,-0.48994,-1.9097,-3.5688,-4.7572,-5.291,-5.5401,-5.4097,-5.1005,-4.8288,-4.4434,-4.0766,-3.8516,-3.6008,-3.5963,-3.6478,-3.8143,-4.1231,-4.4312,-4.5423,-4.3366,-3.8569,-3.3315,-2.5177,-1.7867,-1.3511,-0.89829,-0.56848,-0.37233,-0.26712,-0.13765,-0.0084625,0.1262,0.32697,0.51302,0.70289,0.78904,0.79761,0.68419,0.49983,0.13641,-0.313,-0.63637,-0.92672,-0.91712,-0.56284,-0.1345,0.51043,1.1098,1.4265,1.6808,1.7407,1.671,1.4472,1.1098,0.73234,0.43717,0.036732,-0.35648,-0.59665,-0.7306,-0.47939,0.19222,0.94843,2.0464,3.0465,3.6819,4.2935,4.6001,4.6485,4.4461,3.9396,3.1811,2.4653,1.3984,0.33579,-0.35111,-1.0262,-1.3544,-1.4793,-1.6106,-1.8404,-2.2237,-2.6547,-3.423,-4.4087,-5.2634,-6.5442,-7.9283,-9.1509,-9.7724,-9.603,-8.1473,-6.6981,-4.793,-3.2071,-2.2475,-1.2945,-0.75404,-0.61709,-0.79965,-1.411,-2.4981,-3.6937,-5.9219,-9.2002,-12.778,-19.243,-15.555,-10.292,-7.644,-5.1682,-3.3372,-2.2589,-1.1213,-0.21205,0.43017
2.9776,2.6144,2.1263,1.6488,1.3006,0.84771,0.41899,0.11649,-0.23325,-0.45887,-0.52831,-0.42263,-0.12143,0.30431,0.6447,1.0177,1.2494,1.305,1.1956,0.86609,0.33104,-0.19718,-1.0213,-1.9214,-2.6333,-3.5111,-4.2437,-4.6931,-5.0806,-5.2946,-5.3518,-5.2907,-5.1088,-4.7285,-4.386,-3.8367,-3.1591,-2.4853,-2.0459,-1.538,-1.1931,-1.05,-1.0182,-1.1812,-1.4335,-1.9383,-2.6469,-3.5285,-4.2714,-5.2856,-6.1337,-6.5137,-6.5191,-6.0012,-5.4804,-4.8029,-4.1338,-3.7457,-3.6566,-3.8674,-4.5403,-5.3914,-6.9419,-8.3882,-7.7841,-5.7116,-2.5242,0.24857,1.9746,3.8546,5.317,6.1683,7.0014,7.5138,7.7278,7.6871,7.3659,6.7492,6.084,4.9123,3.4121,2.0504,-0.13772,-2.8202,-6.1425,-9.2781,-14.694,-18.919,-16.264,-12.234,-9.545,-7.6437,-6.6018,-5.5713,-4.8744,-4.5909,-4.457,-4.8271,-5.4186,-6.6732,-8.7518,-12.059,-15.491,-17.184,-12.546,-9.655,-6.9451,-5.2506,-4.4784,-3.8793,-3.7275,-3.9162,-4.1617,-4.4232,-4.3329,-3.9375,-3.0399,-1.9178,-0.80575,-0.099072,0.69378,1.2944,1.6154,1.9,2.0572,2.1115,2.1267,2.0937,2.0186,1.9276,1.7408,1.3883,1.0097,0.34279,-0.57384,-1.3827,-2.5653,-3.645,-4.1873,-4.0945,-3.4033,-2.3842,-1.5703,-0.53221,0.43889,1.3075,1.9029,2.6177,3.1605,3.44,3.6182,3.5256,3.2341,2.5459,1.4556,-0.14624,-1.7623,-4.6421,-8.6467,-12.179,-13.274,-9.8975,-7.7994,-5.9769,-4.9902,-4.5822,-4.5748,-4.925,-5.6516,-6.4911,-8.0717,-10.418,-14.039,-18.567,-20.739,-13.777,-10.24,-7.0377,-4.8637,-3.6762,-2.6121,-2.0635,-1.9269,-2.1047,-2.7017,-3.7286,-4.7595,-6.4773,-8.5073,-9.9926,-11.293,-11.321,-10.254,-9.0889,-7.5623,-6.1246,-5.1127,-3.8755,-2.7911,-1.9421
-0.9219,-1.442,-2.0218,-2.3648,-2.4129,-2.1942,-1.7318,-1.2969,-0.68417,-0.081247,0.50893,0.90857,1.3904,1.8025,2.0574,2.2975,2.4164,2.4095,2.2623,1.9651,1.5203,1.0903,0.4065,-0.35573,-0.95491,-1.7732,-2.5152,-2.9929,-3.4924,-3.7463,-3.7375,-3.6026,-3.2789,-2.8268,-2.443,-1.9889,-1.564,-1.2166,-1.0121,-0.8359,-0.7819,-0.81819,-0.94545,-1.1538,-1.3379,-1.6094,-1.8813,-2.112,-2.2477,-2.3768,-2.4256,-2.407,-2.3169,-2.1567,-2.0988,-1.975,-1.9879,-2.2175,-2.5589,-3.3091,-4.4961,-5.7334,-7.9459,-10.289,-10.085,-7.7803,-4.3416,-1.4512,0.32712,2.275,3.8029,4.7133,5.6411,6.2393,6.5362,6.5606,6.3139,5.756,5.1326,4.0032,2.5233,1.1858,-0.95764,-3.4943,-6.3836,-8.705,-11.559,-13.088,-12.925,-11.468,-9.5512,-7.7145,-6.4798,-5.1195,-4.1506,-3.6629,-3.415,-3.4427,-3.8009,-4.689,-5.9839,-7.5614,-8.6007,-8.866,-7.9166,-6.7529,-5.4,-4.5332,-4.1828,-4.2239,-4.9366,-6.4301,-8.3597,-12.875,-20.933,-15.537,-8.5184,-4.4439,-1.77,-0.29535,1.2074,2.2918,2.8887,3.465,3.821,3.9633,4.0077,3.903,3.6456,3.3442,2.7801,1.9949,1.2547,-0.046407,-1.8204,-3.604,-6.9349,-12.732,-39.656,-16.091,-8.6449,-4.8287,-2.8687,-0.89993,0.58689,1.7722,2.4719,3.1924,3.7164,3.9454,4.0356,3.8778,3.5521,2.8463,1.7936,0.32213,-1.0571,-3.2944,-5.7727,-7.3439,-8.1624,-7.3631,-6.506,-5.5377,-4.8998,-4.5879,-4.5292,-4.6171,-4.8678,-5.1384,-5.5927,-6.075,-6.445,-6.5093,-6.2409,-5.4021,-4.5802,-3.4419,-2.4112,-1.7683,-1.1815,-0.88433,-0.90152,-1.1124,-1.6689,-2.5132,-3.3149,-4.5727,-6.0527,-7.1984,-8.7372,-10.126,-11.003,-11.234,-10.657,-9.246,-8.0362,-6.4278,-5.0754,-3.9505
-6.0928,-7.4326,-9.6578,-11.527,-11.322,-8.8065,-5.9624,-4.1431,-2.1655,-0.62682,0.6061,1.341,2.1361,2.7417,3.0701,3.3805,3.5273,3.5274,3.3924,3.1032,2.6334,2.1768,1.3886,0.3987,-0.47211,-1.8126,-3.3246,-4.4617,-5.7411,-6.2044,-5.6861,-4.8782,-3.6203,-2.5155,-1.8033,-1.0212,-0.52917,-0.28637,-0.23114,-0.34832,-0.65573,-0.97494,-1.5101,-2.0703,-2.4493,-2.7788,-2.8057,-2.5492,-2.2111,-1.6523,-1.0634,-0.64378,-0.16062,0.19984,0.40805,0.59174,0.5182,0.3012,0.014291,-0.50802,-1.1497,-1.6584,-2.2656,-2.5624,-2.4215,-1.9765,-0.98271,0.30337,1.3477,2.7229,3.9846,4.7985,5.684,6.3241,6.6797,6.7663,6.6456,6.2304,5.7333,4.8147,3.5694,2.4326,0.61938,-1.5838,-4.1967,-6.4714,-10.029,-13.925,-15.239,-12.617,-9.0182,-6.1105,-4.4034,-2.6236,-1.3248,-0.60811,-0.011172,0.32244,0.3968,0.28498,0.046481,-0.24603,-0.42704,-0.55675,-0.59618,-0.53026,-0.44197,-0.451,-0.52942,-0.84987,-1.4084,-2.2051,-2.9393,-3.8485,-4.0702,-3.5084,-2.0246,-0.20952,1.4385,2.5115,3.6891,4.5756,5.0795,5.5445,5.7994,5.8661,5.8061,5.5867,5.2148,4.839,4.2087,3.458,2.7725,1.7011,0.47893,-0.55269,-1.9456,-3.1664,-3.7553,-3.6071,-2.7315,-1.4824,-0.50907,0.74285,1.8695,2.8809,3.5592,4.3024,4.8741,5.1891,5.4171,5.4195,5.292,4.8961,4.2736,3.4615,2.7413,1.6871,0.62211,-0.11857,-1.0184,-1.7435,-2.2124,-2.8267,-3.3917,-3.9315,-4.2512,-4.479,-4.4302,-4.2042,-3.7259,-3.141,-2.5181,-1.9793,-1.2676,-0.58349,-0.062297,0.57186,1.1184,1.41,1.6501,1.7117,1.5411,1.2579,0.66533,-0.16558,-0.97773,-2.313,-3.9488,-5.5057,-8.1114,-11.768,-18.407,-32.091,-19.36,-12.896,-10.203,-7.8018,-6.3069,-5.2204
-9.1686,-9.9282,-11.707,-13.568,-13.148,-9.9907,-6.6679,-4.6363,-2.4398,-0.72523,0.58596,1.3786,2.2382,2.8858,3.2442,3.5743,3.7416,3.7716,3.6833,3.4303,3.0142,2.5837,1.817,0.76702,-0.25693,-2.0612,-4.6606,-7.4658,-13.989,-24.151,-11.402,-7.3645,-4.0889,-2.0373,-1.0346,-0.13946,0.30914,0.3877,0.19823,-0.35592,-1.2582,-2.1728,-3.7566,-5.7743,-7.5311,-9.5475,-9.502,-7.3171,-5.4019,-3.1617,-1.3691,-0.2924,0.83158,1.6282,2.0706,2.3685,2.4306,2.2654,1.9814,1.3996,0.61398,-0.11613,-1.1756,-2.2412,-3.0099,-3.0955,-2.3551,-0.84163,0.4938,2.2324,3.7683,4.7487,5.79,6.5431,7.0072,7.1772,7.1932,6.9634,6.6373,6.0244,5.186,4.4032,3.1662,1.6446,-0.17164,-1.7647,-4.1471,-6.301,-6.8856,-5.6051,-3.3509,-1.2348,0.10837,1.5533,2.65,3.2666,3.8896,4.1943,4.3193,4.3541,4.2489,4.0583,3.8818,3.6072,3.3769,3.1869,2.9543,2.7835,2.6488,2.5054,2.4144,2.3561,2.3916,2.5489,2.8744,3.2262,3.8516,4.5581,5.2615,5.772,6.3484,6.7813,7.0086,7.1533,7.1289,7.0043,6.7034,6.2622,5.7222,5.2682,4.6321,3.9749,3.4772,2.8502,2.247,1.8074,1.2444,0.78577,0.43686,0.27533,0.21747,0.36039,0.61823,1.1754,1.9775,2.9131,3.6516,4.6276,5.4579,5.9738,6.4857,6.7628,6.8365,6.7392,6.432,5.9419,5.4636,4.7026,3.808,3.0667,1.9785,0.71572,-0.34164,-1.9913,-4.006,-6.4672,-8.5068,-10.381,-9.2951,-7.3317,-4.7516,-2.6402,-0.95396,0.055183,1.2163,2.1324,2.6887,3.2842,3.7126,3.9037,4.0292,3.9607,3.7151,3.4268,2.8792,2.1504,1.4794,0.43498,-0.80365,-1.8438,-3.3526,-4.9409,-6.2253,-6.9127,-7.1407,-6.7589,-6.4028,-6.0211,-5.8791,-6.0081
-7.6044,-6.9855,-6.4095,-5.8956,-5.4172,-4.5736,-3.5634,-2.748,-1.6925,-0.72144,0.13522,0.69905,1.3202,1.7903,2.0772,2.3272,2.4688,2.51,2.4748,2.3553,2.1733,1.9698,1.6431,1.1897,0.74782,0.029321,-0.84248,-1.5121,-2.1892,-2.3086,-1.7758,-1.0733,-0.06756,0.76894,1.2673,1.5575,1.5406,1.1826,0.67278,-0.30123,-1.6299,-2.8831,-4.8896,-7.3963,-9.663,-12.736,-12.515,-8.8731,-6.1914,-3.2664,-1.0284,0.29555,1.6525,2.6531,3.1472,3.5136,3.6613,3.4802,3.1621,2.4538,1.371,0.2717,-1.7919,-4.9908,-10.873,-24.203,-11.712,-4.5454,-1.4559,1.4216,3.4435,4.58,5.707,6.4345,6.8594,7.0043,6.9811,6.8043,6.5919,6.2399,5.8767,5.5791,5.1643,4.7299,4.2563,3.9277,3.5613,3.3687,3.4064,3.6941,4.2263,4.8641,5.3521,5.945,6.4207,6.6839,6.8983,6.9823,6.9271,6.7355,6.4082,5.9666,5.5659,4.9735,4.3386,3.8627,3.303,2.8933,2.7328,2.7645,3.0156,3.4512,3.8517,4.4431,5.0387,5.4874,6.0675,6.5812,7.0395,7.3109,7.5633,7.6862,7.6673,7.4986,7.1443,6.7488,6.0454,5.1562,4.1253,3.3155,2.2969,1.5058,1.2035,1.08,1.1299,1.2004,1.1811,0.96577,0.48896,-0.063741,-1.1101,-2.4396,-3.3766,-3.7497,-2.4074,-0.13229,1.5433,3.4655,5.0025,5.8778,6.74,7.3125,7.5266,7.614,7.469,7.1002,6.7005,6.0114,5.147,4.3842,3.2396,1.8954,0.73896,-1.0302,-3.1936,-5.8506,-8.1162,-10.292,-8.9076,-6.563,-3.6812,-1.3859,0.43572,1.5369,2.6884,3.6196,4.151,4.6787,4.9915,5.1321,5.1507,4.9931,4.6868,4.3576,3.8195,3.1841,2.6811,1.9646,1.2498,0.72464,0.021931,-0.62284,-1.2159,-1.6505,-2.1729,-2.7575,-3.2766,-4.1822,-5.2921,-6.8654
-3.4174,-3.371,-3.3099,-3.2264,-3.1274,-2.9611,-2.729,-2.4909,-2.1242,-1.7393,-1.2923,-0.96148,-0.58379,-0.28867,-0.12086,-0.0056464,-0.012094,-0.089257,-0.22715,-0.2949,-0.23485,-0.071815,0.31496,0.8228,1.2029,1.6991,2.1302,2.4046,2.7777,3.1401,3.507,3.7844,4.0855,4.2368,4.2698,4.0868,3.6219,2.8097,1.9795,0.5654,-1.2437,-2.7749,-4.8675,-6.5195,-7.0225,-6.5903,-5.2909,-3.5058,-2.083,-0.27528,1.3135,2.3304,3.4154,4.2076,4.6142,4.9567,5.0644,4.9232,4.6897,4.1992,3.4925,2.8424,1.8222,0.78046,-0.037807,-0.23019,0.28052,1.4974,2.5887,4,5.208,5.9019,6.5531,6.8721,6.8563,6.637,6.0867,5.383,4.8665,4.389,4.4048,4.714,5.3472,6.06,6.6852,7.0899,7.5441,7.9213,8.1724,8.4753,8.7551,9.004,9.1542,9.295,9.3499,9.3274,9.1589,8.9202,8.6365,8.1195,7.4546,6.6113,5.8597,4.6695,3.189,1.9653,0.20002,-1.4208,-1.9861,-1.4621,-0.0082112,1.6861,2.8236,4.133,5.2079,5.884,6.5983,7.1417,7.5484,7.732,7.8494,7.8145,7.6687,7.3151,6.7415,6.1311,5.0281,3.5066,1.3717,-0.7631,-4.5701,-8.3156,-7.6906,-4.1829,-1.4939,-0.14942,0.96184,1.3609,1.1575,0.58656,-0.87545,-3.4025,-6.281,-9.6775,-5.5652,-1.0371,1.4925,3.9247,5.6416,6.6019,7.4881,8.0458,8.2536,8.3082,8.1276,7.7378,7.3139,6.584,5.6987,4.9179,3.7949,2.6017,1.6809,0.53101,-0.50038,-1.2376,-1.5489,-1.5556,-1.0777,-0.44885,0.57446,1.6738,2.6682,3.3916,4.1817,4.8112,5.1793,5.5254,5.6897,5.7183,5.5665,5.2472,4.7468,4.2413,3.4445,2.5881,1.9886,1.3119,0.94381,0.874,0.92283,1.0824,1.1111,1.0906,0.80387,0.21363,-0.44663,-1.7251,-3.6643,-6.3537
-0.83499,-1.4398,-2.2412,-2.9869,-3.4924,-4.0572,-4.4851,-4.7561,-4.9146,-4.8307,-4.5426,-4.2315,-3.7351,-3.2727,-3.0964,-3.0752,-3.3878,-3.9147,-4.9698,-6.3138,-7.1101,-6.3382,-3.9833,-1.3841,0.34543,2.2187,3.7059,4.6047,5.5486,6.2662,6.8078,7.0975,7.3277,7.4013,7.2723,6.9715,6.3819,5.4732,4.5451,2.8643,0.55988,-1.8297,-6.5707,-16.582,-17.446,-7.4025,-2.9253,-0.094601,1.4724,3.1051,4.3128,4.9872,5.6669,6.0736,6.2402,6.3803,6.2683,6.111,5.9278,5.6422,5.3404,5.0974,4.8267,4.6435,4.6289,4.7612,5.1479,5.733,6.2598,6.9797,7.6284,8.0114,8.2816,8.2331,7.7264,6.999,5.4258,2.7793,-0.29131,-6.4771,-4.4405,0.14253,4.1218,6.6274,8.3458,9.2681,10.163,10.782,11.104,11.393,11.534,11.568,11.527,11.392,11.164,10.939,10.532,9.996,9.5312,8.7942,7.9125,6.8577,5.9196,4.4131,2.4962,0.63435,-2.834,-8.3231,-13.773,-8.1472,-2.8272,0.46329,2.2093,3.923,5.1681,5.8733,6.5597,7.027,7.2836,7.3734,7.4035,7.3041,7.1833,6.9087,6.4974,6.0742,5.2915,4.1867,2.6576,1.2192,-0.89354,-2.4799,-2.2105,-0.57549,1.3536,2.5115,3.6516,4.3423,4.6633,4.6878,4.5485,4.3134,4.2077,4.3482,4.9057,5.8009,6.5282,7.4723,8.2291,8.6597,9.0401,9.16,9.1445,8.9278,8.5291,7.9794,7.451,6.5941,5.5615,4.649,3.2063,1.5903,0.32938,-1.1806,-1.9642,-1.7872,-1.1756,-0.081356,1.0613,1.8487,2.803,3.6162,4.2726,4.6499,5.1104,5.4273,5.6121,5.7834,5.881,5.829,5.6177,5.1708,4.3967,3.5945,2.0754,-0.055506,-2.1192,-4.7333,-4.8712,-3.0137,-0.30341,1.713,3.099,3.7851,4.2453,4.2863,4.0284,3.2847,2.089,0.4575
-1.6423,-3.0998,-5.0637,-6.8035,-7.8798,-9.0642,-10.316,-11.491,-13.293,-14.033,-12.719,-11.103,-9.1772,-7.8419,-7.1887,-6.7296,-6.7241,-7.0138,-8.1373,-10.364,-12.959,-11.39,-6.3552,-2.1618,0.2381,2.7145,4.5559,5.6354,6.7414,7.5473,8.1165,8.4061,8.6594,8.772,8.7589,8.5927,8.2699,7.7726,7.2473,6.365,5.2692,4.3731,3.2242,2.4618,2.3701,2.8818,3.8042,4.7901,5.4417,6.1155,6.5449,6.6991,6.6733,6.4334,6.1272,5.5329,4.9697,4.4737,4.2044,3.9883,3.8958,3.8605,3.8162,3.7783,3.8647,4.0741,4.6384,5.4981,6.2683,7.3347,8.2884,8.8763,9.4231,9.6221,9.4538,9.0484,8.1374,6.8322,5.756,4.7605,5.0724,6.094,7.7398,9.2234,10.365,10.998,11.576,11.902,12.008,11.997,11.852,11.589,11.337,10.929,10.447,10.024,9.4384,8.7006,8.1122,7.2609,6.3458,5.405,4.6718,3.7293,2.7641,1.9973,1.117,0.37682,0.20334,0.47456,1.2514,2.2131,2.9039,3.7471,4.396,4.7406,5.036,5.1221,4.9832,4.8049,4.4581,4.1474,4.021,4.0751,4.3315,4.5765,4.848,4.9619,4.9396,4.8411,4.6992,4.6928,4.7992,5.1134,5.5939,5.9997,6.5048,6.9913,7.4035,7.6658,7.9606,8.215,8.3959,8.6538,8.8998,9.1666,9.3338,9.4631,9.4966,9.3939,9.1315,8.7009,8.2751,7.6181,6.9018,6.1499,5.5956,4.8192,3.8763,3.012,1.3959,-0.94597,-3.5425,-9.6281,-35.904,-9.0486,-4.5336,-1.0765,1.0362,2.0922,3.0079,3.4691,3.6693,3.6197,3.4392,3.3103,3.2973,3.4546,3.7595,3.999,4.253,4.2425,3.9059,3.3661,2.2245,0.45661,-1.2862,-3.5456,-3.2879,-1.2211,1.751,4.1033,5.901,6.8678,7.8156,8.4022,8.6285,8.7042,8.605,8.3377
-4.1232,-7.1053,-12.899,-22.531,-20.777,-15.912,-14.818,-15.326,-17.907,-19.741,-17.365,-15.107,-12.886,-12.146,-11.88,-11.447,-10.309,-9.022,-7.2421,-5.5537,-3.8831,-2.5537,-0.67578,1.2089,2.521,4.0077,5.2076,5.8754,6.5288,6.937,7.1502,7.246,7.3525,7.4543,7.6198,7.8094,8.0048,8.1278,8.1638,8.1241,7.9817,7.8504,7.6682,7.5473,7.5107,7.5314,7.6108,7.6794,7.6821,7.5558,7.2386,6.8415,6.0087,4.8002,3.578,1.5038,-0.90023,-2.9754,-3.315,-2.3072,-1.1165,-0.55409,-0.49583,-1.2034,-2.6367,-3.6488,-3.0463,-0.03775,2.3751,5.0776,7.1683,8.3669,9.5726,10.375,10.855,11.021,11.047,10.951,10.844,10.778,10.806,10.92,11.13,11.339,11.45,11.445,11.297,10.966,10.609,9.9993,9.3001,8.5536,8.0001,7.2996,6.6378,6.1213,5.3864,4.5583,3.7698,2.5658,1.2838,0.16141,-0.32872,-0.49319,-0.24346,0.10655,0.49111,0.81984,1.0016,1.1448,1.2763,1.3437,1.3834,1.4374,1.5173,1.5615,1.5401,1.2765,0.68835,-0.162,-1.9561,-4.4562,-6.1098,-5.051,-1.8318,0.2777,2.3898,3.8316,4.7604,5.2074,5.548,5.7317,5.7521,5.7926,5.8267,5.9152,6.1648,6.5532,7.0451,7.4558,7.9783,8.445,8.7346,9.0152,9.1887,9.1937,9.114,8.8436,8.3728,7.8799,6.9757,5.8239,4.7237,3.1036,1.4452,0.25627,-0.044205,0.20862,0.66567,0.87996,0.88704,0.46682,-0.0096671,-0.67261,-0.80602,-0.22784,0.53753,1.607,2.4193,2.7805,2.8618,2.4455,1.4253,0.31109,-1.8929,-4.4593,-5.6374,-4.4707,-2.0359,-0.36383,1.2513,2.3282,2.9994,3.2623,3.4243,3.5256,3.6172,3.9312,4.5496,5.2354,6.3765,7.5882,8.751,9.545,10.476,11.226,11.685,12.169,12.507,12.757
-2.2283,-3.9424,-6.3355,-8.2004,-8.8645,-8.8839,-8.6829,-8.6554,-8.7112,-8.8353,-9.0148,-9.2833,-10.125,-12.099,-14.982,-22.954,-16.849,-11.045,-6.3602,-3.1555,-0.79549,0.60594,2.2069,3.4858,4.2557,5.0027,5.4255,5.5127,5.3059,4.7456,3.8714,3.1427,2.3633,2.2741,2.8125,4.0032,5.2668,6.3253,6.9677,7.6061,8.0466,8.2593,8.4296,8.5011,8.5046,8.4528,8.3377,8.1339,7.9198,7.5116,6.9106,6.3006,5.2066,3.6902,2.1777,-0.4251,-4.3721,-8.6986,-8.8184,-5.3524,-2.8357,-1.8358,-1.4941,-2.1467,-3.8446,-5.3256,-4.8485,-1.1027,1.6976,4.7125,6.9902,8.3328,9.7008,10.707,11.394,11.749,12.039,12.17,12.183,12.122,11.982,11.835,11.573,11.201,10.7,10.216,9.3944,8.3332,7.3628,5.8215,4.0179,2.1125,0.85546,-0.15205,-0.36663,-0.24227,-0.35414,-0.7593,-1.6097,-3.5081,-6.8709,-13.182,-19.233,-10.903,-6.0583,-3.8002,-2.0803,-1.0663,-0.78177,-0.84421,-1.4106,-2.4114,-3.3108,-4.4943,-4.8789,-4.4404,-3.4324,-2.6484,-2.3655,-2.7125,-3.7693,-5.5723,-6.58,-5.4366,-2.398,-0.29523,1.8878,3.4045,4.3315,4.7107,4.8276,4.5226,4.0359,3.1309,2.03,1.3444,1.152,1.9146,3.2509,4.2872,5.4853,6.4014,6.8873,7.2829,7.4413,7.3371,7.1282,6.674,5.9691,5.3088,4.0807,2.4446,0.77966,-2.3104,-7.534,-21.611,-14.356,-6.0716,-2.2745,-0.57634,0.99081,1.9571,2.4679,2.9762,3.3639,3.7146,3.9328,4.1329,4.1415,3.9849,3.4881,2.6002,1.1114,-0.34664,-3.0473,-6.3071,-7.9372,-6.7016,-3.9939,-2.2577,-0.62744,0.50519,1.3179,1.8355,2.464,3.1363,3.708,4.5734,5.564,6.3611,7.4728,8.6017,9.6884,10.459,11.436,12.292,12.873,13.544,14.091,14.554
-0.91794,-1.4978,-2.2079,-2.812,-3.1457,-3.4446,-3.6035,-3.7066,-3.8101,-3.9844,-4.1735,-4.3443,-4.747,-5.1117,-5.3332,-5.1842,-4.3794,-3.3983,-1.8528,-0.30939,1.0882,2.0041,2.9754,3.7036,4.0446,4.2503,4.0974,3.739,2.8183,1.2725,-1.1981,-4.1434,-11.56,-18.633,-8.1043,-2.6021,0.49213,2.4704,3.5066,4.4571,5.0778,5.3699,5.5844,5.6394,5.6041,5.4836,5.2884,5.0344,4.8149,4.4756,4.0608,3.6814,3.108,2.3865,1.7952,0.82689,0.077979,-0.5174,-0.65272,-0.52122,-0.16126,0.12214,0.4577,0.68584,0.98951,1.3208,2.0526,3.1145,4.0509,5.3576,6.5869,7.4071,8.3269,9.0355,9.5315,9.7733,9.949,9.948,9.8619,9.6182,9.2836,8.9483,8.4103,7.7439,6.9445,6.2204,5.0476,3.5646,2.1889,-0.1367,-3.39,-8.3088,-14.996,-23.096,-11.343,-8.1468,-5.9898,-5.1768,-5.0744,-5.5467,-6.4741,-7.3753,-7.5308,-6.7669,-5.3663,-4.346,-3.353,-2.8563,-2.861,-3.3431,-4.5949,-6.7993,-9.4489,-15.79,-20.99,-13.704,-8.5504,-5.6639,-3.9744,-3.0976,-2.2897,-1.6416,-1.1492,-0.37375,0.5842,1.3185,2.2083,2.8756,3.2546,3.2945,2.9768,2.1081,1.0832,-1.1732,-4.8706,-10.003,-21.621,-7.8408,-2.7451,-0.52348,1.3825,2.5043,2.9673,3.2196,3.0936,2.7567,2.3612,1.7829,1.1241,0.62589,-0.1152,-0.96381,-1.6609,-2.7662,-3.6882,-4.13,-3.9108,-2.9877,-1.7262,-0.72202,0.42793,1.413,2.0252,2.7051,3.2109,3.5608,3.716,3.7672,3.6362,3.3924,2.8841,2.1616,1.2268,0.42558,-0.67501,-1.6788,-2.25,-2.7044,-2.9111,-2.9588,-3.1002,-3.2607,-3.5403,-3.6309,-3.4209,-2.6818,-1.7444,-0.20759,1.431,2.6637,4.1673,5.5806,6.8675,7.7754,8.88,9.8984,10.598,11.444,12.191,12.823
-2.6584,-2.6698,-2.6376,-2.5701,-2.4994,-2.3962,-2.2821,-2.1849,-2.0855,-1.9905,-1.9172,-1.8726,-1.7744,-1.6396,-1.4754,-1.1648,-0.70922,-0.29194,0.33992,0.9952,1.6078,2.0195,2.4608,2.7338,2.8197,2.7439,2.4365,2.0316,1.2568,0.21162,-1.0681,-2.0596,-3.1467,-3.4892,-3.1946,-2.2959,-1.3171,-0.4653,0.017142,0.45908,0.6642,0.69187,0.57647,0.32569,0.071226,-0.32098,-0.71906,-1.0546,-1.2535,-1.409,-1.4222,-1.363,-1.2453,-1.1122,-1.0328,-0.91138,-0.82261,-0.71906,-0.62079,-0.46108,-0.27093,-0.099433,0.15972,0.45842,0.82587,1.1678,1.7269,2.3847,2.9216,3.6494,4.3563,4.8199,5.3474,5.7083,5.9049,5.9299,5.8027,5.5116,5.195,4.6707,4.0456,3.5335,2.8019,2.0408,1.2117,0.54048,-0.45303,-1.5924,-2.577,-4.0731,-5.7634,-7.455,-8.4824,-9.1234,-8.9156,-8.5028,-7.6843,-7.0798,-6.6911,-6.359,-6.0898,-5.8291,-5.5535,-5.1497,-4.6017,-4.2932,-3.9212,-3.8093,-3.8592,-4.2302,-4.837,-5.7363,-6.4305,-7.2257,-7.4764,-7.1645,-6.3636,-5.3469,-4.3875,-3.6672,-2.8338,-2.0188,-1.4305,-0.65774,0.063006,0.5653,1.1348,1.5442,1.7467,1.7355,1.4799,0.95921,0.34578,-0.65857,-1.7935,-2.5052,-2.9319,-2.6626,-1.9637,-1.42,-0.90475,-0.76435,-0.9217,-1.5063,-2.5173,-3.8571,-5.0111,-6.4185,-7.1494,-7.2215,-6.7275,-6.195,-5.8585,-5.5013,-5.2325,-4.8817,-4.5656,-3.9858,-3.2683,-2.6577,-1.7874,-0.94252,-0.35065,0.33753,0.90516,1.3004,1.4855,1.5668,1.4567,1.2469,0.79319,0.15631,-0.58859,-1.2634,-2.1726,-3.1399,-3.8632,-4.7813,-5.6896,-6.4686,-7.6212,-9.2352,-11.592,-14.425,-19.934,-17.403,-12.607,-8.1982,-5.0913,-3.3075,-1.3838,0.18991,1.5507,2.5071,3.69,4.8707,5.7241,6.8231,7.8496,8.7417
-6.0839,-5.4191,-4.5615,-3.7765,-3.2625,-2.6625,-2.1602,-1.8286,-1.4428,-1.1003,-0.81086,-0.61942,-0.36083,-0.12254,0.069294,0.32929,0.60552,0.82175,1.1183,1.4063,1.6679,1.818,1.971,2.0235,2.002,1.8552,1.5821,1.2827,0.79014,0.19806,-0.43712,-0.89759,-1.4559,-1.8485,-2.0927,-2.2588,-2.3866,-2.53,-2.6848,-2.9651,-3.3972,-3.8252,-4.5365,-5.3968,-6.1327,-7.207,-8.2879,-9.2126,-9.6394,-9.6271,-8.9061,-8.0355,-6.766,-5.5169,-4.7044,-3.7048,-3.0211,-2.4495,-2.1572,-1.8785,-1.7205,-1.6569,-1.6184,-1.5399,-1.3933,-1.1771,-0.74788,-0.16085,0.34703,1.0447,1.678,2.0816,2.4525,2.6214,2.5471,2.3301,1.8078,1.0536,0.33705,-0.74137,-1.9245,-2.7679,-3.7651,-4.5323,-5.1197,-5.466,-5.9066,-6.364,-6.7552,-7.3147,-7.8746,-8.412,-8.7311,-9.0296,-9.1074,-8.9846,-8.884,-8.4929,-8.1905,-7.6759,-7.0954,-6.4599,-5.9884,-5.3491,-4.793,-4.4239,-4.0415,-3.7989,-3.7314,-3.7952,-4.0137,-4.3343,-4.6289,-4.995,-5.3055,-5.4713,-5.557,-5.492,-5.2205,-4.8997,-4.2967,-3.5318,-2.8876,-1.985,-1.1372,-0.55463,0.10947,0.62438,0.95956,1.0983,1.1314,1.0095,0.82851,0.53001,0.18299,-0.052897,-0.33405,-0.54429,-0.74498,-0.94418,-1.3398,-1.9788,-2.6823,-4.0406,-5.9937,-8.951,-12.154,-20.049,-29.408,-18.155,-13.169,-10.669,-9.6415,-8.7731,-8.3831,-8.1643,-7.977,-7.5499,-6.8211,-6.1393,-5.0378,-3.8933,-3.079,-2.1178,-1.3467,-0.77683,-0.49571,-0.31922,-0.38406,-0.5812,-1.0556,-1.7733,-2.7036,-3.5334,-4.788,-6.1389,-7.1425,-8.3803,-9.405,-10.005,-10.75,-11.607,-12.677,-13.525,-14.158,-13.383,-11.917,-9.7768,-7.9068,-6.8193,-5.7003,-4.9206,-4.2401,-3.7041,-2.659,-1.258,-0.028479,1.6598,3.2478,4.6366
-10.105,-8.0847,-6.1198,-4.6763,-3.8132,-2.8657,-2.088,-1.5904,-1.014,-0.52167,-0.09772,0.17166,0.46996,0.7126,0.86132,1.0246,1.149,1.229,1.324,1.4039,1.4909,1.5369,1.5748,1.5761,1.5292,1.3953,1.1697,0.93064,0.52382,0.024364,-0.53859,-0.99855,-1.6368,-2.2584,-2.7245,-3.339,-3.9238,-4.5572,-5.0657,-5.8705,-6.8194,-7.6572,-8.9969,-10.621,-12.01,-14.129,-16.673,-20.273,-24.315,-27.537,-19.863,-15.666,-11.706,-8.8724,-7.2191,-5.5236,-4.3522,-3.5258,-3.1623,-2.9604,-3.0781,-3.3749,-4.0244,-4.8488,-5.5847,-5.812,-5.3422,-4.1302,-3.026,-1.618,-0.49003,0.1488,0.6633,0.82135,0.57849,0.13374,-0.82069,-2.2349,-3.6279,-5.9395,-8.771,-11.024,-13.309,-13.668,-12.793,-12.094,-11.427,-11.064,-10.909,-10.822,-10.803,-10.874,-10.991,-11.224,-11.457,-11.497,-11.63,-11.38,-11.017,-10.183,-9.0769,-7.8322,-6.9285,-5.775,-4.8108,-4.1625,-3.5031,-3.0255,-2.8235,-2.7048,-2.8172,-3.0804,-3.4225,-4.0011,-4.7569,-5.467,-6.5089,-7.6172,-8.424,-8.6061,-7.8808,-6.4315,-5.1731,-3.5547,-2.1411,-1.253,-0.29136,0.43958,0.95756,1.2239,1.4318,1.4896,1.4804,1.3822,1.2392,1.105,0.88904,0.64561,0.33305,0.030985,-0.48961,-1.1831,-1.8538,-2.9828,-4.375,-6.083,-7.3942,-9.0108,-9.8814,-9.9859,-9.6809,-9.4161,-9.4157,-9.8444,-10.787,-12.328,-13.681,-14.916,-13.743,-11.687,-8.9633,-6.6293,-5.2197,-3.6987,-2.5553,-1.7271,-1.3145,-1.0164,-1.0081,-1.1956,-1.7085,-2.5419,-3.7697,-4.9362,-6.9647,-9.5655,-11.925,-15.23,-16.466,-15.302,-13.315,-11.723,-10.69,-10.07,-9.3953,-8.7556,-8.3024,-7.7463,-7.4198,-7.4208,-7.8465,-9.0094,-11.192,-13.699,-14.65,-9.933,-6.4308,-2.8297,-0.16391,1.859
-7.3871,-6.2953,-5.0549,-4.0329,-3.3665,-2.5584,-1.7957,-1.2605,-0.58976,-0.00050061,0.50266,0.82249,1.1246,1.3206,1.3725,1.3537,1.2481,1.1309,0.95584,0.82759,0.76453,0.7974,0.89134,1.0194,1.0796,1.0968,0.97545,0.79287,0.38661,-0.18304,-0.90586,-1.5378,-2.4508,-3.4452,-4.1411,-5.0852,-5.9248,-6.6873,-7.2539,-8.1171,-9.2075,-10.238,-11.987,-14.313,-16.474,-19.704,-22.345,-22.791,-22.036,-19.957,-16.698,-13.982,-10.738,-8.0074,-6.3406,-4.6582,-3.3751,-2.5976,-2.2646,-2.2271,-2.6541,-3.3354,-4.8663,-7.5611,-12.613,-22.185,-16.512,-8.3704,-5.1535,-2.3585,-0.53339,0.35863,1.0725,1.2673,0.98852,0.45873,-0.68484,-2.3947,-4.1206,-7.1538,-11.354,-15.505,-21.293,-19.771,-17.158,-16.162,-15.538,-15.14,-14.769,-14.166,-13.662,-13.357,-13.362,-13.688,-14.499,-15.521,-16.852,-18.264,-18.047,-15.581,-12.402,-9.5311,-7.6881,-5.6311,-3.9967,-2.9941,-1.9807,-1.2701,-0.93961,-0.72555,-0.77599,-1.0979,-1.5071,-2.3277,-3.496,-4.6631,-6.8124,-10.082,-16.33,-31.288,-16.324,-9.467,-6.4496,-3.6875,-1.7073,-0.596,0.52127,1.2865,1.78,2,2.1385,2.1425,2.1005,1.9844,1.8756,1.7901,1.7072,1.6118,1.4863,1.3576,1.1073,0.73915,0.38668,-0.19548,-0.88253,-1.6498,-2.2393,-3.015,-3.6912,-4.1911,-4.7981,-5.5597,-6.2176,-7.4609,-9.1779,-11.631,-14.159,-17.384,-15.528,-12.452,-8.9186,-6.3342,-4.8164,-3.2062,-1.9721,-1.0742,-0.58952,-0.19292,-0.068157,-0.17156,-0.57093,-1.2743,-2.3856,-3.4763,-5.4203,-7.9602,-10.374,-13.93,-15.065,-13.311,-10.705,-8.6334,-7.2124,-6.4264,-5.6956,-5.1763,-4.932,-4.7901,-4.8901,-5.1312,-5.7848,-6.8351,-8.2621,-9.2291,-9.2113,-6.9673,-4.757,-2.0483,0.1462,1.8865
-2.6036,-2.8352,-3.0873,-3.2092,-3.1411,-2.7521,-2.0466,-1.3715,-0.42153,0.47498,1.2114,1.634,2.0164,2.1408,2.0682,1.7202,1.1007,0.47447,-0.4741,-1.3056,-1.6665,-1.48,-0.77262,0.061661,0.62416,1.1297,1.3178,1.2387,0.84609,0.12072,-0.95523,-1.9718,-3.5835,-5.4763,-6.9037,-8.4991,-9.4492,-9.6193,-9.5635,-9.4902,-9.7595,-10.28,-11.483,-13.323,-15.316,-18.995,-22.323,-19.585,-16.362,-12.674,-9.6991,-7.7607,-5.4627,-3.5152,-2.2966,-1.0163,0.015428,0.65819,0.94057,1.0377,0.81688,0.45326,-0.28474,-1.2143,-2.1064,-2.4017,-1.9235,-0.61447,0.556,2.0114,3.1605,3.7809,4.2748,4.378,4.1095,3.6533,2.6932,1.3326,0.070129,-1.951,-4.1873,-5.9541,-8.2415,-10.442,-12.875,-15.237,-19.825,-24.559,-21.878,-17.383,-14.848,-13.697,-13.415,-13.675,-14.63,-16.071,-18.086,-21.263,-21.576,-16.785,-11.863,-8.0044,-5.7242,-3.2154,-1.2735,-0.12803,1.0462,1.8378,2.2264,2.4484,2.4049,2.0697,1.6748,0.93166,-0.0073766,-0.82566,-2.0521,-3.3121,-4.2678,-4.536,-3.87,-2.4481,-1.2257,0.28964,1.554,2.2949,2.9994,3.3946,3.4952,3.3975,3.0788,2.6285,2.2307,1.8002,1.5421,1.5274,1.7101,2.0237,2.3727,2.6017,2.8177,2.9078,2.893,2.7703,2.5201,2.2056,1.8993,1.4526,0.93248,0.50739,-0.14517,-0.86733,-1.4951,-2.3908,-3.364,-4.295,-4.8749,-5.2877,-5.1573,-4.6962,-3.8039,-2.7501,-1.9132,-0.85252,0.096435,0.90302,1.4054,1.906,2.1974,2.2771,2.1768,1.8354,1.2878,0.72939,-0.15472,-1.135,-1.8229,-2.5662,-2.9174,-2.9151,-2.6377,-2.211,-1.7389,-1.4466,-1.1378,-0.95637,-0.89421,-0.93162,-1.0547,-1.1903,-1.375,-1.5138,-1.4769,-1.2901,-0.69711,0.20999,1.0644,2.255,3.3615,4.2878
0.2945,-1.0738,-3.3693,-6.1823,-8.0646,-8.0342,-5.4797,-3.4575,-1.2397,0.44375,1.7059,2.3832,2.9891,3.2017,3.1047,2.5405,1.3551,-0.070195,-3.0767,-8.5915,-17.323,-9.8951,-3.8571,-0.70025,0.75999,1.9104,2.4063,2.4055,1.9996,1.1127,-0.24996,-1.6579,-4.131,-7.6887,-11.484,-21.108,-22.89,-14.384,-11.715,-9.7614,-8.7211,-8.3072,-8.0594,-8.0146,-8.0067,-7.8538,-7.3563,-6.3489,-5.2959,-3.6895,-2.0439,-0.87124,0.58678,1.8102,2.5894,3.4524,4.0484,4.4705,4.648,4.7766,4.7965,4.7696,4.722,4.7433,4.882,5.1039,5.5645,6.1827,6.6923,7.3704,7.942,8.2749,8.5212,8.5421,8.2966,7.9366,7.2297,6.2573,5.3808,4.0066,2.4559,1.1628,-0.69415,-2.7619,-5.0856,-6.9781,-9.5652,-11.257,-11.334,-10.532,-9.7363,-9.5657,-9.8871,-10.934,-12.383,-13.486,-14.2,-13.019,-11.293,-8.3885,-5.4658,-2.7221,-0.86264,1.2325,2.969,3.9632,4.9881,5.6371,5.9066,5.977,5.7381,5.256,4.7372,3.9434,3.1031,2.5271,1.9713,1.7121,1.8179,2.1063,2.7261,3.511,4.1337,4.9143,5.5344,5.858,6.042,5.9165,5.4309,4.8069,3.5812,1.8526,0.27042,-1.9691,-3.2231,-2.7466,-1.0468,0.73958,2.1575,2.9575,3.7505,4.299,4.5701,4.7904,4.8756,4.8411,4.7478,4.5452,4.2187,3.9334,3.4322,2.87,2.3795,1.6729,0.93857,0.20206,-0.28166,-0.82647,-1.1987,-1.2793,-1.1811,-0.76289,-0.2886,0.52566,1.4471,2.3786,3.0217,3.7664,4.3366,4.6474,4.8925,4.9331,4.8329,4.6475,4.3357,3.9441,3.644,3.2947,3.0295,2.8779,2.7939,2.7368,2.7181,2.6926,2.6356,2.4789,2.2957,1.9744,1.5807,1.261,0.94817,0.88513,1.2036,1.6955,2.6544,3.7697,4.6158,5.6582,6.5236,7.0904
1.1211,-0.529,-3.3186,-6.9061,-9.5688,-10.037,-7.3877,-5.4196,-3.3266,-1.6632,-0.27932,0.61706,1.5599,2.2098,2.4361,2.3929,1.8984,1.2177,-0.026048,-1.3331,-1.9098,-1.541,-0.36393,0.86022,1.5314,2.0716,2.163,1.9758,1.3814,0.4422,-0.81734,-1.9551,-3.8183,-5.8332,-7.554,-9.3226,-10.304,-10.343,-10.056,-9.7989,-9.4949,-9.1194,-8.2776,-7.126,-6.1044,-4.672,-3.2366,-1.8378,-0.81476,0.4612,1.6151,2.396,3.2575,3.9322,4.2922,4.6307,4.697,4.6353,4.5094,4.305,4.1695,4.1689,4.3645,4.7675,5.373,5.8954,6.6417,7.3922,7.928,8.5605,9.0801,9.365,9.6015,9.6458,9.4822,9.2301,8.719,8.0298,7.3866,6.4095,5.285,4.3776,3.1109,1.7917,0.50235,-0.44362,-1.5539,-2.4509,-3,-3.6027,-4.2823,-5.159,-6.1428,-8.1137,-11.248,-14.826,-20.187,-13.318,-8.9667,-4.8609,-1.8033,0.63634,2.1712,3.8511,5.1695,5.9207,6.6222,6.9852,7.0136,6.7584,6.1249,5.1268,4.114,2.4448,0.5079,-0.83757,-1.7837,-1.1752,0.30508,1.5618,3.0308,4.2682,5.0199,5.8085,6.3086,6.4934,6.467,6.0844,5.3079,4.4234,2.7439,0.34921,-2.1568,-6.7261,-10.901,-8.6719,-4.5825,-1.9054,-0.20845,0.68121,1.5163,2.1015,2.4376,2.7884,3.0768,3.2498,3.3409,3.3453,3.2511,3.0818,2.7633,2.2774,1.8337,1.1094,0.23458,-0.76382,-1.6049,-2.8083,-4.0598,-5.0025,-5.8677,-5.9193,-5.2909,-3.8059,-2.0432,-0.37009,0.73362,1.9848,2.9698,3.5278,4.0611,4.3847,4.4729,4.442,4.2697,4.0141,3.7761,3.4561,3.1389,2.9457,2.7183,2.5676,2.41,2.2978,2.0707,1.7381,1.3527,0.62388,-0.4852,-1.587,-3.5006,-5.2387,-4.898,-2.9906,-0.062718,2.4781,4.0126,5.6149,6.7635,7.4573
1.6875,0.62511,-0.93664,-2.5472,-3.6823,-4.9912,-6.0432,-6.6554,-7.0391,-6.4277,-4.8635,-3.3956,-1.5477,-0.034198,0.82321,1.6201,2.0732,2.2213,2.2472,2.1636,2.114,2.0791,2.0656,1.9925,1.8491,1.4717,0.85715,0.25177,-0.7493,-1.8656,-3.0446,-3.8838,-4.9534,-5.8735,-6.5727,-7.421,-8.2778,-9.3494,-10.408,-12.411,-15.64,-18.404,-16.387,-11.198,-8.1796,-5.0987,-2.7368,-0.88987,0.24903,1.4925,2.4634,3.0071,3.4968,3.7154,3.6889,3.3506,2.7534,1.7827,0.87811,-0.5297,-1.8263,-2.3274,-1.9177,-0.55721,1.1079,2.3233,3.7849,5.0282,5.827,6.7122,7.4,7.7815,8.1231,8.2565,8.2043,8.0399,7.6526,7.0967,6.5758,5.7827,4.896,4.2077,3.2944,2.4435,1.6859,1.1987,0.65231,0.18893,-0.11741,-0.51227,-0.95725,-1.4919,-1.9551,-2.6431,-3.3024,-3.5113,-3.4517,-2.5806,-1.5639,0.002407,1.5909,3.0579,4.0265,5.1254,5.9496,6.4252,6.7886,6.8613,6.7043,6.186,5.2964,3.924,2.5366,-0.0064174,-3.7761,-8.244,-15.636,-8.2432,-3.2578,-0.85944,1.3735,2.9625,3.8435,4.6913,5.2173,5.4035,5.3894,5.0652,4.4346,3.761,2.6271,1.2771,0.17012,-1.1875,-2.1903,-2.6204,-2.8669,-2.9005,-2.9631,-3.0291,-3.1314,-3.1543,-3.0383,-2.6893,-2.204,-1.6392,-1.2807,-0.91323,-0.69401,-0.68925,-0.829,-1.2167,-1.654,-2.4259,-3.4575,-4.7537,-5.9416,-7.9075,-10.466,-13.263,-19.356,-33.962,-18.996,-12.015,-7.9967,-5.1302,-3.472,-1.734,-0.4315,0.29265,0.95753,1.3232,1.3982,1.3038,0.96585,0.48373,0.06225,-0.54953,-1.1117,-1.4441,-1.7733,-1.8815,-1.8333,-1.7467,-1.6423,-1.6088,-1.7084,-2.1404,-3.0368,-4.1446,-6.4037,-9.4602,-9.1386,-5.8406,-1.7743,1.3126,3.0668,4.8661,6.1223,6.9464
2.1776,1.4342,0.24825,-1.1514,-2.3767,-4.3626,-7.0668,-10.045,-17.663,-22.159,-10.755,-6.7952,-3.3877,-1.0632,0.2362,1.5081,2.378,2.8299,3.2072,3.3764,3.3409,3.2121,2.87,2.3179,1.7588,0.74881,-0.58211,-1.8254,-3.7756,-5.9731,-7.9415,-8.8578,-8.8902,-8.3641,-7.84,-7.5011,-7.4677,-7.8394,-8.4535,-9.6454,-11.044,-11.647,-10.51,-7.7985,-5.6592,-3.1621,-1.1189,0.50747,1.4856,2.4965,3.1999,3.525,3.7002,3.549,3.2163,2.4251,1.211,-0.54442,-2.3796,-5.829,-11.814,-22.464,-14.404,-7.3189,-3.5544,-1.5393,0.54358,2.1815,3.1879,4.291,5.1354,5.6243,6.0674,6.302,6.3234,6.1931,5.8398,5.2639,4.7134,3.8113,2.7885,1.9965,0.99846,0.25574,-0.13113,-0.15907,0.024907,0.33871,0.59104,0.86827,1.0814,1.1961,1.2477,1.3047,1.3857,1.4927,1.8074,2.2885,2.7456,3.45,4.2216,4.9822,5.5199,6.1485,6.642,6.896,7.0612,6.9953,6.7972,6.2958,5.5208,4.4722,3.5181,2.0758,0.59935,-0.34624,-1.0758,-0.97906,-0.24955,0.48293,1.5375,2.5103,3.156,3.8234,4.2812,4.4641,4.4804,4.2509,3.7725,3.2655,2.4241,1.4046,0.62441,-0.51733,-1.657,-2.5218,-3.7225,-5.0861,-6.6959,-8.1812,-10.455,-12.481,-12.902,-11.557,-9.54,-7.7808,-6.775,-5.746,-5.1433,-4.8609,-4.83,-5.0554,-5.4327,-6.244,-7.2904,-8.6407,-9.7938,-11.499,-13.244,-14.493,-15.555,-15.434,-14.448,-12.314,-9.877,-7.6412,-6.1551,-4.5121,-3.2424,-2.5367,-1.9287,-1.7336,-1.8577,-2.2256,-3.014,-4.1855,-5.2645,-6.8919,-8.4214,-9.3498,-9.8322,-9.6598,-8.8229,-8.0022,-6.7228,-5.5077,-4.6774,-3.7796,-3.0887,-2.7357,-2.2611,-1.652,-0.68989,0.29719,1.789,3.3284,4.3988,5.6353,6.5988,7.2881
1.68,1.1544,0.30289,-0.69378,-1.5358,-2.7603,-4.0383,-4.9163,-5.7307,-5.6157,-4.6006,-3.4611,-1.8763,-0.42048,0.51761,1.5353,2.3049,2.7267,3.1026,3.2662,3.2007,3.0299,2.5851,1.8787,1.166,-0.1199,-1.8226,-3.4864,-6.4156,-10.77,-18.653,-26.482,-15.762,-11.142,-9.0293,-7.342,-6.2959,-5.6246,-5.2946,-4.9591,-4.5574,-4.1448,-3.356,-2.3117,-1.4337,-0.23726,0.88804,1.8764,2.4839,3.1175,3.5089,3.645,3.5957,3.257,2.8125,1.9608,0.71395,-0.80931,-2.1815,-4.1446,-5.9865,-6.9323,-7.2405,-6.5406,-5.2464,-4.1048,-2.5391,-1.0586,-0.06451,1.0665,1.9739,2.5153,3.0449,3.3715,3.4673,3.3729,3.0497,2.4255,1.7529,0.48753,-1.2381,-2.895,-5.6127,-8.0737,-7.9249,-6.1899,-3.735,-1.7756,-0.64771,0.47612,1.2929,1.8694,2.176,2.4812,2.7296,2.8488,3.0876,3.3443,3.5796,3.9534,4.3959,4.8746,5.235,5.6827,6.0707,6.2695,6.4228,6.389,6.2453,5.8718,5.2818,4.5044,3.8066,2.765,1.6746,0.90014,-0.0012372,-0.60101,-0.77366,-0.62611,-0.050547,0.72022,1.3472,2.0846,2.6205,2.8637,2.9384,2.7392,2.2567,1.7267,0.81146,-0.27827,-1.1606,-2.4405,-3.7617,-4.7505,-6.1712,-7.8501,-9.9509,-12.021,-15.776,-20.703,-22.249,-18.568,-15.128,-13.066,-11.863,-10.725,-9.9172,-9.4098,-9.1497,-9.2077,-9.4903,-10.293,-11.52,-13.169,-14.709,-16.976,-19.147,-20.203,-20.147,-18.524,-16.771,-14.414,-12.079,-9.9897,-8.6027,-7.0337,-5.8316,-5.1811,-4.6461,-4.5683,-4.9087,-5.5459,-6.8362,-8.8687,-10.988,-14.932,-21.004,-27.8,-26.952,-23.038,-20.335,-17.903,-14.044,-10.538,-8.3851,-5.9765,-4.0319,-2.8318,-1.4211,-0.12574,1.0822,1.9709,3.1114,4.2031,4.9713,5.8769,6.6357,7.2101
0.53123,0.10393,-0.55011,-1.2384,-1.7301,-2.2867,-2.6477,-2.7839,-2.7298,-2.4193,-1.8566,-1.3443,-0.56373,0.20332,0.74965,1.3931,1.9219,2.2303,2.5022,2.6279,2.6065,2.469,2.1166,1.5544,0.96579,-0.025992,-1.285,-2.4083,-4.0633,-5.7688,-7.1668,-7.7536,-7.718,-6.9938,-6.3835,-5.421,-4.5491,-3.7507,-3.1832,-2.4817,-1.7863,-1.2593,-0.53746,0.20442,0.76087,1.4872,2.1511,2.7235,3.08,3.4375,3.6303,3.6663,3.5259,3.173,2.7505,1.9555,0.88421,-0.49949,-1.6911,-3.5281,-5.6133,-7.2975,-9.4903,-10.765,-10.124,-8.6728,-6.5596,-4.7364,-3.6275,-2.4539,-1.5451,-1.0168,-0.43172,0.0055945,0.28588,0.39354,0.31737,-0.021854,-0.51243,-1.5396,-3.1012,-4.7676,-7.7524,-10.981,-10.43,-7.7799,-4.5707,-2.24,-0.94071,0.34376,1.2157,1.7819,2.0465,2.2102,2.2361,2.1742,2.0392,1.9125,1.8834,1.992,2.2893,2.7793,3.22,3.842,4.4196,4.7729,5.1253,5.2901,5.2638,5.047,4.5907,3.8913,3.1983,2.0269,0.54634,-0.80576,-2.9609,-5.4381,-7.3358,-7.2197,-5.2035,-2.8928,-1.4627,0.0075613,0.96743,1.3858,1.5745,1.3443,0.71324,-0.01445,-1.3276,-2.9633,-4.4041,-6.2845,-7.8422,-8.666,-9.2986,-9.7953,-10.486,-11.217,-12.365,-13.582,-14.404,-15.229,-16.055,-16.663,-16.682,-16.045,-14.628,-13.691,-12.697,-12.339,-12.511,-13.144,-14.571,-16.615,-18.673,-22.245,-27.829,-34.632,-31.588,-24.52,-21.178,-17.43,-14.477,-12.065,-10.567,-8.8927,-7.6316,-6.9309,-6.3715,-6.1396,-6.3996,-6.9114,-8.0183,-9.7244,-11.403,-14.238,-17.516,-19.985,-22.409,-25.066,-28.327,-24.309,-17.18,-12.443,-9.7093,-6.8838,-4.6232,-3.1997,-1.5996,-0.22273,0.96723,1.7918,2.8264,3.7706,4.446,5.2758,6.0237,6.6428
-0.45364,-1.089,-2.0649,-3.0494,-3.6356,-4.0373,-3.9363,-3.5842,-2.8745,-2.1031,-1.3236,-0.78242,-0.12434,0.43404,0.79272,1.2044,1.5407,1.7549,1.9924,2.1702,2.283,2.2833,2.1812,1.9204,1.6022,1.0326,0.27423,-0.39278,-1.3596,-2.3386,-3.1981,-3.7245,-4.1362,-4.2646,-4.1605,-3.7503,-3.1066,-2.3631,-1.7614,-0.94336,-0.16438,0.38973,1.0729,1.6941,2.121,2.6323,3.078,3.4508,3.6899,3.9266,4.0809,4.1164,4.0521,3.8316,3.5328,2.9284,2.1068,0.95227,-0.16149,-2.0403,-4.5491,-7.0559,-11.777,-18.03,-14.853,-11.144,-8.0686,-6.3151,-5.5602,-4.9863,-4.7118,-4.5085,-4.0899,-3.4402,-2.6392,-2.0527,-1.447,-1.0627,-0.94776,-0.98516,-1.2404,-1.5109,-1.8183,-1.9052,-1.5936,-1.1117,-0.26039,0.63201,1.2297,1.8628,2.2724,2.4347,2.3985,2.1279,1.5666,1.0237,0.0035341,-1.1678,-2.0183,-2.702,-2.3932,-1.184,-0.021787,1.4708,2.7217,3.4928,4.242,4.7242,4.9038,4.9082,4.6589,4.1299,3.5371,2.4642,0.96896,-0.48814,-3.0766,-6.6919,-10.713,-10.381,-6.286,-2.9904,-1.2331,0.42593,1.4705,1.9061,2.0778,1.7808,1.0073,0.077782,-1.7061,-4.3367,-7.0436,-12.599,-22.356,-19.05,-12.937,-10.235,-9.0791,-8.8235,-9.0871,-9.908,-10.901,-12.833,-16.048,-21.831,-32.99,-23.539,-17.134,-14.64,-12.77,-12.015,-12.019,-12.664,-13.955,-15.981,-17.881,-20.857,-24.058,-25.507,-25.462,-23.054,-20.41,-17.224,-14.478,-12.156,-10.694,-9.0523,-7.7397,-6.9593,-6.2034,-5.7613,-5.6498,-5.73,-6.1754,-6.8964,-7.6379,-8.7604,-9.9602,-10.784,-11.72,-12.189,-11.93,-11.249,-9.7416,-7.9803,-6.6473,-4.977,-3.4553,-2.4291,-1.2381,-0.23909,0.64803,1.2324,2.0072,2.7893,3.4064,4.2985,5.2247,6.1296
-0.47278,-1.7074,-3.9765,-7.1471,-10.059,-12.004,-9.1356,-6.6297,-4.1233,-2.3388,-1.1264,-0.46161,0.1175,0.46711,0.58707,0.64076,0.65483,0.70968,0.93728,1.3235,1.7836,2.1464,2.5328,2.7384,2.7596,2.5461,2.0834,1.5822,0.681,-0.41891,-1.7059,-2.71,-3.992,-4.9101,-4.9868,-4.466,-3.3615,-2.0619,-1.1294,0.0065924,0.96646,1.5787,2.2516,2.7699,3.0713,3.3721,3.6,3.7955,3.9349,4.145,4.3851,4.5668,4.7964,4.938,4.9623,4.8602,4.513,3.9651,3.3687,2.3366,1.0828,0.044875,-1.3118,-2.3491,-2.8946,-3.0611,-3.252,-3.763,-4.4969,-6.187,-8.861,-11.167,-11.783,-8.6119,-5.6246,-3.952,-2.2815,-1.1129,-0.42487,0.28851,0.85597,1.244,1.7034,2.1462,2.6046,2.9456,3.3822,3.7555,3.9683,4.1351,4.1426,3.9509,3.6465,3.0088,2.0069,0.97489,-0.96548,-3.9053,-7.4416,-18.342,-14.155,-5.7758,-2.5298,0.34231,2.2966,3.3856,4.4318,5.1259,5.4713,5.6951,5.6877,5.4668,5.1653,4.5931,3.8538,3.2129,2.3126,1.5358,1.1235,1.163,1.652,2.4632,3.1114,3.8765,4.4457,4.7021,4.7774,4.5361,3.9386,3.2351,1.9429,0.24285,-1.3256,-3.4413,-4.9542,-5.264,-4.6417,-3.8243,-3.2614,-3.0961,-3.237,-3.763,-4.3789,-5.4944,-6.8294,-8.0543,-8.65,-8.7782,-8.246,-7.7346,-7.3012,-7.2149,-7.4377,-8.2703,-9.5352,-11.397,-13.264,-16.406,-21.061,-25.353,-25.354,-20.196,-17.3,-14.359,-12.145,-10.339,-9.1847,-7.8454,-6.62,-5.8032,-4.7929,-4.0383,-3.4354,-3.1471,-2.9791,-3.017,-3.1845,-3.5134,-3.949,-4.263,-4.6332,-4.8794,-4.9037,-4.7509,-4.3676,-3.7812,-3.2401,-2.4405,-1.6724,-1.1387,-0.54359,-0.12616,0.10143,0.14015,0.11119,0.30612,0.78459,2.0174,3.6955,5.4634
1.1371,-0.044082,-2.1209,-4.7684,-6.8417,-8.0572,-6.4657,-4.7105,-2.7315,-1.3327,-0.44744,-0.086361,0.034286,-0.24471,-0.71442,-1.7058,-2.9725,-3.8166,-3.9882,-2.6412,-0.67384,0.71018,2.1667,3.1534,3.5935,3.7929,3.5806,3.1471,2.1875,0.72988,-1.3504,-3.4739,-7.6094,-14.934,-19.192,-10.552,-5.8496,-2.9454,-1.3979,0.13471,1.2452,1.8517,2.4039,2.6786,2.7155,2.5755,2.2736,1.9388,1.7704,1.8589,2.3577,2.9821,3.9439,4.8904,5.5155,6.1677,6.5629,6.7177,6.6963,6.4755,6.0778,5.6915,5.0963,4.4408,3.7229,3.1194,2.1435,0.86069,-0.39728,-2.6326,-5.5486,-7.7509,-8.6607,-6.7592,-4.6211,-3.4477,-2.2875,-1.3618,-0.67558,0.29559,1.358,2.1411,3.0923,3.9098,4.5538,4.9305,5.2812,5.4703,5.5155,5.453,5.2492,4.913,4.5618,3.9463,3.1711,2.389,1.2372,-0.071251,-1.0351,-1.8352,-1.6269,-0.49779,0.58168,2.0187,3.2328,3.9709,4.7648,5.3332,5.641,5.9187,6.0492,6.069,6.0233,5.8779,5.6888,5.5149,5.3156,5.185,5.1802,5.2969,5.5699,5.9788,6.3326,6.8009,7.2069,7.4427,7.621,7.6189,7.4172,7.1382,6.6149,5.958,5.4282,4.7516,4.209,3.9238,3.7039,3.587,3.489,3.3721,3.133,2.7679,2.4205,1.8768,1.3208,0.78724,0.41821,0.065265,-0.21145,-0.43961,-0.75976,-1.2141,-1.6727,-2.4514,-3.4958,-4.7462,-5.7873,-7.2905,-8.6936,-9.4405,-10.021,-10.035,-9.7352,-9.3496,-9.0904,-8.8999,-8.6696,-8.0735,-6.9777,-5.8885,-4.3292,-2.8261,-1.615,-0.93189,-0.23847,0.14033,0.27467,0.22117,-0.017873,-0.32253,-0.80072,-1.3567,-1.9404,-2.3157,-2.6859,-2.7576,-2.5726,-2.0726,-1.4373,-0.98855,-0.53821,-0.41014,-0.85791,-1.6805,-3.9647,-8.9048,-13.604,-5.4015,0.68194,4.5854
1.9036,1.298,0.40427,-0.46481,-1.0037,-1.4557,-1.5725,-1.4753,-1.2628,-1.0993,-1.0511,-1.1607,-1.5033,-2.2301,-3.0907,-4.8983,-8.0536,-12.192,-16.835,-8.7393,-3.6887,-1.2287,1.0691,2.5688,3.2671,3.7638,3.772,3.4722,2.7134,1.4966,-0.14486,-1.6336,-3.8885,-5.8134,-6.3621,-5.9178,-4.6313,-3.2631,-2.3188,-1.2453,-0.4003,0.032194,0.32198,0.24696,-0.089631,-0.97078,-2.4758,-4.7898,-7.0102,-9.0672,-6.614,-3.7309,-0.45691,2.0456,3.5178,5.0456,6.2163,7.0148,7.4313,7.7716,7.8801,7.8342,7.6236,7.2521,6.7265,6.234,5.4324,4.464,3.6339,2.4219,1.1964,0.33176,-0.66501,-1.5291,-2.4503,-3.3695,-4.9583,-6.4787,-6.63,-4.6541,-2.0008,-0.28337,1.5339,2.8046,3.6178,3.9804,4.1791,4.123,3.9504,3.5989,3.1693,2.7273,2.4252,2.0346,1.6853,1.3907,1.0369,0.67979,0.49465,0.37714,0.48982,0.77915,1.0857,1.5218,1.9557,2.2008,2.4724,2.6746,2.7739,2.9198,3.0882,3.2682,3.3985,3.5492,3.6282,3.6629,3.6831,3.7168,3.8258,3.9895,4.3686,4.8863,5.3599,6.0448,6.7102,7.1588,7.6614,8.0144,8.2172,8.2745,8.2307,8.077,7.9391,7.6944,7.4418,7.2821,7.0634,6.8787,6.6917,6.5412,6.3142,6.0477,5.8093,5.4566,5.0713,4.6481,4.3311,3.9011,3.4441,3.0855,2.5873,2.0289,1.5535,0.89529,0.14183,-0.67581,-1.3249,-2.2162,-3.0744,-3.704,-4.5293,-5.3425,-6.0306,-7.2176,-8.8796,-11.5,-14.537,-18.993,-14.612,-10.398,-6.4466,-3.6851,-1.7215,-0.61018,0.42446,1.0527,1.2772,1.2654,0.92667,0.4473,-0.51778,-1.8417,-3.5681,-5.159,-7.3866,-8.9101,-8.738,-7.0565,-5.0101,-3.7057,-2.3443,-1.4578,-1.0531,-1.0632,-1.3686,-1.6473,-1.2395,0.63048,3.2835,5.8506
0.6425,0.30313,-0.16039,-0.62371,-0.96116,-1.38,-1.7586,-2.0572,-2.4967,-2.9733,-3.4832,-3.8225,-4.2031,-4.4438,-4.5754,-4.7155,-4.7747,-4.6301,-3.9853,-2.6988,-1.06,0.17668,1.596,2.677,3.2483,3.681,3.7448,3.5639,3.0225,2.1865,1.0753,0.10578,-1.2876,-2.6384,-3.6124,-4.6232,-5.2537,-5.3272,-4.9963,-4.2177,-3.3626,-2.8328,-2.4351,-2.4728,-2.8241,-3.7888,-5.3488,-7.5653,-9.5293,-11.049,-9.0421,-6.3558,-3.0628,-0.30686,1.4354,3.3341,4.8843,6.0748,6.7467,7.4009,7.8064,7.9623,7.995,7.853,7.5617,7.2484,6.7288,6.1011,5.5678,4.7876,3.9243,3.2052,2.1452,0.87754,-0.78942,-2.4232,-5.4494,-9.5498,-10.916,-7.1575,-3.3308,-1.329,0.47681,1.5507,2.0463,2.0796,1.7364,0.98837,0.2019,-1.0289,-2.2103,-3.0121,-3.239,-3.1266,-2.8898,-2.6216,-2.4927,-2.4299,-2.3872,-2.3166,-2.1886,-1.9981,-1.8543,-1.7573,-1.8075,-1.9611,-2.3877,-2.9411,-3.3195,-3.5717,-3.3036,-2.6539,-2.0993,-1.4531,-1.083,-0.98305,-1.1267,-1.4581,-1.7727,-1.8302,-1.3481,-0.26133,0.78727,2.2678,3.6457,4.5436,5.5409,6.3156,6.8775,7.1691,7.408,7.5088,7.4967,7.4238,7.3006,7.1882,7.048,6.9204,6.8088,6.7327,6.6182,6.4766,6.3405,6.107,5.7894,5.4045,5.0802,4.573,4.0278,3.6208,3.056,2.5088,2.1189,1.5933,1.0912,0.57573,0.16356,-0.41332,-1.0488,-1.5998,-2.381,-3.305,-4.1268,-5.3988,-6.9259,-8.6965,-9.998,-10.854,-9.6211,-7.7929,-5.2802,-3.1203,-1.3846,-0.37219,0.61879,1.2329,1.4317,1.3887,0.94482,0.35691,-0.84262,-2.5849,-5.0129,-7.4534,-12.121,-17.847,-16.702,-11.811,-8.3822,-6.4307,-4.3357,-2.574,-1.0357,-0.045001,1.1744,2.3859,3.3251,4.671,6.0861,7.4751
-2.2548,-2.4487,-2.6683,-2.8816,-3.0529,-3.348,-3.7869,-4.2633,-5.1458,-6.3546,-7.9489,-9.1734,-10.17,-9.4051,-8.0249,-6.0138,-4.1884,-2.9777,-1.5227,-0.19173,1.0471,1.8656,2.8092,3.5321,3.9236,4.2011,4.2212,4.0658,3.6061,2.8828,1.8844,0.93507,-0.58149,-2.5041,-4.3669,-7.508,-11.967,-15.538,-13.154,-8.9735,-6.2726,-4.9597,-3.9437,-3.6252,-3.7732,-4.4133,-5.4399,-6.6104,-7.3463,-7.7557,-7.0343,-5.7939,-3.6026,-1.2347,0.42361,2.4029,4.019,5.3255,6.0854,6.8374,7.3277,7.541,7.6473,7.5862,7.3938,7.1839,6.8446,6.46,6.1462,5.706,5.2202,4.8208,4.2166,3.5156,2.709,2.0483,1.2356,0.66309,0.49852,0.72468,1.2373,1.6466,2.041,2.1386,1.8497,1.3411,0.21248,-1.5461,-3.3917,-6.9066,-12.36,-18.248,-14.8,-10.375,-8.15,-7.3857,-7.058,-7.1983,-7.4767,-7.6374,-7.3777,-6.726,-6.2173,-5.7423,-5.8013,-6.2259,-7.5334,-10.041,-13.031,-18.151,-15.183,-10.332,-8.0466,-6.217,-5.3476,-5.2953,-5.9692,-7.692,-11.042,-15.069,-15.715,-8.9495,-5.453,-2.1214,0.28892,1.6874,3.1383,4.2168,4.9776,5.3674,5.6812,5.7881,5.7355,5.5736,5.3407,5.1463,4.965,4.8854,4.9424,5.0503,5.2269,5.3678,5.4189,5.364,5.1457,4.7614,4.3484,3.6709,2.8935,2.2824,1.4991,0.86592,0.54909,0.29233,0.19322,0.13759,0.074972,-0.10298,-0.42848,-0.77048,-1.355,-2.0979,-2.7213,-3.5917,-4.4113,-5.0314,-5.2611,-5.1337,-4.5004,-3.7369,-2.536,-1.2401,-0.063301,0.69186,1.5001,2.007,2.1944,2.1606,1.7902,1.2789,0.31325,-1.0215,-2.7026,-4.1284,-6.0582,-7.7653,-8.7541,-9.5523,-9.4496,-8.5389,-6.422,-3.9171,-1.5041,0.13722,2.0234,3.6601,4.7461,6.0238,7.155,8.1354
-7.5069,-7.4721,-7.3522,-7.1006,-6.8487,-6.5483,-6.4584,-6.6037,-7.2404,-8.636,-11.153,-14.393,-20.613,-15.613,-10.952,-6.8572,-4.0039,-2.3566,-0.57855,0.84875,1.9936,2.7014,3.4622,4.0172,4.2923,4.4817,4.4616,4.306,3.9256,3.319,2.4931,1.7163,0.43213,-1.213,-2.6965,-5.0627,-7.5754,-8.9176,-8.3573,-6.5213,-4.8106,-3.8933,-3.1803,-3.0293,-3.2812,-4.1105,-5.6278,-8.0769,-10.929,-17.547,-17.182,-11.015,-5.8156,-2.31,-0.30332,1.8551,3.4595,4.6733,5.3601,5.9921,6.3341,6.4262,6.3617,6.1248,5.7733,5.4913,5.1408,4.8875,4.7867,4.7539,4.8047,4.8663,4.9205,4.9164,4.8591,4.7829,4.6467,4.5132,4.4358,4.3402,4.2165,4.0809,3.7887,3.2999,2.5548,1.8013,0.4881,-1.2296,-2.8093,-5.2858,-7.897,-9.5968,-9.7352,-9.1093,-8.5734,-8.7904,-9.7697,-12.128,-15.278,-22.09,-18.219,-12.678,-10.242,-8.3504,-7.5179,-7.527,-8.1404,-9.4556,-10.791,-11.999,-11.359,-9.5796,-8.329,-7.1302,-6.5393,-6.5173,-6.975,-7.9966,-9.3073,-10.147,-9.8031,-7.7674,-5.8773,-3.5374,-1.5494,-0.29498,1.0778,2.1088,2.8215,3.1553,3.3252,3.1772,2.8921,2.2228,1.3091,0.58082,-0.23229,-0.40541,0.20267,0.96981,2.055,2.9463,3.4083,3.7188,3.6801,3.2597,2.6867,1.593,0.08401,-1.3156,-3.2924,-4.7965,-5.0773,-4.2321,-2.97,-1.8821,-1.295,-0.84832,-0.75527,-0.88491,-1.3628,-2.1032,-2.8337,-3.9666,-5.158,-6.0969,-6.3765,-5.9248,-4.7158,-3.5796,-1.9898,-0.55374,0.69718,1.4863,2.2908,2.8306,3.06,3.1121,2.9002,2.5578,1.8633,0.91118,-0.29243,-1.3695,-3.067,-5.196,-7.2971,-11.487,-21.582,-22.155,-10.274,-4.9934,-1.5068,0.49851,2.604,4.2419,5.2422,6.3073,7.1144,7.6974
-14.918,-15.036,-15.447,-14.583,-12.927,-10.531,-8.6909,-7.7265,-6.9925,-6.8125,-6.8884,-6.9796,-6.8168,-5.9913,-5.009,-3.4964,-1.9709,-0.90532,0.35269,1.436,2.3166,2.8651,3.4337,3.8225,3.9864,4.0823,4.021,3.8721,3.5752,3.1638,2.6443,2.2032,1.5228,0.75596,0.17074,-0.56961,-1.1583,-1.4737,-1.5093,-1.3404,-1.0672,-0.89569,-0.81158,-0.944,-1.2344,-1.8905,-2.9126,-4.2643,-5.3801,-6.4441,-6.0947,-4.814,-2.6403,-0.54692,0.82118,2.3423,3.4756,4.2952,4.7176,4.9989,4.9797,4.7674,4.2286,3.4047,2.35,1.4962,0.51051,0.08431,0.3003,1.1399,2.241,3.0634,4.0184,4.7691,5.3366,5.6509,5.906,6.0137,6.0172,5.8925,5.6272,5.3342,4.8079,4.1186,3.2596,2.5117,1.3998,0.17723,-0.77955,-2.0121,-3.0998,-3.9565,-4.4796,-5.0393,-5.6453,-6.2638,-7.2945,-8.7913,-10.027,-11.103,-10.687,-9.1313,-7.95,-6.7452,-5.9853,-5.77,-5.74,-5.9193,-6.1118,-6.3116,-6.3066,-6.136,-5.9755,-5.7873,-5.7403,-5.8158,-6.0406,-6.3827,-6.6683,-6.8191,-6.6784,-6.082,-5.3826,-4.2409,-2.973,-2.0261,-0.89339,0.021681,0.66414,0.93923,0.98789,0.63772,0.11562,-1.1586,-3.2941,-5.8,-11.953,-19.02,-8.418,-4.4208,-1.1771,0.81956,1.7731,2.4829,2.6466,2.2743,1.6447,0.30258,-1.772,-4.0438,-8.6656,-17.372,-17.05,-9.2476,-5.396,-3.1681,-2.1078,-1.279,-0.95565,-0.98082,-1.4339,-2.3305,-3.3513,-5.3288,-8.4672,-13.949,-20.945,-14.367,-8.0966,-5.1859,-2.3835,-0.38216,1.1308,2.0079,2.8674,3.4514,3.7134,3.85,3.7727,3.578,3.1325,2.5246,1.7434,1.0453,-0.02267,-1.2061,-2.1491,-3.2831,-3.8146,-3.5105,-2.2869,-0.52161,1.2827,2.5114,3.9144,5.0235,5.6653,6.2636,6.5476,6.5273
-15.087,-16.498,-20.324,-19.436,-14.869,-10.412,-7.5083,-6.02,-4.6812,-3.7997,-3.2317,-2.8993,-2.4892,-2.0223,-1.6013,-0.93457,-0.20836,0.36638,1.1299,1.8322,2.4327,2.8002,3.1496,3.3258,3.3498,3.2571,3.0383,2.8166,2.4918,2.1946,1.9502,1.8213,1.699,1.6272,1.6018,1.5729,1.5641,1.5718,1.6053,1.6714,1.7448,1.7742,1.7676,1.6782,1.5507,1.2931,0.99254,0.68427,0.5191,0.47221,0.6936,1.02,1.6664,2.4091,2.9728,3.6474,4.1825,4.5216,4.6328,4.5597,4.1883,3.6834,2.6421,1.0823,-1.2113,-3.7219,-9.1107,-17.238,-10.806,-4.4184,-0.7378,1.1864,3.1166,4.5385,5.5677,6.1332,6.6511,6.9249,6.9814,6.8601,6.5353,6.1562,5.4797,4.6141,3.5949,2.7531,1.5922,0.48068,-0.26008,-1.0491,-1.5962,-1.9395,-2.1144,-2.2807,-2.5394,-2.659,-2.9715,-3.2938,-3.5104,-3.6645,-3.6353,-3.4373,-3.2608,-3.0369,-2.923,-2.925,-3.0914,-3.3644,-3.5789,-3.9249,-4.2833,-4.563,-4.7024,-4.8735,-5.0519,-5.2336,-5.6068,-6.1488,-6.9278,-7.5643,-8.4782,-8.8826,-8.5562,-7.2235,-5.4487,-4.1393,-2.6711,-1.5641,-0.82499,-0.49807,-0.32739,-0.44643,-0.73326,-1.3428,-2.2528,-3.0763,-3.9956,-3.9774,-2.651,-1.2589,0.5307,1.9364,2.6841,3.2946,3.4507,3.1992,2.7605,1.8614,0.66404,-0.39045,-1.749,-2.715,-2.9378,-2.5779,-1.8077,-1.0188,-0.52685,-0.053422,0.16542,0.13405,-0.14167,-0.74423,-1.3941,-2.5754,-4.0342,-5.4238,-5.8864,-5.1395,-3.333,-1.8559,-0.096755,1.3759,2.5168,3.1685,3.8387,4.2801,4.4751,4.5924,4.5437,4.4219,4.1493,3.7746,3.3275,2.9752,2.5247,2.1368,1.9233,1.8066,1.9444,2.219,2.8006,3.5645,4.394,5.0052,5.7464,6.3227,6.6124,6.7768,6.6224,6.0698
-5.1751,-5.3268,-5.2879,-4.8257,-4.1593,-3.0454,-1.9813,-1.327,-0.67273,-0.27389,-0.13518,-0.14271,-0.23763,-0.38779,-0.45617,-0.38918,-0.089762,0.27837,0.9036,1.5402,2.1022,2.3986,2.6121,2.5855,2.4146,1.9317,1.2297,0.62477,-0.18758,-0.7482,-0.79332,-0.50262,0.20135,1.0111,1.5542,2.1569,2.6112,2.9333,3.1038,3.2601,3.3657,3.4325,3.5136,3.5734,3.6113,3.6402,3.6555,3.6606,3.6645,3.6799,3.7343,3.8068,3.9521,4.1369,4.2902,4.4926,4.7071,4.8295,4.8212,4.6576,4.2468,3.7466,2.7965,1.4861,-0.17398,-1.5599,-3.2868,-4.0061,-3.3933,-1.5593,0.5754,2.0859,3.8361,5.2665,6.3723,6.9975,7.5916,7.9061,7.9543,7.8016,7.3865,6.9022,6.0104,4.8327,3.3605,2.0745,0.14955,-1.7751,-2.9063,-3.5071,-3.0856,-2.1962,-1.4908,-0.72563,-0.13624,0.16673,0.39683,0.5334,0.5802,0.57719,0.55375,0.47572,0.39167,0.21106,-0.10099,-0.39167,-0.93213,-1.657,-2.3164,-3.2624,-4.218,-5.0057,-5.3535,-5.4569,-5.2917,-5.1735,-5.2409,-5.7436,-6.9534,-8.5157,-12.181,-21.652,-25.294,-12.233,-7.3068,-5.0642,-3.1074,-1.9718,-1.4186,-1.2658,-1.2374,-1.2189,-1.1558,-0.82284,-0.2974,0.18141,0.89028,1.7125,2.6207,3.3168,4.1843,4.8958,5.276,5.5491,5.5465,5.2854,4.9328,4.282,3.5039,2.8977,2.1535,1.5642,1.2412,1.0511,1.0502,1.1801,1.3166,1.5145,1.6645,1.7167,1.742,1.6741,1.559,1.3694,1.2221,1.1842,1.283,1.6197,2.158,2.6343,3.2943,3.8717,4.3319,4.6001,4.8518,4.9777,5.0115,4.9737,4.842,4.6844,4.423,4.0867,3.7378,3.5027,3.2777,3.2118,3.311,3.6207,4.0767,4.4898,5.1269,5.7734,6.3916,6.8073,7.283,7.6423,7.8172,7.8947,7.7733,7.3879
2.0536,2.0078,2.01,2.0959,2.1964,2.3406,2.4328,2.4229,2.2679,1.8729,1.2235,0.52533,-0.70864,-2.2624,-3.5334,-4.8859,-4.8868,-3.989,-2.4098,-0.9789,0.044246,0.52418,0.79025,0.64375,0.24124,-0.70755,-2.2412,-3.9058,-7.126,-11.55,-11.541,-7.9839,-4.1788,-1.661,-0.33599,0.87546,1.62,2.0238,2.1492,2.1743,2.1389,2.1514,2.2677,2.5256,2.7771,3.1407,3.4328,3.626,3.6772,3.6209,3.4297,3.2338,2.9019,2.6152,2.4866,2.5072,2.7239,3.0546,3.2762,3.4155,3.3067,3.0301,2.3949,1.4799,0.36967,-0.45432,-1.3405,-1.6671,-1.4058,-0.41156,1.0442,2.2416,3.7666,5.0972,6.1789,6.7982,7.3644,7.6455,7.6773,7.4811,7.0021,6.4535,5.4472,4.0835,2.2544,0.4684,-2.7521,-7.9069,-15.496,-17.95,-8.1336,-4.0913,-2.2308,-0.55965,0.57824,1.0932,1.6078,1.8784,1.9769,1.9931,1.905,1.7284,1.5452,1.1982,0.72306,0.22124,-0.62553,-1.8091,-3.0093,-5.1575,-8.1342,-11.885,-13.518,-11.09,-7.9282,-6.2495,-4.8338,-4.2097,-4.1854,-4.5631,-5.2768,-5.7458,-5.5857,-4.5926,-3.2918,-2.4689,-1.7972,-1.7145,-2.2975,-3.2142,-5.0551,-6.8739,-6.8131,-4.5858,-1.8166,-0.018591,1.9129,3.4362,4.6305,5.3473,6.0742,6.5456,6.7353,6.7508,6.5182,6.0301,5.5142,4.6509,3.6471,2.8864,1.8857,1.0349,0.56903,0.17711,0.026896,0.0718,0.18618,0.38964,0.66467,0.93238,1.2958,1.7043,2.0016,2.4029,2.7777,3.1372,3.3914,3.7065,3.9729,4.1276,4.2469,4.2323,4.1034,3.9487,3.6534,3.3536,3.1554,2.9219,2.7238,2.5384,2.1811,1.6611,0.96879,0.39716,-0.21872,-0.29038,0.13451,1.1824,2.4309,3.3402,4.3956,5.233,5.8733,6.2395,6.6068,6.9002,7.0991,7.3505,7.5869,7.789
4.6467,4.5653,4.4268,4.2587,4.0973,3.8139,3.4404,3.0821,2.4482,1.59,0.44295,-0.68915,-2.7269,-5.6814,-8.9855,-16.674,-16.981,-11.089,-6.8496,-4.5228,-3.2524,-2.7453,-2.5575,-2.812,-3.2704,-4.1296,-5.3442,-6.5268,-8.4271,-10.124,-9.7966,-8.1513,-5.6794,-3.6656,-2.5424,-1.6209,-1.2572,-1.4291,-1.8725,-2.8112,-3.9041,-4.5062,-4.4552,-3.4118,-2.387,-1.1261,-0.18694,0.35351,0.49699,0.33462,-0.26423,-1.026,-2.4517,-4.2212,-5.3708,-5.6004,-4.2412,-2.4104,-1.2471,-0.19777,0.30003,0.31899,-0.13983,-1.1469,-2.7791,-4.5314,-7.6578,-10.754,-10.2,-6.4122,-2.9682,-0.9744,1.0939,2.6257,3.7196,4.3022,4.7886,4.9852,4.9707,4.7252,4.2584,3.7618,2.9253,1.8644,0.57115,-0.56163,-2.2273,-3.8505,-4.7404,-5.0426,-4.3518,-3.1887,-2.3341,-1.3692,-0.72336,-0.34184,-0.065011,-0.0017512,-0.060594,-0.22554,-0.47586,-0.7371,-0.94612,-1.2291,-1.5409,-1.8622,-2.4731,-3.3542,-4.2611,-5.9505,-8.2691,-10.824,-11.683,-9.983,-7.2637,-5.594,-3.8928,-2.7457,-2.009,-1.6324,-1.3043,-1.0463,-0.85799,-0.60202,-0.41455,-0.39454,-0.62319,-1.2661,-2.4794,-3.9015,-6.7646,-10.357,-10.816,-6.7903,-3.0031,-0.85096,1.3133,2.919,4.1096,4.7675,5.3762,5.6841,5.7239,5.5175,4.9952,4.14,3.2672,1.8075,-0.010605,-1.5761,-3.7939,-5.6855,-6.4572,-6.6334,-6.2601,-5.865,-5.6363,-5.3671,-4.9459,-4.4426,-3.5536,-2.5,-1.6714,-0.63874,0.24431,0.97436,1.411,1.8311,2.0448,2.0543,1.823,1.3221,0.50206,-0.3359,-1.661,-2.9462,-3.6077,-3.7485,-3.3096,-2.9509,-2.8442,-3.3724,-4.8465,-6.8588,-11.666,-17.244,-11.525,-5.6691,-2.2278,-0.50602,1.0169,1.9099,2.3062,2.3639,2.2254,2.0543,2.0847,2.5299,3.3955,4.4799
5.189,5.0661,4.8211,4.4756,4.155,3.6475,3.0478,2.5376,1.7718,0.91741,-0.06902,-0.90418,-2.146,-3.4965,-4.4885,-5.5052,-5.8349,-5.6487,-5.1358,-4.7215,-4.6322,-4.8331,-5.427,-6.3053,-6.9802,-7.7216,-8.0172,-7.9435,-7.5311,-6.8864,-6.0299,-5.2934,-4.2945,-3.4366,-3.0093,-2.7278,-2.9495,-3.7876,-4.9141,-7.4043,-11.99,-19.301,-20.567,-10.855,-7.533,-4.8841,-3.308,-2.4718,-2.2308,-2.3935,-3.1258,-4.144,-6.276,-9.8775,-14.163,-16.091,-9.9123,-5.9244,-3.9912,-2.3194,-1.4341,-1.1897,-1.3683,-2.1226,-3.4824,-4.944,-7.4364,-9.5739,-9.2386,-6.5794,-3.8473,-2.1917,-0.51382,0.65406,1.3984,1.7281,1.9009,1.8108,1.5933,1.1647,0.63149,0.19671,-0.41209,-1.0273,-1.6296,-2.0585,-2.5886,-3.0153,-3.2293,-3.3279,-3.2089,-2.9743,-2.7693,-2.5359,-2.4197,-2.4129,-2.6369,-3.0433,-3.488,-4.2222,-4.9889,-5.6016,-5.8304,-5.7475,-5.3804,-5.0038,-4.6251,-4.4327,-4.4375,-4.5641,-4.7249,-4.7717,-4.6223,-4.092,-3.3043,-2.615,-1.7095,-0.88342,-0.20268,0.24176,0.71035,1.0498,1.236,1.376,1.3837,1.2928,1.02,0.55683,-0.073156,-0.60192,-1.255,-1.6378,-1.5634,-1.0209,-0.084903,0.70986,1.7801,2.7285,3.5034,3.9546,4.3551,4.5085,4.4382,4.0871,3.3885,2.3082,1.1966,-0.74637,-3.3994,-6.1128,-11.355,-22.024,-28.52,-16.235,-13.151,-12.449,-12.893,-14.325,-15.572,-14.815,-11.743,-8.7612,-6.9238,-4.9696,-3.4387,-2.2664,-1.5874,-0.93603,-0.58469,-0.5429,-0.82272,-1.5603,-2.9192,-4.5023,-7.7407,-13.74,-25.356,-16.115,-9.7326,-7.3869,-5.7235,-5.188,-5.4644,-6.0865,-7.0882,-7.2838,-6.4021,-4.4801,-2.6347,-1.5846,-0.72254,-0.45784,-0.85966,-1.6686,-3.5856,-6.8085,-9.7637,-8.7396,-3.9655,-0.36359
5.3826,5.2332,4.8896,4.3779,3.8953,3.1415,2.2901,1.6252,0.7799,0.038894,-0.56004,-0.91163,-1.2879,-1.5978,-1.7962,-2.0201,-2.2204,-2.3753,-2.6772,-3.1788,-4.017,-4.9882,-6.8848,-9.7756,-12.845,-17.397,-15.226,-11.831,-8.5494,-6.2875,-4.6714,-3.7231,-2.7542,-2.0924,-1.802,-1.6773,-1.889,-2.4506,-3.1144,-4.258,-5.5036,-6.2126,-6.3922,-5.6869,-4.9065,-3.9036,-3.1764,-2.7396,-2.6017,-2.6517,-2.932,-3.2603,-3.8332,-4.3848,-4.6058,-4.3805,-3.6035,-2.5306,-1.7384,-0.84449,-0.25129,-0.019238,0.027182,-0.21262,-0.66183,-1.0676,-1.5662,-1.8262,-1.7881,-1.4215,-0.85248,-0.41537,0.076857,0.37214,0.42519,0.27454,-0.17699,-0.90132,-1.6045,-2.6417,-3.6614,-4.2717,-4.7872,-4.9251,-4.8325,-4.6982,-4.5168,-4.3728,-4.2816,-4.1571,-4.0134,-3.8862,-3.8131,-3.7878,-3.8361,-4.0872,-4.6112,-5.5042,-6.4826,-8.3705,-11.109,-14.677,-16.09,-13.508,-10.117,-8.146,-6.2168,-4.8897,-4.1682,-3.4326,-2.8579,-2.3468,-1.9541,-1.4006,-0.79848,-0.30678,0.34964,0.99566,1.6081,2.0125,2.4868,2.8581,3.0621,3.2254,3.2606,3.2042,3.0194,2.7228,2.3411,2.0306,1.6499,1.3489,1.239,1.2465,1.4503,1.717,2.2033,2.7622,3.3106,3.6742,4.0291,4.1905,4.1562,3.8686,3.2862,2.3764,1.4719,-0.090079,-2.0219,-3.7165,-6.1246,-8.2952,-9.405,-10.223,-10.825,-11.86,-13.197,-15.965,-18.922,-18.175,-14.417,-11.23,-9.3893,-7.4994,-5.9521,-4.6284,-3.7509,-2.7615,-2.0233,-1.6718,-1.5024,-1.7597,-2.4463,-3.2426,-4.5824,-5.9532,-6.5861,-6.3898,-5.3491,-4.4581,-3.4362,-2.7213,-2.2527,-2.0094,-1.7215,-1.3454,-0.98848,-0.44245,0.080677,0.36221,0.50948,0.29971,-0.33946,-1.1542,-2.7444,-4.7448,-5.9016,-5.3402,-2.8226,-0.20303
5.3944,5.249,4.8072,4.077,3.3296,2.0627,0.5187,-0.74894,-2.3476,-3.3716,-3.3942,-2.8971,-2.0039,-1.1706,-0.66942,-0.19855,0.032911,0.050737,-0.15304,-0.64662,-1.4933,-2.3929,-4.0185,-6.1461,-7.938,-9.6793,-9.0752,-7.5412,-5.3776,-3.6148,-2.2692,-1.4932,-0.69241,-0.13442,0.1632,0.33799,0.33339,0.15838,-0.078114,-0.47703,-0.89433,-1.1904,-1.4909,-1.7167,-1.8616,-2.0447,-2.252,-2.469,-2.5999,-2.6616,-2.5676,-2.3795,-2.0325,-1.5868,-1.1955,-0.62709,0.011609,0.64648,1.0779,1.5499,1.8813,2.0211,2.0606,1.9646,1.7687,1.5911,1.3646,1.1927,1.1129,1.0581,1.039,1.0057,0.88063,0.59646,0.075459,-0.51605,-1.6424,-3.2348,-4.792,-7.4812,-10.875,-13.333,-13.716,-11.472,-9.4207,-8.3513,-7.4005,-6.8404,-6.579,-6.3518,-6.1781,-5.9355,-5.7235,-5.4489,-5.2984,-5.3234,-5.55,-6.1893,-6.9814,-8.5412,-10.787,-13.354,-14.207,-12.322,-9.405,-7.5589,-5.6351,-4.2155,-3.3951,-2.5576,-1.9207,-1.382,-1.0036,-0.49921,0.070574,0.53205,1.2088,1.9133,2.6159,3.0983,3.6773,4.155,4.4249,4.6638,4.7529,4.7155,4.5319,4.2049,3.7427,3.3119,2.6467,1.9313,1.371,0.75188,0.3975,0.41829,0.82269,1.5749,2.4564,3.0751,3.7604,4.2103,4.38,4.3593,4.0736,3.5213,2.9491,1.983,0.84054,-0.097275,-1.3663,-2.586,-3.45,-4.5411,-5.5597,-6.585,-7.3586,-8.3202,-9.0655,-9.4319,-9.5735,-9.5998,-9.609,-9.481,-8.8347,-7.4209,-6.0473,-4.2091,-2.6423,-1.7166,-0.84948,-0.35856,-0.18625,-0.21978,-0.40746,-0.63855,-0.75257,-0.7584,-0.60365,-0.40135,-0.057434,0.34619,0.75448,1.0645,1.4845,1.8929,2.182,2.5148,2.7395,2.8237,2.814,2.6215,2.269,1.9287,1.4457,1.0644,0.96217,1.166,1.7666,2.6233
4.3814,4.2866,3.8202,2.95,1.9958,0.24162,-2.244,-4.8785,-10.515,-26.551,-12.812,-7.877,-4.2199,-1.9684,-0.80346,0.27969,0.96084,1.249,1.3858,1.2524,0.87683,0.4692,-0.20216,-0.92417,-1.4095,-1.8599,-1.9748,-1.8558,-1.5108,-1.0643,-0.60607,-0.29206,0.084089,0.40296,0.59986,0.80753,0.92786,0.94817,0.90453,0.74934,0.48525,0.21599,-0.26882,-0.91776,-1.5344,-2.5856,-3.87,-5.3255,-6.3022,-6.8832,-6.2216,-5.1832,-3.5755,-2.0959,-1.1362,-0.076099,0.7979,1.4719,1.8573,2.1998,2.3621,2.373,2.2467,1.9979,1.6633,1.3894,1.033,0.72759,0.55619,0.3923,0.26912,0.17203,-0.045456,-0.43649,-1.0893,-1.7778,-3.0355,-4.7704,-6.4684,-9.3981,-13.233,-16.121,-16.593,-14.074,-12.052,-11.141,-10.581,-10.594,-10.893,-11.456,-11.778,-11.362,-10.575,-9.2945,-8.2064,-7.4615,-6.8925,-6.6478,-6.6716,-6.8834,-7.1544,-7.3095,-7.2189,-6.7895,-6.0741,-5.4914,-4.6986,-4.032,-3.6321,-3.2844,-3.1073,-3.0402,-3.0094,-2.8547,-2.4572,-1.9566,-1.0306,0.057332,1.1479,1.9211,2.8108,3.5201,3.9218,4.279,4.4317,4.4117,4.2063,3.7904,3.1531,2.5098,1.3736,-0.14618,-1.615,-4.1306,-6.9624,-7.9373,-5.9508,-2.901,-0.43939,0.95725,2.3205,3.2108,3.6146,3.8588,3.7972,3.4842,3.1025,2.4694,1.7021,1.0928,0.24304,-0.6172,-1.2419,-2.0396,-2.82,-3.6015,-4.1932,-4.9947,-5.8426,-6.5641,-7.7965,-9.6055,-11.746,-16.9,-27.829,-14.775,-9.9452,-5.9018,-3.233,-1.7941,-0.42609,0.47732,0.99385,1.1794,1.208,1.071,0.90203,0.62736,0.39025,0.28541,0.29346,0.51554,0.92918,1.3305,1.9178,2.4789,2.8515,3.2433,3.4869,3.5698,3.5295,3.3407,3.0151,2.7089,2.2863,1.9122,1.7146,1.6296,1.7973,2.2108
2.7659,2.7091,2.3137,1.565,0.78292,-0.54771,-2.1769,-3.5281,-5.2263,-6.166,-5.7502,-4.7779,-3.2175,-1.7751,-0.85483,0.13698,0.86781,1.2523,1.5631,1.6674,1.5979,1.443,1.1345,0.74394,0.41788,-0.004508,-0.41225,-0.6931,-1.0533,-1.3755,-1.6364,-1.7594,-1.8228,-1.7302,-1.5863,-1.2646,-0.92126,-0.6177,-0.44612,-0.33882,-0.41615,-0.60744,-1.0886,-1.859,-2.6762,-4.2168,-6.4942,-10.082,-14.689,-32.96,-15.02,-10.177,-6.3673,-3.8949,-2.5418,-1.1643,-0.19322,0.46996,0.78756,0.99109,0.94214,0.74782,0.29418,-0.38037,-1.2262,-1.9278,-2.8307,-3.4993,-3.741,-3.6842,-3.3769,-3.1182,-2.8845,-2.8864,-3.1819,-3.6257,-4.4795,-5.6275,-6.6304,-8.1142,-9.5594,-10.499,-11.326,-11.762,-12.021,-12.255,-12.907,-14.214,-15.865,-19.728,-28.731,-25.372,-18.907,-14.282,-11.437,-10.11,-8.8797,-8.0918,-7.7173,-7.4118,-7.2143,-7.0273,-6.8566,-6.5734,-6.2338,-5.981,-5.7027,-5.5534,-5.5841,-5.8521,-6.4557,-7.4901,-8.5498,-10.104,-10.792,-9.834,-7.321,-4.729,-2.5599,-1.2265,0.1664,1.1753,1.7191,2.1831,2.3791,2.3718,2.1679,1.7485,1.1123,0.48285,-0.61254,-2.1079,-3.5783,-6.1934,-9.4296,-10.646,-8.1639,-4.6828,-2.0522,-0.59527,0.78232,1.658,2.0335,2.2269,2.1088,1.7418,1.3376,0.68454,-0.037645,-0.57784,-1.2791,-1.9117,-2.3334,-2.8129,-3.2538,-3.6686,-3.982,-4.4399,-4.9641,-5.4103,-6.1939,-7.1698,-7.9966,-8.9564,-8.9887,-7.6528,-6.1176,-4.0208,-2.2219,-1.1372,-0.017443,0.70311,1.0671,1.1189,0.91729,0.40813,-0.17816,-1.2014,-2.4123,-3.2992,-4.0566,-3.8937,-2.8371,-1.799,-0.46004,0.65986,1.3136,1.9376,2.2987,2.3933,2.2849,1.939,1.3618,0.7881,-0.14743,-1.2039,-1.9988,-2.8355,-3.0999,-2.586
