5.9634,5.6327,5.1423,4.5979,4.1578,3.5332,2.8656,2.3349,1.5844,0.78522,-0.060408,-0.72277,-1.6377,-2.579,-3.2964,-4.2579,-5.2071,-5.8986,-6.7746,-7.5743,-8.2746,-8.7214,-9.2013,-9.5534,-9.737,-9.8782,-9.9271,-9.9257,-9.896,-9.8224,-9.6959,-9.5712,-9.3926,-9.2337,-9.1388,-9.0519,-9.0126,-9.0191,-9.0492,-9.112,-9.2025,-9.2864,-9.4112,-9.541,-9.6342,-9.7427,-9.8195,-9.8548,-9.8587,-9.8273,-9.7375,-9.6423,-9.5013,-9.3652,-9.2798,-9.2037,-9.1953,-9.278,-9.4103,-9.6926,-10.117,-10.544,-11.283,-12.26,-13.537,-14.74,-16.756,-19.44,-22.105,-26.277,-26.45,-23.439,-19.863,-17.312,-15.479,-14.433,-13.373,-12.615,-12.214,-11.867,-11.717,-11.724,-11.882,-12.205,-12.696,-13.171,-13.942,-14.866,-15.641,-16.738,-17.782,-18.529,-18.729,-18.449,-17.689,-16.964,-15.96,-15.021,-14.395,-13.676,-13.078,-12.617,-12.367,-12.152,-12.076,-12.107,-12.267,-12.559,-12.865,-13.391,-14.043,-14.823,-15.482,-16.437,-17.451,-18.197,-19.062,-19.643,-19.894,-19.924,-19.851,-19.805,-19.863,-20.16,-20.814,-21.618,-23.191,-25.161,-25.732,-23.803,-19.976,-16.451,-14.178,-11.547,-9.2738,-7.7544,-5.9299,-4.2942,-2.8186,-1.803,-0.5555,0.57969,1.362,2.3168,3.181,3.9628,4.4955,5.1361,5.6988,6.0715,6.5034,6.8621,7.0838,7.3162,7.4775,7.5676,7.5891,7.5562,7.4527,7.329,7.1023,6.8048,6.5353,6.1136,5.6209,5.0561,4.5848,3.8925,3.1256,2.5007,1.5987,0.61635,-0.45052,-1.3084,-2.5336,-3.8603,-4.9277,-6.4537,-8.1137,-9.4643,-11.437,-13.655,-16.209,-18.435,-22.032,-26.767,-31.106,-32.795,-29.256,-27.104,-24.922,-23.178,-21.833,-21.162,-20.732,-20.832,-21.246,-22.322,-24.244,-27.795
7.0867,6.6078,5.9063,5.1381,4.521,3.6478,2.7206,1.9914,0.97429,-0.095589,-1.2241,-2.1158,-3.3785,-4.7484,-5.8683,-7.5258,-9.4401,-11.113,-13.815,-17.379,-22.425,-26.448,-23.74,-19.133,-16.741,-14.48,-12.892,-11.996,-11.08,-10.403,-9.9162,-9.6535,-9.4182,-9.2935,-9.2571,-9.2611,-9.2948,-9.3209,-9.3132,-9.2423,-9.0807,-8.8938,-8.5614,-8.1502,-7.806,-7.3202,-6.8228,-6.3303,-5.973,-5.5224,-5.1087,-4.8277,-4.4968,-4.2219,-4.0553,-3.8913,-3.7977,-3.7787,-3.8153,-3.9339,-4.1342,-4.3359,-4.668,-5.0633,-5.5065,-5.8547,-6.3151,-6.7355,-7.0019,-7.2672,-7.4188,-7.4605,-7.4365,-7.3594,-7.2709,-7.2189,-7.1923,-7.2332,-7.3178,-7.508,-7.7913,-8.0643,-8.5052,-9.0236,-9.6054,-10.071,-10.706,-11.324,-11.748,-12.224,-12.556,-12.712,-12.707,-12.546,-12.24,-11.942,-11.486,-11.005,-10.654,-10.22,-9.8551,-9.5819,-9.447,-9.372,-9.428,-9.5634,-9.8731,-10.34,-10.801,-11.566,-12.508,-13.622,-14.553,-15.859,-17.106,-17.858,-18.425,-18.42,-18.004,-17.565,-16.922,-16.302,-15.894,-15.451,-15.117,-14.922,-14.702,-14.478,-14.181,-13.866,-13.264,-12.409,-11.589,-10.28,-8.7845,-7.586,-5.9424,-4.2985,-2.6941,-1.5317,-0.052761,1.3349,2.3118,3.5265,4.639,5.6486,6.3382,7.1682,7.8964,8.3763,8.9285,9.3813,9.6563,9.9375,10.122,10.21,10.213,10.134,9.9613,9.7705,9.4351,9.0081,8.6285,8.0438,7.3705,6.6101,5.9836,5.0746,4.0831,3.2865,2.1553,0.94681,-0.33701,-1.3475,-2.7563,-4.2323,-5.3815,-6.9661,-8.6038,-9.8615,-11.569,-13.298,-15.036,-16.341,-18.087,-19.877,-21.289,-23.28,-25.271,-26.507,-27.084,-26.024,-24.055,-22.495,-20.568,-18.902,-17.817,-16.555,-15.451,-14.454
8.1881,7.2526,5.8597,4.3092,3.0568,1.3114,-0.41558,-1.5892,-2.8184,-3.5491,-3.8466,-3.9052,-3.9167,-3.9641,-4.0558,-4.2634,-4.5532,-4.8039,-5.1468,-5.4472,-5.6688,-5.7814,-5.8572,-5.8472,-5.7936,-5.6926,-5.6028,-5.5691,-5.5878,-5.7051,-5.9416,-6.2118,-6.7217,-7.4329,-8.132,-9.3465,-11,-13.338,-15.859,-21.532,-36.955,-23.452,-16.175,-12.185,-10.048,-7.8343,-6.0909,-4.67,-3.7672,-2.7388,-1.8762,-1.3226,-0.69306,-0.17508,0.14709,0.49406,0.75359,0.93244,1.0174,1.0691,1.056,1.0086,0.89946,0.74632,0.55704,0.39773,0.16925,-0.0698,-0.25223,-0.49661,-0.74197,-0.92735,-1.1777,-1.4368,-1.7179,-1.9498,-2.2929,-2.6838,-3.0165,-3.525,-4.1218,-4.6377,-5.4315,-6.3694,-7.4897,-8.4822,-10.078,-12.118,-14.095,-17.762,-24.002,-28.949,-22.22,-16.707,-13.299,-11.423,-9.4727,-7.9572,-7.0364,-6.04,-5.2688,-4.6953,-4.3833,-4.1163,-4.0066,-4.0221,-4.1647,-4.4354,-4.7124,-5.1712,-5.716,-6.3223,-6.8044,-7.4606,-8.1083,-8.5745,-9.1548,-9.6817,-10.155,-10.479,-10.883,-11.277,-11.592,-12.092,-12.709,-13.255,-14.092,-15.052,-16.083,-16.76,-17.081,-16.164,-14.696,-12.245,-9.6881,-7.8289,-5.4879,-3.3108,-1.2809,0.15023,1.9407,3.6,4.7593,6.1931,7.5005,8.6813,9.4844,10.446,11.282,11.827,12.446,12.941,13.231,13.509,13.665,13.699,13.643,13.463,13.161,12.855,12.341,11.707,11.153,10.312,9.3548,8.2854,7.4127,6.1608,4.8173,3.7582,2.293,0.7911,-0.71676,-1.8287,-3.2567,-4.5952,-5.5286,-6.6756,-7.7226,-8.4547,-9.3807,-10.271,-11.137,-11.773,-12.644,-13.571,-14.28,-15.161,-15.882,-16.254,-16.474,-16.348,-15.9,-15.406,-14.603,-13.707,-13.036,-12.202,-11.445,-10.731
8.3501,7.1561,5.3306,3.2067,1.3979,-1.2828,-4.0147,-5.5914,-6.1733,-5.3219,-4.162,-3.4218,-2.6949,-2.2444,-2.0575,-1.9689,-2.0259,-2.1431,-2.364,-2.6159,-2.8773,-3.0801,-3.351,-3.606,-3.7778,-3.9761,-4.143,-4.2552,-4.4006,-4.5607,-4.7598,-4.9431,-5.2437,-5.6116,-5.9262,-6.3915,-6.878,-7.344,-7.6415,-7.9012,-7.9088,-7.7177,-7.2178,-6.4974,-5.8665,-4.966,-4.0578,-3.1846,-2.5677,-1.8101,-1.1361,-0.68572,-0.16039,0.28272,0.56005,0.85772,1.0746,1.2125,1.2654,1.2712,1.2049,1.1107,0.92881,0.6894,0.40419,0.16347,-0.18037,-0.5364,-0.80427,-1.1535,-1.4845,-1.7194,-2.0097,-2.2805,-2.5418,-2.7405,-3.0169,-3.3113,-3.5551,-3.9124,-4.3109,-4.6337,-5.0874,-5.5541,-6.0149,-6.3422,-6.7347,-7.0545,-7.2211,-7.3093,-7.1939,-6.8569,-6.4635,-5.7857,-4.9906,-4.3577,-3.5125,-2.7155,-2.172,-1.5428,-1.04,-0.67232,-0.49127,-0.38052,-0.42226,-0.55531,-0.87213,-1.3426,-1.7948,-2.5326,-3.4261,-4.4728,-5.3598,-6.6736,-8.1147,-9.2517,-10.769,-12.142,-13.167,-13.617,-13.81,-13.703,-13.56,-13.415,-13.401,-13.468,-13.645,-13.966,-14.453,-14.85,-15.195,-14.898,-14.05,-12.219,-9.9915,-8.2332,-5.8962,-3.6338,-1.4767,0.064948,2.0123,3.8302,5.1062,6.6882,8.132,9.4362,10.322,11.378,12.291,12.881,13.541,14.057,14.347,14.606,14.718,14.681,14.555,14.255,13.804,13.363,12.639,11.754,10.983,9.8046,8.4486,6.9029,5.6102,3.6917,1.52,-0.30364,-3.051,-6.2576,-10.057,-13.286,-16.929,-16.822,-15.275,-13.434,-12.179,-11.546,-11.009,-10.717,-10.564,-10.521,-10.57,-10.749,-10.936,-11.212,-11.476,-11.652,-11.851,-12.003,-12.1,-12.133,-12.118,-12.039,-11.956,-11.87,-11.849,-11.89
7.4161,6.5791,5.4287,4.2752,3.4343,2.384,1.4505,0.83917,0.14271,-0.4381,-0.94463,-1.3017,-1.781,-2.2954,-2.7195,-3.3481,-4.0682,-4.6747,-5.5533,-6.4772,-7.4105,-8.1059,-8.992,-9.7611,-10.204,-10.546,-10.584,-10.436,-10.09,-9.6753,-9.286,-9.0441,-8.8186,-8.7128,-8.7063,-8.7794,-8.9168,-9.0841,-9.2201,-9.36,-9.4032,-9.3466,-9.1352,-8.7736,-8.4162,-7.86,-7.2452,-6.6148,-6.1531,-5.5687,-5.0414,-4.6894,-4.2741,-3.9221,-3.7019,-3.468,-3.3067,-3.2257,-3.2212,-3.2974,-3.4727,-3.6759,-4.0574,-4.5676,-5.2105,-5.7795,-6.6427,-7.5917,-8.325,-9.242,-9.9521,-10.264,-10.347,-10.126,-9.7636,-9.4899,-9.206,-9.0616,-9.0648,-9.2488,-9.6447,-10.079,-10.822,-11.704,-12.576,-13.065,-13.222,-12.642,-11.804,-10.411,-8.9194,-7.4733,-6.4518,-5.1909,-4.0505,-3.2729,-2.341,-1.532,-1.009,-0.42934,0.0081042,0.30116,0.42278,0.44971,0.31868,0.11135,-0.31824,-0.92796,-1.5082,-2.4568,-3.6196,-5.0205,-6.2504,-8.1711,-10.478,-12.525,-15.731,-19.193,-21.039,-20.32,-18.359,-16.734,-15.866,-15.098,-14.671,-14.494,-14.384,-14.443,-14.647,-14.822,-14.961,-14.893,-14.613,-13.848,-12.595,-11.352,-9.3923,-7.2227,-4.9811,-3.3127,-1.1576,0.8807,2.3169,4.0981,5.7197,7.1777,8.162,9.329,10.329,10.968,11.676,12.216,12.511,12.757,12.836,12.745,12.566,12.178,11.618,11.084,10.218,9.1738,8.2713,6.9056,5.3496,3.5977,2.1531,0.04973,-2.2531,-4.0992,-6.6791,-9.2882,-11.695,-13.172,-14.475,-15.01,-15.051,-14.84,-14.478,-14.182,-13.851,-13.62,-13.425,-13.303,-13.232,-13.316,-13.497,-13.889,-14.435,-14.943,-15.753,-16.694,-17.726,-18.481,-19.298,-19.627,-19.471,-18.843,-17.994,-17.094
7.2871,6.3882,5.231,4.1792,3.4897,2.7207,2.1046,1.7151,1.243,0.77257,0.24841,-0.20506,-0.91973,-1.7854,-2.5415,-3.689,-5.038,-6.2025,-7.9501,-9.8665,-11.933,-13.628,-16.287,-19.917,-24.036,-30.499,-23.377,-19.154,-15.477,-13.012,-11.301,-10.388,-9.5605,-9.129,-9.0435,-9.2681,-9.8751,-10.848,-11.836,-13.476,-15.293,-16.363,-16.479,-15.047,-13.625,-11.859,-10.429,-9.3504,-8.744,-8.1586,-7.7779,-7.5924,-7.4125,-7.2632,-7.1449,-6.9479,-6.7107,-6.4626,-6.2976,-6.1579,-6.14,-6.2297,-6.5222,-7.0428,-7.8449,-8.6658,-10.124,-12.147,-14.209,-18.21,-25.586,-32.63,-22.049,-16.987,-14.079,-12.614,-11.257,-10.396,-10.021,-9.8662,-10.07,-10.451,-11.313,-12.643,-14.479,-16.13,-17.753,-16.502,-14.091,-10.83,-8.067,-5.7818,-4.3173,-2.6274,-1.1846,-0.24189,0.85044,1.7669,2.3468,2.9782,3.4511,3.7684,3.9037,3.9481,3.839,3.6551,3.2714,2.7293,2.2208,1.4108,0.46248,-0.613,-1.4915,-2.7342,-4.0253,-4.9948,-6.2371,-7.3641,-8.3312,-8.9481,-9.6404,-10.242,-10.665,-11.228,-11.818,-12.292,-13.032,-13.986,-15.104,-15.98,-17.335,-19.303,-21.583,-27.596,-34.558,-23.196,-15.963,-11.115,-7.271,-4.7876,-1.8627,0.70857,2.4399,4.518,6.3582,7.9797,9.0592,10.324,11.393,12.07,12.806,13.356,13.648,13.875,13.919,13.781,13.559,13.104,12.468,11.874,10.925,9.7982,8.8371,7.4026,5.7942,4.0154,2.573,0.50928,-1.7091,-3.4691,-5.9454,-8.5781,-11.401,-13.676,-16.904,-19.946,-21.193,-20.493,-18.469,-16.928,-15.254,-14.113,-13.395,-13.032,-12.728,-12.622,-12.705,-13.059,-13.697,-14.375,-15.542,-17.066,-19.085,-21.019,-24.077,-25.83,-24.492,-21.445,-18.84,-16.786
7.0249,4.8259,1.4255,-1.7317,-2.4106,-0.89646,0.99493,2.0699,3.0192,3.5006,3.5746,3.3916,2.8384,1.9293,1.01,-0.53356,-2.5283,-4.4448,-7.7979,-12.489,-19.664,-24.564,-19.052,-15.378,-13.788,-12.216,-10.632,-9.3006,-7.5111,-5.9346,-4.6903,-3.9905,-3.3488,-3.0475,-3.0359,-3.3432,-4.0168,-5.0346,-6.0483,-7.7121,-9.5323,-10.594,-10.862,-9.8856,-8.8748,-7.6617,-6.8044,-6.3544,-6.297,-6.5948,-7.3522,-8.2654,-9.994,-12.214,-13.656,-13.622,-11.531,-9.2537,-7.862,-6.4899,-5.6018,-5.2036,-4.9885,-5.0777,-5.4285,-5.8421,-6.5404,-7.3546,-7.974,-8.691,-9.1394,-9.2213,-8.9663,-8.4175,-7.7403,-7.2334,-6.619,-6.1286,-5.8597,-5.616,-5.4361,-5.3302,-5.2331,-5.1281,-4.9357,-4.6826,-4.1222,-3.2958,-2.5149,-1.3172,-0.0095344,1.3325,2.3245,3.5952,4.7829,5.6074,6.6065,7.4771,8.0411,8.6719,9.1609,9.5029,9.6603,9.7349,9.6574,9.5002,9.1579,8.6663,8.2009,7.4516,6.5656,5.554,4.7217,3.5339,2.2763,1.3038,-0.01385,-1.3292,-2.6189,-3.5503,-4.7287,-5.8326,-6.6278,-7.6863,-8.8056,-9.7311,-11.158,-12.791,-14.409,-15.479,-16.548,-16.636,-15.872,-14.047,-11.739,-9.8663,-7.2469,-4.5147,-1.7621,0.25646,2.8136,5.1778,6.8125,8.8081,10.598,12.188,13.25,14.495,15.544,16.204,16.915,17.432,17.693,17.872,17.86,17.657,17.38,16.845,16.123,15.459,14.413,13.19,12.159,10.64,8.9631,7.1407,5.6853,3.6348,1.4711,-0.21826,-2.5562,-4.9798,-7.4754,-9.3584,-11.736,-13.552,-14.167,-13.915,-13.128,-12.441,-11.361,-10.272,-9.4328,-8.9833,-8.5989,-8.379,-8.3129,-8.3689,-8.5943,-8.8721,-9.3406,-9.8587,-10.337,-10.611,-10.816,-10.798,-10.624,-10.19,-9.5768,-8.856
5.0961,3.4884,1.4299,-0.015017,-0.35309,0.082259,0.93608,1.5544,2.1927,2.5612,2.6528,2.5493,2.1871,1.5643,0.92477,-0.094996,-1.2662,-2.2582,-3.6733,-4.9731,-5.9079,-6.3018,-6.4114,-6.0823,-5.6359,-4.9293,-4.2235,-3.7155,-3.0821,-2.5129,-2.0347,-1.7596,-1.5326,-1.4859,-1.5625,-1.8066,-2.2047,-2.7194,-3.1652,-3.7899,-4.3862,-4.7816,-5.2208,-5.5604,-5.7713,-6.0338,-6.3314,-6.7344,-7.1373,-7.8649,-8.8546,-9.7961,-11.299,-12.823,-13.603,-13.62,-12.571,-11.177,-10.215,-9.1956,-8.5729,-8.3602,-8.3996,-8.7816,-9.4449,-10.083,-11.034,-11.956,-12.487,-12.803,-12.609,-12.191,-11.437,-10.658,-9.9905,-9.6121,-9.2862,-9.2017,-9.3104,-9.6377,-10.055,-10.364,-10.554,-10.276,-9.468,-8.6042,-7.262,-5.8358,-4.771,-3.3921,-2.0684,-0.79499,0.13359,1.3323,2.4806,3.2989,4.3213,5.2492,5.8716,6.594,7.1806,7.6197,7.8466,8.0017,7.9836,7.8553,7.5323,7.033,6.542,5.7287,4.7328,3.5509,2.541,1.0294,-0.67987,-2.094,-4.157,-6.4103,-8.7598,-10.458,-12.305,-13.324,-13.575,-13.568,-13.547,-13.655,-14.065,-14.899,-16.451,-18.077,-19.789,-19.053,-17.216,-14.18,-11.19,-9.164,-6.7169,-4.424,-2.2002,-0.57488,1.5089,3.4806,4.8792,6.6324,8.2518,9.7237,10.723,11.904,12.903,13.53,14.197,14.669,14.892,15.014,14.934,14.649,14.301,13.657,12.807,12.035,10.827,9.417,8.2291,6.4799,4.5512,2.4625,0.80854,-1.475,-3.7856,-5.4842,-7.6157,-9.5007,-11.07,-12.019,-12.99,-13.617,-13.85,-13.749,-13.364,-13.117,-12.891,-12.586,-12.171,-11.873,-11.595,-11.458,-11.428,-11.459,-11.602,-11.793,-12.178,-12.667,-13.152,-13.436,-13.634,-13.548,-13.27,-12.637,-11.779,-10.834
3.5666,2.8195,2.0045,1.4315,1.1659,1.0074,1.0133,1.0791,1.1828,1.2405,1.21,1.1145,0.88752,0.54179,0.18544,-0.38332,-0.96576,-1.3806,-1.9067,-2.364,-2.6926,-2.8386,-2.9195,-2.8858,-2.7931,-2.5874,-2.3178,-2.1077,-1.8579,-1.6725,-1.5606,-1.5345,-1.595,-1.7899,-2.0179,-2.4159,-2.9312,-3.5576,-4.077,-4.8165,-5.5882,-6.1751,-6.9327,-7.6224,-8.0722,-8.5788,-8.9975,-9.3437,-9.5734,-9.8731,-10.152,-10.333,-10.527,-10.659,-10.726,-10.751,-10.66,-10.489,-10.378,-10.293,-10.37,-10.565,-11.067,-11.913,-13.197,-14.551,-17.105,-21.155,-26.405,-31.676,-22.581,-18.906,-15.842,-13.911,-12.684,-12.136,-11.85,-12.071,-12.594,-13.868,-16.132,-18.835,-24.942,-29.553,-20.686,-16.811,-13.448,-11.182,-9.9205,-8.6051,-7.5348,-6.549,-5.7822,-4.6498,-3.3766,-2.3577,-0.98271,0.33653,1.2504,2.3299,3.2217,3.9071,4.2852,4.6072,4.7146,4.6521,4.378,3.8878,3.3819,2.522,1.4446,0.14293,-0.99234,-2.7327,-4.7577,-6.4854,-9.1322,-12.281,-16.2,-19.819,-24.429,-23.388,-20.968,-18.526,-16.923,-16.085,-15.263,-14.713,-14.363,-13.95,-13.199,-12.521,-11.991,-11.092,-10.045,-9.2312,-8.0821,-6.7958,-5.3458,-4.161,-2.4871,-0.74385,0.58194,2.3267,3.9965,5.5388,6.5896,7.8316,8.8776,9.5273,10.21,10.678,10.888,10.976,10.843,10.488,10.073,9.3219,8.3421,7.4536,6.0573,4.4086,2.9985,0.87228,-1.563,-4.3423,-6.6864,-10.221,-14.3,-17.681,-21.905,-23.765,-23.385,-22.911,-22.548,-22.448,-22.513,-22.479,-21.739,-20.85,-19.724,-18.806,-18.021,-17.45,-16.826,-16.423,-16.296,-16.33,-16.559,-16.877,-17.569,-18.715,-20.513,-22.485,-26.263,-29.953,-27.732,-22.77,-19.098,-16.442
0.36537,-0.71298,-1.5866,-1.644,-1.263,-0.4969,0.3011,0.82788,1.3841,1.7439,1.9098,1.9029,1.7299,1.4123,1.0665,0.45844,-0.23144,-0.74281,-1.3722,-1.8788,-2.1589,-2.1803,-1.9793,-1.6034,-1.2719,-0.80978,-0.36009,-0.053378,0.2832,0.50594,0.59077,0.55609,0.37591,0.040179,-0.32349,-0.96373,-1.7993,-2.8387,-3.7423,-5.125,-6.6917,-7.9637,-9.6869,-11.243,-12.12,-12.713,-12.696,-12.326,-11.956,-11.478,-11.053,-10.774,-10.441,-10.153,-9.9571,-9.6999,-9.4311,-9.1577,-9.0146,-8.9139,-8.9069,-8.9514,-9.0917,-9.355,-9.77,-10.16,-10.692,-11.108,-11.26,-11.166,-10.749,-10.243,-9.4585,-8.7195,-8.1308,-7.8207,-7.6129,-7.636,-7.7831,-8.1624,-8.7191,-9.1314,-9.5522,-9.7067,-9.5704,-9.346,-9.0215,-8.8712,-8.9805,-9.5312,-10.697,-12.715,-14.687,-15.321,-11.41,-8.2044,-4.7242,-2.0388,-0.41629,1.3289,2.6719,3.6655,4.2038,4.6739,4.8785,4.8642,4.6281,4.1473,3.6313,2.7457,1.6383,0.32029,-0.80469,-2.4729,-4.3038,-5.7698,-7.7868,-9.7969,-11.692,-12.931,-14.201,-14.945,-15.153,-15.007,-14.5,-13.989,-13.218,-12.366,-11.495,-10.827,-10.067,-9.6223,-9.3689,-9.0844,-9.0209,-9.1811,-9.6394,-10.283,-10.733,-10.336,-8.2674,-5.2528,-2.9737,-0.20227,2.199,4.2373,5.5444,7.0176,8.2077,8.9255,9.6592,10.145,10.351,10.415,10.243,9.8375,9.3802,8.5675,7.5202,6.5789,5.1145,3.402,1.9461,-0.23637,-2.7178,-5.5308,-7.8833,-11.373,-15.224,-18.137,-21.298,-22.964,-23.845,-24.659,-26.496,-29.925,-35.157,-37.606,-31.334,-28.649,-25.547,-23.119,-21.486,-20.564,-19.451,-18.449,-17.848,-17.335,-17.121,-17.097,-17.224,-17.551,-18.157,-18.723,-19.358,-19.473,-19.017,-17.734,-16.116,-14.541
-4.2963,-8.7714,-15.366,-8.7427,-4.9276,-1.691,0.40938,1.5143,2.5345,3.1453,3.4081,3.3808,3.0501,2.4496,1.8293,0.67356,-0.94401,-2.4623,-4.8937,-7.5184,-8.8207,-7.9515,-5.6293,-3.382,-1.9785,-0.47802,0.65786,1.3154,1.9797,2.4348,2.6741,2.7105,2.573,2.2265,1.8032,1.0153,-0.036853,-1.3828,-2.6192,-4.634,-7.1561,-9.5061,-13.67,-20.311,-30.129,-24.37,-18.537,-15.806,-14.568,-13.491,-12.793,-12.425,-12.031,-11.617,-11.249,-10.621,-10,-9.4139,-9.0061,-8.5142,-8.07,-7.786,-7.4572,-7.1596,-6.8735,-6.6544,-6.3335,-5.952,-5.6181,-5.1162,-4.5773,-4.1622,-3.622,-3.1207,-2.696,-2.44,-2.2015,-2.0838,-2.0612,-2.1082,-2.2319,-2.3809,-2.6479,-2.8893,-3.1067,-3.2978,-3.6111,-4.0191,-4.3999,-5.0317,-5.8171,-6.6712,-7.1314,-6.9103,-5.4491,-3.8747,-1.6566,0.39197,1.7392,3.2555,4.4572,5.3655,5.8572,6.2668,6.4077,6.3461,6.0471,5.4949,4.9156,3.9231,2.688,1.2282,-0.0082929,-1.8333,-3.851,-5.4616,-7.6925,-9.9368,-12.168,-13.837,-16.052,-18.101,-19.168,-19.157,-17.392,-15.619,-13.335,-11.327,-9.5636,-8.5012,-7.5146,-6.8293,-6.3619,-5.9563,-5.96,-6.2009,-6.8661,-8.0885,-9.6516,-10.023,-7.9597,-4.5621,-2.104,0.78191,3.2046,5.2122,6.4804,7.895,9.024,9.6961,10.368,10.79,10.945,10.942,10.704,10.236,9.7334,8.8634,7.7706,6.8123,5.3623,3.726,2.3855,0.46807,-1.5723,-3.6955,-5.3083,-7.4517,-9.5489,-11.063,-12.966,-14.734,-16.437,-17.73,-19.397,-21.045,-22.851,-24.717,-23.702,-23.226,-23.397,-23.503,-23.292,-22.966,-22.174,-20.788,-19.567,-17.928,-16.629,-15.891,-15.149,-14.527,-13.981,-13.619,-13.168,-12.732,-12.369,-11.833,-11.289,-10.783
-0.56204,-1.0156,-1.1767,-0.82258,-0.30147,0.55388,1.4156,1.984,2.5711,2.9284,3.0349,2.9421,2.5519,1.8285,1.1119,-0.11049,-1.7383,-3.2195,-5.4802,-7.8247,-9.0068,-8.3462,-6.4467,-4.5705,-3.3438,-1.9288,-0.75727,-0.038065,0.726,1.2851,1.6482,1.7901,1.7806,1.5504,1.218,0.56469,-0.3302,-1.4947,-2.5559,-4.1996,-6.0914,-7.641,-9.7852,-11.805,-13.108,-14.496,-15.523,-16.343,-16.957,-17.786,-18.642,-19.3,-19.966,-20.006,-19.376,-17.843,-16.119,-14.608,-13.633,-12.551,-11.747,-11.345,-10.996,-10.681,-10.213,-9.6757,-8.7452,-7.6601,-6.8027,-5.6614,-4.5741,-3.8278,-2.9652,-2.2492,-1.6801,-1.3516,-1.0355,-0.86657,-0.83839,-0.9094,-1.0629,-1.2458,-1.5787,-1.9711,-2.4101,-2.7547,-3.1939,-3.5556,-3.7448,-3.865,-3.8007,-3.5063,-3.1163,-2.3857,-1.4549,-0.65814,0.47253,1.6173,2.4349,3.4138,4.2225,4.8484,5.1876,5.4476,5.4692,5.3251,4.9194,4.2636,3.598,2.4692,1.0497,-0.67776,-2.1893,-4.5256,-7.2667,-9.6015,-13.097,-16.71,-19.674,-21.032,-22.151,-23.484,-24.61,-24.18,-20.673,-17.848,-14.552,-11.928,-9.846,-8.5803,-7.2857,-6.1154,-5.3376,-4.61,-4.1085,-3.7963,-3.4629,-3.1526,-2.6762,-2.1592,-1.2857,-0.21976,0.70662,2.0455,3.3927,4.6543,5.5215,6.5535,7.4174,7.9395,8.4551,8.7543,8.8318,8.7331,8.3985,7.8234,7.2331,6.2347,5.0016,3.9269,2.3081,0.51341,-0.92128,-2.8943,-4.8575,-6.6981,-7.9517,-9.424,-10.683,-11.523,-12.532,-13.48,-14.437,-15.157,-16.062,-16.71,-17.456,-19.288,-20.876,-21.678,-23.496,-26.62,-31.749,-38.771,-31.171,-25.203,-22.753,-20.486,-18.69,-17.56,-16.389,-15.492,-14.707,-14.15,-13.484,-12.879,-12.452,-11.959,-11.583,-11.354
-3.2302,-2.6449,-1.6789,-0.65457,0.092812,1.0004,1.7653,2.2309,2.6968,2.9667,3.0193,2.9361,2.6623,2.109,1.5371,0.67886,-0.28841,-1.083,-2.1314,-3.0671,-3.83,-4.2293,-4.4445,-4.3102,-4.0241,-3.4376,-2.6647,-2.0084,-1.1303,-0.36068,0.24477,0.58068,0.8383,0.86261,0.7403,0.37217,-0.24262,-1.0985,-1.8844,-3.1338,-4.6004,-5.8169,-7.5919,-9.5929,-11.24,-13.641,-16.316,-19.306,-21.698,-24.516,-26.332,-27.339,-29.699,-34.841,-32.26,-24.778,-20.479,-17.652,-16.155,-14.934,-14.543,-14.796,-15.911,-18.249,-21.645,-21.657,-16.883,-12.577,-10.124,-7.6005,-5.6809,-4.5307,-3.309,-2.378,-1.6994,-1.3362,-1.0255,-0.8934,-0.91452,-1.1004,-1.4575,-1.826,-2.4364,-3.2714,-4.3021,-5.1663,-6.3975,-7.5884,-8.257,-8.5002,-7.8367,-6.5133,-5.3475,-3.7805,-2.3012,-1.2638,0.022728,1.1716,1.9362,2.8189,3.5439,4.0814,4.3587,4.5582,4.5528,4.401,3.9892,3.3381,2.6909,1.6015,0.22568,-1.4629,-2.944,-5.2367,-7.9717,-10.411,-14.239,-18.406,-21.026,-20.627,-18.759,-17.07,-16.031,-14.745,-13.322,-12.205,-10.773,-9.3646,-8.1197,-7.306,-6.2667,-5.2426,-4.6605,-4.1016,-3.6012,-3.2728,-2.9153,-2.5433,-2.1155,-1.7812,-1.2807,-0.63638,-0.036347,0.87403,1.8527,2.8557,3.5972,4.5245,5.3274,5.8224,6.3158,6.6006,6.668,6.5468,6.1681,5.5167,4.8474,3.6995,2.2387,0.91533,-1.1748,-3.668,-5.8314,-9.1204,-12.744,-15.898,-17.009,-16.796,-16.025,-15.555,-15.194,-15.036,-14.99,-15.023,-15.239,-15.332,-15.207,-15.613,-16.619,-17.208,-17.879,-18.666,-19.146,-19.417,-19.715,-19.604,-19.281,-19.01,-19.047,-19.096,-18.955,-18.556,-17.847,-17.143,-16.071,-14.989,-14.274,-13.519,-12.985,-12.688
-9.8044,-6.3383,-3.2783,-1.1464,0.081212,1.3669,2.3325,2.8806,3.3968,3.6838,3.7411,3.6357,3.3544,2.9068,2.4074,1.5825,0.60454,-0.24538,-1.5035,-2.8749,-4.4731,-5.8803,-7.9609,-9.8536,-10.47,-9.433,-7.1684,-5.433,-3.401,-1.769,-0.51838,0.18298,0.84445,1.2047,1.2962,1.1841,0.81896,0.2349,-0.3418,-1.3073,-2.4843,-3.512,-5.093,-6.925,-8.4926,-10.926,-13.911,-17.563,-20.778,-24.07,-23.149,-21.443,-19.529,-17.901,-16.722,-15.128,-13.783,-12.511,-11.694,-10.985,-10.803,-10.918,-11.354,-12.056,-12.556,-12.231,-10.758,-8.792,-7.3234,-5.5472,-4.0796,-3.1916,-2.2432,-1.5338,-1.0472,-0.81534,-0.67872,-0.71791,-0.84654,-1.1723,-1.7083,-2.2306,-3.0904,-4.2105,-5.6437,-7.0299,-9.5196,-13.323,-17.968,-25.408,-16.047,-10.672,-8.0248,-5.3982,-3.3637,-2.0874,-0.6231,0.61786,1.4211,2.3452,3.1201,3.7248,4.0506,4.3153,4.3858,4.306,4.011,3.4953,2.9657,2.0763,0.9836,-0.29867,-1.3771,-2.9262,-4.5524,-5.7651,-7.3011,-8.5934,-9.5272,-9.9505,-10.184,-10.119,-9.9059,-9.4769,-8.9574,-8.4874,-7.8027,-7.1006,-6.372,-5.8528,-5.1454,-4.569,-4.3198,-4.0224,-3.7491,-3.664,-3.6826,-3.815,-4.1219,-4.4238,-4.7348,-4.6759,-4.278,-3.2615,-1.847,-0.26786,0.89425,2.2915,3.4575,4.1675,4.8903,5.3503,5.5201,5.5084,5.2243,4.6591,4.042,2.9456,1.5165,0.20935,-1.8939,-4.4699,-6.7659,-10.387,-14.612,-18.327,-19.235,-18.561,-17.892,-17.71,-17.658,-17.437,-16.762,-15.996,-14.995,-14.387,-13.771,-12.793,-12.442,-12.454,-12.515,-12.74,-13.061,-13.305,-13.857,-14.76,-15.545,-16.826,-18.859,-21.235,-26.373,-35.098,-26.992,-22.41,-18.716,-16.338,-15.126,-14.036,-13.385,-13.077
-3.5106,-2.6347,-1.3352,-0.051793,0.81123,1.7939,2.5833,3.0396,3.4615,3.6671,3.6733,3.5113,3.0968,2.5772,2.0643,1.1513,0.072146,-0.83677,-2.2186,-3.7708,-5.5135,-7.0648,-9.5972,-12.37,-13.548,-11.985,-8.6689,-6.3768,-3.9443,-2.0879,-0.66175,0.14473,0.92554,1.4056,1.5728,1.5682,1.3412,0.90589,0.45134,-0.29454,-1.1836,-1.9372,-3.0074,-4.1308,-5.0179,-6.225,-7.3697,-8.3584,-8.9765,-9.5184,-9.6373,-9.498,-9.1463,-8.5764,-8.0564,-7.4081,-6.7793,-6.1792,-5.8071,-5.4496,-5.186,-5.0533,-4.95,-4.8504,-4.6935,-4.5138,-4.1649,-3.6963,-3.3071,-2.7899,-2.3066,-1.9862,-1.6465,-1.4222,-1.3312,-1.345,-1.4935,-1.7932,-2.0993,-2.5832,-3.1723,-3.679,-4.4176,-5.123,-5.8951,-6.5271,-7.3593,-8.0674,-8.4231,-8.5141,-8.0415,-7.1205,-6.3212,-5.2515,-4.1748,-3.3738,-2.3229,-1.2828,-0.49938,0.51711,1.4397,2.2368,2.7299,3.2046,3.4525,3.4935,3.3549,2.9823,2.5502,1.7876,0.84814,-0.25835,-1.178,-2.4701,-3.7584,-4.6826,-5.8485,-6.8425,-7.6046,-8.0271,-8.4385,-8.6837,-8.7606,-8.7219,-8.6132,-8.5014,-8.2,-7.8435,-7.3697,-6.9453,-6.391,-6.0487,-5.809,-5.3961,-5.2248,-5.2927,-5.595,-6.3184,-7.6212,-9.0347,-12.044,-18.633,-29.342,-14.466,-8.3363,-4.5275,-2.4134,-0.25093,1.3735,2.3228,3.2877,3.935,4.2245,4.3692,4.2554,3.8908,3.4472,2.6366,1.5899,0.65854,-0.79378,-2.4579,-3.8149,-5.7107,-7.6537,-9.5841,-10.998,-12.987,-15.482,-18.027,-23.599,-43.602,-23.965,-19.101,-15.054,-12.468,-11.482,-10.402,-9.3671,-8.9182,-8.6152,-8.5383,-8.7573,-8.9983,-9.4158,-10.14,-10.879,-11.97,-13.192,-14.264,-15.587,-16.246,-16.126,-15.626,-14.732,-13.928,-13.517,-13.184,-13.117,-13.343
-2.1738,-1.491,-0.53761,0.40954,1.0802,1.8864,2.5417,2.9172,3.245,3.3659,3.2776,3.0858,2.575,1.7846,1.0881,-0.019225,-1.3326,-2.407,-3.9197,-5.3343,-6.3281,-6.7313,-6.9014,-6.6366,-6.1104,-5.0861,-3.8694,-2.8989,-1.5997,-0.42837,0.53107,1.1033,1.6404,1.9325,1.9909,1.8696,1.5265,0.96436,0.42954,-0.38681,-1.2702,-1.9268,-2.7367,-3.4136,-3.7889,-4.1001,-4.2477,-4.2624,-4.1835,-3.9991,-3.7463,-3.5055,-3.1253,-2.7237,-2.4313,-2.055,-1.6772,-1.3616,-1.1966,-1.0389,-0.93802,-0.92562,-0.9932,-1.1119,-1.259,-1.3954,-1.5991,-1.7845,-1.904,-2.0483,-2.1712,-2.2434,-2.3325,-2.4609,-2.6638,-2.8994,-3.3342,-3.9527,-4.5585,-5.5005,-6.463,-7.1488,-7.8731,-8.203,-8.1428,-7.879,-7.4347,-7.0206,-6.7743,-6.499,-6.3068,-6.2785,-6.3716,-6.6147,-6.9754,-7.1857,-7.0384,-6.0494,-4.8315,-2.9707,-1.2276,0.21531,1.0852,1.9619,2.5072,2.6985,2.6821,2.3721,1.9504,1.1355,0.039522,-1.3124,-2.4806,-4.2263,-6.1009,-7.4784,-9.0647,-10.174,-10.737,-10.907,-10.976,-11.046,-11.188,-11.5,-11.833,-12.058,-12.238,-12.02,-11.454,-10.825,-9.9341,-8.9714,-8.1429,-7.3579,-6.9593,-6.7505,-6.6809,-6.8439,-7.1225,-7.4757,-8.0827,-8.3153,-7.9855,-6.9251,-5.3106,-3.4567,-2.1448,-0.60876,0.68629,1.492,2.3341,2.9256,3.2188,3.4164,3.3984,3.1794,2.8979,2.3787,1.6978,1.0919,0.18734,-0.81753,-1.6272,-2.7582,-3.9221,-5.1267,-6.0515,-7.2955,-8.5139,-9.3646,-10.263,-10.62,-10.274,-9.6555,-8.7474,-7.6864,-6.7871,-6.0428,-5.5631,-5.2354,-4.9685,-4.8625,-4.9216,-5.1131,-5.4555,-5.8562,-6.2728,-6.9293,-7.5861,-8.065,-8.7193,-9.3057,-9.7802,-10.096,-10.492,-10.937,-11.291,-11.831,-12.489,-13.291
-4.0879,-2.9288,-1.4669,-0.16304,0.69995,1.6961,2.4816,2.9195,3.305,3.4485,3.3172,3.0907,2.5717,1.623,0.72548,-0.74564,-2.7319,-4.6001,-7.8403,-12.608,-17.362,-14.941,-10.115,-6.8137,-5.0118,-3.0745,-1.4585,-0.45001,0.68036,1.6262,2.3474,2.7385,3.0619,3.1269,3.0187,2.6404,1.965,1.0064,0.084718,-1.4429,-3.2571,-4.7194,-6.4674,-7.2143,-6.8614,-5.6838,-4.3398,-3.1294,-2.3219,-1.385,-0.60112,-0.092428,0.52881,1.0547,1.3833,1.7763,2.0757,2.2538,2.3321,2.349,2.2178,2.0295,1.671,1.1524,0.47845,-0.11544,-1.0188,-2.036,-2.8022,-3.7154,-4.3636,-4.6234,-4.693,-4.5948,-4.5315,-4.6189,-4.9876,-5.7247,-6.6321,-8.4926,-11.331,-14.468,-20.91,-19.687,-13.806,-10.956,-8.4433,-6.8347,-6.0089,-5.3046,-5.0538,-5.2839,-5.7808,-7.0373,-9.4341,-12.591,-20.956,-15.617,-9.7751,-5.1511,-2.1365,-0.007761,1.1503,2.2387,2.911,3.1614,3.1671,2.834,2.3686,1.4361,0.11867,-1.5986,-3.2079,-5.9258,-9.586,-13.323,-21.367,-25.848,-18.176,-15.603,-13.867,-13.284,-13.441,-14.406,-16.164,-18.222,-22.756,-26.358,-20.957,-17.358,-14.14,-11.591,-10.12,-9.0652,-8.2711,-7.7234,-7.2282,-6.7942,-6.4202,-6.2375,-5.8498,-5.2099,-4.6812,-3.889,-2.8907,-1.8097,-1.0357,-0.064749,0.81426,1.3791,1.9704,2.3809,2.5745,2.6851,2.6248,2.42,2.1923,1.798,1.3117,0.90418,0.34186,-0.24979,-0.70164,-1.301,-1.8653,-2.3841,-2.749,-3.1586,-3.4604,-3.6234,-3.7181,-3.6556,-3.4652,-3.2257,-2.809,-2.5826,-2.3095,-1.8464,-1.633,-1.5385,-1.4774,-1.5297,-1.628,-1.7867,-2.1227,-2.4892,-2.7851,-3.2816,-3.8493,-4.2779,-4.9041,-5.619,-6.3983,-7.0386,-8.0104,-9.1061,-10.006,-11.35,-12.753,-14.007
-8.2151,-6.3368,-4.0387,-2.0544,-0.79862,0.56717,1.5987,2.1718,2.687,2.9316,2.8582,2.6178,2.1999,1.5099,0.75399,-0.4634,-1.9591,-3.1913,-4.9809,-6.8104,-7.5636,-7.1435,-5.8196,-4.0215,-2.7081,-1.2045,0.1069,0.9769,1.9471,2.7045,3.2661,3.5546,3.7638,3.7403,3.5628,3.0715,2.2837,1.161,0.039358,-1.9529,-4.6775,-7.4592,-12.624,-15.697,-12.003,-7.6746,-4.8663,-2.8762,-1.7455,-0.53923,0.45158,1.0889,1.8128,2.4406,2.8535,3.325,3.654,3.8531,3.9312,3.8869,3.6403,3.3361,2.7579,1.9095,0.75141,-0.33541,-2.1739,-4.6429,-7.0591,-11.303,-15.947,-15.269,-11.389,-8.6097,-6.9357,-6.1987,-5.7862,-5.8614,-6.1811,-7.0609,-8.2539,-9.0772,-9.9007,-9.7563,-8.6412,-7.4591,-6.0117,-4.8346,-4.1115,-3.3923,-2.9678,-2.7682,-2.766,-2.9512,-3.2052,-3.314,-3.1748,-2.5283,-1.7012,-0.36998,0.90721,2.0511,2.7599,3.4429,3.8346,3.9517,3.8618,3.4806,3.0067,2.1396,0.9754,-0.50063,-1.8069,-3.7975,-6.0564,-7.8017,-9.7909,-11.026,-11.426,-11.451,-11.517,-11.865,-12.291,-13.22,-14.578,-15.646,-16.93,-17.096,-16.293,-15.171,-13.54,-11.822,-11.061,-10.745,-10.11,-9.7725,-9.5864,-9.3746,-9.2205,-8.9474,-8.1604,-7.1996,-6.4853,-5.3755,-4.1267,-2.9822,-2.2133,-1.266,-0.47503,-0.020645,0.40796,0.6365,0.66952,0.53587,0.24487,-0.17572,-0.54785,-1.0712,-1.5608,-1.8956,-2.299,-2.6435,-2.859,-3.1022,-3.268,-3.3103,-3.2482,-3.0439,-2.731,-2.4331,-1.9813,-1.5168,-1.0886,-0.81031,-0.3688,-0.064696,-0.037031,0.069277,0.13914,0.084426,-0.051469,-0.29387,-0.57449,-0.77881,-1.1159,-1.5195,-1.8031,-2.1969,-2.6916,-3.0958,-3.6733,-4.3618,-5.1973,-5.9396,-7.1232,-8.6076,-10.031,-12.53,-16.027,-21.746
-12.851,-9.191,-5.7138,-3.2224,-1.7605,-0.26485,0.80712,1.3852,1.8705,2.0721,2.0755,1.8548,1.3653,0.8831,0.37069,-0.39827,-1.1542,-1.7434,-2.3235,-2.6646,-2.8323,-2.6888,-2.1826,-1.5374,-0.94812,-0.053157,0.80363,1.4101,2.1701,2.803,3.3068,3.5823,3.7916,3.835,3.7291,3.4213,2.9135,2.1726,1.4925,0.45812,-0.68892,-1.5122,-2.4308,-2.9344,-2.9705,-2.7174,-2.2522,-1.6922,-1.2623,-0.69578,-0.089573,0.41018,1.1137,1.8371,2.3831,3.0287,3.5762,4.0055,4.1906,4.2587,4.1394,3.8944,3.3299,2.5232,1.4239,0.37774,-1.3008,-3.3194,-5.0646,-7.4141,-9.0373,-9.2347,-8.3713,-7.1055,-6.0355,-5.4118,-4.8469,-4.5992,-4.5213,-4.5065,-4.6483,-4.7666,-4.7454,-4.6566,-4.2961,-3.9515,-3.4493,-2.8599,-2.4135,-1.8694,-1.3604,-0.87813,-0.55854,-0.1594,0.27235,0.61169,1.111,1.7028,2.1722,2.8016,3.4383,3.9643,4.2711,4.5617,4.6588,4.6006,4.3631,3.9259,3.4712,2.7211,1.822,0.7697,-0.081245,-1.281,-2.5469,-3.4943,-4.6851,-5.8392,-6.9346,-7.7242,-8.8105,-9.9329,-10.732,-11.666,-12.527,-12.906,-13.16,-13.027,-12.603,-12.277,-11.749,-11.528,-11.923,-11.949,-12.31,-13.168,-14.437,-16.047,-17.341,-17.227,-15.845,-13.869,-12.154,-9.7055,-7.6131,-5.9289,-4.8091,-3.5428,-2.6374,-2.1835,-1.8422,-1.8325,-2.0597,-2.6706,-3.5941,-4.8049,-5.8357,-7.1196,-7.956,-8.2035,-8.2034,-8.094,-8.0905,-8.2548,-8.5237,-8.5495,-8.1748,-7.1154,-5.6718,-4.532,-3.133,-1.9661,-1.0203,-0.4888,-0.072988,0.32686,0.45035,0.26565,0.0042386,-0.28763,-0.79595,-1.3568,-1.9866,-2.3925,-2.7861,-3.1282,-3.3529,-3.5726,-3.7814,-4.0067,-4.3433,-4.7429,-5.2375,-5.6771,-6.377,-7.2651,-8.048,-9.2402,-10.591,-11.767
-4.7504,-3.6549,-2.1218,-0.75875,0.085592,0.97297,1.6113,1.916,2.085,1.9746,1.7283,1.4268,0.64347,-0.21,-0.80295,-1.6146,-2.3659,-2.881,-3.3048,-3.3298,-3.2306,-3.0179,-2.4354,-1.7342,-1.1904,-0.36722,0.50599,1.1153,1.8816,2.6074,3.222,3.6089,3.9767,4.1899,4.2439,4.1915,3.97,3.5965,3.2597,2.7336,2.1383,1.6784,1.0846,0.53754,0.12173,-0.44911,-1.0379,-1.7379,-2.2803,-2.8686,-3.0566,-2.7169,-1.6218,-0.13966,0.9834,2.3178,3.4322,4.2897,4.7287,5.0884,5.2166,5.1278,4.7798,4.216,3.4204,2.6734,1.5484,0.32379,-0.63487,-1.8145,-2.7619,-3.2875,-3.6555,-3.707,-3.5563,-3.3763,-3.0797,-2.8451,-2.7907,-2.7387,-2.7921,-2.9494,-3.0966,-3.179,-3.141,-3.0955,-2.8345,-2.3845,-2.0016,-1.4378,-0.80598,-0.18045,0.29388,0.97267,1.6707,2.1925,2.908,3.6263,4.1303,4.7193,5.2402,5.622,5.788,5.8651,5.769,5.5566,5.109,4.5137,3.9795,3.1772,2.3465,1.5388,0.93935,0.16731,-0.57081,-1.1733,-2.0662,-3.0693,-4.2734,-5.3626,-7.088,-9.2374,-11.236,-14.054,-16.089,-16.001,-14.25,-12.545,-11.161,-10.443,-9.9498,-10.254,-10.473,-10.79,-12.765,-14.48,-17.272,-21.11,-26.735,-32.817,-25.157,-20.395,-17.203,-12.995,-9.9088,-7.5385,-5.9853,-4.4124,-3.3687,-2.8321,-2.5032,-2.6464,-3.0546,-4.0559,-5.7658,-8.3816,-11.254,-18.027,-33.715,-19.592,-14.06,-11.859,-11.428,-12.137,-14.806,-22.645,-30.381,-14.461,-8.7292,-5.9665,-3.3434,-1.5032,-0.20633,0.52815,1.016,1.0982,1.1399,0.75261,-0.073748,-0.88867,-2.2968,-3.9372,-5.7255,-6.8917,-7.5436,-7.1996,-6.7547,-6.2366,-5.8546,-5.7368,-5.8026,-5.9126,-5.9628,-5.9222,-5.7655,-5.5216,-5.3021,-5.0438,-4.8038,-4.5174
1.5704,1.7209,1.9918,2.3433,2.6059,2.8856,3.0408,3.0261,2.819,2.3483,1.453,0.76513,-0.47427,-2.275,-3.6188,-5.5688,-7.2397,-7.9909,-8.5927,-8.5012,-7.5578,-6.7571,-5.7739,-4.5613,-3.6088,-2.4801,-1.3872,-0.52817,0.53862,1.5479,2.4826,3.092,3.7928,4.2822,4.5256,4.648,4.5707,4.3569,4.092,3.6563,3.2052,2.8442,2.3702,1.8438,1.3773,0.61213,-0.48363,-2.1704,-4.0406,-8.1379,-18.798,-18.838,-7.241,-2.3022,0.083356,2.418,4.1013,5.2605,5.9024,6.5016,6.7738,6.8154,6.6756,6.2569,5.6116,4.9779,3.8968,2.5911,1.4855,-0.18836,-1.9387,-3.1464,-4.249,-4.4383,-3.7816,-3.1125,-2.3067,-1.6937,-1.4783,-1.5768,-1.9428,-2.4185,-3.4361,-4.5291,-5.5767,-5.9044,-5.5318,-4.6547,-3.8912,-2.8955,-2.0585,-1.3705,-0.84067,-0.0101,0.94862,1.778,2.9721,4.1113,4.9043,5.8449,6.5309,6.998,7.1925,7.1852,6.9004,6.4976,5.677,4.5664,3.5746,2.1134,0.7545,-0.12579,-0.38293,-0.28777,-0.0082648,0.12001,0.06328,-0.28635,-1.0124,-1.8256,-3.3054,-5.3539,-7.3772,-10.454,-13.054,-12.726,-10.509,-8.1811,-6.7582,-6.0812,-5.7273,-5.7347,-5.8508,-7.2832,-8.6123,-9.9055,-12.508,-15.946,-20.53,-25.036,-34.852,-21.283,-16.587,-11.599,-8.511,-6.0275,-4.4911,-3.0331,-1.997,-1.4604,-1.1058,-1.134,-1.3698,-2.001,-2.9991,-4.261,-5.3316,-6.6531,-7.3324,-7.356,-6.899,-6.3555,-6.1029,-6.0144,-6.05,-5.9105,-5.4242,-4.1388,-2.4401,-1.1376,0.39936,1.6619,2.5687,3.0134,3.4954,3.3942,3.0829,2.5407,1.4229,0.24421,-1.9761,-5.1325,-10.131,-16.828,-17.557,-11.296,-8.7517,-7.1344,-6.8408,-7.1327,-8.2185,-9.7848,-10.631,-9.9428,-7.7336,-5.4025,-3.9156,-2.3206,-1.0302,-0.0046839
3.7821,3.4524,3.23,3.2827,3.4587,3.7558,3.9441,3.9511,3.7192,3.1852,1.9798,0.83539,-0.83232,-3.7586,-6.6746,-11.866,-19.955,-28.863,-20.754,-18.571,-16.58,-14.149,-11.292,-9.1876,-7.7655,-6.3112,-5.2689,-4.3774,-2.8003,-1.0214,0.74566,1.8793,3.1739,4.0811,4.5036,4.6938,4.5263,4.0496,3.4751,2.6119,1.8622,1.5112,1.4054,1.5851,1.8047,1.9638,1.8427,1.4762,1.0027,0.35355,0.061245,0.29468,1.3174,2.7163,3.7712,5.0513,6.1623,6.9867,7.5129,8.0487,8.3449,8.4613,8.4496,8.1829,7.6885,7.1474,6.1272,4.7472,3.403,1.0043,-2.4772,-6.5267,-17.902,-12.078,-5.32,-2.6653,-0.57678,0.47553,0.88453,0.7508,-0.022819,-0.99957,-3.2732,-7.0312,-13.953,-29.656,-12.812,-7.6052,-5.6373,-4.2758,-4.0866,-4.6636,-5.347,-5.7398,-4.0234,-1.7769,1.1727,3.592,5.0509,6.632,7.7564,8.468,8.7817,8.8553,8.5138,7.9961,6.8814,5.1367,3.3132,-0.24708,-6.6467,-22.136,-8.658,-2.3969,0.55606,1.9086,3.0051,3.4781,3.5303,3.3471,2.8473,2.2002,1.6365,0.92791,0.50297,0.35017,0.28417,0.42952,0.61537,0.6605,0.58378,0.42338,-0.11862,-0.96021,-1.5932,-2.6708,-4.0313,-5.3856,-6.5473,-7.5395,-7.4494,-6.9304,-6.1313,-4.4234,-3.1634,-1.7941,-0.94452,-0.12857,0.58063,0.91921,1.1597,1.2454,1.1611,0.90549,0.58392,0.17911,-0.1061,-0.35049,-0.51282,-0.47656,-0.26979,0.014835,0.30923,0.72285,1.1853,1.7361,2.1942,2.8826,3.6462,4.2112,4.9181,5.5426,6.0433,6.2146,6.4007,6.4871,6.1707,5.7038,5.0248,4.3102,3.1139,1.7606,0.49756,-0.42799,-1.1038,-1.3959,-1.6081,-1.8816,-2.6848,-3.6935,-5.6589,-8.6099,-11,-9.7409,-5.9896,-2.7681,-0.89739,1.0832,2.6611,3.8961
1.3626,-0.52105,-1.4802,-0.10982,1.4384,3.2526,4.4866,5.0715,5.3688,5.1925,4.6228,3.5191,2.1044,-0.060461,-2.0649,-5.239,-8.1711,-10.463,-13.922,-16.733,-19.39,-15.443,-11.971,-9.1315,-8.6773,-9.4329,-12.554,-18.682,-12.344,-4.8902,-0.60963,1.7043,3.7653,5.0549,5.5677,5.7341,5.2754,4.0315,2.5703,-0.55641,-5.9524,-10.369,-5.2882,-0.49244,1.7656,3.6668,4.8335,5.5587,5.8725,6.1287,6.3255,6.4527,6.6551,6.8964,7.0926,7.3888,7.6427,8.0039,8.3057,8.6741,9.1033,9.3716,9.5929,9.713,9.6142,9.3992,8.945,8.2161,7.5307,6.4608,5.2668,4.4575,3.7557,3.6813,4.2113,4.7203,5.3901,5.7781,5.8469,5.7087,5.0978,4.4374,3.3537,2.0436,0.75902,0.1221,-0.098729,-0.066271,-0.00095424,-0.26304,-1.1413,-2.7388,-4.6005,-6.5815,-4.3635,-1.1793,2.4627,5.2116,6.8871,8.5547,9.8073,10.688,11.079,11.333,11.239,10.937,10.255,9.2254,8.2662,6.8446,5.5244,4.854,4.9397,5.6619,6.5952,7.2051,7.8585,8.2517,8.4387,8.4577,8.3485,8.1471,7.9635,7.6601,7.4085,7.2247,7.0777,6.8747,6.7047,6.5541,6.3208,5.9435,5.5728,5.3503,4.5572,4.1162,3.5025,2.8597,2.1595,1.8619,1.5949,1.2928,1.4367,1.4804,1.6529,1.9917,2.1242,2.3839,2.6345,2.7337,2.8135,2.7967,2.6769,2.438,2.1542,1.8546,1.723,1.7131,1.8971,2.2109,2.7629,3.4058,3.9213,4.6134,5.2482,5.8428,6.2642,6.7649,7.2262,7.5327,7.9155,8.2289,8.5036,8.721,8.7011,8.8651,8.9165,8.7161,8.5281,8.3029,7.9623,7.4737,7.042,6.6877,6.1682,5.7556,5.3615,4.7838,4.17,3.6136,2.9058,2.321,2.0581,2.1431,2.6459,3.4678,4.1815,5.2568,6.3206,7.3271
-2.1579,-4.8363,-6.3393,-3.6927,-1.2892,1.1048,2.766,3.5998,4.2527,4.3898,4.3099,3.9173,2.8971,2.0629,1.0431,-0.35006,-1.7377,-2.6948,-3.9851,-4.6782,-5.2278,-5.1695,-4.933,-4.7335,-4.5823,-4.7819,-4.8335,-4.6454,-3.4429,-1.4705,0.56588,1.9032,3.3644,4.3413,4.7613,4.9284,4.5995,3.8329,2.9592,1.4994,0.14008,-0.30085,0.19371,1.5428,2.5869,3.7374,4.6259,5.1334,5.3768,5.4889,5.3675,5.1753,4.7253,4.0838,3.5027,2.6268,1.7959,1.4307,1.5461,2.3143,3.4537,4.29,5.2619,6.0081,6.5089,6.7346,6.8805,6.8801,6.8136,6.6832,6.5518,6.4924,6.4693,6.5623,6.7305,6.8743,7.0103,7.1195,7.068,6.8896,6.5756,6.2049,5.6438,4.9759,4.2813,3.8522,3.2143,2.6609,2.2533,1.7015,1.2549,0.83579,0.75956,0.9709,1.6187,2.4205,3.6686,5.0108,5.9812,7.1632,8.1278,8.8954,9.3178,9.6761,9.8482,9.8317,9.6497,9.3438,9.0288,8.6028,8.2203,7.923,7.8191,7.7634,7.8119,7.8847,7.9392,7.9866,7.9668,7.9064,7.7852,7.5801,7.4157,7.187,6.8962,6.7006,6.4677,6.2674,6.0602,5.9324,5.7436,5.5108,5.4793,5.0666,4.7277,4.5055,4.0076,3.4427,2.906,2.4909,1.6897,1.1209,0.56602,-0.24491,-0.78437,-1.4243,-1.6799,-1.7002,-1.678,-1.5191,-1.3336,-1.4062,-1.5738,-2.0988,-3.053,-4.2189,-5.1387,-5.8229,-4.9837,-3.7429,-1.8984,-0.17177,0.89343,2.0292,2.9102,3.5195,3.8431,4.1439,4.2859,4.3484,4.394,4.4458,4.5086,4.6723,5.0253,5.0793,5.4188,5.7926,6.0263,6.2138,6.4088,6.5439,6.5336,6.5494,6.4212,6.1799,5.9806,5.546,5.0445,4.6039,3.9185,3.222,2.5301,2.0837,1.6588,1.5621,1.7962,2.4976,3.5038,4.6672
-1.6341,-1.8735,-1.7077,-1.1553,-0.54243,0.34031,1.1813,1.6823,2.1665,2.3771,2.3146,2.3389,1.7928,1.3368,0.83594,0.20114,-0.57774,-0.94625,-1.554,-1.948,-2.1773,-2.3551,-2.2412,-2.2163,-2.0216,-1.7514,-1.391,-0.97954,-0.37258,0.38525,1.1941,1.7499,2.3866,2.8719,3.1314,3.284,3.237,3.0645,2.8244,2.5273,2.237,2.1059,2.0379,2.1218,2.1996,2.3126,2.3798,2.3015,2.1702,1.8536,1.3366,0.81872,-0.15241,-1.5053,-2.9361,-5.6469,-10.064,-21.597,-19.596,-9.5068,-5.1372,-3.1653,-1.2638,-0.10126,0.66399,1.0626,1.3982,1.7234,1.9504,2.2866,2.7037,3.0326,3.486,3.9404,4.3255,4.5948,4.8406,5.0024,5.0475,4.9439,4.769,4.5088,4.04,3.4804,2.8463,2.2597,1.4021,0.54565,-0.14076,-0.98081,-1.6658,-2.1196,-2.18,-1.9578,-1.354,-0.7298,0.19562,1.2315,1.9381,2.8678,3.7148,4.3768,4.8282,5.2654,5.5637,5.7043,5.7611,5.7172,5.6075,5.3967,5.1434,4.8614,4.6629,4.3932,4.1483,4.0066,3.8139,3.6599,3.4845,3.3347,3.111,2.8031,2.5339,2.1647,1.7325,1.4248,0.99671,0.76062,0.63356,0.63599,0.721,0.8952,1.0251,0.84868,1.0225,0.82365,0.46627,-0.0027694,-0.59141,-1.2879,-2.2987,-3.4976,-4.8141,-6.5294,-8.8978,-11.676,-13.009,-13.004,-11.314,-9.8019,-8.3597,-7.593,-7.4156,-7.8163,-9.0664,-11.477,-14.617,-20.208,-16.099,-11.622,-7.792,-5.2332,-3.8951,-2.6833,-1.9457,-1.6281,-1.6304,-1.9017,-2.4638,-3.0041,-3.8324,-4.5019,-4.8421,-4.9422,-3.9375,-3.2151,-2.6508,-1.5051,-0.56592,0.1195,0.89523,1.6693,2.2152,2.5516,2.8879,2.9652,2.9464,2.708,2.2295,1.7348,0.79766,-0.46017,-2.164,-3.8289,-6.6839,-9.9329,-10.631,-7.8406,-4.5152,-1.8913
-5.024,-4.0879,-2.8294,-1.6379,-0.86234,0.052456,0.78363,1.2011,1.5811,1.8324,1.7187,1.6332,1.436,0.89742,0.59179,0.072187,-0.46231,-0.80323,-1.1294,-1.4117,-1.4264,-1.4212,-1.2569,-0.98042,-0.76777,-0.35879,0.032174,0.36365,0.8081,1.2189,1.6329,1.9238,2.2308,2.4661,2.5953,2.6867,2.7239,2.6671,2.5926,2.4572,2.2642,2.0936,1.8617,1.5675,1.3192,0.96278,0.48716,0.020819,-0.4038,-0.98629,-1.5852,-2.1051,-2.7998,-3.6784,-4.4488,-5.5993,-6.7678,-7.3621,-7.3373,-6.4956,-5.3585,-4.6042,-3.8569,-3.5507,-3.6216,-3.8572,-4.2776,-4.472,-4.2501,-3.4173,-2.1823,-1.2003,0.034892,1.0849,1.9336,2.4422,2.9947,3.3209,3.4981,3.5701,3.4672,3.2997,2.8987,2.3216,1.5189,0.74598,-0.42553,-1.9413,-3.2539,-5.3001,-7.5986,-9.3537,-9.7859,-8.7682,-6.9418,-5.6436,-4.1013,-2.7944,-1.9624,-1.044,-0.22005,0.47582,0.93394,1.4755,1.8708,2.0988,2.2852,2.2985,2.2408,1.9956,1.6212,1.1366,0.689,0.12205,-0.43005,-0.78387,-1.0716,-1.2701,-1.3616,-1.436,-1.6311,-1.9216,-2.3249,-3.0634,-3.9868,-4.8161,-6.0109,-6.8382,-6.839,-6.3228,-5.2288,-4.0566,-3.541,-2.6677,-2.2564,-2.2591,-2.263,-2.5841,-3.2567,-3.8859,-4.8316,-6.3775,-7.5083,-9.6887,-12.439,-15.856,-18.607,-17.915,-14.895,-12.646,-10.677,-9.2406,-8.6278,-8.1684,-8.0446,-8.1965,-8.2525,-8.2407,-7.649,-7.0374,-6.0522,-5.1544,-4.659,-4.2262,-4.1875,-4.5014,-5.0188,-6.1332,-7.7741,-9.5178,-12.737,-17.503,-21.59,-19.207,-16.198,-12.226,-10.648,-9.127,-7.2553,-5.9332,-4.2273,-2.7556,-1.3785,-0.62504,0.20517,0.77798,0.97676,1.0652,0.80812,0.43627,-0.3371,-1.5046,-3.0842,-4.5938,-7.0315,-9.3739,-9.952,-8.4721,-6.2188,-4.2585
-8.731,-5.8535,-3.2476,-1.4511,-0.41622,0.63609,1.3754,1.769,2.0837,2.1475,2.1151,1.7323,1.3518,0.69792,0.10591,-0.76542,-1.5377,-2.1975,-2.6662,-2.8271,-2.6701,-2.2411,-1.709,-0.99802,-0.50418,0.085783,0.66045,0.98841,1.3873,1.6902,1.8833,1.9723,2.0699,2.1171,2.118,2.1331,2.1449,2.1372,2.1398,2.0498,1.9187,1.7378,1.3771,0.85126,0.36157,-0.47526,-1.4502,-2.5277,-3.3286,-4.2639,-4.8797,-5.0925,-5.067,-4.839,-4.5796,-4.331,-4.04,-3.8036,-3.6172,-3.2757,-3.1598,-3.0988,-3.4031,-4.0869,-5.4473,-7.1136,-10.695,-18.63,-22.472,-11.816,-6.8511,-4.4786,-2.2385,-0.67037,0.5183,1.1834,1.8739,2.3967,2.6457,2.9,2.9372,2.8782,2.6341,2.1396,1.3786,0.68443,-0.63086,-2.3399,-3.9909,-6.8798,-10.894,-16.362,-17.714,-13.452,-10.008,-8.3599,-6.765,-5.7676,-5.189,-4.4947,-3.9735,-3.2786,-2.7894,-2.0907,-1.3941,-0.97699,-0.55806,-0.37825,-0.42949,-0.74596,-1.4149,-2.4396,-3.4474,-5.0605,-6.7335,-7.7475,-8.1629,-7.565,-6.6233,-6.0161,-5.531,-5.4643,-5.6949,-6.5545,-8.0681,-9.7987,-13.561,-22.616,-23.398,-15.117,-10.066,-7.2615,-5.8878,-4.3251,-3.9239,-3.5172,-3.5038,-3.8337,-4.4127,-4.8837,-5.9612,-6.8563,-7.7216,-8.9216,-9.7633,-10.608,-10.693,-10.648,-9.987,-9.3375,-8.341,-7.3578,-6.6889,-5.9294,-5.3247,-4.8209,-4.5067,-4.1325,-3.8051,-3.5807,-3.3387,-3.2393,-3.2726,-3.5044,-3.9714,-4.7181,-5.47,-6.7819,-8.4883,-10.024,-12.451,-15.051,-16.814,-17.868,-16.313,-18.211,-18.117,-18.28,-15.443,-12.316,-8.5235,-5.5603,-3.4034,-2.0375,-0.73931,0.23016,0.71902,1.0859,1.2139,1.1103,0.78465,0.24281,-0.47013,-1.0629,-1.8528,-2.5351,-2.8824,-3.1847,-3.2911,-3.3662
-2.3793,-1.5937,-0.47947,0.54117,1.204,1.9269,2.4457,2.7021,2.8602,2.7432,2.4864,2.1096,1.2073,0.1987,-0.94406,-2.7566,-5.0622,-7.0304,-9.5974,-9.6146,-7.5693,-5.8408,-3.7471,-2.2147,-1.2354,-0.24773,0.48455,0.90008,1.2307,1.3833,1.3223,1.1486,0.79955,0.38907,0.12247,-0.074376,-0.039794,0.26483,0.53197,0.87607,1.0528,1.0369,0.73014,0.12239,-0.60514,-1.9248,-3.7096,-6.1939,-8.4712,-12.268,-14.65,-13.098,-9.9715,-7.3467,-5.8483,-4.2517,-3.0223,-2.1369,-1.5674,-1.0993,-0.80874,-0.79774,-1.0129,-1.5607,-2.4355,-3.314,-4.6012,-5.5996,-5.7456,-5.0047,-3.7637,-2.8148,-1.7436,-0.92318,-0.30414,0.11752,0.59004,1.113,1.4889,1.9257,2.3257,2.4907,2.5707,2.4424,2.1152,1.6504,0.82098,-0.25269,-1.2322,-2.6268,-4.118,-5.3064,-6.037,-6.5263,-6.8449,-7.0281,-7.4108,-8.0275,-8.6464,-9.4873,-9.9316,-9.5715,-8.5474,-6.8205,-5.1084,-4.0014,-2.9262,-2.238,-2.0783,-2.2399,-2.9582,-4.2811,-5.7473,-8.7727,-13.591,-20.417,-20.906,-13.614,-10.149,-8.6578,-7.4109,-6.903,-6.7338,-6.8512,-7.3446,-7.8777,-8.4495,-8.9194,-8.5861,-7.8666,-6.5209,-5.3735,-4.4145,-3.855,-3.4742,-3.3871,-3.7757,-4.4035,-5.2008,-6.1522,-7.299,-8.5314,-9.4851,-10.065,-10.742,-10.589,-10.391,-9.8567,-8.8473,-8.1193,-6.9267,-5.7918,-4.9567,-3.9243,-3.075,-2.3421,-1.9307,-1.4591,-1.209,-1.1095,-1.1549,-1.3928,-1.6888,-2.2966,-3.0735,-4.0577,-4.8666,-6.03,-7.1943,-8.0263,-9.0709,-10.026,-10.676,-11.688,-12.292,-14.032,-15.276,-15.92,-13.67,-10.895,-7.514,-4.8228,-2.7052,-1.5033,-0.12619,0.7896,1.3538,1.8366,2.1241,2.2115,2.1639,1.9837,1.6622,1.3463,0.84421,0.2588,-0.25872,-1.0418,-2.0199,-3.2828
0.45891,0.66802,1.037,1.5386,1.902,2.3425,2.6973,2.8694,2.944,2.8376,2.4085,2.1502,1.1512,0.013176,-1.0984,-3.144,-5.7621,-8.2723,-11.92,-12.246,-9.0047,-6.9734,-4.7553,-3.099,-2.1724,-1.0811,-0.37786,0.053242,0.31852,0.27778,-0.096037,-0.6891,-2.0145,-3.994,-5.8328,-7.9715,-7.2821,-4.63,-2.9095,-1.137,-0.11385,0.27444,0.31517,-0.13725,-0.82208,-2.1295,-3.9806,-6.394,-8.5507,-11.59,-13.21,-12.538,-10.106,-7.5572,-5.9456,-4.0351,-2.4004,-1.1144,-0.2617,0.49024,1.1038,1.3189,1.5046,1.4162,1.2118,0.95811,0.58715,0.22444,-0.027053,-0.28744,-0.58313,-0.85016,-1.3584,-2.005,-2.8328,-3.3135,-3.4819,-2.8949,-1.9882,-0.72992,0.50063,1.2123,1.889,2.3008,2.437,2.2941,2.0142,1.457,0.93962,0.098228,-0.86407,-1.9186,-2.7739,-3.9781,-5.3738,-6.464,-8.2896,-10.29,-12.445,-16.239,-23.864,-25.76,-17.575,-11.477,-7.9425,-5.9928,-4.1449,-2.9494,-2.4249,-2.204,-2.4268,-3.11,-3.8769,-5.1732,-6.4785,-7.3276,-7.996,-8.0896,-7.9316,-7.822,-7.7092,-7.6331,-7.5609,-7.1833,-6.7034,-6.3776,-5.7422,-5.0928,-4.4247,-3.9295,-3.3202,-2.8464,-2.4639,-2.6602,-2.4905,-3.0278,-3.8124,-4.9971,-6.6901,-8.3519,-10.613,-14.026,-15.803,-17.516,-17.694,-16.141,-15.422,-13.702,-11.674,-10.119,-7.9371,-6.0067,-4.707,-3.1962,-1.9642,-1.0078,-0.46812,0.047113,0.30408,0.33254,0.12947,-0.32858,-0.85714,-1.8331,-3.1159,-4.708,-6.0408,-7.7541,-8.9988,-9.4045,-9.1711,-8.6034,-7.8333,-7.346,-7.31,-6.5325,-6.5202,-5.7297,-4.8884,-4.1543,-2.9034,-1.8781,-0.79428,-0.19865,0.54328,1.1003,1.4376,1.8133,2.041,2.1937,2.295,2.3025,2.2056,2.0538,1.725,1.2509,0.76695,-0.031696,-1.1322,-2.5603
-0.48103,-0.41275,-0.044329,0.51686,0.99322,1.5828,2.0935,2.3619,2.5612,2.6989,2.389,2.206,1.7288,1.0047,0.36641,-0.66017,-1.8377,-2.5931,-3.607,-4.0683,-4.359,-4.2083,-3.9672,-3.4323,-2.9588,-2.1826,-1.3458,-0.78979,-0.16721,0.09602,-0.056066,-0.47345,-1.5997,-3.5114,-5.4715,-7.82,-6.9104,-3.8596,-1.8969,0.0058299,1.1282,1.5745,1.7292,1.3572,0.81365,-0.34823,-1.8444,-3.7351,-5.2701,-7.344,-9.0624,-9.5753,-9.0912,-7.194,-5.4903,-3.2901,-1.4461,0.16615,1.0987,2.1296,2.8659,3.274,3.6326,3.8095,3.8225,3.7491,3.5264,3.1924,2.8459,2.2383,1.4183,0.58415,-0.93156,-3.1442,-6.6222,-11.11,-29.417,-11.872,-7.0679,-3.1551,-0.8588,0.41485,1.6064,2.3594,2.7458,2.9087,2.9017,2.664,2.3659,1.7569,0.99428,-0.058669,-0.93895,-2.4857,-4.3131,-6.0292,-8.6464,-11.595,-13.528,-15.099,-14.471,-12.71,-10.77,-8.2163,-5.7445,-4.2531,-2.5995,-1.4956,-0.8958,-0.49705,-0.42636,-0.69571,-1.055,-1.6858,-2.474,-3.085,-4.0423,-5.0646,-6.3676,-7.5233,-9.5878,-11.572,-12.574,-11.511,-8.892,-6.9842,-5.0908,-3.5243,-2.3872,-1.7228,-1.1231,-0.7053,-0.70435,-0.77503,-1.2102,-1.831,-2.7265,-4.1985,-6.2405,-7.9444,-11.71,-15.868,-21.583,-24.276,-22.941,-22.78,-25.492,-24.94,-17.84,-13.4,-9.0638,-6.0024,-4.1311,-2.2538,-0.74536,0.32827,0.9597,1.4642,1.7347,1.7414,1.5038,0.9583,0.32129,-0.84263,-2.534,-4.867,-7.3551,-12.508,-26.949,-20.926,-11.746,-7.7373,-5.5624,-4.0419,-2.9828,-1.9257,-1.4094,-0.86194,-0.35908,-0.054973,0.23161,0.47397,0.50499,0.56668,0.39889,0.37347,0.30244,0.39797,0.5948,0.81467,1.162,1.4534,1.6635,1.7415,1.7293,1.56,1.3466,0.91832,0.36191,-0.34456
-6.431,-6.1779,-4.1881,-2.1312,-0.83638,0.49285,1.3716,1.8233,2.2351,2.3576,2.6337,2.3892,2.5107,2.2532,1.9564,1.5757,0.86659,0.38348,-0.56499,-1.6064,-2.9884,-4.1562,-5.7822,-7.1743,-6.934,-5.3807,-2.9543,-1.3704,0.36277,1.6574,2.4679,2.8414,3.0994,3.141,3.132,3.2272,3.5723,4.0907,4.5508,5.078,5.4181,5.5057,5.3446,4.874,4.2932,3.2221,1.7379,-0.16189,-2.0307,-5.3109,-10.603,-17.52,-14.338,-7.168,-4.1471,-1.1323,0.95573,2.5671,3.4034,4.376,5.0017,5.3978,5.7124,5.9403,6.0175,6.0198,5.9142,5.6853,5.4208,4.9009,4.1885,3.5028,2.3815,1.0099,-0.43314,-1.4655,-2.1149,-1.8503,-1.0245,0.1268,1.3254,1.9895,2.7756,3.3021,3.6638,3.8954,3.9493,3.9495,3.8228,3.5548,3.0576,2.3584,1.6047,0.36254,-1.3741,-3.0254,-5.9803,-10.097,-14.513,-16.511,-11.373,-7.224,-5.103,-2.7174,-0.95996,0.14295,1.2322,2.0149,2.3548,2.5881,2.5119,2.2361,1.8985,1.3258,0.59422,-0.0084674,-0.89926,-2.0288,-3.4455,-4.8263,-7.3048,-10.498,-12.422,-10.354,-6.7109,-4.5578,-2.1511,-0.58516,0.55565,1.1399,1.6548,1.8705,1.7992,1.8185,1.1193,0.89693,-0.059237,-1.0712,-2.2683,-3.5574,-4.9804,-7.0355,-7.9709,-9.8164,-10.656,-11.8,-11.949,-11.419,-9.2867,-7.2073,-4.5931,-2.3231,-0.93587,0.62546,1.8066,2.7013,3.1776,3.6227,3.8239,3.8372,3.6819,3.3043,2.8786,2.1104,1.1127,-0.098975,-1.1017,-2.353,-3.0461,-2.9855,-2.1123,-0.93021,0.43531,0.98426,2.1794,2.5582,3.0579,3.2811,3.3466,3.2864,2.9063,2.3644,1.428,0.57573,-0.83293,-2.4479,-3.4339,-4.0254,-3.2177,-2.2858,-0.9916,0.068535,0.79856,1.1577,1.4469,1.5709,1.6034,1.5777,1.5581,1.5008
-10.269,-9.4188,-5.6862,-2.806,-1.3853,-0.18597,0.34781,0.47613,0.39657,0.15612,0.39013,0.7661,1.1754,1.8086,2.1605,2.311,2.259,1.8087,1.1327,-0.22502,-1.8414,-3.813,-7.039,-12.015,-12.632,-7.5063,-3.1476,-0.69827,1.7954,3.7097,5.2026,6.0679,6.9548,7.6318,8.0295,8.4433,8.7823,9.0243,9.153,9.2156,9.1695,9.0241,8.6683,8.1517,7.6239,6.8055,5.7526,4.5879,3.5864,2.3047,1.1826,0.74735,0.75959,1.4881,2.2987,3.3403,4.2914,4.9633,5.3881,5.7129,5.9181,5.9689,6.0347,6.0961,6.2333,6.3419,6.497,6.5632,6.5396,6.377,6.0311,5.6775,5.0844,4.4212,3.7595,3.3121,2.8987,2.6203,2.5825,2.6254,2.7289,2.8268,2.8469,2.8895,2.9818,2.9901,3.188,3.4582,3.6994,4.0047,4.1687,4.1765,4.0057,3.6106,2.9566,2.3434,1.4155,0.51662,0.14769,-0.019084,0.53811,1.388,2.1929,3.1674,4.0322,4.5461,5.0259,5.2657,5.2587,5.0202,4.5259,3.8357,3.2033,2.3282,1.5328,1.0419,0.58738,0.31902,0.097856,-0.08344,-0.28878,-0.38141,-0.23702,0.19594,0.96352,1.6374,2.3845,3.0509,3.4864,3.663,3.722,3.5381,3.4585,2.9091,2.7118,2.2465,1.7873,1.2945,0.7291,0.39272,-0.20505,-0.62902,-1.0756,-1.4067,-1.7761,-1.6978,-1.6906,-1.1784,-0.57886,0.12225,1.013,1.96,2.5733,3.3146,3.8701,4.3058,4.5122,4.7186,4.7802,4.7708,4.6767,4.5358,4.391,4.1519,3.915,3.684,3.5578,3.4881,3.5756,3.7717,4.1579,4.6704,5.1878,5.6435,5.891,6.2694,6.2653,6.2693,5.9727,5.5769,4.8588,3.7085,2.2274,0.6313,-2.0456,-6.3891,-11.469,-18.304,-9.2653,-5.6526,-2.9146,-1.3136,-0.48867,-0.24076,-0.28638,-0.52368,-0.68896,-0.56221,-0.025668,0.84982
-1.4992,-1.4508,-1.0763,-0.69118,-0.52105,-0.67187,-1.3999,-2.5054,-4.9604,-8.8952,-11.923,-7.4672,-3.7728,-0.99164,0.44776,1.3827,1.95,1.7694,1.4725,0.48589,-0.43441,-1.5167,-2.4189,-3.1547,-2.8914,-2.0756,-0.38005,0.96749,2.8962,4.6403,6.1336,7.112,8.1407,8.9472,9.4111,9.8466,10.099,10.199,10.182,10.033,9.7536,9.4722,9.0219,8.4877,8.0481,7.4282,6.7953,6.1704,5.7477,5.2586,4.899,4.7494,4.7048,4.7628,4.9209,5.0415,5.1108,4.9272,4.7475,4.1062,3.3206,2.5086,1.6346,1.1891,1.6301,2.3105,3.3308,4.1861,4.611,4.9082,4.889,4.6941,4.2128,3.5584,2.8101,2.2785,1.5924,1.0998,0.76351,0.49844,0.10045,-0.17307,-0.87257,-1.718,-2.7102,-3.4269,-3.0689,-1.8501,-0.5362,1.1057,2.4791,3.4801,4.0301,4.476,4.7337,4.7866,4.8218,4.7629,4.8486,4.9288,5.209,5.471,5.7748,6.0617,6.3444,6.4409,6.4475,6.2069,5.8688,5.1134,4.0046,2.4297,0.91408,-1.5855,-4.0462,-4.9095,-3.842,-1.7982,-0.071517,0.94334,1.9691,2.6877,3.1628,3.5959,3.9221,4.177,4.2176,4.1732,3.8881,3.547,2.8951,2.0754,1.4658,0.27243,-0.054966,-0.81656,-0.66649,-0.56581,-0.27317,0.1537,0.36848,0.8809,0.92189,1.3191,1.4072,1.6969,1.7858,2.0755,2.2771,2.4712,2.6592,2.8224,2.8847,2.8869,2.808,2.6598,2.5246,2.2946,2.0798,1.9589,1.828,1.8066,1.8605,2.0227,2.3061,2.6874,3.0542,3.5802,4.1385,4.5909,5.1513,5.7338,6.0732,6.5498,6.5763,6.8722,6.7269,6.5518,6.1348,5.6269,4.8875,3.7469,2.5191,1.3157,-0.20904,-1.8561,-2.7336,-3.4915,-3.3592,-3.0001,-2.4124,-2.0585,-2.136,-2.6002,-3.9801,-6.7467,-10.284,-14.333,-8.2168,-3.3459
-0.71324,-0.41279,-0.067118,0.13777,0.15791,-0.1128,-0.75276,-1.5678,-3.1401,-4.6392,-4.8595,-4.1879,-1.9199,-0.24859,0.79517,1.6473,1.9255,1.9334,1.3661,0.4627,-0.97363,-2.3011,-4.4857,-6.5016,-6.9522,-5.0476,-2.2124,-0.10873,2.2814,4.2729,5.8717,6.8395,7.8685,8.5923,8.9563,9.2363,9.2824,9.1416,8.8964,8.4519,7.8562,7.3583,6.6576,5.9312,5.4498,4.8193,4.3952,4.0395,3.9133,3.7901,3.8249,3.8663,4.0227,4.1654,4.218,4.2257,4.04,3.6005,2.9758,1.7063,-0.40169,-2.77,-8.504,-29.459,-8.7416,-4.1216,-0.70137,1.2234,2.0925,2.6318,2.6163,2.2526,1.4019,0.12493,-1.5297,-2.8388,-4.5538,-5.1928,-5.3094,-4.8488,-4.6232,-4.7003,-5.3524,-7.0734,-10.659,-15.333,-19.515,-9.5646,-5.4791,-2.066,0.34295,1.9491,2.9056,3.7651,4.3851,4.6825,4.9796,5.2007,5.3057,5.5019,5.6734,5.8978,6.0423,6.2302,6.3404,6.3462,6.2205,5.8696,5.4705,4.6484,3.4637,1.7225,0.029754,-3.146,-7.0051,-8.5183,-5.7313,-2.2609,0.1293,1.4746,2.7375,3.6296,4.0453,4.4272,4.5177,4.4272,4.1377,3.5491,2.6732,1.8118,0.30031,-1.5865,-3.6368,-6.0643,-10.304,-11.01,-9.3841,-6.7044,-4.3933,-3.0081,-1.6417,-0.53417,0.10857,0.80783,1.3255,1.6001,1.8036,1.8455,1.8354,1.6668,1.4082,0.94749,0.55663,-0.1272,-0.89222,-1.8302,-2.5207,-3.5316,-4.2861,-4.7409,-5.0171,-5.0306,-4.8371,-4.2934,-3.4623,-2.3274,-1.358,-0.011871,1.2615,2.1411,3.1624,3.9855,4.6376,4.8998,5.3197,5.3506,5.3377,5.0448,4.6051,4.1431,3.3491,2.3561,1.2725,0.30025,-0.89412,-2.1148,-2.7444,-3.3835,-3.5029,-3.3958,-3.0136,-2.693,-2.5668,-2.713,-3.2663,-4.1717,-4.8663,-4.8868,-3.4009,-1.1897
-3.4183,-2.6232,-1.7402,-0.98415,-0.55335,-0.13207,0.063152,0.14332,0.10929,0.32797,0.2565,0.74453,1.0015,1.5461,1.7572,1.9758,1.8539,1.6818,0.9822,0.066933,-1.5255,-2.9969,-5.9013,-9.6645,-10.875,-7.6298,-3.5659,-1.1953,1.2594,3.1035,4.5339,5.3085,6.0841,6.5432,6.694,6.6604,6.3677,5.8022,5.2252,4.2347,3.0679,2.0642,0.63797,-0.70865,-1.6096,-2.4078,-2.8208,-2.7729,-2.6089,-2.1599,-1.5954,-1.0937,-0.4357,0.25292,0.66251,1.1265,1.3379,1.3329,1.0401,0.48802,-0.47147,-1.2912,-2.3966,-2.9268,-2.4566,-1.7337,-0.62324,0.17498,0.54637,0.61707,0.21318,-0.42111,-1.7762,-3.801,-6.9221,-10.277,-18.743,-25.416,-15.711,-11.19,-8.8375,-8.0613,-7.4856,-7.4262,-7.3824,-7.4635,-6.6767,-5.4092,-4.1401,-2.4789,-1.0202,0.17504,0.82559,1.482,1.8426,2.0064,2.0506,2.0739,2.038,2.1198,2.2694,2.6008,2.8402,3.239,3.5297,3.7077,3.7958,3.7517,3.5763,3.2149,2.6543,1.9648,1.3677,0.64078,0.13934,0.01452,0.26173,0.83623,1.5574,2.0682,2.6568,3.0625,3.2287,3.2822,3.1322,2.8028,2.2506,1.3686,0.2071,-0.9072,-2.7141,-5.0775,-6.9746,-11.003,-13.557,-16.266,-13.858,-11.095,-8.4256,-7.0219,-5.0395,-3.7839,-2.7431,-1.9836,-1.2647,-0.97677,-0.85537,-1.0054,-1.3618,-1.7833,-2.5487,-3.5103,-4.3896,-5.6989,-7.3348,-9.2671,-11.107,-13.792,-16.791,-18.108,-17.833,-17.036,-16.877,-16.977,-15.688,-12.43,-9.7222,-6.5772,-4.0507,-2.5723,-0.99482,0.11631,1.039,1.2963,1.753,1.6556,1.6676,1.3558,0.8896,0.47049,-0.40563,-1.3364,-2.6776,-3.7473,-5.7551,-7.9754,-9.9176,-11.379,-10.693,-9.0439,-6.874,-5.0704,-3.7309,-2.9641,-2.1766,-1.5184,-1.0544,-0.33097,0.48419,1.4088
-8.1409,-6.7473,-4.9538,-3.4289,-2.4554,-1.388,-0.57054,-0.092279,0.44626,0.7493,1.0765,1.2127,1.395,1.499,1.5064,1.4226,1.2819,0.993,0.63974,0.070583,-0.56382,-1.045,-1.6674,-1.9434,-1.9318,-1.3673,-0.46149,0.33533,1.4089,2.3351,3.0366,3.4476,3.7547,3.8119,3.6874,3.2681,2.5601,1.5428,0.56361,-1.0623,-3.1397,-5.0102,-8.0534,-11.82,-14.787,-16.728,-15.657,-13.871,-12.966,-11.776,-10.559,-9.3173,-7.5241,-5.7443,-4.4988,-3.149,-2.1014,-1.4091,-0.99664,-0.75556,-0.63325,-0.66377,-0.67821,-0.66827,-0.59753,-0.48135,-0.38214,-0.33019,-0.43493,-0.74564,-1.3325,-1.9554,-3.0952,-4.5979,-6.3178,-7.7285,-9.4006,-10.193,-10.441,-10.044,-9.7118,-9.3044,-8.9387,-8.4312,-7.822,-7.2934,-6.3146,-5.2706,-4.4824,-3.4631,-2.6241,-1.9628,-1.7014,-1.5686,-1.8019,-2.184,-2.9755,-4.028,-4.6968,-5.2972,-4.9484,-4.0302,-3.1095,-2.0415,-1.1396,-0.63777,-0.14767,0.16579,0.29026,0.3737,0.37616,0.36785,0.3391,0.33968,0.35332,0.41925,0.56645,0.74015,0.95612,1.0786,1.2074,1.2143,1.1811,0.95838,0.60711,0.24941,-0.46876,-1.3644,-2.5136,-3.5659,-5.1842,-7.0612,-8.6885,-10.566,-13.237,-13.675,-14.773,-14.001,-12.318,-11.039,-8.9321,-7.3566,-6.2891,-5.2913,-4.6642,-4.3251,-4.43,-4.7473,-5.552,-6.2952,-7.7088,-9.2931,-10.676,-12.427,-14.208,-16.004,-17.807,-20.81,-25.027,-27.115,-24.77,-22.944,-22.739,-24.004,-23.349,-18.127,-14.509,-10.778,-8.0444,-6.5285,-5.0039,-3.9266,-3.4245,-2.9368,-3.1273,-3.0997,-3.4372,-3.7889,-4.2817,-4.6964,-5.2691,-5.9551,-7.0029,-7.8665,-9.7579,-12.236,-15.099,-18.447,-15.981,-12.788,-9.3503,-6.8738,-5.0254,-3.905,-2.6782,-1.6596,-0.96652,-0.13083,0.64477,1.3449
-13.71,-10.443,-7.2065,-4.8074,-3.3898,-1.906,-0.78249,-0.15457,0.4708,0.82372,1.1467,1.1032,1.1641,0.98522,0.88524,0.66084,0.46334,0.28404,0.13258,-0.054435,-0.11716,-0.16823,-0.12069,0.022648,0.18775,0.52243,0.91386,1.252,1.6551,2.0097,2.2308,2.3093,2.2357,1.9533,1.5878,0.87883,-0.12007,-1.3999,-2.6081,-4.5039,-6.8606,-8.9422,-12.328,-16.431,-19.925,-22.264,-21.348,-20.938,-21.427,-24.933,-26.604,-20.905,-14.652,-10.585,-8.3536,-6.0341,-4.2861,-3.0324,-2.2768,-1.5937,-1.101,-0.85058,-0.61868,-0.46884,-0.40675,-0.39351,-0.45758,-0.60236,-0.79198,-1.1536,-1.6612,-2.1528,-2.9313,-3.8592,-4.8551,-5.6871,-6.7061,-7.8051,-8.5487,-9.6006,-10.668,-11.359,-12.022,-11.879,-10.92,-9.6357,-8.0469,-6.4415,-5.4496,-4.3274,-3.528,-3.0923,-2.9586,-3.1973,-3.873,-4.8099,-6.6928,-9.8875,-13.733,-27.456,-17.984,-11.165,-8.4906,-6.2721,-4.9223,-4.3049,-3.7884,-3.5201,-3.3229,-3.0664,-2.6916,-2.2716,-1.9077,-1.4817,-1.101,-0.86933,-0.64889,-0.51046,-0.48746,-0.51281,-0.63889,-0.81308,-0.99537,-1.2871,-1.6801,-1.9908,-2.5985,-3.3328,-4.2898,-5.1513,-6.5669,-8.3067,-9.8676,-12.51,-15.556,-20.13,-30.773,-25.378,-17.605,-14.323,-11.382,-9.1554,-8.1374,-6.903,-6.3667,-6.1356,-6.2872,-6.9026,-7.9729,-9.2669,-11.491,-14.756,-17.808,-22.553,-22.904,-20.579,-19.184,-18.287,-17.806,-17.459,-17.004,-16.236,-15.684,-14.794,-13.608,-12.198,-11.033,-9.5119,-8.2131,-7.4342,-6.6993,-6.3124,-6.313,-6.4781,-7.0739,-7.72,-8.6164,-9.614,-10.435,-10.773,-10.5,-10.194,-9.6917,-9.618,-9.4852,-9.5825,-9.6607,-9.4339,-8.8565,-8.1145,-6.9982,-5.8257,-4.7031,-3.9221,-2.9524,-2.071,-1.4482,-0.6802,0.055936,0.71112
-9.5088,-7.5167,-5.1157,-3.1091,-1.8841,-0.57435,0.40168,0.92316,1.3324,1.5734,1.4112,1.2811,0.80313,0.25962,-0.21438,-0.76896,-1.2655,-1.3672,-1.4567,-1.2067,-0.87464,-0.56935,-0.1198,0.28384,0.62627,0.98728,1.3441,1.551,1.7639,1.8783,1.9037,1.7929,1.5318,1.0763,0.59281,-0.2475,-1.3201,-2.7024,-3.8719,-5.7453,-7.7867,-9.4589,-11.647,-13.616,-14.785,-15.924,-16.569,-17.092,-17.431,-17.742,-16.937,-15.212,-12.256,-9.4914,-7.6061,-5.6646,-4.1231,-2.9212,-2.2884,-1.5781,-1.1425,-0.87587,-0.68436,-0.57909,-0.53413,-0.56766,-0.62301,-0.77915,-0.91259,-1.1801,-1.5358,-1.8701,-2.3939,-2.993,-3.7331,-4.3417,-5.2638,-6.4535,-7.4301,-9.2296,-11.664,-14.474,-21.239,-30.628,-16.71,-12.264,-8.8004,-6.3456,-4.9934,-3.6582,-2.7537,-2.2594,-2.1116,-2.2545,-2.7662,-3.3728,-4.5406,-5.9551,-7.0348,-8.0168,-7.9382,-7.2363,-6.5919,-5.9698,-5.8232,-6.0027,-6.6802,-7.6324,-8.2518,-8.3187,-7.3048,-5.7905,-4.6773,-3.4584,-2.5612,-2.1314,-1.8311,-1.7957,-2.0093,-2.2685,-2.7139,-3.1552,-3.4848,-3.7607,-3.9534,-4.1092,-4.245,-4.5577,-5.0431,-5.5382,-6.4204,-7.5634,-8.4694,-10.138,-11.846,-12.738,-13.912,-13.518,-12.289,-10.934,-9.4328,-7.877,-7.1007,-6.1894,-5.6379,-5.5285,-5.5872,-6.1557,-7.1031,-8.1667,-10.05,-12.531,-14.761,-17.364,-17.577,-15.97,-14.634,-13.224,-12.162,-11.5,-10.786,-10.114,-9.6514,-9.0206,-8.3984,-7.7953,-7.364,-6.8978,-6.5947,-6.4721,-6.5322,-6.8872,-7.3203,-8.3262,-9.2104,-11.308,-13.093,-17.074,-23.757,-24.963,-18.201,-13.688,-11.019,-9.6754,-8.3325,-7.4784,-6.9043,-6.3694,-5.8706,-5.5301,-5.1082,-4.6946,-4.2758,-3.9481,-3.4443,-2.8339,-2.321,-1.5708,-0.801,-0.04639
-3.5675,-2.5226,-1.1211,0.15326,0.98626,1.8733,2.4872,2.7593,2.8629,2.6408,2.0252,1.4602,0.20439,-1.2917,-2.7104,-4.6847,-6.3307,-6.7753,-6.1016,-4.6936,-3.3365,-2.3865,-1.3904,-0.55553,-0.066116,0.47839,0.87671,1.0797,1.2705,1.3177,1.2404,1.1021,0.80168,0.35377,-0.094311,-0.88053,-1.9083,-3.2171,-4.4246,-6.3477,-8.7363,-10.76,-13.603,-15.939,-16.441,-15.582,-14.186,-12.71,-11.84,-10.565,-9.2635,-8.2876,-6.8726,-5.539,-4.6104,-3.5228,-2.6777,-2.0373,-1.7347,-1.4584,-1.3518,-1.3602,-1.4198,-1.5242,-1.6145,-1.6664,-1.7253,-1.7738,-1.8306,-1.932,-2.0837,-2.2242,-2.4752,-2.7892,-3.174,-3.4857,-4.0512,-4.6709,-5.2537,-6.2132,-7.2604,-8.1641,-9.0262,-8.9934,-7.8979,-6.5819,-4.8715,-3.3496,-2.3595,-1.359,-0.63636,-0.18289,-0.051153,-0.032828,-0.2457,-0.49718,-0.93796,-1.4084,-1.7713,-2.1479,-2.4418,-2.6945,-2.9101,-3.4112,-4.2726,-5.2925,-7.4562,-11.13,-16.416,-24.796,-12.924,-8.0028,-5.843,-3.9156,-2.8486,-2.4266,-2.3238,-2.7186,-3.5243,-4.4424,-5.9366,-7.5643,-8.4737,-8.7571,-7.9858,-7.2412,-6.3074,-5.717,-5.4608,-5.4988,-5.7812,-6.2541,-6.8766,-7.3151,-8.2408,-8.4189,-8.7399,-8.5835,-8.1126,-7.4398,-6.6067,-5.715,-4.993,-4.3574,-3.7597,-3.486,-3.467,-3.5938,-4.0609,-4.4806,-5.2535,-6.1074,-6.6707,-7.3023,-7.5681,-7.4885,-7.311,-6.8606,-6.4206,-6.0893,-5.6395,-5.2855,-5.0108,-4.7243,-4.5166,-4.3852,-4.3837,-4.5127,-4.8165,-5.1802,-5.8304,-6.6644,-7.6456,-8.5279,-9.5433,-11.233,-11.909,-13.526,-14.348,-14.215,-12.502,-10.419,-8.5066,-7.1933,-6.0114,-5.05,-4.5929,-4.204,-4.0586,-4.1331,-4.3853,-4.8441,-5.4273,-5.8351,-6.1302,-5.8455,-5.2206,-4.0094,-2.7214,-1.5031
-1.0429,0.052576,1.3351,2.4008,3.0496,3.6958,4.0527,4.1305,3.9903,3.4083,2.5018,1.5822,-0.21763,-2.6154,-4.9894,-9.654,-18.006,-21.032,-12.916,-8.9289,-6.3766,-5.1152,-3.8151,-2.8137,-2.3002,-1.7069,-1.3471,-1.1611,-1.0468,-1.0505,-1.2023,-1.3073,-1.5358,-1.7776,-2.0129,-2.4345,-3.0766,-3.9483,-4.9093,-6.5367,-8.7844,-11.091,-15.445,-21.206,-20.95,-15.902,-12.161,-9.6376,-8.2878,-6.7457,-5.5235,-4.7384,-3.8414,-3.0964,-2.6983,-2.274,-2.086,-2.1372,-2.3139,-2.7808,-3.3729,-3.9624,-4.664,-5.2515,-5.58,-5.5966,-5.4893,-5.2313,-5.0893,-4.916,-4.8251,-4.7924,-4.7926,-4.8108,-4.7629,-4.6811,-4.6024,-4.4033,-4.3393,-4.2244,-4.065,-3.9667,-3.7027,-3.3017,-2.6594,-2.1159,-1.3256,-0.5947,-0.068564,0.46241,0.84157,1.0499,1.0701,1.0091,0.82748,0.63716,0.39701,0.17967,0.031646,-0.10044,-0.25074,-0.40169,-0.57922,-0.96961,-1.5396,-2.1308,-3.1118,-4.1261,-4.7641,-5.0392,-4.5194,-3.6133,-2.9409,-2.2034,-1.8643,-1.8439,-2.2042,-3.0661,-4.47,-6.0323,-9.0855,-14.197,-22.146,-21.062,-13.303,-10.274,-8.0871,-6.7854,-6.135,-5.9755,-6.0798,-6.4748,-7.0683,-7.7271,-8.5376,-9.2935,-9.5537,-9.491,-8.7058,-7.7872,-6.5262,-5.3827,-4.4088,-3.5563,-2.7647,-2.2351,-2.0435,-1.8507,-1.9131,-2.0168,-2.2727,-2.6021,-2.8052,-3.0912,-3.2918,-3.3726,-3.3991,-3.3274,-3.2125,-3.1059,-2.9131,-2.7552,-2.6332,-2.5548,-2.5774,-2.7329,-2.9864,-3.4809,-4.2304,-5.0022,-6.32,-7.8802,-9.8266,-11.018,-12.233,-12.641,-11.797,-10.882,-9.722,-8.7843,-7.5439,-6.4142,-5.2365,-4.5098,-3.737,-3.1449,-2.9628,-2.9152,-3.2057,-3.685,-4.7016,-6.3162,-8.7751,-11.506,-17.072,-18.486,-13.674,-9.046,-6.0875,-4.0263
-0.32148,0.86485,2.1495,3.1662,3.7568,4.3101,4.5868,4.6049,4.3603,3.7335,2.9114,1.8931,0.39645,-1.4975,-3.0899,-5.3077,-7.3021,-8.2107,-8.9264,-8.8823,-8.4136,-8.0748,-7.3561,-6.7318,-6.2875,-5.8216,-5.5419,-5.4296,-5.5767,-5.8809,-6.348,-6.6383,-6.8336,-6.6578,-6.322,-5.787,-5.422,-5.3021,-5.4328,-5.9122,-6.6155,-7.2918,-8.097,-8.6138,-8.6145,-8.0176,-7.1612,-6.1441,-5.3761,-4.5166,-3.7845,-3.3178,-2.8691,-2.5751,-2.5021,-2.5875,-2.9511,-3.6447,-4.3243,-5.7305,-7.5602,-9.3092,-12.116,-14.701,-15.509,-14.478,-12.822,-11.448,-10.763,-10.211,-10.026,-10.107,-10.301,-10.402,-10.037,-9.4927,-8.3143,-7.1174,-6.2666,-5.1808,-4.3394,-3.7293,-3.0044,-2.3532,-1.6843,-1.2664,-0.63369,-0.13334,0.16192,0.44618,0.52437,0.39704,0.19205,-0.28131,-0.83862,-1.2862,-1.7295,-1.9158,-1.8069,-1.4545,-1.0002,-0.55076,-0.30964,-0.10596,-0.061494,-0.1405,-0.31314,-0.54378,-0.69832,-0.83687,-0.90536,-0.90631,-0.89562,-0.98761,-1.1728,-1.446,-1.9949,-2.7864,-3.8851,-4.8661,-6.3064,-7.7868,-8.5562,-8.941,-8.5929,-8.1258,-7.4869,-7.0447,-6.8858,-6.9519,-7.3138,-8.0672,-8.7365,-10.613,-12.557,-15.355,-19.426,-19.889,-14.811,-11.998,-8.8396,-6.8124,-5.4888,-4.1828,-3.3048,-2.5802,-2.2613,-1.9981,-1.8604,-1.9189,-2.0249,-2.2131,-2.4212,-2.6674,-2.9418,-3.1911,-3.3151,-3.4669,-3.4771,-3.4278,-3.3053,-3.0938,-2.9707,-2.8333,-2.7966,-2.9456,-3.1866,-3.7464,-4.6362,-5.5578,-7.2702,-9.6161,-13.695,-17.466,-31.708,-19.268,-14.987,-11.061,-8.7313,-7.3055,-5.9168,-4.7075,-3.7697,-3.2917,-2.7129,-2.4472,-2.3813,-2.5127,-2.9622,-3.4858,-4.5257,-5.9634,-7.7972,-9.3795,-11.245,-11.691,-10.882,-9.2066,-7.6019,-6.2907
0.2515,1.1706,2.294,3.2299,3.8001,4.3586,4.6783,4.7363,4.535,4.1097,3.3315,2.4682,1.1815,-0.48632,-1.9246,-4.0786,-6.3439,-8.2992,-10.86,-12.923,-14.331,-14.087,-13.459,-12.547,-11.814,-11.113,-10.501,-10.362,-10.556,-11.568,-13.524,-16.201,-19.746,-16.78,-13.286,-9.9785,-7.8382,-6.587,-5.9479,-5.5067,-5.3772,-5.3322,-5.3574,-5.3365,-5.257,-5.0079,-4.697,-4.3168,-4.0161,-3.6697,-3.3647,-3.2243,-3.1107,-3.156,-3.2555,-3.6196,-4.2084,-5.0725,-6.073,-7.6802,-10.016,-12.379,-16.386,-21.599,-22.942,-20.589,-18.082,-16.706,-15.91,-15.452,-15.558,-16.179,-18.088,-21.872,-24.49,-19.827,-14.571,-11.15,-9.2079,-7.4455,-6.1412,-5.394,-4.5755,-3.8255,-3.1559,-2.6258,-1.9539,-1.3306,-0.99363,-0.7079,-0.72159,-1.1023,-1.6555,-2.8588,-4.6872,-6.4423,-9.0561,-9.8674,-8.4452,-5.8308,-3.6352,-2.0982,-1.2412,-0.44773,0.019272,0.22225,0.3268,0.27268,0.17699,-0.020379,-0.28459,-0.58121,-0.82797,-1.2072,-1.6088,-1.9576,-2.472,-3.0391,-3.6752,-4.192,-4.8927,-5.5933,-6.0193,-6.5763,-6.9524,-7.2863,-7.5414,-7.8366,-8.1146,-8.3363,-8.7298,-9.2971,-9.8651,-10.763,-12.766,-13.704,-15.382,-15.404,-13.15,-11.377,-8.9975,-7.2111,-6.2359,-5.0321,-4.2911,-3.782,-3.4876,-3.3722,-3.3701,-3.4628,-3.6902,-3.9893,-4.2996,-4.7582,-5.2859,-5.8932,-6.3263,-6.8166,-7.0496,-6.9671,-6.5722,-5.9296,-5.4216,-4.7914,-4.3352,-4.0984,-4.0697,-4.2887,-4.7786,-5.3297,-6.2842,-7.5103,-9.0484,-9.4855,-10.356,-10.131,-9.1591,-7.9497,-6.6539,-5.8714,-4.8316,-4.0195,-3.427,-2.9994,-2.6523,-2.4864,-2.434,-2.5925,-2.9477,-3.3381,-4.0302,-4.875,-5.8236,-6.5294,-7.3824,-8.0734,-8.4569,-8.8669,-9.1828,-9.4251
-0.40436,0.42937,1.5744,2.649,3.353,4.0997,4.5921,4.7806,4.7869,4.5225,3.8495,3.2425,2.0425,0.48392,-0.90715,-3.2464,-6.1252,-8.9494,-13.918,-21.84,-29.499,-23.347,-20.057,-19.043,-18.846,-17.421,-15.382,-14.018,-12.752,-12.517,-13.092,-13.924,-14.543,-13.216,-11.387,-9.0767,-7.3596,-6.237,-5.707,-5.3071,-5.1857,-5.1793,-5.223,-5.1947,-5.1184,-4.9939,-4.7399,-4.5341,-4.4337,-4.3283,-4.3409,-4.4048,-4.5312,-4.7036,-4.8537,-5.091,-5.4429,-5.9777,-6.5762,-7.6489,-9.0479,-10.369,-12.328,-14.328,-16.351,-17.806,-19.818,-21.213,-21.041,-19.5,-18.03,-17.386,-17.315,-17.67,-17.111,-15.713,-13.116,-10.785,-9.6027,-8.4157,-7.7969,-7.6746,-7.7058,-7.6108,-7.0487,-6.1437,-4.827,-3.4747,-2.6373,-1.8902,-1.5568,-1.7033,-2.2058,-3.366,-5.3003,-7.4004,-10.807,-12.101,-9.9148,-6.5866,-4.1628,-2.4933,-1.5976,-0.80728,-0.34731,-0.17396,-0.15692,-0.31216,-0.5402,-0.96804,-1.4862,-2.0951,-2.5974,-3.2054,-3.8033,-4.1693,-4.5582,-4.875,-5.114,-5.3075,-5.6608,-6.0693,-6.5026,-7.2011,-8.0612,-8.7578,-9.8168,-10.747,-11.313,-11.413,-11.187,-10.741,-10.641,-10.315,-10.031,-10.405,-10.063,-9.7837,-9.1702,-8.6489,-7.84,-6.9308,-6.5023,-5.9333,-5.5009,-5.4175,-5.4351,-5.6248,-6.051,-6.3444,-6.8492,-7.3738,-7.7058,-8.3298,-9.1532,-10.345,-11.692,-13.956,-16.252,-16.291,-13.664,-10.857,-9.108,-7.4338,-6.2919,-5.55,-5.2353,-5.0331,-5.0389,-5.1658,-5.4124,-5.7672,-5.9897,-6.1609,-6.3985,-6.126,-6.0434,-5.7258,-5.3591,-5.0666,-4.6939,-4.3852,-4.0188,-3.7582,-3.5098,-3.2774,-3.2326,-3.2981,-3.5138,-3.8202,-4.3612,-5.0437,-5.8445,-6.4822,-7.3796,-8.3476,-9.1757,-10.537,-12.517,-15.622
-4.5565,-2.8836,-0.71717,1.1323,2.2512,3.4147,4.2126,4.6005,4.8623,4.7598,4.4057,3.9991,3.087,1.9235,0.79261,-0.93837,-3.0352,-4.9214,-7.4723,-10.004,-12.376,-14.008,-16.252,-19.971,-24.695,-22.246,-16.187,-13.225,-10.759,-9.1334,-8.1693,-7.612,-6.9899,-6.3711,-5.8945,-5.3543,-4.9983,-4.8903,-5.0842,-5.591,-6.3396,-7.0408,-7.8176,-8.1809,-8.0626,-7.5559,-6.95,-6.5116,-6.377,-6.4945,-6.9598,-7.4315,-8.1314,-8.5227,-8.5443,-8.0852,-7.4974,-7.1122,-6.9051,-7.0961,-7.6602,-8.2297,-9.4462,-11.119,-13.222,-15.312,-19.319,-24.223,-23.417,-18.761,-15.451,-13.774,-12.179,-10.96,-10.007,-9.2691,-8.3984,-7.7947,-7.5208,-7.5751,-8.3532,-9.5297,-12.469,-18.855,-20.874,-13.705,-8.4643,-5.2902,-3.6524,-2.1923,-1.3408,-0.98077,-0.98076,-1.2981,-1.8417,-2.31,-2.8525,-3.0588,-2.9383,-2.5782,-2.0796,-1.6077,-1.3837,-1.1881,-1.1692,-1.2871,-1.5915,-2.0653,-2.5538,-3.3693,-4.3776,-5.5852,-6.5926,-7.9704,-9.1578,-9.6682,-9.7071,-9.2042,-8.5633,-8.145,-7.8113,-7.8079,-8.0978,-8.7908,-10.125,-11.411,-14.223,-18.441,-22.948,-20.928,-16.315,-13.314,-11.802,-10.701,-9.6584,-9.3906,-9.1654,-8.9017,-8.7952,-8.581,-8.4195,-8.0861,-7.7576,-7.6063,-7.5013,-7.6704,-8.1388,-8.9792,-10.212,-11.359,-12.645,-13.222,-13.069,-12.592,-12.446,-12.941,-13.91,-16.083,-18.651,-18.593,-15.378,-12.222,-10.438,-8.7549,-7.6621,-7.0306,-6.768,-6.5747,-6.4936,-6.4394,-6.3762,-6.2394,-5.9859,-6.132,-5.8238,-5.7871,-5.8959,-5.9968,-6.2651,-6.4404,-6.7879,-6.8926,-6.7173,-6.5127,-5.9594,-5.4344,-5.1589,-4.9349,-5.0048,-5.2545,-5.8396,-6.682,-7.6819,-8.4775,-9.4589,-10.223,-10.698,-11.309,-12.088,-13.161
-10.219,-6.285,-2.7932,-0.42405,0.89091,2.2108,3.1411,3.6266,4.0137,4.1479,4.1021,3.8349,3.3553,2.6554,1.9867,0.93437,-0.30271,-1.2899,-2.6806,-4.1182,-5.5123,-6.4487,-7.6095,-8.4894,-8.786,-8.5374,-7.7202,-6.9311,-5.8348,-4.8876,-4.1125,-3.6697,-3.2219,-2.9509,-2.8722,-2.9632,-3.3256,-4.0421,-4.8518,-6.4579,-8.881,-11.49,-16.905,-21.807,-17.395,-12.702,-10.235,-8.9692,-8.6392,-9.0084,-10.295,-12.029,-16.041,-22.472,-20.446,-14.281,-10.68,-8.5235,-7.5278,-6.7386,-6.4818,-6.5682,-6.9472,-7.613,-8.4906,-9.1973,-10.039,-10.498,-10.488,-9.9791,-9.1174,-8.431,-7.5314,-6.7444,-6.0825,-5.6713,-5.3044,-5.1127,-5.0943,-5.4087,-6.066,-6.7567,-7.9151,-8.8369,-8.6624,-7.5678,-5.6573,-3.8533,-2.7108,-1.5393,-0.76143,-0.31119,-0.13863,-0.13949,-0.32052,-0.52077,-0.85834,-1.2028,-1.4768,-1.8104,-2.1447,-2.5125,-2.8075,-3.2343,-3.7229,-4.1359,-4.7464,-5.5028,-6.1804,-7.2596,-8.6895,-10.578,-12.378,-15.893,-21.682,-27.903,-21.829,-16.33,-13.305,-11.814,-10.501,-9.8768,-9.7094,-9.9409,-10.698,-11.628,-13.307,-15.279,-16.471,-15.991,-14.19,-12.384,-11.207,-10.397,-10.145,-9.8195,-10.307,-10.975,-11.819,-12.328,-12.516,-12.241,-11.518,-10.721,-10.356,-10.341,-10.738,-12.111,-14.471,-17.439,-25.765,-29.764,-20.944,-16.05,-13.637,-12.42,-11.893,-11.527,-11.307,-11.021,-10.443,-9.826,-9.4327,-9.0776,-9.0526,-9.355,-9.7296,-10.381,-10.916,-11.021,-10.673,-9.8631,-9.1405,-8.405,-7.8417,-7.801,-7.784,-8.3089,-9.3247,-10.526,-12.639,-14.812,-15.271,-13.64,-11.119,-9.225,-8.1717,-7.4075,-7.2556,-7.4848,-8.3112,-9.7767,-11.942,-14.036,-16.816,-17.176,-15.571,-13.21,-11.335,-9.9172
-3.6402,-2.8821,-1.7565,-0.68853,0.020931,0.80747,1.4427,1.8151,2.1897,2.4854,2.5869,2.5523,2.4473,2.1547,1.8747,1.349,0.71315,0.22687,-0.50241,-1.2554,-1.9361,-2.3652,-2.871,-3.1942,-3.2597,-3.2024,-2.9531,-2.6691,-2.2302,-1.8054,-1.4238,-1.219,-1.0498,-1.0371,-1.1505,-1.4769,-2.0498,-2.9258,-3.787,-5.2585,-7.1496,-8.804,-10.953,-12.027,-11.685,-10.397,-9.1939,-8.4623,-8.276,-8.5054,-9.2861,-10.241,-11.738,-12.692,-12.409,-10.821,-8.9576,-7.4398,-6.6393,-5.8251,-5.3638,-5.2434,-5.222,-5.3304,-5.5482,-5.7316,-5.8919,-5.9427,-5.9048,-5.7055,-5.3933,-5.1037,-4.701,-4.3135,-3.9517,-3.7544,-3.5387,-3.4102,-3.4101,-3.4783,-3.6014,-3.7206,-3.8349,-3.8057,-3.544,-3.2321,-2.6185,-1.9724,-1.5148,-0.98234,-0.5936,-0.3788,-0.34587,-0.43899,-0.70961,-1.0245,-1.555,-2.2381,-2.8496,-3.7347,-4.744,-5.8416,-6.6267,-7.6555,-8.5631,-9.1233,-9.8032,-10.492,-11.032,-11.904,-12.957,-14.23,-15.346,-17.029,-18.505,-18.977,-18.172,-16.337,-14.474,-13.302,-12.085,-11.208,-10.757,-10.466,-10.314,-10.432,-10.526,-10.617,-10.583,-10.433,-10.068,-9.6912,-9.4932,-9.3286,-9.7457,-10.343,-11.501,-13.726,-17.334,-22.224,-30.713,-20.657,-16.785,-13.659,-12.076,-11.393,-11.233,-11.559,-12.383,-13.133,-13.922,-13.978,-13.466,-12.366,-11.234,-10.312,-9.7911,-9.2943,-8.9662,-8.8315,-8.7878,-8.8967,-9.1349,-9.7227,-10.699,-12.178,-13.771,-16.901,-21.834,-25.489,-20.874,-16.273,-13.231,-11.603,-10.501,-9.7055,-9.5358,-9.9128,-10.871,-12.219,-14.774,-18.096,-18.754,-16.411,-12.995,-10.66,-9.5417,-8.6755,-8.4226,-8.6179,-9.386,-10.785,-12.953,-15.178,-18.454,-18.454,-15.954,-12.662,-10.108,-8.1433
-0.95973,-0.99959,-1,-0.97384,-0.93927,-0.85494,-0.68929,-0.48893,-0.11322,0.28211,0.64228,0.95799,1.1798,1.2887,1.2718,1.1512,0.9313,0.69084,0.33237,-0.021657,-0.35428,-0.58761,-0.78577,-0.85888,-0.84454,-0.71664,-0.48153,-0.26064,0.046819,0.35551,0.59745,0.73548,0.80946,0.7497,0.60617,0.26848,-0.24201,-0.91186,-1.5302,-2.458,-3.434,-4.1414,-4.9393,-5.4871,-5.709,-5.7486,-5.6538,-5.5471,-5.5012,-5.5131,-5.6287,-5.7723,-5.9065,-5.9206,-5.7763,-5.4488,-5.0042,-4.5542,-4.2627,-3.9945,-3.8384,-3.7787,-3.8073,-3.8909,-3.9696,-4.013,-4.0396,-4.0031,-3.9152,-3.7518,-3.5444,-3.3635,-3.1227,-2.8931,-2.701,-2.5777,-2.4457,-2.3745,-2.3523,-2.3062,-2.266,-2.2374,-2.1487,-2.0091,-1.7972,-1.6204,-1.3366,-1.0415,-0.85413,-0.65911,-0.55088,-0.56737,-0.68262,-0.96067,-1.4048,-1.8681,-2.67,-3.7182,-4.6542,-6.2203,-8.143,-10.395,-12.265,-14.67,-16.121,-16.371,-16.207,-16.035,-16.117,-16.568,-17.109,-17.511,-17.686,-17.585,-17.109,-16.64,-15.829,-14.88,-13.902,-13.239,-12.441,-11.701,-11.257,-10.641,-10.089,-9.6503,-9.1446,-8.6626,-8.2043,-7.8919,-7.5464,-7.3097,-7.2906,-7.3736,-7.6283,-8.2581,-9.2174,-10.509,-12.152,-13.182,-13.798,-13.2,-12.351,-11.023,-10.007,-9.4201,-9.2129,-9.061,-9.0878,-9.1731,-9.1795,-9.0502,-8.8815,-8.5227,-8.0976,-7.6786,-7.4376,-7.2091,-7.1081,-7.1563,-7.3996,-7.8494,-8.3352,-9.2367,-10.421,-11.928,-13.296,-15.368,-17.316,-17.951,-16.965,-14.802,-12.691,-11.68,-10.181,-9.2279,-8.9251,-8.6721,-8.7638,-8.9671,-9.3075,-9.5834,-9.5515,-9.2361,-8.6114,-7.9894,-7.6371,-7.3217,-7.2675,-7.413,-7.8018,-8.353,-8.9732,-9.3734,-9.6291,-9.3928,-8.8593,-7.8397,-6.6365,-5.4006
0.4419,-0.077008,-0.90376,-1.9079,-2.7548,-3.8196,-4.4585,-4.3779,-3.5839,-2.451,-1.2231,-0.4925,0.2509,0.77438,0.98244,1.1155,1.0756,0.92584,0.66841,0.3721,0.069504,-0.11875,-0.22121,-0.15029,0.0060086,0.38486,0.86739,1.2549,1.7726,2.2365,2.6057,2.8099,2.9588,2.9566,2.8523,2.568,2.1277,1.5491,1.0419,0.27972,-0.51867,-1.0913,-1.7894,-2.3238,-2.5865,-2.7797,-2.7792,-2.6462,-2.5012,-2.3016,-2.1175,-1.9808,-1.838,-1.722,-1.6468,-1.5754,-1.5553,-1.5907,-1.6466,-1.8407,-2.1134,-2.337,-2.6775,-3.0113,-3.2543,-3.3477,-3.3693,-3.2541,-3.0899,-2.8246,-2.5303,-2.3248,-2.0775,-1.8876,-1.7749,-1.7152,-1.7092,-1.7395,-1.744,-1.7644,-1.7554,-1.695,-1.5623,-1.3703,-1.1493,-0.94432,-0.72288,-0.51501,-0.3879,-0.29907,-0.31312,-0.43619,-0.59513,-0.95207,-1.4666,-1.9624,-2.8399,-3.9897,-5.0541,-6.9059,-9.3491,-12.691,-16.154,-23.833,-31.707,-24.176,-20.137,-18.888,-19.063,-20.323,-22.716,-24.794,-23.853,-20.706,-18.04,-16.483,-14.99,-13.986,-13.321,-12.986,-12.683,-12.428,-12.071,-11.33,-10.346,-9.4193,-8.2499,-7.1494,-6.1862,-5.5765,-4.932,-4.4665,-4.2262,-4.1517,-4.1997,-4.2488,-4.6364,-5.0691,-5.4922,-5.8288,-6.0616,-6.1053,-6.1099,-6.0489,-5.9527,-5.9136,-5.9774,-6.115,-6.2378,-6.2973,-6.3347,-6.2454,-6.0729,-5.7722,-5.4236,-5.0914,-4.8806,-4.7161,-4.7302,-4.861,-5.2192,-5.8241,-6.4332,-7.4198,-8.5825,-9.8332,-10.735,-11.702,-12.22,-12.239,-11.732,-10.821,-9.8129,-8.7416,-7.7113,-6.9357,-6.3633,-5.8133,-5.4649,-5.2479,-5.0872,-4.9796,-4.8558,-4.732,-4.6533,-4.6059,-4.5981,-4.7097,-4.9313,-5.1501,-5.4896,-5.8297,-6.0829,-6.1568,-6.0576,-5.7071,-5.2813,-4.523,-3.6422,-2.6927
1.8715,1.1076,-0.28326,-2.3091,-4.4824,-9.0443,-19.213,-18.2,-8.9741,-4.6515,-2.0819,-0.93849,0.22365,0.93182,1.215,1.3622,1.2473,0.98949,0.49575,-0.18116,-0.98018,-1.5416,-1.9904,-1.8544,-1.3322,-0.22299,1.0283,1.9277,3.0077,3.8779,4.5568,4.9202,5.2318,5.3411,5.2902,5.0451,4.6009,3.9579,3.3618,2.4102,1.3101,0.44108,-0.70205,-1.6196,-2.0215,-2.1152,-1.7142,-1.0332,-0.48629,0.1906,0.76759,1.1305,1.4558,1.6534,1.7061,1.6521,1.4385,1.0719,0.69754,0.037069,-0.81372,-1.538,-2.5872,-3.616,-4.421,-4.7133,-4.6559,-4.1515,-3.6277,-2.9022,-2.26,-1.8695,-1.4905,-1.305,-1.2828,-1.3542,-1.5982,-1.9173,-2.1399,-2.4408,-2.6132,-2.5843,-2.3663,-1.9771,-1.5303,-1.1595,-0.77408,-0.46855,-0.29812,-0.20093,-0.23622,-0.36825,-0.51371,-0.81216,-1.1997,-1.5531,-2.161,-2.9457,-3.6774,-4.8965,-6.4201,-8.2201,-9.6486,-11.463,-12.742,-13.232,-13.632,-14.234,-15.092,-16.842,-19.364,-21.355,-20.439,-17.424,-14.736,-13.276,-12.048,-11.535,-11.651,-12.163,-13.504,-15.686,-16.919,-15.901,-12.437,-10.064,-7.4369,-5.4129,-3.8625,-2.9475,-1.985,-1.2681,-0.84777,-0.52301,-0.33874,-0.14174,-0.1742,-0.27621,-0.40601,-0.58372,-0.81423,-1.0431,-1.2658,-1.6626,-2.1197,-2.648,-3.1294,-3.8908,-4.6273,-5.0616,-5.4508,-5.4018,-5.0383,-4.3371,-3.5479,-2.8316,-2.3813,-1.9954,-1.8854,-1.9747,-2.353,-3.0582,-3.8236,-5.1334,-6.8142,-8.8597,-10.522,-12.417,-12.966,-12.289,-10.601,-8.8837,-7.3223,-6.0249,-4.965,-4.0325,-3.3359,-2.6694,-2.1453,-1.8142,-1.5157,-1.3044,-1.1816,-1.1571,-1.2656,-1.4861,-1.7094,-2.1706,-2.7812,-3.3103,-4.059,-4.8034,-5.3456,-5.5294,-5.388,-4.7992,-4.138,-3.0721,-1.9434,-0.82971
2.7204,2.2702,1.3829,0.13828,-1.0031,-2.6275,-3.8255,-3.9274,-3.0417,-1.8288,-0.82981,-0.20354,0.37087,0.64251,0.76587,0.67839,0.36201,0.01291,-0.79639,-2.1634,-4.3445,-6.716,-11.645,-12.885,-8.1862,-3.5396,-0.41054,1.3466,3.0977,4.4061,5.3597,5.8691,6.3246,6.5321,6.5319,6.3273,5.8749,5.1449,4.39,3.0936,1.3642,-0.31963,-3.1768,-6.86,-9.1633,-7.9362,-4.5816,-1.9147,-0.41991,1.0676,2.1213,2.6798,3.1786,3.436,3.4647,3.3308,2.9724,2.3601,1.6977,0.59704,-0.87096,-2.3194,-4.7511,-7.9556,-11.964,-14.068,-11.812,-8.4513,-6.5691,-4.6781,-3.4048,-2.7491,-2.2314,-2.052,-2.1945,-2.5617,-3.3254,-4.3799,-5.3696,-6.7858,-7.7246,-7.782,-6.9668,-5.6225,-4.2834,-3.4408,-2.5684,-2.0555,-1.851,-1.7919,-1.9435,-2.2246,-2.4661,-2.7016,-2.8177,-2.847,-2.8145,-2.825,-2.9815,-3.2924,-3.7583,-4.3648,-4.9238,-5.6409,-6.311,-6.7637,-7.3324,-7.8868,-8.3144,-8.8474,-9.2707,-9.3993,-9.2515,-8.75,-8.1477,-7.7681,-7.4526,-7.5166,-8.0796,-8.8786,-10.656,-13.292,-15.136,-14.067,-10.412,-7.8603,-5.2304,-3.2596,-1.776,-0.90459,0.021563,0.72985,1.164,1.6471,1.9395,2.124,2.3527,2.4193,2.3951,2.3356,2.1073,1.7568,1.4546,0.85087,0.011717,-1.0766,-2.0573,-3.7777,-6.0965,-8.2526,-11.058,-10.929,-8.7237,-5.7088,-3.3944,-1.7254,-0.81869,-0.019961,0.37172,0.40408,0.11973,-0.55606,-1.3418,-2.8081,-4.8688,-7.8126,-10.949,-17.709,-21.444,-15.297,-10.454,-7.516,-5.4228,-4.5509,-3.3549,-2.324,-1.7489,-1.0817,-0.5009,-0.17793,0.21703,0.5131,0.66032,0.62118,0.46166,0.095096,-0.34024,-1.1641,-2.2837,-3.3383,-5.107,-7.2993,-9.7511,-11.156,-10.91,-8.6344,-6.7043,-4.4193,-2.5038,-0.93258
1.8914,2.0554,2.0553,1.8495,1.5853,1.1674,0.75959,0.50212,0.19893,-0.15687,-0.51142,-0.73088,-1.3057,-1.8227,-2.114,-2.3093,-2.3314,-2.3452,-2.6005,-3.2223,-4.2891,-5.3304,-6.6473,-6.4705,-5.0681,-2.6087,-0.36966,1.0179,2.5175,3.6785,4.5399,5.0456,5.5172,5.7837,5.8466,5.7387,5.3933,4.7907,4.1385,2.9616,1.3798,-0.12753,-2.6988,-5.6859,-7.3197,-6.5319,-3.9287,-1.6153,-0.24044,1.1178,2.0616,2.5459,2.984,3.1656,3.1662,2.9683,2.5556,1.8896,1.2177,0.012255,-1.5493,-2.9967,-5.4105,-8.4092,-11.635,-13.046,-12.034,-9.6858,-8.1245,-6.4864,-5.2824,-4.6625,-4.1676,-4.0487,-4.3733,-4.9383,-6.1326,-8.0295,-10.205,-14.691,-24.872,-27.859,-15.638,-11.061,-8.3057,-7.0144,-5.7611,-5.1312,-5.0371,-5.3247,-6.1067,-7.3636,-8.4909,-9.4827,-9.0779,-8.0224,-6.4104,-5.1034,-4.3784,-3.7733,-3.495,-3.4701,-3.5744,-3.7925,-4.0707,-4.2911,-4.5481,-4.734,-4.7921,-4.834,-4.8063,-4.6835,-4.5174,-4.2705,-4.0578,-3.9365,-3.8611,-3.9144,-4.1339,-4.3961,-4.808,-5.1078,-5.0908,-4.8012,-4.0729,-3.3781,-2.4511,-1.6157,-0.93656,-0.52239,-0.092202,0.25818,0.49469,0.89764,1.3329,1.5179,1.9239,2.2522,2.421,2.4783,2.3909,2.0857,1.7103,1.0978,0.27008,-0.8434,-1.9316,-3.6461,-5.8977,-8.0606,-11,-10.768,-8.3294,-5.0753,-2.577,-0.77452,0.19733,1.1134,1.6281,1.7629,1.6332,1.1684,0.62269,-0.39955,-1.7123,-3.2288,-4.3758,-5.6726,-6.2875,-6.2531,-5.74,-5.0342,-4.5026,-4.0966,-3.5176,-3.1382,-2.9015,-2.3858,-1.8247,-1.3697,-0.76887,-0.28839,0.029365,0.14767,0.10448,-0.23526,-0.7351,-1.6737,-2.9934,-4.2966,-6.5506,-9.5547,-13.737,-17.261,-16.727,-12.16,-9.4013,-6.5628,-4.4154,-2.752
0.65343,1.4177,2.1254,2.5194,2.6349,2.5672,2.284,1.907,1.1583,0.16286,-1.168,-2.5814,-5.004,-7.8027,-9.6103,-9.1288,-6.8145,-5.3693,-3.8769,-2.901,-2.3023,-2.0287,-1.6981,-1.233,-0.74284,-0.023177,0.72709,1.2567,1.9368,2.5067,3.0389,3.4066,3.8431,4.1999,4.3905,4.5045,4.4358,4.1711,3.8598,3.2547,2.4808,1.8396,0.9939,0.29523,-0.019599,-0.07348,0.22398,0.70634,1.075,1.5108,1.8221,1.9858,2.0856,2.0881,2.0419,1.8642,1.5433,1.0543,0.57277,-0.32321,-1.5033,-2.5629,-4.0958,-5.6905,-7.1548,-8.0531,-8.6493,-8.6471,-8.2905,-7.591,-6.7869,-6.2419,-5.7146,-5.5405,-5.7585,-6.1358,-7.0154,-8.3627,-9.6098,-11.262,-12.459,-12.732,-12.11,-10.875,-9.4939,-8.6226,-7.7108,-7.1338,-7.0375,-7.4901,-8.7571,-11.246,-14.413,-22.342,-18.123,-12.865,-8.8583,-6.4411,-5.2021,-4.2147,-3.7351,-3.6151,-3.6528,-3.8788,-4.1564,-4.3302,-4.4221,-4.3184,-4.1233,-3.7364,-3.253,-2.7609,-2.4173,-2.0219,-1.6908,-1.4957,-1.3367,-1.2671,-1.2619,-1.2965,-1.3355,-1.3437,-1.3293,-1.2223,-1.0545,-0.98178,-0.87721,-0.90032,-1.0947,-1.3697,-1.8716,-2.3835,-2.6318,-2.5761,-1.8114,-1.0465,-0.10955,0.76721,1.3722,1.5842,1.6683,1.487,1.1452,0.529,-0.19701,-0.97221,-1.5622,-2.3186,-2.9141,-3.1561,-3.1618,-2.6827,-2.0272,-0.92193,0.26024,1.324,1.9955,2.6643,3.0722,3.212,3.1697,2.8856,2.5204,1.8693,1.0693,0.18923,-0.49292,-1.3619,-2.1448,-2.6504,-3.2746,-3.9298,-4.6409,-4.9052,-5.7751,-6.6052,-6.7976,-6.6155,-5.7117,-4.6841,-3.364,-2.205,-1.316,-0.82971,-0.57177,-0.68066,-0.99932,-1.7497,-2.8974,-4.0116,-5.7262,-7.5755,-9.2622,-10.108,-10.384,-9.6254,-8.6219,-7.0816,-5.583,-4.352
0.088437,1.1209,2.1542,2.8338,3.1383,3.2732,3.0922,2.7483,1.9925,0.8934,-0.70966,-2.4848,-5.349,-9.1909,-11.966,-11.003,-7.5595,-5.4073,-3.41,-2.0517,-1.128,-0.62994,-0.12082,0.20419,0.33168,0.37695,0.26956,0.10684,-0.20326,-0.42622,-0.37236,-0.11305,0.54086,1.3153,1.8592,2.4316,2.7778,2.8841,2.8253,2.6288,2.333,2.0768,1.7815,1.5359,1.4058,1.3104,1.252,1.169,1.0335,0.77634,0.41497,0.10571,-0.30882,-0.54226,-0.59361,-0.48172,-0.34499,-0.32353,-0.50007,-0.94167,-1.7238,-2.5438,-3.9691,-5.7794,-7.9352,-9.7571,-12.167,-13.468,-12.934,-11.076,-9.244,-8.1358,-7.1271,-6.602,-6.478,-6.6437,-7.2208,-8.1437,-8.9743,-10.183,-11.424,-12.223,-12.714,-12.331,-11.32,-10.209,-8.9661,-7.9187,-7.3637,-7.0369,-7.1145,-7.5166,-7.8653,-8.0111,-7.5361,-6.7859,-5.6608,-4.6596,-4.1515,-3.7415,-3.7338,-4.1251,-4.6738,-5.7062,-6.8944,-7.6546,-8.0515,-7.4666,-6.5885,-5.1688,-3.83,-2.7091,-2.0389,-1.3119,-0.77545,-0.49733,-0.26459,-0.17055,-0.16254,-0.18173,-0.21448,-0.2435,-0.27391,-0.24625,-0.27567,-0.32583,-0.53532,-0.99246,-1.8309,-2.8325,-4.8718,-8.2368,-11.969,-14.541,-8.8378,-5.2794,-2.5231,-0.76957,0.29008,0.66637,0.72847,0.37726,-0.081167,-1.0577,-2.2607,-3.3693,-3.8335,-3.9566,-3.4635,-2.8243,-1.7716,-0.66815,0.12768,1.1669,2.102,2.9123,3.4152,3.9117,4.2052,4.293,4.2344,3.9807,3.6603,3.1035,2.4073,1.596,0.92467,-0.02992,-1.0536,-1.8663,-3.0372,-4.3772,-5.8244,-7.2235,-9.946,-13.804,-18.034,-21.04,-13.424,-9.7764,-6.3429,-3.9601,-2.3255,-1.5306,-0.87515,-0.67605,-0.78591,-1.3643,-2.4088,-3.4929,-5.4057,-7.9002,-11.112,-13.846,-15.75,-13.386,-10.976,-8.4092,-6.6122,-5.4899
-0.46014,0.58525,1.7397,2.59,3.0211,3.3284,3.321,3.1258,2.6341,1.8318,0.73681,-0.21928,-1.4149,-2.5034,-3.1296,-3.4022,-3.1301,-2.7042,-2.0747,-1.4273,-0.85881,-0.48805,-0.18066,-0.11873,-0.28096,-0.76692,-1.695,-2.7608,-4.9191,-7.8896,-10.406,-9.3596,-6.0117,-3.2749,-1.8372,-0.56753,0.11449,0.34499,0.2674,0.0038134,-0.31767,-0.50959,-0.64282,-0.5642,-0.42569,-0.25546,-0.20497,-0.39398,-0.73223,-1.5769,-2.9422,-4.3869,-6.6133,-8.1253,-7.705,-5.7117,-3.7936,-2.5335,-2.03,-1.8516,-2.1949,-2.757,-4.0301,-5.8956,-8.5346,-11.195,-16.177,-20.942,-17.924,-13.468,-10.648,-9.2926,-8.0941,-7.4145,-7.1759,-7.3138,-7.8296,-8.6835,-9.5872,-11.416,-14.228,-17.358,-24.356,-23.234,-16.485,-13.194,-10.326,-8.4183,-7.3838,-6.3504,-5.6358,-5.1078,-4.7999,-4.4218,-4.0171,-3.6995,-3.3147,-3.0689,-3.0344,-3.2067,-3.7281,-4.7081,-5.8633,-8.111,-11.762,-16.445,-34.853,-16.081,-11.416,-7.7382,-5.3596,-3.69,-2.7537,-1.8652,-1.3207,-1.1041,-1.0169,-1.1338,-1.4053,-1.6449,-1.9532,-2.1235,-2.0859,-1.9282,-1.6609,-1.4223,-1.2857,-1.3882,-1.8415,-2.465,-3.7169,-5.3601,-6.5866,-6.9653,-5.3723,-3.5527,-1.7485,-0.53407,0.13908,0.35179,0.11075,-0.69531,-1.694,-3.6109,-6.5214,-11.105,-15.886,-13.769,-8.4178,-5.7432,-3.1175,-1.1866,-0.015395,1.2478,2.2469,3.0231,3.4583,3.8751,4.085,4.1039,3.9617,3.6282,3.2715,2.6398,1.85,0.91404,0.13624,-0.9956,-2.2164,-3.2166,-4.6204,-6.061,-7.4827,-9.107,-10.885,-12.369,-13.006,-12.879,-10.902,-8.803,-6.278,-4.1849,-2.5696,-1.6602,-0.80284,-0.39097,-0.38012,-0.7322,-1.4992,-2.3725,-3.9963,-6.2561,-9.2054,-11.707,-13.527,-11.604,-9.5899,-7.439,-6.0687,-5.3604
-1.4239,-0.13108,1.2678,2.3019,2.8421,3.2759,3.4103,3.3179,2.9613,2.334,1.5213,0.91589,-0.072537,-1.055,-1.6574,-2.332,-2.7204,-2.8585,-2.6587,-2.2115,-1.6589,-1.2882,-0.92482,-0.76908,-0.82561,-1.2496,-2.1329,-3.1967,-5.1956,-7.8632,-9.9084,-9.1801,-6.4608,-4.1258,-2.9298,-2.0097,-1.7729,-2.1476,-2.7896,-4.1622,-5.8634,-6.8774,-6.9935,-5.6593,-4.4185,-3.0365,-2.1478,-1.8037,-1.9051,-2.624,-4.1268,-5.957,-9.5567,-13.29,-11.79,-7.4843,-4.5234,-2.713,-1.8781,-1.4122,-1.4931,-1.8883,-2.7359,-3.9293,-5.3905,-6.5292,-7.9498,-8.8952,-9.1838,-9.0225,-8.6305,-8.2911,-7.8825,-7.6113,-7.5501,-7.6351,-7.9332,-8.4906,-9.116,-10.301,-11.833,-13.043,-14.271,-14.002,-12.395,-10.802,-8.9313,-7.5091,-6.6541,-5.6962,-4.9409,-4.3087,-3.8783,-3.3747,-2.9202,-2.6429,-2.3437,-2.1923,-2.1758,-2.4267,-2.9661,-3.8332,-4.7318,-6.1681,-7.829,-8.9463,-9.6772,-9.1201,-8.1482,-6.5908,-5.113,-3.8811,-3.1426,-2.4745,-2.1499,-2.134,-2.4518,-3.1548,-4.2623,-5.3419,-6.9098,-7.9395,-7.7828,-6.5432,-4.8337,-3.7317,-2.4915,-1.6184,-1.072,-0.83299,-0.70019,-0.64156,-0.55751,-0.32348,0.048212,0.41256,0.93434,1.2657,1.327,1.1806,0.69436,-0.18459,-1.1806,-2.8744,-4.9934,-7.2704,-8.3668,-8.1361,-6.3289,-4.8144,-2.9446,-1.3705,-0.34994,0.76725,1.667,2.345,2.719,3.0312,3.1361,3.0778,2.8145,2.347,1.8727,1.0644,0.080166,-1.0672,-2.0229,-3.4026,-4.904,-6.0696,-7.7038,-9.3188,-11.032,-12.461,-12.923,-12.543,-11.913,-10.325,-8.4047,-6.9772,-5.0658,-3.3303,-1.8748,-0.95467,-0.076118,0.46416,0.63227,0.611,0.28359,-0.15239,-0.93229,-1.8878,-2.8398,-3.4613,-3.9658,-4.0677,-3.9357,-3.6879,-3.5071,-3.5386
-1.4272,-0.0043227,1.4342,2.4689,3.014,3.4553,3.5929,3.4987,3.1012,2.4596,1.5983,0.82315,-0.55999,-2.1569,-3.4436,-5.2159,-6.7517,-7.2476,-6.6949,-5.3545,-3.8935,-2.9544,-1.9089,-1.1706,-0.80954,-0.61898,-0.70068,-0.91296,-1.2637,-1.617,-1.8052,-1.7295,-1.4221,-1.0762,-0.90697,-0.95395,-1.4348,-2.4827,-3.715,-6.2736,-10.558,-15.913,-16.636,-9.7479,-6.6466,-3.9812,-2.3326,-1.3432,-0.97313,-0.83502,-1.0415,-1.3149,-1.696,-1.831,-1.6417,-1.0583,-0.35493,0.22445,0.50949,0.60851,0.3796,-0.014663,-0.75612,-1.7368,-2.8726,-3.7702,-5.0034,-6.1127,-6.8572,-7.6115,-8.1258,-8.3276,-8.4541,-8.4491,-8.3528,-8.2077,-8.0611,-8.0552,-8.1493,-8.2452,-8.3363,-8.3833,-8.3375,-8.0987,-7.6369,-7.289,-6.7161,-6.2088,-5.8883,-5.557,-5.2419,-4.8732,-4.501,-3.8971,-3.2359,-2.7459,-2.1673,-1.7352,-1.5479,-1.5172,-1.7659,-2.2813,-2.8177,-3.7001,-4.6604,-5.3613,-6.0744,-6.3931,-6.2643,-5.6965,-4.8316,-3.892,-3.2821,-2.6555,-2.3783,-2.4469,-2.9813,-4.1051,-5.968,-8.0977,-12.64,-22.188,-20.247,-11.62,-7.3293,-5.1422,-2.9901,-1.4075,-0.2082,0.49388,1.2334,1.7912,2.159,2.5747,2.8784,2.9334,3.0498,3.0467,2.8668,2.5533,1.9897,1.2304,0.58928,-0.44577,-1.5422,-2.5405,-3.1485,-3.522,-3.4456,-3.1132,-2.4635,-1.6172,-0.96616,-0.08981,0.67261,1.2651,1.5844,1.8001,1.7945,1.647,1.2416,0.60628,-0.04681,-1.1127,-2.4111,-3.9187,-5.1644,-6.9516,-8.7822,-10.123,-11.933,-14.069,-17.58,-20.637,-26.169,-21.4,-16.115,-11.526,-8.2722,-6.2772,-4.026,-2.1958,-0.70776,0.1594,1.0771,1.7115,2.0289,2.209,2.1463,1.9727,1.6064,1.1582,0.66241,0.30539,-0.11766,-0.47283,-0.68698,-0.943,-1.2041,-1.532
-0.058017,0.86414,1.9006,2.6876,3.1146,3.4447,3.4896,3.3427,2.894,2.1736,1.1345,0.056085,-1.647,-3.8113,-5.9628,-9.977,-17.393,-38.433,-15.679,-9.7032,-6.3642,-4.5687,-2.8791,-1.6803,-1.0418,-0.36863,0.10255,0.3821,0.63397,0.82132,1.003,1.1175,1.2029,1.1913,1.0809,0.7528,0.17958,-0.66466,-1.5013,-2.7251,-3.8812,-4.448,-4.5608,-3.9069,-3.1112,-1.9558,-0.86461,0.060056,0.6205,1.2138,1.6434,1.8934,2.1478,2.3805,2.5719,2.7895,2.957,2.9982,2.8989,2.6269,2.1251,1.6156,0.67484,-0.51508,-1.9452,-3.1885,-4.962,-6.8666,-8.2616,-10.073,-11.439,-12.081,-12.351,-12.048,-11.357,-10.777,-9.9506,-9.1089,-8.5012,-7.7698,-7.1549,-6.7869,-6.3633,-6.0413,-5.7996,-5.792,-5.9364,-6.2507,-6.6551,-7.4301,-8.2435,-8.6493,-8.3983,-7.2199,-5.6082,-4.3902,-3.0131,-1.9686,-1.4417,-0.99615,-0.90976,-1.192,-1.6233,-2.5914,-3.969,-5.3242,-7.555,-9.8766,-10.695,-9.4253,-6.9814,-4.8512,-3.6472,-2.5424,-1.9807,-1.9009,-2.1983,-2.9543,-4.1091,-5.1605,-6.5311,-7.435,-7.4815,-6.7577,-5.3586,-4.1298,-2.5459,-1.0531,0.26492,1.1111,2.0616,2.8037,3.2215,3.6338,3.9131,4.0351,3.9941,3.8246,3.5205,3.2069,2.6237,1.8749,1.2143,0.22305,-0.89612,-2.126,-3.1271,-4.4024,-5.3918,-5.6753,-5.3464,-4.3647,-3.4556,-2.2717,-1.2949,-0.5942,-0.27634,-0.086382,-0.17949,-0.42736,-0.97134,-1.7741,-2.5512,-3.8567,-5.54,-7.6474,-9.5623,-12.557,-15.535,-17.09,-17.484,-17.336,-17.525,-16.533,-16.114,-14.281,-12.278,-9.2901,-6.5896,-4.8038,-2.781,-1.1045,0.26985,1.1115,1.9975,2.618,2.9243,3.1105,3.0965,2.9719,2.672,2.2635,1.7702,1.3868,0.86582,0.38168,0.045612,-0.32988,-0.65013,-0.92636
0.74231,1.2795,1.9791,2.5741,2.9133,3.1818,3.2033,3.0396,2.5942,1.8198,0.70056,-0.43386,-1.989,-3.7686,-5.1679,-7.066,-8.4914,-8.8185,-8.2453,-6.9003,-5.3841,-4.354,-3.17,-2.228,-1.6303,-0.92393,-0.26785,0.21016,0.80642,1.3829,1.8897,2.1761,2.4285,2.5023,2.4159,2.1108,1.593,0.89419,0.28602,-0.56095,-1.3482,-1.8122,-2.0871,-1.9894,-1.6823,-1.0021,-0.1272,0.79157,1.4821,2.3096,3.0417,3.5014,4.0343,4.4589,4.6917,4.8923,4.9511,4.8556,4.659,4.2053,3.5167,2.8328,1.6681,0.18791,-1.6485,-3.3115,-5.9336,-9.1666,-12.11,-16.928,-22.166,-23.946,-21.883,-19.454,-17.279,-15.784,-13.688,-11.653,-10.254,-8.7202,-7.4578,-6.6507,-5.8078,-5.2438,-5.0202,-4.9997,-5.408,-6.3501,-7.5042,-9.8375,-13.979,-23.804,-25.187,-13.453,-8.4623,-5.9961,-3.6375,-1.944,-1.0031,-0.16819,0.25719,0.26395,-0.030423,-0.83803,-2.2258,-3.7485,-6.6643,-10.853,-13.214,-10.237,-6.2402,-3.5423,-2.1664,-1.0042,-0.418,-0.29801,-0.50536,-1.0818,-1.9898,-2.8283,-4.096,-5.3918,-6.2615,-6.6909,-6.0843,-5.0813,-3.2547,-1.424,0.16391,1.1687,2.2339,3.0243,3.4166,3.7353,3.866,3.951,3.8182,3.5268,3.1193,2.7894,2.2332,1.5472,0.87192,-0.17581,-1.5126,-3.2681,-4.9202,-8.1107,-13.317,-19.589,-15.367,-9.5276,-6.8986,-4.6533,-3.2814,-2.5199,-2.2656,-2.2536,-2.5608,-2.9584,-3.6449,-4.4919,-5.2031,-6.3536,-7.8319,-9.8417,-11.897,-15.664,-21.461,-24.952,-20.548,-16.448,-13.725,-12.481,-10.967,-9.3481,-8.0496,-6.1497,-4.2957,-3.0345,-1.436,-0.025106,1.141,1.8863,2.6215,3.1055,3.2861,3.3506,3.2037,2.9552,2.466,1.8,1.0262,0.3928,-0.46066,-1.2406,-1.7376,-2.2106,-2.4327,-2.4087
