-10.179,-9.5946,-8.2492,-6.7173,-5.6166,-4.3077,-3.1817,-2.4643,-1.6362,-0.95895,-0.40033,-0.049367,0.35237,0.66804,0.87331,1.0981,1.2703,1.3791,1.4877,1.5628,1.6005,1.6116,1.6006,1.5656,1.5252,1.4406,1.3359,1.2481,1.1116,0.97114,0.8267,0.72734,0.61863,0.50976,0.44779,0.3931,0.36729,0.38269,0.43327,0.51794,0.61571,0.69708,0.82931,0.97904,1.1101,1.317,1.546,1.7927,1.996,2.2843,2.5709,2.793,3.1021,3.392,3.6021,3.8646,4.1014,4.3032,4.4382,4.5839,4.6816,4.7235,4.7435,4.7115,4.6139,4.5083,4.314,4.0569,3.8336,3.4803,3.0625,2.709,2.1844,1.5796,0.88602,0.29765,-0.5804,-1.5847,-2.4459,-3.7452,-5.2259,-6.437,-8.1201,-9.5018,-9.9417,-9.3944,-7.9244,-6.2681,-5.0627,-3.6111,-2.3407,-1.2307,-0.4842,0.37383,1.1337,1.6435,2.2602,2.8144,3.1941,3.6405,4.0283,4.3696,4.5961,4.8489,5.0511,5.1654,5.2584,5.2853,5.259,5.166,4.9987,4.7521,4.5076,4.099,3.5688,3.0884,2.3317,1.4145,0.29866,-0.68318,-2.2143,-4.0617,-5.6524,-7.759,-8.8988,-8.4589,-6.6528,-4.5496,-2.6712,-1.4643,-0.09552,1.0472,1.7711,2.5928,3.2726,3.7118,4.2081,4.6113,4.94,5.1465,5.3747,5.5649,5.6829,5.8148,5.9187,6.0131,6.0885,6.1788,6.2533,6.3034,6.3576,6.4044,6.4315,6.4576,6.4689,6.4652,6.4456,6.398,6.3167,6.2311,6.0809,5.8795,5.6885,5.3819,5.0075,4.5467,4.1538,3.543,2.8302,2.2228,1.2846,0.21545,-1.0218,-2.0795,-3.6795,-5.5908,-7.2765,-10.024,-13.663,-17.466,-25.74,-26.123,-19.455,-16.752,-14.6,-13.356,-12.819,-12.378,-12.173,-12.135,-12.19,-12.324,-12.405,-12.365,-12.086,-11.529,-11.022,-10.24,-9.3325,-8.3901
0.24254,0.21192,0.30041,0.47711,0.6281,0.80007,0.88756,0.87249,0.72314,0.40723,-0.10516,-0.63864,-1.5787,-2.8063,-3.9317,-5.6868,-7.4879,-8.3886,-8.1062,-6.4272,-4.4207,-3.0333,-1.449,-0.15105,0.6572,1.5425,2.2397,2.6584,3.0998,3.4112,3.6074,3.6817,3.6851,3.5857,3.443,3.1602,2.7585,2.219,1.7124,0.87552,-0.18674,-1.1696,-2.8159,-5.0103,-7.1962,-11.226,-15.862,-13.157,-9.4576,-5.8351,-3.2657,-1.7812,-0.20288,1.025,1.7739,2.586,3.2208,3.6938,3.9552,4.1936,4.3082,4.3178,4.232,4.0305,3.7218,3.4241,2.9432,2.3704,1.8906,1.2059,0.4907,-0.043738,-0.71987,-1.3168,-1.8119,-2.1104,-2.4204,-2.6517,-2.7855,-2.9401,-3.0806,-3.1805,-3.2972,-3.3937,-3.4646,-3.4977,-3.5173,-3.5212,-3.5261,-3.5372,-3.5625,-3.6117,-3.6549,-3.707,-3.7138,-3.6738,-3.5233,-3.2454,-2.925,-2.382,-1.7404,-1.045,-0.51228,0.1745,0.81145,1.2457,1.7541,2.1754,2.4305,2.6954,2.8669,2.9491,2.9529,2.88,2.7191,2.5406,2.2295,1.8409,1.3803,1.0003,0.47571,-0.028004,-0.35457,-0.65491,-0.7504,-0.66535,-0.35221,0.13291,0.72789,1.2111,1.8633,2.4922,2.94,3.4939,3.9947,4.3382,4.7493,5.1115,5.4272,5.6338,5.8682,6.0574,6.172,6.2922,6.3767,6.4349,6.462,6.4848,6.5033,6.5221,6.5584,6.6138,6.6723,6.7746,6.9004,7.0429,7.1548,7.3006,7.4298,7.5079,7.5782,7.6001,7.5815,7.5016,7.3543,7.1379,6.927,6.5834,6.167,5.8096,5.2805,4.6916,4.054,3.557,2.8803,2.2016,1.7072,1.0842,0.5151,0.13305,-0.32417,-0.73237,-1.1282,-1.4339,-1.8714,-2.362,-2.7744,-3.4065,-4.1343,-4.7345,-5.5886,-6.4684,-7.2896,-7.7718,-8.136,-8.1199,-7.8631,-7.3111,-6.6544,-5.9737
3.3975,3.2019,2.9178,2.6021,2.3454,1.9659,1.5373,1.1782,0.6457,0.052478,-0.61367,-1.1589,-1.9367,-2.7478,-3.353,-4.0848,-4.6398,-4.8631,-4.8337,-4.4493,-3.8147,-3.244,-2.4517,-1.683,-1.1444,-0.50515,0.040788,0.38853,0.77965,1.0872,1.3125,1.4298,1.5175,1.5263,1.4859,1.3666,1.1633,0.8756,0.60338,0.16861,-0.34687,-0.7754,-1.3902,-2.0092,-2.443,-2.92,-3.2406,-3.3587,-3.3194,-3.1307,-2.8347,-2.5859,-2.2441,-1.9312,-1.707,-1.4278,-1.1817,-0.96698,-0.83446,-0.70621,-0.63417,-0.63849,-0.74688,-0.98982,-1.3976,-1.8315,-2.6155,-3.6782,-4.7047,-6.4673,-8.8388,-11.207,-15.565,-20.415,-17.707,-14.38,-11.267,-9.2613,-8.2155,-7.2582,-6.6744,-6.4438,-6.3587,-6.509,-6.8564,-7.2411,-7.9154,-8.7645,-9.5025,-10.594,-11.811,-13.124,-14.169,-15.678,-17.481,-19.213,-22.73,-30.22,-36.311,-23.383,-17.697,-14.07,-12.065,-9.9936,-8.4282,-7.5105,-6.5757,-5.9156,-5.5692,-5.2786,-5.1227,-5.0608,-5.0408,-5.0043,-4.928,-4.8167,-4.5996,-4.3274,-4.0215,-3.7919,-3.5071,-3.2616,-3.1075,-2.9503,-2.8508,-2.8159,-2.8307,-2.9138,-3.0717,-3.2408,-3.5138,-3.8165,-4.04,-4.2507,-4.2596,-4.0961,-3.6503,-3.0096,-2.2841,-1.7488,-1.1183,-0.62544,-0.37308,-0.20147,-0.23951,-0.50737,-0.8728,-1.5949,-2.6078,-3.5613,-5.0371,-6.4779,-7.1187,-6.7812,-5.295,-3.4889,-2.223,-0.76815,0.41534,1.1363,1.9042,2.4772,2.7912,3.0793,3.2299,3.2595,3.2105,3.0618,2.8348,2.622,2.2895,1.9224,1.5407,1.255,0.89481,0.57226,0.35797,0.11687,-0.071371,-0.18212,-0.29653,-0.38357,-0.46595,-0.53324,-0.6373,-0.76464,-0.88337,-1.0829,-1.323,-1.5252,-1.8323,-2.1737,-2.5477,-2.8508,-3.2815,-3.7438,-4.1277,-4.6944,-5.34,-6.0949
4.5941,4.2514,3.7283,3.1346,2.6418,1.9358,1.1765,0.58406,-0.21576,-0.99633,-1.7214,-2.1975,-2.7048,-3.0444,-3.1835,-3.2329,-3.1462,-3.0163,-2.7708,-2.4734,-2.1692,-1.9473,-1.6816,-1.4525,-1.3117,-1.1703,-1.0884,-1.0541,-1.0288,-0.99573,-0.9256,-0.83894,-0.67086,-0.44348,-0.2482,0.026141,0.28435,0.49773,0.62385,0.73158,0.76247,0.7342,0.63135,0.44595,0.26363,-0.040045,-0.41811,-0.87287,-1.2794,-1.9231,-2.7057,-3.4041,-4.5151,-5.8324,-6.9058,-8.2544,-9.0255,-8.6838,-7.801,-6.2964,-4.8384,-3.8902,-2.8538,-2.0749,-1.525,-1.2535,-1.0596,-1.0325,-1.1028,-1.2812,-1.506,-1.6747,-1.8652,-1.9765,-2.0044,-1.9709,-1.8981,-1.8338,-1.8243,-1.8826,-2.0696,-2.3123,-2.8007,-3.4888,-4.4044,-5.2602,-6.674,-8.4466,-10.067,-12.75,-16.113,-19.642,-20.833,-19.331,-17.183,-15.912,-14.664,-13.698,-13.038,-12.112,-11.079,-9.9861,-9.1958,-8.2897,-7.5729,-7.1957,-6.9485,-7.0243,-7.3222,-8.0778,-9.3259,-11.281,-13.476,-18.273,-29.558,-24.142,-15.858,-11.676,-8.9655,-7.4693,-5.9451,-4.8093,-4.1588,-3.5144,-3.0912,-2.9142,-2.8596,-3.0149,-3.4044,-3.8872,-4.8334,-6.2136,-7.613,-10.054,-12.761,-13.504,-11.189,-8.0057,-5.4132,-3.8939,-2.3144,-1.1636,-0.53998,0.016503,0.2838,0.27264,0.093479,-0.36408,-1.0486,-1.6813,-2.5968,-3.4109,-3.7679,-3.7158,-3.0933,-2.1549,-1.4023,-0.47725,0.29418,0.7601,1.2391,1.5518,1.6871,1.7471,1.6773,1.4883,1.2686,0.86701,0.33971,-0.14567,-0.92363,-1.8527,-2.9331,-3.8273,-5.0414,-6.0625,-6.4979,-6.4176,-5.6537,-4.8371,-3.6842,-2.6007,-1.6679,-1.0814,-0.44514,0.041083,0.30698,0.53625,0.64783,0.66027,0.5907,0.43314,0.1869,-0.05694,-0.4492,-0.92414,-1.3369,-1.9582,-2.6663,-3.4656
6.3357,5.8364,5.0521,4.1235,3.3191,2.0817,0.62464,-0.64165,-2.61,-5.0027,-7.9268,-10.413,-12.866,-11.789,-9.6854,-7.0764,-5.0244,-3.794,-2.4784,-1.4719,-0.72686,-0.34421,-0.04795,-0.0037629,-0.14472,-0.59142,-1.3827,-2.2296,-3.7775,-5.8489,-8.2258,-9.3841,-8.4475,-5.8725,-3.9998,-1.9245,-0.31864,0.90952,1.6304,2.3751,2.9002,3.1781,3.4095,3.498,3.4809,3.3494,3.0962,2.7212,2.3503,1.7278,0.93898,0.22042,-0.9228,-2.2558,-3.3433,-4.6986,-5.4994,-5.241,-4.4509,-3.0371,-1.593,-0.60822,0.53716,1.4932,2.2839,2.7859,3.3485,3.8071,4.094,4.4175,4.6835,4.8505,5.0326,5.1735,5.2738,5.3197,5.3374,5.2926,5.2167,5.0471,4.7923,4.534,4.1033,3.5792,2.9694,2.4556,1.7172,0.94411,0.35834,-0.39819,-1.0602,-1.5886,-1.881,-2.1323,-2.2509,-2.2643,-2.2003,-2.0615,-1.9186,-1.7041,-1.4647,-1.2142,-1.0477,-0.86701,-0.75567,-0.72918,-0.79246,-0.99531,-1.2465,-1.7054,-2.2764,-2.9363,-3.4463,-4.0159,-4.3674,-4.438,-4.2615,-3.8621,-3.309,-2.8494,-2.2111,-1.5746,-1.1075,-0.50834,0.052809,0.43303,0.86647,1.2216,1.4906,1.6344,1.7474,1.8179,1.8588,1.9391,2.0886,2.2711,2.6235,3.0915,3.6216,4.0349,4.5644,5.0336,5.3311,5.6446,5.8587,5.9667,5.9797,5.9215,5.7859,5.6482,5.433,5.2045,5.0339,4.8197,4.6158,4.4144,4.2545,4.0116,3.7053,3.4379,3.0261,2.5537,2.1784,1.6686,1.1898,0.77596,0.51248,0.22244,-0.064014,-0.31092,-0.75892,-1.4079,-2.335,-3.2453,-4.7412,-6.3545,-7.174,-6.8319,-5.0338,-3.4295,-1.4723,0.1407,1.4086,2.1581,2.9226,3.475,3.7549,3.9747,4.0403,4.0024,3.849,3.6004,3.2693,2.9775,2.5416,2.0612,1.6801,1.1559,0.63222,0.11871
4.9477,4.4981,3.7626,2.8595,2.0561,0.80623,-0.66087,-1.8942,-3.6881,-5.5895,-7.3941,-8.4736,-9.1784,-8.8083,-7.9348,-6.3434,-4.6278,-3.3999,-1.9231,-0.69662,0.30451,0.87807,1.4065,1.6587,1.67,1.4386,0.93336,0.38384,-0.55754,-1.6145,-2.5393,-2.9022,-2.7527,-1.9582,-1.1656,-0.10795,0.82424,1.5743,2.0171,2.4831,2.8064,2.9725,3.1145,3.1887,3.213,3.2053,3.1593,3.0839,2.9993,2.8562,2.6763,2.518,2.2734,2.0232,1.8381,1.6166,1.4473,1.3596,1.3423,1.3822,1.4884,1.603,1.8052,2.0712,2.4215,2.7447,3.2533,3.8281,4.2824,4.897,5.4878,5.9003,6.3942,6.8122,7.1518,7.3466,7.5304,7.622,7.628,7.552,7.3902,7.2112,6.9008,6.5148,6.0586,5.6729,5.1143,4.5221,4.0647,3.4475,2.8509,2.288,1.9103,1.4751,1.1319,0.94602,0.80023,0.76428,0.80882,0.94189,1.1405,1.3749,1.5573,1.7817,1.9568,2.0495,2.1141,2.0812,1.9896,1.7714,1.4526,1.0283,0.64884,0.076163,-0.59664,-1.1624,-2.0058,-2.9528,-3.936,-4.631,-5.2828,-5.2859,-4.7689,-3.569,-2.1349,-1.0736,0.21764,1.339,2.2737,2.8741,3.548,4.1114,4.4658,4.8698,5.2142,5.4418,5.7254,6.0045,6.2729,6.4675,6.7154,6.9477,7.1064,7.2955,7.4503,7.5602,7.6055,7.6159,7.5607,7.4723,7.2874,7.0267,6.7785,6.3715,5.8679,5.2641,4.7335,3.8955,2.8938,2.0231,0.64458,-1.0666,-2.6434,-5.29,-8.619,-11.409,-10.775,-7.6332,-4.815,-3.1894,-1.5364,-0.32461,0.56062,1.0699,1.6235,2.1017,2.4438,2.9131,3.4121,3.7967,4.2888,4.7237,5.0689,5.2452,5.3478,5.2999,5.1581,4.8324,4.3599,3.9127,3.207,2.4073,1.5588,0.92821,0.12948,-0.59241,-1.082,-1.6789,-2.2495,-2.8352
0.81934,0.75707,0.5296,0.098664,-0.37821,-1.2452,-2.4291,-3.5519,-5.4423,-7.9581,-11.518,-15.54,-24.336,-17.518,-12.514,-8.2551,-5.272,-3.5097,-1.5825,-0.068772,1.1094,1.8071,2.5201,2.9981,3.2179,3.3451,3.311,3.1989,2.9496,2.6324,2.2854,2.0321,1.7067,1.4106,1.1958,0.89798,0.58445,0.23447,-0.069688,-0.51418,-0.99731,-1.3572,-1.7976,-2.1392,-2.2893,-2.3184,-2.1237,-1.7295,-1.3478,-0.79841,-0.2637,0.10687,0.50704,0.77766,0.89065,0.91666,0.78646,0.48583,0.12772,-0.5455,-1.4699,-2.3527,-3.7548,-5.2729,-6.2848,-6.1327,-4.6833,-2.6657,-1.1959,0.52443,1.9542,2.8509,3.8424,4.6263,5.2349,5.5878,5.9303,6.1379,6.2133,6.2079,6.0901,5.9303,5.6256,5.2128,4.6954,4.2413,3.546,2.7642,2.1197,1.182,0.16836,-0.92269,-1.771,-2.8928,-3.9104,-4.5173,-4.9748,-4.9159,-4.5416,-3.7546,-2.8045,-1.8356,-1.1463,-0.32378,0.37566,0.80663,1.256,1.5515,1.6803,1.7213,1.6192,1.351,1.0333,0.449,-0.35803,-1.1071,-2.3605,-3.984,-6.0766,-8.0544,-10.983,-12.244,-10.74,-7.6668,-5.0082,-3.3965,-1.6668,-0.29434,0.78945,1.4484,2.1453,2.6775,2.9725,3.2476,3.4045,3.4476,3.433,3.3613,3.2654,3.2114,3.2044,3.3042,3.4558,3.7481,4.1035,4.4731,4.7296,5.0095,5.1841,5.2326,5.1742,4.9644,4.7024,4.2095,3.5506,2.7308,2.0216,0.95304,-0.22165,-1.1433,-2.4192,-3.6757,-4.5814,-5.6806,-6.4744,-6.6766,-6.2525,-5.0236,-3.4367,-2.2234,-0.70753,0.62751,1.7711,2.5062,3.3499,4.0573,4.5096,5.0151,5.4093,5.636,5.839,5.9112,5.8471,5.6982,5.3443,4.7985,4.2436,3.2871,2.0509,0.90705,-0.96668,-3.3076,-6.2035,-8.7069,-11.758,-12.322,-11.203,-9.5796,-8.5366,-8.1575
-5.8384,-4.764,-3.672,-2.9611,-2.6498,-2.5017,-2.6373,-2.8867,-3.384,-3.9919,-4.5829,-4.8979,-4.9869,-4.5922,-3.998,-2.9483,-1.7954,-0.94447,0.10867,1.039,1.8125,2.2809,2.765,3.0841,3.227,3.2787,3.1824,3.0235,2.6896,2.2323,1.6587,1.1539,0.37721,-0.51888,-1.2765,-2.402,-3.6525,-5.0271,-6.1334,-7.6575,-9.2441,-10.473,-12.27,-14.416,-16.264,-18.28,-17.026,-13.481,-10.967,-8.2155,-6.0915,-4.8167,-3.483,-2.504,-1.9881,-1.5512,-1.4017,-1.5436,-1.8409,-2.5081,-3.5321,-4.5467,-6.2352,-8.1891,-9.7364,-9.8212,-8.3191,-6.214,-4.7384,-3.0686,-1.7337,-0.91589,-0.028195,0.67488,1.213,1.5229,1.8288,2.0174,2.0863,2.0752,1.9469,1.7717,1.4292,0.94864,0.33746,-0.20972,-1.063,-2.0715,-2.9299,-4.2247,-5.7252,-7.4851,-9.0258,-11.534,-14.945,-18.791,-30.615,-24.723,-18.049,-13.259,-10.093,-7.755,-6.3254,-4.7487,-3.465,-2.6721,-1.8121,-1.151,-0.77404,-0.43427,-0.26728,-0.26198,-0.35752,-0.61483,-1.0143,-1.3885,-1.9806,-2.6321,-3.2798,-3.7141,-4.1654,-4.4111,-4.431,-4.2281,-3.835,-3.4601,-2.9082,-2.3404,-1.8112,-1.459,-1.0742,-0.82216,-0.74555,-0.79912,-1.0542,-1.4005,-2.1115,-3.1579,-4.5753,-5.8587,-7.6196,-8.4814,-7.896,-6.0079,-3.9466,-2.2077,-1.1555,-0.069945,0.68215,1.0485,1.2851,1.2471,1.0363,0.50118,-0.33812,-1.5178,-2.6524,-4.5625,-7.0125,-9.2339,-12.301,-13.536,-12.454,-10.143,-8.0431,-6.303,-5.1826,-3.836,-2.6144,-1.7621,-0.70973,0.24953,1.1212,1.7186,2.4392,3.0706,3.4818,3.9522,4.3163,4.5165,4.6734,4.6913,4.5581,4.3513,3.9135,3.2799,2.659,1.6204,0.33146,-0.8171,-2.602,-4.6792,-6.9663,-8.618,-10.239,-10.761,-10.551,-9.9465,-9.3702,-8.9211
-7.898,-6.4258,-4.9015,-3.7776,-3.1469,-2.5268,-2.1119,-1.9013,-1.7113,-1.5711,-1.4405,-1.3218,-1.1089,-0.81467,-0.54618,-0.13266,0.32545,0.68456,1.1398,1.5495,1.8976,2.1045,2.2957,2.3712,2.349,2.2071,1.928,1.6311,1.1114,0.44899,-0.3836,-1.1247,-2.2822,-3.6616,-4.8635,-6.7445,-9.0333,-11.838,-14.402,-18.629,-23.305,-24.544,-22.618,-20.91,-20.152,-19.279,-17.676,-15.142,-13.07,-10.478,-8.2493,-6.8436,-5.3224,-4.1382,-3.4537,-2.7878,-2.3932,-2.2401,-2.2701,-2.4783,-2.8497,-3.2033,-3.72,-4.2206,-4.638,-4.8578,-5.007,-5.0156,-4.9539,-4.8216,-4.657,-4.5232,-4.3519,-4.1822,-4.0104,-3.8839,-3.7185,-3.5741,-3.4808,-3.4109,-3.4336,-3.5336,-3.7898,-4.2139,-4.8173,-5.3997,-6.3723,-7.5645,-8.5833,-10.095,-11.724,-13.39,-14.619,-16.119,-17.286,-17.811,-17.92,-17.281,-16.345,-14.715,-12.899,-11.1,-9.8298,-8.293,-6.9351,-6.0369,-5.011,-4.1714,-3.6558,-3.1283,-2.7766,-2.5849,-2.5421,-2.6148,-2.8253,-3.0694,-3.5,-4.0337,-4.64,-5.1214,-5.7909,-6.4397,-6.8802,-7.344,-7.6172,-7.6541,-7.4612,-7.0358,-6.4809,-6.0372,-5.4837,-5.0242,-4.7879,-4.6411,-4.739,-4.9879,-5.5881,-6.5506,-7.9163,-9.2196,-11.106,-12.119,-11.532,-9.539,-7.3861,-5.5667,-4.4579,-3.2895,-2.4319,-1.9634,-1.5577,-1.3947,-1.4314,-1.6911,-2.212,-3.0242,-3.8213,-5.1487,-6.7505,-8.0207,-9.4403,-9.8989,-9.4422,-8.2451,-6.9459,-5.7818,-5.0359,-4.2041,-3.5285,-3.0891,-2.5511,-2.0449,-1.5241,-1.1058,-0.50574,0.12302,0.59518,1.1993,1.7361,2.0774,2.4272,2.64,2.69,2.6183,2.37,1.9469,1.5143,0.78516,-0.10888,-0.87632,-2.0072,-3.2365,-4.514,-5.478,-6.7359,-7.9485,-8.8192,-9.9113,-10.861,-11.518
-3.1223,-2.7817,-2.3543,-1.9755,-1.7409,-1.5001,-1.321,-1.2193,-1.1114,-1.0093,-0.89977,-0.79944,-0.62244,-0.38958,-0.18078,0.13798,0.4862,0.75779,1.1054,1.41,1.6512,1.7756,1.8529,1.817,1.7126,1.4631,1.0794,0.70646,0.087305,-0.67346,-1.5862,-2.3653,-3.5383,-4.8791,-6,-7.6684,-9.5323,-11.552,-13.12,-15.087,-16.406,-16.658,-16.089,-14.946,-13.947,-12.554,-11.15,-9.6862,-8.5729,-7.1551,-5.8218,-4.9031,-3.8257,-2.9312,-2.389,-1.8475,-1.5093,-1.3671,-1.3821,-1.5559,-1.8969,-2.2549,-2.8609,-3.5797,-4.3867,-5.0358,-5.9438,-6.8515,-7.5108,-8.3217,-9.0314,-9.4882,-10.036,-10.495,-10.843,-10.951,-10.789,-10.295,-9.7709,-9.0247,-8.3641,-8.0091,-7.7716,-7.8524,-8.291,-8.8639,-9.956,-11.44,-12.846,-15.119,-17.865,-21.143,-23.846,-26.97,-27.659,-26.51,-24.269,-21.834,-20.057,-17.735,-15.571,-13.558,-12.172,-10.509,-9.0778,-8.1372,-7.0417,-6.1273,-5.5647,-4.9549,-4.5074,-4.2165,-4.1014,-4.0907,-4.2442,-4.4778,-4.9561,-5.637,-6.5563,-7.4116,-8.8184,-10.579,-12.216,-14.897,-17.872,-19.136,-17.784,-15.02,-12.591,-11.103,-9.5095,-8.27,-7.5174,-6.7208,-6.1625,-5.8808,-5.6695,-5.609,-5.6568,-5.7369,-5.8318,-5.8446,-5.7764,-5.5802,-5.2903,-4.9333,-4.6322,-4.2022,-3.7444,-3.3835,-2.9037,-2.4516,-2.1569,-1.8558,-1.6845,-1.6552,-1.7173,-1.8907,-2.1284,-2.3212,-2.5688,-2.76,-2.863,-2.9676,-3.0711,-3.23,-3.4196,-3.7888,-4.3319,-4.8556,-5.6714,-6.4752,-6.9665,-6.8803,-6.0493,-4.6738,-3.5361,-2.0875,-0.83419,-0.047936,0.78143,1.3855,1.7627,1.9052,1.9131,1.7215,1.4593,0.94965,0.26868,-0.34069,-1.2744,-2.3376,-3.5321,-4.525,-5.9922,-7.6725,-9.1422,-11.552,-14.899,-20.493
0.49728,0.32895,0.073285,-0.19636,-0.40647,-0.69618,-0.97969,-1.1913,-1.4742,-1.7454,-1.9818,-2.1061,-2.1538,-2.002,-1.7418,-1.2097,-0.55322,-0.029273,0.63716,1.205,1.6335,1.8466,1.9812,1.9423,1.8002,1.4753,1.0021,0.55388,-0.15551,-0.9661,-1.8662,-2.5978,-3.6499,-4.7828,-5.6625,-6.8705,-8.0759,-9.2063,-9.9288,-10.619,-10.924,-10.88,-10.483,-9.7124,-8.9632,-7.8212,-6.6059,-5.3916,-4.4907,-3.3481,-2.2985,-1.5881,-0.75917,-0.073707,0.33584,0.73086,0.95236,0.99856,0.90187,0.59852,0.089495,-0.44187,-1.3708,-2.5684,-4.0831,-5.4636,-7.6791,-10.338,-12.545,-15.218,-16.457,-16.4,-16.247,-16.935,-19.13,-22.619,-31.441,-21.622,-16.751,-12.835,-10.375,-9.1538,-8.1358,-7.702,-7.8066,-8.1907,-9.0945,-10.514,-11.976,-14.465,-17.646,-21.564,-24.91,-29.421,-32.79,-35.681,-35.813,-28.059,-23.693,-19.398,-16.235,-13.824,-12.381,-10.778,-9.4681,-8.6544,-7.7277,-6.9314,-6.4118,-5.7875,-5.2302,-4.7761,-4.5269,-4.3362,-4.3123,-4.4244,-4.7373,-5.2876,-6.1025,-6.8961,-8.226,-9.8926,-11.394,-13.606,-15.669,-16.517,-16.12,-14.697,-13.126,-12.022,-10.623,-9.3083,-8.362,-7.1394,-6.0469,-5.315,-4.498,-3.8736,-3.4421,-3.2403,-3.1269,-3.2208,-3.4258,-3.9018,-4.5942,-5.4922,-6.2472,-7.1041,-7.2673,-6.6963,-5.2727,-3.6249,-2.4704,-1.1486,-0.10076,0.68536,1.1173,1.5105,1.729,1.793,1.7533,1.5963,1.3879,1.0104,0.50391,-0.16395,-0.78677,-1.8253,-3.1734,-4.4741,-6.7757,-10.135,-15.451,-18.462,-12.757,-7.8696,-5.3091,-2.7725,-0.88487,0.22354,1.3652,2.1869,2.729,2.9728,3.0946,2.9928,2.7839,2.3308,1.6903,1.0949,0.16484,-0.88971,-2.0365,-2.9408,-4.1431,-5.2921,-6.1003,-7.0439,-7.7609,-8.1491
3.1375,2.4236,1.3572,0.2182,-0.59311,-1.5066,-2.1416,-2.4863,-2.9174,-3.5618,-4.6265,-5.811,-7.8767,-9.4356,-8.6696,-5.742,-2.8542,-1.1403,0.60137,1.8243,2.6023,2.9346,3.0775,2.9242,2.6256,2.0176,1.2154,0.52242,-0.47143,-1.4863,-2.4605,-3.167,-4.0835,-5.0248,-5.7887,-6.9447,-8.3297,-10.01,-11.404,-13.233,-14.17,-13.538,-11.462,-9.008,-7.2782,-5.2346,-3.4401,-1.8771,-0.85379,0.34595,1.3768,2.0425,2.8004,3.4092,3.7658,4.1138,4.3139,4.352,4.2659,3.9901,3.5112,3.0041,2.1129,0.91887,-0.61908,-2.0352,-4.3498,-7.2151,-9.6525,-12.491,-12.958,-12.103,-10.913,-10.196,-9.896,-9.7753,-9.338,-8.4016,-7.416,-5.9913,-4.7075,-3.93,-3.198,-2.8081,-2.7554,-2.9308,-3.4496,-4.2865,-5.1023,-6.4249,-7.9603,-9.6309,-10.922,-12.487,-13.774,-14.415,-14.559,-13.876,-12.95,-11.596,-10.353,-9.3736,-8.8414,-8.4442,-8.3117,-8.3375,-8.4127,-8.2978,-7.9765,-7.1861,-6.1683,-5.1353,-4.4393,-3.7057,-3.218,-3.0192,-2.9718,-3.1639,-3.5754,-4.019,-4.7725,-5.6493,-6.3543,-7.3172,-8.3039,-9.0267,-10.003,-11.081,-12.31,-13.205,-13.723,-12.388,-10.442,-7.6988,-5.2876,-3.7605,-2.1182,-0.87134,-0.0076099,0.42448,0.71365,0.66057,0.39465,-0.29359,-1.4563,-3.2717,-5.2257,-8.8749,-11.9,-9.6762,-5.1564,-1.7773,0.11813,2.0545,3.4912,4.5639,5.1664,5.7331,6.0624,6.1699,6.1455,5.9384,5.6652,5.1557,4.4891,3.6747,2.9761,1.9569,0.89079,0.093018,-0.89511,-1.6588,-2.0407,-2.0002,-1.4722,-0.53681,0.31922,1.5162,2.6393,3.394,4.2502,4.9075,5.3585,5.5565,5.637,5.4954,5.2451,4.7185,3.9637,3.2312,2.0281,0.5539,-1.1822,-2.6114,-4.5437,-6.0617,-6.5377,-6.1421,-5.0623,-3.8051
4.214,2.8415,0.37669,-3.2014,-7.1494,-14.974,-11.498,-7.5184,-4.6677,-3.437,-3.2684,-3.6837,-4.6729,-5.3038,-4.7117,-2.6601,-0.39044,1.0689,2.5601,3.543,4.0546,4.1577,3.9306,3.2911,2.5332,1.1385,-0.7051,-2.3765,-4.8847,-7.2406,-8.5031,-8.5404,-8.0431,-7.6606,-7.6662,-8.0207,-8.8699,-10.199,-11.597,-13.884,-15.297,-14.292,-11.028,-7.7291,-5.6506,-3.3346,-1.4684,0.062987,1.0231,2.095,2.9652,3.5065,4.1027,4.5902,4.8961,5.2434,5.5105,5.6851,5.751,5.7329,5.5727,5.3538,4.9217,4.3225,3.5745,2.9311,1.9963,1.0498,0.39705,-0.32026,-0.80588,-1.02,-1.1208,-1.0822,-0.94358,-0.79209,-0.49338,-0.10316,0.23495,0.71854,1.1952,1.5169,1.8668,2.1003,2.1973,2.1552,1.9532,1.6194,1.2993,0.75659,0.1139,-0.56278,-1.0606,-1.6993,-2.2689,-2.6251,-2.9939,-3.2582,-3.4305,-3.6448,-3.9673,-4.4698,-5.0031,-6.0729,-7.7486,-9.6008,-13.527,-21.934,-26.358,-14.514,-9.5592,-6.6606,-5.1587,-3.7339,-2.8296,-2.4252,-2.2091,-2.2916,-2.5853,-2.9234,-3.4939,-4.1394,-4.6263,-5.2729,-5.9079,-6.3907,-7.165,-8.1883,-9.605,-10.941,-12.201,-10.932,-8.5372,-5.2261,-2.4809,-0.79611,0.9948,2.3613,3.3631,3.8935,4.3347,4.5197,4.5081,4.3052,3.9366,3.4871,3.1684,2.8858,2.9038,3.167,3.8106,4.6781,5.3894,6.3184,7.1579,7.8513,8.2639,8.6614,8.8668,8.8896,8.7428,8.3851,7.9808,7.2484,6.2889,5.1112,4.0967,2.5911,1.0184,-0.084742,-1.2182,-1.6777,-1.373,-0.7779,0.25769,1.3957,2.243,3.3039,4.2642,4.8869,5.5951,6.1432,6.5275,6.6976,6.7615,6.6426,6.4148,5.9301,5.2111,4.4999,3.279,1.6742,-0.43894,-2.5022,-6.1869,-10.819,-11.761,-7.7062,-4.0783,-1.5311
2.9241,2.0579,0.68997,-0.81719,-1.8787,-2.8199,-2.9083,-2.525,-1.7741,-1.0519,-0.4967,-0.18012,0.17583,0.53646,0.84544,1.3397,1.8361,2.1679,2.5011,2.6429,2.5426,2.283,1.6573,0.65876,-0.35273,-2.1417,-4.5273,-6.8056,-10.652,-15.008,-16.407,-14.958,-13.044,-12.02,-11.754,-11.775,-11.968,-12.063,-11.981,-11.504,-10.665,-9.7902,-8.4276,-6.9214,-5.8273,-4.4854,-3.3424,-2.4502,-1.9373,-1.4703,-1.2289,-1.1531,-1.1351,-1.1028,-0.99665,-0.68087,-0.18476,0.4107,0.86617,1.3974,1.7807,1.9571,2.0431,1.9734,1.758,1.5247,1.141,0.72176,0.40114,0.00056893,-0.35116,-0.56583,-0.78625,-0.92425,-0.98161,-0.96852,-0.8928,-0.7432,-0.58271,-0.31929,-0.015712,0.22739,0.55794,0.85735,1.107,1.2444,1.3587,1.38,1.3312,1.1853,0.96544,0.68178,0.42804,0.038399,-0.37632,-0.70481,-1.1751,-1.6793,-2.0938,-2.7069,-3.4057,-4.2384,-4.951,-6.014,-7.2004,-8.1324,-9.2968,-10.065,-10.176,-9.6681,-8.72,-7.6757,-6.9872,-6.2657,-5.8461,-5.7125,-5.8352,-6.2754,-7.0821,-7.9039,-9.2445,-10.717,-11.665,-12.138,-11.488,-10.598,-9.3272,-8.1581,-7.1474,-6.4472,-5.4577,-4.327,-3.4118,-2.1361,-0.86419,0.039224,1.0889,1.942,2.5902,2.9436,3.2347,3.3486,3.3186,3.1634,2.9197,2.6506,2.4675,2.2941,2.2691,2.3706,2.671,3.1467,3.5796,4.208,4.8383,5.3993,5.7448,6.0756,6.2358,6.2276,6.0303,5.5937,5.1112,4.2193,3.0266,1.4726,0.019572,-2.4499,-5.822,-9.4318,-18.439,-21.885,-11.712,-8.3512,-5.4793,-3.506,-2.3625,-1.1359,-0.15231,0.4599,1.1207,1.6269,1.988,2.169,2.2886,2.2816,2.1885,1.9487,1.5822,1.2402,0.68366,0.019941,-0.70566,-1.2453,-1.8558,-2.225,-2.2717,-1.9951,-1.4416,-0.76291
1.4123,1.212,0.91523,0.6157,0.428,0.25968,0.19925,0.23136,0.34909,0.51908,0.7101,0.85192,1.0288,1.1829,1.2813,1.3712,1.4203,1.4098,1.3159,1.1061,0.76289,0.39789,-0.23959,-1.0636,-1.7997,-2.9564,-4.2837,-5.3525,-6.7915,-8.1591,-9.3854,-10.203,-11.329,-12.715,-14.056,-16.593,-20.301,-23.738,-21.945,-17.422,-13.998,-12.029,-9.9205,-8.2886,-7.3201,-6.3214,-5.6243,-5.2799,-5.2611,-5.5989,-6.4279,-7.4245,-9.376,-12.067,-13.952,-13.518,-10.413,-7.5724,-5.9372,-4.3349,-3.2297,-2.6681,-2.2243,-2.0527,-2.1125,-2.2707,-2.5949,-3.0035,-3.346,-3.7935,-4.2161,-4.4967,-4.8125,-5.0809,-5.3064,-5.4359,-5.5782,-5.6313,-5.5841,-5.3683,-4.9544,-4.5278,-3.8647,-3.165,-2.5126,-2.066,-1.5566,-1.1928,-1.0135,-0.87452,-0.85122,-0.9425,-1.0779,-1.3321,-1.6693,-1.9811,-2.4721,-3.0471,-3.537,-4.2665,-5.065,-5.9436,-6.6499,-7.5767,-8.4597,-9.0458,-9.643,-10.002,-10.071,-9.9764,-9.7503,-9.4115,-9.1448,-8.8799,-8.7854,-8.8518,-9.1367,-9.7618,-10.821,-11.963,-14.129,-17.461,-20.988,-23.501,-18.336,-14.94,-11.656,-9.2412,-7.3636,-6.1718,-4.8062,-3.6191,-2.8059,-1.8381,-0.99419,-0.45343,0.14525,0.58512,0.84898,0.92935,0.87923,0.63474,0.32023,-0.2538,-0.99638,-1.8939,-2.6316,-3.5823,-4.2784,-4.4602,-4.1069,-3.1919,-2.3152,-1.1022,0.016684,0.96435,1.5378,2.1057,2.4441,2.5457,2.4758,2.17,1.7785,1.0478,0.071339,-1.1584,-2.2325,-3.8494,-5.5965,-6.8589,-8.2416,-8.9937,-9.0659,-8.8428,-8.3314,-7.7358,-7.2762,-6.6714,-6.0859,-5.651,-5.1259,-4.6853,-4.3646,-4.1957,-4.0744,-4.0482,-4.0607,-4.0932,-4.1181,-4.1099,-4.0539,-3.9403,-3.8095,-3.6959,-3.5409,-3.3803,-3.2439,-3.064,-2.8936,-2.7513
0.11405,0.31409,0.51877,0.66733,0.75318,0.84636,0.92965,0.99206,1.074,1.1517,1.2192,1.2611,1.2899,1.2809,1.2445,1.1409,0.98169,0.82486,0.5601,0.23967,-0.13609,-0.45135,-0.90625,-1.408,-1.8233,-2.4157,-3.0695,-3.6016,-4.3598,-5.1828,-6.0724,-6.815,-7.931,-9.2192,-10.309,-11.917,-13.441,-14.158,-13.8,-12.386,-10.628,-9.368,-7.9309,-6.7855,-6.1101,-5.4487,-5.0899,-5.0162,-5.1714,-5.6816,-6.5757,-7.5397,-9.2049,-11.101,-12.162,-12.015,-10.302,-8.3309,-7.0798,-5.8085,-4.9601,-4.569,-4.3395,-4.4272,-4.79,-5.2391,-6.0394,-7.0257,-7.8185,-8.8286,-9.6038,-9.9555,-10.155,-10.22,-10.384,-10.687,-11.383,-12.444,-13.332,-13.952,-13.017,-11.475,-9.2187,-7.2287,-5.6203,-4.6678,-3.6997,-3.0157,-2.6584,-2.3587,-2.2422,-2.266,-2.3566,-2.5571,-2.86,-3.1444,-3.6063,-4.1836,-4.7054,-5.5426,-6.563,-7.7567,-8.7784,-10.291,-11.856,-12.929,-13.922,-14.156,-13.872,-13.122,-12.258,-11.481,-11.003,-10.511,-10.17,-10.04,-10.01,-10.127,-10.36,-10.608,-10.955,-11.202,-11.224,-10.892,-10.078,-9.242,-7.961,-6.6342,-5.3597,-4.4622,-3.3612,-2.3967,-1.769,-1.0437,-0.45758,-0.12456,0.18696,0.33816,0.31605,0.17389,-0.1871,-0.76671,-1.3475,-2.3656,-3.7274,-5.5457,-7.3359,-10.722,-16.711,-27.995,-17.99,-11.036,-8.0266,-5.2254,-3.2342,-1.7729,-0.93766,-0.1142,0.41493,0.63606,0.71816,0.57573,0.31934,-0.19616,-0.91083,-1.7944,-2.5582,-3.6772,-4.8976,-5.851,-7.1402,-8.4315,-9.7015,-10.629,-11.804,-12.737,-13.131,-13.058,-12.417,-11.784,-10.933,-10.263,-9.8611,-9.7625,-9.886,-10.284,-10.675,-11.14,-11.231,-10.924,-10.032,-8.8584,-7.6775,-6.8859,-6.0145,-5.3468,-4.9891,-4.7009,-4.6274,-4.768
-0.92741,-0.37026,0.19629,0.59465,0.79728,0.97089,1.0788,1.1336,1.1999,1.2702,1.3396,1.3774,1.3923,1.3386,1.2375,1.0149,0.66841,0.33761,-0.17021,-0.70379,-1.1961,-1.4793,-1.7304,-1.8245,-1.8314,-1.7915,-1.7662,-1.7979,-1.9199,-2.1365,-2.4611,-2.774,-3.2421,-3.7652,-4.1525,-4.6109,-4.9442,-5.0816,-5.036,-4.7852,-4.385,-4.0029,-3.4839,-3.006,-2.6987,-2.38,-2.2056,-2.1786,-2.2623,-2.5016,-2.8555,-3.1841,-3.6358,-4.0383,-4.2372,-4.3454,-4.2571,-4.0413,-3.8697,-3.6759,-3.6047,-3.668,-3.9274,-4.4487,-5.2752,-6.152,-7.7547,-10.024,-12.366,-16.907,-22.877,-21.637,-16.709,-13.82,-12.394,-12.066,-12.464,-13.921,-15.775,-18.397,-16.644,-13.428,-9.8312,-7.2421,-5.3859,-4.3757,-3.4563,-2.9084,-2.6899,-2.6429,-2.793,-3.0502,-3.2725,-3.5637,-3.8025,-3.9508,-4.1595,-4.4673,-4.7968,-5.454,-6.4363,-7.8074,-9.1755,-11.656,-15.296,-19.546,-33.294,-25.067,-19.467,-15.747,-13.564,-12.217,-11.558,-10.937,-10.485,-10.214,-9.9138,-9.6151,-9.2714,-9.0089,-8.6147,-8.141,-7.7165,-7.0352,-6.2405,-5.5893,-4.6467,-3.6731,-2.7006,-2.0059,-1.1538,-0.38812,0.10308,0.63661,1.0263,1.2216,1.344,1.2969,1.0863,0.81563,0.29545,-0.39444,-1.0296,-2.04,-3.2151,-4.5193,-5.5584,-6.9044,-7.9205,-8.2188,-7.7768,-6.5719,-5.443,-3.9337,-2.5626,-1.4189,-0.72973,-0.027385,0.43867,0.64118,0.72229,0.60129,0.39789,-0.032463,-0.62234,-1.3612,-2.0197,-3.023,-4.1845,-5.1764,-6.6852,-8.4785,-10.676,-12.707,-16.363,-22.372,-32.472,-26.702,-19.447,-16.684,-14.434,-13.123,-12.493,-12.438,-12.93,-14.226,-16.003,-20.362,-33.833,-26.697,-17.147,-12.622,-9.7237,-8.1603,-6.6212,-5.5601,-5.0414,-4.6789,-4.6709,-5.0388
-0.61757,0.18385,0.83287,1.1052,1.104,0.90735,0.59451,0.37076,0.22817,0.34555,0.68255,0.99179,1.3642,1.5718,1.5678,1.3205,0.72834,0.041529,-1.2171,-2.8497,-4.6222,-5.5961,-5.6363,-4.3313,-3.0882,-1.6028,-0.44979,0.19129,0.78019,1.1082,1.2251,1.2019,1.0666,0.83378,0.62625,0.3549,0.13288,-0.024459,-0.065392,-0.021756,0.12284,0.27704,0.51095,0.75928,0.93132,1.1131,1.2337,1.2675,1.2356,1.1212,0.92972,0.75193,0.48049,0.18818,-0.026506,-0.3031,-0.54979,-0.78759,-0.96525,-1.1809,-1.4145,-1.626,-1.9842,-2.4674,-3.1358,-3.78,-4.8743,-6.2533,-7.4567,-9.0501,-10.031,-9.9913,-9.0467,-7.8024,-6.7311,-6.1266,-5.5795,-5.2278,-5.0042,-4.6006,-3.9713,-3.3516,-2.452,-1.6005,-0.93886,-0.61155,-0.43341,-0.59148,-0.96393,-1.7922,-2.9934,-4.4906,-5.6352,-6.6459,-6.4977,-5.7974,-4.6933,-3.8008,-3.3876,-3.1811,-3.3957,-4.0201,-4.7204,-5.9287,-7.3339,-8.3807,-9.4613,-9.9951,-10.04,-9.9113,-9.8551,-10.031,-10.277,-10.691,-11.047,-11.112,-10.822,-10.204,-9.4348,-8.7915,-7.9502,-7.1165,-6.4722,-5.5378,-4.5357,-3.728,-2.6044,-1.4801,-0.39825,0.35109,1.2249,1.9624,2.4172,2.8655,3.1409,3.2407,3.2234,3.0269,2.6654,2.2908,1.6486,0.84652,0.14093,-0.91037,-2.0358,-3.1604,-3.9203,-4.6433,-4.8808,-4.711,-4.0633,-3.1071,-2.2897,-1.2053,-0.22799,0.59553,1.0821,1.5378,1.7834,1.8367,1.7492,1.5036,1.2388,0.78964,0.25366,-0.37804,-0.92497,-1.745,-2.6886,-3.5086,-4.7449,-6.1905,-7.8415,-9.18,-11.027,-12.685,-13.56,-13.88,-13.493,-12.886,-12.041,-11.281,-10.75,-10.509,-10.437,-10.57,-10.821,-11.142,-11.024,-10.478,-9.1963,-7.5913,-6.0268,-4.986,-3.8396,-2.9884,-2.5541,-2.2197,-2.1746,-2.4457
1.642,2.0138,2.0922,1.6441,0.92662,-0.6317,-3.0534,-5.4803,-8.3358,-6.8203,-3.5095,-1.5465,0.26728,1.3473,1.7506,1.8034,1.34,0.62371,-0.91656,-3.3112,-6.9022,-10.052,-9.7883,-5.5384,-2.9644,-0.50372,1.1679,2.0538,2.8526,3.2866,3.4305,3.3797,3.1111,2.6852,2.2824,1.6896,1.124,0.69177,0.50663,0.47738,0.69242,0.93691,1.3352,1.7302,1.9859,2.235,2.3931,2.4524,2.4398,2.35,2.1709,1.9899,1.6712,1.2731,0.91421,0.37396,-0.23239,-0.85291,-1.2695,-1.7308,-1.9969,-2.0671,-2.0491,-1.97,-1.9267,-1.9317,-2.0117,-2.1549,-2.2473,-2.3207,-2.2517,-2.0831,-1.6908,-1.1745,-0.5994,-0.14616,0.43289,0.96956,1.3442,1.8176,2.2514,2.5424,2.8691,3.0998,3.1675,3.0811,2.758,2.1179,1.3769,-0.018731,-2.0809,-5.1899,-8.6133,-14.49,-11.239,-7.3153,-3.9342,-1.8465,-0.8307,0.0056456,0.39514,0.4066,0.2256,-0.21592,-0.83798,-1.3817,-2.1778,-3.056,-3.7919,-4.914,-6.3523,-8.2389,-10.083,-13.499,-18.76,-22.596,-18.905,-14.558,-12.078,-10.92,-9.9689,-9.4076,-9.0558,-8.2888,-6.9634,-5.6229,-3.6852,-1.8271,-0.20534,0.83147,1.9817,2.8334,3.2944,3.6976,3.8593,3.8326,3.6146,3.232,2.687,2.1872,1.4062,0.47027,-0.34684,-1.6611,-3.3755,-5.6655,-7.8915,-11.378,-12.284,-9.7919,-6.167,-3.4112,-1.8329,-0.2247,0.91997,1.6571,1.9786,2.1264,1.9766,1.6941,1.1505,0.47843,-0.05318,-0.7041,-1.2314,-1.6413,-1.8983,-2.2877,-2.7631,-3.2057,-3.9523,-4.8537,-5.9166,-6.7903,-7.9876,-9.1664,-9.9443,-10.781,-11.264,-11.392,-11.132,-10.513,-9.6816,-9.0331,-8.2104,-7.4779,-6.9439,-6.2654,-5.5865,-5.0348,-4.2395,-3.4293,-2.6308,-2.0695,-1.388,-0.83208,-0.48275,-0.13212,0.064098,0.12061
2.1424,2.0938,1.7777,1.0998,0.328,-1.1044,-2.9845,-4.5227,-5.9278,-5.3713,-3.5848,-2.241,-0.82942,0.095665,0.51859,0.71812,0.60835,0.35041,-0.15895,-0.74512,-1.238,-1.4179,-1.3126,-0.80447,-0.27408,0.48037,1.1656,1.559,1.8867,1.9689,1.7776,1.4407,0.71434,-0.3361,-1.3727,-3.1092,-5.228,-7.3497,-8.3026,-7.8685,-6.2512,-4.9734,-3.5724,-2.5962,-2.1101,-1.7137,-1.5757,-1.6032,-1.6902,-1.8486,-2.0213,-2.1715,-2.4469,-2.8685,-3.3516,-4.265,-5.5878,-7.3279,-8.8614,-10.817,-11.308,-10.392,-8.5876,-6.9756,-5.7775,-5.1273,-4.5142,-4.0775,-3.7939,-3.424,-2.9894,-2.5879,-1.9692,-1.2776,-0.54062,-0.00067402,0.68458,1.3158,1.7391,2.2214,2.6065,2.8189,3.0103,3.0657,2.9951,2.8487,2.5054,2.0054,1.5413,0.78076,-0.095803,-0.9536,-1.4867,-1.8826,-1.7598,-1.3967,-0.70404,0.022963,0.50283,0.97613,1.2501,1.3275,1.2453,0.96281,0.50111,0.042165,-0.72233,-1.6536,-2.4838,-3.7921,-5.3144,-7.1226,-8.6989,-10.932,-13.02,-13.983,-14.09,-13.48,-12.941,-12.88,-13.543,-15.545,-18.697,-32.68,-19.956,-13.652,-8.7722,-5.5475,-3.2569,-1.9863,-0.72045,0.11624,0.47965,0.65416,0.50672,0.18474,-0.47588,-1.3408,-2.3233,-3.0595,-3.8981,-4.5186,-4.8801,-5.4258,-6.192,-7.3053,-8.3888,-9.7178,-9.6507,-8.3592,-6.0151,-3.8868,-2.5958,-1.3258,-0.50969,-0.14932,-0.16884,-0.569,-1.4325,-2.4033,-4.1529,-6.4335,-8.3636,-10.413,-10.687,-9.5432,-8.5952,-7.6996,-7.2874,-7.241,-7.4947,-8.0389,-8.8658,-9.6667,-11.021,-12.697,-14.264,-16.975,-20.126,-21.984,-20.721,-17.413,-14.54,-12.851,-11.033,-9.6652,-8.8069,-7.8268,-7.0098,-6.4838,-5.8298,-5.2653,-4.7681,-4.4398,-4.0329,-3.6462,-3.3369,-2.919,-2.486,-2.0508
2.0116,1.9008,1.6524,1.3076,0.98654,0.50765,0.022738,-0.28977,-0.55253,-0.62548,-0.52917,-0.40077,-0.24653,-0.17718,-0.20537,-0.34072,-0.59399,-0.81822,-1.1078,-1.3239,-1.4039,-1.361,-1.1532,-0.81435,-0.51537,-0.12366,0.19837,0.36182,0.42608,0.28078,-0.11289,-0.5963,-1.5065,-2.8187,-4.0968,-6.3265,-9.3896,-13.398,-15.82,-14.105,-10.735,-8.8631,-7.2159,-6.333,-6.0808,-6.1873,-6.7793,-7.7057,-8.4615,-9.1592,-9.1232,-8.7096,-8.0312,-7.5991,-7.5623,-8.0335,-9.1594,-11.173,-13.347,-16.908,-17.793,-15.445,-12.329,-10.237,-8.9668,-8.4513,-8.1803,-8.2087,-8.3252,-8.3165,-7.8614,-7.1721,-5.9421,-4.5623,-3.2252,-2.3198,-1.2685,-0.40127,0.13124,0.6885,1.083,1.2818,1.4167,1.4129,1.296,1.1462,0.87413,0.56221,0.31667,-0.0050404,-0.26112,-0.43424,-0.49279,-0.44402,-0.2727,-0.081871,0.23436,0.56705,0.79731,1.0515,1.1904,1.2103,1.1318,0.89579,0.50443,0.10597,-0.57452,-1.4103,-2.1468,-3.2623,-4.5021,-5.8514,-6.8665,-8.1495,-9.2802,-9.9558,-10.562,-10.915,-11.059,-11.132,-11.287,-11.494,-11.555,-11.221,-10.158,-8.9208,-7.0986,-5.4069,-4.0241,-3.2002,-2.4457,-2.053,-1.9902,-2.2383,-2.8712,-3.6164,-5.0527,-7.1392,-10.06,-12.893,-16.157,-14.491,-11.993,-9.4145,-7.6626,-6.4886,-5.8301,-5.0483,-4.2875,-3.68,-2.8427,-2.0487,-1.5416,-1.0551,-0.8501,-0.95066,-1.2602,-2.0301,-3.2606,-4.5447,-6.8633,-10.007,-13.022,-17.009,-16.696,-13.986,-12.567,-11.415,-10.946,-10.923,-11.197,-11.725,-12.398,-13.015,-13.999,-15.287,-16.516,-18.51,-20.536,-21.502,-20.724,-18.51,-16.37,-15.017,-13.585,-12.412,-11.727,-10.979,-10.336,-9.9324,-9.5436,-9.2694,-9.1528,-9.164,-9.304,-9.4142,-9.3928,-8.9956,-8.0732,-6.8381
1.9181,1.8294,1.7245,1.6519,1.6026,1.5441,1.4845,1.437,1.3643,1.2566,1.0932,0.91364,0.57412,0.094849,-0.38875,-1.148,-2.0549,-2.7761,-3.655,-4.2155,-4.2284,-3.8898,-3.1095,-2.2223,-1.5765,-0.83805,-0.3051,-0.044129,0.099398,0.0013615,-0.33062,-0.72261,-1.4248,-2.324,-3.0732,-4.1242,-5.134,-5.9252,-6.2787,-6.4005,-6.1783,-5.9285,-5.7007,-5.7417,-6.0514,-7.0047,-8.7135,-11.675,-15.46,-27.734,-19.729,-14.227,-10.436,-8.3791,-7.4726,-6.8743,-6.7863,-7.0408,-7.3092,-7.6532,-7.8258,-7.7913,-7.6395,-7.5613,-7.7683,-8.2102,-9.3004,-11.292,-13.758,-19.495,-22.581,-16.174,-10.755,-7.3469,-4.999,-3.6547,-2.2664,-1.2503,-0.68454,-0.15064,0.1549,0.25569,0.21946,0.033119,-0.30934,-0.63814,-1.1054,-1.5671,-1.8663,-2.096,-2.0961,-1.8996,-1.6366,-1.1787,-0.67798,-0.28158,0.22293,0.67552,0.96641,1.2803,1.4922,1.5781,1.5628,1.4244,1.1341,0.814,0.24194,-0.50692,-1.181,-2.2481,-3.5171,-4.9562,-6.1432,-7.8511,-9.4725,-10.489,-11.197,-10.968,-10.139,-9.3615,-8.2968,-7.3001,-6.5998,-5.7106,-4.828,-4.1751,-3.3831,-2.6965,-2.1879,-1.925,-1.7816,-1.8993,-2.1371,-2.662,-3.4514,-4.2017,-5.4938,-7.1339,-9.0995,-10.628,-11.793,-10.891,-9.3505,-7.2192,-5.375,-3.9116,-2.9935,-1.974,-1.138,-0.60251,-0.0063312,0.45342,0.68825,0.8666,0.83887,0.59866,0.26284,-0.41033,-1.3333,-2.1772,-3.4966,-4.9115,-5.9869,-7.2492,-8.2697,-9.0577,-9.6526,-10.574,-11.669,-12.637,-13.997,-15.189,-15.783,-15.858,-15.605,-15.327,-15.169,-15.099,-15.063,-14.974,-14.798,-14.493,-14.215,-14.027,-13.988,-13.995,-13.998,-13.959,-13.693,-13.329,-12.814,-12.426,-12.436,-12.807,-14.07,-16.747,-20.506,-25.181,-17.288,-11.924
0.63947,0.48122,0.51966,0.79171,1.1025,1.5673,2.0033,2.2666,2.4877,2.5565,2.4335,2.2036,1.6952,0.91378,0.10314,-1.3505,-3.3474,-5.3881,-9.3352,-15.533,-15.143,-10.374,-6.1386,-3.439,-2.018,-0.64864,0.24088,0.63918,0.8715,0.79052,0.43223,0.005184,-0.73716,-1.5706,-2.2205,-2.9796,-3.5033,-3.7222,-3.6817,-3.4196,-3.0586,-2.7928,-2.542,-2.47,-2.5729,-2.9731,-3.6321,-4.4713,-5.0706,-5.5627,-5.4236,-4.9634,-4.1477,-3.3739,-2.9338,-2.5387,-2.3663,-2.3335,-2.4002,-2.5337,-2.6886,-2.8309,-3.062,-3.3886,-3.876,-4.3638,-5.2444,-6.3808,-7.3032,-8.3125,-8.3835,-7.6609,-6.1347,-4.5226,-3.1396,-2.2927,-1.3942,-0.74248,-0.3958,-0.12195,-0.047244,-0.13815,-0.45741,-1.024,-1.8731,-2.7099,-4.0681,-5.6491,-6.7477,-7.5387,-7.1595,-5.8559,-4.7069,-3.2775,-2.0454,-1.2426,-0.33925,0.41642,0.8901,1.4006,1.8034,2.0726,2.1893,2.2236,2.1178,1.9328,1.5522,0.98053,0.42266,-0.52233,-1.7542,-3.3314,-4.8561,-7.5336,-11.554,-16.728,-38.412,-15.608,-10.051,-7.5367,-5.1426,-3.4056,-2.3909,-1.3188,-0.49515,-0.03762,0.3852,0.59469,0.59044,0.41471,-0.0031316,-0.63072,-1.2212,-2.0912,-2.9591,-3.5501,-4.1052,-4.4254,-4.4927,-4.3743,-4.0002,-3.3648,-2.7695,-1.8316,-0.87319,0.037443,0.67317,1.4174,2.0572,2.4655,2.908,3.2258,3.3806,3.4682,3.4181,3.2049,2.9448,2.4613,1.8224,1.2518,0.37891,-0.61297,-1.4043,-2.5411,-3.7629,-5.165,-6.3247,-8.2023,-10.621,-13.011,-17.569,-26.903,-28.71,-21.01,-16.568,-14.134,-12.972,-11.965,-11.444,-11.231,-11.164,-11.383,-11.859,-12.477,-13.714,-15.763,-17.918,-21.445,-21.87,-19.034,-15.471,-13.119,-11.719,-11.203,-11.048,-11.341,-11.5,-11.162,-9.6638,-7.609
-5.5095,-6.6984,-6.1509,-3.9769,-2.2952,-0.44256,0.94624,1.7189,2.4393,2.8384,2.9471,2.8449,2.4566,1.7825,1.1074,-0.082693,-1.5665,-2.8469,-4.5887,-5.8402,-5.7578,-4.8314,-3.1143,-1.4775,-0.42845,0.63685,1.3353,1.6207,1.6841,1.3911,0.72632,-0.029756,-1.3932,-3.1902,-4.7973,-7.0019,-8.1738,-7.2882,-5.8583,-3.9004,-2.271,-1.2996,-0.27864,0.44206,0.81543,1.1526,1.294,1.3243,1.3087,1.2855,1.2726,1.2786,1.2889,1.2601,1.1911,1.0283,0.7992,0.5171,0.29212,0.016877,-0.20664,-0.33988,-0.47991,-0.59847,-0.72039,-0.84706,-1.0692,-1.31,-1.486,-1.6675,-1.7419,-1.7195,-1.5952,-1.4385,-1.2896,-1.2004,-1.132,-1.0883,-1.0694,-1.0646,-1.1265,-1.2595,-1.6101,-2.2861,-3.3359,-4.4834,-6.7102,-10.041,-14.063,-22.519,-16.108,-10.588,-8.0936,-5.8184,-4.1932,-3.2619,-2.2362,-1.3688,-0.77971,-0.066842,0.53012,1.0391,1.3362,1.6179,1.7713,1.803,1.7265,1.523,1.2682,0.8042,0.1712,-0.6694,-1.3984,-2.5124,-3.6248,-4.2491,-4.4932,-3.8252,-2.6161,-1.5643,-0.22087,0.94273,1.675,2.4509,2.9882,3.2325,3.3547,3.2082,2.7748,2.2375,1.1973,-0.24559,-1.6538,-3.9887,-6.6077,-8.1235,-8.0708,-6.2469,-4.2959,-3.0496,-1.6927,-0.59407,0.10847,0.92964,1.6252,2.2423,2.6493,3.1394,3.5761,3.8624,4.1905,4.4481,4.5946,4.691,4.683,4.5585,4.3844,4.0498,3.5932,3.1719,2.5249,1.7604,1.1186,0.15794,-0.93679,-2.1557,-3.1719,-4.6779,-6.3738,-7.7362,-9.5122,-10.884,-11.376,-11.15,-10.413,-9.5809,-9.0466,-8.5241,-8.1712,-8.0866,-8.1552,-8.473,-9.0509,-9.6978,-10.787,-12.287,-13.606,-15.083,-15.049,-13.68,-11.342,-9.2374,-7.5674,-6.5979,-5.5933,-4.7785,-4.2621,-3.5965,-2.9207,-2.2503
-8.6793,-10.881,-9.8129,-6.4884,-4.3021,-2.0783,-0.45315,0.46337,1.3772,1.9489,2.2186,2.2312,1.9956,1.4918,0.98578,0.15831,-0.73872,-1.3485,-1.949,-2.1629,-1.9295,-1.486,-0.69274,0.17202,0.78632,1.4455,1.865,1.9974,1.8943,1.4588,0.64281,-0.23624,-1.8497,-4.0946,-6.3129,-10.244,-13.271,-10.321,-7.2796,-4.1936,-1.9135,-0.58775,0.8267,1.9003,2.5192,3.1664,3.6136,3.8991,4.0124,4.0538,3.9627,3.8107,3.4808,2.9935,2.5275,1.7649,0.85904,-0.14901,-0.86645,-1.6523,-2.0581,-2.0432,-1.6992,-1.1739,-0.64782,-0.33169,-0.016901,0.14421,0.1694,0.092172,-0.12673,-0.3909,-0.88003,-1.5712,-2.4457,-3.1977,-4.2475,-5.0725,-5.3694,-5.2278,-4.7204,-4.3172,-3.9331,-3.89,-4.1952,-4.6602,-5.5735,-6.6308,-7.4297,-8.1067,-8.3396,-8.0952,-7.8376,-7.5425,-7.2807,-7.1013,-6.7315,-6.0729,-5.4026,-4.3655,-3.3697,-2.5051,-1.9764,-1.4317,-1.0418,-0.81966,-0.59881,-0.39248,-0.25019,-0.085404,0.062698,0.15944,0.22109,0.28338,0.3861,0.53287,0.83565,1.2893,1.8673,2.366,3.0358,3.6674,4.0853,4.5354,4.825,4.928,4.8827,4.5938,4.0253,3.4076,2.2321,0.6163,-0.98634,-3.7649,-7.3642,-9.916,-9.3332,-6.2546,-3.6955,-2.2844,-0.90944,0.031432,0.54292,0.99496,1.2703,1.4476,1.547,1.7045,1.9237,2.1244,2.4469,2.7783,3.0081,3.2426,3.3624,3.3734,3.293,3.0782,2.7612,2.4512,1.9731,1.4169,0.93441,0.23462,-0.53715,-1.382,-2.0785,-3.0015,-3.9452,-4.6183,-5.415,-6.0302,-6.4704,-6.6512,-6.7435,-6.7323,-6.6982,-6.7102,-6.7253,-6.7998,-6.9848,-7.216,-7.5116,-7.7533,-8.0168,-8.1432,-8.156,-7.8795,-7.3389,-6.7154,-5.6819,-4.5971,-3.5353,-2.7821,-1.8924,-1.1485,-0.70716,-0.22,0.089563,0.20906
-2.5016,-2.9574,-3.1823,-2.9519,-2.5254,-1.7541,-0.86695,-0.1999,0.6149,1.2519,1.6317,1.7161,1.5438,0.98723,0.2928,-0.97837,-2.6559,-4.0704,-5.6167,-5.6729,-4.1768,-2.7104,-0.92139,0.545,1.3741,2.1704,2.6155,2.7311,2.6125,2.1968,1.5264,0.8775,-0.12992,-1.1886,-1.9403,-2.7026,-2.9561,-2.6208,-2.0301,-0.97978,0.18447,1.0571,2.1469,3.1117,3.749,4.4326,4.9697,5.3392,5.5007,5.5549,5.4208,5.1814,4.6631,3.8808,3.0933,1.7105,-0.16555,-2.7349,-5.318,-9.9153,-12.603,-9.8649,-5.9662,-3.3476,-1.6167,-0.7123,0.11752,0.58508,0.73901,0.71154,0.41927,0.0075558,-0.84366,-2.0888,-3.947,-5.8916,-9.7579,-17.033,-24.454,-13.995,-9.1207,-7.0535,-5.4021,-4.4768,-4.1349,-4.1181,-4.3563,-4.8467,-5.2367,-5.9054,-6.6157,-7.4768,-8.3032,-9.7738,-12.04,-14.352,-17.714,-16.466,-13.401,-10.094,-7.7909,-6.3761,-5.7383,-5.3091,-5.2077,-5.2073,-5.0613,-4.5807,-3.9505,-2.9272,-1.8685,-0.85767,-0.21638,0.55332,1.222,1.6664,2.2526,2.8131,3.3934,3.8246,4.3807,4.9002,5.2536,5.6422,5.9228,6.0501,6.07,5.9199,5.573,5.1836,4.4918,3.6132,2.8821,1.8613,0.96548,0.4777,0.17131,0.20796,0.43662,0.63314,0.81083,0.81585,0.67073,0.23486,-0.43915,-1.3355,-2.0416,-2.7717,-2.9227,-2.5493,-1.6556,-0.68439,-0.072211,0.55444,0.90386,1.0129,0.96249,0.76207,0.45993,0.20377,-0.17579,-0.55344,-0.84853,-1.273,-1.7642,-2.3367,-2.809,-3.4703,-4.1286,-4.5887,-5.1491,-5.5669,-5.8669,-6.016,-6.1468,-6.244,-6.3322,-6.4821,-6.7718,-7.0278,-7.4419,-7.888,-8.2584,-8.3761,-8.333,-7.8581,-7.2631,-6.2528,-5.0524,-4.1475,-2.94,-1.7968,-0.75563,-0.05296,0.76251,1.4167,1.799,2.1569,2.3054,2.2315
-1.8154,-2.6481,-3.7936,-4.7423,-5.1606,-4.921,-3.7857,-2.6136,-1.0867,0.19451,1.1044,1.5115,1.6631,1.3389,0.71454,-0.68643,-2.9774,-5.5509,-10.277,-10.534,-5.5539,-2.7334,-0.11851,1.6121,2.5018,3.2426,3.559,3.5465,3.2373,2.6257,1.7735,1.0122,-0.05437,-1.1065,-1.7559,-2.2866,-2.3937,-2.0633,-1.5943,-0.74981,0.2419,1.0278,2.0533,3.0385,3.725,4.5374,5.2009,5.6904,5.9406,6.0956,6.0391,5.8497,5.3888,4.6728,3.9411,2.6844,1.0725,-0.94503,-2.6766,-4.8606,-5.8479,-5.2875,-3.7115,-2.1708,-0.95769,-0.27139,0.35711,0.73464,0.87326,0.86405,0.65325,0.35869,-0.24228,-1.1088,-2.2722,-3.3397,-4.9042,-6.2063,-6.6562,-6.3325,-5.405,-4.6949,-3.9896,-3.6284,-3.5785,-3.7361,-4.1204,-4.6652,-5.1621,-5.886,-6.6374,-7.5246,-8.277,-9.5565,-11.191,-12.615,-14.073,-13.55,-12.1,-10.028,-8.606,-7.861,-7.8199,-8.5438,-10.372,-12.768,-17.33,-16.042,-11.852,-7.7154,-4.9662,-3.0414,-1.9658,-0.85375,0.0025236,0.53944,1.1716,1.7794,2.3776,2.8298,3.4621,4.0989,4.562,5.1385,5.6366,5.9305,6.2103,6.3403,6.3131,6.1746,5.8789,5.4423,5.061,4.5065,3.9452,3.56,3.0738,2.6854,2.338,2.074,1.6582,1.0868,0.47512,-0.64212,-2.3334,-4.8956,-7.8545,-15.233,-22.099,-12.335,-7.0662,-4.3202,-3.0881,-2.2007,-1.912,-2.1395,-2.5475,-3.2973,-4.1059,-4.5698,-4.8789,-4.8714,-4.7445,-4.6595,-4.7771,-5.1192,-5.5317,-6.3294,-7.2163,-7.8641,-8.5298,-8.8608,-8.7752,-8.5822,-8.2753,-8.0378,-7.9588,-7.9986,-8.3174,-8.7614,-9.6628,-11.051,-12.959,-14.575,-15.541,-13.535,-11.078,-8.0414,-5.5266,-3.9336,-2.1545,-0.66508,0.56989,1.342,2.1912,2.8465,3.234,3.574,3.7534,3.7636
-4.6319,-5.9357,-8.4003,-12.64,-19.055,-23.223,-11.639,-7.7268,-4.3378,-2.0508,-0.46975,0.35921,1.0563,1.3633,1.3773,1.122,0.68949,0.35858,0.08328,0.21033,0.74314,1.3011,2.0686,2.6722,2.9679,3.1112,2.9365,2.5918,1.8285,0.70562,-0.82977,-2.2604,-4.585,-7.2999,-9.3298,-10.924,-10.324,-8.6708,-7.4141,-5.8912,-4.48,-3.4464,-2.0767,-0.72774,0.207,1.365,2.329,3.0814,3.4955,3.8518,3.9763,3.9274,3.6755,3.2294,2.7826,2.0589,1.2195,0.34165,-0.2917,-1.0294,-1.5358,-1.753,-1.8774,-1.8806,-1.8732,-1.8821,-1.9335,-1.99,-2.0167,-2.0112,-1.9788,-1.9557,-1.9601,-2.0738,-2.2555,-2.4616,-2.758,-3.0472,-3.2228,-3.4059,-3.57,-3.7215,-3.9989,-4.4969,-5.2031,-5.9142,-7.0539,-8.3147,-9.2829,-10.229,-10.773,-10.779,-10.613,-10.324,-10.032,-9.879,-9.5411,-9.0959,-8.7297,-8.2497,-7.9195,-7.8921,-8.1143,-8.8135,-9.984,-11.059,-12.083,-11.723,-10.518,-8.6637,-7.0549,-5.9309,-5.3177,-4.8024,-4.5329,-4.3764,-4.1966,-3.8862,-3.3909,-2.874,-2.0079,-1.008,-0.21911,0.83161,1.7991,2.4313,3.1354,3.6317,3.9144,3.9871,3.8839,3.5927,3.2427,2.6586,1.9657,1.4172,0.72681,0.13366,-0.30602,-0.55115,-0.82301,-1.1435,-1.4682,-2.1222,-3.0691,-4.3044,-5.3414,-6.5156,-6.9745,-6.6872,-5.8945,-5.1737,-4.8407,-4.816,-5.3555,-6.5242,-7.9268,-10.73,-15.061,-19.124,-18.367,-14.029,-11.933,-10.337,-9.7184,-9.915,-10.57,-12.111,-14.603,-17.205,-20.885,-20.793,-17.696,-15.748,-13.969,-12.872,-12.36,-12.069,-12.005,-12.205,-12.826,-13.998,-15.805,-17.527,-18.68,-16.084,-13.143,-9.7204,-6.9987,-5.3333,-3.5022,-2.0267,-0.85048,-0.13171,0.6371,1.224,1.5499,1.8655,2.0624,2.1541
-7.3426,-7.7274,-8.3451,-8.9016,-9.0551,-8.601,-7.3093,-6.031,-4.3058,-2.7276,-1.4134,-0.60011,0.26246,0.88752,1.2503,1.5892,1.8224,1.9558,2.1205,2.2876,2.459,2.5733,2.6722,2.6644,2.5544,2.2364,1.6798,1.0848,0.021807,-1.3993,-3.263,-5.0262,-8.0361,-12.016,-15.852,-19.569,-17.485,-15.079,-14.082,-13.354,-12.656,-11.637,-9.4773,-7.0534,-5.3791,-3.4851,-2.0127,-0.90913,-0.32213,0.19079,0.42489,0.44094,0.28241,-0.038713,-0.3466,-0.82049,-1.3249,-1.8099,-2.1769,-2.6434,-3.0998,-3.4685,-4.0207,-4.6803,-5.5117,-6.2559,-7.3274,-8.3065,-8.7467,-8.6344,-7.854,-7.0801,-6.0686,-5.2298,-4.6138,-4.2893,-4.0308,-3.9623,-4.0025,-4.1747,-4.5272,-4.9187,-5.6154,-6.5932,-7.9138,-9.1926,-11.454,-14.63,-17.962,-24.675,-24.174,-18.365,-15.695,-13.283,-11.665,-10.767,-9.8228,-9.1481,-8.7244,-8.3277,-8.0274,-7.9033,-7.9083,-8.0106,-8.1888,-8.3408,-8.4598,-8.4646,-8.4112,-8.3369,-8.3889,-8.6976,-9.1241,-10.04,-11.352,-12.505,-13.968,-14.81,-14.486,-13.555,-11.84,-9.7529,-8.0992,-5.9753,-4.0752,-2.8476,-1.5114,-0.53531,0.083582,0.33422,0.33506,0.0010403,-0.49314,-1.4794,-2.8479,-4.1021,-5.8769,-7.3654,-7.7221,-7.2204,-6.166,-5.1929,-4.6606,-4.2759,-4.1575,-4.2758,-4.4396,-4.6974,-4.9431,-5.0946,-5.3004,-5.57,-5.8688,-6.441,-7.341,-8.5768,-9.815,-11.826,-14.027,-15.234,-15.435,-14.324,-13.396,-12.514,-12.165,-12.488,-13.14,-14.552,-16.686,-18.693,-21.064,-21.486,-20.052,-19.028,-18.057,-17.519,-17.294,-17.094,-16.733,-16.336,-15.716,-15.08,-14.446,-13.909,-12.923,-11.705,-10.593,-9.0813,-7.5888,-6.5743,-5.3742,-4.3828,-3.6069,-3.1532,-2.7005,-2.3885,-2.2514,-2.1203,-2.063,-2.0346
-10.311,-9.4823,-8.4978,-7.6153,-7.0025,-6.1396,-5.2198,-4.493,-3.4988,-2.5236,-1.6005,-0.95792,-0.17686,0.51906,0.97006,1.5064,1.9513,2.2233,2.5159,2.7202,2.8341,2.8494,2.759,2.5452,2.2874,1.803,1.144,0.52643,-0.47276,-1.681,-3.0833,-4.2638,-5.9811,-7.7689,-9.0333,-10.552,-11.912,-13.392,-14.965,-18.529,-26.611,-25.354,-16.041,-11.165,-8.6899,-6.2913,-4.6437,-3.5355,-3.001,-2.6408,-2.6176,-2.7998,-3.242,-3.8524,-4.3519,-4.9657,-5.4015,-5.6247,-5.6892,-5.7236,-5.8423,-6.0489,-6.5568,-7.4305,-8.8013,-10.284,-13.232,-18.42,-26.961,-23.115,-15.344,-12.271,-9.6,-7.7891,-6.5898,-5.9483,-5.3885,-5.0961,-5.0352,-5.1451,-5.4718,-5.8569,-6.6096,-7.5643,-8.8187,-9.9032,-11.679,-13.638,-15.248,-16.755,-16.934,-15.668,-14.458,-12.895,-11.648,-10.842,-10.018,-9.388,-9.0202,-8.6423,-8.3676,-8.1509,-8.0284,-7.8986,-7.8066,-7.7476,-7.7562,-7.8267,-7.9743,-8.317,-8.9586,-9.9473,-11.076,-13.16,-16.291,-19.743,-27.43,-43.301,-30.461,-28.699,-27.018,-20.826,-16.435,-11.923,-8.6117,-6.6665,-4.7072,-3.301,-2.3871,-1.9953,-1.8465,-2.1446,-2.6707,-3.8608,-5.7303,-7.7916,-11.954,-19.492,-19.501,-13.923,-9.7752,-7.4059,-6.2844,-5.351,-4.846,-4.6515,-4.6492,-4.8019,-5.0414,-5.2908,-5.673,-6.1058,-6.5088,-7.1081,-7.7982,-8.5748,-9.1891,-9.9872,-10.676,-11.085,-11.344,-11.415,-11.404,-11.347,-11.433,-11.694,-12.043,-12.712,-13.575,-14.303,-15.245,-16.172,-17.124,-17.924,-19.355,-21.477,-23.554,-25.956,-25.014,-22.496,-19.36,-16.924,-14.976,-13.748,-12.341,-11.036,-10.147,-9.0388,-8.0988,-7.476,-6.8248,-6.3933,-6.1644,-6.1278,-6.2314,-6.486,-6.7276,-7.0605,-7.357,-7.5528
-12.252,-10.364,-8.5029,-7.129,-6.3168,-5.406,-4.6247,-4.1069,-3.4338,-2.7818,-2.1077,-1.58,-0.84317,-0.082967,0.47087,1.1686,1.7914,2.1946,2.6212,2.9133,3.0565,3.0648,2.9418,2.654,2.3389,1.7885,1.1109,0.52915,-0.32155,-1.2337,-2.1882,-2.9083,-3.8784,-4.8126,-5.5077,-6.4104,-7.2997,-8.1946,-8.8563,-9.5556,-9.8152,-9.5621,-8.5984,-7.2873,-6.3064,-5.1786,-4.3144,-3.7964,-3.633,-3.7382,-4.2462,-4.9046,-6.1998,-7.9992,-9.6698,-11.919,-12.909,-11.863,-10.519,-8.9746,-7.9437,-7.4981,-7.3296,-7.6135,-8.2968,-9.0569,-10.323,-11.579,-12.199,-12.07,-11.031,-10.011,-8.6976,-7.5938,-6.7007,-6.1925,-5.6998,-5.4027,-5.3251,-5.4177,-5.7004,-6.0402,-6.6671,-7.4732,-8.4033,-9.1667,-10.147,-11.074,-11.587,-12.024,-12.076,-11.798,-11.462,-10.914,-10.359,-10.01,-9.6604,-9.4015,-9.306,-9.209,-9.1577,-9.0302,-8.8551,-8.5277,-8.1158,-7.7906,-7.4004,-7.1466,-7.0734,-7.1956,-7.5943,-8.3524,-9.1596,-10.609,-12.457,-14.073,-16.267,-18.19,-19.471,-20.139,-19.548,-16.725,-14.069,-10.828,-8.1515,-6.4995,-4.7508,-3.4352,-2.4962,-2.048,-1.7217,-1.7404,-1.9612,-2.5287,-3.3718,-4.1398,-5.18,-5.9772,-6.2055,-5.9863,-5.4113,-4.8258,-4.4964,-4.2274,-4.2169,-4.4033,-4.6641,-5.1061,-5.6255,-6.0232,-6.5438,-7.0489,-7.407,-7.9196,-8.4266,-8.983,-9.3719,-9.8606,-10.239,-10.431,-10.516,-10.417,-10.259,-10.037,-9.8738,-9.7844,-9.8363,-10.057,-10.446,-10.854,-11.589,-12.501,-13.698,-14.795,-16.647,-19.042,-21.171,-23.302,-22.876,-21.002,-18.373,-16.163,-14.373,-13.183,-11.78,-10.554,-9.7635,-8.8745,-8.1809,-7.827,-7.5828,-7.6304,-7.9949,-8.4914,-9.4723,-10.8,-11.927,-13.497,-14.556,-14.892
-8.2415,-7.2865,-6.2311,-5.4569,-5.0099,-4.6181,-4.4095,-4.3291,-4.2911,-4.1981,-3.9074,-3.4818,-2.6147,-1.5291,-0.62604,0.52846,1.5544,2.2082,2.8913,3.3514,3.5801,3.6018,3.4393,3.0512,2.6252,1.8926,1.0162,0.30489,-0.64181,-1.4924,-2.1572,-2.5172,-2.8205,-3.0219,-3.1426,-3.2942,-3.4508,-3.6155,-3.7132,-3.8082,-3.7809,-3.6721,-3.4183,-3.0988,-2.8213,-2.5213,-2.3165,-2.285,-2.4134,-2.8195,-3.5701,-4.4076,-6.0045,-8.3172,-10.708,-15.021,-17.41,-13.825,-11.11,-8.6286,-7.0316,-6.273,-5.6928,-5.4933,-5.5935,-5.8174,-6.187,-6.5663,-6.7869,-6.9754,-6.9845,-6.8952,-6.6586,-6.3548,-5.9922,-5.7126,-5.3643,-5.1105,-5.0015,-5.008,-5.2373,-5.5734,-6.2058,-7.1176,-8.2084,-9.1386,-10.295,-11.232,-11.562,-11.597,-11.134,-10.523,-10.028,-9.4938,-9.1079,-8.9918,-9.0377,-9.382,-9.8047,-10.589,-11.414,-11.957,-11.848,-10.902,-9.4261,-8.3029,-6.9351,-5.8709,-5.2787,-4.7797,-4.5723,-4.667,-4.8789,-5.3964,-6.0428,-6.6116,-7.3243,-7.9152,-8.2382,-8.2642,-7.9484,-7.2592,-6.5402,-5.4319,-4.2824,-3.466,-2.4683,-1.607,-0.91095,-0.47846,-0.064688,0.19778,0.28142,0.27068,0.13152,-0.018838,-0.27213,-0.51502,-0.72408,-0.86344,-1.0605,-1.3223,-1.5908,-2.1007,-2.8182,-3.7639,-4.6003,-5.8269,-7.0794,-7.8874,-8.6587,-9.0726,-9.1862,-9.3316,-9.6295,-10.137,-10.681,-11.519,-12.259,-12.465,-12.174,-11.241,-10.347,-9.2146,-8.2303,-7.5235,-7.1582,-6.8939,-6.8733,-7.0098,-7.3987,-8.0025,-8.8172,-9.5688,-10.681,-11.84,-12.691,-13.565,-14.179,-14.379,-14.329,-13.82,-12.972,-12.184,-10.922,-9.7106,-8.8833,-7.9881,-7.351,-7.0952,-7.0371,-7.3286,-8.055,-8.9205,-10.62,-13.183,-16.032,-22.174,-48.823,-24.734
-3.569,-3.4185,-3.3027,-3.3386,-3.4531,-3.8164,-4.4636,-5.1623,-6.5406,-8.4154,-10.341,-10.479,-7.96,-4.6764,-2.5501,-0.25528,1.4949,2.5089,3.5069,4.1516,4.4633,4.486,4.2363,3.6691,3.0245,1.8634,0.32587,-1.069,-3.1387,-4.9784,-5.6523,-5.2132,-3.9847,-2.79,-2.0408,-1.3163,-0.84673,-0.57395,-0.45632,-0.40476,-0.40349,-0.40927,-0.42262,-0.42195,-0.40284,-0.36499,-0.37076,-0.42938,-0.55587,-0.83834,-1.2756,-1.729,-2.4824,-3.337,-3.9792,-4.6487,-4.9039,-4.7388,-4.3473,-3.7807,-3.2171,-2.911,-2.675,-2.6179,-2.7607,-2.9618,-3.3396,-3.8405,-4.2624,-4.8999,-5.5765,-6.0777,-6.652,-6.9417,-6.842,-6.5012,-5.8124,-5.1192,-4.6738,-4.2864,-4.2517,-4.4836,-5.1488,-6.3116,-8.0733,-9.9226,-13.349,-17.942,-19.711,-16.114,-12.478,-10.176,-8.9646,-7.9416,-7.4345,-7.3674,-7.6238,-8.4152,-9.3562,-11.423,-14.91,-22.816,-34.483,-16.405,-10.672,-7.933,-5.3567,-3.4927,-2.4541,-1.4215,-0.75263,-0.35313,-0.22113,-0.2166,-0.35818,-0.52945,-0.80244,-1.0941,-1.3527,-1.4753,-1.5764,-1.5851,-1.5262,-1.3661,-1.112,-0.88537,-0.49205,-0.021497,0.49012,0.92035,1.4548,1.969,2.2992,2.6608,2.9123,3.0379,3.1042,3.0821,2.9417,2.7512,2.3707,1.8207,1.2664,0.27259,-1.0254,-2.7654,-4.4187,-7.319,-11.228,-14.852,-17.01,-14.005,-12.033,-10.459,-9.9669,-10.367,-11.352,-13.812,-18.73,-26.434,-21.033,-13.762,-10.661,-7.8833,-5.9514,-4.6032,-3.9006,-3.2544,-2.9302,-2.8545,-2.9592,-3.2815,-3.8129,-4.3397,-5.2089,-6.2623,-7.2098,-8.6574,-10.383,-11.966,-14.436,-16.512,-15.785,-13.777,-11.037,-8.8394,-7.5735,-6.3236,-5.5587,-5.2309,-5.1151,-5.3533,-5.9403,-6.6034,-7.7785,-9.2642,-10.505,-12.108,-13.105,-13.256
-1.4434,-1.8161,-2.3898,-3.0042,-3.512,-4.2029,-4.989,-5.7455,-7.1241,-9.203,-11.655,-11.984,-8.7549,-4.9527,-2.6111,-0.17048,1.658,2.697,3.7154,4.3546,4.6594,4.6694,4.3831,3.7664,3.0401,1.6874,-0.26449,-2.2776,-6.1385,-12.602,-15.471,-9.9308,-5.4145,-2.8087,-1.5147,-0.38556,0.25223,0.53028,0.53343,0.36707,0.027353,-0.28837,-0.7074,-0.9951,-1.1306,-1.1059,-0.9615,-0.76411,-0.62726,-0.53759,-0.54462,-0.61504,-0.74934,-0.9283,-1.0476,-1.1494,-1.1764,-1.1207,-1.0627,-0.97413,-0.9448,-0.97667,-1.1277,-1.3965,-1.7753,-2.1267,-2.7311,-3.482,-4.1767,-5.3149,-6.872,-8.4393,-11.321,-14.895,-15.379,-12.586,-8.9939,-6.4648,-5.1429,-4.004,-3.427,-3.3173,-3.6281,-4.4026,-5.6809,-7.01,-9.1698,-11.277,-11.77,-10.765,-8.9365,-7.3966,-6.5695,-5.8695,-5.6194,-5.6446,-5.9825,-6.5766,-7.1517,-8.0559,-8.8585,-9.2312,-8.8865,-7.5163,-5.5607,-4.0365,-2.1573,-0.57406,0.40648,1.4478,2.2031,2.7138,2.9287,3.0812,3.0387,2.9375,2.6767,2.3347,1.897,1.5268,0.96252,0.34927,-0.15349,-0.87219,-1.5615,-1.9787,-2.2365,-2.0466,-1.3667,-0.67913,0.36427,1.3702,2.0573,2.8441,3.4934,3.8651,4.2365,4.4433,4.4735,4.3782,4.0809,3.562,3.0089,2.0343,0.74078,-0.90561,-2.4443,-4.8842,-7.781,-9.8233,-11.052,-10.093,-8.961,-7.8563,-7.2969,-7.3137,-7.6508,-8.4402,-9.3046,-9.5064,-8.87,-7.2693,-5.9067,-4.197,-2.8047,-1.7245,-1.0851,-0.47117,-0.083554,0.058813,0.091809,-0.070739,-0.40261,-0.76778,-1.4332,-2.3316,-3.1793,-4.6368,-6.5275,-8.3536,-11.468,-14.592,-14.028,-11.604,-8.6445,-6.542,-5.4351,-4.4415,-3.8823,-3.6794,-3.6889,-3.9507,-4.3591,-4.7536,-5.3409,-5.9134,-6.2861,-6.6827,-6.8752,-6.8284
-1.8116,-2.842,-4.4591,-6.1514,-7.1883,-7.7991,-7.5127,-7.0354,-6.3327,-5.6941,-4.9646,-4.2666,-3.1039,-1.745,-0.68716,0.62494,1.7471,2.4264,3.1222,3.5599,3.7453,3.7322,3.5246,3.0808,2.614,1.7908,0.79917,-0.026534,-1.1195,-1.9514,-2.1965,-1.972,-1.2918,-0.54054,-0.073543,0.32863,0.4382,0.21055,-0.19388,-1.0498,-2.2984,-3.4921,-5.2841,-6.8451,-7.2767,-6.6498,-5.3035,-4.0841,-3.3791,-2.7548,-2.4474,-2.3349,-2.273,-2.2046,-2.0988,-1.8979,-1.6543,-1.3949,-1.2899,-1.2262,-1.3794,-1.6094,-2.0731,-2.7179,-3.4446,-4.0238,-4.7312,-5.3495,-5.8098,-6.5424,-7.5427,-8.583,-10.378,-12.162,-12.08,-10.462,-7.8453,-5.6477,-4.3989,-3.2098,-2.4761,-2.1809,-2.0907,-2.2835,-2.701,-3.0726,-3.6222,-4.0276,-4.2382,-4.2682,-4.1867,-4.0275,-4.0225,-4.1595,-4.541,-5.0013,-5.8253,-6.7112,-7.3243,-7.6861,-7.4224,-6.4923,-5.5192,-4.0129,-2.4487,-1.3075,0.10673,1.3289,2.1092,2.9353,3.5397,3.9099,4.0669,4.0984,3.9685,3.7582,3.3607,2.8293,2.164,1.5393,0.56433,-0.6555,-1.7781,-3.6562,-6.177,-8.6031,-12.236,-12.278,-8.6349,-6.1512,-3.5883,-1.667,-0.52158,0.73803,1.7544,2.3881,3.0715,3.5588,3.8655,3.9649,3.9053,3.6129,3.2469,2.5787,1.681,0.61799,-0.25691,-1.4529,-2.5441,-3.2365,-3.8702,-4.157,-4.1859,-4.1015,-3.9811,-3.907,-3.8651,-3.8114,-3.7106,-3.5545,-3.1554,-2.6013,-2.114,-1.4111,-0.75955,-0.21333,0.153,0.5092,0.76476,0.88849,0.96104,0.94661,0.84143,0.69777,0.41224,0.0027458,-0.37973,-1.0416,-1.8141,-2.415,-3.1526,-3.6819,-3.7962,-3.689,-3.3778,-3.0767,-2.9234,-2.932,-3.1485,-3.4816,-4.0708,-4.7453,-5.4261,-5.8718,-6.3214,-6.5829,-6.6703,-6.5387,-6.2227,-5.666
-1.4276,-3.0958,-6.2649,-11.363,-18.966,-21.377,-11.81,-8.602,-5.9893,-4.2013,-2.8759,-2.0397,-1.0481,-0.10648,0.49655,1.2336,1.8363,2.1938,2.5185,2.6794,2.6709,2.5725,2.358,2.061,1.8378,1.5473,1.3136,1.1812,1.0658,1.0449,1.1171,1.2289,1.3867,1.5415,1.5749,1.478,1.1511,0.53856,-0.12751,-1.4422,-3.3206,-5.2613,-9.1691,-15.815,-19.659,-12.466,-8.1693,-5.9167,-5.0186,-4.5357,-4.7156,-5.1787,-5.9854,-6.3832,-6.1065,-5.0698,-3.8067,-2.7979,-2.2607,-1.9738,-2.1117,-2.5379,-3.5215,-5.0042,-6.9516,-8.4908,-9.8313,-9.6486,-8.796,-7.5904,-6.627,-6.1021,-5.5864,-5.117,-4.4899,-3.9071,-3.0298,-2.1631,-1.6007,-0.98487,-0.57886,-0.41791,-0.32743,-0.38712,-0.53301,-0.65295,-0.81957,-0.95478,-1.0583,-1.1463,-1.269,-1.4895,-1.7425,-2.3123,-3.2046,-4.2081,-6.0915,-8.9911,-12.256,-17.265,-13.374,-8.1781,-5.4346,-2.6906,-0.60728,0.6695,2.026,3.0788,3.6769,4.2606,4.5991,4.7176,4.6879,4.465,4.1048,3.7274,3.1366,2.4135,1.591,0.90823,-0.14307,-1.4064,-2.5226,-4.2973,-6.5221,-8.5186,-10.913,-11.132,-8.9976,-7.2692,-5.3223,-3.8232,-2.8537,-1.6907,-0.59306,0.24236,1.285,2.1896,2.8971,3.2609,3.5065,3.486,3.2969,2.8098,2.1338,1.2783,0.60178,-0.32395,-1.129,-1.6052,-2.0237,-2.2048,-2.2406,-2.1432,-2.0007,-1.8239,-1.7008,-1.5316,-1.3331,-1.1905,-0.93215,-0.65064,-0.42812,-0.15093,0.10188,0.31397,0.38921,0.45628,0.46578,0.48073,0.53089,0.66875,0.87817,1.0671,1.3249,1.5402,1.6451,1.7155,1.6801,1.5945,1.4416,1.2535,1.0181,0.82579,0.47293,-0.0064384,-0.49775,-1.3601,-2.5436,-3.6672,-5.4224,-7.4007,-9.2991,-10.289,-10.806,-10.732,-10.518,-10.073,-9.2247,-7.8471
1.8053,0.68422,-1.008,-2.7251,-3.7576,-4.3621,-4.0668,-3.5187,-2.6924,-1.8915,-1.1877,-0.71466,-0.11026,0.41071,0.791,1.2035,1.4946,1.6212,1.6177,1.4178,1.038,0.64112,0.020163,-0.49047,-0.73336,-0.67932,-0.28651,0.17033,0.86688,1.5427,2.1086,2.4485,2.7478,2.8677,2.8453,2.6479,2.2527,1.6779,1.1282,0.25673,-0.75749,-1.5907,-2.6359,-3.4538,-3.6661,-3.4921,-2.9647,-2.574,-2.5477,-3.0883,-4.4619,-6.3397,-10.937,-25.043,-17.257,-8.4883,-4.5885,-2.4423,-1.4927,-0.94591,-1.0376,-1.5399,-2.8235,-4.928,-8.2232,-11.993,-18.643,-14.133,-10.183,-6.8413,-4.6749,-3.4963,-2.292,-1.3301,-0.56999,-0.074849,0.46429,0.8741,1.0864,1.2169,1.1879,1.0698,0.80588,0.49812,0.2351,0.073439,0.025708,0.086741,0.24329,0.42348,0.60007,0.62448,0.55465,0.25513,-0.33758,-0.96958,-2.1879,-3.7435,-4.9585,-5.7727,-4.8066,-2.6464,-0.9697,0.99369,2.5791,3.5147,4.5043,5.1825,5.5065,5.7065,5.6556,5.3842,5.0176,4.3935,3.5956,2.9505,2.027,1.1089,0.22436,-0.38668,-1.1805,-1.9212,-2.4737,-3.2036,-3.8977,-4.3028,-4.7466,-4.9454,-4.97,-5.0397,-5.2074,-5.6735,-6.0536,-6.0775,-4.8083,-3.2614,-1.0445,0.85762,2.2686,3.0066,3.5994,3.7719,3.6328,3.1127,2.2347,1.0336,-0.059252,-1.5944,-3.0051,-3.6681,-3.8426,-3.3801,-2.8496,-2.1747,-1.6295,-1.2544,-1.081,-0.94518,-0.8546,-0.75852,-0.6464,-0.46818,-0.31274,-0.1489,-0.066285,-0.12808,-0.32706,-0.76012,-1.3818,-1.8787,-2.2887,-2.0959,-1.2034,-0.26104,1.0412,2.1983,2.9092,3.6633,4.1897,4.4429,4.6105,4.6129,4.424,4.1761,3.6695,2.9303,2.1793,0.87955,-0.8973,-2.6065,-5.7018,-10.32,-18.774,-50.028,-18.58,-15.076,-14.802,-17.343,-22.324,-14.888
5.1516,4.5045,3.5612,2.5568,1.85,0.96019,0.20856,-0.28977,-0.82427,-1.2674,-1.522,-1.5607,-1.4135,-1.1202,-0.8013,-0.41296,-0.12637,-0.051925,-0.17239,-0.65905,-1.5883,-2.66,-4.7462,-7.6008,-9.661,-9.1677,-5.8441,-3.547,-1.1662,0.5477,1.766,2.3913,2.943,3.1345,3.0944,2.8042,2.3008,1.6598,1.146,0.61427,0.29391,0.23123,0.38825,0.67829,0.97555,1.3772,1.6732,1.8271,1.7885,1.462,0.79911,0.14647,-0.76582,-1.2699,-1.1361,-0.33539,0.677,1.5138,1.9002,2.1181,1.9024,1.5079,0.66488,-0.44047,-1.6883,-2.5613,-3.3062,-3.3799,-3.0459,-2.2701,-1.3644,-0.68048,0.19989,1.0051,1.6844,2.0904,2.469,2.6226,2.586,2.2857,1.6966,1.0729,-0.028142,-1.2946,-2.4634,-2.9858,-2.9106,-2.0659,-1.2134,-0.10611,0.84211,1.6055,2.0093,2.3912,2.5801,2.6267,2.6081,2.5558,2.5871,2.772,3.2085,3.8509,4.4139,5.1732,5.86,6.2744,6.6593,6.8291,6.8094,6.5489,6.0218,5.1938,4.3726,3.0355,1.4158,0.095607,-1.6716,-3.1167,-4.0935,-4.5694,-4.8632,-4.9414,-4.8708,-4.6164,-4.1785,-3.8151,-3.3816,-3.1032,-3.1845,-3.4853,-4.5555,-6.7253,-9.76,-17.326,-11.661,-6.2628,-1.928,0.89602,2.7149,3.6187,4.3177,4.4887,4.2964,3.6341,2.4167,0.59009,-1.3252,-5.0372,-11.415,-20.758,-12.796,-7.1744,-4.8942,-3.135,-2.2237,-1.9418,-2.0095,-2.3921,-2.9551,-3.2877,-3.4216,-3.0613,-2.577,-1.8736,-1.3972,-1.3473,-1.5829,-2.5394,-4.4131,-6.8771,-13.138,-16.621,-7.2572,-3.3948,2.815e-05,2.3075,3.6048,4.8703,5.7535,6.2151,6.588,6.7168,6.6525,6.4569,6.035,5.4001,4.7754,3.7194,2.3934,1.2061,-0.65834,-2.6932,-4.6308,-5.6776,-6.3725,-6.6418,-6.8928,-7.2119,-6.9364,-5.2165
6.7764,6.2806,5.4581,4.4752,3.6029,2.2859,0.72046,-0.62026,-2.651,-4.8344,-6.7368,-7.4629,-7.2384,-6.057,-5.1939,-4.0819,-3.2083,-2.7568,-2.4432,-2.5445,-3.1909,-4.0461,-5.7735,-8.1978,-9.7963,-9.1976,-6.3367,-4.1478,-1.7836,-0.036062,1.2392,1.9084,2.4402,2.5979,2.4227,1.7903,0.65917,-1.0173,-2.5487,-4.3741,-4.3291,-2.9158,-0.67738,1.3282,2.4968,3.7504,4.6354,5.2282,5.5016,5.6932,5.7013,5.6307,5.5114,5.4095,5.3734,5.3794,5.4043,5.3848,5.3013,5.0681,4.6645,4.2513,3.5674,2.7469,1.8463,1.1818,0.31,-0.43037,-0.83128,-1.0619,-0.89967,-0.49279,0.32938,1.2331,2.1072,2.6232,3.0954,3.247,3.1144,2.5951,1.5965,0.46475,-1.7272,-5.0569,-10.952,-21.024,-14.408,-7.3034,-4.5175,-1.9652,-0.20117,1.1917,2.0313,2.9711,3.7533,4.222,4.778,5.2435,5.5537,5.9315,6.3023,6.65,6.8944,7.1734,7.3709,7.4647,7.4473,7.269,6.995,6.4141,5.5322,4.2699,3.0623,0.89358,-2.0118,-4.8828,-10.107,-16.245,-15.215,-13.124,-12.065,-12.343,-12.365,-10.645,-7.7601,-5.8095,-3.6615,-2.1797,-1.2276,-0.81577,-0.64862,-0.71975,-0.7818,-0.57912,0.21155,1.1055,2.493,3.7485,4.7182,5.229,5.5902,5.5872,5.3542,4.7077,3.7113,2.3309,1.0594,-0.8568,-2.7363,-3.6317,-3.7167,-2.9418,-2.3799,-1.8285,-1.788,-2.3174,-3.1661,-5.0557,-8.2252,-11.979,-15.94,-10.837,-7.515,-4.5709,-2.82,-1.8542,-1.5615,-1.6663,-2.2378,-2.8569,-3.5084,-3.1749,-1.5898,-0.05675,1.9256,3.6113,4.631,5.7217,6.4925,6.9003,7.2429,7.3706,7.3259,7.1849,6.8857,6.4841,6.137,5.6066,5.0247,4.5506,3.912,3.27,2.7252,2.3945,2.0885,1.9473,1.9366,2.1039,2.4877,3.0786
6.8695,6.511,5.8362,4.9151,4.0026,2.4726,0.42767,-1.4994,-4.8907,-9.7349,-18.191,-26.078,-16.689,-12.609,-10.761,-8.7717,-6.9904,-5.8124,-4.5663,-3.7343,-3.3895,-3.3786,-3.507,-3.7175,-3.8077,-3.5801,-2.97,-2.2972,-1.2445,-0.16797,0.81231,1.4394,1.9869,2.2429,2.144,1.5743,0.37515,-1.6626,-4.0241,-8.1289,-7.9007,-4.2605,-0.26325,2.5469,4.1002,5.6794,6.8409,7.6557,8.0818,8.4576,8.6574,8.7012,8.6631,8.5214,8.3715,8.1027,7.775,7.3791,7.0479,6.5216,5.942,5.4404,4.6856,3.7875,2.7355,1.8024,0.25932,-1.7068,-3.5224,-6.2201,-7.3474,-5.8993,-2.9346,-0.43307,1.4245,2.4127,3.2793,3.687,3.6913,3.3309,2.5339,1.6444,0.10537,-1.7392,-3.5995,-4.645,-5.0033,-4.4303,-3.7606,-2.6919,-1.6004,-0.36463,0.6257,1.9104,3.1229,3.8995,4.7939,5.5141,5.9283,6.3601,6.6537,6.8352,6.9112,6.9422,6.8987,6.8342,6.6785,6.4231,6.1304,5.585,4.7924,3.7016,2.6455,0.815,-1.55,-3.6898,-6.9766,-9.6468,-10.71,-10.853,-11.688,-14.041,-15.991,-13.207,-8.0178,-5.1116,-2.2013,-0.17788,1.3376,2.1468,2.9916,3.637,4.0316,4.5325,5.042,5.4081,5.9081,6.3,6.5853,6.6965,6.6693,6.4613,6.1837,5.641,4.9643,4.1635,3.5137,2.6941,1.9677,1.5229,1.092,0.83121,0.64233,0.36709,-0.12176,-0.91081,-1.7791,-3.3061,-5.2133,-6.651,-7.5141,-6.4975,-5.1474,-3.371,-2.0165,-0.95657,-0.43138,0.15142,0.54898,0.84848,1.283,1.8259,2.5471,3.162,4.0097,4.8195,5.3209,5.908,6.3199,6.5037,6.6033,6.5288,6.2832,6.0454,5.6654,5.3322,5.1779,5.1188,5.2358,5.3984,5.6691,5.9292,6.183,6.3457,6.5381,6.7042,6.8244,6.9686,7.1158,7.2242
5.9687,5.9669,5.7562,5.2437,4.6531,3.5112,1.9733,0.54224,-1.7426,-4.4289,-7.2064,-9.2435,-12.013,-15.94,-19.214,-16.439,-10.894,-8.0173,-5.4885,-3.9218,-3.0321,-2.7478,-2.7685,-3.0915,-3.4428,-3.9831,-4.1851,-4.0006,-3.1674,-1.8403,-0.41122,0.5945,1.7106,2.4823,2.8529,3.0926,3.0625,2.8558,2.7186,2.7184,3.1781,3.8544,5.018,6.2628,7.1505,8.1571,8.9852,9.6092,9.954,10.234,10.342,10.317,10.138,9.8194,9.4894,8.9457,8.2932,7.5632,6.9877,6.2183,5.492,4.9834,4.3328,3.6551,2.8564,2.0873,0.79006,-1.0894,-2.9846,-6.0369,-7.5423,-5.6498,-2.2181,0.50634,2.4364,3.4798,4.3883,4.8601,4.9613,4.7761,4.2781,3.7068,2.7784,1.6291,0.34704,-0.59832,-1.9924,-3.5032,-4.7961,-6.3472,-6.6905,-4.9805,-3.0221,-0.53798,1.4754,2.6899,3.9216,4.7759,5.1907,5.4995,5.5386,5.3805,5.1608,4.83,4.5277,4.3461,4.2534,4.2431,4.2288,4.1685,3.9412,3.5094,3.0241,2.226,1.2813,0.47444,-0.53778,-1.426,-2.1265,-2.459,-2.7748,-2.8041,-2.5408,-1.6813,-0.41789,0.6181,2.0357,3.3139,4.3787,5.0449,5.7996,6.3829,6.7237,7.0825,7.3417,7.486,7.5728,7.546,7.4104,7.2192,6.8671,6.4063,6.0031,5.4324,4.7995,4.1874,3.7468,3.203,2.7758,2.5016,2.2411,2.0159,1.9092,1.6963,1.4081,1.0134,0.63005,0.014556,-0.57078,-1.0092,-1.3638,-1.4958,-1.4358,-1.2027,-0.82085,-0.32829,0.070367,0.69716,1.3456,1.8242,2.4365,3.0177,3.5389,3.8818,4.2852,4.6141,4.836,5.0274,5.1565,5.1601,4.9933,4.5986,3.8926,3.1663,1.9247,0.69671,0.21211,0.77087,2.3527,3.7014,5.3087,6.6302,7.6431,8.2314,8.8253,9.2323,9.438,9.5635,9.5418,9.3627
3.3816,4.1559,4.814,5.0449,4.9605,4.5331,3.7679,2.974,1.6617,0.12611,-1.6562,-3.1353,-5.2553,-7.4404,-8.4143,-7.9879,-6.1916,-4.7587,-3.2855,-2.3289,-1.9335,-1.9701,-2.5599,-3.789,-5.2104,-8.2314,-13.52,-17.613,-11.563,-6.2764,-2.9002,-1.0849,0.7729,2.1141,2.9104,3.7253,4.3578,4.8734,5.2482,5.7533,6.3151,6.7728,7.4195,8.0952,8.5737,9.1634,9.6403,9.9971,10.172,10.279,10.215,10.057,9.6809,9.1125,8.5429,7.5956,6.4169,5.0544,3.9339,2.5338,1.4553,1.0552,1.034,1.3502,1.6513,1.7837,1.7932,1.6589,1.5155,1.4198,1.6303,2.0456,2.8568,3.7556,4.5724,5.0773,5.5426,5.7394,5.728,5.4953,5.047,4.5771,3.7648,2.7664,1.57,0.52993,-1.195,-3.4673,-5.7139,-10.003,-13.244,-8.7281,-5.2384,-1.9497,0.32718,1.5715,2.7066,3.3672,3.5953,3.5027,3.0003,2.0599,1.0826,-0.49736,-1.9705,-2.5132,-2.0866,-0.89293,0.051522,1.0207,1.6551,1.9676,2.061,2.0349,1.9222,1.82,1.7031,1.6252,1.6475,1.6925,1.8812,2.183,2.4802,2.9825,3.5745,4.0572,4.7044,5.3357,5.889,6.2763,6.6847,7.0063,7.1913,7.335,7.3554,7.2905,7.0563,6.6918,6.1449,5.6355,4.8576,3.9854,3.3115,2.4527,1.68,1.001,0.58334,0.10558,-0.2102,-0.27828,-0.17412,0.10485,0.37374,0.70027,0.94886,1.0508,1.0248,0.83173,0.46466,0.10402,-0.5195,-1.2641,-1.8773,-2.7157,-3.2849,-3.396,-2.9218,-1.9649,-0.76534,0.052388,0.97605,1.6403,2.0139,2.1286,2.0975,1.9293,1.8313,1.7606,1.8432,1.9843,2.0967,1.9276,1.2807,0.25599,-2.1473,-6.89,-14.053,-8.3626,-1.4186,1.675,4.5143,6.4939,7.8931,8.6699,9.4186,9.8966,10.095,10.178,10.043,9.7045
-0.092348,1.315,2.5693,3.3228,3.6052,3.7013,3.499,3.1938,2.6179,1.8852,1.0513,0.41259,-0.41801,-1.0463,-1.3838,-1.5784,-1.524,-1.4136,-1.2648,-1.25,-1.4773,-1.8413,-2.6083,-3.7437,-4.8853,-6.6333,-8.2685,-8.7716,-7.9144,-6.0084,-4.0759,-2.7921,-1.3994,-0.22232,0.53851,1.4027,2.1579,2.849,3.3165,3.9345,4.5232,4.9418,5.4758,5.9471,6.2646,6.6415,6.9301,7.1232,7.1904,7.1848,7.0376,6.813,6.3542,5.6486,4.9387,3.6728,1.9634,-0.38296,-2.7402,-7.2843,-14.112,-13.856,-7.9115,-4.3707,-2.1865,-1.0369,0.031256,0.83513,1.3228,1.8773,2.4089,2.7839,3.2672,3.7122,4.0512,4.2059,4.2817,4.1775,3.9709,3.5527,2.97,2.4615,1.6807,0.86298,0.01321,-0.68866,-1.5986,-2.4901,-3.1512,-3.7065,-3.8086,-3.3407,-2.7093,-1.6994,-0.76555,-0.18231,0.35165,0.58776,0.53327,0.11146,-0.76719,-2.2717,-3.967,-7.4919,-13.969,-21.9,-12.707,-7.5056,-5.3473,-3.6059,-2.6632,-2.1915,-1.9939,-1.8277,-1.6032,-1.2948,-0.79119,-0.18151,0.44831,0.8868,1.4419,1.9279,2.2556,2.6219,2.9358,3.1595,3.3929,3.582,3.7558,3.8582,3.9708,4.0665,4.1179,4.1309,4.0376,3.8489,3.4421,2.7639,1.7832,0.83508,-0.7402,-2.541,-3.9118,-5.5136,-6.4649,-7.0522,-7.5313,-8.3005,-9.1666,-9.3385,-8.4575,-6.612,-5.2648,-3.6766,-2.5369,-1.8227,-1.5374,-1.4457,-1.7329,-2.1359,-3.0582,-4.4597,-5.9786,-8.9363,-13.94,-19.691,-14.683,-9.0517,-5.7303,-4.0706,-2.6557,-1.9495,-1.8602,-2.1893,-3.2025,-4.8664,-6.48,-7.8628,-6.8876,-5.17,-3.0356,-1.5768,-0.76784,-0.54324,-0.5274,-0.57684,-0.40532,0.40768,1.7661,2.8991,4.3454,5.5532,6.5039,7.0509,7.5704,7.8723,7.9639,7.9331,7.7253,7.3331
-0.34207,0.4077,1.2406,1.8566,2.1777,2.4243,2.4983,2.4575,2.2934,2.0195,1.6928,1.4194,1.0521,0.72552,0.49099,0.22493,-0.015649,-0.20123,-0.47046,-0.83087,-1.2891,-1.7254,-2.3929,-3.1607,-3.7758,-4.5364,-5.142,-5.4339,-5.5409,-5.3752,-5.0191,-4.7035,-4.1881,-3.6288,-3.221,-2.5958,-1.9434,-1.2595,-0.7454,-0.092492,0.52546,0.9498,1.4508,1.8485,2.0962,2.3288,2.503,2.6157,2.6715,2.6813,2.6266,2.5112,2.225,1.7421,1.2179,0.26082,-1.0345,-2.7547,-4.2896,-6.4993,-8.211,-8.4022,-7.3155,-5.7245,-4.2544,-3.3225,-2.2482,-1.3359,-0.71557,0.047309,0.71833,1.1594,1.6406,1.9816,2.1613,2.1642,1.9803,1.5854,1.1403,0.36473,-0.59374,-1.3739,-2.3717,-3.2109,-3.7669,-3.9944,-4.0781,-4.0359,-3.9487,-3.818,-3.5953,-3.3273,-3.1112,-2.8056,-2.5415,-2.3903,-2.2317,-2.2039,-2.2979,-2.558,-3.0559,-3.8,-4.5253,-5.6058,-6.5461,-6.9046,-6.8203,-6.33,-5.9841,-5.8145,-6.1226,-6.9574,-7.9147,-9.1413,-9.2391,-8.232,-6.1978,-4.2349,-2.6916,-1.7679,-0.87026,-0.26872,0.024255,0.2363,0.27513,0.20077,0.012168,-0.26557,-0.56984,-0.79916,-0.97735,-1.0124,-0.94669,-0.75976,-0.58207,-0.54876,-0.73096,-1.3282,-2.4214,-3.6899,-6.1623,-10.009,-14.54,-25.721,-19.898,-15.41,-14.532,-15.488,-19.514,-25.778,-19.139,-12.653,-9.7031,-7.124,-5.5013,-4.5045,-4.0938,-3.891,-4.002,-4.3058,-4.9431,-5.9031,-6.83,-8.35,-9.8682,-10.474,-9.743,-8.0303,-6.2583,-5.2047,-4.2523,-3.8344,-3.9761,-4.4945,-5.8253,-8.1132,-10.703,-13.851,-11.538,-8.3521,-5.1143,-2.8479,-1.304,-0.42162,0.45326,1.1403,1.6182,2.2316,2.841,3.2846,3.8172,4.252,4.5693,4.7225,4.8156,4.794,4.7186,4.5287,4.2591,3.8884
0.073199,0.35799,0.77303,1.1471,1.3991,1.652,1.8222,1.8858,1.8984,1.857,1.7666,1.6764,1.5482,1.3713,1.2393,1.0305,0.76847,0.53687,0.14497,-0.33224,-0.8945,-1.3724,-2.0827,-2.8613,-3.4423,-4.2277,-4.9827,-5.5015,-6.1328,-6.7208,-7.246,-7.5961,-7.915,-8.0673,-8.0093,-7.6594,-7.0032,-6.1534,-5.422,-4.4805,-3.6491,-3.1251,-2.6179,-2.2843,-2.18,-2.1844,-2.2683,-2.3199,-2.269,-2.0782,-1.7823,-1.5342,-1.2904,-1.1771,-1.2309,-1.4824,-1.96,-2.6013,-3.1574,-3.9141,-4.5403,-4.8964,-5.1731,-5.2412,-5.121,-4.9175,-4.4091,-3.6642,-2.984,-1.996,-1.0525,-0.41642,0.27182,0.71504,0.90475,0.87262,0.54916,-0.11476,-0.84819,-2.2099,-4.0207,-5.7419,-8.3896,-10.709,-10.958,-9.7477,-7.953,-6.5172,-5.6851,-4.9763,-4.555,-4.3637,-4.3372,-4.4443,-4.5928,-4.7051,-4.7738,-4.7134,-4.5754,-4.3473,-4.1518,-4.0181,-3.9609,-3.9406,-3.979,-3.9912,-4.0592,-4.2152,-4.4444,-5.0513,-6.1685,-8.1427,-10.429,-15.574,-18.829,-13.743,-8.6964,-5.6588,-3.701,-2.708,-1.8972,-1.5139,-1.4764,-1.6766,-2.1367,-2.6468,-3.4837,-4.5085,-5.7819,-6.8073,-8.0635,-8.4677,-7.8484,-6.2831,-4.6787,-3.7105,-2.9323,-2.6819,-3.0295,-3.6625,-5.0014,-6.844,-8.3351,-9.9265,-10.402,-10.09,-9.8279,-9.7319,-9.7039,-9.5238,-8.8528,-7.7204,-6.8643,-5.8805,-5.2018,-4.8596,-4.7719,-4.863,-5.0472,-5.2397,-5.4445,-5.5919,-5.6466,-5.6451,-5.5481,-5.2509,-4.9249,-4.3386,-3.7416,-3.3448,-2.9445,-2.7566,-2.7989,-2.9767,-3.3563,-3.7795,-4.0156,-3.9891,-3.4805,-2.8191,-1.7179,-0.5944,0.4288,1.0893,1.8264,2.4043,2.7454,3.0811,3.2885,3.361,3.3342,3.1738,2.8738,2.5697,2.1027,1.6246,1.3013,0.94467,0.66722,0.43781
-0.44022,-0.24697,0.1321,0.56376,0.85943,1.1833,1.3916,1.4824,1.547,1.589,1.6263,1.6742,1.7446,1.8011,1.8208,1.7695,1.6122,1.4076,1.0046,0.4551,-0.25272,-0.86435,-1.7938,-2.7866,-3.5578,-4.6106,-5.6473,-6.4488,-7.5816,-8.8297,-10.267,-11.451,-13.249,-14.917,-15.577,-15.464,-14.031,-11.986,-10.434,-8.4708,-6.9358,-6.0855,-5.4087,-5.2692,-5.5412,-6.3285,-7.6105,-8.8849,-9.2453,-8.3136,-6.6019,-5.3421,-3.9544,-2.9637,-2.4445,-2.0272,-1.8763,-1.9362,-2.1218,-2.5503,-3.1598,-3.7472,-4.7344,-6.0223,-7.5939,-8.7064,-9.2771,-7.9713,-6.2862,-4.0273,-2.1322,-1.0056,0.12599,0.87397,1.2346,1.2661,0.99271,0.32069,-0.46913,-1.9506,-4.0308,-6.1551,-9.9805,-14.808,-14.422,-11.346,-8.1704,-6.167,-5.2067,-4.4431,-4.2352,-4.4785,-4.9419,-5.9173,-7.2051,-8.1872,-9.065,-8.7518,-7.8327,-6.3673,-4.9833,-3.8634,-3.1828,-2.4667,-1.9212,-1.6281,-1.3432,-1.219,-1.2448,-1.4601,-1.8942,-2.4924,-2.9877,-3.4707,-3.4839,-3.1331,-2.3096,-1.4495,-0.78116,-0.50101,-0.4368,-0.75593,-1.246,-2.2304,-3.5164,-4.5827,-6.0978,-7.6237,-9.4346,-11.324,-16.002,-24.055,-16.163,-9.2181,-5.2939,-3.3574,-1.5951,-0.53019,-0.027025,0.069854,-0.10796,-0.50484,-0.87181,-1.3223,-1.703,-1.9567,-2.0779,-2.1933,-2.2553,-2.2678,-2.2448,-2.2337,-2.2619,-2.4352,-2.8291,-3.5216,-4.231,-5.3685,-6.5242,-7.0386,-6.9723,-6.1023,-5.247,-4.1018,-3.0968,-2.2732,-1.7973,-1.2514,-0.86223,-0.65114,-0.48152,-0.41638,-0.42368,-0.44519,-0.46118,-0.39954,-0.24738,0.054416,0.54145,0.98499,1.6533,2.3319,2.9865,3.4071,3.8777,4.2099,4.3448,4.382,4.2327,3.9851,3.4642,2.69,1.6383,0.66589,-0.84019,-2.4046,-3.3828,-3.9378,-3.6712,-3.0836
-3.5196,-2.5931,-1.1704,0.0063857,0.60023,1.0554,1.155,1.0722,0.85645,0.6708,0.722,0.95179,1.4366,2.0297,2.3983,2.7447,2.8636,2.7719,2.4227,1.781,0.83336,-0.063026,-1.4768,-3.0386,-4.2398,-5.6989,-6.8728,-7.6183,-8.6236,-9.9291,-11.884,-13.934,-18.101,-24.424,-33.431,-33.808,-23.692,-17.45,-13.726,-10.097,-7.4671,-6.1531,-5.0991,-4.9478,-5.3901,-6.9248,-9.8813,-15.582,-20.765,-13.76,-8.7471,-6.4402,-4.3526,-2.9444,-2.1464,-1.3547,-0.78201,-0.46393,-0.38302,-0.49972,-0.9633,-1.5521,-2.7751,-4.7014,-7.721,-11.244,-16.468,-10.89,-6.8154,-3.1467,-0.63573,0.74787,2.0818,2.9686,3.4592,3.5802,3.4586,3.0262,2.5047,1.5944,0.45322,-0.45112,-1.6028,-2.4451,-2.7379,-2.5909,-2.1365,-1.6372,-1.3895,-1.259,-1.4998,-2.2024,-3.1187,-4.9832,-8.0318,-11.847,-23.348,-16.474,-10.818,-6.708,-4.2289,-2.5026,-1.5117,-0.43441,0.49387,1.1045,1.8364,2.4613,2.8413,3.2383,3.5102,3.6957,3.7671,3.8749,3.9893,4.0813,4.1852,4.2152,4.0745,3.8046,3.1825,2.1454,1.0423,-1.0005,-3.8647,-6.7114,-10.837,-11.54,-9.0003,-7.493,-5.9908,-4.4869,-3.1253,-1.0756,0.91475,2.2336,3.666,4.7002,5.3953,5.7075,5.9041,5.9036,5.8044,5.5924,5.3342,5.0394,4.8095,4.5149,4.2099,3.9772,3.646,3.2247,2.8356,2.134,1.1273,-0.33116,-1.8773,-4.8992,-10.304,-19.691,-14.986,-7.0843,-4.0697,-1.484,0.18385,1.2698,1.8255,2.2419,2.4114,2.392,2.2152,1.9355,1.6352,1.4563,1.3596,1.4866,1.7408,2.2793,2.9759,3.5575,4.3245,5.0464,5.6591,6.0414,6.3972,6.5758,6.5864,6.419,6.0312,5.58,4.7449,3.5751,1.9898,0.40149,-2.559,-7.3874,-14.358,-18.653,-8.353,-4.6012
-8.6869,-4.2555,-0.89889,0.87029,1.5315,1.6965,1.1376,0.2156,-1.7143,-4.1163,-4.9949,-3.5686,-0.8096,1.4072,2.628,3.7179,4.2706,4.378,4.1188,3.4059,2.2249,0.96321,-1.2781,-4.4333,-7.5334,-11.918,-12.413,-10.549,-8.8446,-8.4631,-9.2241,-10.408,-12.992,-16.742,-20.156,-25.406,-20.559,-13.784,-10.095,-6.3283,-3.7219,-2.3845,-1.2515,-0.75554,-0.77803,-1.328,-2.1909,-3.0771,-3.5655,-3.6843,-3.4783,-3.2536,-2.9179,-2.46,-1.9427,-0.99724,0.041928,0.95464,1.4816,1.9164,2.0219,1.8688,1.4037,0.7305,-0.010324,-0.4393,-0.52964,0.074836,0.90176,2.1885,3.4713,4.3163,5.2561,5.9102,6.3057,6.4262,6.3444,6.0266,5.6569,5.0116,4.2723,3.7296,3.0663,2.6109,2.377,2.3565,2.451,2.6056,2.6901,2.6591,2.446,1.961,1.3925,0.3508,-0.93905,-1.8681,-2.7863,-2.8889,-2.4874,-1.7585,-1.0431,-0.44688,-0.011121,0.74168,1.7488,2.6867,3.9999,5.2785,6.1539,7.1499,7.9549,8.5602,8.9162,9.2443,9.4403,9.5122,9.4772,9.2944,8.9305,8.528,7.7508,6.659,5.5918,3.7685,1.3373,-0.84301,-3.5688,-3.6603,-1.3361,0.51225,2.6221,4.3679,5.5355,6.9491,8.1985,9.027,9.958,10.668,11.167,11.401,11.546,11.513,11.393,11.111,10.738,10.299,9.9418,9.4545,8.9794,8.6405,8.2018,7.7711,7.4137,6.8469,6.1123,5.157,4.262,2.8929,1.5455,0.94243,1.0717,2.1187,3.0945,4.2847,5.1578,5.6833,5.866,5.7991,5.4205,4.9308,4.0257,2.8543,1.5049,0.50634,-0.42515,-0.41243,0.24436,1.7011,3.2733,4.3911,5.7089,6.7949,7.6194,8.0736,8.4518,8.5702,8.5047,8.2022,7.6807,7.17,6.33,5.3584,4.2327,3.2792,1.8821,0.48209,-0.3164,-0.5082,0.26838,1.3415
1.0465,1.2427,1.6844,1.9995,2.0373,1.6591,0.71321,-0.49752,-2.9134,-6.21,-7.7156,-5.6147,-2.1752,0.29155,1.6138,2.7749,3.3969,3.5626,3.4007,2.82,1.8362,0.75288,-1.1348,-3.6814,-6.0468,-8.8443,-9.1142,-7.8692,-6.2128,-5.2957,-5.0023,-5.0963,-5.5491,-6.1153,-6.4372,-6.3705,-5.5109,-4.0528,-2.788,-1.1601,0.22719,1.0605,1.8067,2.2097,2.2695,2.0515,1.5559,0.84251,0.13827,-1.0336,-2.6033,-4.2273,-7.228,-10.64,-10.473,-6.5922,-3.2114,-0.88138,0.31299,1.3606,1.9351,2.1015,2.0983,1.9354,1.7179,1.6075,1.6451,1.9194,2.2993,2.9684,3.7286,4.2799,4.9477,5.4319,5.7076,5.7682,5.5993,5.1629,4.6695,3.7897,2.747,1.9495,0.9785,0.42456,0.41197,0.68529,1.2857,1.9454,2.3996,2.8144,3.0429,3.0611,2.9446,2.6261,2.1868,1.8319,1.3052,0.75647,0.30631,-0.50481,-1.6504,-3.4043,-5.0674,-6.4962,-4.4867,-1.8031,1.4662,4.0138,5.5366,7.1317,8.34,9.22,9.7171,10.152,10.388,10.451,10.391,10.182,9.8467,9.5254,8.9964,8.376,7.861,7.1391,6.4305,6.0235,5.7341,5.8542,6.4083,7.026,7.9824,8.9679,9.6813,10.568,11.354,11.858,12.408,12.804,13.034,13.097,13.03,12.789,12.5,11.965,11.275,10.466,9.8034,8.9075,8.1161,7.6651,7.2927,7.2148,7.256,7.3493,7.3945,7.3488,7.2468,7.0545,6.8687,6.8017,6.8187,6.958,7.085,7.2206,7.2464,7.0701,6.7778,6.1387,5.1583,4.1641,2.4431,0.15413,-3.0608,-6.5515,-15.374,-17.669,-9.0305,-3.7279,-0.3877,1.4984,3.4728,4.934,5.9901,6.5168,6.9099,6.9363,6.7267,6.1482,5.2765,4.5122,3.4556,2.6283,2.2005,2.1948,2.4481,2.8651,3.2295,3.7865,4.3882,4.9665
1.8534,1.6866,1.5473,1.4205,1.3115,1.0294,0.57166,0.15918,-0.44318,-0.93981,-1.0783,-0.92787,-0.47658,0.1212,0.50955,0.89142,1.0854,1.1066,0.98901,0.70004,0.24907,-0.17484,-0.84691,-1.5563,-2.0419,-2.4754,-2.6159,-2.4954,-2.2073,-1.8391,-1.5236,-1.3779,-1.1666,-0.96811,-0.78871,-0.42553,0.088389,0.72408,1.2628,1.9306,2.521,2.8847,3.2025,3.3094,3.2352,2.9654,2.4325,1.6561,0.91321,-0.38515,-2.0725,-3.6803,-6.2129,-8.4412,-8.4799,-6.346,-3.9599,-2.1242,-1.1685,-0.35964,-0.016686,-0.014471,-0.31063,-0.88594,-1.5878,-2.1022,-2.5526,-2.4932,-2.0871,-1.2031,-0.15092,0.62753,1.5,2.1629,2.5397,2.6168,2.4273,1.8439,1.1221,-0.27956,-2.33,-4.4465,-8.1857,-11.621,-9.5877,-6.8407,-3.981,-2.0018,-0.90662,0.139,0.8198,1.2377,1.424,1.4957,1.4212,1.2486,0.91363,0.39082,-0.16952,-1.1818,-2.6357,-4.7574,-6.8254,-8.8753,-6.6948,-3.753,-0.36567,2.2272,3.7367,5.3351,6.5039,7.3366,7.7651,8.099,8.1984,8.1399,7.9208,7.5788,7.1873,6.8872,6.5557,6.3359,6.2523,6.2528,6.3956,6.5777,6.9265,7.3814,7.9248,8.3825,9.0061,9.6291,10.077,10.609,11.062,11.333,11.596,11.739,11.734,11.637,11.362,10.905,10.425,9.5864,8.4643,7.0112,5.6664,3.5258,1.1808,-0.17142,-0.25406,1.2743,2.6223,4.1607,5.3099,6.0945,6.5068,6.8636,7.0716,7.1399,7.167,7.1093,7.016,6.7788,6.4136,5.8804,5.3117,4.3528,3.0915,1.9267,0.055429,-2.2038,-4.7379,-6.6538,-8.6014,-9.0334,-8.2421,-6.1123,-3.7432,-2.0311,-0.07929,1.4714,2.5867,3.135,3.4804,3.3809,2.9701,1.9476,0.27181,-1.5588,-4.9865,-9.0281,-8.1711,-5.0826,-1.7581,0.57962,1.8893,3.2208,4.227,4.9827
0.23001,0.15114,0.23144,0.41351,0.52532,0.6467,0.68379,0.66006,0.5616,0.4345,0.28268,0.16918,0.024181,-0.1665,-0.35522,-0.64983,-0.97823,-1.2061,-1.4105,-1.4565,-1.3823,-1.2279,-1.0019,-0.74481,-0.52088,-0.21878,0.12691,0.4012,0.78922,1.1968,1.5809,1.8601,2.2112,2.5636,2.8416,3.2152,3.5969,3.9855,4.2491,4.5824,4.8319,4.9437,4.9962,4.8952,4.7251,4.3638,3.8551,3.1882,2.6087,1.7383,0.81292,0.12721,-0.6541,-1.1478,-1.2625,-1.0867,-0.70807,-0.31372,-0.10563,-0.046957,-0.32374,-0.78179,-1.8202,-3.4429,-5.8187,-8.2784,-12.362,-13.322,-10.522,-6.876,-4.2877,-2.8164,-1.3296,-0.26831,0.41589,0.67539,0.71469,0.34616,-0.2209,-1.4197,-3.1794,-4.955,-7.745,-9.7226,-8.846,-7.1108,-5.0028,-3.3829,-2.4602,-1.4878,-0.77955,-0.25106,0.045529,0.34233,0.50613,0.5416,0.49944,0.34749,0.15174,-0.1658,-0.53934,-0.8313,-0.93145,-0.71633,-0.018567,0.78502,2.0241,3.2829,4.1602,5.1427,5.8848,6.3712,6.5524,6.5756,6.3285,5.9703,5.2834,4.4118,3.4405,2.7727,2.1962,2.2107,2.6197,3.5125,4.5669,5.3351,6.3073,7.1897,7.9612,8.4706,9.0673,9.5677,9.8781,10.204,10.429,10.538,10.593,10.549,10.407,10.222,9.8651,9.356,8.8475,7.961,6.7736,5.1583,3.5619,0.6458,-3.7574,-8.1874,-7.4764,-2.203,0.48737,2.9088,4.518,5.595,6.1441,6.6282,6.8838,6.9521,6.9168,6.7559,6.5673,6.2245,5.7474,5.1185,4.5389,3.558,2.3177,1.1889,-0.63295,-2.9148,-5.7097,-8.2821,-12.47,-15.606,-13.809,-9.4545,-5.9248,-3.8808,-1.695,-0.07504,1.0566,1.6287,1.9959,1.9484,1.6314,0.80678,-0.5295,-1.9162,-4.168,-6.0427,-5.5299,-3.6847,-1.0893,1.0206,2.2948,3.6089,4.5756,5.2613
-4.2558,-3.5343,-2.2427,-1.0607,-0.37467,0.3222,0.79422,0.99209,1.1165,1.0913,0.89532,0.64619,0.15234,-0.60341,-1.3167,-2.4969,-3.8735,-4.8756,-5.7637,-5.5765,-4.426,-3.3537,-1.9131,-0.65479,0.15888,1.0947,1.9071,2.434,3.0798,3.639,4.1495,4.5178,4.9581,5.3717,5.6741,6.0452,6.3826,6.677,6.8562,7.0444,7.1447,7.1482,7.0506,6.8338,6.5911,6.1413,5.5947,4.9564,4.432,3.7276,3.0596,2.6343,2.1867,1.9282,1.8538,1.8719,1.9685,2.0391,2.0245,1.8242,1.3493,0.7461,-0.42461,-2.0964,-4.3912,-6.472,-9.336,-10.181,-9.0478,-6.8665,-4.9059,-3.6821,-2.2402,-1.0463,-0.079229,0.4754,0.93089,1.0709,0.9588,0.52448,-0.15308,-0.77882,-1.5828,-2.2622,-2.6379,-2.7843,-2.7947,-2.6896,-2.5876,-2.3427,-1.9556,-1.4921,-1.1366,-0.68184,-0.31204,-0.06622,0.16127,0.34583,0.49086,0.6787,0.90499,1.2166,1.5365,2.0672,2.7359,3.2914,4.0802,4.8504,5.3829,5.9513,6.3477,6.5129,6.4702,6.1639,5.5425,4.8413,3.5224,1.6501,-1.047,-3.8422,-8.5798,-7.9289,-4.1642,-0.21716,2.5395,4.1156,5.7625,7.0195,7.9837,8.5418,9.1093,9.4873,9.6587,9.774,9.7666,9.7003,9.5506,9.3482,9.1267,8.9412,8.6687,8.3462,8.0558,7.5672,6.9376,6.1564,5.484,4.5143,3.6556,3.2805,3.3249,3.9331,4.5757,5.4629,6.2055,6.7471,7.0029,7.1599,7.1221,7.0052,6.7362,6.3986,6.1125,5.7325,5.3307,4.8715,4.4843,3.8229,2.9502,2.1222,0.73666,-1.0127,-3.1877,-5.1266,-7.9495,-9.6369,-8.9239,-6.3414,-3.8065,-2.2185,-0.51339,0.77435,1.7084,2.1768,2.5549,2.6425,2.5647,2.2935,1.9003,1.5998,1.308,1.2957,1.6824,2.2181,3.1229,4.0966,4.7833,5.5586,6.1268,6.4674
-12.876,-7.7266,-4.0883,-2.0111,-0.96188,-0.047891,0.53551,0.8199,1.0458,1.0879,0.96076,0.70654,0.095958,-0.88575,-1.935,-3.9549,-7.0807,-10.839,-22.924,-16.615,-8.8198,-5.7141,-2.8869,-0.85193,0.33014,1.6595,2.7259,3.4104,4.1802,4.8254,5.3926,5.7692,6.2504,6.6987,7.0125,7.4241,7.8042,8.1258,8.3316,8.4996,8.5592,8.5254,8.3468,8.0276,7.6859,7.1002,6.3632,5.5148,4.8137,3.8608,2.9662,2.432,2.0092,1.9819,2.193,2.6599,3.1937,3.6428,3.8614,3.9481,3.7597,3.4219,2.7025,1.6848,0.42428,-0.60129,-1.9842,-3.2254,-4.0357,-4.9022,-5.2149,-4.8779,-3.6553,-1.9339,-0.28159,0.76194,1.7967,2.4508,2.7075,2.7795,2.5509,2.2408,1.6341,0.83201,-0.17203,-1.0661,-2.4288,-3.9582,-5.0054,-5.8405,-5.5229,-4.4572,-3.6027,-2.6784,-2.016,-1.6823,-1.3736,-1.1073,-0.86107,-0.44036,0.14119,0.81814,1.4038,2.2438,3.114,3.7808,4.6343,5.4115,5.8921,6.4048,6.7048,6.7603,6.6357,6.201,5.4643,4.7036,3.3957,1.6962,-0.37227,-2.1236,-3.9321,-3.5853,-1.9148,0.69438,2.972,4.4015,5.926,7.0871,7.9342,8.3804,8.7365,8.848,8.7876,8.5313,8.1168,7.7255,7.174,6.6768,6.3052,6.1634,6.1299,6.2313,6.3554,6.5308,6.6684,6.7585,6.7915,6.8318,6.8897,6.9643,7.1427,7.3659,7.5471,7.7639,7.8873,7.8577,7.7244,7.3614,6.7988,6.2577,5.4268,4.5763,4.0301,3.5613,3.472,3.64,3.7726,3.8734,3.7598,3.502,2.9316,2.147,1.2183,0.51503,-0.28569,-0.71884,-0.73919,-0.36619,0.30849,0.9042,1.6841,2.3883,2.9147,3.1703,3.3438,3.3286,3.2229,3.0359,2.903,2.9111,3.1145,3.5622,4.2275,4.7866,5.5746,6.3319,6.815,7.3308,7.6386,7.6931
-1.8459,-1.774,-1.4225,-1.1319,-0.97633,-0.87378,-0.79472,-0.64714,-0.37521,-0.06914,0.16369,0.20688,0.011949,-0.46135,-1.0934,-2.2623,-3.685,-4.7825,-5.7956,-5.7568,-4.7106,-3.6452,-2.1954,-0.78358,0.20474,1.3694,2.3707,3.018,3.7137,4.2695,4.6938,4.9624,5.322,5.7402,6.0952,6.6413,7.2169,7.7533,8.0883,8.4077,8.5496,8.5302,8.331,7.9178,7.4672,6.6975,5.6878,4.4256,3.2861,1.4566,-0.74017,-2.5138,-3.9921,-3.0468,-1.3271,0.99739,2.8716,4.2557,4.9959,5.6388,5.912,5.9043,5.601,4.9859,4.0707,3.1705,1.6717,-0.31139,-2.299,-6.2683,-14.69,-23.325,-8.3794,-3.1543,-0.095626,1.4703,2.9396,3.8721,4.2944,4.5549,4.4922,4.2552,3.6485,2.7316,1.3802,0.049338,-2.4478,-6.2656,-11.036,-30.464,-13.324,-7.9078,-5.9293,-4.6084,-4.264,-4.496,-5.0702,-5.5895,-5.6391,-4.9574,-3.8014,-2.4945,-1.5279,-0.2269,1.1064,2.108,3.3913,4.522,5.2292,5.9538,6.3733,6.4857,6.353,5.909,5.1674,4.4437,3.338,2.2037,1.2444,0.78867,0.63608,1.0856,1.7683,2.9407,4.1836,5.0808,6.1076,6.9034,7.4261,7.6349,7.6521,7.3742,6.9683,6.1282,4.9566,3.8605,2.1944,0.56133,-0.46363,-0.49386,0.29887,1.4818,2.3736,3.4885,4.4903,5.3738,5.9641,6.6733,7.2776,7.6507,8.0366,8.3068,8.4225,8.4286,8.264,7.8922,7.4617,6.6481,5.5056,4.3452,2.3112,-0.43514,-2.8312,-4.6132,-2.5703,0.24319,1.8344,3.2975,4.1314,4.4206,4.4438,4.1321,3.5671,3.0523,2.3374,1.7122,1.4198,1.2712,1.4974,1.8436,2.4215,2.9449,3.2789,3.372,3.1845,2.6781,2.0798,1.1138,0.28206,0.077189,0.68629,2.0521,3.6279,4.7423,6.0344,7.0529,7.6356,8.1708,8.4282,8.3979
2.6326,1.9425,0.89107,-0.38615,-1.6019,-3.3907,-4.8762,-5.1131,-3.9836,-2.2482,-0.80526,-0.015205,0.64076,0.84339,0.74716,0.36192,-0.25975,-0.81031,-1.5627,-2.2399,-2.674,-2.7842,-2.4351,-1.5834,-0.69048,0.51007,1.5856,2.1968,2.7362,2.921,2.7729,2.5403,2.2309,2.324,2.8493,3.9705,5.2706,6.4543,7.1453,7.8226,8.1632,8.1993,7.9937,7.497,6.9545,6.0282,4.9011,3.5328,2.3393,0.32475,-2.4185,-5.3198,-9.2622,-6.0466,-2.257,1.4951,4.1119,5.9961,7.0353,8.0138,8.6008,8.8078,8.8086,8.516,7.941,7.3214,6.2556,4.89,3.7179,2.0863,0.79892,0.52123,1.2028,2.5329,3.8524,4.6902,5.5686,6.1774,6.4628,6.6399,6.6233,6.4568,6.0565,5.4019,4.4795,3.5927,2.1337,0.45245,-0.778,-1.9465,-2.2811,-2.1744,-2.1172,-2.5412,-3.814,-5.4921,-9.369,-17.611,-23.946,-12.834,-8.8655,-7.014,-6.206,-4.8986,-2.7593,-0.90065,1.53,3.5285,4.7208,5.8411,6.4916,6.6888,6.5365,5.9705,4.9653,3.9184,2.1385,0.080535,-1.7302,-2.2418,-1.4329,0.31406,1.668,3.2807,4.6328,5.4508,6.3051,6.8593,7.1186,7.119,6.861,6.2725,5.5852,4.3008,2.448,0.585,-2.9068,-8.7982,-28.984,-14.704,-7.3062,-3.9468,-2.2692,-0.4609,1.2616,2.9376,4.1398,5.5524,6.7149,7.4154,8.0865,8.4901,8.6135,8.5519,8.2482,7.7366,7.2107,6.3386,5.2116,4.1383,2.2739,-0.26179,-2.5163,-4.1516,-1.7031,1.4682,3.3105,5.0045,6.0195,6.4067,6.4817,6.0879,5.2518,4.3285,2.7127,0.70129,-0.7908,-1.8341,-1.0004,0.31318,2.0022,3.2165,3.9084,4.0611,3.7469,2.7472,1.432,-1.4919,-7.3048,-19.755,-7.6555,-0.80824,2.8963,4.8069,6.652,7.9325,8.6166,9.1857,9.4231,9.364
4.8096,3.9343,2.4453,0.44129,-1.5854,-5.5027,-12.2,-14.562,-7.6004,-3.2768,-0.71382,0.57469,1.6706,2.1946,2.3266,2.1469,1.555,0.84923,-0.49108,-2.4384,-5.306,-8.1325,-10.395,-7.1504,-4.2612,-1.3621,0.5033,1.3481,1.8287,1.5209,0.32834,-1.3675,-5.5084,-12.052,-7.7249,-1.2665,2.4751,4.8289,6.0242,7.0003,7.431,7.4398,7.0599,6.2983,5.5128,4.2179,2.8538,1.6617,1.0395,0.6068,0.55153,0.75398,1.4422,2.675,3.8797,5.6128,7.2406,8.6398,9.5115,10.414,11.03,11.309,11.469,11.4,11.13,10.813,10.261,9.605,9.09,8.4493,7.9266,7.6589,7.4783,7.4637,7.5233,7.5667,7.5959,7.588,7.5782,7.5671,7.5744,7.5794,7.5685,7.4567,7.2345,6.9549,6.492,5.9336,5.5073,4.9369,4.3675,3.7667,3.2107,2.2369,0.89116,-0.37903,-2.3831,-4.3051,-5.2671,-5.7518,-6.2038,-8.0983,-11.633,-27.58,-8.8355,-3.4979,0.78201,3.5835,5.0406,6.3573,7.0805,7.2764,7.1155,6.4493,5.2509,3.9397,1.4473,-2.3886,-9.1136,-13.952,-6.0168,-1.1888,1.0901,3.1662,4.5865,5.2996,5.9285,6.2315,6.2544,6.0982,5.6803,5.0133,4.3437,3.2205,1.8157,0.57704,-1.3996,-3.4457,-5.0972,-5.8318,-6.2888,-6.9463,-7.6165,-7.577,-4.7578,-1.0746,1.3059,3.8071,5.6397,6.642,7.5544,7.9853,8.034,7.7855,7.2043,6.3978,5.7329,4.9391,4.406,4.235,4.2023,4.3009,4.5209,5.057,5.892,6.8888,7.6359,8.4565,8.98,9.1393,9.0079,8.4431,7.3917,6.2018,3.9237,0.47249,-3.5059,-9.1251,-3.7295,-0.14196,2.8434,4.6246,5.5981,5.9033,5.876,5.3495,4.6803,3.5303,2.4348,2.0619,2.6661,4.1465,5.7674,6.879,8.0931,8.9927,9.4689,9.8528,9.9531,9.7734
3.9071,3.276,2.2574,1.0426,0.081359,-1.1799,-2.0967,-2.3297,-1.9796,-1.1341,-0.17985,0.46255,1.1343,1.5937,1.7358,1.6384,1.2099,0.63345,-0.54314,-2.2418,-4.5341,-6.4231,-7.6514,-6.0239,-4.1076,-1.9551,-0.43981,0.29297,0.74614,0.65119,0.018372,-0.82464,-2.0496,-2.6223,-1.9028,-0.0058048,1.9824,3.5315,4.3576,4.9782,5.0973,4.8707,4.1068,2.8015,1.4186,-1.1408,-4.7399,-8.9186,-9.4282,-5.7228,-2.3568,-0.38338,1.7534,3.5739,4.7957,6.2626,7.5608,8.6506,9.33,10.048,10.552,10.801,10.969,10.969,10.83,10.654,10.337,9.9696,9.6575,9.2164,8.7651,8.411,7.9191,7.3561,6.7079,6.1469,5.2994,4.4256,3.8847,3.5451,3.747,4.2218,4.9985,5.7617,6.3495,6.6604,6.9007,6.9694,6.9121,6.7256,6.4248,6.0115,5.6053,4.9567,4.1897,3.5367,2.6381,1.7736,1.1774,0.43572,-0.29819,-0.99571,-1.3486,-1.1773,-0.079425,1.1167,2.7955,4.2314,5.071,5.8444,6.2383,6.2687,6.0743,5.5211,4.6659,3.8501,2.5859,1.2735,0.2028,-0.15163,0.079764,0.80425,1.424,2.1653,2.6654,2.8781,2.9224,2.7492,2.3759,1.9907,1.3455,0.636,0.098217,-0.59547,-1.2212,-1.6982,-2.3367,-3.0416,-3.796,-4.5417,-5.854,-7.8986,-10.073,-11.946,-8.1165,-3.5841,-0.95433,1.6438,3.4827,4.432,5.2187,5.4846,5.3425,4.6616,3.3587,1.2667,-0.85955,-3.9004,-3.9484,-1.7645,1.1981,3.4734,4.7944,6.2418,7.3874,8.2987,8.8457,9.3907,9.6972,9.7586,9.6046,9.1768,8.47,7.7732,6.6559,5.4776,4.6986,4.1461,4.2511,4.6453,5.3311,5.9401,6.3324,6.4745,6.4507,6.2497,6.0178,5.6792,5.4191,5.3409,5.4347,5.7347,6.1659,6.5248,6.9696,7.3264,7.5043,7.6296,7.5819,7.3192
1.7669,1.4276,0.91785,0.35525,-0.10666,-0.68967,-1.1344,-1.3752,-1.4668,-1.3309,-0.97165,-0.63626,-0.11866,0.3591,0.62511,0.83304,0.83955,0.69295,0.30385,-0.23368,-0.81171,-1.1406,-1.3622,-1.2335,-0.96332,-0.44951,0.043731,0.35832,0.67154,0.87164,0.95379,0.97979,1.0958,1.3511,1.6754,2.2357,2.839,3.3444,3.5672,3.6494,3.3917,2.9495,2.034,0.67639,-0.67351,-2.9001,-5.6127,-7.9568,-8.0568,-5.7674,-2.9042,-1.0067,1.1822,3.0205,4.2094,5.563,6.6847,7.5777,8.0939,8.5947,8.8983,9.0146,9.0339,8.9377,8.76,8.5903,8.3403,8.0701,7.8535,7.5279,7.1511,6.8056,6.2198,5.4196,4.3111,3.198,1.1855,-1.7794,-4.9182,-9.0565,-5.8853,-2.4961,0.74367,2.9413,4.437,5.2542,6.0002,6.4639,6.6571,6.761,6.7202,6.5524,6.3715,6.0613,5.6957,5.3988,4.9886,4.5871,4.3191,3.9967,3.7308,3.602,3.5887,3.732,4.0233,4.333,4.756,5.1155,5.2938,5.3717,5.2524,4.9483,4.5944,4.0422,3.417,2.9342,2.3185,1.7674,1.3483,1.1067,0.90434,0.76123,0.6268,0.37831,-0.031708,-0.40827,-1.0596,-1.8681,-2.8456,-3.6905,-4.9572,-6.2556,-7.0377,-7.4286,-7.0153,-6.3883,-5.4018,-4.6247,-4.1345,-3.8997,-3.8104,-3.7496,-3.6103,-3.101,-2.1111,-0.77628,0.26782,1.559,2.6046,3.1893,3.6503,3.7654,3.5833,2.9144,1.697,-0.22589,-2.165,-4.9339,-4.7319,-2.3156,0.92798,3.4546,4.9325,6.4615,7.6252,8.492,8.9639,9.391,9.6035,9.6329,9.5142,9.2415,8.8395,8.4857,7.9751,7.4736,7.1523,6.8377,6.6453,6.5747,6.5185,6.4454,6.3121,6.1591,5.8539,5.4825,5.1766,4.7752,4.4254,4.2279,4.0365,3.9353,3.9229,3.9209,3.9427,3.9804,4.0104,4.0258,4.0016,3.899
