0.56819,0.63535,0.70362,0.75106,0.76963,0.76791,0.73938,0.69201,0.60575,0.49557,0.35582,0.23808,0.063993,-0.12636,-0.27245,-0.46876,-0.65667,-0.78432,-0.92411,-1.0201,-1.0609,-1.0546,-0.99639,-0.86607,-0.73874,-0.53394,-0.30869,-0.12857,0.11382,0.34543,0.57777,0.74826,0.95842,1.1489,1.2866,1.4676,1.6487,1.8196,1.9408,2.0961,2.2339,2.3287,2.446,2.5524,2.6242,2.7149,2.793,2.8513,2.8785,2.8915,2.8816,2.8578,2.8048,2.7314,2.665,2.5608,2.4337,2.2889,2.1738,2.0145,1.8553,1.741,1.5906,1.4477,1.3296,1.2536,1.1721,1.0941,1.0299,0.92404,0.77517,0.62564,0.35867,-0.011162,-0.50996,-0.99413,-1.8133,-2.8467,-3.8095,-5.3883,-7.3303,-8.9759,-10.746,-10.564,-8.4347,-6.581,-4.3626,-2.5078,-1.3303,-0.01782,1.0592,1.934,2.4729,3.059,3.5169,3.7867,4.0543,4.2331,4.3105,4.3374,4.3032,4.1932,4.0705,3.8614,3.6122,3.3975,3.0787,2.7331,2.4626,2.0897,1.6981,1.3088,1.0276,0.65794,0.30722,0.050318,-0.2766,-0.59958,-0.92546,-1.1809,-1.5565,-1.9971,-2.3898,-3.0222,-3.8086,-4.5409,-5.766,-7.3482,-9.3902,-11.218,-13.265,-12.682,-10.689,-7.7555,-5.2245,-3.6234,-1.8258,-0.32722,0.93153,1.7427,2.6682,3.4349,3.9173,4.4492,4.8698,5.1898,5.3675,5.5288,5.6119,5.6225,5.5727,5.4557,5.3319,5.1166,4.8403,4.5155,4.2386,3.8264,3.377,3.0158,2.5042,1.965,1.5531,0.98628,0.39068,-0.2084,-0.64822,-1.2094,-1.7832,-2.2458,-2.909,-3.6208,-4.3661,-4.9643,-5.8179,-6.723,-7.4729,-8.5528,-9.8254,-10.897,-12.398,-13.63,-13.587,-12.36,-9.846,-7.2133,-5.3769,-3.1452,-1.1751,0.15675,1.7711,3.2223,4.5297,5.4252,6.5163,7.4994,8.173,8.9868,9.7079,10.348
2.7425,2.8926,3.0052,3.0131,2.949,2.7715,2.4869,2.1994,1.7138,1.1106,0.39104,-0.2226,-1.1266,-2.0974,-2.8324,-3.7444,-4.453,-4.7634,-4.819,-4.5117,-3.9672,-3.4867,-2.8367,-2.2396,-1.8484,-1.4212,-1.1064,-0.94711,-0.84743,-0.8732,-1.0296,-1.2334,-1.6265,-2.1524,-2.6273,-3.3433,-4.0976,-4.7715,-5.122,-5.2441,-4.9081,-4.4045,-3.5337,-2.5912,-1.9097,-1.0901,-0.39797,0.1524,0.47076,0.76952,0.92331,0.94355,0.84081,0.58643,0.29188,-0.25043,-0.98314,-1.9318,-2.8145,-4.2782,-6.1683,-7.9803,-11.164,-15.511,-18.085,-15.364,-11.219,-8.2323,-6.5512,-4.8151,-3.4943,-2.7123,-1.8941,-1.2879,-0.86315,-0.64971,-0.48744,-0.44862,-0.47754,-0.56958,-0.6703,-0.71815,-0.69201,-0.52231,-0.18919,0.16395,0.73081,1.3536,1.8231,2.4176,2.9464,3.3897,3.6581,3.9241,4.0836,4.1314,4.1011,3.9643,3.791,3.4644,3.0321,2.495,2.0193,1.2891,0.45246,-0.24736,-1.2757,-2.4141,-3.3396,-4.6687,-6.1098,-7.6634,-8.8893,-10.555,-12.052,-12.767,-12.75,-11.653,-10.012,-8.733,-7.1284,-5.7093,-4.7713,-3.6779,-2.7478,-2.1453,-1.4509,-0.85314,-0.31714,0.056717,0.53982,1.0232,1.3918,1.8963,2.4096,2.7928,3.2862,3.7493,4.1653,4.4354,4.7322,4.9477,5.0513,5.1082,5.0729,4.9467,4.7927,4.5115,4.1517,3.8353,3.3599,2.8404,2.43,1.8665,1.3065,0.76961,0.39144,-0.075753,-0.49972,-0.79012,-1.1531,-1.4941,-1.7419,-2.0638,-2.3819,-2.6948,-2.9291,-3.246,-3.556,-3.7783,-4.0621,-4.3311,-4.5879,-4.7626,-4.988,-5.1971,-5.3453,-5.5381,-5.7083,-5.8115,-5.9058,-5.9179,-5.7996,-5.6091,-5.1804,-4.5336,-3.9162,-2.9496,-1.8649,-1.0081,0.16062,1.3315,2.4773,3.3102,4.3737,5.3764,6.0838,6.9611,7.7588,8.4727
3.119,3.3689,3.5716,3.63,3.5797,3.3887,3.0542,2.7074,2.1094,1.3472,0.41435,-0.40429,-1.6571,-3.0778,-4.2165,-5.6968,-6.8152,-7.1696,-6.897,-6.0517,-5.0296,-4.294,-3.4375,-2.7525,-2.3516,-1.966,-1.7407,-1.6693,-1.6967,-1.8668,-2.182,-2.5084,-3.0855,-3.8283,-4.4985,-5.5457,-6.7398,-7.9707,-8.7452,-9.216,-8.756,-7.9023,-6.4986,-5.0899,-4.1311,-3.0239,-2.1238,-1.4255,-1.0299,-0.66212,-0.46938,-0.43816,-0.54291,-0.80638,-1.111,-1.6549,-2.3489,-3.1823,-3.8883,-4.9114,-5.9781,-6.7571,-7.6945,-8.4103,-8.7887,-8.82,-8.5584,-8.0144,-7.4763,-6.6579,-5.78,-5.1148,-4.2463,-3.423,-2.6518,-2.1189,-1.4691,-0.884,-0.48705,-0.010682,0.41697,0.71045,1.0711,1.395,1.6894,1.8904,2.1288,2.3269,2.4426,2.5548,2.6108,2.6033,2.5528,2.4225,2.2171,2.0131,1.6772,1.2583,0.88687,0.30734,-0.38492,-1.2085,-1.9261,-3.0416,-4.3907,-5.5905,-7.5236,-9.9731,-12.308,-16.501,-23.39,-36.775,-26.358,-20.905,-18.501,-17.503,-16.498,-15.228,-13.343,-11.646,-9.3529,-7.218,-5.7896,-4.1112,-2.6688,-1.7293,-0.63967,0.2849,1.0707,1.5811,2.169,2.6623,2.9789,3.3386,3.6274,3.8005,3.9719,4.0731,4.1018,4.0728,3.959,3.7507,3.528,3.1333,2.6148,1.9565,1.3587,0.40317,-0.76744,-1.81,-3.4677,-5.5094,-7.3652,-10.379,-13.968,-16.409,-15.689,-13.227,-11.164,-10.061,-9.0895,-8.5855,-8.4697,-8.6148,-9.0748,-9.8408,-10.6,-11.817,-13.174,-14.075,-14.717,-14.404,-13.386,-12.45,-11.218,-10.134,-9.4565,-8.7263,-8.1797,-7.8773,-7.5621,-7.3483,-7.2199,-7.1605,-7.1145,-7.0902,-7.0576,-6.9709,-6.7909,-6.5505,-6.0389,-5.2704,-4.2489,-3.3493,-2.0392,-0.67885,0.32717,1.6134,2.8027,3.8674
2.591,2.7549,2.8858,2.9188,2.8803,2.7479,2.5279,2.3078,1.9478,1.52,1.0402,0.65547,0.12574,-0.40328,-0.78431,-1.2561,-1.6739,-1.9446,-2.2484,-2.4954,-2.6997,-2.838,-3.0222,-3.2233,-3.3933,-3.6574,-3.9632,-4.2171,-4.5813,-4.9591,-5.338,-5.6095,-5.9352,-6.2126,-6.3695,-6.4985,-6.525,-6.4496,-6.32,-6.0629,-5.7044,-5.3791,-4.8904,-4.3737,-3.9835,-3.4871,-3.0364,-2.665,-2.4496,-2.2575,-2.1852,-2.2193,-2.3795,-2.6829,-3.0077,-3.5783,-4.3093,-5.2125,-6.0064,-7.2358,-8.6873,-9.9479,-11.91,-14.287,-17.152,-19.534,-21.774,-20.564,-18.436,-15.773,-13.62,-12.287,-10.791,-9.5109,-8.3583,-7.555,-6.5409,-5.575,-4.8872,-4.0317,-3.25,-2.7182,-2.0925,-1.5709,-1.1597,-0.92521,-0.71873,-0.64584,-0.679,-0.84381,-1.1518,-1.6005,-2.0277,-2.7115,-3.4955,-4.1201,-4.9409,-5.6498,-6.0495,-6.3595,-6.4514,-6.4103,-6.3491,-6.2943,-6.3217,-6.4085,-6.5925,-6.8347,-7.0194,-7.2242,-7.3198,-7.2774,-7.1489,-6.8681,-6.4914,-6.1614,-5.6841,-5.1653,-4.6017,-4.1513,-3.5109,-2.8523,-2.3638,-1.738,-1.158,-0.75996,-0.28588,0.11763,0.44904,0.65053,0.85579,0.98961,1.0472,1.0731,1.046,0.99497,0.89058,0.74251,0.55441,0.38785,0.12633,-0.18653,-0.45894,-0.8757,-1.3692,-1.9508,-2.4528,-3.2244,-4.1124,-4.8566,-5.9402,-7.098,-7.9721,-9.0452,-9.8586,-10.266,-10.319,-10.155,-9.8695,-9.6701,-9.5046,-9.5103,-9.6483,-10.015,-10.609,-11.436,-12.205,-13.378,-14.611,-15.398,-15.91,-15.606,-14.688,-13.869,-12.824,-11.928,-11.397,-10.908,-10.667,-10.611,-10.698,-10.956,-11.393,-11.816,-12.504,-13.337,-14.06,-15.202,-16.696,-18.271,-21.599,-28.99,-27.98,-20.221,-14.259,-10.193,-7.7988,-5.167,-3.0125,-1.2346
3.236,3.2732,3.2648,3.1884,3.0857,2.8899,2.6275,2.3908,2.0232,1.6086,1.1558,0.79947,0.30804,-0.1825,-0.54125,-0.99989,-1.4326,-1.7387,-2.1287,-2.5066,-2.8949,-3.2058,-3.6694,-4.2092,-4.6785,-5.4197,-6.3072,-7.082,-8.2622,-9.5848,-10.976,-11.948,-12.865,-13.049,-12.68,-11.766,-10.672,-9.585,-8.8094,-7.8515,-6.9723,-6.3552,-5.5783,-4.8609,-4.3637,-3.7513,-3.2027,-2.7312,-2.4377,-2.1217,-1.9072,-1.8153,-1.7893,-1.8786,-2.0286,-2.3429,-2.796,-3.3892,-3.9332,-4.7911,-5.8108,-6.6783,-7.9448,-9.2785,-10.564,-11.395,-12.181,-12.512,-12.56,-12.56,-12.686,-12.963,-13.657,-14.674,-15.571,-15.542,-13.983,-11.483,-9.6065,-7.4036,-5.5805,-4.4448,-3.2048,-2.2465,-1.5359,-1.1512,-0.82852,-0.72339,-0.77921,-1.0486,-1.5546,-2.3229,-3.1045,-4.4661,-6.2979,-8.1081,-11.431,-16.525,-21.005,-17.359,-12.349,-9.1855,-7.5062,-5.8339,-4.6061,-3.8925,-3.1395,-2.5545,-2.1986,-1.8053,-1.4808,-1.2002,-1.0097,-0.77038,-0.54972,-0.39252,-0.19472,-0.0070992,0.17131,0.29616,0.45282,0.59206,0.68042,0.77583,0.83486,0.85028,0.82133,0.73018,0.56502,0.39077,0.084847,-0.30655,-0.65193,-1.1697,-1.7285,-2.1552,-2.7024,-3.1883,-3.5708,-3.7813,-3.966,-4.0782,-4.1361,-4.2104,-4.3062,-4.4365,-4.5633,-4.7705,-5.009,-5.2012,-5.4605,-5.7072,-5.8804,-6.0809,-6.2373,-6.3455,-6.4112,-6.4983,-6.5913,-6.6739,-6.8251,-7.0248,-7.2056,-7.4907,-7.8035,-8.1358,-8.374,-8.6494,-8.8557,-8.9509,-8.9774,-8.8832,-8.7033,-8.5432,-8.34,-8.1893,-8.1313,-8.1776,-8.39,-8.6685,-9.2502,-10.162,-11.497,-12.857,-15.346,-19.154,-23.825,-36.921,-24.529,-19.958,-16.281,-13.709,-11.55,-10.016,-7.9883,-5.9753,-4.5115,-2.6855,-1.0332,0.41799
4.023,3.9657,3.8561,3.699,3.544,3.2779,2.9282,2.6069,2.0941,1.4795,0.7631,0.16722,-0.68567,-1.557,-2.1772,-2.8936,-3.3987,-3.6146,-3.7006,-3.6326,-3.515,-3.46,-3.494,-3.6972,-3.9823,-4.5791,-5.4615,-6.3536,-7.8973,-9.9203,-12.529,-14.859,-17.683,-17.555,-15.868,-13.601,-11.842,-10.55,-9.7776,-8.8931,-8.0706,-7.4286,-6.5127,-5.5477,-4.82,-3.8756,-3.0029,-2.2201,-1.7058,-1.1075,-0.61011,-0.29961,0.038645,0.29507,0.43331,0.54431,0.575,0.53534,0.45994,0.29927,0.078631,-0.12248,-0.4322,-0.7808,-1.1481,-1.433,-1.822,-2.2302,-2.5728,-3.1053,-3.7567,-4.3391,-5.2369,-6.1984,-6.9899,-7.2066,-6.6767,-5.3802,-4.2031,-2.6675,-1.3104,-0.43771,0.52598,1.2708,1.8166,2.1113,2.363,2.4542,2.4326,2.2901,2.0219,1.6409,1.2827,0.73575,0.14354,-0.29914,-0.82705,-1.1901,-1.3131,-1.2469,-0.94102,-0.45913,-0.033421,0.56732,1.1506,1.5588,2.0568,2.4961,2.7848,3.1106,3.3653,3.5527,3.6513,3.7246,3.7296,3.696,3.6064,3.4802,3.328,3.1982,3.0219,2.8522,2.7338,2.5917,2.4497,2.3326,2.1354,1.8549,1.4575,1.0594,0.35962,-0.57135,-1.4528,-2.9273,-4.8108,-6.5501,-9.3154,-12.133,-13.152,-12.172,-10.219,-8.6084,-7.7311,-6.9594,-6.5467,-6.387,-6.375,-6.4439,-6.4987,-6.4883,-6.3557,-6.0861,-5.8189,-5.4073,-4.9876,-4.6013,-4.3629,-4.1426,-4.0451,-4.0618,-4.2232,-4.5386,-4.8867,-5.4985,-6.2441,-7.0638,-7.6543,-8.2581,-8.4648,-8.2898,-7.6583,-6.7482,-5.7641,-5.0555,-4.2196,-3.5374,-3.1303,-2.7548,-2.5486,-2.4991,-2.5966,-2.8777,-3.2827,-3.6357,-4.1096,-4.4994,-4.6613,-4.6345,-4.2595,-3.7617,-2.8769,-1.8373,-0.72013,0.14091,1.2974,2.4452,3.286,4.3546,5.3437,6.2316
2.9694,2.9397,3.0118,3.1369,3.2154,3.2383,3.1123,2.8944,2.4124,1.6741,0.63318,-0.38446,-2.1502,-4.5776,-7.0631,-11.939,-18.295,-15.164,-9.4714,-6.0675,-3.839,-2.6584,-1.5617,-0.87146,-0.57474,-0.43655,-0.55881,-0.81271,-1.3128,-1.9436,-2.6492,-3.1909,-3.9184,-4.5955,-5.1037,-5.8829,-6.9,-8.3682,-9.9216,-12.808,-15.956,-15.564,-11.632,-8.1065,-6.1028,-4.0612,-2.5835,-1.5117,-0.90651,-0.27535,0.21547,0.53423,0.95226,1.4032,1.7763,2.3086,2.8597,3.3984,3.7758,4.2286,4.6254,4.8833,5.1731,5.4034,5.5779,5.6782,5.7722,5.818,5.8208,5.7846,5.7117,5.6377,5.5236,5.422,5.3555,5.3412,5.3865,5.493,5.6001,5.7528,5.89,5.9657,6.0205,6.0128,5.9444,5.8618,5.7272,5.5769,5.4721,5.3472,5.2328,5.1252,5.039,4.9184,4.788,4.6824,4.5444,4.4305,4.3686,4.3315,4.3629,4.4789,4.6256,4.893,5.2278,5.5126,5.9166,6.3134,6.5901,6.9095,7.1449,7.2746,7.2911,7.1907,6.938,6.6401,6.0897,5.3719,4.5005,3.7689,2.7779,1.9409,1.5519,1.4673,1.8091,2.2098,2.7489,3.1429,3.313,3.2676,2.9566,2.3432,1.6727,0.47698,-1.0576,-2.3963,-4.2722,-5.8264,-6.4358,-6.2738,-5.692,-5.183,-4.9905,-5.0759,-5.6175,-6.6359,-7.7804,-9.9492,-12.938,-15.182,-14.768,-11.263,-8.8109,-6.2376,-4.3083,-2.8598,-2.0189,-1.1756,-0.61993,-0.38849,-0.32367,-0.5406,-0.91371,-1.7337,-3.0077,-4.9081,-6.9105,-10.745,-14.895,-12.967,-7.9452,-4.3192,-1.7601,-0.29803,1.2252,2.3853,3.0652,3.7542,4.2377,4.487,4.6831,4.7679,4.789,4.7749,4.7366,4.7084,4.7266,4.8212,5.0361,5.2861,5.7449,6.3426,7.0534,7.6459,8.4866,9.3462,9.9836,10.798,11.547,12.21
-9.3646,-6.9986,-3.7111,-1.408,-0.21581,0.83287,1.3994,1.5524,1.4414,1.0152,0.31302,-0.36332,-1.4355,-2.6194,-3.4882,-4.402,-4.7582,-4.5267,-3.6299,-2.4081,-1.1592,-0.29709,0.69609,1.474,1.911,2.3002,2.5079,2.5535,2.4791,2.2734,1.9659,1.6841,1.2404,0.71366,0.25447,-0.44175,-1.2747,-2.2383,-3.0097,-3.9714,-4.5595,-4.567,-3.9427,-2.9662,-2.2529,-1.5081,-1.1255,-1.171,-1.5135,-2.411,-3.7964,-5.0079,-6.1281,-5.4953,-4.0437,-1.8662,0.04721,1.5965,2.5443,3.5991,4.4917,5.092,5.8325,6.5299,7.1919,7.6566,8.2197,8.7042,9.0181,9.3656,9.6275,9.7666,9.8815,9.917,9.8843,9.8137,9.6536,9.4099,9.1723,8.7688,8.2503,7.7739,7.0069,6.0907,5.036,4.1844,3.085,2.2272,1.8967,1.9421,2.4017,3.0344,3.489,3.9659,4.2475,4.325,4.2422,3.9514,3.622,3.0553,2.4075,1.837,1.583,1.6581,2.2509,2.9515,4.035,5.0979,5.8093,6.6095,7.2105,7.6012,7.7521,7.7541,7.5108,7.1548,6.4002,5.2582,3.6191,1.9363,-1.2468,-6.4565,-12.265,-8.3636,-2.6779,-0.098245,2.1922,3.6714,4.5925,5,5.2325,5.1661,4.9512,4.4851,3.8661,3.3424,2.596,1.84,1.1146,0.58992,-0.1121,-0.84868,-1.4376,-2.3151,-3.3398,-4.5053,-5.4668,-6.8129,-7.9855,-8.4951,-8.2946,-7.1665,-5.9944,-4.3166,-2.7234,-1.3344,-0.44501,0.56461,1.3859,1.868,2.365,2.6893,2.8303,2.8855,2.8221,2.6883,2.5989,2.5772,2.7525,3.0323,3.6011,4.3322,5.1242,5.7037,6.4089,7.012,7.3815,7.7574,8.0063,8.1024,8.1165,8.021,7.8045,7.556,7.1154,6.5772,6.1415,5.5758,5.1442,5.0042,5.1978,5.8923,6.9831,7.9493,9.3016,10.616,11.533,12.643,13.605,14.408
-3.7868,-3.3902,-2.4129,-1.3628,-0.70472,-0.068913,0.25271,0.28865,0.061759,-0.46566,-1.2757,-2.047,-3.2175,-4.4219,-5.1828,-5.6522,-5.3092,-4.5847,-3.3109,-1.92,-0.60058,0.27278,1.2671,2.0534,2.4965,2.8883,3.0889,3.1243,3.0376,2.8221,2.5311,2.3169,2.0497,1.8425,1.7394,1.6807,1.6896,1.758,1.8328,1.9554,2.1114,2.2352,2.4074,2.5268,2.5534,2.4505,2.1049,1.4739,0.75823,-0.5746,-2.3034,-3.7287,-5.1551,-5.0064,-3.9753,-2.3886,-1.1447,-0.38513,-0.094236,0.05282,0.17166,0.45082,1.2893,2.6281,4.1623,5.2895,6.6446,7.7761,8.4759,9.2166,9.7492,10.026,10.252,10.322,10.256,10.122,9.8367,9.4278,9.0393,8.3991,7.5941,6.8529,5.6283,4.0547,1.9707,-0.10085,-4.0154,-10.757,-15.962,-8.0959,-3.3534,-0.65401,0.67069,1.8158,2.4177,2.5926,2.4593,1.9075,1.1862,-0.28595,-2.581,-6.3786,-11.511,-19.724,-8.1233,-3.9694,-0.45559,1.9142,3.2361,4.5746,5.5443,6.2216,6.5655,6.8358,6.9168,6.8644,6.6422,6.2613,5.7617,5.3422,4.7911,4.3761,4.239,4.3387,4.7196,5.1089,5.655,6.1316,6.477,6.6236,6.661,6.5211,6.3108,5.8996,5.3474,4.851,4.0855,3.2159,2.2564,1.4862,0.38749,-0.79427,-1.7313,-3.0146,-4.2896,-5.4726,-6.2056,-6.8687,-7.0835,-6.9617,-6.4468,-5.6342,-4.9149,-3.882,-2.8323,-1.7922,-1.0429,-0.086954,0.81758,1.453,2.2648,3.0162,3.5427,4.2013,4.7967,5.3238,5.6813,6.1192,6.5364,6.8329,7.2089,7.5528,7.8551,8.0534,8.2685,8.4288,8.5049,8.553,8.5369,8.4721,8.308,8.0244,7.5683,7.0994,6.2741,5.1331,3.9709,1.7964,-1.6654,-6.2141,-37.235,-5.4563,0.86037,3.8269,6.7415,8.9675,10.333,11.854,13.097,14.097
-0.26627,-0.31149,-0.24753,-0.09119,0.045684,0.18816,0.2207,0.14152,-0.16361,-0.75752,-1.747,-2.8236,-4.8302,-7.8713,-11.264,-16.584,-12.246,-8.1447,-4.3829,-1.8206,0.049246,1.1136,2.1708,2.8733,3.191,3.3581,3.2245,2.9248,2.2641,1.298,0.046403,-0.99466,-2.2032,-2.6289,-2.1743,-0.86711,0.64964,2.0584,2.9603,3.9753,4.7902,5.2759,5.7787,6.1155,6.2664,6.3356,6.2536,6.043,5.8016,5.396,4.9464,4.6087,4.1893,3.8256,3.5694,3.1749,2.5833,1.6141,0.51017,-1.7454,-5.6401,-10.233,-8.9343,-2.4736,1.6064,3.7437,5.8426,7.3507,8.1861,8.9723,9.4406,9.6148,9.6529,9.4906,9.1683,8.847,8.3533,7.8229,7.4174,6.8741,6.322,5.8936,5.2637,4.5529,3.7535,3.1284,2.3504,1.7601,1.5325,1.5409,1.8218,2.2197,2.4918,2.7557,2.8602,2.8327,2.6586,2.3161,1.9682,1.4141,0.81288,0.27473,0.022202,0.0073637,0.43614,0.99828,1.8692,2.7003,3.2537,3.8754,4.3492,4.7151,4.9349,5.1845,5.4049,5.5761,5.821,6.0739,6.3135,6.4754,6.6729,6.863,7.002,7.1814,7.3489,7.4674,7.5974,7.6601,7.6321,7.5462,7.3333,6.9991,6.6628,6.0983,5.3812,4.7429,3.7701,2.6519,1.376,0.32814,-1.2003,-2.8997,-4.3273,-6.4492,-9.0012,-12.286,-15.412,-19.645,-17.788,-14.492,-11.178,-8.824,-7.4548,-6.0513,-5.0688,-4.343,-3.8825,-3.2671,-2.5167,-1.7998,-0.61151,0.73751,1.776,3.1039,4.3181,5.3822,6.0647,6.8096,7.3792,7.6948,7.9748,8.0933,8.0571,7.9483,7.7054,7.394,7.1422,6.8528,6.6628,6.5978,6.6052,6.646,6.64,6.585,6.3848,5.9919,5.5697,4.911,4.2799,3.9603,3.9117,4.4194,5.4209,6.3803,7.7795,9.184,10.201,11.464,12.592,13.561
-4.3955,-4.5811,-4.4988,-4.0341,-3.5308,-2.8035,-2.1453,-1.7475,-1.3749,-1.1993,-1.2174,-1.338,-1.5676,-1.7981,-1.8968,-1.7908,-1.3541,-0.82716,0.043572,0.94547,1.7717,2.2953,2.8361,3.1545,3.2359,3.135,2.7423,2.2369,1.2638,-0.11503,-2.1039,-4.0965,-7.411,-9.3643,-7.5411,-3.8232,-0.84126,1.4076,2.7301,4.1329,5.2174,5.8599,6.5215,6.9861,7.2353,7.4413,7.5194,7.4975,7.4273,7.2795,7.0861,6.9191,6.6918,6.4572,6.2679,5.9824,5.6513,5.276,4.9803,4.6042,4.3524,4.3255,4.5774,5.1441,5.8957,6.4816,7.176,7.7049,7.9583,8.0774,7.9409,7.6584,7.0441,6.1484,4.9816,3.9588,2.4924,1.1565,0.4653,0.1881,0.55748,1.0379,1.6772,2.1726,2.4986,2.6311,2.6913,2.6547,2.5835,2.4105,2.1719,1.8745,1.5973,1.1851,0.73907,0.40372,0.0082816,-0.23533,-0.31796,-0.29841,-0.14498,0.098731,0.31035,0.5982,0.87029,1.0445,1.1934,1.1928,1.0841,0.75949,0.2159,-0.48705,-1.0234,-1.4936,-1.3917,-0.87832,0.20889,1.4427,2.5787,3.3059,4.1002,4.7079,5.0499,5.3684,5.5542,5.6244,5.6382,5.5645,5.4112,5.2478,4.9581,4.5637,4.1797,3.5321,2.7058,1.9613,0.78953,-0.62433,-2.2857,-3.6812,-5.659,-7.6636,-9.066,-10.641,-11.955,-13.007,-13.621,-13.839,-13.108,-12.102,-10.533,-9.2181,-8.5068,-7.9208,-7.8999,-8.6026,-9.7407,-12.585,-17.665,-17.824,-10.801,-5.8377,-3.1384,-0.37274,1.7072,3.3157,4.2751,5.2625,5.9294,6.2312,6.3779,6.2183,5.7287,5.1225,3.9367,2.2553,0.64506,-1.7723,-3.2622,-2.6657,-0.51152,1.5666,3.1387,3.9887,4.7032,5.0326,5.0842,4.9561,4.6523,4.3504,3.9147,3.5778,3.5096,3.7513,4.5385,5.7583,6.8285,8.2826,9.6207,10.768
-14.958,-20.566,-20.827,-13.398,-10.163,-7.2889,-5.3457,-4.2822,-3.2313,-2.464,-1.8603,-1.4848,-1.0433,-0.62615,-0.30662,0.15415,0.64242,1.0153,1.4987,1.9571,2.3504,2.5817,2.7939,2.8805,2.8544,2.7097,2.4308,2.1497,1.6916,1.1884,0.70848,0.41473,0.21151,0.31668,0.61819,1.287,2.1318,3.0431,3.7063,4.5261,5.2166,5.6438,6.0899,6.396,6.5369,6.6048,6.5683,6.4333,6.2914,6.0781,5.857,5.7203,5.6061,5.58,5.6212,5.7485,5.9433,6.1785,6.3575,6.5921,6.8315,7.0164,7.2582,7.4848,7.6662,7.7584,7.7983,7.7017,7.5138,7.088,6.4423,5.7807,4.6307,3.1194,1.1181,-0.83848,-4.4008,-10.033,-16.222,-12.233,-6.6935,-4.2272,-2.0453,-0.63239,0.29313,0.7337,1.0541,1.1254,1.0214,0.69301,0.11279,-0.74333,-1.5874,-3.0137,-4.809,-6.4111,-8.5097,-9.4755,-8.8602,-7.0515,-5.2113,-3.6996,-2.8029,-1.8945,-1.284,-1.0285,-0.93582,-1.1221,-1.481,-2.3297,-3.7351,-5.9912,-8.5851,-14.575,-19.176,-12.156,-6.6661,-3.4159,-1.2936,-0.16935,0.88209,1.5239,1.7769,1.8815,1.77,1.5759,1.232,0.89629,0.6403,0.51944,0.41246,0.3036,0.16805,-0.14534,-0.66769,-1.248,-2.3365,-3.8362,-5.8792,-7.8974,-11.545,-17.425,-26.597,-24.572,-16.795,-13.384,-11.77,-10.231,-9.0777,-8.4001,-7.6186,-7.0049,-6.7007,-6.5478,-6.5989,-6.8496,-7.1601,-7.5754,-7.6207,-7.1693,-5.7963,-3.9216,-2.4601,-0.59572,1.0422,2.4009,3.2305,4.1078,4.7254,5.014,5.1583,5.0206,4.5715,4.0054,2.9064,1.3955,0.0010241,-1.9643,-3.0119,-2.5003,-0.68102,1.2038,2.7041,3.5251,4.2102,4.5257,4.5381,4.2207,3.4603,2.5519,0.74546,-2.1471,-7.525,-17.333,-9.2599,-1.8937,1.2808,4.2195,6.2897,7.7777
-7.0313,-7.4788,-7.4969,-6.8323,-6.1194,-5.1915,-4.4376,-4.0056,-3.588,-3.2741,-2.9402,-2.625,-2.0891,-1.4033,-0.82236,-0.019943,0.74046,1.2691,1.8657,2.338,2.665,2.807,2.8649,2.7805,2.6278,2.3218,1.9587,1.6739,1.3053,1.0387,0.95074,1.0211,1.289,1.7352,2.1555,2.7816,3.4396,4.0845,4.5284,5.0577,5.4832,5.7241,5.9327,6.0029,5.954,5.7471,5.3714,4.8112,4.2761,3.4308,2.5297,1.9244,1.4465,1.5953,2.1353,3.2029,4.3836,5.4892,6.221,7.0514,7.7134,8.1027,8.4824,8.7129,8.7929,8.7542,8.5703,8.226,7.863,7.2399,6.4514,5.756,4.6867,3.4824,2.1791,1.1758,-0.095767,-1.1159,-1.6177,-1.842,-1.5848,-1.2018,-0.62749,-0.085878,0.34829,0.58706,0.76319,0.74991,0.60251,0.23801,-0.36152,-1.2463,-2.1258,-3.6625,-5.6828,-7.5479,-10.297,-11.677,-10.71,-8.2575,-6.0459,-4.3654,-3.4173,-2.4732,-1.8141,-1.4851,-1.2272,-1.1469,-1.2154,-1.4477,-1.8126,-2.2677,-2.5871,-2.7988,-2.6296,-2.2424,-1.4684,-0.61531,0.1253,0.54375,0.85465,0.81278,0.53274,-0.2025,-1.3965,-2.6311,-4.712,-6.9479,-8.0735,-7.4573,-5.6812,-4.0178,-3.0738,-2.2521,-1.8832,-1.8788,-2.1941,-2.7984,-3.6762,-4.4865,-5.6578,-6.7147,-7.2567,-7.4471,-7.0991,-6.4242,-5.8733,-5.1997,-4.674,-4.3468,-4.0585,-3.8948,-3.8206,-3.8061,-3.8203,-3.8036,-3.7243,-3.4619,-2.9977,-2.4997,-1.6494,-0.63779,0.17999,1.2614,2.293,3.2471,3.8742,4.5726,5.1117,5.4158,5.6867,5.806,5.7911,5.7052,5.5182,5.2857,5.1248,4.9924,5.0059,5.1304,5.4378,5.8376,6.2394,6.4815,6.7087,6.7977,6.7364,6.4645,5.9921,5.5143,4.741,3.9034,3.2414,3.052,3.3972,4.3201,5.2045,6.3752,7.3886,8.1749
0.29169,0.13712,-0.088453,-0.35136,-0.61146,-1.0916,-1.8264,-2.6012,-3.9873,-5.8223,-7.8132,-8.5234,-7.2615,-4.7459,-2.9367,-0.95024,0.56607,1.4584,2.3578,2.9579,3.2865,3.3692,3.2478,2.8722,2.422,1.5673,0.43944,-0.56356,-1.9683,-3.1201,-3.3353,-2.7455,-1.3512,0.19932,1.2836,2.531,3.5543,4.3665,4.8494,5.3333,5.6583,5.8114,5.893,5.8447,5.7103,5.3875,4.8486,4.028,3.1408,1.4468,-1.1951,-4.371,-13.531,-12.814,-4.9528,0.21534,3.3862,5.5753,6.8137,8.0833,8.9965,9.4825,9.9101,10.108,10.098,9.9576,9.6029,9.0661,8.5569,7.7403,6.7733,5.9801,4.8563,3.7157,2.6314,1.9101,1.103,0.50767,0.21891,0.02081,-0.0054784,0.05437,0.1966,0.39408,0.58912,0.72179,0.87073,0.96534,0.97668,0.89824,0.69201,0.36425,0.032617,-0.52743,-1.1343,-1.5713,-2.0753,-2.3456,-2.407,-2.3216,-2.1109,-1.8487,-1.6721,-1.4971,-1.3692,-1.2657,-1.1102,-0.9176,-0.7352,-0.41492,-0.020042,0.42522,0.76966,1.2374,1.7409,2.1139,2.5728,2.9531,3.2166,3.2967,3.1973,2.8274,2.3433,1.3568,-0.07292,-1.4812,-3.8736,-6.6066,-7.9789,-7.1204,-4.956,-3.0327,-1.9332,-0.90863,-0.29449,-0.014689,0.16445,0.17466,0.083193,-0.0081686,-0.14391,-0.23645,-0.27011,-0.24656,-0.16102,-0.049618,0.018637,0.064926,0.012418,-0.10903,-0.42731,-0.9434,-1.4413,-2.2301,-3.1238,-3.9353,-4.2937,-4.1827,-3.3589,-2.4314,-1.0295,0.33927,1.3097,2.4595,3.4307,4.2339,4.7438,5.3077,5.7503,6.0204,6.3203,6.5743,6.8086,6.9832,7.2193,7.4616,7.6517,7.9262,8.213,8.4358,8.7272,9.0021,9.2419,9.3843,9.541,9.6119,9.5986,9.5217,9.4013,9.2854,9.1123,8.9621,8.893,8.9057,9.0197,9.2324,9.4375,9.7309,9.9947,10.18
3.2636,3.1409,2.8799,2.4556,2.0226,1.2594,0.20445,-0.82996,-2.6036,-4.8551,-7.2972,-8.3117,-7.2484,-4.7918,-3.0786,-1.2342,0.14575,0.91119,1.6559,2.1077,2.3,2.2863,2.0466,1.5164,0.91035,-0.23719,-1.9129,-3.6264,-6.8007,-11.763,-14.141,-10.054,-5.4836,-2.4754,-0.87242,0.69006,1.777,2.4717,2.7932,2.9954,3.0067,2.931,2.7924,2.6762,2.6345,2.6501,2.6757,2.6522,2.5533,2.2853,1.9151,1.675,1.6174,2.0906,2.8287,4.1095,5.4508,6.6735,7.4594,8.3044,8.9107,9.2135,9.4248,9.414,9.1921,8.8847,8.2881,7.4778,6.7211,5.5054,4.0518,2.8174,0.98333,-0.98857,-2.8652,-3.9937,-4.8352,-4.9136,-4.6699,-4.2225,-3.8961,-3.7195,-3.5481,-3.4147,-3.2615,-3.0829,-2.7323,-2.2764,-1.8908,-1.4297,-1.0442,-0.78491,-0.67681,-0.63967,-0.72932,-0.85926,-1.088,-1.377,-1.6183,-1.9798,-2.4259,-2.9591,-3.4161,-4.1226,-4.9705,-5.5915,-6.2331,-6.3338,-5.8475,-4.6108,-3.1058,-1.5793,-0.51814,0.71159,1.7256,2.3787,3.0788,3.5965,3.9377,4.0631,4.0633,3.8854,3.6378,3.1543,2.5276,1.9978,1.2801,0.66611,0.23281,0.034924,-0.079787,-0.073521,-0.069651,-0.099503,-0.17688,-0.24429,-0.30188,-0.30262,-0.17442,0.021779,0.37497,0.79707,1.1239,1.5213,1.852,2.0709,2.1493,2.1179,1.8966,1.586,0.94759,-0.022836,-1.0395,-2.8662,-5.5897,-10.018,-16.543,-21.4,-10.104,-6.3578,-3.1518,-1.0072,0.16987,1.344,2.1756,2.6868,2.9087,3.0497,3.0632,3.0322,3.0177,3.1218,3.4102,3.7552,4.355,5.0509,5.5885,6.2801,6.9132,7.3438,7.8306,8.2232,8.5221,8.6942,8.8487,8.9055,8.9193,8.9125,8.8696,8.8226,8.7659,8.7328,8.7255,8.7443,8.8034,8.891,8.968,9.0807,9.187,9.2524
2.9765,3.0216,2.965,2.7796,2.5459,2.1103,1.5499,1.0566,0.33486,-0.37249,-0.96657,-1.2845,-1.4752,-1.4455,-1.3296,-1.1274,-0.90247,-0.75476,-0.61092,-0.52448,-0.51932,-0.58111,-0.75122,-1.0396,-1.3399,-1.839,-2.4471,-2.9406,-3.5475,-3.8952,-3.8298,-3.5099,-2.8119,-1.9974,-1.4217,-0.81123,-0.4636,-0.44402,-0.67283,-1.329,-2.4269,-3.5457,-5.2636,-6.5332,-6.419,-4.8935,-2.927,-1.2138,-0.15756,0.97708,1.8698,2.4398,3.1256,3.7867,4.2824,4.9266,5.5303,6.0713,6.4151,6.7568,6.9508,6.9969,6.9087,6.6481,6.1998,5.7426,4.9548,3.9405,3.0136,1.5346,-0.29497,-1.9734,-4.7402,-8.5084,-14.38,-22.877,-22.467,-14.796,-12.311,-10.647,-10.019,-10.057,-10.679,-11.873,-13.073,-13.348,-12.226,-10.165,-8.6219,-6.8749,-5.5413,-4.6022,-4.1208,-3.7135,-3.5814,-3.6293,-3.8573,-4.2809,-4.682,-5.3236,-6.091,-7.0337,-7.8812,-9.2727,-11.204,-13.385,-18.31,-32.614,-21.394,-13.077,-8.6013,-5.5697,-3.8361,-1.9677,-0.52426,0.33008,1.2206,1.8673,2.2975,2.4978,2.6289,2.6109,2.5103,2.2949,1.9911,1.7229,1.3349,0.92063,0.47308,0.11937,-0.40233,-1.0446,-1.6392,-2.6086,-3.8172,-4.897,-6.3736,-7.2903,-6.8812,-5.809,-4.0226,-2.3501,-1.2824,-0.13025,0.73335,1.3316,1.6198,1.7949,1.7475,1.5634,1.1401,0.50778,-0.10906,-1.0965,-2.166,-3.1761,-3.7161,-3.9015,-3.4701,-2.8828,-2.0218,-1.2462,-0.79977,-0.45435,-0.38865,-0.60656,-0.99094,-1.8266,-3.0485,-4.2195,-6.0038,-7.3936,-7.1183,-5.7868,-3.5617,-1.5119,-0.20162,1.2396,2.3751,3.0448,3.7354,4.2238,4.5248,4.6469,4.6669,4.6001,4.5126,4.3449,4.1557,4.0341,3.9253,3.8758,3.8685,3.8928,3.9513,4.0405,4.1216,4.2568,4.4273,4.6402
2.5295,2.8036,3.0472,3.1649,3.1649,3.0441,2.8043,2.5544,2.1297,1.615,1.0302,0.55901,-0.11252,-0.8411,-1.4058,-2.1547,-2.8591,-3.2954,-3.6933,-3.857,-3.8205,-3.7443,-3.6375,-3.5599,-3.5432,-3.5463,-3.5218,-3.4962,-3.3762,-3.0896,-2.7053,-2.3535,-1.836,-1.3488,-1.046,-0.77445,-0.73987,-0.98281,-1.4059,-2.3494,-3.8723,-5.4743,-8.3768,-11.405,-11.246,-7.8516,-4.605,-2.1774,-0.78083,0.68594,1.8236,2.5123,3.2677,3.8881,4.2687,4.6859,5.0128,5.2363,5.3296,5.3564,5.2652,5.1128,4.7902,4.3374,3.747,3.2175,2.3935,1.4403,0.6393,-0.56602,-1.9401,-3.0797,-4.7222,-6.4326,-8.0362,-8.9984,-9.7651,-9.9893,-10.022,-10.215,-10.641,-11.279,-12.719,-15.034,-18.1,-19.618,-17.268,-13.431,-11.188,-8.9633,-7.3923,-6.3413,-5.8413,-5.539,-5.5529,-5.7764,-6.3191,-7.0985,-7.8317,-8.9362,-10.021,-10.934,-11.465,-11.906,-12.057,-12.045,-11.8,-11.169,-10.239,-8.5378,-6.6615,-4.8088,-3.5781,-2.1808,-1.019,-0.32731,0.38748,0.8806,1.1655,1.2768,1.3013,1.2027,1.069,0.85434,0.61537,0.4299,0.18129,-0.092199,-0.39128,-0.65027,-1.0993,-1.7333,-2.362,-3.5245,-5.224,-7.0218,-10.386,-14.57,-13.243,-9.5959,-5.8022,-3.14,-1.6513,-0.14281,0.93236,1.6797,2.0568,2.3502,2.4357,2.3824,2.1662,1.8432,1.5497,1.1099,0.67185,0.28617,0.070974,-0.12425,-0.215,-0.23021,-0.25236,-0.32079,-0.4287,-0.70703,-1.2258,-1.984,-2.7488,-4.1146,-5.962,-7.7435,-10.83,-14.127,-13.897,-11.3,-7.8865,-5.2425,-3.7029,-2.0889,-0.87382,-0.20708,0.42058,0.76032,0.83205,0.71226,0.35633,-0.16968,-0.70228,-1.5034,-2.2227,-2.6179,-2.8918,-2.8712,-2.6374,-2.4345,-2.2368,-2.1701,-2.1913,-2.2783,-2.2504,-1.877
2.129,2.6267,3.1748,3.5862,3.8042,3.9672,3.9614,3.8483,3.5482,3.0453,2.3364,1.6511,0.49318,-0.99134,-2.3548,-4.5825,-7.3738,-9.6201,-11.522,-10.709,-8.9034,-7.7628,-6.7689,-6.319,-6.2578,-6.4218,-6.5614,-6.482,-5.9953,-5.0815,-3.9158,-3.009,-1.8731,-0.92562,-0.34965,0.20889,0.52606,0.61834,0.5371,0.26297,-0.15293,-0.50991,-0.9231,-1.1063,-1.0157,-0.60649,0.045937,0.80992,1.3858,2.0762,2.679,3.0567,3.4709,3.7886,3.9607,4.1189,4.2068,4.2024,4.1298,3.9448,3.6468,3.3298,2.786,2.1157,1.3407,0.70515,-0.174,-1.0177,-1.6085,-2.3567,-3.0166,-3.4946,-4.1152,-4.7142,-5.3197,-5.7457,-6.2652,-6.7587,-7.1151,-7.5458,-8.0131,-8.3879,-8.8489,-9.2003,-9.3446,-9.2157,-8.7408,-7.9957,-7.326,-6.4529,-5.7437,-5.297,-5.136,-5.2424,-5.6785,-6.2396,-7.3384,-8.8615,-10.396,-13.051,-16.668,-20.868,-21.443,-17.732,-14.222,-12.14,-9.9029,-8.0291,-6.7329,-5.1522,-3.7524,-2.5164,-1.6848,-0.77454,-0.10029,0.26122,0.54353,0.60396,0.47324,0.26142,-0.15954,-0.68162,-1.0858,-1.6196,-2.0311,-2.2254,-2.3141,-2.2007,-1.9388,-1.722,-1.4696,-1.3041,-1.2563,-1.3441,-1.5561,-1.7477,-1.9692,-1.9502,-1.5483,-1.0151,-0.11102,0.8551,1.535,2.3213,2.9336,3.3648,3.5623,3.67,3.6046,3.4654,3.1529,2.742,2.4122,1.9676,1.5656,1.2595,1.0979,0.95763,0.87914,0.83248,0.73634,0.54441,0.30807,-0.12611,-0.77578,-1.6467,-2.4211,-3.5754,-4.8214,-5.7227,-6.736,-7.3013,-7.2724,-6.8921,-6.0083,-4.8942,-4.0526,-3.0439,-2.2071,-1.7345,-1.3391,-1.2563,-1.4941,-1.9169,-2.7985,-4.2424,-5.7715,-8.4051,-11.973,-14.989,-15.557,-12.405,-9.77,-8.4836,-7.5355,-7.4511,-7.9701,-9.7108,-13.422,-18.415
0.37342,1.1358,2.1117,2.9627,3.4897,4.0251,4.3413,4.4244,4.3326,3.9998,3.4033,2.7629,1.6287,0.13001,-1.2994,-3.6837,-6.6693,-9.1733,-11.3,-10.369,-8.5962,-7.6427,-7.0615,-7.3075,-8.0615,-10.087,-14.094,-19.355,-18.438,-11.074,-6.7689,-4.5134,-2.3031,-0.68505,0.22633,1.1122,1.7063,2.0302,2.1395,2.1339,2.0247,1.9031,1.7459,1.6397,1.6129,1.6499,1.7736,1.9248,2.049,2.1837,2.2493,2.2498,2.19,2.0652,1.9724,1.8615,1.7562,1.6576,1.5685,1.3555,0.97526,0.55919,-0.21346,-1.2795,-2.6265,-3.8033,-5.4295,-6.8153,-7.3689,-7.3061,-6.7002,-6.2019,-5.686,-5.4086,-5.3408,-5.443,-5.7382,-6.2126,-6.6092,-7.1445,-7.6703,-7.9318,-8.0328,-7.8347,-7.4047,-6.9409,-6.2134,-5.4769,-4.9728,-4.3839,-3.9833,-3.8163,-3.8681,-4.1575,-4.7927,-5.4958,-6.766,-8.4203,-9.8635,-12.092,-14.382,-15.945,-16.058,-14.445,-11.983,-10.12,-7.8611,-5.8349,-4.4901,-2.9831,-1.7098,-0.71887,-0.1541,0.39937,0.66795,0.68289,0.45564,-0.06289,-0.86415,-1.6645,-2.9648,-4.4712,-5.7238,-7.4765,-9.052,-9.7697,-9.5773,-8.1334,-6.2128,-4.8018,-3.1189,-1.7063,-0.85184,0.07669,0.80714,1.2591,1.7461,2.181,2.5992,2.8966,3.2969,3.6654,3.9125,4.1835,4.3684,4.4351,4.3932,4.1975,3.8221,3.4076,2.6951,1.7671,0.965,-0.13438,-1.0661,-1.5563,-1.5497,-1.1295,-0.52389,-0.10117,0.31515,0.47788,0.39819,0.014896,-0.64733,-1.6664,-2.6448,-4.2357,-6.1202,-7.6654,-9.5519,-10.613,-10.276,-9.331,-7.807,-6.3732,-5.408,-4.314,-3.4994,-3.0369,-2.6581,-2.5742,-2.8121,-3.2184,-4.1594,-5.5074,-6.7441,-8.9344,-11.488,-12.973,-13.599,-12.524,-10.917,-9.8796,-8.767,-7.9868,-7.6962,-7.5473,-7.4959,-6.8808
-5.0898,-3.2587,-1.102,0.61572,1.6297,2.6427,3.3373,3.6622,3.849,3.7969,3.5132,3.1637,2.5277,1.7089,0.99995,-0.0044614,-1.0053,-1.6871,-2.4272,-2.9397,-3.2855,-3.5429,-4.0061,-4.6829,-5.3383,-6.3924,-7.4966,-7.9301,-7.5274,-6.1587,-4.3721,-3.0299,-1.4641,-0.20009,0.5446,1.2844,1.7314,1.8918,1.8473,1.5847,1.1408,0.74169,0.19759,-0.25435,-0.4657,-0.54111,-0.45044,-0.3258,-0.29645,-0.40346,-0.76121,-1.2129,-2.0501,-3.0592,-3.7729,-4.4109,-4.4738,-4.0357,-3.6023,-3.186,-3.093,-3.2756,-3.9201,-5.1169,-6.9923,-9.0151,-13.136,-21.27,-28.517,-16.513,-11.764,-9.7531,-8.0315,-7.0976,-6.7213,-6.7474,-7.1863,-8.0204,-8.9807,-10.686,-12.701,-14.051,-14.657,-13.103,-10.744,-9.1131,-7.2971,-5.8117,-4.9477,-4.0822,-3.5417,-3.273,-3.2972,-3.5757,-4.2066,-4.9041,-6.1775,-7.8304,-9.2955,-11.546,-13.866,-15.269,-15.015,-13.178,-10.628,-8.753,-6.487,-4.4983,-3.2356,-1.8714,-0.78957,0.0084812,0.38793,0.6098,0.53248,0.25258,-0.44138,-1.5215,-3.0518,-4.5098,-6.9087,-9.9341,-12.558,-16.407,-21.046,-25.97,-25.582,-16.812,-11.389,-8.4007,-5.3009,-2.9265,-1.5402,-0.057823,1.0738,1.7163,2.3811,2.8408,3.1187,3.244,3.3251,3.3473,3.3452,3.3282,3.3028,3.2418,3.1526,2.9096,2.4559,1.9143,0.86912,-0.71125,-2.4087,-5.7303,-11.547,-20.559,-12.868,-6.8855,-3.7115,-2.222,-0.97235,-0.32638,-0.16339,-0.37181,-0.9765,-2.01,-3.1127,-5.0845,-7.7866,-10.515,-15.764,-21.735,-17.229,-13.799,-10.789,-8.899,-7.8743,-6.7958,-5.9461,-5.4328,-4.9254,-4.5895,-4.5035,-4.6065,-5.0202,-5.5915,-6.2915,-7.5077,-8.7231,-9.7321,-11.172,-12.266,-12.67,-12.183,-10.599,-8.4996,-6.9589,-5.1151,-3.4577,-1.8799
-8.2419,-5.5742,-2.8915,-0.94469,0.1702,1.2771,2.0308,2.4085,2.6906,2.7478,2.6321,2.4577,2.1352,1.7521,1.4499,1.0269,0.629,0.35128,-0.0062211,-0.38131,-0.77764,-1.1058,-1.6216,-2.2029,-2.6742,-3.2393,-3.6508,-3.8201,-3.6768,-3.1844,-2.3751,-1.6649,-0.69921,0.18332,0.7245,1.2257,1.4068,1.2475,0.86677,-0.019912,-1.4103,-2.8255,-5.2233,-7.7283,-8.6046,-7.5656,-5.7043,-4.2494,-3.6156,-3.3659,-3.7767,-4.5643,-6.4099,-9.5483,-13.597,-27.356,-18.053,-11.408,-8.9775,-7.1171,-6.1654,-5.919,-6.0687,-6.6185,-7.4982,-8.2734,-9.2843,-10.042,-10.215,-9.7767,-8.9636,-8.3353,-7.5907,-7.1132,-7.0057,-7.1804,-7.7612,-8.7663,-9.8977,-11.982,-14.835,-17.474,-18.746,-15.626,-12.178,-10.064,-7.8082,-6.116,-5.0832,-4.0318,-3.2849,-2.8437,-2.7115,-2.8363,-3.2627,-3.8034,-4.8443,-6.3358,-7.8281,-10.396,-13.929,-17.383,-16.808,-12.702,-9.1471,-7.0458,-4.8177,-3.0448,-1.9963,-0.83834,0.0057261,0.55368,0.79304,0.82432,0.54796,0.12876,-0.75149,-2.0357,-3.7792,-5.4506,-8.322,-12.167,-16.071,-24.36,-27.142,-20.991,-16.11,-12.373,-9.1915,-7.1001,-4.6446,-2.6396,-1.3817,-0.0079217,1.0039,1.5326,1.9765,2.1112,1.9455,1.6481,1.037,0.29529,-0.24048,-0.70278,-0.70392,-0.29582,0.12135,0.60059,0.84307,0.80893,0.41806,-0.31937,-1.1155,-2.3838,-3.5737,-4.1076,-3.8541,-2.8799,-1.7606,-1.0223,-0.29925,0.091871,0.18763,0.05232,-0.43629,-1.1896,-1.9689,-3.2359,-4.7123,-5.8934,-7.3732,-8.5842,-9.3648,-9.7332,-10.17,-10.535,-10.724,-10.746,-10.235,-9.5464,-8.4766,-7.4194,-6.5902,-6.1524,-5.8056,-5.9143,-6.244,-6.843,-7.9864,-9.2124,-11.437,-15.274,-21.642,-20.745,-13.472,-8.8456,-6.3338,-3.7022,-1.6048,0.14742
-2.3562,-1.6753,-0.69541,0.19659,0.76278,1.365,1.7605,1.9094,1.9364,1.7636,1.4451,1.1432,0.74486,0.45343,0.35704,0.37296,0.53547,0.68913,0.86778,0.93547,0.81237,0.5888,0.089233,-0.67014,-1.4445,-2.7011,-4.097,-5.0958,-5.7256,-4.9985,-3.3158,-1.941,-0.27786,1.0583,1.8132,2.4784,2.7437,2.6148,2.2227,1.2766,-0.25071,-1.8633,-4.6962,-8.0042,-9.2545,-7.5319,-5.0886,-3.4291,-2.6737,-2.2411,-2.3715,-2.8007,-3.7304,-4.9922,-5.9209,-6.7876,-6.9527,-6.4741,-6.0355,-5.6202,-5.4864,-5.651,-6.1164,-6.7406,-7.4111,-7.8376,-8.1228,-8.0749,-7.8227,-7.28,-6.7081,-6.2409,-5.7828,-5.5063,-5.4712,-5.6088,-6.0235,-6.6965,-7.2489,-8.1094,-8.9467,-9.3178,-9.4562,-8.9896,-8.0543,-7.1813,-5.8831,-4.6307,-3.7597,-2.7459,-1.9051,-1.3143,-0.99891,-0.82325,-0.85989,-1.0474,-1.4577,-2.0617,-2.5714,-3.2659,-3.8536,-4.111,-3.9988,-3.5058,-2.6769,-1.9447,-0.94642,-0.025123,0.57261,1.2747,1.8079,2.1261,2.2407,2.2234,1.9486,1.5764,0.86595,-0.11071,-1.3524,-2.454,-4.0471,-5.747,-6.9268,-8.0454,-8.4419,-8.178,-7.2382,-5.8709,-4.3715,-3.181,-1.6564,-0.30244,0.60372,1.6023,2.3167,2.6744,2.8363,2.6081,1.9536,1.1035,-0.67393,-3.5308,-6.9149,-14.429,-11.571,-5.4014,-2.7168,-0.41407,0.98482,1.6399,2.0811,2.2049,2.1487,1.9546,1.7229,1.5502,1.4992,1.5299,1.6395,1.7365,1.85,1.8845,1.8232,1.653,1.2971,0.77529,0.29435,-0.49791,-1.434,-2.2323,-3.3738,-4.6628,-6.155,-7.4553,-9.6684,-12.748,-16.286,-25.372,-22.07,-16.174,-11.722,-8.9745,-7.1161,-6.1414,-5.2005,-4.7403,-4.4653,-4.3524,-4.5873,-4.789,-5.1285,-5.4385,-5.3228,-4.9011,-3.8763,-2.4491,-1.3212,0.16166,1.539,2.7726
0.25426,0.45357,0.77829,1.1624,1.4083,1.6535,1.7341,1.6412,1.2711,0.57808,-0.5093,-1.6074,-3.34,-4.8071,-4.9544,-3.5233,-1.5066,-0.15672,1.2393,2.1798,2.6756,2.758,2.4986,1.7655,0.85981,-1.0272,-3.9603,-7.4101,-13.415,-8.7371,-3.3042,-0.65314,1.8694,3.6062,4.5404,5.3893,5.8589,5.9794,5.8673,5.4683,4.8417,4.2664,3.4645,2.7589,2.382,2.0998,2.029,2.0164,1.9764,1.8188,1.5101,1.1865,0.67282,0.13415,-0.26644,-0.77936,-1.1865,-1.6006,-1.9272,-2.4698,-3.3201,-4.1719,-5.6988,-7.8485,-10.612,-12.685,-13.357,-11.011,-8.9879,-6.8764,-5.3641,-4.5047,-3.7577,-3.3722,-3.3009,-3.4202,-3.8394,-4.5156,-5.1509,-6.177,-7.2361,-7.9967,-8.6874,-8.7131,-7.8805,-6.8701,-5.3261,-3.7136,-2.6145,-1.3133,-0.25944,0.56316,1.0339,1.5089,1.7861,1.8787,1.8809,1.7885,1.6654,1.4712,1.3092,1.1885,1.1747,1.2542,1.435,1.634,1.9803,2.3668,2.6969,3.1098,3.4697,3.7584,3.8705,3.9116,3.7805,3.5561,3.0838,2.4367,1.6087,0.90592,-0.11027,-1.1675,-1.8964,-2.6888,-3.1825,-3.2782,-2.988,-2.2511,-1.2212,-0.30499,0.94892,2.1561,2.974,3.8849,4.5717,4.9266,5.1389,5.0454,4.6153,4.0564,3.0071,1.6607,0.61158,-0.32957,-0.16044,0.95297,1.9637,3.1715,4.0696,4.5285,4.9038,4.995,4.9339,4.7072,4.3797,4.002,3.7218,3.381,3.1378,3.0143,2.9299,2.9212,2.9078,2.8577,2.7733,2.5458,2.3033,1.8476,1.2305,0.66501,-0.23926,-1.3108,-2.5876,-3.6749,-5.2652,-7.0497,-8.2878,-9.4815,-9.5976,-9.0037,-7.7516,-6.4348,-5.2137,-4.435,-3.559,-2.7543,-2.189,-1.6904,-1.1682,-0.83593,-0.45685,0.010639,0.49939,0.92213,1.5677,2.2599,2.8178,3.5702,4.3111,5.0057
-3.8464,-3.637,-3.1412,-2.5643,-2.1416,-1.7148,-1.4858,-1.4537,-1.6871,-2.2998,-3.4488,-4.7703,-7.5067,-11.148,-11.719,-7.6049,-3.6773,-1.5345,0.57204,1.9953,2.917,3.3236,3.521,3.3858,3.1115,2.5571,1.9219,1.5511,1.3482,1.7083,2.5149,3.2639,4.272,5.1641,5.7158,6.2798,6.6445,6.8077,6.8146,6.6823,6.4166,6.1521,5.7181,5.2415,4.8588,4.329,3.7793,3.2155,2.7556,2.1036,1.4301,0.93906,0.3172,-0.21033,-0.55507,-0.91097,-1.2113,-1.534,-1.8353,-2.3936,-3.1858,-3.9977,-5.4981,-7.5887,-10.219,-12.156,-12.69,-10.566,-8.7024,-6.7382,-5.2484,-4.5379,-3.9284,-3.6772,-3.7463,-4.0125,-4.6048,-5.5079,-6.4896,-8.1179,-10.498,-13.117,-18.829,-29.186,-17.093,-12.566,-8.7085,-6.1133,-4.5909,-2.9862,-1.7689,-0.80292,-0.25683,0.3119,0.69583,0.90123,1.0457,1.0823,1.0319,0.88888,0.66842,0.38356,0.12233,-0.2202,-0.53976,-0.72073,-0.81266,-0.64591,-0.35139,0.17647,0.77163,1.343,1.7068,2.0087,2.1443,2.1171,1.8879,1.438,0.77823,0.13344,-0.96403,-2.263,-3.4579,-5.2927,-7.2215,-8.3853,-8.5531,-6.9148,-4.5465,-2.8465,-0.86099,0.82448,1.8826,3.0451,3.9572,4.453,4.9245,5.1807,5.2219,5.1482,4.9489,4.6965,4.5247,4.3748,4.3619,4.4751,4.6099,4.7929,4.9126,4.9083,4.7592,4.4134,4.0042,3.2714,2.3264,1.2063,0.29444,-0.84453,-1.6797,-1.9415,-1.8074,-1.3193,-0.84497,-0.29794,0.11586,0.37588,0.42241,0.34729,0.10068,-0.1881,-0.73151,-1.4249,-2.2562,-2.9568,-3.9731,-5.007,-5.7398,-6.5809,-7.232,-7.5069,-7.5933,-7.4476,-7.0379,-6.5535,-5.7838,-4.8269,-4.2138,-3.3375,-2.4301,-1.8406,-1.0792,-0.37882,0.22712,0.6466,1.1485,1.5591,1.8138,2.0844,2.297,2.4886
-16.38,-13.779,-11.131,-9.4547,-8.5453,-7.6535,-6.9475,-6.4626,-5.8867,-5.4114,-5.0522,-4.8444,-4.5706,-4.1219,-3.6185,-2.59,-1.3754,-0.44049,0.71789,1.687,2.4194,2.8217,3.1684,3.3287,3.3549,3.3225,3.2252,3.1832,3.1747,3.2812,3.4672,3.6705,3.9736,4.2781,4.4931,4.7393,4.912,5.0068,5.0163,4.942,4.7544,4.5412,4.1598,3.6652,3.2169,2.5174,1.6624,0.6655,-0.19629,-1.4677,-2.8468,-3.8875,-5.1079,-5.9077,-6.0834,-5.8268,-5.3358,-4.7915,-4.4965,-4.2848,-4.267,-4.4399,-4.8028,-5.2971,-5.7901,-6.0739,-6.2554,-6.1507,-5.9919,-5.7233,-5.4731,-5.4087,-5.4337,-5.613,-5.9691,-6.3556,-6.9971,-7.7922,-8.5329,-9.6074,-10.895,-11.81,-12.827,-13.141,-12.298,-11.22,-9.5813,-8.0375,-7.0631,-5.9752,-5.1219,-4.4422,-4.033,-3.6361,-3.3408,-3.1662,-3.0041,-2.9455,-2.961,-3.0911,-3.4295,-3.9873,-4.6294,-5.806,-7.3888,-8.7721,-10.421,-10.514,-9.3933,-7.3384,-5.4116,-3.9779,-3.1281,-2.3359,-1.8552,-1.6711,-1.6329,-1.8413,-2.291,-2.8162,-3.776,-5.1109,-6.4706,-8.8547,-12.299,-15.647,-17.084,-12.539,-8.581,-6.3374,-4.0035,-2.1421,-1.015,0.23546,1.2485,1.8482,2.4737,2.908,3.1759,3.2895,3.339,3.3185,3.2824,3.2216,3.1667,3.1197,3.0816,3.0011,2.8469,2.6485,2.2089,1.568,0.88962,-0.32891,-2.0149,-4.3478,-6.6916,-11.16,-18.359,-19.264,-12.933,-9.3075,-7.5636,-5.9945,-5.0412,-4.3949,-4.0832,-3.8311,-3.7482,-3.7916,-3.9978,-4.3919,-4.9591,-5.5266,-6.4333,-7.5173,-8.5013,-9.92,-11.534,-12.781,-14.319,-15.144,-14.955,-14.161,-12.716,-11.139,-10.182,-8.696,-7.3613,-6.4697,-5.2847,-4.3286,-3.5276,-3.0576,-2.6571,-2.4793,-2.543,-2.8765,-3.5145,-4.3572
-15.619,-14.895,-13.939,-13.503,-13.565,-13.783,-13.458,-12.563,-10.613,-8.471,-6.5304,-5.2782,-3.8133,-2.5566,-1.7073,-0.66775,0.27783,0.92788,1.6754,2.2938,2.7589,3.0062,3.2248,3.3182,3.3084,3.2289,3.0925,2.9654,2.8103,2.6579,2.5431,2.4871,2.4536,2.4796,2.5299,2.6315,2.7411,2.8517,2.9049,2.9228,2.8442,2.7076,2.4158,1.9568,1.4989,0.71098,-0.31737,-1.6394,-2.8368,-4.8333,-7.4597,-10.085,-15.21,-22.499,-19.12,-13.178,-9.7198,-7.4882,-6.3056,-5.1786,-4.4626,-4.1364,-3.8836,-3.8141,-3.8896,-4.0048,-4.2151,-4.4734,-4.7101,-5.0619,-5.567,-5.9645,-6.5971,-7.3156,-8.0858,-8.6331,-9.3492,-9.912,-10.203,-10.565,-10.708,-10.756,-10.717,-10.465,-10.126,-9.7707,-9.3096,-8.8326,-8.5222,-8.2096,-7.9733,-7.9036,-7.8843,-7.9134,-7.8768,-7.8215,-7.6136,-7.2935,-7.0256,-6.7508,-6.6951,-6.9756,-7.4809,-8.7107,-10.738,-13,-17.004,-17.832,-14.782,-11.128,-8.6267,-6.9849,-6.1892,-5.4093,-4.9296,-4.6948,-4.4871,-4.3756,-4.4022,-4.5189,-4.8262,-5.3728,-5.8487,-6.6471,-7.3892,-7.7904,-7.9118,-7.5321,-6.6839,-5.9383,-4.8043,-3.6433,-2.7957,-1.7146,-0.79306,-0.18703,0.45384,0.88536,1.1436,1.218,1.1819,1.0379,0.89237,0.71033,0.59077,0.56413,0.59949,0.66744,0.68791,0.64398,0.41103,-0.054514,-0.5901,-1.6034,-2.99,-4.774,-6.3563,-8.6555,-10.565,-11.2,-11.023,-10.241,-9.7611,-9.2621,-8.8824,-8.5711,-8.2691,-7.8429,-7.4401,-7.2027,-6.9928,-6.9968,-7.2409,-7.6166,-8.3943,-9.5471,-10.693,-12.702,-15.469,-18.378,-24.078,-38.859,-28.429,-23.498,-20.134,-18.127,-16.755,-14.601,-12.7,-11.203,-9.3852,-7.8738,-6.645,-5.988,-5.448,-5.325,-5.5348,-6.2911,-7.7516,-10.344
-10.4,-10.987,-11.916,-13.296,-14.965,-18.966,-26.527,-21.232,-13.733,-9.2886,-6.1951,-4.4081,-2.5068,-1.011,-0.068737,0.95298,1.7742,2.2724,2.792,3.1436,3.3518,3.4103,3.3627,3.1871,2.9848,2.6126,2.1828,1.8073,1.2742,0.72081,0.20547,-0.15458,-0.5281,-0.73805,-0.76963,-0.64453,-0.34443,0.031343,0.32698,0.67179,0.92508,1.0222,0.98675,0.75311,0.42768,-0.23098,-1.1151,-2.2802,-3.3389,-5.0031,-6.9424,-8.4761,-10.39,-11.476,-11.211,-9.8508,-8.0768,-6.4218,-5.3693,-4.1981,-3.3473,-2.8595,-2.4674,-2.3059,-2.3499,-2.509,-2.8707,-3.4194,-3.9139,-4.7386,-5.7224,-6.5754,-7.8997,-9.4465,-11.163,-12.496,-13.993,-14.673,-14.423,-13.488,-12.365,-11.655,-10.844,-10.245,-9.8649,-9.7128,-9.6493,-9.8124,-10.001,-10.364,-10.859,-11.499,-12.155,-13.166,-14.377,-15.027,-14.742,-12.985,-11.399,-9.5522,-8.1401,-7.2689,-6.8971,-6.7673,-6.9588,-7.2037,-7.4823,-7.5114,-7.4099,-7.0786,-6.8769,-6.8557,-7.0198,-7.4539,-7.8725,-7.9947,-7.7209,-7.0012,-6.1409,-5.5614,-5.0312,-4.7662,-4.7537,-4.9534,-5.3347,-5.7067,-6.2719,-6.8204,-7.2076,-7.2411,-6.7902,-5.8322,-4.8712,-3.54,-2.3434,-1.6069,-0.8767,-0.45087,-0.35765,-0.5078,-0.97903,-1.7501,-2.4741,-3.4433,-4.0459,-3.9074,-3.3541,-2.3518,-1.3951,-0.84441,-0.35057,-0.22425,-0.33535,-0.75313,-1.4562,-2.3962,-3.2407,-4.4484,-5.7101,-6.6545,-7.9264,-9.3312,-10.486,-12.287,-13.934,-14.754,-14.367,-12.911,-11.272,-10.208,-9.1468,-8.4453,-8.1363,-8.1236,-8.4623,-9.1624,-9.9272,-11.318,-13.015,-14.513,-16.636,-18.429,-19.82,-20.872,-22.866,-26.81,-28.271,-23.26,-18.063,-14.837,-11.81,-9.5217,-7.8282,-6.9005,-5.9997,-5.5457,-5.4468,-5.6618,-6.2256,-7.0528
-8.4433,-8.5391,-8.5841,-8.6446,-8.656,-8.5973,-8.0771,-7.3168,-5.8466,-4.1416,-2.4954,-1.3729,-0.073255,0.99983,1.6606,2.3772,2.9101,3.1896,3.4224,3.4918,3.3945,3.2167,2.8221,2.2596,1.7442,0.93451,-0.0033922,-0.75538,-1.8592,-3.0114,-4.2686,-5.2398,-6.5043,-7.4748,-7.7053,-7.1541,-5.8999,-4.4802,-3.4716,-2.3254,-1.439,-0.94799,-0.53939,-0.39382,-0.47078,-0.81369,-1.4542,-2.3616,-3.2273,-4.5339,-5.9064,-6.8817,-7.8401,-8.1313,-7.8639,-6.9898,-5.7652,-4.4751,-3.5591,-2.5224,-1.7125,-1.2757,-0.9371,-0.86596,-1.0479,-1.3505,-1.9657,-2.8066,-3.5895,-4.8149,-6.1867,-7.4119,-9.2006,-11.375,-14.219,-17.182,-23.878,-33.052,-22.775,-16.859,-13.702,-12.125,-10.703,-10,-9.7434,-9.8855,-10.413,-11.328,-12.221,-13.458,-14.523,-15.131,-15.613,-16.747,-19.2,-22.258,-22.849,-16.41,-12.82,-9.4095,-7.0573,-5.3916,-4.5247,-3.7133,-3.2344,-3.0366,-2.9417,-3.0316,-3.2037,-3.639,-4.3769,-5.6027,-6.9155,-9.7005,-14.601,-21.395,-17.803,-11.113,-7.5293,-5.8184,-4.3534,-3.5207,-3.2897,-3.3404,-3.8781,-4.6035,-6.0978,-8.4144,-12.158,-16.346,-17.886,-11.688,-8.3883,-5.3999,-3.3541,-2.275,-1.3357,-0.85652,-0.86569,-1.1905,-2.1246,-3.7911,-5.7416,-10.101,-21.192,-16.159,-9.6328,-5.1828,-2.5584,-1.2464,-0.094578,0.56469,0.78116,0.76566,0.44119,-0.1637,-0.77119,-1.7964,-3.0596,-4.1867,-5.9542,-8.2052,-10.207,-13.798,-19.049,-24.812,-21.519,-16.54,-13.309,-11.585,-9.8682,-8.6511,-7.836,-7.4729,-7.271,-7.3923,-7.6912,-8.3353,-9.2225,-10.017,-11.218,-12.518,-13.938,-15.131,-16.741,-18.031,-18.584,-17.028,-14.766,-12.811,-10.583,-8.6364,-7.0999,-6.13,-5.1314,-4.3784,-3.9978,-3.6889,-3.5819,-3.5766
-10.821,-8.9724,-6.8834,-5.2847,-4.3238,-3.2391,-2.2665,-1.5723,-0.69647,0.13442,0.88817,1.3863,1.946,2.3983,2.6537,2.9039,3.0624,3.105,3.0638,2.8888,2.5218,2.1094,1.3572,0.33159,-0.61384,-2.0769,-3.7826,-5.0744,-6.7388,-8.3145,-10.003,-11.541,-14.751,-21.138,-42.667,-19.407,-12.956,-9.3469,-7.4083,-5.433,-3.9567,-3.0766,-2.1839,-1.596,-1.3669,-1.3396,-1.7349,-2.5137,-3.397,-5.0667,-7.4574,-9.9183,-14.131,-15.679,-12.671,-8.6412,-5.6506,-3.5139,-2.258,-1.0241,-0.16944,0.21204,0.45635,0.37174,-0.032222,-0.54584,-1.5106,-2.7678,-3.9261,-5.6844,-7.5929,-8.9995,-10.658,-11.963,-12.907,-13.447,-13.797,-13.576,-12.877,-11.571,-10.296,-9.44,-8.6006,-8.2166,-8.3289,-8.7857,-10.012,-12.092,-14.586,-20.407,-32.875,-21.052,-16.888,-13.925,-12.069,-10.955,-9.4382,-7.7236,-6.3963,-4.681,-3.1839,-1.948,-1.2145,-0.47196,0.037315,0.27585,0.40902,0.33542,0.17384,-0.27663,-0.91813,-1.8829,-2.767,-4.1553,-5.4992,-6.1018,-5.8495,-4.6463,-3.2005,-2.2518,-1.2953,-0.71978,-0.54062,-0.62948,-1.1061,-1.7231,-2.8905,-4.434,-6.1665,-7.2549,-7.4985,-6.3267,-4.9993,-3.3617,-2.032,-1.2533,-0.51384,-0.097395,0.0039708,-0.1316,-0.61041,-1.4004,-2.1499,-3.1734,-3.78,-3.492,-2.7267,-1.3762,-0.094153,0.73203,1.5461,2.0963,2.3168,2.3712,2.1651,1.7171,1.2286,0.34766,-0.7667,-1.7858,-3.3391,-5.1767,-6.6804,-8.809,-10.776,-12.229,-12.811,-12.837,-12.059,-11.123,-9.6494,-8.2606,-7.0858,-6.4205,-5.7949,-5.4974,-5.4789,-5.6685,-6.1347,-6.5919,-7.3393,-8.2553,-9.1908,-9.8531,-10.611,-11.255,-11.373,-11.136,-10.515,-9.7179,-8.6301,-7.3431,-6.1663,-5.2871,-4.304,-3.4767,-2.9811,-2.4698,-2.1196,-1.9132
-8.5432,-6.2279,-3.7184,-1.8276,-0.72392,0.46334,1.3444,1.8603,2.369,2.6772,2.8044,2.7798,2.6089,2.332,2.0906,1.7918,1.5769,1.5013,1.4306,1.3037,0.99705,0.57574,-0.30788,-1.6478,-3.0629,-5.5302,-8.9947,-12.316,-16.802,-16.966,-14.856,-13.959,-13.594,-13.681,-13.585,-12.904,-11.758,-10.421,-9.4114,-7.9964,-6.4452,-5.282,-3.8071,-2.6148,-1.9475,-1.3925,-1.2363,-1.5017,-1.9861,-3.0549,-4.6063,-6.0235,-7.827,-8.146,-7.0062,-4.7646,-2.6539,-0.95548,0.037483,1.0319,1.678,1.9351,1.9959,1.7253,1.106,0.40773,-0.88268,-2.6285,-4.2889,-7.1583,-11.011,-14.834,-20.255,-17.979,-14.285,-12.405,-10.635,-9.2564,-8.4224,-7.3488,-6.4526,-5.8549,-5.3494,-5.0159,-5.0381,-5.2459,-5.9079,-6.8867,-7.7743,-8.8998,-9.4349,-8.7798,-7.8733,-6.4179,-4.9957,-4.0564,-2.8614,-1.7876,-1.0364,-0.10222,0.71823,1.3879,1.8227,2.2721,2.5902,2.7478,2.8478,2.8429,2.7622,2.5731,2.2927,1.9583,1.6769,1.3619,1.1334,1.0813,1.1808,1.462,1.8471,2.1332,2.4821,2.672,2.73,2.604,2.2986,1.9502,1.3533,0.68085,-0.0018107,-0.41401,-0.7849,-0.89871,-0.84703,-0.63411,-0.29632,-0.029822,0.37385,0.70325,0.98145,1.1151,1.2011,1.1932,1.1618,1.1347,1.1918,1.3757,1.6113,2.0185,2.4722,2.791,3.181,3.4489,3.5637,3.5869,3.4444,3.1181,2.7371,2.0578,1.1676,0.3512,-0.94047,-2.4778,-3.8385,-5.8711,-8.377,-11.527,-14.641,-19.212,-17.801,-14.139,-10.412,-7.8156,-5.999,-4.983,-4.0736,-3.5672,-3.4087,-3.4485,-3.7694,-4.1609,-4.8912,-5.7951,-6.8346,-7.7062,-8.9603,-10.183,-10.839,-11.693,-11.471,-10.935,-9.5807,-8.0525,-6.5456,-5.523,-4.3393,-3.4234,-2.8728,-2.3173,-1.9249,-1.7112
-0.81898,-0.14389,0.84736,1.7883,2.4278,3.1208,3.6103,3.8185,3.8822,3.6682,3.136,2.5076,1.3292,-0.27983,-1.686,-3.4958,-4.3205,-3.9449,-2.7957,-1.7589,-1.1613,-1.0686,-1.4529,-2.3794,-3.4695,-5.4778,-8.1696,-10.487,-12.986,-13.327,-12.034,-11.201,-10.424,-10.191,-10.298,-10.81,-11.98,-13.894,-15.786,-16.231,-12.404,-9.3557,-6.1304,-3.8,-2.506,-1.2998,-0.51024,-0.12963,-0.053119,-0.1394,-0.34786,-0.52104,-0.62522,-0.48211,-0.21143,0.38204,1.0808,1.7966,2.2557,2.7493,3.037,3.1247,3.0068,2.6293,1.9721,1.2765,0.064397,-1.5134,-2.9554,-5.2423,-7.9513,-9.9814,-11.88,-11.852,-10.571,-9.487,-8.1782,-7.0164,-6.2268,-5.2934,-4.3806,-3.7768,-3.0559,-2.4976,-2.0786,-1.8793,-1.7195,-1.6836,-1.6759,-1.6368,-1.4781,-1.1749,-0.83788,-0.3081,0.25716,0.68902,1.2137,1.6864,1.9951,2.3431,2.6053,2.8048,2.9031,3.004,3.0626,3.0874,3.1122,3.1229,3.1035,3.0934,3.0349,3.0097,2.9908,2.9986,3.0713,3.1725,3.3731,3.6404,3.9255,4.136,4.3606,4.504,4.5217,4.4351,4.1929,3.9111,3.4055,2.7595,2.0118,1.3899,0.4953,-0.39853,-1.0493,-1.7098,-2.0155,-1.9406,-1.5104,-0.83082,-0.13222,0.33851,0.86132,1.2402,1.4376,1.6173,1.7377,1.8469,1.9382,2.0724,2.2583,2.4121,2.6424,2.8495,2.9812,3.0948,3.1078,2.9851,2.7961,2.4054,1.8287,1.2861,0.361,-0.74716,-1.7443,-3.2715,-5.1534,-7.2748,-8.9316,-10.559,-10.295,-9.0261,-6.9862,-5.2169,-3.842,-3.0937,-2.4096,-2.0627,-1.9965,-2.1849,-2.6151,-3.1229,-4.0035,-5.1132,-6.5391,-7.8203,-9.9144,-12.576,-15.741,-21.801,-26.644,-19.752,-13.971,-10.564,-8.1241,-6.8203,-5.5028,-4.5695,-4.1067,-3.747,-3.6247,-3.6301
1.1798,1.6627,2.3044,2.9176,3.3176,3.7288,3.973,4.0164,3.8439,3.3739,2.5323,1.6094,-0.13251,-2.6873,-5.4637,-11.016,-15.223,-10.839,-6.4584,-3.9926,-2.6779,-2.1851,-2.0354,-2.3606,-2.8158,-3.6848,-4.6316,-5.3595,-6.1792,-6.6961,-6.9901,-7.0959,-7.266,-7.5407,-7.9036,-8.6951,-9.9096,-11.655,-12.916,-13.121,-10.748,-8.4782,-5.8291,-3.7952,-2.6096,-1.4112,-0.61174,-0.10304,0.12169,0.27373,0.31857,0.33541,0.38835,0.50887,0.67574,0.98504,1.3631,1.7549,2.0362,2.3278,2.4866,2.4974,2.3559,2.0147,1.4709,0.92636,0.037249,-1.0382,-1.9423,-3.2042,-4.5233,-5.4194,-6.4964,-7.2596,-7.7731,-8.0082,-8.0452,-7.8407,-7.3856,-6.5289,-5.4248,-4.5689,-3.3915,-2.3681,-1.4786,-0.92916,-0.30351,0.18938,0.48963,0.83259,1.1433,1.3993,1.5908,1.8117,1.9774,2.0728,2.1208,2.0833,1.987,1.7531,1.4241,1.0363,0.71299,0.30909,0.00044202,-0.13962,-0.19278,-0.14058,-0.043127,0.068027,0.18411,0.2483,0.32104,0.43712,0.66834,0.92035,1.3724,1.903,2.4618,2.8639,3.3052,3.6364,3.7675,3.8074,3.6459,3.3906,2.865,2.0996,1.0813,0.09277,-1.5583,-3.7576,-5.8432,-9.4325,-12.645,-11.858,-8.5412,-5.72,-3.8051,-2.7784,-1.8661,-1.3377,-1.1471,-1.1067,-1.2474,-1.4903,-1.6949,-1.899,-1.958,-1.8392,-1.5461,-1.086,-0.71288,-0.2522,0.1125,0.35406,0.44808,0.42691,0.25607,0.028572,-0.39189,-0.93027,-1.4062,-2.1014,-2.786,-3.424,-3.8019,-4.0602,-4.0092,-3.7971,-3.3523,-2.8294,-2.3624,-2.1106,-1.9266,-1.9501,-2.1264,-2.57,-3.2518,-3.9171,-4.9693,-6.2515,-7.698,-8.8626,-10.537,-12.428,-13.5,-14.975,-14.957,-14.301,-12.489,-10.719,-9.1352,-8.2131,-7.3334,-6.8449,-6.7502,-6.9957,-7.6914,-8.7389
-0.04221,0.54983,1.2991,2.0003,2.4447,2.9168,3.2137,3.3127,3.2448,2.9382,2.386,1.8011,0.81081,-0.34867,-1.2537,-2.2696,-2.8467,-2.909,-2.6474,-2.259,-1.992,-1.9328,-2.048,-2.4186,-2.8043,-3.4548,-4.1096,-4.6117,-5.1832,-5.5541,-5.7993,-5.8496,-5.8875,-5.8805,-5.8988,-5.9649,-6.0445,-6.07,-5.9739,-5.6222,-4.9815,-4.3524,-3.452,-2.6137,-2.0869,-1.5253,-1.2048,-1.0768,-1.1057,-1.2979,-1.6175,-1.8711,-2.1644,-2.2805,-2.1781,-1.8365,-1.2927,-0.70665,-0.28151,0.17082,0.46043,0.53722,0.47945,0.22181,-0.21319,-0.63798,-1.3109,-2.0902,-2.7176,-3.6006,-4.5314,-5.3048,-6.3991,-7.6775,-9.2334,-10.67,-12.962,-15.091,-15.081,-12.512,-9.4501,-7.4915,-5.3516,-3.6649,-2.3403,-1.5328,-0.68205,-0.0076709,0.39352,0.81758,1.1278,1.3395,1.4362,1.4819,1.4196,1.2919,1.0025,0.54048,0.065677,-0.76071,-1.8394,-3.1837,-4.3396,-5.9474,-7.2227,-7.6038,-7.2856,-6.4768,-5.8318,-5.2878,-5.0154,-5.161,-5.3907,-5.7267,-5.7425,-5.3179,-4.1956,-2.7768,-1.3815,-0.46852,0.52727,1.2508,1.6156,1.8714,1.8735,1.7153,1.2865,0.60408,-0.36705,-1.3008,-2.8594,-4.8591,-6.6941,-9.4424,-11.447,-11.209,-9.2892,-7.2999,-5.8661,-5.1143,-4.5716,-4.4491,-4.6059,-5.1439,-6.0521,-7.3467,-8.5275,-10.082,-11.069,-10.859,-9.5872,-7.9307,-6.7833,-5.507,-4.5411,-3.8287,-3.4461,-3.1292,-2.9622,-2.9398,-2.9764,-3.114,-3.2257,-3.4054,-3.5083,-3.5726,-3.5578,-3.4416,-3.2426,-3.051,-2.7873,-2.5543,-2.415,-2.3823,-2.4982,-2.8039,-3.1912,-3.8929,-4.8678,-5.7594,-7.1951,-8.8512,-10.571,-11.809,-13.185,-13.945,-14.024,-13.92,-13.213,-12.683,-11.634,-10.687,-9.8322,-9.3355,-8.8607,-8.7672,-8.9423,-9.6338,-10.969,-13.315
-2.8501,-1.9139,-0.69742,0.39701,1.1078,1.8789,2.4354,2.7117,2.8944,2.8755,2.6767,2.422,1.9835,1.4776,1.0889,0.60466,0.20916,-0.04796,-0.30947,-0.57686,-0.892,-1.2116,-1.7802,-2.5351,-3.2403,-4.316,-5.5201,-6.3782,-7.2653,-7.6318,-7.3794,-6.926,-6.1534,-5.3944,-4.8859,-4.2964,-3.8237,-3.4135,-3.1521,-2.8035,-2.4538,-2.2048,-1.92,-1.6701,-1.5487,-1.5221,-1.6563,-2.0166,-2.4644,-3.3531,-4.6125,-5.8337,-7.7292,-9.2653,-9.343,-7.8493,-5.7825,-4.0222,-3.012,-2.0742,-1.5278,-1.3633,-1.4239,-1.7614,-2.3061,-2.8056,-3.5207,-4.1901,-4.631,-5.1749,-5.6486,-6.069,-6.7431,-7.7499,-9.18,-10.641,-13.259,-16.174,-16.266,-13.13,-9.7446,-7.6965,-5.5546,-3.9301,-2.7015,-1.9642,-1.2049,-0.63472,-0.30204,0.027919,0.24194,0.3914,0.42353,0.38174,0.23484,0.013778,-0.42138,-1.0767,-1.7402,-2.9027,-4.4812,-6.6817,-8.8874,-13.316,-22.537,-30.607,-16.57,-12.089,-10.303,-9.0482,-8.8316,-9.5805,-10.987,-14.616,-23.338,-21.352,-12.287,-7.6432,-4.7126,-3.1533,-1.6251,-0.62366,-0.10732,0.27143,0.38206,0.30663,0.013978,-0.45497,-1.0979,-1.648,-2.4916,-3.3873,-4.0601,-4.828,-5.3902,-5.5847,-5.6362,-5.5438,-5.476,-5.5308,-5.7687,-6.2803,-6.8631,-7.9658,-9.5268,-11.761,-14.065,-18.799,-27.226,-24.12,-17.31,-13.51,-11.671,-9.9153,-8.683,-7.8343,-7.39,-6.9494,-6.6791,-6.5736,-6.5251,-6.5745,-6.5822,-6.5571,-6.4,-6.0573,-5.6799,-5.1104,-4.5064,-4.0595,-3.5499,-3.1753,-2.9668,-2.9292,-3.07,-3.4539,-3.9063,-4.7652,-5.963,-7.1044,-9.0635,-11.583,-15.004,-18.431,-23.68,-22.996,-20.174,-16.835,-14.814,-13.5,-12.258,-11.206,-10.451,-9.9722,-9.5063,-9.2602,-9.2345,-9.4005,-9.7988,-10.402
-7.1403,-5.134,-2.8288,-1.0029,0.1061,1.2679,2.1068,2.54,2.8957,3.0224,2.9493,2.7978,2.4988,2.1354,1.8513,1.4874,1.1695,0.96383,0.69032,0.38343,-0.016489,-0.42022,-1.1724,-2.2067,-3.2644,-5.1159,-7.798,-10.56,-15.848,-18.096,-12.745,-9.737,-6.9407,-5.0597,-4.0159,-2.9823,-2.2516,-1.7476,-1.4837,-1.2511,-1.1295,-1.0998,-1.1115,-1.1817,-1.2613,-1.4414,-1.7109,-2.1774,-2.7043,-3.7336,-5.318,-7.0502,-10.423,-15.179,-15.708,-10.942,-7.1437,-4.7159,-3.495,-2.4729,-2.0337,-2.0163,-2.419,-3.259,-4.5291,-5.7164,-7.4181,-8.6775,-8.9351,-8.3605,-7.4422,-6.7846,-6.2467,-6.0084,-6.0583,-6.2102,-6.4438,-6.4944,-6.342,-5.7723,-4.9823,-4.3087,-3.4801,-2.7561,-2.1948,-1.8873,-1.5747,-1.3966,-1.3189,-1.2545,-1.1942,-1.1462,-1.1009,-1.0716,-1.1205,-1.2242,-1.5158,-1.9929,-2.491,-3.3949,-4.5323,-5.9365,-7.0879,-8.6534,-9.8432,-10.18,-9.8657,-9.03,-8.4096,-7.7552,-7.5593,-7.7219,-8.1664,-8.8895,-9.2035,-8.7245,-7.2022,-5.337,-3.6633,-2.6415,-1.6242,-0.95198,-0.66055,-0.503,-0.57603,-0.75457,-1.1051,-1.5453,-1.995,-2.338,-2.7353,-3.0844,-3.2843,-3.5348,-3.7487,-3.9213,-4.1689,-4.5098,-4.9519,-5.4064,-6.1371,-7.0403,-7.8265,-8.9782,-10.21,-11.481,-12.449,-13.543,-14.214,-14.258,-13.845,-13.141,-12.669,-12.157,-11.759,-11.409,-11.132,-10.726,-10.462,-10.363,-10.549,-10.984,-11.548,-12.168,-12.258,-11.197,-9.9262,-8.1256,-6.5068,-5.5187,-4.4766,-3.7453,-3.2873,-3.1344,-3.1382,-3.3944,-3.7535,-4.4808,-5.5011,-6.4783,-8.0939,-10.204,-12.692,-14.744,-17.049,-17.331,-16.763,-15.091,-14.005,-13.125,-12.396,-11.673,-11.002,-10.466,-9.8652,-9.2624,-8.8816,-8.4391,-8.079,-7.7329
-8.698,-5.9389,-3.1569,-1.0693,0.15099,1.4073,2.2774,2.7129,3.0142,3.0254,2.7796,2.4527,1.8692,1.2083,0.7452,0.28308,0.071977,0.098733,0.24807,0.42991,0.4817,0.38568,0.026518,-0.66711,-1.4268,-2.8015,-4.6037,-6.1629,-8.0233,-8.5642,-7.2989,-5.9285,-4.2022,-2.8192,-2.0159,-1.2273,-0.70893,-0.45766,-0.40846,-0.5381,-0.85468,-1.1689,-1.6129,-2.0238,-2.2275,-2.286,-2.2108,-2.081,-2.0366,-2.1346,-2.4359,-2.7522,-3.2174,-3.4646,-3.3813,-2.8673,-2.1202,-1.3799,-0.96152,-0.63646,-0.66981,-0.95364,-1.7148,-3.0202,-5.051,-7.2571,-11.894,-21.876,-20.898,-11.997,-8.0056,-6.1476,-4.5473,-3.5273,-2.916,-2.6366,-2.4113,-2.2481,-2.1746,-2.0664,-1.9519,-1.8734,-1.84,-1.8789,-2.0262,-2.2316,-2.6387,-3.1589,-3.596,-4.1168,-4.3997,-4.3736,-4.1116,-3.6171,-3.1519,-2.8765,-2.7106,-2.7912,-3.0216,-3.5151,-4.2069,-4.9785,-5.5718,-6.2193,-6.6154,-6.6978,-6.481,-6.004,-5.5502,-4.9321,-4.3414,-3.8938,-3.5951,-3.2427,-2.8661,-2.5362,-2.0366,-1.504,-1.0433,-0.79014,-0.61722,-0.63523,-0.80711,-1.1994,-1.7992,-2.3588,-3.2017,-4.0753,-4.7876,-5.1161,-5.1593,-4.8386,-4.4871,-4.03,-3.6939,-3.6022,-3.701,-4.087,-4.7942,-5.5127,-6.7836,-8.2949,-9.5162,-11.024,-12.072,-12.476,-12.492,-12.383,-12.238,-12.294,-12.407,-12.949,-13.555,-14.769,-16.308,-17.307,-17.005,-15.661,-14.175,-13.471,-13.232,-14.009,-15.647,-20.073,-34.239,-19.481,-14.245,-10.117,-7.4578,-6.0302,-4.6864,-3.8038,-3.2894,-3.0871,-3.0212,-3.1333,-3.327,-3.7128,-4.2395,-4.7573,-5.5894,-6.5488,-7.6325,-8.4703,-9.4618,-10.366,-10.974,-11.715,-12.394,-13.111,-13.681,-13.838,-13.168,-12.438,-11.254,-10.162,-9.4058,-8.5188,-7.7053,-6.8955
-4.2896,-3.0856,-1.4962,-0.075694,0.83714,1.7914,2.4521,2.7353,2.8198,2.5493,1.9004,1.1237,-0.33338,-2.3276,-4.0887,-6.0951,-5.9853,-4.6159,-2.5041,-0.84211,0.29188,0.82324,1.178,1.16,0.97299,0.5014,-0.079634,-0.53564,-1.0414,-1.321,-1.3147,-1.1586,-0.82519,-0.42444,-0.15175,0.12473,0.23356,0.12396,-0.14964,-0.80934,-1.8701,-2.9731,-4.8857,-6.9677,-7.9518,-7.2995,-5.315,-3.3817,-2.2285,-1.0944,-0.31618,0.087674,0.46734,0.74425,0.91311,1.1378,1.3145,1.4382,1.4551,1.3506,1.0914,0.75599,0.13688,-0.7259,-1.792,-2.6937,-3.8276,-4.5394,-4.5711,-3.9792,-2.9973,-2.2802,-1.4274,-0.83286,-0.46206,-0.32292,-0.2931,-0.43093,-0.58246,-0.89399,-1.2524,-1.5739,-2.0035,-2.5258,-3.1755,-3.7834,-4.926,-6.5255,-8.1545,-11.048,-13.999,-13.167,-10.815,-8.0275,-6.0665,-5.1177,-4.3393,-4.0751,-4.1661,-4.5818,-5.3592,-6.3628,-7.2494,-8.3222,-8.8987,-8.7547,-7.7756,-6.3375,-5.1966,-3.8016,-2.5835,-1.6131,-1.0036,-0.36322,0.095567,0.33237,0.51558,0.5252,0.35133,0.091719,-0.4206,-1.1473,-1.7961,-2.8522,-4.0994,-5.2215,-7.1073,-9.6544,-13.072,-15.098,-13.377,-9.6797,-7.556,-5.5049,-4.2668,-3.7181,-3.4929,-3.7779,-4.5915,-5.5751,-7.4751,-10.273,-13.28,-19.571,-25.459,-18.459,-15.243,-12.842,-11.629,-11.222,-11.315,-12.052,-13.109,-15.392,-19.263,-25.074,-23.608,-18.054,-14.578,-12.985,-11.669,-11.168,-10.97,-10.995,-10.632,-9.5577,-8.4698,-6.9091,-5.5994,-4.8431,-4.144,-3.7903,-3.739,-3.8212,-4.0314,-4.2249,-4.2948,-4.2769,-4.1981,-4.162,-4.204,-4.381,-4.7811,-5.1975,-5.9681,-7.0228,-7.9262,-9.7905,-12.298,-15.055,-21.021,-29.753,-20.31,-16.631,-13.671,-12.046,-11.254,-10.457,-9.5954,-8.5869
-3.5493,-2.6423,-1.4056,-0.2313,0.52062,1.3154,1.846,2.0435,2.0398,1.6992,0.963,0.10329,-1.5618,-4.0171,-6.6262,-10.598,-10.047,-6.9228,-3.4938,-1.1723,0.37056,1.1489,1.7826,2.0682,2.0779,1.8872,1.5155,1.1486,0.59903,0.076558,-0.38528,-0.62208,-0.78061,-0.75127,-0.63122,-0.42951,-0.30654,-0.36255,-0.60617,-1.2644,-2.4438,-3.7923,-6.4319,-10.4,-13.334,-10.971,-6.6918,-3.6561,-2.0539,-0.50776,0.56124,1.1175,1.6441,1.957,2.0896,2.1368,2.087,1.9339,1.7809,1.5068,1.1857,0.9367,0.57133,0.23371,-0.072177,-0.26456,-0.43234,-0.477,-0.41102,-0.20819,0.057587,0.24538,0.45039,0.51797,0.41893,0.22262,-0.2167,-0.8721,-1.4718,-2.392,-3.4021,-4.1217,-4.9366,-5.5313,-6.0074,-6.3916,-7.1135,-8.3087,-9.6103,-11.97,-14.099,-13.486,-11.523,-9.028,-7.2127,-6.3268,-5.6607,-5.4931,-5.6517,-6.299,-7.3968,-9.1756,-11.135,-15.421,-25.863,-23.939,-13.752,-8.9422,-6.4541,-4.0289,-2.2291,-0.86345,-0.11349,0.61491,1.0496,1.1908,1.1301,0.76736,0.10245,-0.60377,-1.83,-3.377,-4.6632,-6.393,-7.8803,-8.7717,-9.8616,-11.197,-12.852,-13.561,-12.044,-9.076,-7.1239,-5.0924,-3.7633,-3.1543,-2.812,-2.9682,-3.5908,-4.3642,-5.7828,-7.6588,-9.2464,-11.236,-12.263,-11.828,-11.011,-9.9932,-9.3086,-9.006,-9.0265,-9.3174,-9.7717,-10.516,-11.209,-11.596,-11.468,-10.847,-9.9249,-9.1596,-8.2959,-7.5025,-6.9733,-6.3538,-5.7024,-5.1095,-4.6908,-4.1974,-3.8759,-3.8281,-4.0402,-4.654,-5.6941,-6.787,-8.4803,-9.8059,-9.8398,-8.572,-6.8609,-5.7128,-4.5597,-3.8698,-3.5344,-3.525,-3.8484,-4.4665,-5.262,-6.496,-8.2265,-9.6819,-11.629,-12.867,-12.938,-12.607,-12.454,-12.932,-13.945,-16.116,-17.752,-15.371
-6.7738,-5.0488,-3.1157,-1.613,-0.7544,0.099068,0.61692,0.83267,0.89846,0.74694,0.40224,0.049269,-0.53133,-1.1382,-1.5296,-1.7764,-1.5474,-1.0914,-0.23846,0.64541,1.3909,1.8274,2.1897,2.3047,2.2078,1.8667,1.2405,0.60051,-0.49159,-1.8578,-3.3773,-4.4535,-5.3032,-5.0891,-4.3614,-3.1775,-2.1325,-1.4233,-1.1116,-1.0159,-1.2346,-1.5553,-2.1026,-2.5486,-2.659,-2.4003,-1.7273,-0.87126,-0.25066,0.47864,1.0167,1.295,1.4949,1.5156,1.4252,1.1589,0.76441,0.25572,-0.17092,-0.73795,-1.2635,-1.5577,-1.773,-1.7458,-1.5263,-1.2575,-0.84708,-0.41502,-0.10845,0.24276,0.49408,0.61746,0.61136,0.43834,0.031849,-0.44481,-1.3514,-2.575,-3.8048,-5.8521,-8.4858,-10.764,-13.207,-12.958,-11.061,-9.8176,-8.6203,-8.0121,-7.8242,-7.7227,-7.6605,-7.3873,-7.1256,-6.683,-6.3644,-6.2231,-6.2768,-6.5689,-6.9377,-7.6233,-8.4383,-9.415,-10.109,-10.96,-11.188,-10.575,-8.8015,-6.5868,-4.9764,-3.085,-1.544,-0.35616,0.32943,0.94535,1.2601,1.2915,1.046,0.46466,-0.51191,-1.5474,-3.4777,-6.178,-9.0792,-14.817,-21.316,-16.961,-12.162,-9.537,-7.8817,-6.8356,-5.5732,-4.356,-3.5036,-2.5699,-1.8568,-1.5605,-1.423,-1.6059,-2.0802,-2.5923,-3.4428,-4.3816,-5.0664,-5.8558,-6.4055,-6.6679,-6.7385,-6.738,-6.6955,-6.75,-6.8545,-7.118,-7.3573,-7.7338,-8.0722,-8.2506,-8.2808,-8.0865,-7.6415,-7.1965,-6.4676,-5.6824,-5.1579,-4.4202,-3.815,-3.3324,-3.0574,-2.885,-2.9424,-3.1648,-3.7994,-4.8934,-6.6063,-8.5108,-12.306,-18.279,-18.605,-12.485,-8.4303,-6.4065,-4.4994,-3.2629,-2.4835,-2.1669,-2.0084,-2.1613,-2.4307,-2.9833,-3.6522,-4.2743,-5.056,-5.8135,-6.593,-7.1929,-8.217,-9.6387,-11.081,-13.493,-14.988,-13.494
-7.9889,-5.7069,-3.529,-2.1021,-1.3783,-0.78641,-0.55589,-0.53047,-0.65219,-0.82594,-0.92352,-0.90575,-0.75497,-0.49867,-0.23704,0.14947,0.60116,0.94922,1.4224,1.8521,2.2094,2.3987,2.5255,2.4631,2.2771,1.8217,1.0357,0.21051,-1.3302,-3.5992,-7.0577,-11.263,-26.478,-14.598,-9.2484,-5.4297,-3.1352,-1.6833,-0.92677,-0.28978,0.078009,0.22702,0.31244,0.35892,0.40741,0.48432,0.64145,0.7965,0.9005,1.0082,1.0142,0.95584,0.73908,0.37003,-0.02746,-0.70465,-1.6114,-2.7386,-3.7529,-5.2422,-6.7597,-7.6706,-8.0129,-7.2425,-5.8122,-4.6448,-3.2315,-2.024,-1.2825,-0.53138,-0.029326,0.2063,0.25775,0.064166,-0.41094,-0.95654,-1.9726,-3.3341,-4.6649,-6.9124,-9.8672,-12.784,-16.266,-15.084,-11.785,-9.7958,-7.9486,-6.7218,-6.1068,-5.5573,-5.2708,-5.1259,-5.151,-5.3072,-5.6832,-6.0804,-6.8512,-7.8341,-8.7238,-9.8419,-10.681,-10.838,-10.391,-9.3615,-8.0292,-6.9033,-5.3714,-3.8253,-2.7386,-1.3934,-0.28191,0.59103,1.0989,1.544,1.7331,1.7061,1.4571,0.94103,0.13152,-0.6857,-2.0983,-3.8416,-5.3431,-7.3263,-8.2912,-7.9146,-6.4774,-4.8887,-3.476,-2.5463,-1.5398,-0.7271,-0.22491,0.24675,0.51014,0.53795,0.3685,-0.044926,-0.67897,-1.2758,-2.1888,-3.126,-3.7987,-4.5399,-5.0132,-5.2552,-5.3213,-5.312,-5.3024,-5.3943,-5.5819,-5.9939,-6.3804,-7.0705,-7.8694,-8.634,-9.0801,-9.1979,-8.7253,-8.0649,-6.8539,-5.6273,-4.7872,-3.7602,-2.9712,-2.3588,-2.0373,-1.8266,-1.8449,-2.0048,-2.44,-3.1138,-3.972,-4.6911,-5.5471,-6.0426,-5.9988,-5.357,-4.3274,-3.4618,-2.3908,-1.4728,-0.77989,-0.41105,-0.067553,0.050559,0.070685,-0.11311,-0.36045,-0.61719,-1.0227,-1.4734,-1.9822,-2.4143,-3.0101,-3.6619,-4.129,-4.6425,-4.908,-4.8944
-2.5538,-1.9167,-1.2073,-0.7914,-0.69205,-0.91679,-1.5396,-2.2968,-3.5783,-4.8338,-5.3118,-4.8611,-3.5234,-2.0579,-1.0648,-0.017323,0.76506,1.2199,1.6511,1.9598,2.1854,2.2963,2.4031,2.409,2.359,2.1297,1.7028,1.21,0.303,-0.86866,-2.2467,-3.2023,-3.9666,-3.8334,-3.2283,-2.1752,-1.1603,-0.3259,0.16482,0.65334,0.98164,1.1368,1.2561,1.2825,1.2573,1.1881,1.0734,0.90413,0.75262,0.48105,0.15668,-0.14422,-0.62713,-1.246,-1.8318,-2.7779,-4.0169,-5.6238,-7.1618,-9.9581,-14.149,-19.863,-31.404,-16.071,-10.667,-8.0531,-5.4469,-3.5198,-2.4023,-1.2519,-0.48166,-0.14516,0.047481,-0.097741,-0.52261,-1.0227,-1.8694,-2.9305,-3.7991,-4.9759,-6.034,-6.6063,-7.0525,-6.9371,-6.3465,-5.7457,-4.9457,-4.262,-3.8609,-3.5429,-3.4198,-3.5589,-3.7845,-4.3203,-5.0724,-5.8634,-7.2119,-9.0791,-10.994,-14.755,-21.644,-21.78,-15.807,-10.807,-7.5033,-5.6026,-3.5571,-1.9179,-0.91395,0.20304,1.0298,1.64,1.9386,2.1757,2.2299,2.1737,1.9908,1.6865,1.2939,0.94621,0.45819,-0.054833,-0.40556,-0.72568,-0.81624,-0.67627,-0.27202,0.3169,0.96901,1.4558,2.0302,2.4916,2.7497,2.9367,2.8935,2.721,2.2461,1.4913,0.42829,-0.59525,-2.2297,-4.1396,-5.5994,-7.1303,-7.5518,-6.9494,-6.2436,-5.3522,-4.7845,-4.5716,-4.641,-5.1004,-5.7442,-7.0372,-8.9922,-11.91,-14.948,-18.865,-15.641,-12.102,-8.7119,-6.2783,-4.8459,-3.408,-2.32,-1.5356,-1.1415,-0.80946,-0.71604,-0.7886,-1.0376,-1.4258,-1.8928,-2.2312,-2.5947,-2.7427,-2.6794,-2.3387,-1.7718,-1.2486,-0.53382,0.18243,0.78495,1.1643,1.5316,1.7726,1.8847,1.9133,1.8458,1.7982,1.6351,1.4627,1.2866,1.121,0.92247,0.70073,0.53587,0.33661,0.13464,-0.035925
1.1129,1.1812,1.1678,0.98517,0.6542,-0.12703,-1.4439,-2.9587,-6.0786,-11.86,-22.19,-12.721,-6.468,-3.1921,-1.6746,-0.33828,0.37499,0.62229,0.66679,0.53527,0.38327,0.38776,0.59876,1.0372,1.4004,1.8168,2.0933,2.1496,2.0512,1.7755,1.4015,1.0857,0.72442,0.48024,0.37709,0.3399,0.37342,0.45583,0.51007,0.60603,0.66416,0.67359,0.6347,0.50992,0.34901,0.076753,-0.32594,-0.77234,-1.1467,-1.6895,-2.2412,-2.6743,-3.2328,-3.8327,-4.3099,-5.1441,-6.1472,-7.3866,-8.5172,-10.198,-11.854,-12.743,-12.926,-11.862,-9.8341,-8.101,-5.9182,-3.9946,-2.8054,-1.5452,-0.68141,-0.31054,-0.11376,-0.29551,-0.82523,-1.4428,-2.5065,-3.743,-4.6456,-5.6211,-6.1022,-6.0409,-5.5765,-4.8568,-4.0528,-3.5168,-2.8543,-2.378,-2.152,-2.0477,-2.1757,-2.5584,-2.9857,-3.7482,-4.6777,-5.5017,-6.6884,-7.9979,-9.0248,-10.379,-11.256,-10.657,-9.2193,-6.8686,-4.578,-3.0723,-1.3841,-0.047452,0.73126,1.474,1.9526,2.1419,2.1216,1.9299,1.6225,1.3728,1.0753,0.91257,0.90241,0.97,1.1185,1.2858,1.4226,1.6527,1.9222,2.1657,2.5563,3.0162,3.5085,3.863,4.3239,4.6952,4.8742,4.9705,4.8574,4.6135,4.0368,3.1227,1.789,0.47132,-1.9056,-5.3066,-9.1313,-19.334,-17.473,-9.8533,-7.0916,-4.9603,-3.7738,-3.2939,-3.1508,-3.4316,-3.9598,-5.0405,-6.615,-8.6502,-10.31,-11.606,-10.712,-9.1417,-6.9363,-5.0844,-3.9722,-2.7299,-1.7551,-1.0285,-0.63247,-0.29811,-0.20399,-0.30339,-0.64664,-1.2151,-1.9792,-2.6158,-3.4111,-3.8689,-3.8357,-3.2784,-2.2959,-1.4884,-0.41706,0.49445,1.2297,1.6565,2.0386,2.2782,2.3277,2.3924,2.3677,2.3342,2.3521,2.4048,2.5075,2.6289,2.764,2.8953,2.959,2.9818,2.925,2.7674
2.0577,2.004,1.913,1.7553,1.5462,1.1227,0.46595,-0.17401,-1.1572,-2.0227,-2.3549,-2.1268,-1.3763,-0.54131,-0.065523,0.22046,0.026624,-0.49951,-1.7224,-3.6535,-6.071,-7.2541,-6.1733,-3.5215,-1.7628,0.044515,1.2361,1.827,2.2643,2.3638,2.2117,1.9474,1.4234,0.76531,0.20606,-0.56683,-1.2826,-1.8373,-2.0878,-2.2327,-2.2324,-2.2122,-2.2749,-2.477,-2.748,-3.3172,-4.0505,-4.9519,-5.7108,-6.698,-7.6328,-8.1553,-8.6196,-8.7824,-8.8054,-8.892,-9.2286,-9.9178,-10.709,-12.172,-14.041,-15.623,-16.621,-15.042,-11.898,-9.5932,-6.8734,-4.677,-3.3374,-2.0174,-1.115,-0.71203,-0.5958,-0.89129,-1.6796,-2.6069,-4.4281,-7.077,-9.7484,-14.275,-14.91,-11.972,-8.3302,-5.8702,-4.1953,-3.2616,-2.4186,-1.9169,-1.7669,-1.8172,-2.2054,-2.8613,-3.5793,-4.755,-6.2109,-7.2716,-8.4617,-8.9801,-8.8435,-8.0907,-6.9867,-5.64,-4.5951,-3.1087,-1.6866,-0.7255,0.36618,1.1906,1.6189,1.9059,1.8649,1.4403,0.88635,-0.21097,-1.6428,-2.8092,-4.0179,-4.1495,-3.2667,-2.3502,-1.235,-0.32613,0.1984,0.71798,1.1524,1.4545,1.9133,2.4588,3.1064,3.6185,4.295,4.8866,5.2342,5.5329,5.6257,5.5211,5.1538,4.501,3.5382,2.617,1.1434,-0.54675,-1.7976,-3.1022,-3.6004,-3.3169,-2.847,-2.2392,-1.7823,-1.6251,-1.5848,-1.7949,-2.0731,-2.6241,-3.2937,-4.0217,-4.5085,-4.9574,-5.113,-5.0488,-4.7496,-4.3298,-3.9021,-3.2863,-2.602,-1.9305,-1.4779,-1.0569,-0.88793,-0.96778,-1.4309,-2.3773,-3.9433,-5.6617,-9.022,-13.767,-14.52,-9.7797,-5.9305,-3.8979,-1.9496,-0.64691,0.20784,0.588,0.8373,0.79233,0.61439,0.23961,-0.1311,-0.3809,-0.4014,-0.075747,0.53348,1.1076,1.8619,2.5311,2.9353,3.3092,3.5009,3.4723
-0.22152,-0.29226,-0.15265,0.16079,0.4608,0.8235,1.0881,1.2127,1.2954,1.3307,1.3697,1.4161,1.4644,1.4386,1.3275,0.92756,0.18792,-0.67113,-2.3615,-4.8495,-8.2614,-10.293,-8.6565,-5.1166,-3.0033,-0.9824,0.36592,1.0208,1.4918,1.5709,1.2702,0.82483,-0.098203,-1.4417,-2.7349,-4.8975,-7.429,-9.6631,-10.199,-9.4251,-8.198,-7.5192,-7.1021,-7.2242,-7.6163,-8.5522,-9.797,-11.454,-12.93,-15.324,-18.117,-20.085,-20.281,-17.738,-15.885,-13.886,-12.795,-12.51,-12.709,-13.701,-15.783,-17.985,-20.963,-17.956,-13.115,-10.26,-7.3351,-5.1658,-3.9036,-2.6232,-1.7926,-1.4187,-1.2902,-1.5686,-2.269,-3.0817,-4.5873,-6.6075,-8.4359,-10.67,-11.019,-9.7316,-7.557,-5.702,-4.3253,-3.5544,-2.8715,-2.5227,-2.4696,-2.6883,-3.2366,-4.1642,-5.159,-7.0214,-9.76,-12.776,-19.637,-22.017,-15.593,-10.509,-7.3016,-4.9958,-3.5889,-2.0346,-0.76871,-0.00064449,0.79792,1.3079,1.5025,1.485,1.0706,0.23638,-0.73433,-2.6541,-5.6608,-9.1925,-18.719,-17.747,-9.6159,-6.7457,-4.4901,-3.2616,-2.8051,-2.6676,-2.841,-2.9977,-2.9291,-2.2204,-0.93313,0.21788,1.667,2.9125,3.6794,4.44,4.9015,5.0647,5.0445,4.772,4.2884,3.7843,2.998,2.1229,1.4747,0.68399,0.019563,-0.47525,-0.77042,-1.048,-1.2781,-1.4293,-1.6169,-1.8452,-2.0377,-2.3606,-2.7607,-3.2419,-3.653,-4.3134,-5.0698,-5.6939,-6.6611,-7.5533,-7.9369,-7.7682,-6.7221,-5.3023,-4.2777,-3.1735,-2.4626,-2.2126,-2.2851,-2.8653,-3.9703,-5.1589,-7.1499,-8.896,-9.0923,-7.6097,-5.5582,-4.2189,-2.8831,-2.0193,-1.5667,-1.4825,-1.6829,-2.3034,-3.0052,-4.5236,-6.6672,-8.458,-10.121,-8.4206,-5.4025,-3.4339,-1.3378,0.16801,1.0008,1.7819,2.2217,2.3784
-7.2209,-7.8136,-6.5159,-4.2477,-2.6887,-1.0371,0.17976,0.84727,1.4899,1.9,2.1317,2.2127,2.2047,2.0606,1.8521,1.4534,0.89298,0.38449,-0.38542,-1.1819,-1.8119,-2.0406,-1.9391,-1.4393,-0.94425,-0.26022,0.30491,0.58993,0.75735,0.65123,0.21914,-0.34288,-1.449,-3.0612,-4.7058,-7.6826,-12.047,-18.164,-19.156,-14.829,-12.09,-11.135,-10.769,-11.258,-12.117,-13.73,-15.949,-18.361,-20.172,-22.348,-24.744,-26.268,-25.634,-21.645,-18.85,-15.997,-14.039,-12.77,-12.223,-11.804,-11.618,-11.467,-10.957,-9.9799,-8.6104,-7.4755,-5.9817,-4.6286,-3.7798,-2.8633,-2.2504,-1.9882,-1.8472,-1.9983,-2.3736,-2.8047,-3.5064,-4.2521,-4.8013,-5.3254,-5.5187,-5.4411,-5.1124,-4.6421,-4.167,-3.9075,-3.6389,-3.5605,-3.6134,-3.8805,-4.3399,-5.082,-5.8071,-7.0246,-8.4806,-9.6489,-10.887,-10.843,-9.812,-7.8319,-5.8438,-4.0827,-2.9479,-1.677,-0.66773,-0.061482,0.53575,0.90707,1.0207,0.94581,0.59538,-0.040373,-0.72452,-1.892,-3.2799,-4.3493,-5.4573,-5.7902,-5.4294,-4.9773,-4.4968,-4.4655,-4.8075,-5.8974,-8.1266,-11.041,-18.388,-14.934,-7.851,-4.57,-1.5673,0.53372,1.7037,2.8405,3.5845,3.9372,4.1512,4.1108,3.8498,3.5301,2.9446,2.2303,1.6103,0.71049,-0.24161,-1.2209,-1.9424,-2.8178,-3.5178,-3.8428,-4.081,-4.0914,-4.0622,-4.0221,-4.1078,-4.3613,-4.7209,-5.456,-6.5966,-7.807,-10.238,-14.344,-20.343,-25.433,-14.163,-9.3183,-7.0095,-4.8899,-3.5041,-2.8465,-2.3552,-2.2375,-2.4132,-2.6912,-3.1051,-3.4486,-3.5863,-3.5877,-3.4465,-3.3227,-3.2136,-3.2202,-3.4036,-3.6428,-4.1805,-4.9363,-5.8149,-7.3042,-9.5894,-11.913,-14.01,-11.643,-7.9234,-5.6902,-3.4234,-1.7968,-0.91786,-0.10538,0.34646,0.51611
-11.714,-13.697,-9.9676,-5.8719,-3.6614,-1.5399,-0.077288,0.70605,1.4283,1.8649,2.0755,2.11,2.0348,1.8497,1.6469,1.3422,0.99134,0.71339,0.3462,0.0059641,-0.24918,-0.39001,-0.45602,-0.42466,-0.33102,-0.15539,0.0079656,0.11071,0.17386,0.087495,-0.1833,-0.55589,-1.2947,-2.312,-3.2696,-4.7373,-6.2848,-7.6416,-8.3824,-9.0139,-9.4948,-9.9587,-10.903,-12.341,-13.878,-16.647,-20.624,-27.283,-37.296,-30.807,-24.928,-22.285,-19.666,-17.387,-15.869,-14.01,-12.44,-11.227,-10.522,-9.7798,-9.1287,-8.7219,-8.0706,-7.3294,-6.4938,-5.8265,-4.9182,-4.0698,-3.503,-2.909,-2.4895,-2.3274,-2.2879,-2.4258,-2.7263,-3.0315,-3.4994,-3.9943,-4.3211,-4.6801,-4.9146,-5.0182,-5.0592,-5.0388,-4.9904,-4.9559,-4.9633,-5.0331,-5.1466,-5.3513,-5.6418,-5.9555,-6.1916,-6.4634,-6.6491,-6.6912,-6.537,-6.1022,-5.596,-4.7696,-3.8099,-2.8645,-2.1995,-1.4,-0.73069,-0.3135,0.11493,0.40413,0.51531,0.52016,0.387,0.091819,-0.23005,-0.73591,-1.2895,-1.6977,-2.1667,-2.5341,-2.7968,-2.9524,-3.2034,-3.598,-4.0441,-4.8921,-6.0149,-6.9424,-7.6695,-6.957,-5.051,-3.4354,-1.4838,0.10427,1.0472,2.0104,2.6806,3.0001,3.2183,3.2129,2.984,2.6915,2.1227,1.3483,0.62075,-0.5641,-2.019,-3.797,-5.3374,-7.6627,-9.7593,-10.517,-9.974,-8.5611,-7.541,-6.4919,-5.8363,-5.5648,-5.5852,-5.8768,-6.476,-7.1402,-8.1953,-9.3092,-9.9389,-9.8112,-8.5398,-6.751,-5.4663,-3.9737,-2.8307,-2.177,-1.5848,-1.2568,-1.1643,-1.2174,-1.4162,-1.7322,-2.0274,-2.4808,-3.0318,-3.5181,-4.2507,-5.0515,-5.8348,-6.3443,-6.8301,-7.0882,-7.1859,-7.2742,-7.2313,-7.1609,-6.8036,-6.0479,-4.9915,-4.1879,-3.1419,-2.2848,-1.7998,-1.3919,-1.2394,-1.3684
-2.3392,-2.3302,-1.8698,-1.0117,-0.28899,0.60321,1.3032,1.6862,1.9733,2.0314,1.8904,1.677,1.2936,0.86437,0.56521,0.20176,-0.069632,-0.23121,-0.41746,-0.58228,-0.78164,-0.94732,-1.18,-1.3746,-1.4521,-1.4451,-1.2603,-1.0318,-0.6859,-0.38349,-0.20281,-0.17901,-0.33177,-0.70385,-1.1023,-1.7818,-2.5845,-3.4577,-4.1753,-5.1756,-6.2999,-7.2268,-8.711,-10.477,-11.993,-14.231,-16.711,-18.798,-19.763,-19.553,-18.169,-16.784,-14.939,-13.203,-12.006,-10.715,-9.6825,-8.9178,-8.4976,-8.1107,-7.8663,-7.6846,-7.4105,-6.9323,-6.2415,-5.5945,-4.6999,-3.8674,-3.3418,-2.8213,-2.534,-2.4701,-2.6347,-3.006,-3.5737,-4.0594,-4.7396,-5.3903,-5.7894,-6.2209,-6.5291,-6.6807,-6.8065,-6.8883,-6.9539,-6.9558,-7.0359,-7.1604,-7.324,-7.5932,-7.9081,-8.0716,-8.0413,-7.743,-7.1701,-6.6123,-5.7694,-4.9229,-4.3072,-3.5447,-2.8752,-2.307,-1.9326,-1.5179,-1.1481,-0.90475,-0.60048,-0.35327,-0.19883,-0.059723,-0.0249,-0.10007,-0.21503,-0.44886,-0.74705,-0.9828,-1.304,-1.6008,-1.8413,-2.002,-2.1928,-2.3289,-2.422,-2.5503,-2.6106,-2.5723,-2.3497,-1.8918,-1.2217,-0.64821,0.16326,0.91033,1.3849,1.9053,2.2633,2.42,2.4955,2.4159,2.1852,1.8947,1.3649,0.61879,-0.090129,-1.304,-2.9041,-5.0336,-7.143,-11.062,-17.33,-21.334,-15.458,-11.156,-9.1449,-7.4484,-6.4245,-5.8653,-5.6403,-5.5464,-5.5785,-5.6466,-5.6713,-5.5804,-5.4191,-4.9294,-4.2329,-3.3855,-2.7239,-1.8671,-1.1315,-0.67841,-0.24127,-0.0046656,0.038367,-0.04329,-0.32857,-0.79525,-1.2681,-2.0882,-3.1547,-4.1414,-5.7961,-7.916,-10.476,-12.368,-13.147,-11.613,-9.8924,-8.0961,-6.6752,-5.7684,-4.8733,-4.119,-3.4808,-3.0435,-2.5788,-2.2484,-2.0993,-2.0686,-2.2674,-2.7709
1.518,1.7639,2.1318,2.5129,2.7629,3.0173,3.1238,3.0712,2.81,2.2953,1.5175,0.77534,-0.38845,-1.616,-2.395,-3.0233,-3.0512,-2.8026,-2.4021,-2.1729,-2.2697,-2.5622,-3.3023,-4.2983,-5.0609,-5.5701,-4.9791,-3.992,-2.4884,-1.1496,-0.14811,0.39309,0.84039,0.99515,0.94723,0.68729,0.2278,-0.41632,-1.0054,-1.9693,-3.135,-4.1689,-5.7446,-7.6124,-9.1482,-11.354,-13.438,-14.872,-15.147,-14.495,-13.055,-11.832,-10.203,-8.7503,-7.8212,-6.8799,-6.2954,-6.0641,-6.1592,-6.6651,-7.6348,-8.5436,-9.7502,-9.9527,-8.6062,-7.1315,-5.2466,-3.7511,-2.9439,-2.2675,-2.057,-2.1714,-2.6788,-3.6152,-4.9042,-6.0564,-7.6805,-9.0185,-9.6792,-10.063,-10.142,-10.166,-10.269,-10.325,-10.239,-10.12,-9.8722,-9.8118,-9.9757,-10.681,-11.906,-13.508,-14.15,-12.901,-10.211,-8.2819,-6.1962,-4.6435,-3.7867,-2.9813,-2.5486,-2.3845,-2.4136,-2.5456,-2.6571,-2.6418,-2.4266,-2.0298,-1.6763,-1.2429,-0.96052,-0.83454,-0.84384,-1.0115,-1.3053,-1.5806,-1.9773,-2.3211,-2.5664,-2.6543,-2.6004,-2.3866,-2.1388,-1.723,-1.2762,-0.91386,-0.43621,0.024219,0.46505,0.75907,1.1041,1.367,1.5093,1.6127,1.6246,1.5948,1.4911,1.3359,1.1481,0.95785,0.62657,0.18758,-0.24227,-0.9726,-1.9165,-3.081,-4.0571,-5.3863,-6.4618,-6.929,-6.9535,-6.5323,-6.1503,-5.7452,-5.5435,-5.5173,-5.5868,-5.7161,-5.7559,-5.631,-5.305,-4.7395,-4.148,-3.3214,-2.4303,-1.5546,-0.91713,-0.17091,0.46475,0.82132,1.1566,1.2994,1.2476,1.0724,0.67064,0.074141,-0.49681,-1.4497,-2.6288,-3.7032,-5.5371,-7.964,-11.41,-14.661,-16.201,-12.324,-9.4767,-6.9081,-5.1921,-4.2433,-3.3893,-2.8858,-2.6342,-2.5241,-2.5019,-2.5123,-2.5313,-2.5707,-2.7262,-3.0629
2.8338,3.3237,3.8315,4.1614,4.2948,4.3097,4.1326,3.8302,3.2012,2.2421,0.85007,-0.54705,-3.1092,-6.9517,-11.273,-15.96,-10.454,-7.2791,-4.766,-3.5331,-3.2251,-3.5526,-4.8665,-7.5506,-11.233,-25.882,-14.014,-8.2846,-4.1121,-1.5298,0.13385,0.99235,1.7642,2.1867,2.3146,2.2804,2.0461,1.6114,1.1773,0.41076,-0.5994,-1.5432,-3.0401,-4.9881,-6.8063,-10.036,-15.016,-26.498,-24.708,-14.905,-10.463,-8.258,-6.075,-4.5167,-3.6701,-2.8994,-2.5574,-2.6478,-3.0577,-4.1686,-6.1483,-8.5299,-13.921,-19.367,-11.458,-7.6397,-4.4472,-2.5138,-1.5818,-0.92365,-0.869,-1.1973,-2.1053,-3.6896,-6.0579,-8.5515,-13.508,-21.62,-22.905,-17.171,-14.894,-14.646,-15.631,-17.348,-17.726,-16.289,-13.607,-11.912,-11.283,-11.494,-12.876,-15.875,-18.145,-15.14,-10.306,-7.6896,-5.1587,-3.4937,-2.7278,-2.2378,-2.359,-3.0563,-3.9894,-5.7673,-7.8676,-8.8452,-8.1546,-6.1919,-4.8286,-3.4955,-2.7379,-2.4363,-2.4749,-2.8267,-3.4429,-4.0622,-4.9885,-5.9471,-6.7172,-6.9429,-6.5343,-5.575,-4.6145,-3.287,-2.1379,-1.4127,-0.64093,-0.083467,0.27774,0.42349,0.45458,0.32702,0.15308,-0.22387,-0.66978,-0.99441,-1.3944,-1.6621,-1.7316,-1.6648,-1.5106,-1.3419,-1.2887,-1.3179,-1.4938,-1.7898,-2.0725,-2.484,-2.8487,-3.1083,-3.4002,-3.6881,-3.9636,-4.4563,-5.2017,-6.2491,-7.2422,-8.6856,-9.8427,-9.8996,-8.903,-7.2071,-5.7921,-4.1715,-2.7046,-1.4654,-0.65173,0.24725,0.9701,1.3652,1.6952,1.7946,1.6525,1.3598,0.79349,0.023982,-0.64249,-1.5807,-2.4703,-3.0854,-3.8102,-4.4538,-4.9308,-5.1295,-4.9602,-4.4063,-3.7357,-2.9293,-2.3334,-2.057,-1.9595,-2.2424,-2.8654,-3.5063,-4.4743,-5.1756,-5.2967,-4.8428,-4.0173,-3.235
2.1129,2.73,3.2767,3.5696,3.6553,3.5986,3.3506,3.0321,2.3979,1.5035,0.29841,-0.8429,-2.6982,-4.8538,-6.4055,-7.3905,-6.4971,-5.2992,-3.8082,-2.8363,-2.3571,-2.3597,-2.7392,-3.4483,-4.0427,-4.4285,-3.8671,-2.9957,-1.6497,-0.42314,0.54041,1.0524,1.5206,1.7884,1.8708,1.8751,1.7674,1.5563,1.3247,0.91012,0.34063,-0.20242,-1.1411,-2.3014,-3.332,-4.8834,-6.4481,-7.416,-7.3291,-6.1938,-4.5153,-3.3019,-1.8788,-0.75786,-0.12513,0.46666,0.74537,0.69847,0.46473,-0.11391,-0.91693,-1.5927,-2.3613,-2.5796,-2.1213,-1.4869,-0.56738,0.16904,0.54345,0.72717,0.53797,0.11719,-0.82045,-2.2236,-4.1598,-5.9551,-8.6586,-11.08,-12.066,-12.355,-12.432,-13.07,-14.858,-17.649,-18.586,-16.228,-12.827,-10.375,-9.142,-8.0698,-7.4534,-6.9766,-6.4831,-5.5273,-4.2808,-3.32,-2.1925,-1.3942,-1.0721,-1.069,-1.5947,-2.7765,-4.2112,-7.0955,-11.48,-14.791,-12.463,-8.5431,-6.7187,-5.2763,-4.6575,-4.7504,-5.2025,-6.1733,-7.5135,-8.7272,-10.683,-13.397,-17.72,-22.638,-19.502,-12.93,-9.7518,-6.766,-4.7203,-3.6434,-2.6697,-2.1274,-1.9738,-2.0479,-2.4406,-3.0764,-3.6904,-4.7485,-6.0416,-7.1491,-8.6789,-9.7052,-9.4501,-8.4103,-6.7934,-5.4074,-4.6162,-3.8848,-3.4504,-3.224,-3.1531,-3.124,-3.1622,-3.242,-3.3879,-3.6839,-4.0592,-4.8086,-5.9778,-7.7892,-9.7357,-13.761,-21.88,-28.055,-16.373,-11.397,-9.081,-6.7658,-4.962,-3.4589,-2.4797,-1.3354,-0.43406,0.098572,0.54015,0.66165,0.4172,-0.015909,-0.96186,-2.3297,-3.6341,-5.4397,-6.6702,-6.7302,-5.7623,-4.5143,-3.3599,-2.641,-1.8651,-1.2421,-0.909,-0.58376,-0.54486,-0.78148,-1.3494,-2.4058,-4.0921,-6.038,-9.9957,-17.833,-21.337,-11.73,-7.0621,-4.3273
1.1578,1.4521,1.6516,1.7073,1.6786,1.567,1.3488,1.1315,0.72561,0.18436,-0.46052,-1.0013,-1.6989,-2.2928,-2.5932,-2.6754,-2.4348,-2.0932,-1.5377,-0.99489,-0.57749,-0.37128,-0.22543,-0.19678,-0.21249,-0.17269,-0.076544,0.042392,0.22282,0.33674,0.36091,0.30339,0.11623,-0.13674,-0.31302,-0.48,-0.51903,-0.41418,-0.30304,-0.14822,-0.037578,-0.026433,-0.13398,-0.32499,-0.51155,-0.75438,-0.88183,-0.8294,-0.61735,-0.13134,0.53846,1.0951,1.8299,2.4869,2.9001,3.3034,3.5366,3.5924,3.534,3.3465,3.0748,2.8596,2.6081,2.4443,2.4028,2.4232,2.4876,2.5497,2.5166,2.3624,2.0494,1.6991,1.0242,0.15606,-0.87448,-1.734,-2.9057,-3.9828,-4.6907,-5.5172,-6.253,-6.7451,-7.3128,-7.6976,-7.6596,-7.3954,-6.6433,-5.7222,-5.038,-4.1478,-3.3395,-2.5407,-1.9502,-1.1808,-0.40875,0.12404,0.68947,1.0519,1.1712,1.072,0.6695,-0.05216,-0.78569,-1.878,-2.9438,-3.5481,-3.9632,-4.0615,-4.1036,-4.3755,-5.0282,-6.1928,-7.4414,-9.6383,-12.328,-14.335,-16.237,-16.834,-16.953,-16.534,-14.651,-11.929,-9.8886,-7.5706,-5.8905,-5.0329,-4.3738,-4.2519,-4.6107,-5.1838,-6.2443,-7.5931,-8.7509,-10.262,-11.968,-13.749,-17.659,-26.127,-21.944,-15.942,-11.544,-9.0675,-7.8619,-6.9322,-6.5304,-6.4294,-6.3882,-6.2173,-5.8783,-5.5065,-5.0651,-4.8,-4.7646,-5.0569,-5.7142,-6.7505,-7.7406,-9.22,-10.565,-11.082,-11.141,-10.733,-10.214,-9.3818,-8.3372,-6.8816,-5.6692,-4.0656,-2.6807,-1.844,-1.0405,-0.65808,-0.73706,-1.1083,-2.1717,-4.0364,-6.2042,-11.011,-21.162,-16.421,-8.8741,-5.0494,-2.7078,-1.485,-0.35624,0.38099,0.66379,0.81268,0.68527,0.40458,-0.29119,-1.3059,-2.677,-3.8906,-5.6522,-7.0284,-7.2343,-6.2288,-4.5631,-2.9286
0.70818,0.28299,-0.32373,-0.84756,-1.1128,-1.2592,-1.2474,-1.2403,-1.3027,-1.5273,-1.8973,-2.2158,-2.6014,-2.7713,-2.6719,-2.2279,-1.5388,-0.92548,-0.1223,0.62394,1.2071,1.5514,1.8483,1.9927,2.0327,1.9757,1.7838,1.5776,1.1933,0.65187,-0.10182,-0.80156,-1.9646,-3.362,-4.4151,-5.4091,-5.3177,-4.2414,-3.1904,-1.8866,-0.84679,-0.24679,0.39077,0.84407,1.1218,1.4734,1.8568,2.304,2.6898,3.2713,3.8756,4.3374,4.9163,5.427,5.7412,6.051,6.2314,6.2909,6.253,6.1169,5.8952,5.6937,5.4163,5.1326,4.8666,4.6874,4.4673,4.2638,4.1088,3.8867,3.6139,3.3721,2.9911,2.524,1.9837,1.5377,0.92092,0.29386,-0.17905,-0.76493,-1.3353,-1.6995,-2.1303,-2.4391,-2.606,-2.6027,-2.4401,-2.0994,-1.7244,-1.1083,-0.34667,0.47726,1.102,1.9247,2.6555,3.1332,3.6402,3.972,4.0901,4.072,3.839,3.4236,3.0239,2.3814,1.6801,1.1484,0.42777,-0.33835,-0.94761,-1.93,-3.2316,-4.9509,-6.5979,-9.6242,-14.188,-19.46,-23.637,-16.91,-13.04,-11.1,-9.0792,-7.3793,-6.3023,-5.1483,-4.3573,-4.0353,-4.0091,-4.502,-5.5649,-6.8153,-9.1884,-12.517,-15.358,-17.479,-16.133,-14.811,-13.581,-12.686,-11.528,-10.433,-9.0067,-7.994,-7.6488,-7.7953,-8.7563,-10.584,-12.247,-13.107,-10.888,-8.7854,-6.5592,-5.0649,-4.3655,-3.9163,-3.9289,-4.2915,-4.7795,-5.5935,-6.5807,-7.5023,-8.8964,-10.711,-12.538,-15.82,-17.013,-12.904,-9.7063,-6.3811,-3.9323,-2.5559,-1.1946,-0.3042,0.15323,0.20907,-0.046144,-0.66576,-1.2652,-2.0537,-2.4299,-2.2134,-1.3046,-0.13489,0.96536,1.6576,2.3502,2.7594,2.914,2.8602,2.5834,2.2682,1.6464,0.86983,5.7071e-05,-0.64707,-1.3804,-1.8605,-1.9659,-1.7719,-1.2508,-0.55162
0.25299,-1.3663,-4.0138,-6.7771,-7.7523,-6.7328,-4.9213,-3.9311,-3.2216,-3.1972,-3.8637,-4.7679,-6.3776,-7.5103,-7.0839,-5.0298,-2.5996,-1.0211,0.67616,1.9391,2.8323,3.2852,3.643,3.7565,3.699,3.4288,3.0027,2.5697,1.839,0.94032,-0.2196,-1.3541,-3.3356,-6.2709,-9.749,-20.141,-17.093,-8.6325,-5.4347,-2.7612,-1.0489,-0.17387,0.65151,1.221,1.5879,2.0997,2.7109,3.4738,4.1163,5.0151,5.8938,6.5023,7.2092,7.7734,8.0929,8.382,8.5089,8.4823,8.3668,8.0973,7.7208,7.3799,6.8648,6.3236,5.7843,5.4124,4.9854,4.6429,4.4858,4.3605,4.2986,4.2573,4.2129,4.1179,3.9439,3.7733,3.4813,3.114,2.8055,2.3669,1.9004,1.526,0.99285,0.44906,-0.10298,-0.45874,-0.87307,-1.0217,-0.85381,-0.20761,0.83507,2.0575,2.9996,4.1882,5.1978,5.8254,6.4845,6.9216,7.0966,7.1427,6.9833,6.6401,6.2798,5.6657,4.9525,4.3616,3.5151,2.6303,1.9229,0.94155,-0.11795,-1.2937,-2.2653,-3.6447,-4.9868,-5.7429,-6.1845,-5.865,-5.052,-4.3167,-3.3802,-2.5272,-2.0077,-1.5387,-1.3116,-1.331,-1.6588,-2.3603,-3.5283,-4.7661,-7.0373,-10.152,-12.956,-14.513,-12.259,-10.194,-8.0781,-6.5567,-5.3939,-4.7568,-4.1604,-3.8913,-4.0223,-4.7142,-6.1681,-8.5995,-11.092,-12.64,-9.5367,-6.9154,-4.2882,-2.6066,-1.8003,-1.1772,-1.0052,-1.2077,-1.5581,-2.2743,-3.2235,-4.1406,-5.606,-7.4667,-9.1177,-11.49,-12.19,-9.8641,-7.5514,-4.7697,-2.5045,-1.1076,0.39327,1.5461,2.4025,2.8539,3.2799,3.5395,3.6588,3.7912,3.9634,4.1555,4.4701,4.8427,5.1866,5.3885,5.5489,5.5442,5.4535,5.1608,4.6685,4.1562,3.3752,2.4429,1.4171,0.61926,-0.3575,-1.0571,-1.287,-1.1211,-0.51266,0.33529
0.76478,-1.3207,-5.0113,-9.6895,-11.595,-8.7924,-5.8112,-4.3575,-3.4,-3.337,-4.1821,-5.5378,-8.6845,-13.4,-12.369,-6.637,-2.6102,-0.49483,1.5359,2.8859,3.7501,4.116,4.2954,4.1504,3.8352,3.2191,2.4388,1.7608,0.81285,-0.14634,-1.0408,-1.7316,-2.6954,-3.7288,-4.4578,-5.026,-4.6615,-3.515,-2.5036,-1.3397,-0.55192,-0.23793,-0.27165,-0.63544,-1.0001,-1.1846,-0.49169,1.0626,2.4446,4.2178,5.7484,6.6909,7.6868,8.3913,8.7494,9.0101,9.0401,8.848,8.5769,8.0488,7.355,6.7388,5.7875,4.7333,3.6281,2.8187,1.901,1.3541,1.2555,1.5145,2.0634,2.5242,3.0571,3.4561,3.6862,3.7457,3.682,3.4956,3.3019,2.9504,2.5392,2.1467,1.5284,0.69952,-0.42895,-1.5785,-3.5879,-5.9737,-7.0276,-5.2456,-1.8765,1.1317,2.955,4.8745,6.3594,7.2079,8.0415,8.5653,8.7743,8.8159,8.6143,8.1761,7.6938,6.8968,5.9312,5.1324,4.0388,3.0014,2.3033,1.5542,1.0324,0.66417,0.42064,0.1568,-0.053644,-0.17494,-0.2209,-0.13737,0.053431,0.24052,0.49056,0.6901,0.80345,0.88358,0.84334,0.72492,0.4349,-0.014518,-0.63282,-1.2162,-2.0132,-2.7677,-3.1779,-3.3947,-3.1449,-2.7232,-2.0046,-1.2354,-0.55311,-0.13578,0.26479,0.45208,0.45924,0.26417,-0.098089,-0.51221,-0.75377,-0.78513,-0.41468,0.050724,0.67751,1.1927,1.4319,1.5447,1.4102,1.0292,0.61541,-0.1163,-1.002,-1.7015,-2.6909,-3.6267,-4.2739,-4.7588,-4.742,-4.2028,-3.483,-2.2875,-0.91875,0.096971,1.4071,2.5773,3.5974,4.2774,5.0267,5.6417,6.0096,6.4115,6.734,6.9281,7.1168,7.2347,7.2651,7.2124,7.0365,6.7414,6.4011,5.8523,5.1439,4.4771,3.3962,2.0589,0.37942,-1.1482,-3.7349,-6.6859,-8.1349,-6.8276,-3.9131,-1.4152
1.7369,0.53512,-0.99875,-2.2334,-2.8043,-3.0354,-2.8337,-2.5542,-2.2306,-2.0738,-2.0949,-2.2058,-2.3281,-2.1698,-1.7226,-0.71095,0.54748,1.4585,2.4773,3.1717,3.522,3.5502,3.259,2.5886,1.8422,0.54163,-1.1106,-2.4912,-4.2808,-5.5557,-5.8552,-5.4826,-4.7454,-3.9774,-3.4394,-2.7229,-2.0189,-1.3644,-0.95581,-0.58041,-0.58687,-0.91713,-1.9743,-4.1233,-7.0601,-16.405,-14.251,-4.9047,-1.3429,1.8206,3.9667,5.1293,6.2432,6.9468,7.2402,7.3531,7.1744,6.7246,6.2188,5.3323,4.2053,3.1967,1.6679,-0.13626,-2.318,-4.2875,-7.462,-10.168,-9.8162,-6.7689,-3.9117,-2.2726,-0.73168,0.24955,0.78909,0.9389,0.89715,0.67947,0.45034,0.14352,-0.11854,-0.28745,-0.55132,-1.0028,-1.8071,-2.806,-4.7527,-7.5005,-8.9754,-6.6425,-2.5612,0.72847,2.6549,4.6521,6.1448,6.9874,7.786,8.2537,8.4058,8.3481,7.9951,7.3459,6.6586,5.467,3.9316,2.5531,0.47279,-1.6611,-2.8447,-3.2664,-2.5592,-1.5074,-0.78084,-0.029751,0.49125,0.74623,0.95836,1.0438,1.0297,0.95559,0.8126,0.61121,0.44563,0.25022,0.071397,-0.044393,-0.1754,-0.31146,-0.45181,-0.54313,-0.67122,-0.72678,-0.68355,-0.55495,-0.29632,-0.030053,0.42366,0.93399,1.4397,1.8096,2.2381,2.5634,2.7511,2.9203,3.0089,3.0426,3.0696,3.0891,3.1125,3.1059,3.044,2.8902,2.6803,2.2386,1.6238,0.85462,0.17576,-0.80571,-1.8609,-2.6381,-3.6576,-4.5468,-5.1208,-5.6227,-5.7957,-5.5973,-5.1526,-4.1991,-2.9617,-1.9133,-0.49586,0.8889,2.1414,2.9874,3.9559,4.7508,5.2494,5.7732,6.144,6.3192,6.4431,6.4098,6.2386,6.0222,5.6115,5.0708,4.5713,3.7967,2.9339,2.2563,1.2053,-0.030445,-1.5568,-3.0398,-5.5851,-8.8585,-10.644,-8.7838,-5.2466,-2.5543
1.0488,0.097522,-1.0683,-2.0023,-2.4893,-2.7956,-2.7542,-2.574,-2.121,-1.5625,-0.97604,-0.53386,0.055388,0.68331,1.1625,1.8212,2.4396,2.8294,3.2055,3.3733,3.2484,2.9447,2.2136,1.0758,-0.069353,-2.1085,-4.954,-7.8275,-13.699,-28.932,-17.277,-12.24,-8.4733,-6.0195,-4.61,-3.0975,-1.9086,-0.9747,-0.45039,0.0048196,0.14219,-0.0036549,-0.47146,-1.2748,-1.9624,-2.5138,-2.0623,-0.66342,0.61949,2.2059,3.498,4.2388,4.921,5.2817,5.3398,5.1473,4.6469,3.8478,3.0351,1.6962,0.065826,-1.327,-3.3369,-5.4441,-7.5911,-9.3738,-12.074,-14.181,-13.455,-10.04,-6.8787,-5.0907,-3.4276,-2.49,-2.1792,-2.323,-2.9751,-4.0759,-5.0404,-5.9143,-5.7983,-5.0638,-3.9015,-2.902,-2.2295,-1.8986,-1.6022,-1.2694,-0.82131,0.13845,1.4199,2.8365,3.863,5.0917,6.0844,6.6696,7.2112,7.4852,7.5111,7.3114,6.8267,6.0423,5.2442,3.8209,1.9171,0.03943,-3.4009,-8.9169,-17.051,-14.976,-7.5692,-4.0561,-2.4089,-0.98047,-0.12257,0.26498,0.47351,0.39384,0.062813,-0.32964,-1.0082,-1.7659,-2.3385,-2.9992,-3.3761,-3.4408,-3.2912,-2.9896,-2.6438,-2.3764,-2.083,-1.7994,-1.5849,-1.2236,-0.7982,-0.42874,0.11558,0.69932,1.3168,1.7796,2.3728,2.9247,3.2851,3.6982,4.0151,4.2326,4.3295,4.3616,4.26,4.0852,3.7283,3.1803,2.6371,1.7186,0.56504,-0.79998,-1.9444,-3.5613,-5.1848,-6.3479,-7.7526,-9.0381,-9.8326,-11,-12.126,-12.665,-12.306,-10.626,-8.3268,-6.5158,-4.2974,-2.3443,-0.67732,0.37441,1.5817,2.5392,3.1162,3.6922,4.0568,4.2022,4.2289,4.0662,3.7109,3.3244,2.6505,1.7753,1.0623,-0.011847,-1.1094,-1.8454,-2.5276,-2.923,-3.1328,-3.2626,-3.3629,-3.3481,-3.1572,-2.5741,-1.7377,-0.8773
-1.3039,-2.6021,-4.2821,-5.7053,-6.433,-6.7328,-6.1971,-5.394,-4.0579,-2.6479,-1.3176,-0.39975,0.69649,1.6452,2.2731,2.9728,3.4933,3.7634,3.9325,3.8686,3.5359,3.0874,2.2126,0.98806,-0.18163,-2.0868,-4.4122,-6.3447,-8.861,-10.61,-10.845,-10.094,-8.4878,-6.5627,-5.1226,-3.3391,-1.7746,-0.48797,0.29544,1.0805,1.6252,1.8844,2.0531,2.1133,2.1461,2.2285,2.4395,2.7819,3.0943,3.5185,3.8698,4.062,4.1707,4.0801,3.8702,3.3693,2.5812,1.4583,0.36358,-1.4929,-3.8857,-6.0326,-9.4525,-12.864,-13.953,-13.055,-11.329,-9.6296,-8.4242,-6.7824,-5.2264,-4.2382,-3.27,-2.7925,-2.9052,-3.4201,-4.8764,-7.6165,-11.137,-22.399,-16.715,-10.483,-6.21,-3.6682,-1.9826,-1.0206,-0.0091052,0.8864,1.5423,2.4209,3.335,4.2401,4.8737,5.6237,6.2248,6.5551,6.8257,6.8901,6.7999,6.499,5.9999,5.2935,4.62,3.5267,2.195,1.0625,-0.56814,-2.11,-2.8909,-3.1399,-2.5738,-1.6809,-1.0313,-0.31172,0.14008,0.28406,0.19645,-0.22472,-1.0134,-1.8727,-3.4478,-5.5515,-7.4727,-10.132,-11.293,-10.523,-8.722,-7.1385,-6.0261,-5.4671,-4.9129,-4.5318,-4.3041,-3.9147,-3.3991,-2.9067,-2.1422,-1.2721,-0.33471,0.37276,1.3105,2.203,2.8162,3.5313,4.1167,4.5517,4.7534,4.869,4.7786,4.5705,4.0711,3.2904,2.5035,1.1703,-0.54585,-2.7043,-4.6315,-7.6353,-10.932,-13.251,-14.998,-15.529,-15.879,-17.148,-20.127,-27.762,-34.286,-19.668,-13.747,-10.765,-7.6591,-5.2613,-3.3203,-2.1126,-0.78604,0.24792,0.82601,1.3808,1.6937,1.7848,1.6879,1.3938,0.87863,0.33036,-0.63336,-1.9018,-3.1454,-5.1897,-7.7395,-9.7094,-10.643,-8.6902,-6.2144,-4.6193,-3.0046,-1.7659,-1.0118,-0.19246,0.43812,0.86457
-4.9183,-7.0328,-10.258,-14.309,-17.974,-20.32,-15.175,-11.479,-7.7482,-4.8605,-2.5482,-1.1188,0.49166,1.7728,2.5543,3.3682,3.9476,4.2323,4.4025,4.3111,3.9751,3.5459,2.7346,1.6233,0.58957,-1.0653,-3.0042,-4.6675,-7.1494,-9.8071,-12.344,-13.161,-11.481,-8.3664,-6.1344,-3.6027,-1.5551,0.076274,1.0709,2.1128,2.8691,3.297,3.6692,3.8885,3.9721,3.9934,3.9403,3.836,3.7276,3.5594,3.3492,3.164,2.8821,2.5243,2.1917,1.6094,0.80987,-0.29317,-1.3363,-3.1481,-5.5145,-7.784,-11.656,-16.289,-16.706,-13.929,-10.5,-7.9624,-6.392,-4.6592,-3.2852,-2.4826,-1.6834,-1.2505,-1.2244,-1.4891,-2.205,-3.2432,-4.0816,-4.8406,-4.7368,-4.065,-2.9413,-1.8706,-0.93948,-0.35802,0.39362,1.161,1.7568,2.6043,3.4666,4.2711,4.8111,5.3993,5.7995,5.959,5.9984,5.844,5.622,5.2055,4.6914,4.1167,3.6524,3.0095,2.3289,1.8125,1.1374,0.54752,0.21117,-0.049548,-0.090577,0.032685,0.18518,0.39492,0.52706,0.50101,0.27112,-0.26744,-1.2026,-2.2181,-4.0849,-6.8222,-9.6363,-14.674,-17.429,-14.804,-11.477,-9.6157,-8.7186,-8.5111,-8.5968,-8.9372,-9.1619,-9.3185,-8.9456,-8.2876,-7.0106,-5.4984,-3.9159,-2.7289,-1.181,0.26951,1.2686,2.4511,3.4306,4.1844,4.5945,4.9118,4.9671,4.8254,4.3566,3.5671,2.7442,1.278,-0.65011,-3.1709,-5.5759,-9.731,-15.648,-22.409,-24.099,-19.213,-17.828,-17.115,-17.083,-17.14,-16.651,-15.132,-13.032,-11.3,-9.1214,-7.1294,-5.3982,-4.2956,-3.0837,-2.1416,-1.6183,-1.1563,-0.95644,-0.98464,-1.2258,-1.6933,-2.3347,-2.9042,-3.8098,-4.8839,-5.9352,-7.8573,-10.639,-13.36,-14.382,-10.325,-6.5107,-4.3162,-2.1196,-0.48303,0.45831,1.3966,2.0266,2.3729
