-6.4192,-10.722,-19.021,-12.952,-8.7816,-5.4051,-3.2832,-2.1508,-1.0559,-0.30146,0.19543,0.43725,0.62331,0.68668,0.68146,0.64284,0.60162,0.58416,0.62877,0.72569,0.87971,1.0149,1.2023,1.3971,1.5403,1.7214,1.8655,1.9484,2.0146,2.0306,1.9944,1.9204,1.7572,1.4944,1.243,0.80365,0.24394,-0.43327,-1.0118,-1.8903,-2.8999,-3.7475,-4.9636,-6.2462,-7.1855,-8.2895,-9.0736,-9.4975,-9.5378,-9.3611,-9.08,-8.8438,-8.4599,-7.9637,-7.573,-7.0894,-6.6137,-6.0648,-5.5429,-4.6885,-3.6789,-2.8351,-1.6347,-0.38045,0.90806,1.8788,3.1708,4.461,5.4161,6.6779,7.9242,8.8562,10.086,11.299,12.486,13.357,14.486,15.573,16.359,17.361,18.308,18.978,19.818,20.593,21.302,21.789,22.377,22.896,23.238,23.633,23.957,24.21,24.353,24.482,24.539,24.536,24.469,24.331,24.182,23.921,23.591,23.19,22.843,22.32,21.727,21.237,20.527,19.752,19.13,18.247,17.309,16.318,15.542,14.467,13.353,12.493,11.318,10.116,8.8878,7.9369,6.6343,5.2684,4.1886,2.6581,1.018,-0.2739,-1.9311,-3.1528,-3.4023,-2.8296,-1.4281,0.21349,1.4106,2.8438,4.0416,4.7938,5.6247,6.2895,6.8179,7.1321,7.4442,7.6351,7.6959,7.6553,7.4781,7.1389,6.7689,6.1079,5.2409,4.4389,3.173,1.7484,0.773,0.093275,0.63772,2.1645,3.5414,5.3373,6.9498,8.0172,9.2614,10.32,11.001,11.779,12.415,12.919,13.215,13.504,13.674,13.726,13.694,13.548,13.279,12.997,12.512,11.89,11.331,10.463,9.4535,8.6123,7.4273,6.2738,5.3561,4.9783,5.0071,5.5598,6.1707,7.0636,7.9116,8.4732,9.1021,9.5942,9.9514,10.132,10.268,10.286,10.225,10.052,9.778,9.4093
-1.2869,-1.4146,-1.4692,-1.4071,-1.3011,-1.1042,-0.87375,-0.69815,-0.47488,-0.27376,-0.10313,0.004296,0.12066,0.20972,0.2627,0.31984,0.36926,0.40577,0.45449,0.50086,0.543,0.57109,0.60161,0.62391,0.63091,0.62434,0.59843,0.56581,0.49978,0.40801,0.28859,0.18064,0.01128,-0.18828,-0.35652,-0.60403,-0.87702,-1.1747,-1.4103,-1.7401,-2.0811,-2.3429,-2.6922,-3.0466,-3.3136,-3.6678,-4.0251,-4.3997,-4.6984,-5.1254,-5.6005,-5.9986,-6.594,-7.26,-7.7914,-8.5022,-9.1102,-9.4321,-9.3758,-8.9018,-8.1634,-7.5649,-6.8062,-6.1532,-5.6557,-5.4103,-5.2949,-5.4702,-5.8352,-6.7086,-8.0804,-9.3105,-10.053,-7.8555,-4.1756,-1.5322,1.5555,4.1959,5.9362,7.9974,9.8118,11.034,12.503,13.805,14.957,15.729,16.645,17.435,17.949,18.533,19.005,19.368,19.57,19.746,19.817,19.803,19.693,19.48,19.252,18.858,18.359,17.754,17.227,16.427,15.511,14.743,13.605,12.329,11.27,9.7057,7.9386,5.9223,4.2026,1.5362,-1.7587,-4.904,-10.791,-17.84,-12.432,-8.8993,-5.9867,-4.1287,-3.1299,-2.1232,-1.3525,-0.86776,-0.30269,0.19586,0.65746,0.99588,1.4536,1.9172,2.2655,2.7159,3.1356,3.4233,3.7704,4.0682,4.3087,4.448,4.5783,4.644,4.6504,4.6027,4.4946,4.3329,4.1823,3.9517,3.7036,3.5176,3.2877,3.1029,3.0105,2.9688,3.0356,3.2189,3.4326,3.8077,4.2684,4.6578,5.2133,5.785,6.2092,6.7518,7.2477,7.6813,7.957,8.2502,8.4492,8.5307,8.5476,8.4529,8.2417,8.0048,7.5812,7.0337,6.544,5.7931,4.9527,4.2872,3.4107,2.6499,2.1394,1.981,2.0794,2.4506,2.8293,3.3672,3.8641,4.1779,4.496,4.6861,4.741,4.6921,4.5061,4.1807,3.8434,3.2655,2.5352,1.6449
0.28316,0.45416,0.61573,0.70927,0.74023,0.73202,0.6696,0.59137,0.44474,0.25737,0.045881,-0.12232,-0.34399,-0.54483,-0.67038,-0.78522,-0.82939,-0.81211,-0.72628,-0.58387,-0.41282,-0.27662,-0.10001,0.048738,0.12955,0.18358,0.1669,0.10501,-0.042876,-0.26454,-0.54886,-0.79288,-1.1443,-1.4935,-1.7305,-1.9788,-2.1164,-2.1216,-2.0401,-1.8417,-1.5577,-1.3162,-0.98176,-0.65754,-0.42955,-0.15444,0.07581,0.25759,0.36194,0.45865,0.51208,0.52682,0.52049,0.48795,0.45468,0.40618,0.36276,0.33417,0.33079,0.35387,0.39594,0.43424,0.49602,0.58625,0.69574,0.77724,0.87289,0.95023,1.0016,1.0806,1.2034,1.3512,1.6843,2.2388,3.073,3.8871,5.1858,6.6525,7.8071,9.3575,10.87,11.958,13.327,14.59,15.739,16.523,17.464,18.283,18.817,19.422,19.905,20.266,20.457,20.606,20.635,20.578,20.398,20.1,19.801,19.302,18.689,17.965,17.351,16.439,15.424,14.599,13.418,12.149,11.148,9.7556,8.3174,6.8639,5.7887,4.4189,3.1807,2.3792,1.5223,0.92223,0.55723,0.4171,0.37298,0.44643,0.55205,0.74301,0.99455,1.2292,1.5953,1.9965,2.4132,2.7243,3.129,3.5121,3.7807,4.1028,4.382,4.5553,4.7338,4.8484,4.8928,4.8753,4.786,4.6274,4.4654,4.1918,3.8539,3.4516,3.1072,2.5901,2,1.5029,0.75974,-0.086783,-0.79148,-1.8061,-2.8291,-3.6367,-3.8821,-3.4606,-2.2395,-1.0395,0.65245,2.2664,3.3714,4.6824,5.806,6.7491,7.346,7.9967,8.4911,8.7655,9.0095,9.1244,9.1229,9.052,8.8774,8.6257,8.4002,8.0694,7.7265,7.4767,7.1738,6.9222,6.7345,6.6375,6.5616,6.5314,6.5266,6.5244,6.5026,6.4579,6.3421,6.144,5.8477,5.553,5.056,4.4373,3.8899,3.0501,2.0877,1.0267
2.9086,2.9533,2.9167,2.7736,2.6024,2.2862,1.8618,1.4652,0.80351,-0.018733,-1.0312,-1.9357,-3.379,-5.1242,-6.6018,-8.5079,-9.3078,-8.656,-6.7578,-4.7428,-3.0195,-1.9542,-0.81443,0.045781,0.52205,0.94685,1.138,1.1315,0.91423,0.44417,-0.31507,-1.1044,-2.5333,-4.5624,-6.6717,-10.856,-17.882,-15.586,-10.517,-6.2424,-3.413,-1.824,-0.16934,1.1138,1.8934,2.7485,3.4269,3.9571,4.2717,4.5944,4.8181,4.93,5.0051,5.0084,4.9668,4.8629,4.7044,4.4965,4.3167,4.0569,3.7878,3.5879,3.3538,3.1925,3.1279,3.1386,3.2315,3.4281,3.653,4.0623,4.5877,5.0495,5.7492,6.5452,7.4398,8.177,9.2476,10.403,11.318,12.58,13.863,14.823,16.076,17.274,18.395,19.175,20.122,20.953,21.495,22.105,22.58,22.918,23.079,23.17,23.119,22.986,22.683,22.238,21.812,21.121,20.294,19.337,18.54,17.382,16.128,15.14,13.783,12.41,11.392,10.081,8.8469,7.7033,6.9007,5.8956,4.9325,4.2214,3.2713,2.2886,1.2596,0.46013,-0.58324,-1.5215,-2.063,-2.3843,-2.092,-1.5113,-0.45166,0.72091,1.8508,2.627,3.5371,4.3003,4.7743,5.2771,5.6344,5.8117,5.9212,5.8898,5.7145,5.4904,5.0702,4.5278,4.0531,3.3462,2.5911,1.8464,1.341,0.78456,0.37973,0.16011,-0.090396,-0.37587,-0.66241,-1.1916,-1.8969,-2.662,-3.0451,-2.8106,-1.4537,0.048294,2.2114,4.242,5.606,7.1883,8.5027,9.5779,10.235,10.923,11.403,11.631,11.764,11.704,11.454,11.142,10.56,9.7929,9.103,8.053,6.9134,6.0765,5.1619,4.7064,4.8323,5.2395,5.997,6.802,7.3578,7.9825,8.4465,8.6794,8.832,8.8002,8.5793,8.284,7.7137,6.9288,6.1859,4.9759,3.4845,1.64
2.3741,2.101,1.7469,1.3948,1.1228,0.73999,0.31395,-0.043727,-0.60124,-1.2643,-2.0376,-2.7017,-3.7171,-4.8418,-5.6928,-6.6229,-6.8959,-6.4748,-5.2586,-3.7348,-2.2469,-1.255,-0.12216,0.79529,1.3535,1.9181,2.2921,2.4539,2.5207,2.4103,2.14,1.835,1.3124,0.69333,0.22646,-0.2988,-0.58164,-0.50604,-0.22138,0.37403,1.1031,1.6719,2.404,3.0749,3.528,4.0726,4.5454,4.9411,5.1872,5.4513,5.6308,5.7056,5.7183,5.6188,5.4751,5.1762,4.7452,4.1691,3.63,2.7618,1.703,0.76832,-0.6591,-2.2359,-3.6976,-4.3958,-4.3139,-3.2001,-2.0893,-0.62865,0.61245,1.3648,2.1346,2.7136,3.2292,3.6924,4.6026,5.9922,7.33,9.3473,11.437,12.961,14.873,16.615,18.169,19.21,20.432,21.47,22.129,22.849,23.39,23.753,23.91,23.963,23.839,23.628,23.187,22.56,21.964,20.996,19.819,18.42,17.212,15.367,13.219,11.384,8.6083,5.4847,3.1104,0.80942,0.45679,1.2792,1.9369,2.5244,2.7273,2.6501,2.2543,1.5094,0.41295,-0.63571,-2.362,-4.5964,-6.5616,-8.5766,-7.7511,-5.8255,-3.2533,-1.149,0.53866,1.5758,2.7294,3.6614,4.2356,4.8388,5.2638,5.4661,5.5782,5.4989,5.2074,4.8332,4.0965,3.0341,1.9822,0.10178,-2.5807,-6.6706,-11.865,-31.527,-11.282,-6.9009,-3.4811,-1.2474,0.010065,1.3573,2.4783,3.4834,4.2219,5.2201,6.2591,7.0648,8.1609,9.252,10.045,11.041,11.922,12.677,13.148,13.64,13.96,14.084,14.078,13.872,13.453,12.99,12.157,11.051,10.017,8.3123,6.174,4.2798,1.6855,0.49512,1.884,3.599,5.7071,7.3811,8.3661,9.3816,10.112,10.499,10.82,10.945,10.881,10.716,10.348,9.8132,9.3006,8.49,7.5466,6.4857
-3.324,-3.417,-3.2159,-2.9854,-2.9222,-3.0319,-3.3427,-3.6223,-3.9974,-4.2182,-4.1825,-3.9917,-3.5725,-3.0655,-2.663,-2.1312,-1.5893,-1.1747,-0.63418,-0.099892,0.42871,0.81161,1.3133,1.79,2.1393,2.5865,3.0128,3.3133,3.6819,3.9883,4.2228,4.347,4.4466,4.4708,4.444,4.3649,4.2261,4.0565,3.9079,3.6729,3.3903,3.164,2.8706,2.6442,2.5599,2.6331,2.9164,3.3707,3.767,4.3004,4.7581,5.0122,5.2104,5.2243,5.1173,4.8018,4.3074,3.6345,3.0142,2.0372,0.87605,-0.12494,-1.6438,-3.3678,-4.9818,-5.6187,-5.1008,-3.564,-2.1682,-0.35925,1.0982,1.8668,2.413,2.3624,1.6091,0.45209,-1.9308,-2.7845,0.24675,5.2247,9.2728,11.746,14.493,16.766,18.666,19.886,21.273,22.413,23.12,23.875,24.425,24.776,24.913,24.927,24.752,24.497,23.991,23.293,22.642,21.598,20.349,18.883,17.633,15.752,13.617,11.855,9.3428,6.8537,5.2945,4.085,3.9126,4.2163,4.4792,4.7101,4.7586,4.6803,4.431,4.0027,3.4206,2.9625,2.4079,1.9201,1.5898,1.211,0.95587,0.87583,0.90711,1.036,1.2641,1.5017,1.9359,2.4997,3.0059,3.7388,4.4612,4.9532,5.4949,5.8724,6.0502,6.041,5.8308,5.3978,4.9482,4.1769,3.3181,2.5079,1.9838,1.4985,1.2966,1.31,1.4812,1.7711,2.0637,2.5949,3.3625,4.3885,5.3134,6.6815,8.1215,9.1944,10.572,11.851,12.732,13.787,14.694,15.449,15.907,16.384,16.69,16.811,16.824,16.672,16.361,16.03,15.472,14.807,14.259,13.496,12.756,12.257,11.722,11.383,11.259,11.298,11.489,11.779,12.027,12.358,12.65,12.823,12.976,13.034,12.988,12.885,12.661,12.345,12.051,11.61,11.14,10.657
-5.2661,-3.9476,-2.4811,-1.7613,-1.74,-2.4395,-4.045,-6.0282,-10.602,-20.738,-13.124,-7.9456,-4.0123,-1.5938,-0.35509,0.77144,1.482,1.793,1.9389,1.8027,1.4265,1.0182,0.39187,-0.12516,-0.25994,0.085698,1.0012,1.9053,3.1684,4.333,5.3173,5.9374,6.6014,7.0747,7.293,7.4334,7.3676,7.0873,6.7108,5.9486,4.8096,3.6254,1.4046,-2.0557,-6.2748,-14.36,-6.3025,-0.97317,1.4707,3.6742,5.1036,5.7933,6.3051,6.4091,6.2457,5.7183,4.8614,3.6865,2.6285,1.091,-0.31502,-0.99407,-1.0956,-0.41689,0.69583,1.6269,2.8755,4.0586,4.9817,6.2474,7.4282,8.2119,9.139,9.9694,10.744,11.312,12.114,13.064,13.915,15.233,16.702,17.847,19.36,20.804,22.133,23.04,24.114,25.022,25.59,26.191,26.614,26.857,26.922,26.854,26.61,26.313,25.768,25.06,24.424,23.445,22.326,21.086,20.089,18.693,17.248,16.157,14.725,13.36,12.401,11.232,10.184,9.2288,8.5731,7.7619,7.0195,6.5257,5.9741,5.5592,5.2039,4.9647,4.6962,4.4873,4.309,3.9566,3.4042,2.8419,1.8054,0.3064,-1.8812,-4.1635,-7.4101,-6.2761,-3.1263,0.5322,3.2523,4.8286,6.4669,7.6901,8.5782,9.0524,9.4683,9.6742,9.7096,9.6085,9.3836,9.0084,8.6253,7.9993,7.2068,6.4607,5.1656,3.3019,1.2499,-3.3633,-16.369,-5.2434,0.69493,5.458,8.7534,10.704,12.848,14.611,15.728,16.992,18.026,18.851,19.336,19.808,20.084,20.17,20.128,19.909,19.52,19.118,18.444,17.626,16.934,15.935,14.898,14.143,13.246,12.577,12.226,12.187,12.386,12.771,13.117,13.579,13.983,14.219,14.433,14.523,14.485,14.371,14.129,13.783,13.456,12.955,12.415,11.883
2.6927,2.4274,2.1465,1.8735,1.6327,1.2128,0.71704,0.36322,0.0039694,-0.14862,-0.051526,0.18266,0.61331,1.0728,1.3551,1.5601,1.5271,1.3226,0.77779,-0.13387,-1.5023,-2.9314,-5.5783,-9.4741,-13.063,-12.526,-7.8054,-5.0529,-2.3568,-0.37019,1.1631,2.0988,3.1182,3.9368,4.4246,4.9173,5.2159,5.3254,5.2751,5.0378,4.5962,4.1447,3.428,2.6981,2.2689,2.045,2.3027,2.9228,3.4789,4.179,4.7009,4.9343,5.0146,4.8182,4.4673,3.6991,2.5586,0.98482,-0.53901,-3.1438,-6.2832,-8.059,-7.0745,-4.0724,-1.3975,0.24327,2.0246,3.5236,4.568,5.8422,6.9251,7.6424,8.5369,9.4095,10.265,10.906,11.777,12.694,13.423,14.448,15.515,16.33,17.418,18.482,19.49,20.192,21.037,21.758,22.206,22.668,22.965,23.091,23.07,22.885,22.52,22.13,21.459,20.621,19.892,18.8,17.593,16.302,15.302,13.955,12.618,11.639,10.364,9.1135,8.1724,6.8831,5.5036,3.9743,2.6857,0.71447,-1.5659,-3.3675,-5.1503,-5.1267,-3.6061,-2.3253,-0.9331,0.076832,0.61921,1.0881,1.2478,1.1614,0.78848,0.18725,-0.54282,-1.0596,-1.4371,-1.1256,-0.38044,0.99367,2.4601,3.4905,4.7071,5.726,6.561,7.0793,7.6407,8.0559,8.2736,8.4507,8.4923,8.3888,8.2345,7.944,7.5438,7.1722,6.5937,5.9778,5.5524,5.1778,5.1973,5.7304,6.4556,7.7394,9.2005,10.323,11.768,13.108,14.023,15.101,16.011,16.743,17.171,17.572,17.778,17.802,17.657,17.305,16.736,16.161,15.178,13.92,12.771,10.901,8.5174,6.2457,2.1486,-4.0657,-6.1679,-1.5881,2.6451,5.2586,6.619,7.9137,8.7771,9.2053,9.5319,9.6149,9.4829,9.2364,8.7416,8.0697,7.4382,6.4134,5.1715,3.7212
1.762,1.6694,1.5875,1.5295,1.5026,1.4852,1.4558,1.4305,1.4119,1.4274,1.4554,1.4717,1.4627,1.4035,1.3141,1.1312,0.83106,0.50821,-0.048773,-0.74986,-1.5909,-2.285,-3.239,-4.1228,-4.6774,-5.1802,-5.4015,-5.38,-5.1834,-4.7942,-4.1702,-3.544,-2.5691,-1.5252,-0.74865,0.22542,1.0804,1.7736,2.1842,2.5989,2.8773,3.0098,3.1169,3.1762,3.2081,3.2536,3.3151,3.3784,3.4259,3.4634,3.4419,3.369,3.185,2.8874,2.586,2.0879,1.4936,0.83659,0.33742,-0.27389,-0.7454,-0.95394,-0.99761,-0.7904,-0.37643,0.014523,0.59979,1.2396,1.7476,2.3547,2.869,3.2382,3.7398,4.2264,4.7005,5.0752,5.6582,6.3653,6.9922,7.9572,9.0558,9.9408,11.16,12.376,13.529,14.327,15.272,16.059,16.535,17.012,17.297,17.381,17.308,17.02,16.512,15.981,15.069,13.916,12.894,11.318,9.5041,7.4937,5.9223,3.9111,2.2645,1.4129,0.75299,0.3751,0.095978,-0.42057,-1.1923,-2.2745,-3.3195,-5.0124,-7.1081,-8.7735,-10.231,-10.032,-8.5754,-7.101,-5.1926,-3.6626,-2.7798,-1.8626,-1.1758,-0.81105,-0.48801,-0.30579,-0.20042,-0.14347,-0.065478,0.033117,0.13676,0.32578,0.57457,0.79926,1.1542,1.5735,2.059,2.4598,3.0212,3.5704,3.9437,4.3676,4.6831,4.8894,4.9707,4.9632,4.8121,4.6227,4.309,3.9687,3.7296,3.4968,3.445,3.6641,4.033,4.8045,5.8324,6.7182,7.9647,9.1963,10.07,11.13,12.039,12.766,13.188,13.583,13.783,13.802,13.639,13.259,12.66,12.073,11.103,9.918,8.8897,7.3395,5.6225,4.2799,2.577,1.2735,0.69173,0.75217,1.2608,1.9545,2.4591,3.0062,3.3623,3.4986,3.4945,3.2641,2.8095,2.325,1.4766,0.44861,-0.42232,-1.7387,-3.2741,-5.1066
-0.8421,-0.633,-0.25077,0.17017,0.50752,0.94781,1.3415,1.58,1.8278,2.0103,2.1318,2.1808,2.1841,2.1129,2.0052,1.8032,1.5211,1.2524,0.81908,0.29111,-0.33518,-0.86739,-1.6734,-2.5962,-3.3903,-4.6301,-6.1733,-7.628,-10.224,-13.83,-16.669,-14.574,-10.088,-6.6224,-4.6323,-2.5687,-0.98779,0.24008,0.97117,1.7352,2.3012,2.6168,2.9236,3.1218,3.2084,3.2595,3.2504,3.1963,3.1219,2.9837,2.8016,2.6401,2.3793,2.0679,1.8072,1.4374,1.0321,0.61685,0.30764,-0.08617,-0.45601,-0.70453,-0.9917,-1.2253,-1.3791,-1.4467,-1.4673,-1.3745,-1.2841,-1.2056,-1.1076,-0.98665,-0.85822,-0.89878,-1.1758,-1.5377,-2.1747,-2.7698,-2.8087,-1.7354,0.46988,2.3885,4.8534,7.0378,8.9006,10.095,11.434,12.501,13.131,13.752,14.129,14.261,14.198,13.898,13.339,12.746,11.707,10.354,9.1121,7.0961,4.5608,1.283,-1.9353,-8.1993,-18.201,-13.103,-7.6031,-5.0968,-4.1168,-3.5213,-3.4695,-3.7858,-4.1904,-4.8273,-5.4946,-5.9603,-6.2421,-5.9758,-5.5235,-5.1206,-4.4105,-3.5326,-2.8538,-2.0122,-1.2785,-0.81379,-0.31732,0.0019516,0.13176,0.11923,-0.031498,-0.35691,-0.73584,-1.4294,-2.3483,-3.1483,-4.1999,-4.8159,-4.4923,-3.6257,-2.0837,-0.53518,0.49503,1.6357,2.4939,3.0907,3.368,3.4834,3.3369,3.0707,2.4823,1.585,0.6636,-0.97406,-3.1094,-5.2986,-5.7445,-3.55,-0.31038,1.8866,4.3781,6.4161,7.6966,9.1214,10.263,11.142,11.636,12.089,12.317,12.338,12.172,11.792,11.2,10.625,9.6896,8.5796,7.6507,6.314,4.9227,3.8891,2.6068,1.5373,0.77049,0.41584,0.20556,0.22105,0.31777,0.45813,0.51949,0.46687,0.214,-0.3149,-1.0992,-1.9063,-3.3353,-5.1295,-6.6544,-8.721,-10.296,-10.757
-7.8031,-6.1637,-4.0355,-2.2794,-1.2248,-0.10712,0.75203,1.2509,1.7397,2.0389,2.1942,2.2433,2.2433,2.1835,2.0977,1.9443,1.7572,1.5998,1.3561,1.0568,0.69309,0.36293,-0.17272,-0.8304,-1.4211,-2.3462,-3.458,-4.4052,-5.7186,-6.8558,-7.2654,-6.8356,-5.5471,-3.9417,-2.751,-1.3183,-0.13065,0.81228,1.3764,1.9486,2.3343,2.5211,2.6493,2.6616,2.6105,2.4754,2.2975,2.0755,1.8837,1.5975,1.2749,1.0236,0.65557,0.27022,-0.017475,-0.38822,-0.74868,-1.0968,-1.3707,-1.7504,-2.1818,-2.5632,-3.1608,-3.9022,-4.75,-5.4326,-6.2848,-6.907,-7.0711,-6.8391,-6.049,-5.3476,-4.6418,-4.3055,-4.3463,-4.7265,-5.9008,-7.9386,-9.5025,-8.5326,-4.4351,-1.4128,1.9737,4.6967,6.8772,8.2249,9.7085,10.883,11.581,12.28,12.719,12.908,12.89,12.658,12.192,11.686,10.806,9.6916,8.7144,7.2422,5.612,3.8804,2.5909,1.0395,-0.13011,-0.70003,-1.1648,-1.4941,-1.7312,-2.1356,-2.7241,-3.553,-4.3784,-5.6368,-7.1422,-8.4613,-10.11,-10.544,-9.3987,-8.0336,-6.1424,-4.3836,-3.2098,-1.864,-0.78821,-0.14261,0.54955,1.0257,1.2752,1.2982,1.1027,0.6346,0.064522,-1.0436,-2.6719,-4.3661,-7.4973,-11.354,-11.131,-7.9525,-4.2489,-1.6032,-0.10526,1.4267,2.5317,3.2833,3.6269,3.8379,3.8246,3.6558,3.1867,2.4285,1.6582,0.3729,-1.1114,-2.3562,-2.5255,-1.2568,1.0045,2.7742,4.9304,6.7877,7.9857,9.3329,10.424,11.268,11.751,12.181,12.367,12.352,12.137,11.702,11.036,10.377,9.2863,7.9472,6.7751,4.9706,2.8544,1.0325,-1.7157,-4.657,-6.8614,-7.0894,-5.7795,-4.0965,-3.0271,-1.9538,-1.2647,-0.99048,-0.94283,-1.2499,-1.9261,-2.6858,-4.1781,-6.3413,-8.4559,-11.932,-15.225,-14.617
-8.1572,-6.2429,-3.9345,-2.0568,-0.93856,0.15459,0.8825,1.2481,1.536,1.5912,1.4582,1.2553,0.88955,0.50511,0.25576,0.034794,-0.016217,0.060932,0.24288,0.45698,0.63176,0.69928,0.68516,0.5524,0.38234,0.075146,-0.28245,-0.54845,-0.82986,-0.99823,-0.98568,-0.82501,-0.44711,0.083124,0.52011,1.0984,1.6143,1.9998,2.1921,2.2899,2.2012,2.0122,1.6132,1.0799,0.63922,0.061283,-0.46411,-0.87769,-1.1473,-1.4733,-1.8594,-2.2383,-2.8644,-3.593,-4.159,-4.7828,-5.0879,-5.0436,-4.885,-4.6805,-4.641,-4.8094,-5.368,-6.4108,-8.1139,-9.9771,-13.845,-21.792,-40.006,-17.425,-11.329,-8.7027,-6.5529,-5.0809,-3.8666,-3.1101,-2.2774,-1.4395,-0.72526,0.3768,1.6811,2.7912,4.3549,5.8998,7.3321,8.3154,9.4806,10.465,11.078,11.714,12.136,12.345,12.359,12.187,11.792,11.357,10.606,9.6762,8.8762,7.7206,6.5177,5.3318,4.4908,3.4744,2.6116,2.0561,1.4057,0.80717,0.34767,-0.33772,-1.1679,-2.2173,-3.1928,-4.8529,-6.9544,-9.2137,-13.325,-14.66,-11.729,-9.2374,-6.259,-3.8909,-2.4725,-0.90528,0.36241,1.1394,1.9665,2.586,3.0274,3.2334,3.3278,3.2301,3.0392,2.6585,2.1669,1.7675,1.2907,1.0159,1.0598,1.2992,1.8284,2.4934,3.0147,3.6613,4.2167,4.6578,4.8909,5.1041,5.1917,5.1439,4.9517,4.6706,4.4453,4.1627,3.9681,3.9699,4.1566,4.6986,5.5286,6.3028,7.4454,8.6268,9.4852,10.544,11.444,12.161,12.57,12.938,13.082,13.043,12.794,12.31,11.588,10.889,9.7413,8.3318,7.0939,5.1765,2.9151,0.96391,-2.0176,-5.2495,-7.5804,-7.6553,-6.1216,-4.2853,-3.1029,-1.8608,-0.93709,-0.44014,-0.019827,0.13935,0.0152,-0.20073,-0.6547,-1.3353,-1.9223,-2.6859,-3.2975,-3.7096
-0.43625,-0.061152,0.5393,1.0977,1.4685,1.861,2.0712,2.062,1.8262,1.3335,0.52494,-0.34849,-1.9382,-4.0197,-5.7518,-7.4374,-6.8303,-5.2626,-3.0917,-1.3565,-0.11456,0.53129,1.0748,1.2904,1.2705,1.051,0.67614,0.33239,-0.11692,-0.40399,-0.3963,-0.17435,0.36688,1.0885,1.6386,2.2949,2.7906,3.0666,3.0959,2.8636,2.2851,1.5895,0.26679,-1.5795,-3.329,-6.0149,-8.0425,-7.7916,-6.6935,-5.3965,-4.8084,-4.8997,-5.7865,-7.7725,-10.381,-16.756,-21.625,-12.759,-9.2898,-6.5695,-5.0846,-4.5353,-4.3406,-4.6578,-5.4053,-6.1482,-7.256,-8.1676,-8.5811,-8.2977,-7.156,-6.3886,-5.4124,-4.1026,-2.7313,-1.7672,-0.49385,0.74838,1.6016,2.6453,3.6603,4.4452,5.4794,6.4803,7.4601,8.1965,9.166,10.074,10.681,11.36,11.868,12.175,12.255,12.135,11.752,11.291,10.436,9.3174,8.3028,6.7437,5.0447,3.3855,2.3272,1.3761,0.97891,0.94193,1.0555,1.163,1.1436,0.95588,0.5906,0.10089,-0.36513,-1.0611,-1.6611,-2.0602,-2.7396,-3.0583,-2.7538,-2.3175,-1.5813,-0.68755,0.011362,0.94511,1.8807,2.5777,3.4286,4.1533,4.7558,5.1231,5.4862,5.701,5.7728,5.752,5.6286,5.4856,5.2512,5.0031,4.7836,4.6576,4.5576,4.5707,4.6582,4.8522,5.1112,5.4016,5.6179,5.8704,5.9717,5.9438,5.803,5.5106,5.1809,4.6313,4.045,3.5959,3.5053,3.8945,4.9184,5.9723,7.5387,9.0854,10.155,11.414,12.463,13.274,13.718,14.095,14.245,14.21,13.946,13.436,12.71,12.028,10.937,9.6449,8.5511,6.9613,5.266,3.9531,2.2107,0.59637,-0.71854,-1.4239,-1.9199,-1.8858,-1.5341,-0.75068,0.1937,0.89974,1.7251,2.419,2.841,3.0021,3.0938,3.0234,2.8322,2.4147,1.8579,1.1576
1.5294,1.7099,1.9362,2.1091,2.164,2.204,2.2019,2.1122,1.797,1.2322,0.36984,-0.50403,-2.0732,-4.1906,-6.0156,-7.8008,-7.0125,-5.2205,-2.848,-0.95913,0.38862,1.0841,1.6333,1.7613,1.5763,0.90781,-0.29477,-1.6565,-4.2751,-7.8877,-10.033,-7.7321,-3.7523,-0.82496,0.77896,2.3109,3.3114,3.8657,4.0166,3.8803,3.3429,2.6604,1.3477,-0.5242,-2.3003,-5.0016,-6.8999,-6.3511,-5.0216,-3.4474,-2.4894,-2.1794,-2.2511,-2.7759,-3.307,-3.9326,-4.0318,-3.4621,-2.8253,-1.9652,-1.3428,-1.0797,-1.0557,-1.3561,-1.9525,-2.5875,-3.6236,-4.8932,-5.9091,-7.3189,-8.9099,-9.929,-9.4321,-7.0081,-4.4692,-2.8586,-1.0389,0.41266,1.235,2.0682,2.6766,2.978,3.247,3.5154,4.0539,4.7309,5.9483,7.3505,8.386,9.6176,10.599,11.276,11.566,11.66,11.413,10.986,10.071,8.7223,7.3752,4.9789,1.6116,-3.5864,-10.742,-16.615,-6.021,-2.9862,-0.78151,0.34973,0.76978,0.97039,0.88363,0.60633,0.35985,-0.053132,-0.45241,-0.54498,-0.73157,-1.162,-1.4835,-1.5971,-1.635,-1.5384,-1.2439,-0.54573,0.44031,1.299,2.5083,3.6746,4.6688,5.2838,5.9464,6.4031,6.6064,6.6867,6.5591,6.3354,5.8604,5.1811,4.3157,3.5728,2.5429,1.6686,1.2827,1.3346,1.9881,2.9476,3.6691,4.4769,5.0204,5.2799,5.3667,5.0576,4.5117,3.2747,1.2097,-2.4469,-7.9173,-16.039,-2.4987,1.846,5.6622,8.3566,9.9206,11.555,12.78,13.684,14.162,14.547,14.655,14.565,14.228,13.652,12.847,12.098,10.919,9.5741,8.4679,6.8958,5.2214,3.9054,2.0431,-0.054979,-2.5828,-4.9347,-8.9037,-11.204,-8.6035,-4.3414,-1.1572,0.64448,2.5018,3.8227,4.7993,5.2851,5.6583,5.8135,5.796,5.5877,5.1735,4.5644
-0.34172,-0.51784,-0.79641,-0.95817,-0.97654,-0.86662,-0.62487,-0.39369,-0.14909,-0.077033,-0.20262,-0.38432,-0.69033,-1.0615,-1.2839,-1.353,-1.1262,-0.77289,-0.12423,0.61574,1.309,1.7536,2.1498,2.2941,2.2097,1.7923,0.99967,0.17001,-1.1933,-2.4997,-2.9067,-2.3012,-0.72846,0.96741,2.0425,3.1736,3.9693,4.4527,4.623,4.6355,4.4211,4.1358,3.6305,3.0427,2.6028,2.0981,1.748,1.64,1.6925,1.8503,2.0223,2.1355,2.2154,2.2446,2.2469,2.2153,2.2,2.2101,2.2181,2.1791,2.0504,1.8747,1.4918,0.90006,0.093774,-0.68453,-1.966,-3.5993,-5.1431,-7.8532,-10.73,-11.982,-12.047,-8.4453,-5.313,-3.5226,-1.6382,-0.38392,0.21571,0.66458,0.55378,-0.083396,-1.8887,-5.4216,-13.177,-11.692,-2.7599,2.0242,4.4559,6.8376,8.5196,9.6443,10.196,10.591,10.628,10.425,9.8536,8.9621,8.1021,6.697,5.0623,3.4294,2.4043,1.4979,1.1495,1.1088,1.0393,0.6906,0.24995,-0.56059,-1.5743,-2.6545,-3.2882,-3.7066,-3.9841,-3.9574,-3.5947,-3.6665,-4.4512,-5.3849,-7.3563,-10.458,-12.894,-11.628,-7.0249,-4.2174,-1.3954,0.75156,2.4206,3.4033,4.4122,5.1001,5.4267,5.6072,5.4838,5.1779,4.4695,3.3595,1.7329,0.066632,-3.1105,-8.5499,-17.803,-14.532,-6.091,-2.0973,-0.11967,1.697,3.0149,3.7704,4.3915,4.6555,4.6698,4.4654,4.0559,3.616,3.4747,3.8295,4.877,5.9836,7.5823,9.1161,10.147,11.329,12.26,12.934,13.283,13.536,13.521,13.321,12.837,12.096,11.048,10.064,8.5092,6.7054,5.2179,3.1702,1.3015,0.20132,-0.85248,-1.6789,-2.5551,-3.2833,-4.1019,-4.0502,-3.1232,-1.185,0.85246,2.2091,3.6958,4.8101,5.6482,6.1262,6.4948,6.6169,6.5907,6.4292,6.1068,5.6588
-3.4589,-4.7354,-7.1989,-10.265,-11.393,-9.2917,-6.3269,-4.6392,-3.0434,-2.0836,-1.6516,-1.6252,-1.8576,-2.2298,-2.5171,-2.7443,-2.5905,-2.1804,-1.2992,-0.24835,0.79977,1.5095,2.2965,2.875,3.1717,3.407,3.4822,3.4627,3.3847,3.3346,3.3968,3.5187,3.7716,4.0705,4.2955,4.5468,4.6943,4.7249,4.6729,4.5173,4.2905,4.1016,3.8463,3.64,3.5265,3.4531,3.478,3.5778,3.6879,3.8698,4.0645,4.2046,4.3651,4.4856,4.5379,4.5751,4.5542,4.4636,4.3549,4.1272,3.7927,3.4562,2.9032,2.2115,1.3802,0.67639,-0.36,-1.4339,-2.2158,-3.0559,-3.6129,-4.0478,-3.9426,-3.0497,-2.1023,-1.3338,-0.31105,0.56821,1.1268,1.6023,1.7097,1.6218,1.3312,0.91665,0.86008,1.3694,2.698,4.3853,5.6477,7.1345,8.31,9.1831,9.6523,10.043,10.181,10.141,9.9134,9.4974,9.0848,8.4477,7.7258,6.9542,6.3624,5.5745,4.7449,4.0512,2.9808,1.647,0.36403,-1.9351,-5.2392,-10.671,-19.179,-18.027,-9.5909,-7.0857,-5.5561,-4.6188,-4.4643,-4.9297,-5.9268,-7.1669,-7.7954,-7.3187,-5.6975,-4.2199,-2.291,-0.6004,0.80578,1.7347,2.7852,3.6073,4.0584,4.4344,4.5215,4.3806,3.9031,3.1043,1.9859,0.96516,-0.51678,-1.913,-2.6946,-3.0401,-2.5745,-1.6318,-0.73018,0.51616,1.792,2.6159,3.5211,4.2813,4.7518,5.2385,5.6106,5.9571,6.2447,6.6913,7.2464,7.7364,8.4701,9.2435,9.8135,10.537,11.173,11.663,11.909,12.058,11.994,11.79,11.266,10.422,9.2508,8.12,6.1745,3.5771,1.0112,-3.8808,-13.777,-20.207,-7.6889,-3.473,-1.1881,-0.056106,1.0923,2.054,2.7269,3.5977,4.4134,4.9713,5.6061,6.0967,6.3661,6.4455,6.4405,6.2566,6.0061,5.5599,5.0322,4.453
-2.9735,-3.8864,-5.5601,-7.2606,-7.6553,-6.7058,-4.9078,-3.6264,-2.4639,-1.8915,-1.8605,-2.2625,-3.4202,-5.387,-7.6808,-12.483,-15.747,-11.419,-6.3786,-3.1184,-0.83957,0.44107,1.765,2.7486,3.3048,3.8652,4.2541,4.4572,4.6375,4.7399,4.7703,4.7616,4.7062,4.5752,4.4339,4.1629,3.7831,3.2902,2.8535,2.1961,1.5177,1.0482,0.57529,0.38291,0.44408,0.76841,1.2964,1.8829,2.3132,2.8539,3.3347,3.6356,3.9748,4.2311,4.3685,4.4982,4.5484,4.5033,4.4003,4.1706,3.8192,3.4579,2.8491,2.0827,1.1522,0.3468,-0.875,-2.2239,-3.2815,-4.5845,-5.6911,-5.9011,-5.0179,-3.8544,-2.5182,-1.4048,-0.057966,1.1288,1.9195,2.7454,3.3795,3.8245,4.3269,4.7435,5.2169,5.632,6.2169,6.8346,7.3068,7.8804,8.3428,8.6903,8.8702,8.9916,8.9897,8.9291,8.7974,8.6034,8.4207,8.1477,7.8428,7.4711,7.1434,6.6538,6.0527,5.5034,4.6422,3.6148,2.693,1.2949,-0.18188,-1.5704,-2.3386,-2.7572,-2.6557,-2.042,-1.4764,-1.3222,-1.2038,-1.2508,-1.5172,-1.9296,-2.2759,-2.6445,-2.9314,-3.1329,-3.1833,-2.7857,-1.9166,-0.99555,0.36592,1.664,2.491,3.3224,3.8187,3.969,3.8696,3.4293,2.675,1.9129,0.66513,-0.85572,-2.1463,-3.88,-5.3156,-5.6137,-4.7999,-2.879,-0.84401,0.40085,1.826,2.9707,3.6097,4.2204,4.6338,4.896,5.0126,5.1328,5.3035,5.508,5.9239,6.5262,7.0798,7.8484,8.5985,9.2625,9.6505,9.9799,10.093,10.037,9.7188,9.1539,8.3618,7.5973,6.3591,4.9271,3.7818,2.299,1.2003,0.88992,1.1558,1.8986,2.8042,3.4639,4.2421,4.8926,5.3026,5.7504,6.0766,6.2382,6.3229,6.2806,6.0766,5.7677,5.2182,4.5132,3.8554,2.8045,1.6213,0.35559
-0.96693,-0.85807,-0.81857,-0.80148,-0.68099,-0.43784,-0.19473,0.00031898,0.16219,0.089171,-0.26595,-0.7236,-1.677,-2.9686,-4.0669,-5.3545,-5.7889,-5.3139,-3.9919,-2.5309,-1.2255,-0.39899,0.51861,1.2648,1.7221,2.2002,2.5519,2.7313,2.8822,2.9222,2.8343,2.7011,2.4403,2.072,1.7141,1.1208,0.35693,-0.61942,-1.5431,-3.1166,-5.1973,-7.1472,-10.026,-11.255,-9.8855,-7.0957,-4.7615,-3.0285,-2.0339,-1.0318,-0.30386,0.11732,0.56707,0.93882,1.1801,1.4519,1.6552,1.783,1.7983,1.7078,1.4734,1.1886,0.65251,-0.080096,-1.0406,-1.9319,-3.4137,-5.3886,-7.3424,-11.281,-18.327,-51.814,-14.287,-8.6368,-5.3946,-3.4613,-1.4876,0.039555,0.94906,1.9163,2.7417,3.2584,3.8036,4.3016,4.7633,5.0575,5.408,5.7122,5.8843,6.0106,6.0178,5.8931,5.7016,5.3397,4.9309,4.633,4.3269,4.2287,4.2778,4.456,4.6979,4.9129,5.0133,5.031,4.9212,4.7505,4.4014,3.9383,3.5486,3.0027,2.4486,1.9642,1.6907,1.4925,1.2243,1.0955,1.157,1.0477,0.82008,0.6154,0.16308,-0.48567,-1.1608,-2.4281,-4.2103,-6.1739,-10.533,-19.891,-13.853,-8.1717,-3.7609,-0.93415,0.57714,2.0078,2.9029,3.2904,3.4618,3.2508,2.6728,1.9837,0.70394,-1.0609,-2.8109,-5.9796,-10.28,-12.534,-9.8318,-5.8297,-3.0416,-1.6109,-0.13013,0.89643,1.3519,1.656,1.645,1.2654,0.72574,-0.2863,-1.5978,-2.5425,-2.9516,-1.7718,-0.24003,1.8696,3.6246,4.9755,5.7502,6.4697,6.8581,6.9552,6.8776,6.6064,6.1591,5.747,5.1759,4.6184,4.2456,3.8761,3.6792,3.6444,3.7556,4.0042,4.3171,4.567,4.8769,5.1163,5.2366,5.2944,5.2315,5.0822,4.7749,4.2902,3.6866,3.1075,2.1121,0.90643,-0.16159,-1.9052,-4.1231,-6.9368
-0.36082,0.078838,0.61693,1.0651,1.3224,1.6271,1.8687,1.9611,1.9913,1.8917,1.6261,1.3441,0.85604,0.2575,-0.20422,-0.79884,-1.2999,-1.5931,-1.8834,-2.0735,-2.1689,-2.1687,-2.0643,-1.8492,-1.619,-1.2851,-0.9854,-0.82234,-0.74012,-0.82446,-1.0602,-1.3445,-1.8236,-2.3758,-2.8244,-3.4415,-4.1006,-4.8821,-5.6068,-6.8558,-8.5609,-10.168,-12.416,-13.267,-12.232,-9.9592,-8.0012,-6.6459,-5.9607,-5.4391,-5.2537,-5.2252,-5.1909,-4.9909,-4.6593,-4.0545,-3.3899,-2.8065,-2.479,-2.2353,-2.2352,-2.3675,-2.7278,-3.243,-3.8908,-4.4375,-5.2344,-6.0851,-6.7514,-7.4945,-8.1041,-8.0475,-6.9503,-5.8633,-4.4081,-3.353,-2.1787,-1.208,-0.66158,-0.062896,0.4221,0.67442,0.96757,1.291,1.6143,1.8464,2.1701,2.4336,2.5373,2.5192,2.2709,1.6978,1.0091,-0.28543,-2.0742,-3.7028,-5.6972,-5.9007,-4.6357,-2.5053,-0.71817,0.60299,1.3124,1.9226,2.24,2.333,2.2883,2.107,1.9291,1.6595,1.3916,1.1987,1.0922,1.04,1.1427,1.1162,1.1227,1.2162,1.1654,1.0426,0.78307,0.38499,-0.042946,-0.81996,-1.7757,-2.5584,-3.5628,-4.0108,-3.5163,-2.622,-1.1344,0.32487,1.2677,2.2782,3.0007,3.3435,3.5505,3.49,3.1659,2.7614,2.0226,1.1127,0.35279,-0.6597,-1.4817,-1.9699,-2.0549,-1.888,-1.5887,-1.2885,-0.88772,-0.69125,-0.63102,-0.70863,-1.0748,-1.7867,-2.6053,-4.264,-6.8725,-9.6086,-12.461,-8.9751,-5.6832,-2.4207,-0.08563,1.5216,2.3516,3.0743,3.4,3.4002,3.1692,2.6705,1.983,1.4513,0.83043,0.43533,0.36406,0.56172,0.99248,1.3768,1.9116,2.4116,2.822,3.0556,3.2592,3.3277,3.2831,3.0884,2.7358,2.3655,1.7522,0.95251,0.029031,-0.7106,-1.842,-3.1462,-4.2256,-5.8659,-7.8447,-10.169
-0.63646,0.0026904,0.77744,1.4951,1.9421,2.4324,2.829,3.0292,3.1702,3.1816,3.0454,2.8323,2.4364,1.8976,1.391,0.57768,-0.40083,-1.2593,-2.6073,-4.1854,-5.9521,-7.2218,-8.3085,-8.147,-7.4049,-6.2069,-5.2427,-4.7628,-4.5197,-4.7108,-5.2963,-5.9949,-7.2409,-8.6064,-9.4581,-9.9954,-9.7578,-9.1351,-8.6874,-8.2414,-8.0093,-7.9392,-7.8617,-7.7387,-7.5642,-7.3121,-7.1556,-7.2091,-7.5258,-8.3951,-9.9594,-11.78,-15.233,-17.658,-15.564,-11.676,-8.8707,-7.1007,-6.2652,-5.6929,-5.6337,-5.8755,-6.4805,-7.2764,-8.0122,-8.3496,-8.3808,-7.965,-7.4922,-6.7874,-6.0821,-5.3902,-4.5703,-4.0103,-3.2629,-2.8378,-2.4547,-2.2754,-2.2772,-2.4523,-2.9178,-3.3595,-3.8627,-4.1487,-3.9496,-3.4123,-2.4664,-1.567,-1.0227,-0.55964,-0.4973,-0.88192,-1.4744,-2.8016,-4.8584,-6.9157,-9.9624,-10.19,-8.1276,-5.2631,-3.1291,-1.7035,-0.99629,-0.41447,-0.20296,-0.24839,-0.50531,-0.93558,-1.3451,-1.9006,-2.3221,-2.5124,-2.4585,-2.2099,-1.5773,-1.0304,-0.48069,0.069038,0.54005,0.78759,1.0078,1.0749,1.0679,0.99765,0.85691,0.77468,0.7498,0.83186,1.0988,1.4001,1.9115,2.4897,2.9167,3.4271,3.8414,4.0607,4.2137,4.2025,4.0218,3.7837,3.3305,2.7409,2.2399,1.5187,0.74932,-0.0078179,-0.55143,-1.2285,-1.8381,-2.1585,-2.5252,-2.772,-2.8151,-2.8154,-2.8395,-2.895,-2.993,-3.2106,-3.4024,-3.4336,-3.2132,-2.6332,-1.9648,-0.97767,-0.066076,0.69853,1.0883,1.3251,1.2354,0.91881,0.089836,-1.2542,-3.1634,-5.1105,-8.385,-10.706,-9.6628,-6.6424,-4.085,-2.622,-1.1703,-0.16764,0.5086,0.83001,1.0364,1.0178,0.85625,0.44891,-0.18557,-0.7964,-1.8184,-3.0214,-4.4303,-5.4588,-6.657,-7.6849,-8.2964,-8.9659,-9.6539,-10.519
-2.3603,-1.402,-0.2282,0.78921,1.4843,2.2697,2.8754,3.2376,3.5763,3.7394,3.7381,3.6126,3.2816,2.7625,2.2286,1.3147,0.11881,-1.004,-2.8821,-5.4009,-8.9372,-12.75,-19.059,-15.698,-11.988,-8.977,-7.2901,-6.6272,-6.3224,-6.6604,-7.6773,-8.9099,-11.491,-15.818,-21.872,-27.6,-17.163,-12.783,-10.795,-9.0268,-7.8504,-7.2344,-6.6435,-6.2499,-6.0493,-5.9353,-6.001,-6.2877,-6.7067,-7.5787,-8.8494,-10.061,-11.713,-12.459,-11.823,-10.127,-8.4554,-7.2745,-6.7679,-6.6188,-7.0647,-7.8581,-9.6408,-12.649,-17.923,-23.816,-18.599,-12.905,-10.257,-7.8429,-6.0705,-5.0453,-4.2416,-3.4558,-2.977,-2.8349,-2.8104,-3.0942,-3.5076,-4.4922,-6.1245,-7.9006,-11.795,-20.127,-19.001,-12.345,-7.6355,-4.8457,-3.4196,-2.1366,-1.4187,-1.1058,-1.1059,-1.3555,-1.7651,-2.0885,-2.4289,-2.5366,-2.4186,-2.1367,-1.8156,-1.5894,-1.5454,-1.6823,-2.0799,-2.5861,-3.5383,-4.8666,-6.1636,-8.2972,-10.741,-12.417,-11.74,-9.1587,-6.8044,-5.1267,-3.2395,-1.9101,-0.85715,-0.23729,0.38405,0.79,0.99148,1.1727,1.266,1.3088,1.39,1.5118,1.7164,1.936,2.3128,2.7454,3.0915,3.5385,3.9219,4.1541,4.3593,4.4228,4.3318,4.1564,3.7788,3.2266,2.704,1.8422,0.7863,-0.47024,-1.5757,-3.2683,-5.1262,-6.6283,-8.27,-8.6467,-8.1542,-7.019,-5.8202,-4.8368,-4.2605,-3.6211,-3.0741,-2.6902,-2.1563,-1.5944,-1.1548,-0.5468,-0.017801,0.38512,0.58897,0.65424,0.44265,0.084801,-0.7557,-1.9888,-3.7426,-5.4067,-7.794,-9.2651,-8.8012,-6.9008,-5.0213,-3.8807,-2.7376,-1.9733,-1.5043,-1.3071,-1.231,-1.3634,-1.6068,-2.1527,-2.9951,-3.8624,-5.4356,-7.4883,-10.447,-13.335,-17.47,-17.862,-15.692,-13.188,-11.603,-10.797
-5.5986,-4.1347,-2.417,-0.98645,-0.040327,1.0683,1.9558,2.5038,3.0658,3.4213,3.5833,3.5875,3.4133,3.0423,2.6435,1.9436,1.0503,0.25702,-0.95047,-2.2916,-3.6404,-4.5429,-5.4122,-5.7791,-5.7679,-5.5631,-5.3681,-5.3341,-5.4864,-5.9021,-6.6045,-7.2839,-8.3475,-9.4462,-10.073,-10.362,-10.028,-9.2894,-8.6615,-7.8916,-7.243,-6.8306,-6.3816,-6.011,-5.7949,-5.5483,-5.3676,-5.2923,-5.268,-5.3335,-5.4761,-5.5816,-5.6474,-5.5948,-5.4755,-5.1937,-4.9036,-4.7165,-4.7051,-4.915,-5.4265,-6.0368,-7.148,-8.5203,-9.7711,-10.236,-9.8526,-8.6136,-7.5274,-6.1855,-5.0576,-4.4415,-3.898,-3.3222,-3.1448,-3.0901,-3.1271,-3.3624,-3.6974,-4.3438,-5.1478,-5.9488,-7.009,-7.6357,-7.4306,-6.5628,-5.1028,-3.6705,-2.7381,-1.7806,-1.1,-0.67563,-0.52804,-0.46745,-0.53824,-0.65772,-0.82869,-1.0411,-1.2003,-1.4127,-1.6831,-2.0306,-2.3691,-2.9864,-3.7986,-4.558,-5.8471,-7.4772,-8.9347,-11.414,-14.32,-16.352,-15.521,-12.413,-8.9938,-7.2258,-5.1891,-3.501,-2.286,-1.582,-0.91197,-0.48307,-0.32961,-0.33436,-0.4778,-0.67163,-0.97348,-1.1678,-1.1544,-0.94709,-0.40872,0.33232,0.9507,1.7704,2.4882,2.9335,3.3805,3.6394,3.705,3.6212,3.3338,2.843,2.3221,1.4245,0.27193,-1.2215,-2.6041,-4.9435,-8.201,-11.566,-17.927,-19.146,-14.483,-10.67,-8.3746,-6.9592,-6.2643,-5.599,-5.0979,-4.7451,-4.1817,-3.4626,-2.895,-2.104,-1.3138,-0.6783,-0.31243,0.011678,0.084608,-0.0027251,-0.27904,-0.76437,-1.419,-1.9116,-2.5572,-3.0445,-3.2625,-3.4228,-3.4691,-3.5048,-3.6277,-3.7978,-4.0115,-4.1563,-4.2931,-4.3822,-4.4566,-4.6535,-5.09,-5.621,-6.7163,-8.1692,-10.154,-11.985,-13.911,-14.224,-13.242,-11.616,-10.317,-9.3646
-8.0519,-6.6377,-4.8406,-3.0756,-1.8782,-0.47419,0.73919,1.4811,2.2549,2.8052,3.1206,3.2264,3.1959,2.9836,2.72,2.2437,1.6538,1.152,0.43147,-0.3035,-1.0224,-1.5269,-2.1257,-2.6214,-2.9425,-3.3068,-3.6437,-3.8856,-4.253,-4.6454,-5.0567,-5.404,-5.8347,-6.2506,-6.5062,-6.7926,-6.9885,-7.1353,-7.2323,-7.3595,-7.4878,-7.5507,-7.5503,-7.3894,-7.1359,-6.6424,-6.039,-5.4123,-4.9569,-4.393,-3.908,-3.5886,-3.2305,-2.911,-2.7145,-2.4886,-2.3429,-2.2892,-2.32,-2.4554,-2.7107,-2.9586,-3.3439,-3.7295,-4.0517,-4.2052,-4.2718,-4.1947,-4.0786,-3.8937,-3.7652,-3.7756,-3.6423,-3.7556,-3.8887,-3.9136,-3.9955,-4.0071,-4.0047,-3.9348,-3.8554,-3.7975,-3.6121,-3.3673,-2.9926,-2.6193,-2.0968,-1.5459,-1.1682,-0.76545,-0.47747,-0.35256,-0.35032,-0.45132,-0.67835,-0.91477,-1.2689,-1.6595,-1.9803,-2.4056,-2.8579,-3.3733,-3.8095,-4.5193,-5.3996,-6.1709,-7.3862,-8.7087,-9.7243,-10.911,-11.579,-11.532,-10.876,-9.6183,-8.1592,-6.7696,-5.2773,-3.9645,-2.895,-2.3012,-1.8084,-1.6249,-1.7057,-2.1603,-3.009,-3.948,-5.6924,-7.8882,-9.7357,-9.5549,-7.2236,-4.5001,-2.7641,-0.91424,0.49368,1.2977,2.0815,2.5784,2.8204,2.8458,2.6872,2.3267,1.9211,1.224,0.33715,-0.72913,-1.6367,-2.9605,-4.3221,-5.2959,-6.4302,-6.9439,-7.0971,-7.0453,-6.9766,-7.1723,-7.5289,-8.3361,-9.4269,-10.1,-10.08,-8.668,-7.0893,-5.0661,-3.3837,-2.0534,-1.3117,-0.60208,-0.16854,-0.023196,0.016333,-0.14589,-0.39941,-0.66448,-1.1021,-1.5857,-2.0027,-2.6644,-3.4722,-4.2327,-5.5185,-7.1208,-8.9363,-10.105,-10.547,-9.5358,-8.4172,-7.1032,-6.2005,-5.8166,-5.6641,-5.8774,-6.1983,-6.556,-6.9436,-7.1816,-7.2819,-7.2521,-7.1856,-7.0849
-12.165,-10.585,-7.7455,-5.0416,-3.2467,-1.2559,0.30535,1.2319,2.1685,2.7973,3.1582,3.2513,3.1958,2.9614,2.6826,2.2188,1.6864,1.2688,0.71517,0.17511,-0.34357,-0.72265,-1.2187,-1.7223,-2.107,-2.6396,-3.1696,-3.5491,-3.9943,-4.3594,-4.6298,-4.77,-4.917,-5.029,-5.1541,-5.3935,-5.7533,-6.3009,-6.8687,-7.8675,-9.1734,-10.341,-11.825,-12.436,-11.82,-10.067,-8.1245,-6.3696,-5.2751,-4.0506,-3.0418,-2.4216,-1.7439,-1.2116,-0.87853,-0.55888,-0.34379,-0.2309,-0.20923,-0.26476,-0.3996,-0.53866,-0.75619,-0.98789,-1.2259,-1.4019,-1.6272,-1.8707,-2.0858,-2.4582,-2.9696,-3.3887,-4.159,-5.1797,-6.0151,-6.6022,-6.9104,-6.5532,-5.9084,-4.8934,-3.9502,-3.2378,-2.4562,-1.8047,-1.2067,-0.86593,-0.44998,-0.12199,0.041097,0.17251,0.1465,-0.035343,-0.26323,-0.74366,-1.3753,-1.9253,-2.7636,-3.562,-4.0872,-4.6419,-4.9754,-5.2075,-5.4035,-5.7682,-6.4332,-7.1703,-8.5187,-10.509,-12.479,-15.82,-18.912,-16.851,-13.971,-10.372,-7.732,-6.2971,-4.4597,-3.1618,-2.1876,-1.6704,-1.2539,-1.2078,-1.3981,-1.9422,-2.9604,-4.0301,-5.9953,-8.7006,-11.228,-11.086,-8.1495,-5.0485,-3.1686,-1.2102,0.2465,1.0706,1.8654,2.3576,2.5811,2.5979,2.4384,2.098,1.7638,1.215,0.59956,-0.030845,-0.51083,-1.1285,-1.6916,-2.1188,-2.5487,-2.9748,-3.2872,-3.7248,-4.3486,-5.2543,-6.2397,-8.1924,-11.3,-14.862,-17.903,-12.237,-8.7281,-5.4335,-3.1911,-1.6592,-0.82813,-0.097712,0.31564,0.45992,0.42566,0.27729,0.024936,-0.22246,-0.55497,-0.97028,-1.3447,-1.9557,-2.8349,-3.7086,-5.3017,-7.6828,-11.244,-14.957,-16.58,-11.755,-8.8913,-6.2968,-4.6357,-3.8172,-3.1225,-2.85,-2.8481,-2.9375,-3.273,-3.6897,-4.0744,-4.6712,-5.2797,-5.9262
-15.676,-12.164,-7.4609,-3.9311,-1.9806,0.095763,1.625,2.4738,3.2867,3.7315,3.8736,3.7728,3.4059,2.7976,2.2196,1.3554,0.48798,-0.081094,-0.64688,-0.99808,-1.1956,-1.3225,-1.5762,-1.9982,-2.446,-3.2427,-4.2382,-5.0541,-6.0147,-6.5701,-6.5291,-6.1235,-5.4484,-4.8081,-4.4722,-4.2408,-4.355,-4.834,-5.4725,-6.7889,-8.8124,-11.026,-15.464,-20.006,-16.9,-11.724,-8.3252,-5.9432,-4.5743,-3.1486,-2.0089,-1.3055,-0.50405,0.12863,0.51449,0.89875,1.1549,1.2766,1.2843,1.1899,1.0077,0.8226,0.54996,0.27439,0.031191,-0.12945,-0.33367,-0.57141,-0.81134,-1.275,-1.9829,-2.7234,-4.3993,-6.449,-10.168,-14.898,-23.926,-13.869,-9.6181,-6.1602,-3.9916,-2.7762,-1.6298,-0.79134,-0.15977,0.17221,0.54829,0.78706,0.88578,0.90844,0.74793,0.39612,-0.037567,-0.91109,-2.1277,-3.3285,-5.435,-8.013,-9.9337,-11.032,-9.7217,-7.8598,-6.8134,-5.9354,-5.6749,-5.8584,-6.5443,-7.7895,-9.0231,-10.943,-12.107,-11.11,-9.1889,-7.0228,-4.6961,-3.4157,-2.0255,-0.88286,-0.10511,0.294,0.61153,0.66346,0.53604,0.19655,-0.34613,-0.81964,-1.4509,-1.9745,-2.1788,-2.056,-1.5279,-0.6779,0.031776,0.97492,1.791,2.2777,2.7373,2.9541,2.919,2.7358,2.2947,1.658,1.1038,0.32129,-0.36293,-0.85308,-1.0501,-1.0989,-1.0259,-0.90263,-0.71197,-0.67217,-0.63864,-0.7161,-0.92274,-1.2443,-1.5718,-2.0675,-2.523,-2.7071,-2.5689,-1.9652,-1.2588,-0.28837,0.61922,1.262,1.5648,1.7149,1.5463,1.2721,0.69135,0.037106,-0.63108,-0.98649,-1.1713,-1.1299,-1.0038,-0.84934,-0.83563,-0.94027,-1.2482,-1.7026,-2.1402,-2.3334,-2.2499,-1.7468,-1.1949,-0.41318,0.24297,0.62624,0.91563,1.0145,0.80763,0.53905,-0.053831,-0.87546,-1.6391,-2.9286,-4.5264,-6.5355
-2.4376,-1.8343,-0.71884,0.5733,1.5329,2.6429,3.5422,4.0334,4.427,4.513,4.2499,3.8401,2.9296,1.5827,0.24571,-2.0375,-4.8177,-6.8034,-7.6821,-6.2814,-4.5951,-3.6833,-3.0311,-3.0121,-3.3961,-4.4983,-6.4467,-8.7182,-13.712,-23.218,-15.542,-10.911,-7.319,-5.1874,-4.1274,-3.2371,-2.8282,-2.8031,-3.0076,-3.5293,-4.2659,-4.8775,-5.6144,-5.9951,-5.9385,-5.5217,-4.8466,-4.1287,-3.607,-2.8871,-2.1899,-1.6439,-0.91172,-0.21237,0.22947,0.71533,1.0172,1.0965,1.0087,0.69701,0.19047,-0.29762,-1.0061,-1.6312,-1.9705,-1.9796,-1.724,-1.3288,-1.0637,-0.88308,-0.96035,-1.3169,-1.9387,-3.0722,-4.371,-5.2029,-5.7882,-5.2618,-4.3675,-3.2548,-2.2179,-1.6874,-1.2389,-0.90679,-0.77821,-0.62619,-0.42166,-0.19137,0.012603,0.19773,0.26566,0.10845,-0.21525,-0.89633,-2.0404,-3.2125,-5.3595,-8.3863,-10.937,-12.383,-9.7877,-7.0286,-5.4494,-4.0931,-3.2994,-3.0042,-2.9428,-3.0669,-3.2748,-3.4319,-3.3979,-3.1092,-2.7062,-1.829,-1.1448,-0.38249,0.38874,1.0319,1.5312,1.7612,1.8496,1.7677,1.5656,1.1132,0.58099,0.11232,-0.44189,-0.82169,-0.93843,-0.79208,-0.32463,0.35129,0.91953,1.6512,2.2752,2.6254,2.8891,2.8797,2.5682,2.0993,1.1427,-0.25254,-1.6398,-3.8867,-6.3068,-7.5345,-6.8988,-5.0576,-3.2686,-2.1447,-1.1034,-0.31785,0.12469,0.53124,0.86704,1.1335,1.3301,1.599,1.8977,2.1609,2.5644,2.9955,3.3204,3.7014,3.9254,3.9735,3.8122,3.3264,2.4201,1.4028,-0.42275,-3.0946,-6.4402,-8.4946,-7.7184,-4.7622,-2.8629,-1.028,0.28252,0.98081,1.6645,2.1827,2.5851,2.8632,3.225,3.5807,3.8319,4.1209,4.3206,4.3788,4.2773,4.0206,3.5494,3.0285,2.1985,1.1019,0.13607,-1.4009,-3.3,-5.6545
-0.040948,0.4881,1.3021,2.0711,2.6348,3.2882,3.7592,4.0023,4.1039,3.9584,3.5063,2.9531,1.8883,0.37634,-1.1249,-3.7252,-7.1738,-9.9851,-11.019,-8.3865,-5.9232,-4.6737,-3.6795,-3.3068,-3.403,-3.9658,-4.9587,-5.9241,-7.2544,-7.9574,-7.5274,-6.6235,-5.2973,-4.1113,-3.3992,-2.724,-2.2887,-2.0848,-2.06,-2.1723,-2.4183,-2.6621,-3.0329,-3.4624,-3.8272,-4.3696,-5.0244,-5.7902,-6.3858,-6.9532,-6.8841,-6.2891,-5.0532,-3.6943,-2.7865,-1.8561,-1.3003,-1.1294,-1.274,-1.8647,-3.0022,-4.2707,-6.7146,-10.217,-13.162,-11.707,-7.8942,-4.9776,-3.4204,-1.9656,-1.0745,-0.64294,-0.30982,-0.39185,-0.40567,-0.5944,-0.7207,-0.85852,-0.97729,-1.2061,-1.5996,-2.0963,-2.9774,-4.2159,-5.5171,-6.2239,-6.3276,-5.3675,-4.4154,-3.2524,-2.3856,-1.8852,-1.696,-1.6943,-1.9337,-2.2423,-2.7105,-3.1879,-3.4107,-3.4355,-3.1322,-2.6176,-2.2088,-1.7355,-1.4399,-1.3389,-1.3728,-1.5621,-1.7504,-2.0134,-2.1983,-2.1737,-2.0821,-1.6604,-1.0516,-0.67455,0.0051624,0.4927,0.84458,0.97356,0.92795,0.59049,0.15533,-0.71012,-1.9099,-3.036,-4.8125,-6.5147,-7.2315,-6.6688,-4.9638,-3.1279,-1.9004,-0.57196,0.39532,0.90319,1.2801,1.3224,1.0119,0.52531,-0.51437,-2.0766,-3.6938,-6.6445,-10.572,-13.099,-11.252,-7.853,-5.3802,-4.1056,-3.0387,-2.2241,-1.861,-1.4246,-0.98584,-0.45351,0.046935,0.82746,1.6884,2.3383,3.1517,3.8825,4.3126,4.754,4.9698,4.9326,4.7139,4.1074,3.1337,2.0843,0.21083,-2.2067,-5.0442,-6.5869,-6.2384,-4.1844,-2.6619,-1.0037,0.27031,1.0563,1.9543,2.7373,3.4395,3.915,4.4793,4.9466,5.2201,5.4616,5.5456,5.4753,5.2283,4.7083,4.0077,3.3134,2.202,0.92234,-0.11856,-1.4868,-2.7533,-3.768
-1.4267,-0.53442,0.49543,1.3958,1.9343,2.5227,2.9245,3.0886,3.1418,2.9681,2.5997,2.1604,1.4278,0.50725,-0.26096,-1.3271,-2.2995,-2.855,-3.2474,-3.2247,-2.9678,-2.7141,-2.4284,-2.2746,-2.2714,-2.4135,-2.6811,-2.9179,-3.2282,-3.4427,-3.4986,-3.4616,-3.3184,-3.1412,-3.0105,-2.8545,-2.7272,-2.6298,-2.5765,-2.5489,-2.5939,-2.6983,-2.9654,-3.4316,-3.958,-4.9465,-6.4648,-8.7409,-11.355,-17.833,-31.927,-17.01,-10.663,-7.2898,-5.61,-4.1077,-3.2342,-2.8431,-2.8505,-3.2529,-4.1275,-5.1051,-6.838,-8.8286,-9.9299,-9.2538,-7.0398,-4.7584,-3.3217,-1.8246,-0.73047,-0.071314,0.40569,0.85313,0.95421,0.9787,0.86696,0.59191,0.23761,-0.36875,-1.3861,-2.37,-4.2912,-7.1542,-11.885,-18.355,-19.23,-11.507,-8.5769,-6.1907,-4.7997,-3.9954,-3.607,-3.3268,-3.059,-2.8847,-2.59,-2.2158,-1.9309,-1.5043,-1.1075,-0.75016,-0.57993,-0.46206,-0.54127,-0.75949,-1.247,-2.03,-2.7665,-4.0193,-5.3439,-6.3276,-6.3929,-5.8709,-4.4071,-3.3867,-2.263,-1.321,-0.78415,-0.58511,-0.57202,-0.94117,-1.4418,-2.462,-4.0365,-5.6123,-8.7024,-13.352,-17.974,-14.402,-9.2934,-6.0301,-4.3172,-2.6594,-1.5207,-0.93908,-0.44846,-0.25052,-0.326,-0.53438,-1.0282,-1.7192,-2.3462,-3.2334,-4.0085,-4.5104,-4.6295,-4.5933,-4.4518,-4.4974,-4.599,-5.081,-5.6026,-6.3767,-6.9338,-6.4653,-5.3349,-3.2965,-1.1876,0.23764,1.8772,3.1958,4.0028,4.7916,5.3133,5.5218,5.5029,5.2184,4.6717,4.1009,3.1592,2.1169,1.0941,0.45568,-0.23048,-0.61965,-0.80688,-0.87521,-0.75059,-0.47993,0.16355,1.0259,2.0335,2.7905,3.7215,4.5038,4.9669,5.3867,5.5523,5.5099,5.2188,4.6092,3.6658,2.7294,1.095,-0.93889,-2.7721,-5.3906,-7.4671,-7.6649
-2.8601,-1.6684,-0.42966,0.59205,1.2024,1.8049,2.233,2.3879,2.4415,2.2806,1.9612,1.6101,1.0494,0.41761,-0.054557,-0.6525,-1.123,-1.368,-1.5459,-1.5707,-1.485,-1.3861,-1.2373,-1.1509,-1.1115,-1.1299,-1.2469,-1.3671,-1.5905,-1.8773,-2.2207,-2.5303,-2.9669,-3.4535,-3.8267,-4.237,-4.4777,-4.4477,-4.2446,-3.8122,-3.3371,-3.0526,-2.832,-2.8283,-3.0171,-3.5287,-4.3453,-5.4237,-6.3271,-7.3529,-7.6977,-7.3194,-6.318,-5.1232,-4.3322,-3.5012,-2.9331,-2.6354,-2.5609,-2.6312,-2.8382,-3.0489,-3.3302,-3.4553,-3.3451,-3.0504,-2.394,-1.5686,-0.91124,-0.067258,0.67175,1.1545,1.5518,2.0061,2.1088,2.2335,2.168,2.0004,1.7658,1.3017,0.62227,-0.020204,-1.111,-2.3282,-3.5847,-4.2695,-4.8005,-4.7369,-4.5818,-4.4274,-4.5901,-5.0521,-5.572,-6.1878,-6.2173,-5.6794,-4.462,-3.0234,-2.0424,-0.92094,-0.062159,0.53394,0.81474,0.94542,0.79591,0.46887,-0.28435,-1.4852,-2.7698,-5.2514,-9.219,-17.103,-26.922,-12.014,-7.4543,-5.0143,-3.1184,-1.8715,-1.165,-0.90885,-0.88268,-1.1166,-1.4726,-2.116,-2.9656,-3.646,-4.5861,-5.3164,-5.5739,-5.3875,-4.7332,-3.8784,-3.2391,-2.5269,-1.9711,-1.6844,-1.42,-1.26,-1.1752,-1.1453,-1.1559,-1.2456,-1.3618,-1.5752,-1.8732,-2.2003,-2.491,-2.9386,-3.5558,-4.1529,-5.031,-6.5529,-7.987,-11.206,-17.344,-20.876,-12.779,-6.7258,-2.8095,-0.60912,1.7401,3.5291,4.6099,5.7129,6.4952,6.9724,7.1441,7.1503,6.892,6.5512,5.9115,5.0563,4.0555,3.1684,1.8257,0.2271,-1.1902,-3.4001,-5.7068,-6.7068,-5.661,-3.0505,-0.49769,1.1284,2.9086,4.2864,5.0799,5.8437,6.2767,6.3877,6.2145,5.7244,4.8083,3.8545,2.1295,-0.21772,-2.554,-6.7255,-11.667,-10.642
-2.4497,-1.6029,-0.45673,0.51595,1.1619,1.8112,2.2223,2.3816,2.3679,2.1223,1.6264,1.1546,0.332,-0.54945,-1.2066,-1.9301,-2.3475,-2.4208,-2.2204,-1.8254,-1.3304,-0.98427,-0.59709,-0.32462,-0.19357,-0.12463,-0.15965,-0.2638,-0.49148,-0.85325,-1.396,-1.9524,-2.9615,-4.3664,-5.7433,-8.0236,-10.212,-10.205,-8.5713,-6.0233,-3.9494,-2.7692,-1.6468,-0.94952,-0.64606,-0.52032,-0.59604,-0.87166,-1.1023,-1.409,-1.626,-1.7204,-1.7397,-1.6915,-1.6334,-1.5969,-1.5516,-1.5739,-1.6096,-1.6837,-1.7375,-1.757,-1.699,-1.51,-1.1357,-0.74962,-0.12014,0.56786,1.0759,1.7274,2.2949,2.5987,3.0158,3.1849,3.3943,3.4896,3.5749,3.6457,3.6901,3.6213,3.5548,3.3726,3.1312,2.7284,2.3381,1.9625,1.4833,0.90267,0.37898,-0.57035,-1.9807,-4.1633,-6.68,-12.634,-33.416,-13.403,-6.383,-2.795,-0.9232,0.84548,2.0873,2.9067,3.3223,3.5964,3.606,3.4319,2.948,2.1921,1.4313,0.28959,-0.96986,-1.9579,-2.1748,-2.1368,-1.2642,-0.83242,-0.061223,0.28077,0.44283,0.38861,0.0843,-0.32661,-0.74061,-1.2671,-1.7324,-2.0328,-2.2242,-2.3164,-2.204,-2.068,-1.8492,-1.6526,-1.5808,-1.6416,-1.9,-2.1929,-2.6087,-2.8437,-2.67,-2.3099,-1.63,-0.9948,-0.62262,-0.33029,-0.30874,-0.53046,-0.8726,-1.4874,-2.2582,-2.8548,-3.8812,-4.6819,-5.2802,-5.7634,-5.7181,-4.8102,-3.5951,-1.5272,0.71197,2.3274,4.273,5.9549,7.0009,8.1783,9.0496,9.6669,9.9408,10.093,9.9762,9.7355,9.1824,8.3845,7.3051,6.3019,4.6904,2.6476,0.79764,-2.3236,-6.1419,-8.458,-6.7966,-3.0606,0.089472,2.0075,4.1219,5.8162,6.8327,7.8804,8.5923,8.9022,9.0031,8.8054,8.2641,7.675,6.6337,5.3696,4.3495,3.0384,2.0319,1.5333
-3.3813,-2.2593,-0.68398,0.77996,1.6191,2.5189,2.9996,3.1678,3.0518,2.611,1.7828,0.91779,-0.59917,-2.6279,-4.5017,-7.2255,-8.7939,-7.9931,-5.6275,-3.4438,-1.8346,-0.95347,-0.17577,0.30103,0.45579,0.50716,0.47572,0.40563,0.30155,0.15485,-0.099792,-0.44596,-1.2301,-2.4857,-3.8654,-6.5015,-9.5332,-9.522,-6.9966,-3.6731,-1.2214,0.14057,1.4722,2.3525,2.7797,3.1028,3.1702,3.0576,2.8633,2.4954,2.0202,1.6077,1.0368,0.41403,-0.040096,-0.57312,-1.0427,-1.3687,-1.5711,-1.8229,-2.1192,-2.3312,-2.4813,-2.317,-1.6229,-0.81378,0.42419,1.6427,2.4362,3.2409,3.7607,3.9377,4.0594,3.8128,3.7442,3.611,3.8442,4.3134,4.7929,5.5157,6.1283,6.5219,6.8794,7.0774,7.1,7.013,6.7769,6.3547,5.924,5.1546,4.1695,2.9743,2.0269,0.92093,0.4912,0.82896,1.84,3.1182,4,5.0305,5.8459,6.473,6.807,7.118,7.2552,7.263,7.1461,6.8944,6.6391,6.221,5.8031,5.3533,5.1254,4.7896,4.5638,4.3591,3.9645,3.4789,2.7712,2.1198,1.1331,-0.068393,-0.94851,-2.0919,-2.795,-2.9624,-2.6332,-1.8628,-1.0161,-0.41582,0.1915,0.49167,0.43944,-0.052102,-1.2422,-2.7253,-5.9414,-10.74,-10.07,-6.0977,-2.3458,-0.011,1.0904,1.9002,2.1454,1.8527,1.3579,0.30881,-1.0843,-2.3945,-4.1107,-5.3525,-5.6046,-4.5878,-2.8989,-0.84885,0.70624,2.7935,4.7746,6.1863,7.9135,9.4501,10.471,11.609,12.529,13.195,13.545,13.778,13.783,13.614,13.177,12.489,11.529,10.649,9.2292,7.5889,6.2322,4.3951,2.7577,1.8929,1.5036,2.1882,3.7128,5.1461,7.1103,8.9104,10.08,11.35,12.275,12.749,13.131,13.166,12.953,12.605,11.96,11.126,10.421,9.4015,8.3768,7.3762
-9.2838,-4.7345,-1.1074,1.1092,2.2956,3.2818,3.8333,3.9133,3.7018,3.0764,2.1121,1.0946,-0.57813,-2.7932,-4.9009,-8.301,-10.423,-8.9442,-5.6083,-2.9083,-1.1511,-0.32236,0.25309,0.24456,-0.066746,-0.77592,-1.5557,-1.8288,-1.5433,-0.6845,0.26781,0.84631,1.3445,1.5245,1.4885,1.3992,1.403,1.7314,2.1943,2.9904,3.8534,4.4414,5.0994,5.5744,5.7797,5.8808,5.7553,5.46,5.0858,4.42,3.536,2.7318,1.4102,-0.16375,-1.4918,-3.2099,-4.3972,-4.5839,-4.3155,-4.0344,-4.4267,-5.4145,-8.2025,-12.343,-9.1463,-4.7601,-0.65077,2.0563,3.4449,4.5902,5.0211,4.9816,4.0672,2.7305,0.075963,-1.8486,-2.2199,0.82486,3.1456,5.662,7.3855,8.4003,9.3296,10.002,10.376,10.567,10.614,10.537,10.368,10.055,9.6313,9.1772,8.8117,8.416,8.1086,8.0003,7.9624,8.042,8.1376,8.2953,8.4769,8.69,8.8666,9.1273,9.3875,9.5621,9.75,9.8502,9.863,9.7601,9.5661,9.2912,8.9485,8.6055,7.9082,7.4789,6.5351,5.5074,4.1495,2.9172,0.95402,-1.5906,-3.8766,-8.1461,-13.631,-13.602,-8.3996,-4.2012,-1.3347,0.31975,1.9625,3.0094,3.4437,3.531,3.0472,2.2967,0.93405,-0.22236,0.10974,1.2907,3.1317,4.5627,5.2753,5.7107,5.599,4.9574,4.1194,2.4847,0.1014,-2.2114,-6.7884,-15.539,-19.625,-8.3276,-3.178,0.38187,2.5269,5.0451,7.2288,8.7024,10.472,12.013,13.037,14.211,15.176,15.919,16.336,16.694,16.825,16.762,16.478,15.934,15.165,14.396,13.149,11.584,10.194,7.9213,4.9362,1.8549,-4.1474,-3.6411,2.8105,6.1875,9.4741,11.904,13.333,14.817,15.894,16.463,16.927,17.083,16.955,16.673,16.084,15.245,14.46,13.208,11.704,9.9146
-0.88513,-0.13778,1.2008,2.2094,2.8889,3.3512,3.5363,3.37,2.9176,2.0398,0.9461,-0.067755,-1.4396,-2.5779,-3.1923,-3.4193,-3.0815,-2.4806,-1.4507,-0.37885,0.40585,0.728,0.69548,-0.093182,-1.2444,-3.9839,-9.6587,-21.929,-11.119,-4.1667,-0.66466,0.93666,2.4412,3.3759,3.8422,4.2956,4.5957,4.8691,5.0757,5.3686,5.6614,5.8644,6.0896,6.1898,6.1746,6.0022,5.6508,5.096,4.5494,3.6413,2.5229,1.5198,-0.19258,-2.4849,-4.9358,-10.3,-23.305,-12.459,-7.8654,-4.8131,-3.3802,-3.0694,-3.2593,-3.2429,-1.7962,0.050489,2.5257,4.535,5.623,6.5302,6.8313,6.6731,5.7699,4.2486,1.9882,0.13601,-0.15014,2.1791,4.2173,6.4083,7.9767,8.8866,9.7632,10.425,10.882,11.157,11.383,11.528,11.56,11.515,11.357,11.109,10.857,10.467,10.009,9.6176,9.053,8.4023,7.8997,7.2127,6.6249,6.2958,6.3492,6.7813,7.5209,8.1181,8.8435,9.4047,9.6888,9.8804,9.8508,9.6927,9.3191,8.9009,8.0763,7.5049,6.4587,5.2149,3.6975,2.2832,0.10507,-2.6008,-4.8502,-7.9568,-9.9674,-9.9923,-7.5005,-4.102,-0.89887,1.2047,3.5154,5.2523,6.2742,7.2268,7.8426,8.1173,8.37,8.5893,8.8621,9.1064,9.4256,9.615,9.6069,9.3456,8.719,7.7262,6.6886,4.9466,2.8304,1.1613,-1.3935,-3.0482,-3.7845,-3.112,-1.3979,0.99871,2.8137,5.1434,7.2314,8.6591,10.349,11.887,12.903,14.15,15.191,16.062,16.575,17.098,17.383,17.462,17.358,17.025,16.479,15.913,14.978,13.812,12.791,11.226,9.4608,8.1328,6.8693,7.1584,8.9398,10.618,12.76,14.602,15.758,16.999,17.923,18.418,18.788,18.907,18.727,18.425,17.781,16.866,15.994,14.576,12.808,10.615
1.0212,1.2716,1.5267,1.8646,1.9976,2.0898,1.8813,1.5603,0.7746,-0.48407,-2.3583,-4.2974,-7.7399,-11.367,-11.155,-7.6075,-4.4851,-2.6859,-0.86345,0.42857,1.2833,1.6587,1.7709,1.4798,0.98858,0.095296,-0.80573,-1.1008,-0.7671,0.28233,1.4626,2.259,3.0496,3.5272,3.7282,3.7938,3.7511,3.6258,3.5442,3.5111,3.5595,3.6554,3.7566,3.7825,3.7255,3.4349,2.92,2.0804,1.353,0.23256,-0.85469,-1.5637,-2.2854,-2.8133,-3.1776,-3.4089,-3.2676,-2.4188,-1.4395,-0.0089779,1.2806,2.1109,3.1081,4.0837,5.0905,5.8714,6.8909,7.7848,8.3133,8.7835,8.9774,8.905,8.7027,8.1049,7.6722,7.2861,7.0841,7.1015,7.2279,7.4469,7.639,7.7005,7.7962,7.8859,8.1358,8.3573,8.7834,9.1807,9.4538,9.6702,9.7296,9.5747,9.3623,8.869,8.2373,7.5869,6.5789,5.2394,3.9997,1.8039,-1.1896,-4.812,-5.3421,-1.7954,1.6393,3.5734,5.3809,6.5724,7.1042,7.5121,7.5352,7.2545,6.9561,6.1881,5.5087,4.7718,3.9507,2.89,1.6813,0.59027,-1.23,-3.6297,-5.9915,-10.815,-22.043,-19.265,-8.953,-3.5195,0.25312,2.5381,5.0165,7.009,8.2264,9.5473,10.556,11.152,11.76,12.198,12.473,12.59,12.596,12.432,12.16,11.586,10.734,9.5567,8.4635,6.665,4.3896,2.2586,-1.0453,-6.1551,-11.518,-12.88,-5.7109,-1.5108,0.7423,3.0657,4.8973,6.0768,7.5136,8.8993,9.9122,11.229,12.472,13.577,14.275,15.014,15.51,15.735,15.809,15.675,15.302,14.942,14.304,13.604,13.04,12.376,11.859,11.669,11.698,12.142,12.924,13.679,14.776,15.862,16.606,17.453,18.089,18.427,18.662,18.655,18.385,18.036,17.332,16.404,15.542,14.205,12.648,10.932
-1.6913,-1.609,-1.5522,-1.3434,-1.2458,-1.0362,-1.0075,-1.0793,-1.5496,-2.3294,-3.696,-4.9805,-7.1943,-8.8518,-8.6343,-6.3865,-3.8583,-2.2611,-0.54225,0.71684,1.6348,2.1043,2.49,2.6759,2.6885,2.6147,2.5275,2.4777,2.4755,2.5283,2.5438,2.5556,2.3848,2.0291,1.5989,0.77992,-0.2645,-1.441,-2.2579,-2.9303,-2.817,-2.3398,-1.5414,-0.86459,-0.60776,-0.63703,-1.2239,-2.4135,-3.8559,-6.612,-10.397,-12.106,-9.5737,-6.1323,-4.1132,-2.0731,-0.4083,0.98689,1.9547,3.1827,4.2774,5.0385,5.9818,6.8368,7.6144,8.1393,8.7559,9.243,9.5187,9.753,9.8147,9.7516,9.5282,9.2433,8.7293,8.4124,7.8075,7.1763,6.6023,5.6792,4.5404,3.4977,1.9427,0.57215,0.28269,0.97951,2.5659,4.0436,4.9131,5.6888,6.0368,5.9898,5.7102,5.085,4.1882,3.44,2.2961,1.1169,0.098127,-1.4711,-3.3948,-5.1541,-5.1706,-3.1162,-0.49087,1.0885,2.6767,3.6458,4.046,4.1175,3.7772,2.9428,2.2772,0.84484,-0.22351,-1.1396,-1.7124,-1.8712,-1.8386,-1.8269,-2.1522,-2.6836,-3.296,-3.9289,-4.0884,-3.4983,-1.7455,0.52185,2.8556,4.478,6.4245,8.1266,9.2194,10.471,11.49,12.119,12.77,13.224,13.496,13.575,13.516,13.262,12.942,12.318,11.466,10.364,9.3669,7.7993,5.9412,4.3965,1.9954,-0.27556,-1.7636,-2.4009,-1.7418,-0.65646,0.060694,0.63085,0.90491,0.94781,1.2228,2.0559,3.285,5.2719,7.2998,9.0281,10.106,11.187,11.937,12.259,12.434,12.313,11.941,11.502,10.784,9.9607,9.3798,8.7674,8.5546,8.713,9.3675,10.342,11.493,12.378,13.515,14.538,15.201,15.925,16.444,16.675,16.808,16.675,16.323,15.886,15.112,14.101,13.205,11.84,10.328,8.7322
-6.6261,-7.2912,-7.5994,-7.4081,-6.6441,-5.5511,-4.4122,-3.805,-3.1932,-2.9067,-2.8415,-2.8583,-2.9059,-2.7557,-2.4508,-1.8154,-0.96642,-0.28356,0.58491,1.353,1.9865,2.3552,2.7238,2.9347,3.0264,3.0556,3.0071,2.9123,2.7496,2.4954,2.1525,1.7628,1.1024,0.19067,-0.72435,-2.3238,-4.6442,-8.1145,-12.311,-25.259,-15.618,-10.461,-6.7458,-4.6563,-3.7324,-3.1126,-3.1516,-3.7569,-4.6438,-6.3735,-8.2589,-8.8106,-7.2254,-4.4989,-2.5897,-0.46146,1.2953,2.7517,3.6984,4.7928,5.7688,6.4252,7.2034,7.8846,8.468,8.8429,9.2478,9.5389,9.6766,9.7437,9.6651,9.5278,9.163,8.7349,8.1334,7.5893,6.7634,5.764,4.8872,3.4855,1.5993,-0.17724,-3.7691,-9.7651,-13.606,-7.6357,-2.5471,0.32334,1.6711,2.7315,3.0807,2.8341,2.2236,0.95082,-0.91054,-2.4336,-4.2364,-4.6524,-4.1898,-3.1829,-2.2887,-1.4442,-0.82145,0.059535,0.92793,1.4724,2.0213,2.2492,2.2088,1.7339,0.79836,-0.68099,-2.3478,-5.3182,-10.202,-15.79,-15.249,-9.0776,-5.7737,-4.2253,-2.7717,-1.7721,-1.2046,-0.41806,0.39622,1.176,2.3288,3.6741,5.1125,6.1896,7.5912,8.8969,9.7957,10.857,11.763,12.326,12.929,13.352,13.602,13.669,13.604,13.353,13.046,12.482,11.736,10.833,10.04,8.8717,7.6079,6.6094,5.3181,4.0587,3.2991,2.3991,1.7095,1.0381,0.46893,-0.64322,-2.5431,-4.9371,-11.627,-18.75,-7.2736,-0.93013,2.7342,5.2264,6.55,7.8307,8.5981,8.8976,8.9673,8.6616,8.0441,7.3024,5.9971,4.1764,2.451,-0.34484,-2.1003,-0.94148,2.3756,5.4137,7.8522,9.3336,10.951,12.223,12.976,13.732,14.229,14.431,14.464,14.255,13.798,13.277,12.376,11.194,10.142,8.4867,6.564,4.3605
-10.859,-14.363,-24.612,-20.349,-13.855,-9.2696,-6.5699,-5.1897,-3.8109,-2.8961,-2.1868,-1.8229,-1.3373,-0.90718,-0.54473,-0.044326,0.49095,0.89587,1.4095,1.8836,2.2594,2.4889,2.7043,2.8098,2.8307,2.7859,2.6511,2.5121,2.2492,1.9024,1.4646,1.03,0.34631,-0.53972,-1.3283,-2.6009,-4.1062,-5.7955,-6.9548,-7.8952,-7.6369,-6.8351,-5.4607,-4.2175,-3.419,-2.6304,-2.0856,-1.7936,-1.6499,-1.5064,-1.2633,-0.92431,-0.19694,0.77888,1.592,2.6874,3.7307,4.6925,5.3426,6.1201,6.8106,7.278,7.8349,8.3264,8.751,9.0211,9.3041,9.4897,9.5482,9.5022,9.3131,9.0581,8.6115,7.9011,7.1637,6.4336,5.4652,4.3969,3.6183,2.5505,1.5842,0.81285,0.030609,-0.53021,-0.44483,0.085768,1.0614,2.1124,2.7128,3.1868,3.1825,2.6221,1.8151,-0.0052192,-2.9076,-6.2739,-13.391,-11.9,-7.215,-3.474,-1.2077,0.25937,1.0479,1.7891,2.2393,2.4545,2.5069,2.3373,2.0122,1.389,0.43767,-0.77888,-2.1367,-3.7789,-5.8492,-6.8787,-6.9793,-5.836,-4.2138,-3.1456,-1.8863,-0.82579,-0.066034,0.84392,1.8321,2.5882,3.719,4.8979,6.1295,7.06,8.2762,9.4258,10.227,11.198,12.028,12.552,13.116,13.519,13.748,13.811,13.743,13.505,13.215,12.69,12.019,11.208,10.532,9.5439,8.4934,7.672,6.6272,5.608,4.8874,4.0178,3.2122,2.4626,1.8854,1.1054,0.23667,-0.38455,-0.92057,-0.62231,0.27025,1.8909,3.5956,4.9983,5.8241,6.5729,6.9309,6.9782,6.724,6.1884,5.333,4.5669,3.2128,1.515,-0.12057,-2.6952,-4.245,-2.9244,0.63761,3.8504,6.3885,7.9198,9.5505,10.792,11.508,12.196,12.599,12.744,12.692,12.413,11.856,11.292,10.279,8.9982,7.8316,5.9687,3.6859,0.82442
-6.2681,-7.2652,-8.0916,-8.0285,-7.1644,-5.8216,-4.4983,-3.6188,-2.7266,-2.0202,-1.526,-1.1978,-0.80724,-0.4121,-0.099375,0.37491,0.86492,1.2269,1.6766,2.0378,2.2866,2.3925,2.4226,2.3681,2.2572,2.06,1.8252,1.641,1.3528,1.0442,0.66118,0.37431,-0.12476,-0.7033,-1.1938,-1.8872,-2.5776,-3.1865,-3.5466,-3.8249,-3.806,-3.6175,-3.1418,-2.4799,-1.9317,-1.1538,-0.35982,0.39845,0.94793,1.669,2.3682,2.9016,3.601,4.2915,4.7946,5.4245,5.9792,6.455,6.7579,7.1115,7.4061,7.6115,7.8974,8.2047,8.5394,8.7905,9.0984,9.3261,9.4158,9.3936,9.1733,8.8535,8.2259,7.3511,6.1209,5.1404,3.5439,2.0006,1.0225,0.29395,0.3644,0.75503,1.5362,2.4131,3.2749,3.9423,4.7248,5.4053,5.7932,6.0998,6.1281,5.8321,5.4067,4.583,3.5653,2.8016,2.0495,1.8801,2.1062,2.6874,3.3259,3.8193,4.0648,4.2066,4.1709,4.0287,3.6994,3.2341,2.8027,2.1644,1.4733,0.73809,0.15083,-0.4669,-1.1917,-1.334,-1.5423,-1.4382,-1.2013,-0.92952,-0.56899,-0.14239,0.20126,0.78262,1.5594,2.2763,3.4285,4.7322,6.0996,7.1318,8.4589,9.6863,10.53,11.533,12.386,12.928,13.505,13.915,14.15,14.211,14.133,13.881,13.576,13.016,12.299,11.433,10.707,9.6533,8.5364,7.7038,6.5364,5.4971,4.7426,3.9176,3.2999,2.9186,2.7858,2.7774,2.9645,3.2024,3.6388,4.2532,4.7616,5.5282,6.2166,6.7594,7.0293,7.1125,6.8983,6.5049,5.7048,4.64,3.4325,2.5897,1.7742,1.4205,1.4695,1.8782,2.6664,3.4954,4.8496,6.322,7.7398,8.7014,9.7999,10.668,11.164,11.625,11.859,11.879,11.744,11.368,10.773,10.184,9.1879,7.9639,6.8778,5.2265,3.3221,1.1912
-0.92809,-1.2706,-1.6557,-1.7422,-1.6707,-1.474,-1.2064,-1.0322,-0.91071,-0.92642,-1.1147,-1.2601,-1.472,-1.4057,-1.1484,-0.50022,0.31821,0.93265,1.6235,2.0744,2.2856,2.2567,2.0066,1.5548,1.1383,0.56263,0.10033,-0.15793,-0.32993,-0.42171,-0.52307,-0.64191,-0.90191,-1.2393,-1.5549,-1.9815,-2.4018,-2.7608,-2.9946,-3.2014,-3.2972,-3.233,-2.9721,-2.3895,-1.7474,-0.64608,0.59529,1.9072,2.8256,3.9695,4.9845,5.6525,6.4083,7.0133,7.3643,7.703,7.8723,7.8654,7.7547,7.4786,7.1237,6.8675,6.6716,6.7812,7.2307,7.7308,8.466,9.1195,9.4895,9.764,9.7287,9.4958,8.8061,7.7923,6.2425,4.6454,1.8042,-2.5334,-7.9454,-13.211,-4.8099,-1.0579,2.0564,4.3479,6.0421,7.0738,8.2286,9.1117,9.6409,10.138,10.419,10.498,10.417,10.196,9.8773,9.5928,9.2509,8.9315,8.7388,8.4992,8.2335,7.9081,7.5824,7.0444,6.3744,5.7574,4.8694,3.9142,3.2386,2.4026,1.753,1.28,1.2249,0.90839,0.92308,0.84714,0.79472,0.7257,0.5178,0.29593,-0.13209,-0.74581,-1.2894,-1.8103,-1.7275,-0.87593,0.93874,3.1499,5.2591,6.7055,8.4109,9.881,10.844,11.951,12.884,13.472,14.106,14.561,14.838,14.915,14.841,14.55,14.19,13.521,12.633,11.562,10.634,9.2851,7.8248,6.6797,5.1597,3.5712,2.501,1.1847,0.43412,0.50947,1.1243,2.3415,3.7306,4.7377,5.9911,7.0605,7.7642,8.5227,9.0606,9.3625,9.3749,9.115,8.4554,7.6298,6.0503,3.6674,0.26919,-3.2224,-6.2443,-2.7596,0.13982,2.9321,4.9525,6.176,7.5084,8.6347,9.5617,10.145,10.777,11.248,11.49,11.673,11.708,11.611,11.355,10.904,10.314,9.7239,8.8102,7.6974,6.7386,5.3243,3.7541,2.1161
2.0987,1.7486,1.318,1.2026,1.1563,1.2273,1.2675,1.168,0.85289,0.11162,-1.1789,-2.6009,-5.2671,-7.723,-7.1165,-3.8814,-0.96218,0.62467,2.0429,2.7778,2.9497,2.6902,1.8576,0.41643,-1.0168,-3.2067,-4.8849,-5.0998,-4.1148,-2.9965,-2.2427,-2.0956,-2.1918,-2.616,-3.033,-3.6106,-4.0159,-4.2513,-4.3571,-4.6034,-5.161,-5.8008,-6.6971,-6.6905,-5.3593,-2.5652,0.24048,2.6765,4.1973,5.903,7.2591,8.0584,8.8995,9.4727,9.7244,9.8311,9.6634,9.1706,8.5713,7.3602,5.6195,3.9019,1.3068,0.34403,2.6308,4.8723,7.3581,9.1569,10.117,10.94,11.308,11.303,10.915,10.074,8.9545,7.6871,5.853,3.8005,2.4957,1.8414,2.7995,4.0976,5.9872,7.8797,9.5453,10.655,11.973,13.039,13.709,14.392,14.865,15.15,15.232,15.213,15.05,14.843,14.495,14.043,13.657,13.054,12.328,11.489,10.749,9.6061,8.2407,7.0317,5.2011,3.0951,1.4475,-0.45379,-1.2999,-0.96643,-0.044473,0.64846,1.6002,1.8044,2.0701,2.0494,1.7714,1.2993,0.36866,-1.208,-3.1868,-7.6922,-25.807,-11.679,-2.7071,1.9161,5.032,6.8309,8.7149,10.225,11.159,12.247,13.187,13.813,14.547,15.138,15.55,15.716,15.719,15.435,15.023,14.202,13.048,11.573,10.259,8.2864,6.1471,4.4856,2.4694,0.26341,-1.5869,-5.2602,-12.651,-11.421,-4.6507,0.60452,4.041,6.0097,8.0711,9.6759,10.661,11.631,12.313,12.681,12.724,12.508,11.894,11.162,9.788,7.9001,5.4976,3.7635,2.572,3.6626,5.1786,7.0125,8.4776,9.3338,10.189,10.809,11.219,11.424,11.58,11.625,11.599,11.485,11.295,11.113,10.76,10.305,9.7646,9.2405,8.4271,7.4177,6.5219,5.1562,3.5751,1.8791
0.276,-0.64591,-1.1835,-0.87155,-0.37403,0.54389,1.2533,1.5527,1.6305,1.1658,0.14705,-1.1343,-3.3943,-5.3713,-4.9103,-2.1372,0.53347,1.9971,3.289,3.9059,3.8531,3.3943,2.1724,0.085877,-2.2231,-6.8697,-13.153,-12.05,-7.3453,-4.8577,-3.8371,-3.8256,-4.5468,-6.2519,-8.0788,-11.029,-11.989,-9.9952,-8.3733,-7.1719,-7.1768,-8.1505,-11.15,-14.415,-10.406,-4.2727,-0.08014,2.9384,4.7171,6.5586,7.9584,8.75,9.5465,10.042,10.234,10.234,9.9421,9.3315,8.6272,7.3003,5.4019,3.4824,0.42084,-0.8135,2.0631,4.6736,7.4567,9.4897,10.599,11.621,12.198,12.351,12.266,11.727,10.897,10.16,8.8943,7.6315,6.7097,5.9048,5.6924,6.1727,7.4256,9.1017,10.918,12.163,13.678,14.935,15.698,16.51,17.074,17.416,17.547,17.541,17.358,17.126,16.662,16.066,15.522,14.671,13.682,12.532,11.547,10.053,8.2685,6.7242,4.1765,0.78796,-2.6443,-10.857,-15.165,-5.9124,-3.4,-0.61095,0.54479,1.0947,1.464,1.463,1.3506,1.132,0.80078,0.34566,0.065448,-0.38592,-0.17279,0.66068,2.2864,4.1884,5.864,6.8803,7.9322,8.6912,9.1284,9.7227,10.476,11.19,12.276,13.348,14.212,14.668,14.957,14.853,14.493,13.608,12.234,10.273,8.3642,5.0794,0.82552,-2.7842,-6.0248,-4.6453,-3.8569,-3.1663,-2.7277,-1.3613,0.43394,3.1338,5.7022,7.4371,9.4225,11.107,12.129,13.255,14.079,14.596,14.808,14.828,14.567,14.228,13.578,12.799,12.002,11.44,10.957,10.752,10.736,10.852,10.961,10.982,10.907,10.665,10.301,9.958,9.4605,8.9586,8.6183,8.1917,7.7939,7.564,7.1623,6.8841,6.5278,6.2602,5.7572,5.0142,4.2727,2.8718,1.0145,-1.4379
-7.9245,-13.068,-22.223,-11.548,-7.2741,-4.0414,-1.9569,-0.87349,0.043105,0.56913,0.7807,0.79819,0.78939,0.92369,1.2047,1.7697,2.4462,2.9114,3.3489,3.5118,3.3126,2.9277,2.0909,0.92067,-0.11831,-1.5484,-2.7677,-3.3994,-3.8261,-4.1645,-4.7788,-5.359,-6.7047,-8.6931,-10.755,-13.791,-14.687,-12.005,-9.8729,-7.7804,-6.3959,-5.6707,-4.9098,-3.9154,-2.8957,-1.2385,0.4847,2.1144,3.1923,4.389,5.3393,5.9134,6.4481,6.7739,6.8869,6.8591,6.6226,6.2069,5.7823,5.1517,4.4819,4.0821,3.8177,4.0525,4.8082,5.632,6.8604,8.0543,8.8349,9.6591,10.191,10.378,10.338,10.051,9.2843,8.5244,7.1235,5.1359,3.1401,-0.70429,-6.0398,-5.3332,0.64619,4.8992,7.9415,9.6867,11.524,12.936,13.747,14.567,15.109,15.392,15.46,15.358,15.057,14.71,14.084,13.296,12.595,11.536,10.349,9.0203,7.9578,6.4614,4.8692,3.6268,1.8949,0.095246,-1.1717,-2.5656,-3.2434,-3.3077,-2.6755,-2.4459,-2.496,-2.4428,-3.0108,-3.6869,-4.2607,-4.1972,-3.6355,-2.6197,-1.6913,-0.53905,0.61456,1.4284,2.4685,3.3386,3.9433,4.1152,3.9113,2.9912,1.7883,-0.41245,-0.96893,1.1537,4.7261,7.538,9.5055,10.505,11.292,11.529,11.365,10.687,9.4842,7.7373,6.0086,3.1078,-0.51517,-3.4528,-5.5701,-4.4991,-3.3962,-2.1062,-0.95878,0.14771,1.1266,2.6619,4.3286,5.6332,7.3718,8.9429,10,11.216,12.152,12.825,13.162,13.369,13.355,13.197,12.826,12.315,11.748,11.284,10.683,10.12,9.7015,9.1515,8.5274,7.9744,7.0719,5.9015,4.4362,3.1616,1.4065,-0.027952,-0.67436,-1.0155,-1.2634,-1.6704,-2.2065,-2.5681,-2.334,-1.7463,-0.99288,-0.63088,-0.73514,-1.5331,-3.1141,-5.6786
-7.2521,-8.3719,-8.8242,-7.9272,-6.7693,-5.0016,-3.4432,-2.4396,-1.3135,-0.41271,0.2692,0.70836,1.1809,1.6007,1.9031,2.2748,2.5936,2.7861,2.9425,2.9382,2.777,2.5237,2.0093,1.3179,0.69305,-0.23089,-1.2376,-2.0137,-3.1004,-4.2239,-5.3765,-6.2528,-7.2997,-8.1568,-8.5997,-8.8144,-8.4778,-7.6762,-6.909,-5.7834,-4.6996,-3.9427,-3.0207,-2.173,-1.5775,-0.80907,-0.071216,0.55106,0.95114,1.4119,1.7631,1.9803,2.1907,2.3225,2.3408,2.2621,2.0319,1.63,1.2493,0.68256,0.22876,0.09485,0.32119,1.0398,2.1315,3.0672,4.3472,5.5346,6.3113,7.1598,7.7486,8.0269,8.1229,7.9672,7.5691,6.9682,5.9754,4.5953,3.3429,1.4944,0.20015,0.51339,2.3934,4.6841,6.7793,8.1223,9.5423,10.648,11.281,11.869,12.21,12.311,12.223,11.927,11.421,10.891,10.04,8.984,8.0752,6.7221,5.2114,3.5966,2.3796,0.77324,-0.60536,-1.4597,-2.2894,-2.8006,-3.0981,-3.2816,-3.3888,-3.5282,-3.5978,-4.2051,-4.7767,-5.7851,-7.8978,-11.307,-18.429,-22.993,-12.903,-7.858,-5.4336,-2.9183,-1.1444,-0.096164,1.0243,1.7722,2.1802,2.225,1.815,0.76084,-0.54091,-2.763,-3.3782,-1.3848,2.0842,4.8666,6.8369,7.8699,8.7414,9.0941,9.0602,8.6593,7.8697,6.736,5.7164,4.1579,2.5794,1.4915,0.19067,-0.79935,-1.3013,-1.9957,-2.5792,-2.9244,-2.8953,-1.9942,-0.18905,1.4574,3.6461,5.6323,6.9552,8.3906,9.5164,10.324,10.712,10.993,10.998,10.82,10.397,9.7745,8.9778,8.3528,7.44,6.545,5.9407,5.1404,4.3424,3.6738,2.5007,0.87302,-1.5407,-4.1719,-9.7367,-23.562,-18.502,-11.369,-9.4888,-10.091,-13.093,-25.659,-16.415,-10.572,-6.409,-4.3183,-3.5596,-3.2372,-3.6145,-4.4902
-6.1085,-6.3868,-6.482,-6.2881,-5.7981,-4.9236,-3.8739,-3.0165,-1.9443,-0.99766,-0.16108,0.3657,0.96248,1.4352,1.7228,2.0546,2.3255,2.4909,2.661,2.7442,2.7227,2.6172,2.3337,1.8728,1.3992,0.58164,-0.462,-1.4027,-2.9334,-4.764,-6.8538,-8.5516,-10.431,-10.966,-10.356,-8.9376,-7.407,-5.9993,-5.0626,-3.9539,-3.0087,-2.4352,-1.7845,-1.3161,-1.0688,-0.90369,-0.9133,-1.1043,-1.3569,-1.7817,-2.2089,-2.4694,-2.5456,-2.3976,-2.2204,-2.0682,-2.1634,-2.6701,-3.3925,-4.9618,-7.1799,-8.9048,-8.767,-5.6434,-2.395,-0.38873,1.7687,3.4373,4.4356,5.4742,6.2183,6.6155,6.953,6.9952,6.9255,6.7858,6.4184,6.0216,5.7271,5.4449,5.392,5.5595,6.0693,6.7998,7.6066,8.2104,8.9197,9.4763,9.7837,10.017,10.039,9.8558,9.5768,9.016,8.2408,7.5227,6.3771,5.0132,3.8459,2.064,0.0086318,-2.3329,-4.3219,-7.1838,-9.6689,-10.44,-9.6217,-7.9667,-6.8141,-5.6062,-4.7476,-4.1227,-4.1973,-4.1218,-4.4785,-5.2307,-6.2528,-7.5623,-8.6777,-8.7001,-7.6274,-5.8533,-4.4227,-2.7259,-1.2879,-0.32071,0.7346,1.6098,2.2711,2.6506,2.9835,3.2023,3.3285,3.6066,4.1394,4.7468,5.745,6.778,7.6789,8.2013,8.6515,8.7993,8.7132,8.3557,7.7455,6.9096,6.1715,5.0862,3.9047,2.9752,1.7691,0.41661,-0.70105,-2.4506,-4.9896,-9.2401,-15.86,-16.722,-6.4891,-2.5412,1.1447,3.8168,5.3506,6.9841,8.1832,8.9967,9.3796,9.5964,9.4663,9.1648,8.4694,7.4415,6.0674,4.8253,3.0327,1.333,0.4286,-0.032884,0.078523,0.2,0.11165,-0.44204,-1.5041,-2.605,-4.2994,-5.6367,-6.0691,-6.0013,-5.8861,-5.8768,-6.1561,-6.3058,-5.634,-4.6569,-3.2839,-2.2109,-1.6731,-1.3394,-1.4043,-1.8035
-6.8607,-7.5553,-8.4978,-8.7546,-8.3043,-7.0505,-5.361,-4.1139,-2.6225,-1.3817,-0.42242,0.10744,0.62968,0.95478,1.1088,1.2708,1.4629,1.6569,1.989,2.3799,2.7189,2.9065,3.0122,2.8932,2.6393,2.0445,1.1295,0.19716,-1.4484,-3.6846,-6.7975,-10.17,-17.756,-19.549,-13.327,-8.68,-5.9189,-4.0219,-2.9467,-1.8533,-1.0697,-0.6442,-0.29246,-0.17471,-0.24807,-0.59801,-1.3051,-2.3916,-3.5223,-5.5972,-8.2852,-10.291,-10.899,-8.7799,-6.9889,-5.2737,-4.3585,-4.1894,-4.5809,-5.8386,-8.0405,-9.8838,-9.7254,-6.2024,-2.7581,-0.72227,1.3987,2.9802,3.9044,4.8428,5.5399,5.9034,6.2723,6.5018,6.5483,6.6106,6.6034,6.5779,6.5702,6.6103,6.7521,6.8836,7.1618,7.5343,7.9097,8.1702,8.4976,8.704,8.7649,8.7097,8.4515,7.9792,7.5005,6.6579,5.5923,4.6878,3.2648,1.6496,0.31488,-1.6775,-3.9734,-6.6166,-9.0138,-13.015,-18.401,-20.105,-15.068,-10.872,-8.5209,-6.3794,-4.8029,-3.7437,-3.1224,-2.5863,-2.5503,-2.556,-2.6853,-2.9793,-3.1581,-3.2114,-3.0792,-2.666,-2.2933,-1.6194,-0.78384,-0.13486,0.83179,1.8436,2.8358,3.5401,4.4405,5.269,5.8596,6.6095,7.3322,7.857,8.51,9.0712,9.5054,9.7125,9.8091,9.6937,9.4584,8.9432,8.2275,7.3539,6.6013,5.5429,4.4412,3.6227,2.5511,1.5622,0.75069,-0.35115,-1.4873,-2.4917,-2.9056,-2.3956,-0.69462,0.91461,3.0397,4.9242,6.1449,7.4692,8.4611,9.1353,9.4412,9.5427,9.3086,8.9016,7.9862,6.5889,4.6167,2.5866,-1.3096,-8.1864,-22.296,-9.1301,-3.461,-1.2955,0.40231,1.2567,1.5965,1.6394,1.5305,1.3719,1.2771,1.2268,1.1956,1.2368,1.2725,1.427,1.6823,1.901,2.1749,2.4172,2.5029,2.4342,2.1636,1.6707
-8.2947,-10.488,-15.393,-26.411,-20.238,-11.733,-7.3806,-5.2205,-3.0365,-1.5316,-0.60182,-0.2038,-0.094579,-0.38713,-0.82634,-1.5689,-2.0667,-1.9333,-0.98003,0.43363,1.8036,2.6507,3.4712,3.929,4.0371,3.883,3.3996,2.8204,1.7988,0.4955,-0.97079,-2.0869,-3.2239,-3.62,-3.3954,-2.6405,-1.7285,-0.87508,-0.30802,0.29698,0.72254,0.93935,1.0336,0.91404,0.65379,0.067792,-0.8481,-2.1732,-3.5159,-5.8919,-9.1176,-11.855,-12.665,-9.5033,-7.2308,-4.959,-3.471,-2.5516,-2.1505,-1.8585,-1.6762,-1.4698,-0.94674,-0.10673,0.9052,1.6725,2.5867,3.3368,3.7652,4.1863,4.4688,4.6028,4.7015,4.8658,4.957,4.9639,5.0888,5.176,5.2563,5.3788,5.5372,5.7063,5.9513,6.233,6.5573,6.7781,7.0186,7.1577,7.1475,6.9553,6.5362,5.8496,5.1473,3.992,2.6007,1.4081,-0.30395,-2.1196,-3.5551,-5.5257,-7.549,-9.5007,-10.807,-11.966,-12.217,-11.695,-10.269,-8.3603,-6.9261,-5.047,-3.5403,-2.3632,-1.5288,-0.99729,-0.59626,-0.37262,-0.45208,-0.65649,-0.99341,-1.366,-1.8969,-2.4691,-2.8602,-3.1512,-2.933,-2.3673,-1.1289,0.39113,1.9997,3.1606,4.6235,5.9385,6.8425,7.9083,8.8306,9.4219,10.064,10.534,10.804,10.87,10.759,10.406,9.9782,9.1878,8.1498,6.887,5.8303,4.3373,2.9445,2.1084,1.2844,0.90064,0.87469,0.91999,1.109,1.4394,1.8197,2.5122,3.4473,4.2615,5.4114,6.579,7.3982,8.3522,9.1304,9.683,9.9225,10.013,9.8258,9.4717,8.731,7.6671,6.2554,5,3.1524,1.4544,0.68426,0.76691,1.7001,2.5482,3.5805,4.4046,5.0089,5.342,5.6774,5.9059,6.0387,6.1726,6.2948,6.3328,6.4039,6.4701,6.5003,6.5004,6.4664,6.3589,6.2145,5.9305,5.5148,4.9497
-7.7803,-8.821,-9.9644,-10.299,-9.6923,-7.9144,-5.7913,-4.3183,-2.7423,-1.6309,-0.98007,-0.83564,-1.1739,-2.2484,-3.7312,-7.2241,-15.557,-23.707,-8.2985,-3.0256,0.074308,1.6485,3.1037,4.0085,4.3976,4.5964,4.4776,4.2148,3.6844,2.9984,2.2175,1.6621,0.97645,0.45085,0.1864,-0.016154,-0.050148,0.021116,0.10986,0.25087,0.38432,0.42933,0.41119,0.24474,0.005979,-0.48286,-1.1457,-2.0093,-2.7605,-3.7816,-4.677,-5.1129,-5.2377,-4.7972,-4.1977,-3.2248,-2.2514,-1.381,-0.80565,-0.17275,0.35798,0.69465,1.0907,1.435,1.692,1.8154,1.8429,1.7151,1.5094,1.1346,0.65828,0.35686,0.011383,-0.21393,-0.074831,-0.0086477,0.15045,0.3368,0.45167,0.56725,0.63208,0.76832,1.0069,1.3672,1.9194,2.4068,2.9712,3.4097,3.5817,3.5134,3.0843,2.2555,1.3296,-0.30574,-2.3351,-4.1241,-6.6045,-8.8404,-10.298,-12.028,-13.936,-16.909,-19.989,-22.248,-18.246,-14.808,-11.291,-8.5707,-6.8614,-4.9209,-3.3505,-2.0411,-1.4513,-0.69825,-0.19566,-0.12819,-0.2268,-0.58533,-1.323,-2.0916,-3.5493,-5.7179,-7.8816,-11.814,-15.161,-12.562,-7.9236,-4.326,-1.5065,0.29308,2.394,4.2264,5.4284,6.8352,7.9999,8.7134,9.4566,9.9549,10.196,10.208,9.9887,9.4753,8.8869,7.8143,6.3616,4.4482,2.6591,-0.31181,-4.0147,-6.755,-7.1815,-4.9423,-3.2094,-1.4782,-0.27274,0.64427,1.2632,2.0616,2.8981,3.5863,4.5842,5.5976,6.3219,7.2426,8.0123,8.5906,8.8779,9.0691,9.0112,8.8122,8.3704,7.7436,6.9781,6.3364,5.5431,4.8992,4.5591,4.3911,4.513,4.7475,5.1899,5.7092,6.2328,6.6039,7.0511,7.4328,7.6686,7.9095,8.0837,8.1652,8.2256,8.1959,8.101,7.9964,7.8108,7.5469,7.3103,6.947,6.5087,5.989
-9.5254,-9.5478,-9.1204,-8.294,-7.5006,-6.1742,-4.8231,-3.85,-2.7347,-1.8758,-1.3298,-1.1636,-1.2465,-1.7145,-2.2927,-3.1936,-3.8033,-3.6728,-2.5754,-0.94974,0.64952,1.6637,2.7271,3.4517,3.7911,3.9886,3.9246,3.7281,3.2759,2.661,1.9115,1.2914,0.41778,-0.47937,-1.1216,-1.8983,-2.5196,-2.9144,-3.0624,-3.0662,-2.9298,-2.8103,-2.6707,-2.6439,-2.7209,-2.9937,-3.4745,-4.1337,-4.6913,-5.4714,-6.147,-6.448,-6.5152,-6.1116,-5.5393,-4.5842,-3.5313,-2.5387,-1.8745,-1.1295,-0.56098,-0.25422,-0.0061434,0.034962,-0.14077,-0.44222,-1.0862,-2.0817,-3.0657,-4.7459,-6.7549,-8.3235,-9.6954,-10.056,-9.424,-8.5365,-7.9329,-7.4906,-7.3727,-7.4465,-7.7983,-8.3372,-8.8254,-8.3751,-6.8137,-5.2321,-3.2972,-1.8774,-1.1696,-0.73739,-0.92007,-1.7177,-2.7343,-4.7699,-7.7871,-11.001,-17.291,-27.623,-23.523,-18.948,-17.78,-18.289,-18.998,-19.062,-16.755,-14.487,-11.592,-9.1612,-7.6431,-5.9119,-4.4383,-3.3122,-2.5905,-1.8183,-1.4463,-1.3537,-1.3856,-1.8027,-2.5909,-3.4213,-4.992,-7.0407,-8.8793,-11.694,-13.363,-12.896,-10.814,-8.4383,-5.9446,-4.0357,-1.5849,0.68229,2.1917,3.9395,5.3589,6.2117,7.083,7.6476,7.9278,7.9445,7.714,7.1896,6.5924,5.4996,4.0257,2.1167,0.32972,-2.6628,-6.3157,-8.8831,-9.426,-7.2734,-5.7231,-4.2096,-3.3325,-2.8622,-2.6677,-2.3974,-1.8905,-1.2303,-0.021327,1.378,2.4603,3.7531,4.8125,5.61,6.0393,6.3577,6.4094,6.304,5.9567,5.4174,4.761,4.2392,3.5231,2.8994,2.5643,2.3023,2.3257,2.5327,3.004,3.6246,4.3211,4.8465,5.4922,6.0562,6.4027,6.7618,6.9721,7.0672,7.053,6.9199,6.6932,6.4681,6.1047,5.7145,5.4144,5.0031,4.5901,4.1702
-16.958,-16.206,-13.526,-10.699,-8.8411,-6.7232,-5.0037,-3.9387,-2.7712,-1.8587,-1.2117,-0.8894,-0.61358,-0.4865,-0.43645,-0.3681,-0.20116,0.037123,0.51023,1.1043,1.7484,2.2041,2.7088,3.0539,3.1858,3.1818,2.966,2.6713,2.0745,1.2688,0.26092,-0.64577,-2.0195,-3.6103,-4.9317,-6.7924,-8.5749,-9.7826,-9.9757,-9.3932,-8.4006,-7.6222,-6.7866,-6.2308,-6.0204,-6.0219,-6.4119,-7.1705,-7.9954,-9.544,-11.527,-13.045,-13.934,-12.414,-10.529,-8.1506,-6.1605,-4.6199,-3.7302,-2.8124,-2.2034,-1.9192,-1.7669,-1.8808,-2.275,-2.7711,-3.749,-5.1824,-6.6338,-9.2806,-13.231,-17.809,-29.721,-23.378,-18.485,-16.446,-15.898,-15.559,-15.371,-15.169,-15.427,-16.86,-21.679,-27.641,-15.981,-11.312,-7.4884,-5.0898,-3.9026,-3.0113,-2.8193,-3.2722,-3.9936,-5.4456,-7.5114,-9.4553,-12.129,-14.125,-14.69,-14.526,-14.201,-13.866,-13.565,-13.093,-12.351,-11.613,-10.4,-9.083,-8.1476,-6.8306,-5.6463,-4.6891,-3.8943,-3.1863,-2.7589,-2.5365,-2.4274,-2.6546,-3.1294,-3.6679,-4.6617,-5.9119,-6.9318,-8.5431,-10.345,-11.804,-14.085,-15.848,-13.376,-9.9108,-5.8673,-2.6648,-0.73816,1.333,2.9201,3.844,4.7529,5.3326,5.6181,5.6507,5.4514,5.0061,4.5142,3.6476,2.5685,1.3024,0.27391,-1.1559,-2.4716,-3.3164,-4.0291,-4.4452,-4.6873,-4.9907,-5.5979,-6.7018,-8.032,-10.599,-13.011,-11.882,-7.7953,-4.2108,-2.1023,0.0072672,1.5431,2.6064,3.1398,3.5081,3.5399,3.3703,2.8621,2.0856,1.09,0.25676,-1.0318,-2.3387,-3.1669,-3.9068,-3.9114,-3.3711,-2.1914,-0.80842,0.57447,1.5271,2.6349,3.5303,4.058,4.5732,4.8403,4.9065,4.7677,4.4236,3.9053,3.4164,2.6779,1.9724,1.518,1.047,0.75233,0.56631
-20.761,-19.39,-14.539,-10.589,-8.3306,-6.0626,-4.31,-3.247,-2.1511,-1.3359,-0.75482,-0.43309,-0.12543,0.10901,0.26446,0.47221,0.72491,0.95963,1.3182,1.7166,2.1069,2.372,2.6404,2.7823,2.7835,2.6225,2.26,1.843,1.0859,0.076052,-1.1915,-2.3436,-4.188,-6.4408,-8.5441,-12.14,-17.624,-30.971,-27.02,-17.701,-13.739,-11.803,-10.037,-8.8672,-8.3102,-7.9501,-8.0267,-8.5718,-9.3868,-11.132,-13.961,-17.072,-20.156,-16.068,-12.629,-9.3429,-7.0645,-5.4453,-4.5783,-3.7527,-3.2574,-3.0639,-3.0314,-3.2136,-3.5979,-4.0254,-4.8109,-5.8538,-6.8472,-8.4726,-10.4,-11.824,-13.462,-14.811,-16.488,-18.121,-21.839,-30.656,-27.017,-19.595,-15.875,-14.143,-12.546,-10.953,-8.9602,-7.3241,-5.3224,-3.7526,-2.8945,-2.1551,-1.8773,-2.0418,-2.4417,-3.2574,-4.3316,-5.249,-6.492,-7.6453,-8.3887,-9.2159,-9.8804,-10.429,-10.763,-11.115,-11.305,-11.296,-10.968,-10.293,-9.5519,-8.4153,-7.2088,-5.959,-5.1608,-4.3387,-3.6183,-3.1675,-2.8939,-2.788,-2.8874,-3.1367,-3.617,-4.3482,-5.0657,-6.2431,-7.7836,-9.2161,-11.59,-13.34,-11.598,-8.8779,-5.5038,-2.7745,-1.125,0.61803,1.9321,2.6822,3.3869,3.8064,3.9605,3.9196,3.6795,3.2442,2.8062,2.0977,1.2785,0.38295,-0.30344,-1.189,-2.0339,-2.6085,-3.2587,-3.7962,-4.2484,-4.9245,-5.7951,-7.0511,-8.3177,-10.479,-12.103,-11.293,-8.1679,-5.0724,-3.2202,-1.2718,0.14089,1.0859,1.5041,1.7151,1.5502,1.1696,0.35049,-0.83109,-2.4173,-3.8942,-6.2532,-9.3142,-12.366,-17.975,-18.925,-14.099,-9.2231,-5.797,-3.211,-1.6515,0.031296,1.318,2.0516,2.7196,3.0627,3.0629,2.768,2.1047,1.0211,-0.089021,-1.9126,-3.9338,-5.183,-5.7464,-5.0644,-4.0916
-9.1085,-8.2942,-6.9615,-5.4771,-4.4116,-3.1131,-2.0535,-1.4271,-0.79668,-0.39928,-0.18046,-0.1097,-0.12082,-0.17592,-0.20591,-0.15272,0.046064,0.29322,0.7359,1.2539,1.7513,2.0741,2.4032,2.5681,2.5695,2.3868,1.9751,1.5023,0.67388,-0.42472,-1.7883,-2.986,-4.8338,-6.9516,-8.7028,-11.17,-13.532,-15.218,-15.547,-14.903,-13.541,-12.43,-10.99,-9.7309,-8.9432,-8.151,-7.632,-7.4492,-7.5204,-7.7962,-8.1524,-8.3458,-8.2797,-7.6971,-7.0053,-5.9843,-5.0536,-4.3244,-3.927,-3.6565,-3.6088,-3.7156,-3.9803,-4.3148,-4.648,-4.8776,-5.1486,-5.4355,-5.6956,-6.1576,-6.7084,-7.238,-8.0654,-8.8965,-9.9129,-11.015,-12.313,-12.879,-12.469,-10.856,-8.8858,-7.3982,-5.7195,-4.24,-2.9138,-2.0065,-0.90143,-0.029651,0.43716,0.82524,0.92943,0.75983,0.45803,-0.17786,-1.0134,-1.7231,-2.7786,-3.9233,-4.8218,-6.0349,-7.256,-8.5663,-9.6528,-11.223,-12.959,-14.279,-15.609,-15.201,-13.656,-11.337,-9.1145,-7.2646,-6.2919,-4.981,-3.9914,-3.4965,-2.9542,-2.5409,-2.3164,-2.2354,-2.2384,-2.3559,-2.5525,-2.871,-3.2358,-3.4785,-3.6703,-3.5379,-2.9818,-2.2912,-1.1992,-0.073065,0.70494,1.5848,2.2556,2.6056,2.8834,2.9459,2.8036,2.5729,2.1351,1.5472,1.0263,0.25548,-0.58036,-1.4308,-2.0725,-2.8454,-3.4823,-3.806,-4.1768,-4.3835,-4.4095,-4.506,-4.6297,-4.7948,-4.8791,-4.8638,-4.5917,-4.123,-3.2237,-2.087,-1.1992,-0.14094,0.69929,1.2471,1.4467,1.4123,0.99038,0.39661,-0.74771,-2.3578,-4.404,-6.2778,-9.0834,-12.035,-14.041,-15.891,-15.489,-13.627,-10.416,-7.3652,-4.7349,-3.04,-1.1512,0.35568,1.2326,2.0581,2.5071,2.567,2.2824,1.4899,0.087388,-1.4699,-4.4713,-9.3853,-15.955,-17.012,-9.7747,-6.4926
-3.0039,-2.3487,-1.544,-0.81983,-0.32877,0.20177,0.56535,0.69451,0.71267,0.52227,0.11438,-0.34243,-1.1171,-2.0416,-2.7224,-3.3426,-3.3063,-2.791,-1.6779,-0.46202,0.63267,1.297,1.9505,2.3245,2.4225,2.3147,1.9336,1.4705,0.61072,-0.51403,-1.9156,-3.1381,-4.9536,-6.9688,-8.5371,-10.643,-12.603,-14.182,-14.958,-15.266,-14.575,-13.6,-11.934,-10.213,-8.9805,-7.5401,-6.4014,-5.5368,-5.0214,-4.5166,-4.1502,-3.9268,-3.6368,-3.3332,-3.1207,-2.8561,-2.6942,-2.6986,-2.8335,-3.239,-3.9365,-4.6527,-5.796,-6.958,-7.6599,-7.6042,-6.8235,-5.7456,-4.9752,-4.1317,-3.5555,-3.3091,-3.1496,-3.1548,-3.1426,-3.0473,-3.026,-2.8097,-2.4627,-1.7629,-0.89596,-0.2112,0.74965,1.677,2.5141,3.0569,3.6639,4.1213,4.3468,4.4578,4.3469,4.0152,3.6289,2.9259,2.0115,1.2017,-0.032961,-1.4081,-2.5152,-4.0706,-5.7022,-7.4247,-8.8352,-10.976,-13.795,-16.84,-22.929,-21.977,-16.938,-12.381,-9.5365,-7.6205,-6.2889,-5.1659,-4.3903,-3.901,-3.2362,-2.7017,-2.1891,-1.7916,-1.3407,-0.92094,-0.63053,-0.31327,-0.034228,0.15741,0.45185,0.78857,1.17,1.4776,1.9064,2.2861,2.5168,2.7172,2.7706,2.6987,2.4635,2.0538,1.495,0.98448,0.18564,-0.7196,-1.4538,-2.4964,-3.6022,-4.7532,-5.6088,-6.709,-7.4911,-7.7552,-7.4873,-6.8151,-6.1161,-5.172,-4.3746,-3.6985,-3.2806,-2.7353,-2.1521,-1.6793,-0.94057,-0.1469,0.46224,1.2267,1.8568,2.2703,2.4056,2.2885,1.7879,1.146,-0.16208,-2.006,-4.4942,-6.8588,-11.024,-16.831,-21.867,-19.623,-14.992,-12.436,-9.5734,-7.0329,-4.7264,-3.1163,-1.1608,0.50728,1.5422,2.6302,3.3067,3.5919,3.5924,3.1726,2.3602,1.5235,0.1437,-1.3214,-2.2217,-2.8265,-2.7458,-2.4008
1.2194,1.593,1.9947,2.2462,2.3367,2.3057,2.1089,1.8557,1.3346,0.60857,-0.39205,-1.3777,-3.1084,-5.6016,-8.3497,-14.476,-17.157,-11.107,-6.0759,-3.0208,-0.97987,0.091547,1.0524,1.6003,1.7715,1.7182,1.3677,0.91967,0.034675,-1.1244,-2.6227,-3.9391,-6.0166,-8.4259,-10.407,-13.273,-16.245,-19.445,-22.266,-26.031,-23.75,-19.652,-15.066,-11.591,-9.5354,-7.3242,-5.6145,-4.2663,-3.4726,-2.6776,-2.1173,-1.813,-1.5308,-1.3842,-1.3493,-1.4027,-1.5813,-1.927,-2.3493,-3.1409,-4.3687,-5.6955,-8.3726,-13.071,-25.898,-19.978,-10.921,-6.6583,-4.5726,-2.5823,-1.1935,-0.37818,0.46993,1.0731,1.5394,1.8955,2.3453,2.7896,3.1668,3.705,4.2754,4.6994,5.292,5.8588,6.3715,6.6998,7.0279,7.2287,7.2875,7.21,6.9407,6.4569,5.9437,5.0697,3.9595,2.9547,1.3833,-0.43482,-1.9282,-4.0556,-6.1596,-7.9551,-8.96,-9.8482,-10.456,-10.785,-10.878,-10.399,-9.6378,-8.5533,-7.4765,-6.6015,-6.2435,-6.0923,-6.0197,-5.853,-5.6454,-5.1276,-4.2165,-3.4374,-2.3481,-1.3394,-0.6277,0.19386,0.89597,1.3551,1.8829,2.3184,2.6644,2.8395,2.9745,2.9704,2.8644,2.5769,2.1052,1.641,0.85346,-0.092684,-1.1769,-2.0631,-3.3609,-4.7198,-5.7653,-7.1493,-8.5313,-10.046,-11.394,-13.926,-18.046,-21.373,-16.935,-11.94,-9.4565,-6.9753,-5.3217,-4.2242,-3.6822,-3.1943,-2.7668,-2.3888,-1.6674,-0.69621,0.11322,1.23,2.1954,2.917,3.2415,3.3545,3.0792,2.6013,1.5805,0.097173,-1.9419,-3.8743,-6.8264,-9.9867,-11.768,-12.358,-11.572,-10.837,-9.687,-8.0783,-5.8757,-4.0152,-1.576,0.57209,1.9263,3.3672,4.4041,4.9112,5.2612,5.2855,5.0196,4.6629,4.0269,3.2896,2.7262,2.0348,1.408,0.86296
3.5467,3.6523,3.6495,3.4841,3.2308,2.7383,2.0585,1.4501,0.49658,-0.5718,-1.7111,-2.599,-3.8741,-5.3235,-6.5071,-7.8026,-7.8129,-6.7403,-4.7454,-2.9026,-1.5019,-0.73577,-0.05197,0.29609,0.37255,0.25543,-0.097785,-0.51882,-1.306,-2.4244,-3.9005,-5.3104,-7.6429,-10.659,-13.419,-17.965,-23.057,-25.755,-25.674,-24.672,-21.585,-18.498,-14.525,-11.185,-9.1313,-6.8916,-5.0999,-3.7373,-2.9592,-2.1884,-1.7,-1.501,-1.4316,-1.5439,-1.7002,-1.9921,-2.3123,-2.6339,-2.898,-3.3433,-3.953,-4.5742,-5.5857,-6.6333,-7.1416,-6.724,-5.2536,-3.408,-2.1038,-0.57998,0.6865,1.498,2.4137,3.1883,3.8036,4.1682,4.7035,5.2047,5.552,6.0063,6.4598,6.8081,7.2366,7.6357,7.9945,8.2287,8.4632,8.576,8.5651,8.4195,8.0942,7.5606,7.0073,6.0373,4.7819,3.6214,1.7526,-0.58666,-2.7521,-6.3932,-11.394,-16.997,-16.36,-12.53,-9.9472,-8.6486,-7.4865,-6.6625,-6.2657,-5.8843,-5.7782,-6.0513,-6.8202,-8.0072,-9.8654,-11.815,-14.419,-13.236,-10.011,-7.8368,-5.4628,-3.6633,-2.6015,-1.3351,-0.28138,0.3962,1.1228,1.6737,2.0343,2.1786,2.1589,1.9118,1.5609,0.85837,-0.11612,-1.0207,-2.4478,-4.0664,-5.8264,-7.2022,-9.1238,-11.2,-12.933,-15.267,-16.517,-16.217,-15.838,-15.743,-15.921,-15.631,-13.562,-10.685,-8.8489,-6.8363,-5.5263,-4.9672,-4.9838,-5.6403,-6.9743,-7.9736,-7.8206,-5.2695,-2.9607,-0.37274,1.5908,2.979,3.6854,4.2307,4.3542,4.1802,3.6455,2.7411,1.5457,0.51732,-1.0742,-2.7379,-4.0317,-5.778,-7.8976,-10.102,-15.471,-21.779,-10.916,-6.3069,-2.1763,0.72906,2.387,4.0584,5.2727,5.8909,6.4178,6.6226,6.5288,6.2771,5.7509,5.0359,4.3861,3.3806,2.2511,1.0633
4.897,4.7996,4.5159,4.0387,3.525,2.6114,1.3825,0.23494,-1.5155,-3.3602,-4.7988,-5.2909,-5.2194,-4.7259,-4.2767,-3.6735,-3.0356,-2.5171,-1.8461,-1.277,-0.92245,-0.80992,-0.85787,-1.1001,-1.3377,-1.6564,-1.9433,-2.1681,-2.5169,-3.1507,-4.1042,-5.1544,-6.999,-9.4683,-11.86,-15.8,-19.956,-21.267,-19.57,-16.961,-14.477,-12.781,-10.521,-8.3923,-6.9479,-5.2356,-3.8263,-2.7462,-2.1539,-1.6402,-1.469,-1.5712,-2.0132,-2.7434,-3.438,-4.3766,-5.0483,-5.1594,-4.8507,-4.2418,-3.61,-3.2007,-2.7508,-2.3581,-1.8944,-1.463,-0.77356,0.015342,0.63782,1.4605,2.2465,2.7761,3.4222,4.0401,4.6117,4.9738,5.4133,5.8247,6.1028,6.4557,6.8069,7.0803,7.4397,7.8098,8.1757,8.4342,8.741,8.9556,9.0278,8.9854,8.7558,8.3199,7.8451,6.9857,5.8436,4.7899,3.1093,1.0621,-0.74625,-3.5473,-6.6424,-8.9703,-9.1807,-7.8322,-6.2089,-5.2036,-4.233,-3.6274,-3.3964,-3.3207,-3.6403,-4.4198,-5.2559,-6.866,-9.273,-11.728,-14.692,-14.082,-11.147,-9.2723,-7.3617,-5.8452,-4.8078,-3.491,-2.2111,-1.3565,-0.34672,0.42128,0.90025,1.0775,1.0351,0.65705,0.13728,-0.89523,-2.3546,-3.7963,-6.172,-9.1032,-12.268,-14.219,-15.584,-16.761,-18.369,-22.792,-26.023,-19.148,-15.556,-12.351,-10.109,-8.8653,-7.1896,-5.6671,-4.7216,-3.7269,-3.1317,-3.0756,-3.4662,-4.7118,-7.1525,-9.79,-10.703,-5.8975,-2.6738,0.52527,2.8055,4.3991,5.2518,5.9893,6.3372,6.3757,6.1477,5.6622,4.961,4.3126,3.3175,2.1952,1.2713,-0.070287,-1.5268,-2.6382,-3.8287,-3.8753,-2.374,-0.73151,1.4899,3.426,4.6463,5.963,6.9106,7.4332,7.8528,7.9777,7.8279,7.541,6.9238,6.0282,5.1617,3.6917,1.8155,-0.59286
5.3632,5.248,4.9891,4.5065,3.9597,2.8841,1.2992,-0.35085,-3.4587,-8.4983,-20.234,-18.294,-8.9775,-5.0853,-3.2986,-1.7129,-0.68324,-0.18528,0.16807,0.17476,-0.18893,-0.74794,-1.919,-3.5308,-4.8696,-6.0979,-5.8515,-4.9897,-3.8463,-3.0911,-2.935,-3.1493,-3.898,-5.024,-6.0602,-7.4911,-8.7845,-9.6123,-9.8824,-9.7436,-9.1912,-8.4738,-7.2591,-5.8272,-4.7269,-3.3422,-2.1517,-1.2291,-0.76382,-0.48787,-0.63623,-1.0561,-2.0835,-3.8084,-5.7563,-9.6907,-15.614,-14.153,-9.8813,-6.0501,-3.6409,-2.3611,-1.13,-0.24286,0.4267,0.82144,1.2616,1.6363,1.8993,2.2263,2.5603,2.8214,3.1925,3.5847,4.0373,4.4109,4.7491,5.0064,5.168,5.3188,5.4354,5.5329,5.8,6.2302,6.8072,7.2882,7.9334,8.5062,8.8444,9.1098,9.1455,8.9392,8.6192,7.9891,7.1306,6.3562,5.1464,3.7951,2.7355,1.3618,0.17118,-0.67354,-1.0033,-1.1218,-0.95207,-0.75522,-0.46755,-0.28152,-0.20589,-0.3296,-0.66539,-1.2526,-1.682,-2.6419,-3.7634,-4.7263,-5.7676,-6.5112,-7.1745,-7.7497,-8.6095,-9.198,-8.8418,-7.3211,-5.1286,-3.5395,-1.8272,-0.63178,0.10254,0.35333,0.37128,0.0056077,-0.51448,-1.5417,-3.0352,-4.532,-7.2559,-11.203,-17.566,-23.204,-18.584,-14.646,-13.097,-11.707,-10.469,-8.8833,-7.5379,-5.8045,-4.2371,-3.2186,-1.9979,-0.92892,-0.21061,0.4896,0.94729,1.2073,1.2485,1.1785,1.1245,1.2415,1.7735,2.7949,3.7828,5.1458,6.3879,7.4032,7.9807,8.5155,8.7854,8.8297,8.6844,8.3618,7.8717,7.4085,6.7544,6.0528,5.5428,4.8891,4.3474,4.0591,3.9163,4.1054,4.6379,5.2098,6.0867,6.9951,7.6314,8.368,8.9336,9.2272,9.4272,9.4062,9.1647,8.8389,8.1841,7.2557,6.362,4.8775,2.9554,0.43833
3.0412,3.346,3.6558,3.7187,3.5574,2.9957,2.055,1.0742,-0.53535,-2.2904,-3.5635,-3.7318,-2.994,-1.778,-0.90771,0.029228,0.68081,0.97159,1.0909,0.84461,0.16753,-0.71124,-2.5716,-5.6428,-9.3257,-17.388,-12.078,-7.6312,-4.2556,-2.3669,-1.4195,-1.1285,-1.2058,-1.7063,-2.2978,-3.319,-4.5553,-5.9514,-7.1287,-8.7128,-9.9421,-9.9693,-8.6449,-6.5519,-4.9538,-3.1194,-1.6976,-0.69949,-0.20987,0.070658,-0.057709,-0.41828,-1.2988,-2.6765,-4.0084,-6.0576,-7.6659,-7.4711,-6.2245,-4.2833,-2.6234,-1.6344,-0.66196,-0.0015088,0.36508,0.48659,0.47167,0.27475,0.031008,-0.34185,-0.65382,-0.71563,-0.50313,-0.05371,0.50968,0.96532,1.4446,1.6485,1.5999,1.2468,0.59292,0.025886,-0.41049,0.093828,1.5643,2.9138,4.6054,5.9875,6.7872,7.529,7.9191,7.9714,7.8069,7.3426,6.6384,5.976,4.9505,3.8438,3.0154,2.0171,1.2351,0.7185,0.51778,0.45489,0.54772,0.66651,0.83901,0.96993,1.002,0.92473,0.74657,0.46551,0.1333,-0.454,-1.1695,-1.7747,-2.6645,-3.8186,-5.3833,-6.9976,-10.243,-16.616,-21.73,-12.829,-7.6368,-5.1954,-3.0921,-1.8335,-1.1921,-1.0427,-1.1851,-1.5944,-2.0024,-2.6597,-3.4165,-4.0518,-5.0125,-6.0593,-6.9347,-7.285,-7.1128,-6.4105,-5.7342,-4.7745,-3.795,-2.8069,-2.0631,-1.0986,-0.21389,0.45607,1.2208,1.896,2.3701,2.9156,3.3807,3.7859,4.0738,4.4511,4.8805,5.2499,5.8512,6.5269,7.0783,7.8125,8.4829,9.0321,9.3344,9.58,9.6307,9.5387,9.2748,8.8428,8.298,7.856,7.2365,6.6725,6.3174,5.9791,5.8039,5.7838,5.9043,6.1796,6.5773,6.9367,7.46,7.9842,8.3437,8.7436,9.0494,9.1701,9.2106,9.0922,8.7999,8.4638,7.8697,7.1148,6.4455,5.4403,4.3399,3.2024
-2.962,-1.2012,0.42038,1.4306,1.8438,2.0427,1.8956,1.6165,1.0912,0.51812,0.019393,-0.24416,-0.41521,-0.38475,-0.2813,-0.059501,0.18395,0.35005,0.48933,0.46967,0.21161,-0.14955,-0.84412,-1.6958,-2.2995,-2.7284,-2.4639,-1.921,-1.0109,-0.2492,0.25826,0.40878,0.34546,-0.057671,-0.57409,-1.5674,-2.9453,-4.8609,-6.7881,-10.536,-17.288,-23.061,-13.759,-8.5161,-6.0383,-3.7428,-2.2224,-1.2433,-0.78913,-0.49146,-0.50312,-0.69505,-1.1601,-1.7668,-2.2621,-2.8591,-3.2646,-3.3699,-3.2596,-2.92,-2.4927,-2.2095,-1.9187,-1.8016,-1.9098,-2.1603,-2.7849,-3.8086,-4.9082,-6.8704,-9.3044,-10.875,-10.636,-8.2464,-6.0866,-4.966,-3.8012,-3.2916,-3.3962,-4.2096,-6.0949,-8.6175,-16.748,-17.661,-7.0464,-3.1886,0.12647,2.3338,3.4871,4.5372,5.1075,5.2624,5.1347,4.6448,3.8137,2.9738,1.6318,0.086243,-1.1116,-2.5743,-3.5102,-3.7005,-3.4481,-2.7971,-2.1053,-1.6368,-1.1723,-0.85968,-0.74992,-0.65174,-0.66971,-0.75561,-0.9872,-1.1957,-1.4675,-1.6714,-2.1351,-2.7901,-3.5954,-4.2924,-5.2509,-5.9176,-5.9854,-5.5084,-4.587,-3.9267,-3.2487,-2.9655,-3.1783,-3.6364,-4.6688,-5.9581,-6.8176,-7.3036,-6.8349,-6.1656,-5.2422,-4.4905,-3.8695,-3.4673,-2.9358,-2.4135,-2.0094,-1.4965,-0.98273,-0.51267,-0.18399,0.2314,0.62441,0.92479,1.2832,1.6034,1.8053,2.127,2.4855,2.8666,3.1971,3.7027,4.2666,4.732,5.3891,6.0818,6.5723,7.1874,7.6946,8.0565,8.2214,8.2574,8.0745,7.7852,7.2006,6.3966,5.4317,4.6567,3.6335,2.8005,2.3808,2.1855,2.342,2.6228,3.1071,3.6485,4.1976,4.601,5.1197,5.5832,5.8847,6.2035,6.3873,6.4467,6.3943,6.1907,5.8344,5.4713,4.891,4.2359,3.7221,3.0371,2.428,1.9733
