-5.5343,-5.6057,-5.7137,-5.7792,-5.7859,-5.7412,-5.5564,-5.3398,-4.8928,-4.3062,-3.6392,-3.0845,-2.3139,-1.5338,-0.97073,-0.25888,0.38753,0.82428,1.3671,1.8142,2.1602,2.3616,2.5439,2.6447,2.6757,2.6485,2.5421,2.4288,2.2315,1.9859,1.7032,1.4712,1.1258,0.75127,0.45945,0.052937,-0.34475,-0.77008,-1.0932,-1.5105,-1.8877,-2.1139,-2.2773,-2.2803,-2.1629,-1.8657,-1.4216,-0.91395,-0.54736,-0.083134,0.30066,0.52745,0.74282,0.84636,0.82766,0.67757,0.41237,0.0068308,-0.38457,-1.0212,-1.7227,-2.2581,-2.9422,-3.5328,-3.973,-4.1928,-4.4015,-4.5245,-4.6347,-4.91,-5.4465,-6.0469,-7.1823,-8.9005,-11.343,-13.657,-15.082,-11.788,-8.8224,-5.5813,-3.0977,-1.5748,0.13368,1.5192,2.6238,3.2996,4.037,4.613,4.948,5.2687,5.4667,5.5554,5.552,5.4659,5.2831,5.0867,4.7743,4.4278,4.1497,3.7632,3.3719,2.9898,2.741,2.4707,2.2955,2.2409,2.2738,2.4309,2.6098,2.8976,3.2005,3.4882,3.6769,3.8639,3.9646,3.9747,3.8914,3.7002,3.3808,3.0399,2.4603,1.7283,1.0832,0.089041,-1.0618,-2.0205,-3.4445,-5.0393,-6.7483,-8.0897,-9.8571,-11.592,-12.872,-14.689,-16.318,-17.556,-19.491,-22.505,-25.758,-23.987,-18.995,-14.759,-12.128,-9.2607,-6.8715,-4.8307,-3.4651,-1.8236,-0.40081,0.55063,1.6802,2.6516,3.2842,4.0089,4.6133,5.0986,5.387,5.662,5.8414,5.917,5.9388,5.8492,5.7062,5.4208,5.0378,4.5478,4.0961,3.4194,2.6557,2.0291,1.168,0.33409,-0.34222,-0.64374,-0.66876,-0.31999,0.1522,0.92915,1.7736,2.3916,3.1347,3.7768,4.3219,4.6704,5.0473,5.3421,5.5093,5.6616,5.7454,5.765,5.7421,5.6723,5.5665,5.4535,5.2719,5.0918,4.9601,4.7861,4.6419,4.5453
-3.6573,-3.7201,-3.9914,-4.5243,-5.1201,-6.1766,-7.4502,-8.324,-8.7363,-7.7235,-5.7776,-4.1927,-2.2439,-0.58586,0.46558,1.6302,2.5387,3.0634,3.5628,3.8479,3.9198,3.834,3.5227,2.9603,2.3739,1.361,0.064129,-1.1091,-2.9482,-5.034,-7.0407,-8.0737,-8.2873,-7.4963,-6.6944,-5.6739,-4.7823,-3.9708,-3.345,-2.4379,-1.4344,-0.63183,0.48873,1.6315,2.4836,3.5944,4.6536,5.6415,6.3311,7.1729,7.9271,8.431,9.0163,9.5051,9.8096,10.138,10.383,10.547,10.623,10.674,10.677,10.651,10.587,10.497,10.385,10.285,10.133,9.9575,9.8083,9.5842,9.3381,9.1399,8.8633,8.5916,8.3514,8.2079,8.0914,8.0805,8.1452,8.3241,8.592,8.8328,9.1844,9.5417,9.8821,10.115,10.382,10.585,10.691,10.768,10.766,10.672,10.536,10.265,9.8858,9.5241,8.9266,8.1811,7.5133,6.455,5.1722,3.6273,2.2777,0.28331,-1.5939,-2.3486,-1.8085,-0.08721,1.3449,3.074,4.5091,5.6625,6.3576,7.0894,7.6279,7.9185,8.1632,8.2518,8.1957,8.0617,7.7681,7.3522,6.9594,6.3349,5.6151,5.0162,4.1427,3.1937,2.1766,1.3598,0.19774,-1.0512,-2.0575,-3.5522,-5.2561,-6.6368,-8.5548,-10.295,-11.085,-10.728,-9.321,-7.4562,-5.9878,-4.0601,-2.1966,-0.41314,0.86038,2.4559,3.9228,4.935,6.1599,7.2443,7.9695,8.8211,9.5451,10.148,10.528,10.942,11.256,11.428,11.577,11.644,11.646,11.592,11.479,11.319,11.178,10.969,10.75,10.587,10.387,10.219,10.093,10.031,9.994,10.016,10.069,10.183,10.335,10.468,10.664,10.87,11.076,11.226,11.419,11.599,11.724,11.872,11.999,12.083,12.174,12.245,12.298,12.326,12.348,12.354,12.349,12.327,12.295,12.25
-4.538,-3.9162,-3.1955,-2.583,-2.1906,-1.7478,-1.365,-1.0873,-0.72387,-0.34864,0.049459,0.35756,0.76695,1.1691,1.4491,1.7804,2.0444,2.1868,2.2834,2.2731,2.1398,1.9513,1.5675,1.0219,0.50286,-0.32841,-1.2892,-2.0837,-3.1608,-4.0961,-4.7461,-5.0135,-5.1547,-5.1925,-5.2621,-5.5655,-6.1632,-7.0818,-7.9097,-8.8772,-8.8101,-7.7085,-5.4375,-3.0691,-1.4531,0.45039,2.0914,3.5,4.422,5.4894,6.399,6.9906,7.6685,8.2263,8.5744,8.9563,9.2469,9.4553,9.5616,9.6493,9.6838,9.6791,9.6384,9.5659,9.4714,9.3896,9.2709,9.1418,9.0403,8.8954,8.7351,8.6029,8.4078,8.1832,7.9279,7.7144,7.3968,7.0386,6.7448,6.3214,5.8677,5.5196,5.0697,4.6753,4.3894,4.2747,4.2764,4.4454,4.6626,5.028,5.4204,5.784,6.0097,6.2275,6.3409,6.3545,6.2769,6.0925,5.8917,5.5541,5.1547,4.7181,4.3849,3.9567,3.5852,3.358,3.1297,2.9968,2.9611,2.9997,3.1217,3.3145,3.4931,3.7636,4.0565,4.2769,4.5587,4.8049,4.9948,5.096,5.1751,5.1822,5.1379,5.019,4.8313,4.6511,4.3687,4.042,3.6809,3.3945,3.0098,2.631,2.353,2.0016,1.6883,1.4921,1.2815,1.1405,1.068,1.0683,1.1421,1.2838,1.4396,1.716,2.0512,2.4396,2.7539,3.203,3.6769,4.0391,4.5131,4.9791,5.3181,5.7439,6.129,6.4612,6.6733,6.9023,7.0565,7.1155,7.1122,7.0081,6.8606,6.5671,6.1641,5.6498,5.1982,4.5194,3.778,3.2023,2.468,1.8584,1.4512,1.3119,1.3502,1.6065,1.8887,2.3201,2.758,3.0642,3.423,3.7158,3.9454,4.0769,4.2115,4.3166,4.386,4.4874,4.6108,4.721,4.9066,5.1271,5.3701,5.5582,5.7992,6.014,6.1514,6.2741,6.3297,6.3118
-5.0907,-4.0056,-2.8072,-1.8382,-1.2473,-0.62858,-0.17246,0.075679,0.29105,0.38359,0.36912,0.29299,0.12213,-0.10687,-0.29174,-0.52243,-0.67922,-0.7215,-0.65465,-0.45468,-0.15358,0.11079,0.46476,0.78426,0.98945,1.2077,1.3644,1.4406,1.4985,1.5384,1.5616,1.5677,1.5544,1.5278,1.4984,1.4429,1.3805,1.3391,1.3328,1.3752,1.4944,1.6438,1.9305,2.3017,2.6258,3.106,3.6312,4.1766,4.5851,5.1102,5.5957,5.9268,6.3105,6.6089,6.7717,6.9023,6.9281,6.8386,6.696,6.4053,6.0057,5.6418,5.0887,4.4987,3.945,3.6089,3.3292,3.2886,3.4076,3.714,4.0958,4.3844,4.7209,4.9514,5.0445,5.0113,4.8079,4.4028,3.9501,3.117,1.9607,0.82318,-1.1792,-4.0453,-8.4988,-13.764,-14.024,-7.4406,-4.3414,-1.5423,0.378,1.7467,2.5048,3.2358,3.7064,3.9163,4.0339,3.9845,3.8475,3.5496,3.1212,2.5659,2.0674,1.293,0.38777,-0.38125,-1.5463,-2.8853,-3.9902,-5.5248,-6.8734,-7.4833,-7.1715,-5.9378,-4.3468,-3.178,-1.7803,-0.60709,0.3375,0.91025,1.5108,1.9382,2.155,2.3218,2.3605,2.3184,2.1846,1.9713,1.6924,1.456,1.1213,0.78284,0.54013,0.25659,0.031682,-0.091295,-0.19364,-0.23681,-0.23298,-0.20835,-0.14896,-0.099758,-0.077568,-0.072444,-0.10515,-0.18816,-0.28545,-0.46187,-0.66164,-0.8133,-0.97719,-1.026,-0.94176,-0.64684,-0.15904,0.45441,0.94932,1.5875,2.1383,2.465,2.7539,2.8582,2.8005,2.5267,2.0058,1.2165,0.41456,-0.97543,-2.8376,-4.6451,-7.8441,-12.423,-17.261,-15.394,-10.872,-7.8563,-6.302,-4.8586,-3.9099,-3.432,-3.0601,-2.9551,-3.1075,-3.3952,-4.0247,-4.9669,-5.9001,-7.4073,-8.9571,-9.634,-9.0926,-7.2681,-5.2186,-3.8509,-2.3475,-1.1785,-0.50969,0.14506,0.53422,0.67981
-0.77413,-0.17182,0.5229,1.0749,1.3884,1.6668,1.7832,1.7578,1.5621,1.1604,0.52608,-0.12757,-1.2878,-2.8821,-4.4722,-7.4422,-12.342,-19.675,-19.186,-10.553,-6.3304,-4.1996,-2.1066,-0.56597,0.33715,1.2935,2.0258,2.4541,2.8942,3.2152,3.4364,3.5347,3.5873,3.5605,3.4959,3.3462,3.1267,2.8497,2.6068,2.2463,1.8525,1.5472,1.1514,0.8066,0.61244,0.49305,0.58299,0.89475,1.2579,1.8532,2.5065,2.9933,3.5874,4.0741,4.347,4.5744,4.629,4.4856,4.2343,3.683,2.8469,1.9954,0.4684,-1.6821,-4.8428,-8.4722,-17.178,-13.028,-7.6516,-3.4552,-0.79368,0.64813,2.0855,3.1137,3.8244,4.1863,4.4719,4.5568,4.5045,4.2968,3.9538,3.6287,3.1441,2.6609,2.2447,2.0183,1.8719,1.9024,2.0226,2.2509,2.4976,2.7117,2.8283,2.9057,2.883,2.7998,2.5949,2.2799,1.9688,1.4581,0.83662,0.089463,-0.5481,-1.5059,-2.5867,-3.4794,-4.7944,-6.256,-7.4278,-9.0324,-10.444,-11.083,-10.706,-9.2746,-7.4284,-6.076,-4.4488,-3.0814,-1.984,-1.3281,-0.66195,-0.22315,-0.036507,0.020869,-0.13154,-0.38294,-0.89473,-1.6117,-2.5337,-3.3433,-4.5634,-5.8745,-6.8132,-7.8014,-8.2432,-8.1621,-7.6196,-6.8227,-5.9943,-5.4115,-4.7128,-4.1493,-3.8342,-3.559,-3.457,-3.5794,-3.8422,-4.4632,-5.4966,-6.6433,-8.963,-12.919,-18.622,-24.055,-12.725,-7.7159,-5.249,-2.8507,-1.1189,-0.14074,0.82422,1.4646,1.7586,1.917,1.8358,1.5334,1.1735,0.5299,-0.2624,-0.92508,-1.8452,-2.7479,-3.5846,-4.1524,-4.8423,-5.4964,-5.9847,-6.6327,-7.2238,-7.566,-7.8108,-7.8066,-7.6621,-7.5549,-7.5386,-7.7422,-8.0608,-8.6715,-9.2707,-9.4658,-9.0782,-7.983,-6.5485,-5.5045,-4.3019,-3.3886,-2.8885,-2.4553,-2.2835,-2.3238
0.92956,1.1708,1.4369,1.6268,1.712,1.7399,1.6646,1.5359,1.2607,0.86756,0.36054,-0.08862,-0.77325,-1.5332,-2.1216,-2.8687,-3.4616,-3.7276,-3.7691,-3.4513,-2.8876,-2.3796,-1.6713,-0.99234,-0.53077,0.011824,0.46301,0.73847,1.0235,1.2163,1.3188,1.3323,1.2753,1.137,0.97789,0.675,0.26135,-0.27526,-0.77627,-1.6048,-2.6611,-3.6522,-5.3301,-7.6198,-9.9967,-14.814,-21.041,-15.112,-10.895,-7.1734,-4.6294,-3.1837,-1.6823,-0.56033,0.077135,0.6994,1.0912,1.2722,1.2773,1.1288,0.82442,0.50962,0.0020484,-0.55195,-1.0693,-1.3719,-1.5845,-1.5158,-1.2829,-0.77904,-0.16176,0.32186,0.94733,1.5102,1.9799,2.2661,2.5548,2.7348,2.8016,2.8049,2.7168,2.5971,2.3766,2.1069,1.7986,1.5472,1.194,0.82885,0.55078,0.17312,-0.20941,-0.59157,-0.87761,-1.2628,-1.6535,-1.9565,-2.3935,-2.8918,-3.3176,-3.9636,-4.7117,-5.5904,-6.337,-7.4552,-8.6956,-9.6738,-10.986,-12.155,-12.781,-13.118,-12.812,-11.985,-11.145,-9.8793,-8.5553,-7.5946,-6.3989,-5.3378,-4.4485,-3.9065,-3.3614,-3.0289,-2.9281,-3.0063,-3.343,-3.7773,-4.6107,-5.7685,-7.2999,-8.7308,-11.133,-14.247,-17.165,-21.408,-22.236,-20.195,-17.617,-15.747,-14.323,-13.367,-12.11,-10.874,-9.9846,-8.8956,-7.9553,-7.2254,-6.8176,-6.4311,-6.213,-6.1383,-6.1085,-6.0384,-5.897,-5.5237,-4.8977,-4.0703,-3.3748,-2.4307,-1.539,-0.93993,-0.261,0.27079,0.57159,0.83508,0.9427,0.89717,0.76737,0.46815,0.030803,-0.3867,-1.0634,-1.8888,-2.8789,-3.7496,-5.1357,-6.8638,-8.4709,-11.238,-15.101,-18.819,-20.603,-16.288,-12.786,-10.948,-9.1968,-7.9694,-7.2857,-6.5955,-6.0583,-5.715,-5.3107,-4.9656,-4.6618,-4.4814,-4.3453,-4.3733,-4.5205,-4.9157,-5.606,-6.6462
1.615,1.7769,1.9246,1.9905,1.9835,1.8999,1.7332,1.5575,1.2593,0.89963,0.49279,0.16869,-0.27641,-0.71448,-1.0197,-1.3737,-1.6496,-1.7952,-1.9007,-1.9114,-1.8442,-1.7555,-1.6052,-1.4391,-1.318,-1.1749,-1.0648,-1.0081,-0.97443,-0.99029,-1.0464,-1.1161,-1.2416,-1.4086,-1.5585,-1.7991,-2.0915,-2.4505,-2.7701,-3.2744,-3.8779,-4.3937,-5.1502,-5.9421,-6.5,-7.0524,-7.196,-6.8046,-6.2044,-5.1692,-4.0625,-3.2701,-2.3249,-1.5374,-1.0571,-0.55863,-0.21762,-0.028336,0.021611,-0.021465,-0.17538,-0.34746,-0.63064,-0.93713,-1.2315,-1.4184,-1.5896,-1.6448,-1.6066,-1.4433,-1.1711,-0.91032,-0.51263,-0.091816,0.31231,0.59017,0.90708,1.142,1.2587,1.3261,1.2858,1.183,0.94345,0.58559,0.10426,-0.34229,-1.0593,-1.9111,-2.6374,-3.712,-4.8636,-6.0019,-6.7671,-7.5475,-7.9768,-8.0985,-8.1167,-8.119,-8.1851,-8.4251,-8.8897,-9.5952,-10.298,-11.51,-13.075,-14.547,-17.116,-20.809,-24.689,-27.085,-21.43,-16.894,-14.37,-11.711,-9.5772,-8.2328,-6.7264,-5.4895,-4.4948,-3.8986,-3.2946,-2.913,-2.7722,-2.7726,-2.9883,-3.2965,-3.8955,-4.7007,-5.704,-6.5716,-7.8651,-9.2652,-10.364,-11.861,-13.422,-14.707,-16.849,-20.08,-26.415,-41.517,-24.289,-17.741,-14.764,-11.924,-9.847,-8.2764,-7.3471,-6.3614,-5.6028,-5.1443,-4.6413,-4.2122,-3.9142,-3.5215,-3.1076,-2.6598,-2.2979,-1.7857,-1.2532,-0.85114,-0.32709,0.16075,0.49002,0.86067,1.1401,1.3168,1.3766,1.3553,1.2159,1.0335,0.68434,0.21671,-0.35757,-0.85685,-1.6064,-2.4171,-3.0404,-3.8477,-4.5491,-4.9573,-5.3036,-5.4123,-5.3243,-5.1739,-4.9064,-4.6023,-4.3708,-4.0788,-3.8106,-3.6272,-3.4099,-3.2334,-3.1127,-3.0671,-3.0882,-3.2214,-3.4036,-3.7734,-4.319,-5.0409
2.9077,3.0413,3.1186,3.0823,2.9836,2.7594,2.4297,2.1169,1.6182,1.0387,0.39019,-0.12709,-0.82262,-1.4844,-1.9251,-2.405,-2.7219,-2.8458,-2.88,-2.8039,-2.6592,-2.5368,-2.3912,-2.289,-2.2566,-2.2884,-2.4072,-2.5485,-2.7872,-3.0769,-3.3801,-3.5952,-3.8292,-4.0064,-4.0899,-4.1346,-4.1154,-4.0585,-4.0023,-3.9247,-3.8529,-3.8082,-3.7526,-3.6793,-3.5931,-3.4201,-3.1589,-2.8107,-2.5038,-2.0489,-1.553,-1.1766,-0.69633,-0.27152,-0.0039051,0.26616,0.41467,0.4336,0.35857,0.12978,-0.25645,-0.64685,-1.3027,-2.1051,-3.0303,-3.7532,-4.6638,-5.3333,-5.5388,-5.3249,-4.6377,-3.9391,-2.9299,-1.9577,-1.0914,-0.52668,0.10288,0.5894,0.86171,1.1012,1.2019,1.1865,1.0252,0.69497,0.18453,-0.3328,-1.2375,-2.4388,-3.5824,-5.546,-8.2364,-12.22,-17.039,-37.138,-19.363,-14.786,-11.618,-9.9025,-9.1864,-8.7997,-8.9225,-9.4411,-10.045,-11.068,-12.18,-12.938,-13.672,-13.912,-13.702,-12.908,-11.646,-10.073,-8.811,-7.1437,-5.5901,-4.521,-3.2516,-2.1676,-1.2718,-0.72728,-0.16323,0.21416,0.3762,0.44597,0.35958,0.19202,-0.15626,-0.63756,-1.2406,-1.7582,-2.5134,-3.329,-3.9687,-4.8514,-5.7645,-6.4521,-7.3172,-8.0308,-8.4767,-8.5704,-8.2977,-7.6269,-6.9749,-6.034,-5.1336,-4.3571,-3.864,-3.3398,-2.9816,-2.8099,-2.7025,-2.7256,-2.8095,-2.9675,-3.1212,-3.1806,-3.1019,-2.7776,-2.1868,-1.6026,-0.71045,0.21403,0.88162,1.6908,2.3826,2.9366,3.2604,3.5675,3.737,3.777,3.7219,3.552,3.2796,3.0146,2.5927,2.1123,1.7217,1.176,0.61926,0.20519,-0.32557,-0.82606,-1.284,-1.5952,-1.9519,-2.2222,-2.355,-2.4262,-2.3705,-2.2572,-2.0245,-1.721,-1.4039,-1.1782,-0.9116,-0.70925,-0.61101,-0.55037,-0.57413,-0.6647
4.5117,4.5753,4.5452,4.3862,4.1843,3.7967,3.2641,2.7635,1.9461,0.93636,-0.29492,-1.3791,-3.0459,-4.9628,-6.4739,-8.1758,-8.758,-8.2914,-7.0197,-5.689,-4.582,-3.9367,-3.3454,-3.0427,-2.9934,-3.1588,-3.5879,-4.0833,-4.9618,-6.0736,-7.3439,-8.2859,-9.2869,-9.693,-9.5064,-8.7985,-7.8783,-6.9849,-6.3643,-5.6192,-4.966,-4.5232,-3.9926,-3.5151,-3.184,-2.7582,-2.3388,-1.9045,-1.567,-1.0943,-0.59614,-0.21233,0.28988,0.75619,1.0716,1.4101,1.6224,1.6808,1.6098,1.3378,0.83653,0.28683,-0.7152,-2.0964,-3.9928,-5.8967,-9.5455,-16.057,-28.086,-16.175,-9.9206,-7.1876,-4.6622,-2.8663,-1.5226,-0.72295,0.12352,0.77747,1.1636,1.5555,1.8191,1.9467,2.0258,1.994,1.846,1.6507,1.2696,0.73172,0.22639,-0.57919,-1.4837,-2.3877,-2.9578,-3.4521,-3.5716,-3.4776,-3.2704,-3.1384,-3.1669,-3.463,-4.1118,-5.1742,-6.3051,-8.4059,-11.564,-15.259,-26.371,-21.44,-14.792,-10.048,-6.9331,-4.5765,-3.1231,-1.4674,-0.070087,0.83499,1.8735,2.7345,3.4265,3.836,4.2422,4.498,4.596,4.6059,4.4866,4.3188,4.0019,3.5903,3.1011,2.6977,2.1337,1.5601,1.1435,0.62269,0.16066,-0.12804,-0.42356,-0.60453,-0.66407,-0.6319,-0.49999,-0.29131,-0.10945,0.16354,0.42191,0.6205,0.7163,0.73989,0.61448,0.40621,-0.051639,-0.7735,-1.5371,-2.9418,-4.9958,-8.0514,-11.212,-13.558,-9.0226,-5.6415,-2.2623,0.22187,1.6833,3.2409,4.4533,5.3832,5.9241,6.4604,6.8102,6.9622,7.0344,6.9675,6.7735,6.5538,6.1705,5.6875,5.2647,4.6244,3.8958,3.2885,2.3943,1.3901,0.2685,-0.64867,-1.9698,-3.3328,-4.2663,-5.083,-5.0686,-4.512,-3.3346,-2.0242,-0.79319,0.015556,0.93333,1.6728,2.1039,2.5346,2.82,2.9786
4.9584,4.8878,4.7246,4.4839,4.2493,3.8473,3.3203,2.8239,1.9989,0.95428,-0.35942,-1.5696,-3.5633,-6.1309,-8.4621,-11.689,-12.521,-10.888,-8.2532,-6.1509,-4.6484,-3.854,-3.1627,-2.8555,-2.8563,-3.1552,-3.8203,-4.6076,-6.0856,-8.2076,-11.3,-14.633,-21.532,-23.672,-18.604,-14.496,-12.149,-10.647,-9.7991,-8.8251,-7.9016,-7.2099,-6.3311,-5.5635,-5.1012,-4.6642,-4.405,-4.2353,-4.0723,-3.6888,-3.0241,-2.356,-1.309,-0.22778,0.5326,1.4077,2.0894,2.5542,2.7449,2.7889,2.5962,2.2944,1.6868,0.85829,-0.16478,-1.02,-2.1567,-3.106,-3.5777,-3.763,-3.5028,-3.1124,-2.4868,-1.8492,-1.2378,-0.81457,-0.32193,0.090617,0.34391,0.62341,0.8624,1.0434,1.3368,1.7107,2.1475,2.4981,2.9647,3.3756,3.6377,3.9131,4.1086,4.2367,4.2996,4.3475,4.3692,4.3645,4.3122,4.1717,3.9872,3.6326,3.1477,2.52,1.9707,1.1666,0.36719,-0.10794,-0.42958,-0.2982,0.097535,0.91407,1.907,2.9392,3.6752,4.5763,5.3792,5.9088,6.5152,7.005,7.3727,7.5697,7.7274,7.7678,7.7244,7.5554,7.2594,6.9593,6.4569,5.8484,5.1465,4.5711,3.76,2.9499,2.393,1.7933,1.4251,1.3143,1.3611,1.5789,1.9147,2.2102,2.613,2.9886,3.239,3.5119,3.7106,3.8228,3.8445,3.7789,3.6029,3.3853,2.9758,2.421,1.9035,1.0713,0.10542,-0.84338,-1.3463,-1.3552,-0.43659,0.68408,2.3601,3.967,5.0423,6.2763,7.2783,8.0601,8.5112,8.9455,9.2012,9.2832,9.2605,9.0995,8.8102,8.5203,8.0464,7.4721,6.982,6.2509,5.4157,4.7106,3.6467,2.4002,0.92728,-0.38627,-2.5406,-5.4271,-8.3818,-13.68,-13.599,-9.391,-5.1143,-2.164,0.0017668,1.2799,2.6274,3.6506,4.23,4.7879,5.1207,5.2453
3.361,3.0197,2.7126,2.5699,2.5292,2.4864,2.3901,2.2401,1.9026,1.398,0.73046,0.13004,-0.75368,-1.6297,-2.2244,-2.8491,-3.1794,-3.2058,-3.0186,-2.6516,-2.2147,-1.9199,-1.6109,-1.434,-1.4247,-1.5861,-1.9699,-2.4386,-3.2689,-4.3223,-5.5578,-6.5232,-7.7136,-8.7714,-9.4541,-10.394,-11.832,-14.117,-16.351,-17.99,-14.819,-11.961,-9.1306,-7.3285,-6.5305,-6.1597,-6.6512,-8.2676,-10.532,-15.855,-15.698,-10.245,-5.3236,-2.0693,-0.28855,1.4736,2.7416,3.6317,4.0808,4.4348,4.5502,4.4849,4.2194,3.7805,3.1877,2.6485,1.8292,0.90847,0.17295,-0.82585,-1.8178,-2.5029,-3.2063,-3.4737,-3.2425,-2.8613,-2.3313,-1.9774,-1.9377,-2.2346,-2.9528,-3.6626,-4.2437,-3.4663,-1.3952,0.36773,2.5333,4.3289,5.4415,6.6493,7.5941,8.3231,8.7467,9.1735,9.4648,9.6032,9.6987,9.6929,9.6283,9.4795,9.2654,8.994,8.7753,8.4818,8.2105,8.05,7.9103,7.8708,7.9098,8.046,8.2613,8.5244,8.7359,9.0151,9.2763,9.4492,9.6312,9.7508,9.799,9.7908,9.7134,9.5506,9.3719,9.043,8.5957,8.1739,7.466,6.5667,5.4332,4.393,2.7008,0.59811,-1.2544,-3.8033,-5.1256,-4.4429,-2.3616,-0.30785,1.3357,2.3158,3.3377,4.0963,4.5294,4.9372,5.1734,5.2812,5.2829,5.2039,5.0786,4.9545,4.7817,4.6376,4.5658,4.5341,4.6127,4.81,5.0509,5.5106,6.1164,6.6517,7.4226,8.1977,8.7542,9.4302,9.9944,10.417,10.632,10.772,10.747,10.616,10.303,9.8453,9.2669,8.7761,8.0709,7.3388,6.7938,6.0693,5.3382,4.7721,3.9721,3.0893,2.1308,1.3795,0.40568,-0.44342,-0.91121,-1.1689,-0.87717,-0.32759,0.72834,1.996,3.2655,4.1646,5.2284,6.0865,6.5872,7.0503,7.2605,7.2044
-2.2248,-4.4725,-4.9102,-2.7585,-1.1279,0.4802,1.4989,1.946,2.2043,2.144,1.8379,1.4732,0.87786,0.17855,-0.38418,-1.1058,-1.6904,-1.9668,-2.0592,-1.8494,-1.4132,-1.0195,-0.4472,0.1026,0.43695,0.74283,0.89352,0.90123,0.77915,0.52966,0.1407,-0.2489,-0.83334,-1.4896,-2.0408,-3.0075,-4.1829,-5.4087,-6.1722,-6.4969,-5.7173,-4.5835,-2.9995,-1.7485,-1.1182,-0.65454,-0.55742,-0.82264,-1.156,-1.4147,-0.98376,-0.15815,1.2789,2.7459,3.7322,4.8235,5.658,6.2611,6.5861,6.8807,7.0292,7.0471,6.947,6.6924,6.26,5.8065,4.9879,3.8788,2.8052,0.90676,-1.8062,-4.7751,-11.745,-25.087,-9.0381,-5.1548,-2.2507,-0.70358,-0.19441,-0.24728,-1.098,-2.3009,-4.0766,-3.418,-0.016583,2.5985,5.4844,7.7314,9.0833,10.528,11.64,12.486,12.977,13.475,13.814,13.975,14.09,14.112,14.079,13.972,13.8,13.578,13.39,13.122,12.843,12.627,12.355,12.117,11.971,11.819,11.712,11.643,11.618,11.602,11.569,11.522,11.414,11.249,11.027,10.832,10.551,10.257,10.04,9.7602,9.4656,9.1996,8.7261,8.0613,7.1417,6.2495,4.7398,2.7759,0.9893,-1.4484,-2.6077,-1.9386,-0.057025,1.8273,3.3698,4.2686,5.1664,5.7793,6.0917,6.3049,6.3219,6.1456,5.8868,5.4068,4.8321,4.3948,3.9418,3.801,3.966,4.5208,5.3502,6.294,7.025,7.979,8.8855,9.526,10.323,11.043,11.523,12.068,12.476,12.727,12.798,12.712,12.397,11.997,11.222,10.166,8.8334,7.6767,6.063,4.6642,3.9696,3.6115,3.6713,3.7441,3.6691,3.2871,2.5493,1.7902,0.59813,-0.55479,-1.1213,-1.0301,0.10052,1.3095,3.0652,4.7455,6.2485,7.2435,8.3826,9.2876,9.8207,10.328,10.586,10.585
0.60672,-0.97578,-1.5461,-0.67571,0.19052,1.1542,1.7443,1.9516,1.9865,1.7791,1.3443,0.87876,-0.0041091,-1.2445,-2.4472,-4.4636,-7.0617,-9.118,-10.2,-8.2951,-5.6467,-3.9144,-2.0877,-0.70999,0.10776,0.97533,1.6337,2.0582,2.4889,2.7965,3.0264,3.1245,3.1856,3.1889,3.1252,3.0442,3.0151,3.0352,3.1258,3.4103,3.8165,4.1882,4.7381,5.3022,5.6858,6.1027,6.4166,6.6626,6.8059,6.9801,7.153,7.2657,7.4132,7.4842,7.4569,7.337,7.1416,6.8967,6.7599,6.7134,6.8436,7.0485,7.3774,7.6299,7.7261,7.6794,7.4117,6.9145,6.3885,5.5007,4.5155,3.7952,3.0341,2.7549,3.1314,3.6965,4.5834,5.4309,5.9826,6.5786,7.0788,7.4549,8.0244,8.7756,9.7041,10.48,11.551,12.566,13.254,14.036,14.656,15.11,15.348,15.547,15.629,15.633,15.567,15.441,15.32,15.112,14.859,14.567,14.304,13.891,13.414,13.007,12.416,11.8,11.357,10.85,10.509,10.359,10.354,10.423,10.468,10.426,10.205,9.7461,9.0314,8.3394,7.3355,6.5167,6.2359,6.4622,7.1285,7.6834,8.2974,8.6427,8.6882,8.542,8.1345,7.5712,7.0934,6.4774,5.9848,5.7361,5.5801,5.5661,5.6526,5.7501,5.9123,6.0643,6.1196,6.0915,5.8839,5.4027,4.8064,3.5879,1.6597,-0.40807,-4.6502,-10.103,-7.4595,-1.7935,1.862,4.3409,5.7521,7.2408,8.4414,9.2168,10.144,10.992,11.583,12.278,12.846,13.249,13.416,13.422,13.137,12.702,11.768,10.333,8.2381,6.0446,1.752,-6.0239,-10.71,-2.3054,1.6823,3.232,4.2123,4.314,3.6506,2.6126,0.36746,-3.258,-7.2081,-8.2168,-2.4665,0.74626,3.8638,6.1405,7.9204,9.0132,10.215,11.188,11.784,12.4,12.834,13.081
6.0149,5.1591,4.1163,3.1593,2.4692,1.544,0.56482,-0.13336,-0.90786,-1.415,-1.7137,-1.9008,-2.3175,-2.9849,-3.7248,-5.2101,-7.2948,-8.8181,-9.6311,-8.4834,-6.649,-5.3936,-4.0446,-3.1024,-2.5188,-1.7106,-0.85489,-0.19717,0.64686,1.3929,2.0388,2.4784,2.9548,3.3385,3.6051,4.0134,4.4708,4.957,5.3521,5.9472,6.5968,7.0884,7.7061,8.295,8.7153,9.2132,9.5935,9.8718,10.023,10.117,10.056,9.8894,9.5045,8.8656,8.16,6.8259,4.8909,2.1578,-0.43887,-2.859,-0.75207,1.6878,4.2247,5.9356,7.0105,7.4975,7.8108,7.848,7.7433,7.5188,7.2708,7.112,7.0056,7.0921,7.3602,7.6691,8.1969,8.8061,9.3007,9.9703,10.611,11.092,11.735,12.357,12.961,13.386,13.899,14.317,14.553,14.743,14.784,14.666,14.475,14.094,13.609,13.225,12.729,12.311,12.068,11.844,11.69,11.513,11.307,10.882,10.23,9.5672,8.3742,6.7437,5.2038,2.8558,1.1321,1.6667,3.1157,5.0497,6.4559,7.0989,7.414,7.0666,5.9642,4.4931,1.2299,-5.2383,-13.882,-2.8208,2.6297,4.9778,7.0097,8.2414,8.9052,9.102,9.0456,8.716,8.3122,7.5713,6.6257,5.8182,4.678,3.4744,2.3665,1.7893,1.5672,1.9525,2.415,3.0681,3.5814,3.7594,3.6975,3.2871,2.4821,1.7126,0.65662,0.12361,0.32544,1.2891,2.5,3.4942,4.0445,4.5073,4.8056,5.063,5.6467,6.6351,7.5882,8.9498,10.235,11.316,11.949,12.54,12.82,12.827,12.569,12.013,11.204,10.478,9.4656,8.6241,8.2229,8.0242,8.0882,8.1553,8.1216,7.88,7.4387,6.9827,6.2656,5.5952,5.2352,5.0872,5.3962,5.835,6.5791,7.3963,8.2183,8.8387,9.6201,10.381,10.925,11.592,12.197,12.722
7.7013,6.8849,5.6269,4.1157,2.7286,0.37254,-2.843,-6.2254,-12.677,-12.384,-7.2862,-4.9323,-3.001,-1.9172,-1.5638,-1.4618,-1.5905,-1.7941,-2.1437,-2.638,-3.2214,-3.8644,-5.1707,-7.0358,-8.507,-9.0411,-6.8863,-4.8589,-2.5837,-0.89967,0.15949,0.66702,1.0232,1.1604,1.2627,1.5804,2.1819,3.1742,4.0846,5.3207,6.5406,7.3918,8.4332,9.3204,9.8931,10.561,11.117,11.547,11.784,11.981,12.026,11.95,11.655,11.114,10.524,9.4111,7.9136,6.1,4.7606,3.8221,4.4091,5.4666,6.8476,7.8776,8.4885,8.6666,8.5922,8.2078,7.7753,7.097,6.4058,6.0331,5.8732,6.168,6.7771,7.3625,8.2416,9.1359,9.7893,10.655,11.481,12.062,12.783,13.424,13.971,14.31,14.637,14.806,14.808,14.62,14.181,13.455,12.705,11.379,9.6525,8.1031,5.9406,4.4086,4.262,5.1928,6.3917,7.2657,7.673,7.8534,7.6142,7.1904,6.2441,4.8287,3.3971,1.0577,-0.71702,0.26656,2.2369,4.7205,6.602,7.5984,8.4508,8.8082,8.7723,8.5588,8.1312,7.815,7.8021,8.1758,8.8544,9.4281,10.106,10.566,10.771,10.743,10.451,9.8622,9.2184,8.0867,6.565,5.1112,2.6091,-0.85212,-6.3734,-14.987,-13.886,-5.3892,-2.2896,0.37332,2.1182,3.3523,4.0149,4.6472,5.0622,5.2307,5.3758,5.4631,5.4924,5.4419,5.2113,4.6942,3.9748,2.3758,-0.48132,-4.2912,-14.114,-4.1938,0.83093,5.0073,7.8443,9.9177,11.115,12.349,13.239,13.705,14.107,14.284,14.279,14.183,13.962,13.69,13.46,13.136,12.778,12.48,12.034,11.506,10.913,10.433,9.7705,9.0855,8.5952,7.9691,7.4047,7.0224,6.5624,6.2206,6.0553,6.0954,6.4507,7.14,7.8214,8.8613,9.9262,10.924
5.7198,5.3321,4.6046,3.6023,2.6473,1.1349,-0.60846,-1.9396,-3.3187,-3.6564,-3.0401,-2.3173,-1.3472,-0.60366,-0.23841,0.094348,0.2387,0.1802,-0.081567,-0.57124,-1.3984,-2.3085,-3.9487,-5.9451,-7.5059,-8.2741,-6.7823,-5.2017,-3.4281,-2.2759,-1.7721,-1.9184,-2.7963,-4.6359,-7.033,-12.26,-11.84,-5.6831,-2.3977,0.73701,2.9763,4.2509,5.6086,6.6835,7.3426,8.0705,8.7274,9.3355,9.7578,10.277,10.736,11.019,11.274,11.381,11.365,11.233,10.999,10.712,10.508,10.288,10.146,10.074,9.9628,9.7292,9.2785,8.7519,7.7305,6.2446,4.7469,2.0406,-1.7837,-5.5243,-7.5619,-3.4795,-0.104,1.6921,3.4541,4.8059,5.6833,6.7382,7.7867,8.5552,9.5328,10.421,11.172,11.626,12.055,12.266,12.266,12.037,11.506,10.628,9.7004,8.045,5.7335,3.4247,-0.53741,-4.2497,-3.7142,-0.6679,1.5134,2.754,3.2548,3.5565,3.5993,3.5444,3.5172,3.6022,3.7482,4.0686,4.5944,5.3732,6.0471,7.0087,7.948,8.57,9.2428,9.7511,10.097,10.27,10.412,10.516,10.596,10.695,10.78,10.837,10.861,10.772,10.545,10.272,9.7494,8.9958,8.2833,7.1318,5.7267,4.4776,2.6052,0.64746,-1.2443,-2.3762,-3.1061,-2.9185,-2.3884,-1.3259,-0.13146,1.1772,2.1039,3.2136,4.1801,4.7794,5.4117,5.8209,5.9949,6.0363,5.8221,5.352,4.8249,3.9239,2.9,2.2454,1.9185,2.4868,3.3985,4.923,6.5389,8.0645,9.1215,10.389,11.479,12.168,12.911,13.454,13.795,13.932,13.972,13.846,13.657,13.286,12.781,12.323,11.622,10.821,9.9166,9.1953,8.1864,7.1314,6.3052,5.1402,3.8284,2.7237,0.98467,-1.1929,-3.9511,-6.1233,-6.7221,-3.8925,-1.4228,1.3982,3.6615,5.4733
1.6315,2.0962,2.3482,2.2267,1.9623,1.4207,0.72456,0.20363,-0.44987,-0.94799,-1.2548,-1.3305,-1.2639,-1.0883,-0.85412,-0.50158,-0.2133,-0.040503,0.094014,0.10893,-0.048682,-0.22786,-0.53117,-0.89174,-1.0967,-1.2358,-1.2263,-1.1861,-1.1051,-1.1912,-1.4676,-1.8506,-2.6285,-3.7205,-4.6023,-5.2983,-5.1467,-3.8992,-2.6978,-1.194,0.077086,0.79734,1.4478,1.8047,1.9644,2.1224,2.384,2.9899,3.7101,4.9147,6.1974,7.1075,8.1944,9.0845,9.6112,10.158,10.527,10.74,10.812,10.795,10.669,10.482,10.116,9.5831,8.8365,8.12,6.9114,5.3898,4.0029,1.8813,-0.443,-1.9993,-3.0782,-2.9491,-2.4662,-2.1866,-2.1422,-2.3255,-2.3296,-1.717,-0.2573,1.1547,3.0349,4.6719,5.9984,6.766,7.5222,7.9839,8.1531,8.1517,7.9157,7.4441,6.9396,6.1054,5.1279,4.3335,3.2967,2.4294,1.9286,1.4078,0.80868,0.024272,-0.85655,-2.4983,-4.4821,-5.7196,-5.4427,-3.2327,-1.3785,0.80913,2.5632,3.9727,4.8622,5.8721,6.7031,7.2118,7.7573,8.1754,8.4756,8.6256,8.7708,8.8316,8.8369,8.7984,8.7204,8.6156,8.4145,8.149,7.787,7.4449,6.8899,6.2128,5.606,4.632,3.5032,2.5401,1.0624,-0.6369,-2.5434,-4.12,-6.5854,-9.2031,-10.608,-9.9272,-7.0848,-4.2099,-2.3583,-0.30237,1.2875,2.2682,3.306,4.0489,4.4367,4.7427,4.8271,4.6856,4.4612,4.0108,3.4318,2.9546,2.3303,1.7887,1.5101,1.514,2.1163,3.2982,4.4325,6.0328,7.5201,8.5074,9.5966,10.42,10.982,11.236,11.361,11.244,11.012,10.509,9.8007,9.1295,8.0581,6.813,5.4101,4.2754,2.7403,1.252,0.20333,-1.0433,-2.2718,-3.2405,-4.7351,-6.639,-8.8682,-10.487,-11.052,-9.3264,-7.5125,-5.1675,-3.1286,-1.3168
0.61511,1.2612,1.7542,1.8403,1.6844,1.1937,0.43646,-0.26924,-1.4041,-2.6769,-3.9347,-4.6564,-5.0544,-4.6131,-3.8736,-2.7118,-1.6505,-0.93393,-0.16029,0.41613,0.81221,1.0317,1.1988,1.2342,1.2349,1.1527,1.0226,0.88706,0.66824,0.34433,-0.054984,-0.3723,-0.81856,-1.2282,-1.4579,-1.6271,-1.6845,-1.5077,-1.2909,-1.042,-0.92279,-0.96637,-1.3466,-2.2923,-3.4921,-6.104,-10.892,-12.886,-7.6079,-2.2351,1.3595,3.3497,5.4258,7.0215,7.9611,8.9354,9.6366,10.11,10.334,10.472,10.443,10.307,9.983,9.4966,8.8557,8.2757,7.3707,6.3383,5.493,4.3063,3.1015,2.2378,1.1106,-0.033666,-1.284,-2.4605,-4.654,-8.2116,-12.574,-16.66,-8.7255,-4.9085,-1.5215,0.74561,2.3176,3.153,3.9367,4.4136,4.616,4.7136,4.6832,4.5634,4.4222,4.1794,3.9154,3.6724,3.2888,2.8526,2.4632,1.8138,0.98357,-0.1134,-1.2508,-3.2745,-5.7976,-7.4979,-7.2974,-4.522,-2.4101,-0.082367,1.7231,3.05,3.826,4.6223,5.1761,5.4651,5.7267,5.8603,5.9009,5.8873,5.8478,5.758,5.6585,5.4954,5.3013,5.1054,4.7983,4.4637,4.106,3.8175,3.4077,2.9969,2.6437,2.0571,1.3595,0.74063,-0.32906,-1.6582,-3.2646,-4.7461,-7.1777,-9.7769,-11.236,-10.748,-8.3296,-5.6753,-3.9612,-1.9241,-0.26433,0.79264,1.9424,2.8688,3.3944,3.8902,4.1584,4.1735,4.0223,3.5657,2.8163,1.9926,0.44617,-1.8775,-4.5209,-10.965,-16.248,-5.7816,-1.7129,1.8728,4.3658,5.7653,7.1796,8.1672,8.8053,9.0736,9.1662,8.9815,8.6579,7.9835,7.028,6.0992,4.5613,2.6473,0.29936,-1.8325,-5.172,-8.6853,-10.466,-10.39,-9.1722,-8.5349,-8.1,-8.2247,-8.646,-9.1683,-9.8258,-10.483,-10.885,-10.963,-10.356,-8.674
2.1709,2.4037,2.5047,2.3612,2.0606,1.3937,0.37068,-0.6938,-2.5795,-5.2692,-9.4237,-14.827,-29.12,-12.857,-8.6494,-5.3476,-3.1396,-1.9184,-0.68051,0.22441,0.90809,1.2735,1.6101,1.8181,1.8706,1.8092,1.6054,1.3682,0.91494,0.36418,-0.30638,-0.85402,-1.576,-2.1794,-2.5199,-2.7845,-2.7136,-2.4917,-2.2771,-1.9752,-1.8147,-1.8176,-2.0094,-2.4578,-3.0029,-3.8198,-4.3637,-3.9875,-2.8847,-0.78038,1.3855,2.8863,4.6383,6.0669,6.9599,7.9185,8.6354,9.1404,9.3832,9.5443,9.5223,9.4059,9.1143,8.6838,8.1336,7.6492,6.929,6.1314,5.5056,4.636,3.7655,3.1014,2.2094,1.3248,0.41617,-0.29172,-1.2092,-2.0208,-2.4049,-2.4459,-1.9959,-1.4313,-0.5978,0.16035,0.66977,0.89422,0.95155,0.77131,0.53412,0.18797,-0.069504,-0.07958,0.095342,0.47516,0.90849,1.2219,1.5658,1.7661,1.8189,1.7662,1.5914,1.2727,1.0207,0.65944,0.38876,0.32555,0.50168,0.91935,1.3569,1.9867,2.5348,2.9683,3.1779,3.2806,3.177,2.9915,2.6143,2.1373,1.6526,1.3353,0.98332,0.77113,0.65722,0.49279,0.21319,-0.067051,-0.55525,-1.1625,-1.7241,-2.0049,-2.1106,-1.941,-1.6951,-1.3554,-1.197,-1.2224,-1.4376,-1.9082,-2.6306,-3.2424,-4.1056,-4.934,-5.3868,-5.6875,-5.4795,-4.8249,-4.0935,-2.923,-1.6044,-0.60582,0.6221,1.7035,2.3855,3.0938,3.5612,3.7922,3.8079,3.6239,3.1978,2.722,1.8769,0.86785,0.08545,-0.67473,-0.62983,0.33062,1.4264,2.9796,4.3945,5.297,6.2571,6.9436,7.3505,7.4793,7.424,7.1146,6.7073,5.9319,4.8687,3.8935,2.2998,0.33621,-2.0525,-4.1936,-7.6012,-11.222,-12.873,-12.082,-10.468,-9.5458,-8.8506,-8.6845,-9.0249,-9.6074,-10.957,-13.173,-15.751,-21.657,-25.232,-17.047
2.6861,2.8212,2.8525,2.7025,2.4534,1.9325,1.1567,0.4099,-0.78093,-2.1518,-3.5325,-4.391,-5.0267,-4.8904,-4.4211,-3.6478,-2.7955,-2.1872,-1.4473,-0.77226,-0.17377,0.20026,0.60386,0.88635,0.96971,0.94477,0.69988,0.35706,-0.34143,-1.3112,-2.6332,-3.8934,-5.9135,-8.2165,-9.6785,-10.087,-8.6383,-6.8657,-5.7352,-4.5285,-3.6624,-3.214,-2.8036,-2.4952,-2.3103,-2.0236,-1.5592,-0.89343,-0.23656,0.79816,1.9313,2.7956,3.9189,4.9207,5.5713,6.2928,6.8443,7.2099,7.3645,7.4128,7.2859,7.0945,6.7123,6.201,5.5796,5.0552,4.3088,3.5324,2.9586,2.2203,1.5332,1.057,0.51487,0.050081,-0.34356,-0.56396,-0.77242,-0.8817,-0.92236,-0.86551,-0.75515,-0.66821,-0.59713,-0.66779,-0.95478,-1.367,-2.2816,-3.7268,-5.2672,-8.0562,-11.266,-11.55,-9.2737,-6.1889,-3.9506,-2.7185,-1.5059,-0.67778,-0.22403,0.21635,0.51436,0.72679,0.89181,1.103,1.309,1.4739,1.7065,1.9114,2.0509,2.1729,2.1487,1.9654,1.682,1.0741,0.18146,-0.71691,-2.2541,-4.1671,-6.2973,-7.665,-8.4067,-7.7219,-6.8993,-6.0763,-5.8259,-6.0307,-6.9993,-8.9738,-12.317,-15.533,-15.255,-10.681,-8.0411,-5.5617,-4.0125,-3.3078,-2.773,-2.695,-2.9927,-3.418,-4.2647,-5.4683,-6.5774,-8.3615,-10.176,-11.085,-10.26,-7.8705,-5.3237,-3.6297,-1.7186,-0.19822,0.71118,1.6639,2.3421,2.7934,2.9886,3.1054,3.0641,2.9683,2.7832,2.5891,2.4818,2.4639,2.6033,2.9238,3.263,3.7965,4.341,4.721,5.1357,5.4188,5.5295,5.4895,5.2577,4.8082,4.3369,3.5314,2.5304,1.6813,0.41643,-0.96969,-2.3842,-3.4209,-4.7329,-5.7961,-6.3856,-6.8533,-7.0989,-7.1657,-7.3253,-7.5638,-7.9962,-8.3849,-9.1189,-9.9348,-10.561,-11.128,-11.305,-10.912
2.3553,2.6159,2.8433,2.9064,2.8434,2.6056,2.214,1.8248,1.1866,0.45169,-0.33234,-0.92396,-1.6742,-2.3627,-2.849,-3.3674,-3.7389,-3.8677,-3.7446,-3.2684,-2.5719,-1.9714,-1.2113,-0.62326,-0.3078,-0.091048,-0.13916,-0.36803,-0.94777,-1.9334,-3.3385,-4.7609,-7.3232,-10.805,-13.716,-14.459,-11.172,-8.4791,-7.0014,-5.7069,-4.9319,-4.5958,-4.3819,-4.3096,-4.1972,-3.923,-3.3964,-2.5609,-1.7886,-0.66812,0.4849,1.3206,2.3156,3.1891,3.7372,4.312,4.7023,4.8936,4.9153,4.7796,4.4679,4.106,3.4794,2.6919,1.7677,1.0083,-0.06876,-1.1498,-1.9274,-2.8267,-3.5292,-3.8673,-4.0934,-4.1008,-3.9091,-3.6721,-3.2946,-2.849,-2.5257,-2.1297,-1.7836,-1.5786,-1.4326,-1.4882,-1.7815,-2.2109,-3.1013,-4.4235,-5.7467,-7.8765,-9.8396,-10.072,-8.9007,-6.9535,-5.2975,-4.36,-3.5143,-2.9743,-2.7065,-2.4191,-2.1255,-1.6885,-1.3201,-0.74123,-0.12679,0.30781,0.80253,1.1867,1.3616,1.4268,1.2991,0.91747,0.44619,-0.44205,-1.6982,-2.9353,-5.0803,-7.9885,-12.082,-15.873,-17.389,-13.292,-10.95,-8.9777,-7.912,-7.6579,-7.911,-8.678,-9.7998,-10.351,-9.9239,-8.2498,-6.7244,-4.9705,-3.6545,-2.9371,-2.3904,-2.2243,-2.4065,-2.8131,-3.6728,-4.957,-6.2854,-8.6731,-11.863,-14.197,-12.98,-9.4797,-6.3557,-4.5233,-2.5872,-1.1269,-0.27452,0.59316,1.2124,1.6151,1.7956,1.8966,1.8794,1.8117,1.6978,1.5855,1.5393,1.5495,1.6565,1.8785,2.0999,2.4447,2.8031,3.0495,3.3122,3.4507,3.4413,3.3156,2.9698,2.4016,1.8354,0.89131,-0.23756,-1.1972,-2.5056,-3.7762,-4.8682,-5.481,-6.0113,-6.2965,-6.4032,-6.4985,-6.5193,-6.5514,-6.6564,-6.855,-7.1438,-7.4062,-7.7504,-8.09,-8.3218,-8.6193,-8.8114,-8.9139
1.6079,2.0822,2.5792,2.9099,3.0556,3.1017,2.995,2.8079,2.409,1.8434,1.0994,0.41009,-0.70827,-2.1353,-3.4642,-5.6677,-8.6022,-11.082,-12.516,-9.9344,-6.8397,-4.9897,-3.1048,-1.7836,-1.047,-0.40536,-0.073088,-0.00012625,-0.12244,-0.51399,-1.1031,-1.6574,-2.4804,-3.2591,-3.7302,-4.0806,-4.1225,-4.0858,-4.0512,-4.1713,-4.6199,-5.2093,-6.3894,-8.1043,-9.5871,-11.053,-10.375,-7.9302,-5.9884,-3.7394,-1.9178,-0.78877,0.41013,1.3247,1.8505,2.3407,2.5943,2.6272,2.5106,2.1612,1.5965,1.0083,0.022751,-1.2012,-2.679,-3.9604,-5.8845,-8.0246,-9.6733,-11.657,-12.842,-12.997,-12.483,-11.454,-10.175,-9.2027,-7.8976,-6.6241,-5.6677,-4.5362,-3.5598,-2.9517,-2.3147,-1.8789,-1.6618,-1.6464,-1.7859,-2.0947,-2.4019,-2.8303,-3.1898,-3.4224,-3.4825,-3.5146,-3.631,-3.818,-4.3294,-5.163,-6.012,-7.2565,-8.0139,-7.4494,-6.3063,-4.4573,-2.733,-1.6499,-0.52323,0.27929,0.66332,0.9009,0.8767,0.56258,0.1605,-0.60738,-1.6389,-2.5295,-3.8672,-5.2564,-6.4919,-7.1526,-7.6402,-7.527,-7.1891,-6.5854,-5.9295,-5.5219,-5.0484,-4.6444,-4.2687,-3.9578,-3.4075,-2.7722,-2.2371,-1.5567,-0.98736,-0.64536,-0.36485,-0.28931,-0.42316,-0.67901,-1.1696,-1.8149,-2.3618,-3.093,-3.6667,-3.9541,-3.868,-3.4452,-2.7602,-2.1812,-1.4227,-0.77049,-0.35353,0.060954,0.30803,0.37053,0.3117,0.077604,-0.29263,-0.64892,-1.1662,-1.6585,-1.9467,-2.1606,-2.0823,-1.7238,-1.3254,-0.70332,-0.050936,0.39766,0.90552,1.2398,1.3699,1.3088,0.99979,0.40444,-0.26583,-1.4936,-3.1527,-4.7273,-7.2799,-10.243,-12.686,-12.919,-11.42,-9.6822,-8.6522,-7.7265,-7.1786,-7.0105,-6.9611,-7.1132,-7.3817,-7.6652,-8.0279,-8.3767,-8.5543,-8.7366,-8.8077,-8.8887
-0.097811,0.57958,1.3399,1.9495,2.308,2.6558,2.8294,2.8401,2.7004,2.3623,1.8062,1.2306,0.21727,-1.1098,-2.3546,-4.4402,-6.8932,-8.7137,-9.754,-8.3428,-6.1433,-4.6569,-3.0942,-1.8936,-1.196,-0.49621,-0.006629,0.24346,0.43401,0.52248,0.47693,0.388,0.21571,-0.0029276,-0.1769,-0.43158,-0.76717,-1.1285,-1.5231,-2.2139,-3.1995,-4.1975,-5.9471,-8.3992,-10.771,-13.72,-13.062,-9.7383,-7.5203,-5.206,-3.4709,-2.4923,-1.4565,-0.71311,-0.33194,-0.026606,0.05465,-0.075052,-0.32539,-0.86428,-1.6634,-2.4083,-3.6711,-5.2362,-7.1778,-8.914,-11.724,-15.352,-19.036,-26.593,-42.933,-29.173,-24.251,-21.767,-19.438,-17.534,-14.641,-11.864,-10.022,-7.8441,-6.0361,-4.9164,-3.6863,-2.7187,-1.9915,-1.5772,-1.1916,-0.96912,-0.89084,-0.8919,-0.98678,-1.1708,-1.3893,-1.7859,-2.3952,-3.0423,-4.2196,-5.9626,-7.8301,-11.568,-17.34,-15.373,-11.005,-6.8542,-4.1389,-2.6617,-1.2205,-0.26868,0.19417,0.5224,0.51377,0.2225,-0.17138,-0.93846,-1.9275,-2.8036,-4.1003,-5.4253,-6.6229,-7.2836,-7.6365,-7.4588,-7.0153,-6.1502,-5.2221,-4.5039,-3.5849,-2.7754,-2.021,-1.5149,-0.89201,-0.30758,0.071288,0.51067,0.86456,1.036,1.1726,1.1735,1.0247,0.84821,0.49214,0.050416,-0.30823,-0.78338,-1.2202,-1.5927,-1.7904,-1.9008,-1.8879,-1.8159,-1.6648,-1.4988,-1.3941,-1.3238,-1.3975,-1.6572,-2.0049,-2.6954,-3.6841,-4.6529,-6.2835,-8.2355,-9.7828,-11.275,-11.098,-9.5117,-8.0376,-6.1497,-4.5284,-3.4877,-2.3564,-1.4944,-0.93568,-0.72032,-0.72472,-1.07,-1.5893,-2.6385,-4.1562,-5.6777,-8.3614,-11.748,-14.863,-14.757,-12.343,-10.143,-9.0027,-8.0052,-7.5603,-7.5314,-7.8205,-8.4528,-9.3484,-10.146,-11.262,-12.094,-12.358,-12.12,-11.521,-10.929
-2.7846,-1.9872,-0.97027,-0.02517,0.60406,1.3201,1.8654,2.1589,2.3832,2.4106,2.2415,1.987,1.4844,0.81481,0.21764,-0.6261,-1.4541,-1.9766,-2.443,-2.6365,-2.5838,-2.4381,-2.171,-1.8514,-1.6132,-1.2519,-0.86277,-0.57061,-0.18729,0.17545,0.49475,0.69554,0.90353,1.0326,1.0752,1.0411,0.90862,0.64395,0.34678,-0.19843,-0.89439,-1.5348,-2.4934,-3.4849,-4.1975,-4.8884,-5.2093,-5.1507,-4.9346,-4.5108,-4.0372,-3.698,-3.3049,-2.9965,-2.853,-2.7942,-2.8896,-3.1775,-3.5195,-4.1551,-5.0054,-5.7928,-7.0621,-8.6268,-10.444,-11.996,-14.313,-16.815,-18.759,-21.27,-23.183,-24.708,-26.887,-31.686,-38.619,-27.98,-20.511,-15.805,-13.059,-10.256,-8.0175,-6.6267,-5.0647,-3.8137,-2.8043,-2.1827,-1.5261,-1.0324,-0.76048,-0.52065,-0.41765,-0.44169,-0.55814,-0.84141,-1.2542,-1.6683,-2.3494,-3.1399,-3.7447,-4.4584,-4.7982,-4.5843,-4.0911,-3.1511,-2.1142,-1.3973,-0.59032,-0.0044994,0.28349,0.45366,0.35328,-0.015287,-0.49485,-1.3869,-2.6184,-3.8187,-5.8147,-8.4768,-12.057,-15.4,-17.46,-13.905,-11.127,-8.3203,-6.2323,-4.9815,-3.6131,-2.4906,-1.5524,-0.92402,-0.21662,0.38086,0.75507,1.1566,1.4435,1.5773,1.6331,1.5513,1.3363,1.0885,0.64067,0.073582,-0.42951,-1.1744,-1.9801,-2.7451,-3.3071,-3.931,-4.3385,-4.4622,-4.4097,-4.169,-3.9761,-3.7778,-3.7381,-3.9308,-4.2886,-5.0903,-6.357,-7.6454,-10.003,-13.33,-16.711,-22.372,-21.454,-16.993,-14.353,-11.481,-8.9957,-7.3573,-5.4967,-4.0008,-2.875,-2.2718,-1.7836,-1.654,-1.7516,-2.1444,-2.7942,-3.4173,-4.343,-5.212,-5.8856,-6.1924,-6.3512,-6.3314,-6.3239,-6.4025,-6.6945,-7.0678,-7.9416,-9.2855,-11.302,-13.432,-17.73,-26.352,-29.642,-19.743,-15.51,-13.115
-6.9225,-5.8009,-4.095,-2.4234,-1.2986,-0.017849,1.02,1.6529,2.2806,2.6906,2.8979,2.9327,2.8264,2.5541,2.2698,1.7868,1.1908,0.70496,0.012744,-0.73217,-1.5194,-2.1346,-2.8865,-3.4926,-3.7666,-3.7583,-3.3487,-2.843,-2.0218,-1.2169,-0.42437,0.12047,0.76539,1.3184,1.6512,1.9849,2.2077,2.2259,2.1566,1.8979,1.4704,1.0378,0.31484,-0.49954,-1.1926,-2.1641,-3.1372,-4.0893,-4.7206,-5.3759,-5.7729,-5.8312,-5.761,-5.641,-5.5644,-5.5835,-5.7625,-6.1231,-6.4686,-7.0558,-7.7928,-8.5083,-9.6198,-11.032,-12.722,-14.195,-16.261,-18.143,-19.244,-20.172,-20.615,-20.754,-20.528,-20.116,-18.934,-17.749,-15.633,-13.458,-11.828,-9.8483,-8.1377,-6.99,-5.6159,-4.4305,-3.3937,-2.7228,-1.9505,-1.3064,-0.91041,-0.48922,-0.20551,-0.05701,-0.017787,-0.098181,-0.26325,-0.44437,-0.74933,-1.0564,-1.2515,-1.4315,-1.4485,-1.3547,-1.123,-0.73252,-0.27172,0.082284,0.51221,0.85638,1.0262,1.0876,0.98095,0.64263,0.22754,-0.54741,-1.6406,-2.6654,-4.3443,-6.4298,-8.82,-10.502,-11.284,-10.181,-8.7615,-6.9557,-5.4057,-4.3958,-3.2907,-2.2988,-1.4369,-0.84375,-0.12043,0.48865,0.89226,1.3239,1.6074,1.7473,1.7856,1.6567,1.3718,1.0131,0.39981,-0.42361,-1.1929,-2.4397,-3.9556,-5.7744,-7.3222,-9.5267,-11.145,-11.277,-10.12,-8.411,-7.2844,-6.1108,-5.3433,-4.9773,-4.9734,-5.3226,-6.0947,-6.9384,-8.415,-10.256,-11.852,-14.137,-16.574,-19.191,-19.829,-16.763,-12.433,-9.7357,-6.8535,-4.7127,-3.1392,-2.2627,-1.4336,-0.96199,-0.78507,-0.78583,-1.0022,-1.2466,-1.6556,-2.1299,-2.595,-2.9365,-3.3315,-3.6954,-3.9397,-4.3324,-4.7997,-5.2177,-5.9727,-6.9617,-8.2476,-9.344,-10.865,-12.076,-12.367,-11.881,-10.993,-10.121
-17.31,-11.7,-7.2817,-4.3364,-2.6591,-0.88582,0.51305,1.3624,2.2742,2.9663,3.4562,3.6944,3.839,3.7986,3.6509,3.2789,2.7204,2.1537,1.1737,-0.093439,-1.7391,-3.3082,-5.978,-9.4926,-12.133,-12.55,-9.609,-7.504,-5.3198,-3.6713,-2.3157,-1.3951,-0.22963,0.86364,1.6048,2.4665,3.1284,3.5781,3.7621,3.7992,3.5718,3.246,2.5713,1.6101,0.69517,-0.87421,-2.8685,-5.4122,-7.7239,-11.027,-12.68,-11.88,-10.091,-8.8772,-8.4448,-8.4193,-8.8909,-9.5814,-10.076,-10.515,-10.729,-10.876,-11.32,-12.224,-13.877,-15.702,-19.338,-25.61,-32.554,-25.771,-20.842,-18.425,-16.414,-14.943,-13.681,-12.928,-11.836,-10.71,-9.9922,-9.0056,-8.0242,-7.2684,-6.3382,-5.4098,-4.4952,-3.8449,-2.9857,-2.1841,-1.6392,-1.0227,-0.54014,-0.22495,-0.086784,-0.04703,-0.18032,-0.352,-0.65718,-0.99313,-1.2299,-1.4413,-1.4921,-1.3472,-1.1024,-0.65204,-0.12223,0.2876,0.80661,1.2468,1.4969,1.6933,1.7394,1.6125,1.4168,0.98108,0.38361,-0.16312,-1.0161,-1.9058,-2.7588,-3.3344,-3.8777,-4.1699,-4.2402,-4.1991,-4.0644,-3.8911,-3.5513,-3.0247,-2.3367,-1.7761,-0.97252,-0.20397,0.31355,0.89039,1.2995,1.4969,1.6058,1.5255,1.2386,0.87166,0.18771,-0.75863,-1.6351,-3.0977,-4.9617,-7.394,-9.6688,-13.833,-19.238,-19.215,-14.145,-10.516,-8.5621,-6.6555,-5.3208,-4.4623,-4.0642,-3.8471,-3.9593,-4.2855,-4.9681,-5.9936,-6.97,-8.5826,-10.605,-12.538,-13.114,-11.53,-8.6514,-6.6434,-4.4265,-2.703,-1.4078,-0.6823,-0.0057784,0.42391,0.56765,0.58139,0.40338,0.1697,-0.26895,-0.82915,-1.4322,-1.8975,-2.467,-2.9324,-3.1549,-3.3729,-3.4643,-3.5462,-3.6251,-3.7774,-4.0533,-4.3103,-4.6899,-5.0015,-5.2215,-5.4224,-5.5668,-5.7345
-7.7642,-6.9332,-5.4633,-4.0127,-2.9709,-1.677,-0.45684,0.36471,1.3833,2.2622,2.9709,3.3789,3.7583,3.9452,3.9333,3.7455,3.3376,2.8639,1.9891,0.78707,-0.79142,-2.2959,-4.8051,-7.7385,-9.76,-10.533,-9.3411,-8.2946,-7.4801,-6.9858,-6.3612,-5.4265,-3.5096,-1.3348,0.19873,1.9564,3.2821,4.2875,4.7782,5.1442,5.1871,5.0049,4.4885,3.6019,2.716,1.1499,-0.92624,-3.6287,-6.1513,-9.8533,-11.845,-10.933,-9.348,-8.4173,-8.4581,-9.4484,-11.665,-15.844,-20.991,-21.207,-15.48,-12.942,-11.227,-10.655,-10.902,-11.551,-12.83,-14.123,-14.598,-14.309,-13.314,-12.417,-11.5,-10.845,-10.58,-10.461,-10.489,-10.651,-10.651,-10.596,-10.285,-9.9712,-9.4168,-8.7879,-8.0487,-7.3418,-6.2059,-4.9746,-4.0574,-2.967,-2.113,-1.5246,-1.315,-1.2698,-1.5563,-1.9739,-2.7535,-3.7746,-4.6168,-5.6071,-6.1106,-5.6852,-5.0306,-3.8377,-2.5861,-1.723,-0.72572,0.072356,0.53935,1.0414,1.3261,1.4664,1.4655,1.349,1.127,0.87432,0.46139,-0.042997,-0.61103,-1.0787,-1.8291,-2.6535,-3.3977,-4.5444,-5.8968,-7.0064,-8.0458,-8.0919,-6.8904,-5.5906,-3.946,-2.5235,-1.6619,-0.78644,-0.12028,0.18744,0.42038,0.44503,0.23736,-0.018585,-0.62352,-1.4367,-2.2139,-3.4527,-4.9179,-6.4863,-7.625,-8.9693,-9.7735,-9.8269,-9.2463,-8.1542,-7.1444,-5.7836,-4.5358,-3.5002,-2.8684,-2.2318,-1.8251,-1.6581,-1.6198,-1.7437,-1.9135,-2.2187,-2.4734,-2.6172,-2.5331,-2.1882,-1.617,-1.1175,-0.43937,0.14025,0.58874,0.82915,1.0235,1.0791,1.0266,0.85057,0.53331,0.14525,-0.55519,-1.4884,-2.7079,-3.7561,-5.2672,-6.4202,-6.7223,-6.0767,-4.8956,-3.9851,-2.9598,-2.2192,-1.7209,-1.5226,-1.4281,-1.513,-1.6721,-2.0216,-2.4972,-3.1312
-3.7861,-4.2311,-4.7478,-5.076,-5.0395,-4.4303,-3.2867,-2.2231,-0.78761,0.47622,1.5199,2.1515,2.7995,3.2269,3.4208,3.5153,3.4057,3.2209,2.8121,2.2166,1.4383,0.76646,-0.22731,-1.2754,-1.9797,-2.9059,-3.8732,-4.8007,-6.6713,-10.308,-19.566,-18.74,-7.9499,-2.8294,-0.23956,2.267,4.0818,5.3484,6.0262,6.5967,6.8459,6.8217,6.5453,6.0102,5.4316,4.486,3.3372,2.0662,1.1048,-0.069247,-1.0159,-1.5636,-2.1486,-2.7938,-3.4014,-4.5053,-5.9845,-7.6174,-8.5366,-8.7418,-7.7788,-6.8827,-5.8605,-5.2358,-4.9421,-4.9127,-5.0195,-5.2456,-5.4201,-5.6091,-5.7325,-5.9075,-6.2664,-6.854,-7.8219,-8.8083,-10.697,-13.326,-15.401,-17.224,-16.654,-15.732,-15.025,-15.404,-16.383,-16.095,-13.237,-9.6677,-7.4786,-5.2232,-3.6908,-2.7608,-2.4096,-2.4204,-2.8847,-3.6029,-5.1244,-7.4004,-9.8755,-15.264,-27.64,-17.47,-12.49,-8.5657,-6.0255,-4.5874,-3.1172,-2.014,-1.3585,-0.71298,-0.25213,0.028085,0.13245,0.21261,0.19703,0.16514,0.081331,-0.09904,-0.40728,-0.72629,-1.3555,-2.3165,-3.292,-5.1191,-7.7779,-10.739,-17.49,-20.109,-12.523,-9.3274,-6.5135,-4.7271,-3.7844,-2.8548,-2.236,-1.8775,-1.5747,-1.4451,-1.4672,-1.6254,-1.9904,-2.6105,-3.2726,-4.3702,-5.7294,-7.4841,-8.9491,-10.821,-12.126,-12.276,-11.143,-9.2972,-7.8044,-5.9915,-4.4303,-3.0753,-2.2126,-1.2264,-0.42536,0.1053,0.68229,1.1536,1.4264,1.7235,1.9444,2.1018,2.1873,2.2672,2.2623,2.2081,2.0353,1.75,1.3546,1.0199,0.59754,0.21845,0.037534,-0.16041,-0.3841,-0.63761,-1.2239,-2.2143,-3.8686,-5.7064,-9.5334,-17.439,-22.462,-11.476,-6.6217,-4.3041,-2.226,-0.86089,0.014477,0.43045,0.70188,0.65509,0.461,-0.042093,-0.82937,-1.8445
-2.7816,-4.2443,-7.0706,-11.586,-17.242,-16.386,-9.6801,-6.5818,-3.8238,-1.9474,-0.62266,0.1221,0.85971,1.381,1.6985,2.0099,2.2062,2.3197,2.401,2.4235,2.3453,2.2622,2.0682,1.801,1.5596,1.1559,0.67458,0.22227,-0.35657,-0.93056,-1.0211,-0.62038,0.55857,2.1117,3.3249,4.7596,5.9914,6.9041,7.4278,7.9063,8.1372,8.1664,8.0255,7.7302,7.3808,6.8263,6.177,5.4887,4.9726,4.3082,3.7032,3.2706,2.7799,2.2536,1.8839,1.3797,0.87123,0.48326,0.25752,0.10542,0.17482,0.27115,0.43536,0.58668,0.64912,0.64261,0.5626,0.39215,0.20057,-0.1025,-0.51901,-0.95523,-1.6811,-2.6987,-4.0356,-5.4407,-7.75,-11.127,-14.114,-16.948,-15.651,-14.274,-13.552,-14.117,-15.398,-15.588,-12.694,-9.1342,-6.9538,-4.8179,-3.3657,-2.5828,-2.2992,-2.4151,-2.9458,-3.6378,-4.9497,-6.6123,-8.0251,-9.9068,-11.283,-11.112,-10.674,-9.3128,-7.9305,-6.9158,-5.6788,-4.6477,-3.9744,-3.4553,-3.1257,-3.0485,-3.0818,-3.1249,-3.0815,-2.8747,-2.4472,-1.9283,-1.5216,-1.3389,-1.2995,-1.6051,-2.0202,-2.8964,-3.9478,-4.842,-5.8132,-6.3677,-6.3365,-6.1652,-5.9034,-5.7416,-5.7666,-5.7165,-5.736,-5.53,-5.1505,-4.7191,-4.293,-4.1775,-4.0921,-4.3278,-4.7082,-5.5256,-6.7844,-8.6347,-10.589,-14.447,-21.365,-22.862,-15.613,-11.139,-8.8485,-6.6261,-4.9988,-3.675,-2.824,-1.73,-0.65191,0.15857,1.2235,2.1966,2.839,3.5692,4.1017,4.4553,4.5608,4.5064,4.2043,3.7875,2.9443,1.7379,0.11538,-1.3704,-3.4764,-4.9104,-4.9014,-3.8281,-2.6061,-1.8607,-1.3498,-1.3011,-1.6615,-2.1396,-2.8577,-3.3421,-3.3644,-2.6629,-1.5607,-0.67866,0.39997,1.3042,1.92,2.2151,2.3768,2.247,1.9549,1.2853,0.24522,-1.1972
-0.82032,-1.9449,-3.7296,-5.6659,-6.7702,-7.1443,-6.3834,-5.5103,-4.5402,-3.7948,-3.277,-2.9984,-2.703,-2.4549,-2.2677,-1.9888,-1.5559,-1.1901,-0.59538,0.087454,0.77923,1.2638,1.8345,2.3232,2.5705,2.8703,3.0762,3.1972,3.3526,3.5655,3.8641,4.1744,4.6974,5.3133,5.7988,6.4351,7.0086,7.4663,7.7326,7.9624,8.0375,8.0124,7.8417,7.5438,7.2521,6.7793,6.2723,5.7677,5.4151,5.0115,4.7117,4.5403,4.3842,4.2943,4.2451,4.1936,4.1563,4.1132,4.0866,4.0685,4.0435,4.0232,3.9985,3.9541,3.8691,3.786,3.6338,3.4615,3.3017,3.0302,2.6639,2.3541,1.8109,1.1344,0.27501,-0.45147,-1.5215,-2.6332,-3.4108,-4.1683,-4.6388,-4.8146,-4.8824,-4.8895,-4.7675,-4.4947,-3.9468,-3.2395,-2.6892,-2.0661,-1.6723,-1.5435,-1.6598,-2.016,-2.7159,-3.3937,-4.4811,-5.879,-6.9905,-8.6095,-10.276,-11.959,-12.863,-13.375,-12.57,-11.412,-9.6376,-8.1506,-7.3967,-6.8164,-6.9236,-7.7068,-8.7493,-10.841,-12.269,-11.417,-8.5668,-5.8375,-3.8052,-2.754,-1.8122,-1.3033,-1.1761,-1.2789,-1.6416,-2.0251,-2.6565,-3.4233,-4.3212,-5.0767,-6.4446,-8.2277,-9.9391,-12.648,-14.721,-14.506,-12.408,-10.242,-8.6956,-7.833,-7.1171,-6.7042,-6.5197,-6.5824,-6.9172,-7.3205,-7.9008,-8.5767,-8.9427,-8.9519,-8.5079,-7.6484,-7.1029,-6.5433,-6.2782,-6.2728,-6.2493,-5.7505,-4.2762,-2.8026,-0.69664,1.2319,2.4679,3.8045,4.7689,5.3872,5.6242,5.6276,5.2765,4.7528,3.661,2.0408,-0.26748,-2.6673,-7.2087,-12.694,-11.059,-6.4071,-3.3967,-1.9606,-0.73806,-0.061488,0.30714,0.41117,0.44919,0.49263,0.57163,0.77073,1.1077,1.4239,1.8777,2.3457,2.7717,3.0037,3.1442,3.0963,2.8582,2.2977,1.4144,0.062308
1.9735,1.3673,0.44566,-0.53155,-1.2629,-2.2173,-3.1586,-3.8885,-4.9377,-6.0753,-7.1352,-7.7521,-8.2454,-8.4839,-8.7161,-8.9826,-8.8217,-8.1524,-6.4527,-4.4315,-2.464,-1.185,0.26529,1.4424,2.1891,2.9958,3.6339,4.0508,4.4751,4.874,5.2007,5.4344,5.7299,6.0145,6.2011,6.4494,6.6365,6.8152,6.9019,6.9371,6.8856,6.7523,6.4583,5.979,5.553,4.8556,4.0995,3.3708,2.9342,2.6089,2.6286,2.8631,3.3001,3.8625,4.2575,4.7342,5.1298,5.3982,5.5462,5.6538,5.6455,5.6004,5.4722,5.2822,5.0801,4.9222,4.7322,4.5756,4.4936,4.402,4.3398,4.2854,4.1712,3.9997,3.7507,3.5347,3.1533,2.8117,2.5207,2.1598,1.8428,1.6449,1.4297,1.2535,1.092,1.0056,0.8824,0.76735,0.63113,0.37894,-0.022664,-0.51603,-1.0062,-1.7361,-2.6203,-3.3706,-4.5494,-5.8903,-7.0679,-8.9253,-11.436,-14.967,-19.057,-28.669,-20.396,-15.731,-12.035,-9.7159,-8.7429,-7.898,-7.8352,-8.5066,-9.591,-11.662,-13.399,-12.318,-8.9289,-5.8489,-3.6142,-2.313,-1.1508,-0.40402,-0.12149,0.0091498,-0.19778,-0.48926,-1.1461,-1.9803,-3.1583,-4.212,-5.9832,-8.2651,-10.529,-14.167,-17.736,-17.41,-14.927,-12.784,-11.677,-10.891,-10.223,-9.4608,-8.8641,-7.9892,-7.1644,-6.5667,-6.1694,-5.7757,-5.4688,-5.3155,-5.1167,-5.0646,-5.1932,-5.7312,-6.9037,-9.3032,-12.777,-29.761,-12.805,-6.9038,-2.1727,1.0095,2.8004,4.5973,5.8821,6.7016,7.0659,7.2243,7.018,6.6477,5.8733,4.8049,3.5209,2.4908,1.2061,0.33392,0.027874,0.095137,0.47777,0.8193,1.22,1.5158,1.6235,1.6131,1.4663,1.2005,0.99799,0.68949,0.54694,0.62337,1.0039,1.5958,2.3123,2.8281,3.3941,3.741,3.8467,3.7382,3.3513,2.7318
4.164,3.7952,3.1298,2.2597,1.4355,0.090587,-1.6452,-3.3154,-6.139,-10.181,-16.223,-20.393,-17.508,-15.046,-14.803,-16.935,-25.932,-26.36,-13.969,-8.568,-5.1543,-3.2713,-1.275,0.2237,1.1842,2.2061,3.0329,3.5198,4.0599,4.4109,4.6504,4.7416,4.7655,4.7024,4.6346,4.5259,4.475,4.4957,4.5475,4.638,4.6604,4.56,4.2452,3.6431,2.9373,1.6581,-0.13037,-2.3915,-4.1985,-5.5077,-4.2459,-2.4526,-0.11783,1.718,2.8372,4.0023,4.842,5.4287,5.6995,5.8518,5.8157,5.6525,5.2775,4.7688,4.1863,3.7593,3.3168,3.1079,3.1565,3.4875,4.0069,4.4101,4.9487,5.3896,5.7367,5.8949,6.0312,6.0517,6.0228,5.9098,5.7425,5.5748,5.2952,4.9674,4.5858,4.2306,3.6976,3.0486,2.4809,1.6051,0.6183,-0.49988,-1.3569,-2.5657,-3.6679,-4.4517,-5.4018,-6.2528,-6.9639,-7.9685,-8.9584,-10.125,-10.711,-11.099,-10.737,-10.044,-8.8401,-7.7265,-6.9309,-6.2189,-5.6358,-5.2817,-5.0855,-4.787,-4.2547,-3.6916,-2.7357,-1.6528,-0.60806,0.03626,0.76406,1.1889,1.345,1.3066,1.0551,0.68713,0.060798,-0.77944,-1.7627,-2.6368,-3.8486,-5.2263,-6.2013,-7.6071,-8.7175,-9.5232,-10.419,-11.592,-13.122,-15.008,-17.129,-16.234,-13.851,-10.626,-8.1526,-6.4824,-5.4583,-4.4775,-3.8309,-3.4367,-3.0906,-2.9502,-2.8816,-2.9176,-3.0876,-3.2424,-3.2731,-2.78,-1.3659,0.099259,2.2479,4.2706,5.5987,7.0429,8.1435,8.8876,9.2199,9.3838,9.2404,8.9441,8.3335,7.4999,6.5001,5.7024,4.6347,3.6938,3.1116,2.5947,2.318,2.257,2.288,2.3139,2.1907,1.9632,1.3918,0.41342,-0.64666,-2.4729,-4.6066,-5.5806,-4.5096,-1.9138,0.44488,1.8726,3.3359,4.3142,4.8185,5.1902,5.2669,5.1483
5.0475,4.9595,4.62,4.0046,3.3518,2.2148,0.68079,-0.71416,-3.0208,-5.7283,-8.4793,-9.8806,-10.281,-9.9959,-9.7842,-9.7676,-9.5616,-9.1159,-7.9059,-6.475,-4.9476,-3.965,-2.6813,-1.5535,-0.7865,0.12425,0.93713,1.4059,1.9479,2.2173,2.2964,2.1681,1.7678,1.0625,0.40316,-0.61655,-1.305,-1.395,-0.92996,0.041699,0.90131,1.3439,1.5244,1.2642,0.64413,-0.65451,-2.6926,-5.6194,-8.4539,-11.121,-8.4023,-5.5511,-2.3716,-0.062506,1.3258,2.7708,3.8059,4.5046,4.7931,4.8891,4.6923,4.293,3.4779,2.2655,0.58098,-0.96875,-3.2006,-4.4352,-3.7749,-1.5365,0.75323,2.1896,3.7671,4.9659,5.8737,6.3621,6.8793,7.1467,7.2697,7.3096,7.2187,7.0716,6.7722,6.3535,5.8146,5.3156,4.5139,3.4946,2.5983,1.1707,-0.53653,-2.607,-4.3141,-6.8063,-8.7972,-9.5907,-9.5233,-9.0614,-8.7614,-8.5546,-8.3885,-8.6078,-8.5214,-8.4908,-8.2073,-7.9023,-7.3215,-6.7081,-6.0711,-5.3105,-4.5444,-3.758,-3.1561,-2.3924,-1.5776,-0.97745,-0.16732,0.56106,1.2425,1.5921,1.9518,2.0519,2.0089,1.6812,1.1773,0.62733,-0.18794,-1.1891,-2.0757,-2.7699,-3.5311,-4.227,-4.6133,-5.2747,-5.8075,-6.4948,-7.5064,-8.9697,-10.81,-12.749,-14.914,-14.429,-12.323,-9.4343,-7.2553,-5.6595,-4.768,-3.9671,-3.4828,-3.2006,-2.9868,-2.7246,-2.3958,-1.78,-0.94322,0.081667,0.93638,2.2369,3.6398,4.7291,6.169,7.5239,8.4381,9.477,10.278,10.818,11.039,11.085,10.855,10.486,9.7411,8.7094,7.3821,6.2037,4.3954,2.3972,0.9918,-0.33923,-0.57497,-0.14796,0.71748,1.4169,1.8103,1.83,1.4551,0.49267,-0.6552,-2.897,-6.107,-8.1304,-6.2358,-2.4737,0.52992,2.1923,3.8125,4.9153,5.4731,5.9335,6.1208,6.0676
4.3321,4.6021,4.7115,4.5413,4.2582,3.6499,2.8399,2.1008,0.98352,-0.15383,-1.2469,-1.9784,-2.8031,-3.4401,-3.8653,-4.3971,-4.8558,-5.2318,-5.695,-6.1926,-6.6578,-6.825,-6.7592,-6.0934,-5.3674,-4.2965,-3.303,-2.6377,-2.027,-1.608,-1.5101,-1.6671,-2.2562,-3.4658,-5.0146,-8.488,-16.563,-20.054,-10.812,-5.6666,-2.8825,-1.6076,-0.72117,-0.51708,-0.74142,-1.4634,-2.5358,-3.768,-4.5654,-5.1631,-5.0339,-4.3775,-3.0517,-1.4925,-0.3523,0.97013,1.9877,2.6625,2.9254,2.994,2.6649,2.1761,1.1777,-0.30258,-2.3757,-4.4959,-8.2106,-11.36,-9.5701,-5.2374,-1.921,-0.056681,1.9143,3.3774,4.4552,5.0797,5.6748,6.0534,6.2055,6.264,6.1653,6.0192,5.717,5.2827,4.7145,4.2044,3.3524,2.2826,1.2984,-0.33291,-2.4204,-5.2052,-7.8778,-13.198,-22.726,-23.745,-15.794,-12.715,-11.398,-10.548,-10.46,-10.532,-10.728,-10.942,-10.853,-10.567,-10.084,-9.348,-8.7364,-7.7793,-6.7472,-5.6661,-4.7456,-3.5627,-2.3879,-1.5941,-0.56836,0.27301,0.91009,1.2624,1.4669,1.4184,1.1766,0.57529,-0.39843,-1.3618,-3.0261,-4.9352,-6.7844,-7.6765,-7.7778,-6.9892,-6.3679,-5.6481,-5.303,-5.1903,-5.3156,-5.6188,-6.0356,-6.3462,-6.6036,-6.4368,-6.196,-5.6247,-5.0578,-4.5978,-4.4197,-4.4596,-4.8326,-5.4252,-6.4963,-7.4604,-7.5779,-6.1785,-3.6483,-1.0479,0.75158,2.8809,4.7379,5.9853,7.4683,8.7303,9.5325,10.422,11.065,11.477,11.619,11.578,11.258,10.83,9.9773,8.7725,7.1602,5.6061,2.9149,-0.92804,-5.337,-18.104,-10.485,-5.2597,-1.7643,0.15125,1.2465,1.6758,1.8836,1.8447,1.6425,1.2985,1.0871,1.0832,1.4904,2.2342,3.1137,3.7542,4.4773,5.0201,5.2552,5.3715,5.2877,4.9624
3.0321,3.528,3.943,4.1243,4.1157,3.9407,3.6273,3.2935,2.784,2.1815,1.5407,1.03,0.31333,-0.4342,-1.0717,-1.999,-3.1692,-4.2072,-5.9826,-8.3253,-11.82,-15.562,-20.827,-16.562,-13.241,-10.29,-8.5971,-7.7252,-6.9459,-6.2657,-5.7241,-5.3596,-5.099,-5.1255,-5.4068,-5.9002,-6.2651,-5.9366,-5.0671,-3.6504,-2.3177,-1.5945,-1.024,-1.0015,-1.2457,-2.0684,-3.4173,-5.3588,-7.2873,-10.374,-12.282,-10.89,-7.4265,-4.5176,-2.8297,-1.1611,-0.028613,0.62845,0.87441,0.86807,0.50412,0.077465,-0.76626,-1.7681,-2.8205,-3.5652,-4.2848,-4.4334,-4.0998,-3.1503,-1.8865,-0.84845,0.40664,1.5073,2.3612,2.8695,3.272,3.5157,3.5408,3.4282,3.2032,2.9747,2.6365,2.2721,1.8648,1.5029,0.93103,0.21597,-0.46711,-1.5732,-2.9383,-4.5764,-5.9215,-7.7563,-9.2587,-9.9973,-10.474,-10.66,-10.943,-11.598,-12.888,-14.48,-16.437,-18.633,-19.497,-18.575,-16.775,-15.277,-14.581,-13.857,-12.753,-11.088,-9.5731,-7.3906,-5.3978,-4.0329,-2.5606,-1.377,-0.55304,-0.1007,0.2014,0.19996,-0.0643,-0.70923,-1.8592,-3.0911,-5.4351,-8.9918,-15.128,-23.224,-15.967,-10.367,-8.0859,-6.1398,-5.104,-4.5707,-4.2541,-4.1847,-4.2916,-4.3846,-4.5219,-4.6038,-4.5796,-4.5224,-4.4144,-4.3999,-4.5211,-4.9094,-5.763,-6.8504,-9.1411,-13.431,-16.744,-11.95,-6.2192,-2.2507,0.088944,2.6046,4.6411,5.9405,7.4153,8.6408,9.4041,10.221,10.813,11.174,11.293,11.248,10.956,10.579,9.854,8.8651,7.6048,6.4774,4.7752,2.9264,1.6198,0.32392,-0.1272,0.040948,0.48036,1.0031,1.3736,1.5792,1.7647,1.9124,2.0233,2.1888,2.414,2.643,2.963,3.3413,3.6719,3.8659,4.0227,4.0227,3.9199,3.6167,3.121,2.4886
2.1217,2.5434,2.9504,3.2172,3.3267,3.3976,3.3528,3.2799,3.105,2.846,2.5119,2.2098,1.7214,1.0927,0.54655,-0.37101,-1.485,-2.5329,-4.2106,-6.3007,-8.8286,-10.687,-12.476,-12.465,-12.08,-11.635,-11.851,-12.54,-13.349,-13.191,-11.227,-9.432,-7.3211,-5.6968,-4.707,-3.686,-2.8055,-2.0542,-1.4878,-0.78391,-0.22058,0.0935,0.28131,0.19029,-0.12935,-0.8898,-2.1075,-3.8895,-5.6414,-8.4105,-10.021,-9.0081,-6.3991,-3.9963,-2.6752,-1.4261,-0.68647,-0.40223,-0.43256,-0.80825,-1.4347,-2.1086,-3.1591,-4.3524,-5.5662,-6.3079,-6.9349,-6.8031,-6.2282,-5.0723,-3.7087,-2.6534,-1.4615,-0.47438,0.23117,0.53424,0.6925,0.48947,0.17249,-0.4533,-1.1968,-1.7629,-2.33,-2.5619,-2.5096,-2.3963,-2.2539,-2.2587,-2.3816,-2.709,-3.2615,-3.9303,-4.5374,-5.3252,-6.1424,-6.7345,-7.5882,-8.4423,-9.2739,-10.674,-12.401,-15.167,-17.609,-22.259,-23.727,-21.696,-19.309,-18.653,-19.344,-22.783,-33.495,-21.497,-15.89,-11.1,-7.919,-6.0324,-4.1597,-2.7509,-1.6936,-1.1649,-0.66417,-0.48344,-0.51398,-0.83092,-1.4146,-2.0484,-3.0666,-4.2353,-5.2839,-5.6863,-5.6381,-5.079,-4.5138,-3.8814,-3.4158,-3.3145,-3.3672,-3.6829,-4.1756,-4.6089,-5.1823,-5.6773,-5.8226,-5.7662,-5.4452,-5.0128,-4.7087,-4.438,-4.3664,-4.3883,-4.4971,-4.4217,-4.0519,-3.0492,-1.5185,0.24016,1.589,3.2985,4.8572,5.9298,7.1896,8.2695,8.9577,9.6994,10.25,10.592,10.716,10.704,10.499,10.217,9.6873,8.992,8.1514,7.4457,6.4424,5.4188,4.6772,3.7481,2.9644,2.4147,1.7862,1.1788,0.61823,0.26822,-0.027151,-0.10764,0.068812,0.54582,1.1402,1.6276,2.1939,2.6194,2.889,2.9521,2.8269,2.4274,1.9759,1.1699,0.17242,-0.8617
1.051,1.2492,1.4806,1.6646,1.8017,1.9727,2.1397,2.2698,2.4142,2.5405,2.5895,2.5694,2.4466,2.1845,1.9035,1.3733,0.68151,0.067822,-0.92289,-2.0308,-3.1904,-4.04,-5.1357,-6.2265,-6.983,-8.3964,-10.365,-12.56,-16.683,-18.377,-13.341,-10.044,-6.8526,-4.5937,-3.2684,-1.8838,-0.76514,0.14888,0.71768,1.3573,1.8517,2.1217,2.3409,2.4006,2.2918,2.0028,1.5331,0.93685,0.46821,-0.075072,-0.35862,-0.37297,-0.17227,0.13532,0.31302,0.39989,0.23502,-0.20625,-0.76143,-1.7432,-3.0096,-4.1686,-5.9159,-8.0609,-10.787,-13.533,-18.195,-17.789,-13.599,-9.2736,-6.2008,-4.5329,-2.8184,-1.7017,-1.0565,-0.91772,-1.0815,-1.82,-2.7116,-4.4951,-7.092,-9.5188,-12.529,-11.772,-9.0012,-7.2367,-5.606,-4.6152,-4.1605,-3.8886,-3.8635,-4.0131,-4.2218,-4.5552,-4.9947,-5.3472,-5.8369,-6.4734,-6.9747,-7.7783,-8.6938,-9.766,-10.566,-11.466,-12.142,-12.363,-12.574,-12.929,-13.24,-13.642,-13.524,-12.229,-10.805,-8.6241,-6.6633,-5.4639,-4.0911,-2.9932,-2.1165,-1.5806,-1.0389,-0.6641,-0.46056,-0.34547,-0.33771,-0.39371,-0.56086,-0.72293,-0.90111,-0.95772,-0.98066,-0.95258,-0.94608,-0.99708,-1.1811,-1.4889,-2.1254,-3.1011,-4.5085,-5.9155,-8.2937,-10.919,-12.16,-11.062,-8.5935,-6.4352,-5.1075,-3.8188,-2.8593,-2.3141,-1.7291,-1.1264,-0.70318,-0.019938,0.79542,1.7609,2.5453,3.654,4.8219,5.6763,6.7762,7.765,8.4139,9.1273,9.6494,9.9789,10.097,10.087,9.906,9.665,9.2293,8.686,8.0622,7.5574,6.8297,6.0659,5.4431,4.5651,3.5691,2.7213,1.4412,-0.15508,-2.0702,-3.753,-5.9118,-6.5994,-5.6381,-3.5057,-1.4738,-0.28408,0.97163,1.7878,2.2144,2.288,2.0328,1.3581,0.49983,-1.1453,-3.4897,-6.7004
-1.4795,-1.4896,-1.5003,-1.5121,-1.4702,-1.3071,-0.88824,-0.4658,0.23166,0.94861,1.5918,1.981,2.3596,2.5931,2.633,2.5853,2.354,2.1099,1.6727,1.1243,0.50797,-0.03979,-0.78351,-1.6128,-2.2562,-3.157,-4.0929,-4.6872,-5.2547,-5.2711,-4.6767,-3.9721,-2.8612,-1.7201,-0.94608,0.019294,0.81423,1.5825,2.069,2.673,3.2156,3.5639,3.9646,4.2446,4.4098,4.5197,4.5275,4.4614,4.3693,4.2222,4.0448,3.8915,3.671,3.3375,3.0192,2.4212,1.5787,0.44208,-0.62153,-2.3481,-4.4683,-6.1735,-8.5262,-10.502,-12.068,-12.987,-13.677,-12.584,-10.631,-7.7363,-5.2272,-3.7609,-2.253,-1.2931,-0.83517,-0.7694,-1.1597,-1.9578,-2.951,-4.808,-7.3723,-9.6873,-12.332,-11.837,-9.5742,-8.0333,-6.5952,-5.6719,-5.285,-5.0338,-4.9483,-5.026,-5.0781,-5.2262,-5.3153,-5.3751,-5.4177,-5.4715,-5.4876,-5.539,-5.6864,-5.7806,-5.8993,-6.0139,-6.1147,-6.1862,-6.2705,-6.3044,-6.3536,-6.2904,-6.1526,-5.8295,-5.5333,-5.0808,-4.6051,-4.2846,-3.8546,-3.4289,-2.9966,-2.6051,-2.0952,-1.5375,-1.1599,-0.64243,-0.20592,0.091127,0.43018,0.72197,1.0026,1.1465,1.3093,1.4029,1.3948,1.2713,0.9226,0.5607,-0.20774,-1.3385,-2.9015,-4.5362,-7.3394,-11.002,-12.935,-11.136,-7.7887,-5.266,-3.8271,-2.4275,-1.4434,-0.94123,-0.44446,-0.16073,-0.020621,0.1268,0.29399,0.62571,1.0485,1.9375,3.1187,4.0945,5.4055,6.6031,7.3719,8.1946,8.7554,9.0604,9.1201,8.9967,8.6609,8.3117,7.753,7.1641,6.6044,6.2233,5.7539,5.276,4.8882,4.256,3.4152,2.6452,1.2754,-0.52002,-2.9754,-5.4744,-9.8873,-12.349,-9.2685,-5.0933,-2.1869,-0.61933,0.89562,1.9058,2.4651,2.6198,2.4842,1.9464,1.2267,-0.21607,-2.304,-5.0175
-6.0881,-5.9927,-6.3336,-7.199,-8.1363,-8.9689,-8.1587,-6.5591,-4.1482,-2.1453,-0.57272,0.34174,1.2708,1.9251,2.2757,2.5898,2.7741,2.8044,2.7791,2.6305,2.367,2.1119,1.6856,1.2054,0.76494,0.21943,-0.30528,-0.64023,-0.97891,-1.1181,-1.0581,-0.91137,-0.60607,-0.23216,0.066378,0.46376,0.87233,1.2889,1.647,2.1855,2.7992,3.3105,3.9822,4.6182,5.0561,5.5409,5.9133,6.1612,6.2681,6.3049,6.215,6.0693,5.7442,5.266,4.7828,3.9403,2.8254,1.37,-0.012897,-2.3529,-5.5363,-8.8682,-15.817,-24.843,-15.073,-11.487,-8.517,-6.3512,-4.9865,-3.3429,-1.9559,-1.117,-0.2729,0.2509,0.426,0.36515,-0.024362,-0.65766,-1.3167,-2.3028,-3.3949,-4.1595,-4.9499,-5.4624,-5.674,-5.773,-5.9415,-6.2245,-6.5505,-7.051,-7.6261,-8.0881,-8.3018,-8.3573,-8.12,-7.8233,-7.3375,-6.6296,-6.1108,-5.3653,-4.6237,-3.9541,-3.4958,-3.0167,-2.6146,-2.4118,-2.2198,-2.1228,-2.1247,-2.2307,-2.4098,-2.7348,-3.0271,-3.6083,-4.3635,-4.9749,-5.8289,-6.4748,-6.5908,-6.3348,-5.5199,-4.5183,-3.7718,-2.8058,-1.9166,-1.3004,-0.48897,0.23192,0.90563,1.3493,1.8488,2.2228,2.4208,2.5333,2.4703,2.2942,1.878,1.2502,0.44798,-0.23035,-1.1755,-1.9191,-2.2852,-2.3234,-2.0027,-1.4056,-1.0554,-0.5581,-0.23342,-0.10717,-0.14007,-0.50374,-0.95989,-1.9831,-3.4939,-5.3315,-6.099,-4.747,-1.7678,0.45197,2.9078,4.7938,5.8726,6.9235,7.5527,7.7732,7.6795,7.2173,6.3825,5.5423,4.2345,2.9738,2.1773,2.0329,2.3282,2.7613,3.012,3.0939,2.8861,2.5187,1.7824,0.84537,-0.2144,-0.95397,-1.7035,-1.8631,-1.6023,-0.8095,0.19404,0.98075,1.8923,2.6164,3.1448,3.3871,3.523,3.438,3.2873,2.9454,2.5531,2.2224
-9.0113,-8.2256,-8.364,-9.8607,-12.116,-16.62,-14.714,-10.444,-6.2641,-3.5837,-1.7835,-0.80294,0.13416,0.78088,1.1931,1.6505,2.1113,2.3979,2.7433,2.9868,3.0716,3.0497,2.8447,2.5005,2.1114,1.5277,0.89368,0.42856,-0.10871,-0.47751,-0.66671,-0.68481,-0.63927,-0.6266,-0.66754,-0.84617,-1.0664,-1.3842,-1.375,-0.96121,0.0070151,1.0071,2.3879,3.7273,4.5811,5.5422,6.2927,6.8279,7.1025,7.3101,7.3468,7.2766,7.015,6.6087,6.1702,5.4381,4.4863,3.314,2.2539,0.64685,-1.2533,-2.7353,-4.5517,-5.3326,-4.7623,-3.7582,-2.3096,-0.95388,-0.087028,0.89354,1.6282,2.0109,2.2905,2.3303,2.1084,1.7885,1.2262,0.48427,-0.12466,-0.93239,-1.7226,-2.264,-2.9242,-3.5831,-4.2638,-4.8689,-5.8691,-7.2303,-8.5049,-10.548,-13.016,-15.051,-15.717,-15.155,-14.161,-13.34,-12.105,-10.319,-8.8572,-6.8249,-4.8608,-3.2784,-2.2064,-1.1187,-0.2671,0.21312,0.64242,0.82035,0.84822,0.63735,0.19962,-0.55492,-1.3265,-2.7115,-4.6804,-6.6234,-10.389,-16.139,-19.174,-15.327,-11.293,-8.8359,-7.5625,-6.3402,-5.1563,-4.2609,-2.97,-1.6933,-0.50088,0.36098,1.3573,2.1615,2.6604,3.1563,3.5018,3.5999,3.5966,3.4419,3.1114,2.8209,2.3409,1.8778,1.5239,1.1327,0.827,0.67078,0.57535,0.5155,0.46996,0.42899,0.19998,-0.26545,-0.86584,-2.1675,-4.2255,-7.2555,-9.38,-7.3434,-2.9415,-0.25701,2.4968,4.5152,5.6396,6.6942,7.271,7.3662,7.1192,6.3095,4.8549,3.199,-0.10699,-5.9208,-16.302,-8.6069,-2.5791,0.33709,1.5898,2.4565,2.7229,2.585,2.1306,1.4337,0.65845,0.14689,-0.30558,-0.28139,-0.056194,0.52346,1.2591,1.8253,2.5122,3.0808,3.53,3.8017,4.106,4.36,4.5776,4.8882,5.2295,5.6033
-4.7198,-4.3905,-4.1579,-4.1893,-4.2305,-4.1136,-3.6085,-2.99,-2.0614,-1.2734,-0.78184,-0.67335,-0.80825,-1.0893,-1.1915,-0.91672,-0.061701,0.81853,1.9521,2.8756,3.4816,3.7047,3.6707,3.2657,2.7668,1.7284,0.40594,-0.76999,-2.2461,-3.188,-3.2243,-2.7818,-2.1093,-1.7013,-1.7265,-2.3666,-3.8882,-6.7886,-10.413,-12.734,-6.4826,-2.9198,0.49755,2.8746,4.1972,5.5665,6.5531,7.2438,7.6166,7.9164,8.0445,8.0314,7.8789,7.5856,7.2752,6.758,6.1413,5.4536,4.9262,4.2205,3.6014,3.2376,2.9138,2.8584,3.0837,3.3944,3.9402,4.4747,4.8433,5.2091,5.3817,5.3871,5.1496,4.6468,3.8719,3.0838,1.9141,0.54159,-0.43413,-1.5597,-2.2354,-2.562,-2.7985,-3.0272,-3.4983,-4.0603,-5.1186,-6.7608,-8.4737,-11.695,-16.566,-24.432,-25.168,-20.795,-19.727,-21.266,-25.453,-18.431,-12.954,-7.9497,-4.4827,-1.966,-0.43074,1.1301,2.2606,2.8916,3.4697,3.7434,3.7879,3.5897,3.1092,2.3446,1.5179,0.13038,-1.685,-3.4431,-6.0385,-8.7337,-10.271,-10.321,-9.9145,-9.9761,-10.366,-11.283,-11.244,-9.9744,-7.2777,-4.6391,-2.434,-1.05,0.50969,1.8274,2.6362,3.5452,4.2543,4.6424,4.9872,5.1225,5.0222,4.8395,4.3926,3.7359,3.1556,2.2191,1.256,0.3082,-0.076052,-0.26326,-0.00057074,0.34573,0.75062,1.0321,1.036,0.92472,0.72511,0.65374,0.8068,1.5203,2.6621,3.722,5.1414,6.4458,7.282,8.1192,8.6288,8.7571,8.5947,8.0132,6.9917,5.9295,4.2291,2.5003,1.4969,1.5845,2.4509,3.4284,3.9427,4.2739,4.1132,3.6862,2.7077,1.2183,-0.77892,-2.4542,-4.1091,-3.9063,-2.6071,-0.65367,0.94881,1.8238,2.6069,3.0342,3.1501,3.1675,3.2231,3.5619,4.0275,4.9519,6.0232,7.0917
-1.3504,-1.1415,-0.77304,-0.35622,-0.065063,0.30383,0.63642,0.83864,0.92749,0.76955,0.18647,-0.6667,-2.6108,-6.0837,-10.936,-14.822,-6.431,-2.7391,0.3837,2.33,3.4925,3.9264,4.0627,3.6499,2.9924,1.5592,-0.7304,-3.3012,-8.8389,-29.139,-11.584,-6.8065,-3.569,-1.955,-1.4246,-1.4076,-2.1516,-3.3727,-4.1461,-4.1863,-2.521,-0.79881,1.3352,3.0048,4.0298,5.0448,5.7683,6.2769,6.5372,6.7751,6.8828,6.8717,6.7784,6.5226,6.269,5.8135,5.3217,4.8489,4.5921,4.3984,4.4934,4.6833,5.1328,5.6699,6.2518,6.6686,7.1775,7.5811,7.7936,7.9032,7.798,7.5462,6.9622,6.0144,4.6539,3.3354,0.95724,-2.2468,-5.3113,-9.5432,-9.3942,-7.2136,-4.9741,-3.7281,-3.2546,-3.2796,-3.7797,-4.6746,-5.5745,-7.0097,-8.6149,-9.9403,-10.678,-11.303,-11.753,-11.957,-11.527,-9.4543,-7.289,-4.3296,-1.7399,0.43196,1.6796,3.1157,4.1678,4.7485,5.2765,5.5671,5.593,5.4692,5.107,4.5451,3.9861,3.0215,1.8909,0.92893,-0.4456,-1.8483,-3.181,-4.2818,-5.8235,-7.9285,-10.216,-14.469,-18.034,-14.901,-10.198,-6.8856,-4.5875,-3.2013,-1.5314,-0.017945,1.0751,2.3818,3.4742,4.1911,4.8886,5.2913,5.4376,5.2985,4.8523,3.9864,3.0349,1.2395,-1.3897,-5.2678,-8.7632,-8.4599,-4.3037,-2.0423,0.042865,1.252,1.8047,2.1844,2.314,2.3963,2.5893,3.0668,3.9083,4.7591,6.0158,7.2558,8.0923,9.0031,9.6306,9.9664,10.016,9.8382,9.4266,9.0119,8.3783,7.777,7.3107,7.0751,6.904,6.7886,6.6584,6.367,5.8014,5.1587,3.8667,1.9214,-0.95225,-4.0444,-9.0704,-7.3461,-3.9022,-0.68322,1.2193,2.0506,2.4893,2.1851,1.1107,-0.31188,-2.9587,-4.4614,-2.6046,1.1994,4.3172,6.6416
-3.9861,-3.2747,-2.2756,-1.3025,-0.67223,0.036293,0.55796,0.81052,0.93703,0.77758,0.27478,-0.32249,-1.4558,-2.8123,-3.6641,-3.8126,-2.6093,-1.2368,0.41375,1.7138,2.5631,2.9367,3.0813,2.8403,2.3744,1.4482,0.1682,-0.96196,-2.4388,-3.3582,-3.3002,-2.7668,-1.8675,-1.1396,-0.77462,-0.50896,-0.42995,-0.47855,-0.45116,-0.29429,0.060083,0.40789,0.87942,1.3038,1.5155,1.651,1.6551,1.5935,1.5377,1.5563,1.6548,1.7566,1.803,1.6676,1.3648,0.66797,-0.3888,-1.613,-2.3932,-2.4424,-1.2666,0.055381,1.8525,3.4302,4.719,5.5066,6.308,6.8856,7.1492,7.2939,7.1846,6.9102,6.2853,5.3335,3.9963,2.6803,0.45538,-2.3746,-4.8128,-7.701,-7.9494,-6.9403,-5.399,-4.4917,-4.0747,-4.0538,-4.3287,-4.7942,-5.1973,-5.7673,-6.2367,-6.4951,-6.6626,-6.5679,-6.2508,-5.8434,-5.0556,-3.9776,-2.9967,-1.6171,-0.26226,0.96406,1.7506,2.6425,3.3237,3.6972,4.0041,4.1407,4.1384,4.015,3.7787,3.4086,3.0795,2.5307,1.8616,1.324,0.46479,-0.48033,-1.5279,-2.4153,-3.6966,-5.0488,-6.1149,-7.3643,-8.2864,-8.6664,-8.9414,-9.0636,-9.2505,-9.0542,-8.1259,-6.2258,-4.4878,-2.3116,-0.42544,0.71647,1.903,2.7172,3.1772,3.2749,3.0909,2.5392,1.8199,0.44449,-1.4788,-3.8267,-5.1382,-5.1146,-3.3055,-1.8968,-0.4393,0.35206,0.59825,0.35995,-0.46232,-1.8389,-3.02,-3.8018,-2.2489,-0.25324,2.4032,4.575,5.8487,7.1442,7.9999,8.4903,8.6392,8.5869,8.3053,7.9885,7.4794,6.9548,6.496,6.2306,5.9749,5.7941,5.6842,5.4636,5.1412,4.7776,4.1234,3.2799,2.3644,1.7052,1.1466,1.0364,1.2703,1.7486,2.1821,2.3109,2.1656,1.5198,0.30852,-1.0547,-3.2777,-4.3026,-2.9259,0.27905,3.1108,5.3216
-10.58,-8.1973,-5.7824,-3.977,-2.8719,-1.6892,-0.80898,-0.3249,0.12598,0.33177,0.34397,0.25718,0.069071,-0.12516,-0.18444,-0.1027,0.18414,0.51486,1.0199,1.4697,1.8228,2.0021,2.0548,1.9318,1.7248,1.3097,0.79808,0.40824,-0.11014,-0.49047,-0.69116,-0.7515,-0.75556,-0.71391,-0.70219,-0.73066,-0.77871,-0.85041,-0.97074,-1.0658,-1.1688,-1.2829,-1.5101,-1.8952,-2.38,-3.2653,-4.5174,-6.0694,-7.0956,-7.5803,-6.6491,-5.5617,-4.3666,-3.6764,-3.6473,-4.2704,-5.9616,-9.3632,-14.293,-20.435,-9.4923,-5.3607,-1.8233,0.61014,2.3631,3.369,4.3931,5.0986,5.4493,5.7066,5.7174,5.5778,5.1715,4.5354,3.6638,2.8614,1.6328,0.35019,-0.61476,-1.7348,-2.6,-3.0749,-3.6402,-4.1792,-4.8438,-5.4336,-6.2599,-7.0702,-7.5689,-7.9215,-7.8354,-7.4763,-6.997,-6.2667,-5.4334,-4.77,-3.8356,-2.9025,-2.2046,-1.3032,-0.50337,0.19805,0.65387,1.0428,1.2671,1.3143,1.2494,1.0449,0.88598,0.62745,0.42834,0.2828,0.18724,0.091562,-0.079358,-0.27953,-0.62773,-1.1214,-1.7883,-2.3324,-3.1954,-4.1632,-4.9049,-5.9628,-7.1375,-8.1129,-9.6644,-12.006,-15.89,-21.714,-26.872,-14.607,-10.472,-6.715,-4.1571,-2.7039,-1.2117,-0.12201,0.5957,0.98493,1.2332,1.2622,1.1566,0.87907,0.52611,0.23448,0.093558,0.14794,0.3728,0.61121,0.83538,0.85215,0.60197,-0.1493,-1.5625,-3.9694,-6.6868,-10.111,-6.7764,-3.1788,0.39002,2.8581,4.2002,5.4704,6.2517,6.5903,6.5949,6.2862,5.6441,4.9721,3.9076,2.801,1.9165,1.5682,1.5731,1.9656,2.3459,2.7914,3.0897,3.1947,3.2002,3.1068,2.9333,2.8082,2.6713,2.5903,2.5907,2.6068,2.5974,2.5432,2.3723,2.1006,1.7629,1.538,1.378,1.5696,1.9927,2.8536,3.9293,4.996
-10.909,-9.1074,-6.9136,-5.0301,-3.7853,-2.4201,-1.3221,-0.68037,-0.037285,0.3886,0.63818,0.7131,0.73392,0.70578,0.68399,0.70028,0.79098,0.8646,1.0369,1.2188,1.3841,1.4524,1.4805,1.4055,1.3055,1.0905,0.81103,0.585,0.28256,-0.0038965,-0.26631,-0.44494,-0.68302,-0.92974,-1.1327,-1.4484,-1.8256,-2.1943,-2.4612,-2.8056,-3.125,-3.3533,-3.7018,-4.2707,-4.881,-6.157,-8.2807,-11.845,-16.395,-21.402,-13.455,-9.8472,-6.9222,-5.2733,-4.5569,-4.1862,-4.2643,-4.6034,-4.7422,-4.3768,-3.3171,-2.1873,-0.62454,0.80438,2.0023,2.7527,3.5768,4.1864,4.533,4.8316,4.9605,4.9529,4.8035,4.4794,4.0002,3.5717,2.8788,2.0879,1.4404,0.53788,-0.43265,-1.1799,-2.3216,-3.6278,-5.2342,-6.665,-8.979,-11.727,-13.719,-14.626,-13,-10.695,-9.0834,-7.3281,-5.8545,-4.8978,-3.7417,-2.7401,-2.0735,-1.3216,-0.70917,-0.29299,-0.11945,-0.10219,-0.36255,-0.74939,-1.4983,-2.4756,-3.2867,-4.1679,-4.5127,-4.1248,-3.58,-2.7936,-2.1378,-1.8356,-1.638,-1.7027,-1.9959,-2.3343,-2.9459,-3.6906,-4.319,-5.2441,-6.2135,-6.9836,-8.0674,-9.1738,-10.161,-10.619,-10.43,-9.2347,-7.9792,-6.2537,-4.6821,-3.6842,-2.5705,-1.6724,-0.94406,-0.49383,0.033696,0.46953,0.77989,1.1566,1.507,1.8578,2.0751,2.3815,2.6601,2.8362,2.9736,2.985,2.8683,2.5799,2.1465,1.6809,1.4381,1.4557,2.018,2.7004,3.7914,4.8346,5.494,6.1322,6.4625,6.4349,6.1612,5.4218,4.187,2.8603,0.38808,-3.2533,-8.4018,-10.445,-6.3602,-2.7508,-1.0029,0.57287,1.5096,1.956,2.3007,2.4658,2.5314,2.5693,2.6012,2.6778,2.7171,2.7572,2.7424,2.7098,2.6097,2.477,2.335,2.2684,2.2929,2.4854,2.7881,3.3554,4.0698,4.8301
-9.6189,-8.404,-6.4578,-4.5006,-3.1925,-1.6905,-0.49577,0.1982,0.84856,1.2511,1.4024,1.3836,1.2109,0.94484,0.71472,0.4514,0.30831,0.31384,0.42512,0.65438,0.87802,1.0023,1.108,1.0896,0.98996,0.78067,0.50332,0.25578,-0.03647,-0.30989,-0.56462,-0.74425,-0.99937,-1.3543,-1.7071,-2.3154,-3.1286,-4.1274,-4.7954,-5.5593,-5.854,-5.7247,-5.3342,-4.9632,-4.7901,-4.8943,-5.2814,-5.801,-6.0615,-6.0017,-5.2876,-4.4506,-3.3193,-2.3392,-1.7239,-1.1201,-0.67675,-0.31827,-0.083967,0.2966,0.74995,1.1437,1.6803,2.2168,2.7393,3.1073,3.5514,3.9752,4.2605,4.5826,4.8349,4.9521,5.0245,4.9802,4.8191,4.6086,4.2456,3.7297,3.2735,2.5424,1.6691,0.89318,-0.30558,-1.7902,-3.6162,-5.3136,-8.1345,-11.948,-15.435,-17.406,-13.943,-10.7,-8.921,-6.9852,-5.4818,-4.4879,-3.3268,-2.2671,-1.5675,-0.76925,-0.15629,0.1916,0.24946,0.096896,-0.4569,-1.185,-2.711,-5.075,-7.8978,-14.068,-19.139,-10.863,-7.3036,-4.476,-2.7571,-1.9264,-1.3433,-1.178,-1.3326,-1.677,-2.3096,-3.1001,-3.7638,-4.6566,-5.4163,-5.8578,-6.3136,-6.5051,-6.4693,-6.3593,-5.9971,-5.4434,-5.0057,-4.3754,-3.7492,-3.3634,-2.9129,-2.5407,-2.1607,-1.8613,-1.2822,-0.52935,0.12088,1.0696,2.0185,2.895,3.5229,4.2258,4.8241,5.1813,5.5619,5.8111,5.9508,6.0532,6.1132,6.1879,6.275,6.478,6.7921,7.0954,7.5365,7.9724,8.2507,8.4979,8.5437,8.3518,8.0103,7.2474,6.0883,4.9094,2.9021,0.42673,-1.9505,-2.7219,-1.9078,-0.3607,0.60332,1.4776,1.9274,2.0429,1.9918,1.826,1.7252,1.7255,1.8886,2.1681,2.3934,2.6608,2.8266,2.8418,2.7172,2.4178,1.993,1.6391,1.2698,1.1989,1.4442,2.2131,3.2901,4.4765
-14.832,-9.7825,-5.6054,-2.7778,-1.1958,0.4579,1.6431,2.2901,2.8238,3.0004,2.8204,2.4721,1.6984,0.6046,-0.36089,-1.6173,-2.4043,-2.3433,-1.6562,-0.72145,0.083656,0.53525,0.8328,0.83742,0.63938,0.1773,-0.43343,-0.92077,-1.49,-1.8076,-1.8116,-1.6935,-1.5275,-1.5412,-1.7714,-2.4895,-3.8274,-6.0277,-8.6799,-13.868,-15.059,-10.945,-6.8169,-4.2648,-3.0364,-1.9181,-1.2052,-0.76107,-0.50064,-0.13415,0.27556,0.59935,1.105,1.631,1.989,2.4443,2.8085,3.1109,3.2773,3.4011,3.4482,3.396,3.268,3.0801,2.9168,2.8566,2.9302,3.2205,3.5347,4.0478,4.5589,4.8977,5.2569,5.5221,5.669,5.6805,5.5959,5.3928,5.1516,4.6973,4.0838,3.502,2.5861,1.4748,0.1841,-0.89804,-2.4143,-3.8858,-4.8355,-5.6909,-6.0735,-6.0608,-5.8564,-5.4833,-4.8275,-4.1266,-3.0035,-1.7365,-0.82903,0.27641,1.1256,1.7322,1.9897,2.0257,1.7222,1.2461,0.2506,-1.1809,-2.42,-3.9624,-4.4637,-3.5107,-2.3804,-0.96096,0.079834,0.61216,0.93857,0.88265,0.43912,-0.14171,-1.2224,-2.6831,-3.9573,-5.6726,-7.0043,-7.3736,-6.9095,-5.9845,-5.0326,-4.3787,-3.6878,-3.2277,-2.9752,-2.795,-2.8423,-2.9702,-3.3632,-4.0062,-4.8126,-5.2326,-5.0462,-3.5349,-1.9464,0.26678,2.2377,3.8983,4.9601,6.1204,7.0306,7.5715,8.1446,8.5657,8.808,9.0445,9.2251,9.3808,9.5051,9.7072,9.9557,10.192,10.535,10.89,11.134,11.393,11.525,11.489,11.334,10.942,10.329,9.7458,8.8385,7.8883,7.0221,6.4905,5.963,5.5487,5.2408,4.6594,3.8338,2.98,1.5524,-0.05439,-1.3221,-1.5425,-0.69183,0.65103,1.6479,2.6654,3.2895,3.4651,3.32,2.6875,1.497,0.13361,-2.4886,-5.4659,-5.6227,-2.0745,1.549,4.2781
-4.216,-3.0721,-1.2896,0.40295,1.4885,2.6689,3.554,4.008,4.3513,4.3125,3.8826,3.2358,1.8664,-0.31972,-2.7723,-8.2013,-23.397,-14.001,-6.2629,-2.9024,-1.0967,-0.36669,-0.019832,-0.23685,-0.72344,-1.8472,-3.5978,-5.2863,-7.9481,-9.2171,-7.3818,-5.4449,-3.3862,-2.0591,-1.5368,-1.4627,-2.0284,-3.1828,-4.3889,-5.9381,-6.0304,-4.8259,-2.8012,-1.0418,-0.015864,0.99711,1.6506,2.0455,2.2102,2.3492,2.443,2.5209,2.7086,3.0088,3.2874,3.7139,4.1195,4.4029,4.524,4.4627,4.1054,3.6163,2.6403,1.2702,-0.42114,-1.6152,-2.2924,-1.5818,-0.51288,0.93771,2.1083,2.8248,3.5502,4.1074,4.5454,4.8368,5.0967,5.2664,5.2829,5.1679,4.8854,4.5648,4.0005,3.3096,2.51,1.867,0.91403,-0.071801,-0.83783,-1.9602,-3.2287,-4.7612,-6.1591,-8.4062,-9.8257,-9.0509,-6.1814,-3.381,-1.6114,0.21939,1.594,2.6082,3.1585,3.5878,3.7537,3.7283,3.5277,3.1942,2.9452,2.6463,2.5203,2.575,2.7114,2.9498,3.138,3.1541,3.0461,2.6621,1.9304,1.1565,-0.34662,-2.5172,-4.8541,-9.5768,-20.677,-21.998,-10.914,-6.8834,-4.6723,-3.6722,-2.9369,-2.6725,-2.6561,-2.8794,-3.3106,-3.7505,-4.6373,-6.1078,-8.9662,-12.996,-24.12,-10.004,-4.9883,-0.75983,2.1885,4.3244,5.5604,6.8748,7.852,8.4196,8.9816,9.3759,9.5507,9.6874,9.7222,9.6937,9.6748,9.7063,9.8817,10.127,10.631,11.263,11.766,12.401,12.932,13.287,13.429,13.451,13.278,13.038,12.579,12.001,11.336,10.788,9.998,9.0966,8.3151,7.07,5.4557,3.9077,1.1049,-3.1918,-11.533,-15.362,-5.3726,-0.86876,1.1363,2.8657,3.8329,4.2042,4.2406,3.7743,2.7678,1.5964,-0.49987,-2.5253,-2.4794,0.18941,3.2675,5.7959
-0.14439,0.0051547,0.4633,1.101,1.6465,2.3589,2.9954,3.346,3.6575,3.7155,3.4662,3.029,2.1147,0.80101,-0.40021,-2.085,-3.2652,-3.3471,-2.8568,-2.1533,-1.6891,-1.616,-1.8868,-2.5544,-3.2921,-4.5932,-6.5258,-8.357,-11.643,-13.255,-10.083,-7.2719,-4.4332,-2.501,-1.4896,-0.64376,-0.2183,-0.09478,-0.062531,-0.067831,0.10482,0.37306,0.75869,1.2085,1.48,1.696,1.6906,1.4777,1.1629,0.54995,-0.21084,-0.77616,-1.2157,-1.0374,-0.48089,0.56527,1.6368,2.4353,2.8075,2.9312,2.5497,1.9108,0.46082,-1.9056,-5.7826,-10.626,-18.556,-10.055,-6.5359,-3.9767,-2.6999,-2.1517,-1.7194,-1.2999,-0.62467,0.037739,0.90688,1.6423,2.0226,2.2865,2.2937,2.1495,1.7894,1.3289,0.83509,0.48127,-0.028168,-0.58453,-1.067,-1.9524,-3.1654,-4.9388,-6.7192,-10.089,-13.331,-12.166,-8.215,-5.0196,-3.1788,-1.3632,0.041913,1.0989,1.7491,2.4104,2.8711,3.112,3.2827,3.3312,3.3072,3.2117,3.0904,2.9707,2.8871,2.7919,2.7007,2.5695,2.3618,2.0168,1.4756,0.93959,-0.042945,-1.277,-2.3935,-3.9078,-5.0758,-5.3585,-4.9606,-4.2438,-3.6594,-3.5176,-3.7769,-4.4826,-5.2952,-6.5968,-7.6017,-7.8565,-7.4311,-6.8277,-6.3049,-5.8924,-4.9176,-3.2566,-1.7797,0.22584,2.0178,3.4284,4.2789,5.149,5.7884,6.1533,6.4779,6.6653,6.6716,6.5416,6.1801,5.5809,4.9862,4.1275,3.6552,3.8739,5.103,6.8746,8.2048,9.7675,11.01,11.918,12.392,12.772,12.892,12.826,12.555,12.105,11.488,10.932,10.083,9.1012,8.2686,7.0647,5.7074,4.5889,3.0054,1.4727,0.36167,0.037392,0.38104,1.2062,1.8982,2.7308,3.3116,3.607,3.7653,3.7413,3.5671,3.4048,3.2857,3.4027,3.7468,4.5583,5.643,6.812
-0.98983,-1.249,-1.2681,-0.91129,-0.41117,0.40166,1.274,1.8674,2.5278,3.0026,3.2273,3.2407,3.0484,2.6351,2.2473,1.6414,1.0248,0.58346,0.0020989,-0.66161,-1.5116,-2.3133,-3.5035,-4.8546,-5.8122,-6.7819,-7.0998,-7.0278,-6.6616,-5.8303,-4.5962,-3.5532,-2.1234,-0.85792,-0.050177,0.7991,1.3993,1.7649,1.9508,2.1144,2.1908,2.1903,2.15,2.0565,1.9159,1.5883,1.083,0.31294,-0.48732,-2.0683,-4.5037,-7.2299,-13.557,-14.232,-8.4501,-3.7545,-0.89756,0.89776,1.7344,2.33,2.3791,2.0932,1.2881,0.087718,-1.3469,-2.4106,-3.4328,-3.9363,-4.1269,-4.5734,-5.5893,-6.9961,-9.8074,-12.232,-9.8646,-6.9721,-4.0695,-2.2642,-1.4037,-0.86675,-0.90487,-1.2246,-1.953,-2.7738,-3.3314,-3.3965,-3.0085,-2.4775,-2.1857,-2.0014,-2.1334,-2.542,-3.0142,-3.64,-4.0384,-4.1043,-3.8464,-3.3995,-3.0257,-2.4808,-1.8636,-1.1905,-0.59128,0.23998,0.96448,1.39,1.7588,1.9129,1.849,1.6341,1.2918,0.90304,0.6374,0.37312,0.26271,0.27348,0.31815,0.3788,0.40736,0.34761,0.18447,-0.094457,-0.29719,-0.61058,-0.88095,-1.027,-1.1466,-1.2937,-1.6543,-2.1345,-3.1841,-4.9104,-6.9661,-11.625,-24.038,-21.237,-10.997,-6.7829,-4.1908,-2.8557,-1.395,-0.17987,0.61578,1.4806,2.1109,2.5301,2.6697,2.7386,2.6886,2.665,2.6808,2.7395,2.7791,2.6736,2.2127,1.1877,-0.20311,-3.508,-11.772,-19.341,-3.6159,1.9946,4.7095,7.3027,9.1254,10.409,11.07,11.617,11.833,11.793,11.522,11.015,10.31,9.6785,8.718,7.682,6.8848,5.8388,4.848,4.1355,3.3116,2.6259,2.1165,1.8897,1.7626,1.7977,1.9237,2.1098,2.298,2.399,2.4989,2.5721,2.6507,2.7788,3.0515,3.4938,3.9488,4.6986,5.5582,6.4101
-5.4154,-6.8403,-7.7117,-6.7279,-5.2704,-3.1773,-1.2761,-0.00036632,1.3865,2.4721,3.2667,3.6928,4.022,4.1096,4.0184,3.7275,3.2409,2.6928,1.8112,0.62781,-0.95367,-2.4627,-5.139,-8.9595,-12.73,-16.342,-11.894,-8.8802,-5.8778,-3.7551,-2.0886,-1.0171,0.18709,1.1976,1.8023,2.4393,2.8803,3.146,3.2134,3.2045,3.0405,2.8323,2.5134,2.0682,1.6944,1.1609,0.58855,-0.084456,-0.66899,-1.6307,-2.861,-3.8605,-4.9042,-4.5481,-3.2413,-1.0784,0.84885,2.317,3.0912,3.7473,4.0059,3.9505,3.6115,3.0275,2.2702,1.6536,0.75451,-0.21859,-1.0221,-2.2948,-3.9442,-5.5061,-8.0599,-9.7719,-8.4313,-6.3961,-4.0951,-2.5485,-1.9026,-1.6882,-2.2603,-3.2706,-5.6476,-9.9304,-16.49,-13.642,-7.5858,-4.1352,-2.5162,-1.1127,-0.35687,-0.028441,-0.031397,-0.20552,-0.6112,-1.0644,-1.8545,-2.9398,-4.0008,-5.548,-6.6364,-5.9669,-4.6378,-2.6335,-1.0338,-0.20545,0.44088,0.54664,0.31018,-0.41302,-1.5584,-2.9828,-4.0123,-4.8502,-4.7501,-4.1118,-3.1199,-2.1851,-1.4107,-0.94289,-0.38961,0.056514,0.35533,0.69622,0.99163,1.1543,1.2703,1.2525,1.038,0.73806,0.099851,-0.85,-1.7205,-2.905,-3.5819,-3.499,-2.5162,-1.1719,0.13226,0.98347,1.8515,2.441,2.7177,2.795,2.5077,1.8483,1.0654,-0.3563,-2.059,-3.193,-3.5806,-2.6605,-1.6146,-0.49935,0.19324,0.40749,0.32858,0.077381,0.09291,0.63814,2.2513,4.3567,5.9181,7.7299,9.167,10.215,10.756,11.164,11.228,11.067,10.575,9.783,8.7285,7.7859,6.3752,4.9169,3.9019,2.7448,1.9362,1.5566,1.2134,0.96583,0.73741,0.58165,0.39585,0.30327,0.26292,0.23269,0.23192,0.18243,0.084102,-0.11647,-0.2875,-0.31845,-0.074914,0.65327,1.4393,2.6738,3.9236,5.0688
-10.911,-15.529,-22.512,-15.363,-11.218,-7.3689,-4.4527,-2.6347,-0.56503,1.0906,2.4126,3.1653,3.891,4.3162,4.4284,4.34,3.9717,3.5306,2.6732,1.5154,0.042244,-1.2978,-3.4849,-5.9521,-7.7844,-8.9212,-7.6292,-5.9289,-3.8583,-2.1112,-0.68732,0.20944,1.174,1.9043,2.3082,2.6763,2.8503,2.8554,2.7342,2.3941,1.8914,1.426,0.64208,-0.25619,-0.95866,-1.7694,-2.3211,-2.4481,-2.3268,-1.895,-1.3413,-0.89871,-0.20394,0.65399,1.3991,2.4185,3.3971,4.228,4.7071,5.1119,5.2484,5.1836,4.8944,4.3899,3.7151,3.116,2.2315,1.3063,0.59484,-0.33557,-1.2068,-1.7618,-2.2492,-2.4193,-2.177,-1.86,-1.2267,-0.72199,-0.53004,-0.56647,-1.0209,-1.708,-3.012,-4.5807,-5.487,-5.0884,-3.3975,-1.5441,-0.37135,0.76859,1.4901,1.834,1.8972,1.6829,1.1468,0.52627,-0.70574,-2.5358,-4.4842,-8.5096,-14.816,-12.268,-7.8751,-4.0796,-1.8492,-0.86384,-0.22454,-0.30922,-0.80173,-2.1496,-4.4551,-8.2103,-13.011,-34.252,-15.452,-10.987,-7.8593,-6.1364,-5.0125,-4.2391,-3.25,-2.1702,-1.3998,-0.36112,0.56677,1.1668,1.8093,2.2746,2.5887,2.7134,2.7411,2.6567,2.5574,2.4685,2.4795,2.5772,2.8487,3.2208,3.6204,3.8952,4.1351,4.1829,4.0469,3.6187,2.8292,1.5208,0.10725,-2.6727,-7.1576,-12.689,-15.707,-8.3057,-5.2651,-2.8287,-1.2959,-0.21759,0.49801,1.4177,2.4694,3.3621,4.6611,6.0113,6.987,8.1589,9.1085,9.7765,10.087,10.218,10.018,9.6529,8.8435,7.6607,6.0531,4.5246,2.0008,-1.157,-3.8254,-6.4783,-6.2098,-5.0297,-3.8352,-3.2968,-3.3242,-3.6506,-4.2338,-4.6815,-4.8016,-4.5367,-4.179,-4.0182,-4.2483,-5.1438,-6.8473,-8.6883,-10.254,-7.9481,-5.1305,-1.9475,0.49241,2.3458
-9.5444,-11.206,-12.855,-13.195,-12.52,-10.267,-7.4198,-5.2688,-2.6884,-0.56005,1.1412,2.1412,3.1418,3.7767,4.0407,4.1006,3.8585,3.5178,2.8111,1.8881,0.79624,-0.092638,-1.2507,-2.247,-2.7796,-3.0902,-2.9164,-2.5305,-1.7897,-0.95844,-0.15853,0.35067,0.91974,1.3051,1.4849,1.5521,1.4345,1.1208,0.78445,0.13833,-0.70778,-1.5114,-2.9175,-4.7465,-6.472,-9.3749,-11.849,-10.56,-8.0631,-5.0319,-2.6188,-1.1508,0.49877,1.8579,2.7334,3.7377,4.5384,5.135,5.4482,5.6472,5.6054,5.4211,4.9609,4.2686,3.3655,2.5634,1.4102,0.24023,-0.56745,-1.4274,-1.9106,-2.0451,-1.8925,-1.5015,-0.99453,-0.58451,-0.071948,0.36258,0.61821,0.82187,0.88555,0.8446,0.74457,0.68791,0.78432,0.98776,1.4223,1.9514,2.3468,2.7835,3.0848,3.186,3.1413,2.8834,2.4453,1.9931,1.2312,0.3002,-0.43282,-1.34,-1.8586,-1.7155,-1.2431,-0.4422,0.29695,0.6745,0.81653,0.53927,0.019412,-1.1191,-2.736,-4.7401,-6.283,-7.9043,-8.6706,-8.8903,-9.2094,-9.9604,-10.775,-10.887,-9.591,-7.2224,-5.3944,-3.271,-1.5102,-0.39365,0.85913,1.8586,2.6404,3.0957,3.5663,3.9197,4.1217,4.3288,4.4839,4.6091,4.7465,4.8885,4.9922,5.0219,5.0045,4.8655,4.6453,4.1823,3.4887,2.5149,1.5832,0.17635,-1.2919,-2.2702,-3.0271,-3.1905,-3.1738,-3.0812,-3.0855,-2.8628,-2.3337,-1.01,0.78049,2.1957,3.9677,5.5119,6.4914,7.5472,8.3034,8.756,8.8862,8.7914,8.3869,7.8688,6.8972,5.5773,3.8441,2.2096,-0.52691,-4.1521,-7.5177,-11.423,-10.03,-8.0691,-6.4879,-6.1366,-6.9285,-8.3559,-11.805,-17.849,-18.324,-12.442,-8.9395,-7.5354,-6.8722,-7.262,-8.7852,-10.485,-12.162,-9.9388,-7.245,-4.202,-1.891,-0.13503
-9.4408,-11.479,-15.325,-23.389,-33.586,-15.807,-9.61,-6.4772,-3.2803,-0.82063,1.0391,2.1293,3.2038,3.8931,4.1835,4.2742,4.0508,3.6637,2.9236,1.9347,0.74639,-0.21196,-1.4539,-2.4673,-2.9229,-3.028,-2.7143,-2.301,-1.587,-0.88955,-0.31148,0.014761,0.28586,0.37504,0.31502,0.066415,-0.35727,-0.95067,-1.5031,-2.2993,-3.2418,-4.0893,-5.3662,-6.9943,-8.5299,-11.174,-13.388,-11.628,-8.8015,-5.2457,-2.4206,-0.66541,1.225,2.7521,3.6837,4.7025,5.4645,5.9662,6.1751,6.2405,6.0447,5.7121,5.0152,4.0145,2.6708,1.4339,-0.57805,-3.0055,-4.9842,-7.1165,-7.3264,-6.2719,-4.5306,-2.9121,-1.6068,-0.76765,0.097928,0.82454,1.2901,1.8044,2.2228,2.5115,2.8407,3.1521,3.4473,3.6729,3.9413,4.1751,4.3021,4.4039,4.3918,4.2712,4.0933,3.8013,3.4487,3.1635,2.8115,2.5211,2.3539,2.2596,2.3115,2.5019,2.7149,2.9999,3.224,3.3144,3.2561,2.9654,2.5723,1.8273,0.84874,-0.32476,-1.2956,-2.6826,-4.204,-5.515,-7.7597,-10.987,-16.29,-21.655,-16.57,-10.822,-8.0065,-5.2134,-3.0116,-1.6246,-0.04024,1.2836,2.3483,3.011,3.717,4.2344,4.5186,4.774,4.9391,5.0191,5.0894,5.1307,5.1521,5.1507,5.1261,5.0569,4.9718,4.7626,4.4279,3.985,3.5944,2.9614,2.2478,1.6652,0.81088,-0.20351,-1.1964,-3.0932,-6.273,-12.513,-16.633,-7.3604,-1.9184,0.80484,3.4387,5.3269,6.3731,7.3704,7.9703,8.2142,8.1751,7.8583,7.261,6.6431,5.6388,4.4441,3.1101,2.0438,0.58953,-0.82916,-1.7805,-2.6985,-3.1732,-3.3336,-3.5164,-3.9413,-4.8068,-5.7913,-7.4642,-8.9714,-9.0454,-7.7035,-6.0734,-5.1618,-4.3834,-4.1218,-4.2027,-4.3313,-4.3791,-4.1678,-3.8218,-3.1859,-2.4511,-1.6199
-8.5956,-9.2551,-9.9457,-10.113,-9.5935,-7.8258,-5.4379,-3.6364,-1.4247,0.46751,1.9924,2.9021,3.8173,4.3993,4.6131,4.6236,4.301,3.8237,2.8745,1.5104,-0.32714,-2.0798,-4.9596,-8.2243,-9.7771,-8.6576,-6.1463,-4.5138,-2.9372,-1.8634,-1.2117,-0.94113,-0.88202,-1.1093,-1.4695,-2.1534,-3.0583,-4.0885,-4.9147,-5.9775,-6.8902,-7.379,-7.7676,-7.8481,-7.8239,-7.4828,-6.7449,-5.4976,-4.2672,-2.4446,-0.59101,0.70168,2.2805,3.6363,4.4906,5.4092,6.0877,6.5162,6.6624,6.6406,6.3493,5.9434,5.1381,4.003,2.4904,1.0429,-1.4231,-4.7971,-8.2732,-14.505,-13.744,-9.8125,-6.2544,-3.9933,-2.438,-1.5586,-0.59259,0.19977,0.73116,1.4154,2.0769,2.5545,3.1623,3.7079,4.1781,4.4709,4.7695,4.9399,4.9715,4.8749,4.6033,4.1841,3.7825,3.1983,2.6159,2.2726,2.0337,2.1231,2.3732,2.8816,3.4778,4.0612,4.4642,4.9274,5.2473,5.3758,5.4094,5.2476,4.9956,4.5056,3.8211,2.9576,2.1936,1.0014,-0.36565,-1.5129,-3.2139,-5.0301,-6.6551,-7.5755,-8.0941,-7.8817,-7.2971,-6.0341,-4.3845,-3.019,-1.2407,0.33663,1.6373,2.4083,3.1784,3.6592,3.8628,3.9628,3.9171,3.7982,3.6344,3.4877,3.4397,3.4909,3.6221,3.814,3.9769,4.1804,4.3373,4.4256,4.4371,4.3422,4.1284,3.893,3.4142,2.7254,2.0677,0.90219,-0.44408,-1.4994,-1.494,-0.12879,1.968,3.5029,5.2202,6.5152,7.2186,7.8163,8.0408,7.9083,7.5916,6.8818,5.8743,4.9685,3.6267,2.2801,1.1165,0.46258,-0.12181,-0.42914,-0.53787,-0.55709,-0.51963,-0.47789,-0.45758,-0.50918,-0.65475,-0.81805,-1.032,-1.157,-1.1148,-0.88915,-0.62297,-0.43933,-0.30551,-0.37928,-0.64783,-1.0028,-1.6341,-2.5181,-3.3286,-4.5433,-5.5753,-5.7393
-11.118,-9.9852,-8.3545,-6.7832,-5.6163,-4.0347,-2.4574,-1.301,0.12493,1.3883,2.4512,3.1054,3.7776,4.2033,4.3505,4.3064,3.9661,3.519,2.5959,1.2545,-0.60471,-2.4274,-5.5679,-9.5497,-11.582,-9.9014,-6.9393,-5.3221,-3.8474,-3.0255,-2.6761,-2.6832,-2.9905,-3.6538,-4.3682,-5.645,-7.3122,-9.4501,-11.241,-13.865,-15.658,-15.605,-14.346,-12.608,-11.24,-9.3497,-7.4322,-5.5114,-4.0624,-2.2188,-0.49996,0.68967,2.1245,3.3418,4.1217,4.9494,5.5369,5.9002,6.0234,5.9671,5.6677,5.2906,4.567,3.5882,2.3678,1.2953,-0.29719,-1.9883,-3.1784,-4.3959,-4.9604,-4.9176,-4.5632,-4.1319,-3.7426,-3.5229,-3.2308,-2.8909,-2.5109,-1.7683,-0.81006,-0.025897,1.0205,1.9686,2.7648,3.2256,3.6678,3.8771,3.8795,3.6434,3.1296,2.2792,1.4224,-0.096994,-1.9473,-3.3254,-4.2508,-3.2809,-1.7775,0.25018,1.9731,3.3338,4.1303,4.9512,5.5267,5.8071,6.0045,6.016,5.9138,5.6268,5.1796,4.5731,4.0149,3.1325,2.0778,1.1591,-0.19639,-1.716,-3.4564,-4.9715,-7.3595,-10.554,-13.291,-13.668,-9.3851,-6.4387,-3.4457,-1.2944,0.22779,1.0109,1.6576,1.9078,1.8467,1.4654,0.75903,0.083794,-0.90255,-1.6906,-1.9781,-1.7926,-1.149,-0.31258,0.3143,1.1428,1.9314,2.6364,3.0959,3.6541,4.0956,4.3351,4.544,4.6187,4.5945,4.5303,4.4886,4.5773,4.7868,5.2754,5.9253,6.4401,7.0798,7.5676,7.795,7.8627,7.6286,7.056,6.383,5.1221,3.4002,1.7676,-0.9109,-4.0171,-6.5481,-6.8841,-5.5618,-3.8682,-2.775,-1.6376,-0.74142,-0.18581,0.43321,0.94438,1.3649,1.6297,1.9244,2.1906,2.3438,2.4766,2.5464,2.5352,2.3693,2.0283,1.4519,0.8311,-0.33784,-1.9958,-3.7064,-7.1186,-13.35,-24.356
-15.815,-11.839,-8.3897,-5.9451,-4.5038,-2.9026,-1.5531,-0.67929,0.34989,1.2219,1.9603,2.4217,2.906,3.2413,3.3907,3.4229,3.2597,2.9928,2.439,1.6606,0.67171,-0.16671,-1.3601,-2.3939,-2.9625,-3.3566,-3.4138,-3.3938,-3.4263,-3.6636,-4.1339,-4.6535,-5.5053,-6.5629,-7.4948,-9.0178,-11.003,-13.757,-16.745,-22.367,-29.999,-27.371,-22.679,-19.546,-17.225,-14.062,-10.818,-7.8709,-5.9217,-3.6376,-1.7116,-0.4618,0.94156,2.0931,2.7995,3.5441,4.0665,4.3733,4.4739,4.42,4.1592,3.8249,3.2082,2.3969,1.4102,0.60034,-0.55354,-1.6944,-2.4972,-3.4339,-4.188,-4.6447,-5.1918,-5.7744,-6.5487,-7.3186,-8.6994,-10.077,-10.439,-9.1862,-6.738,-4.8712,-2.7457,-1.0544,0.22482,0.94612,1.6051,1.9511,2.0077,1.8121,1.2787,0.33931,-0.69982,-2.7374,-5.8931,-9.5917,-15.374,-9.6111,-5.5154,-1.9,0.54121,2.257,3.2044,4.1367,4.7744,5.1043,5.361,5.4665,5.4625,5.345,5.1226,4.7867,4.4522,3.8997,3.1915,2.5514,1.5275,0.2867,-1.2461,-2.6131,-4.8201,-7.4436,-9.2271,-9.5765,-7.3068,-5.3197,-3.1295,-1.5243,-0.44911,0.06042,0.33591,0.1747,-0.26026,-1.3188,-3.04,-4.8739,-8.3952,-13.592,-15.882,-12.598,-8.8774,-6.559,-5.3205,-3.9413,-2.5904,-1.1575,-0.075632,1.312,2.5313,3.2986,4.159,4.8344,5.2273,5.6679,6.0272,6.3519,6.5866,6.9054,7.2111,7.4128,7.6193,7.7123,7.6747,7.4446,6.9637,6.1813,5.3562,3.8808,1.8887,-0.031495,-3.3924,-8.0402,-13.357,-13.182,-9.4503,-6.7163,-5.2519,-3.7452,-2.4624,-1.5669,-0.45314,0.56368,1.4685,2.0697,2.7512,3.2888,3.5952,3.875,4.0139,4.0044,3.839,3.4907,2.9255,2.3561,1.382,0.17226,-0.89032,-2.4053,-3.7136,-4.3418
-7.5135,-6.4946,-5.0338,-3.6941,-2.8017,-1.828,-1.0463,-0.56141,-0.027514,0.4114,0.81095,1.0948,1.4662,1.8196,2.0558,2.3059,2.4451,2.4479,2.3306,2.0715,1.6894,1.3323,0.79674,0.23043,-0.19973,-0.80959,-1.493,-2.0586,-3.0077,-4.176,-5.6092,-6.7943,-8.3964,-9.7056,-10.448,-11.206,-12.072,-13.207,-14.304,-16.189,-18.17,-19.959,-23.457,-34.711,-29.931,-18.448,-12.74,-8.9138,-6.6783,-4.336,-2.4745,-1.3499,-0.11331,0.85761,1.4227,2.0108,2.4335,2.6793,2.7455,2.7025,2.4815,2.1796,1.6021,0.81967,-0.17205,-1.0453,-2.3121,-3.6099,-4.5268,-5.5567,-6.2626,-6.6658,-7.1084,-7.6626,-8.6314,-9.7575,-12.27,-16.649,-20.758,-16.336,-10.614,-7.7845,-4.9972,-3.0095,-1.5791,-0.77389,-0.022099,0.43117,0.58697,0.58567,0.3435,-0.092051,-0.55793,-1.2731,-2.0205,-2.4164,-2.469,-1.8163,-0.96782,0.3222,1.5229,2.5139,3.099,3.6485,3.9702,4.0977,4.1677,4.1739,4.1669,4.184,4.2145,4.2331,4.2111,4.0913,3.8508,3.5838,3.0804,2.4117,1.615,0.95933,0.055169,-0.74665,-1.166,-1.4018,-1.2499,-0.95356,-0.46124,-0.01263,0.28885,0.38125,0.28244,-0.14041,-0.68946,-1.7902,-3.3742,-4.9469,-7.5569,-10.289,-11.643,-11.354,-10.602,-10.53,-10.965,-11.497,-9.9081,-6.5112,-4.022,-1.2632,0.87274,2.149,3.4903,4.5128,5.1214,5.7384,6.2047,6.5587,6.7695,6.9914,7.1696,7.2804,7.3759,7.3941,7.333,7.125,6.7254,6.0897,5.4335,4.2976,2.8435,1.5564,-0.35641,-2.3194,-4.0727,-5.0983,-6.0771,-6.6818,-6.9017,-6.537,-5.3711,-4.1241,-2.309,-0.59579,0.89687,1.8557,2.9237,3.7464,4.2333,4.7187,4.9914,5.0651,5.0115,4.7673,4.3552,3.9438,3.2904,2.5373,1.9313,1.1544,0.45068,-0.10706
