-0.93863,-1.0199,-1.1258,-1.2307,-1.3118,-1.4229,-1.5489,-1.6557,-1.8023,-1.9615,-2.1052,-2.1808,-2.235,-2.1842,-2.0664,-1.789,-1.3786,-0.9958,-0.44268,0.12377,0.66694,1.0444,1.4845,1.8435,2.0484,2.2205,2.2842,2.2557,2.1145,1.8522,1.4614,1.0788,0.44641,-0.34196,-1.045,-2.1391,-3.4053,-4.7944,-5.8425,-7.0082,-7.5814,-7.4667,-6.7029,-5.5979,-4.7257,-3.6478,-2.7243,-1.9737,-1.526,-1.0831,-0.81221,-0.70552,-0.70007,-0.86827,-1.1286,-1.6289,-2.2707,-3.0442,-3.7092,-4.5917,-5.122,-4.9544,-3.8124,-1.9774,0.064424,1.5542,3.4047,5.0786,6.2236,7.6174,8.8683,9.7302,10.79,11.758,12.642,13.253,14.007,14.696,15.173,15.759,16.291,16.655,17.1,17.496,17.841,18.066,18.321,18.523,18.638,18.741,18.786,18.771,18.717,18.588,18.388,18.191,17.863,17.455,17.095,16.541,15.897,15.158,14.54,13.622,12.593,11.739,10.49,9.0991,7.9563,6.2882,4.4524,2.4608,0.89083,-1.2257,-3.1604,-4.2847,-5.1243,-5.2589,-5.0623,-4.9272,-4.9133,-5.1134,-5.4264,-6.0371,-6.8004,-7.3859,-8.0464,-8.337,-8.1821,-7.7933,-7.074,-6.3703,-5.8742,-5.1823,-4.3703,-3.7008,-2.8016,-1.9412,-1.1343,-0.55519,0.15879,0.79052,1.2218,1.7424,2.2023,2.6013,2.8602,3.1374,3.3414,3.4527,3.5483,3.5905,3.584,3.5256,3.4143,3.2526,3.0988,2.8504,2.5637,2.3335,2.0132,1.6867,1.443,1.1322,0.8602,0.61905,0.45485,0.24623,0.06576,-0.053688,-0.20569,-0.35867,-0.53978,-0.70609,-0.97714,-1.3257,-1.645,-2.1411,-2.75,-3.2923,-4.1361,-5.1498,-6.3415,-7.4067,-9.0481,-10.878,-12.128,-12.943,-12.081,-10.698,-8.6216,-6.7022,-5.0383,-3.9373,-2.6301,-1.5057,-0.75454,0.13598,0.90641,1.5688
-0.27657,-0.20547,-0.12947,-0.073942,-0.043397,-0.014765,0.00018271,0.0054235,0.0058426,0.0043443,0.0048762,0.0088463,0.02232,0.044751,0.071581,0.11995,0.18035,0.23171,0.30211,0.36814,0.42312,0.44957,0.45395,0.41458,0.34968,0.20645,-0.0096223,-0.22671,-0.59521,-1.0624,-1.6321,-2.1326,-2.8973,-3.7754,-4.5047,-5.5477,-6.6312,-7.676,-8.3691,-9.0744,-9.4688,-9.5612,-9.4799,-9.2837,-9.1187,-8.9482,-8.8848,-8.9479,-9.0783,-9.3344,-9.6448,-9.8667,-10.066,-10.043,-9.8357,-9.3018,-8.5492,-7.67,-6.9715,-6.0151,-5.0618,-4.3583,-3.4305,-2.5083,-1.5925,-0.91548,-0.036922,0.79956,1.3901,2.1152,2.757,3.177,3.6526,4.0322,4.326,4.5036,4.708,4.9146,5.1039,5.4479,5.9348,6.4022,7.1454,7.984,8.8612,9.5135,10.344,11.103,11.616,12.216,12.715,13.112,13.343,13.564,13.689,13.721,13.685,13.562,13.417,13.156,12.823,12.426,12.089,11.596,11.058,10.632,10.043,9.4384,8.983,8.3819,7.7972,7.2377,6.8374,6.3329,5.8634,5.533,5.1174,4.7265,4.3538,4.0836,3.733,3.3903,3.1398,2.8163,2.5081,2.2866,2.0105,1.7625,1.5378,1.3796,1.1777,0.98774,0.85307,0.68425,0.52423,0.4089,0.26339,0.12377,-0.01074,-0.10742,-0.23278,-0.35507,-0.44204,-0.54998,-0.65493,-0.76117,-0.84389,-0.96391,-1.1029,-1.226,-1.4288,-1.6884,-1.9281,-2.3267,-2.8336,-3.47,-4.0508,-4.9913,-6.167,-7.247,-9.0334,-11.393,-13.758,-18.441,-27.863,-24.755,-18.855,-14.551,-11.883,-10.45,-9.0177,-7.974,-7.2141,-6.797,-6.4096,-6.1913,-6.1251,-6.1522,-6.2898,-6.4604,-6.7655,-7.1462,-7.5882,-7.9475,-8.4485,-8.9557,-9.3229,-9.7694,-10.13,-10.325,-10.455,-10.403,-10.131,-9.7723,-9.1015,-8.2583,-7.5441,-6.5338,-5.5104,-4.522
0.20573,0.2724,0.31801,0.31211,0.27336,0.17823,0.036387,-0.095877,-0.29985,-0.51705,-0.72949,-0.87187,-1.0202,-1.1004,-1.1051,-1.0302,-0.86312,-0.69537,-0.43008,-0.14063,0.14558,0.34405,0.57184,0.74146,0.82529,0.87245,0.8379,0.75606,0.57332,0.30391,-0.044158,-0.35275,-0.82715,-1.3667,-1.8032,-2.4171,-3.0494,-3.6816,-4.1468,-4.7507,-5.327,-5.7379,-6.2624,-6.7636,-7.1353,-7.6478,-8.2125,-8.877,-9.4529,-10.362,-11.478,-12.475,-13.915,-15.099,-15.269,-14.071,-11.878,-9.5491,-7.9277,-5.9927,-4.2966,-3.1649,-1.8284,-0.65226,0.39915,1.1166,1.9763,2.721,3.201,3.7322,4.1254,4.3203,4.4284,4.3389,4.0141,3.5818,2.6928,1.3318,-0.10884,-2.7652,-5.8646,-6.1738,-2.574,1.2389,4.1924,5.9571,7.8649,9.3826,10.316,11.334,12.129,12.733,13.072,13.39,13.568,13.619,13.587,13.456,13.302,13.035,12.711,12.348,12.06,11.664,11.268,10.976,10.598,10.235,9.9726,9.6359,9.3111,8.9938,8.7587,8.4497,8.1417,7.9123,7.609,7.3102,7.0187,6.8057,6.5294,6.2635,6.073,5.8256,5.5776,5.3869,5.1254,4.8526,4.5592,4.3194,3.9652,3.5673,3.2345,2.7364,2.1714,1.6977,0.99495,0.20442,-0.67656,-1.3993,-2.4349,-3.5111,-4.3023,-5.2375,-5.8902,-6.1429,-6.0587,-5.6597,-5.0907,-4.6446,-4.0967,-3.6477,-3.3934,-3.173,-3.0882,-3.1413,-3.2632,-3.5378,-3.9239,-4.2695,-4.78,-5.3108,-5.6889,-6.1116,-6.3881,-6.4857,-6.4526,-6.2924,-6.0626,-5.8769,-5.6426,-5.45,-5.308,-5.2388,-5.1856,-5.1968,-5.2335,-5.3205,-5.4486,-5.5753,-5.7944,-6.0733,-6.4215,-6.7364,-7.2448,-7.8712,-8.4357,-9.3627,-10.519,-11.595,-13.403,-15.766,-18.586,-19.972,-18.349,-14.894,-12.516,-9.8991,-7.78,-6.0331
0.58722,0.80531,0.97575,1.0003,0.91996,0.67613,0.25808,-0.18126,-0.95689,-1.9906,-3.3266,-4.5759,-6.5872,-8.7876,-9.9279,-9.4532,-7.2526,-5.4605,-3.3764,-1.6999,-0.37732,0.41406,1.2497,1.8704,2.2129,2.5235,2.6819,2.7101,2.6366,2.4455,2.1477,1.8581,1.387,0.82028,0.33354,-0.39602,-1.2246,-2.1539,-2.9232,-4.0447,-5.2696,-6.2458,-7.5551,-8.7295,-9.3805,-9.7755,-9.5998,-9.0208,-8.4604,-7.6585,-6.9085,-6.3886,-5.7322,-5.0795,-4.5689,-3.8349,-3.029,-2.1468,-1.4429,-0.46385,0.5328,1.2845,2.2707,3.2293,4.1572,4.8327,5.6933,6.4818,7.0199,7.664,8.2225,8.5824,8.9801,9.2899,9.5174,9.6395,9.7526,9.8363,9.901,10.034,10.264,10.521,10.988,11.587,12.28,12.829,13.556,14.236,14.691,15.204,15.59,15.834,15.917,15.885,15.685,15.42,14.911,14.221,13.589,12.606,11.498,10.345,9.5364,8.6771,8.2089,8.1319,8.2965,8.6026,8.8335,9.0704,9.1851,9.1593,9.0473,8.7849,8.4089,8.066,7.5588,7.0356,6.5541,6.2539,5.9714,5.846,5.8502,5.9508,6.102,6.2174,6.3445,6.4156,6.4069,6.3395,6.1606,5.8753,5.5845,5.0861,4.4522,3.882,2.9835,1.9176,0.63929,-0.49375,-2.2819,-4.4592,-6.399,-9.3573,-11.846,-11.577,-9.8763,-7.4811,-5.535,-4.3792,-3.1716,-2.2491,-1.7034,-1.1394,-0.72485,-0.42712,-0.27217,-0.14389,-0.091235,-0.087557,-0.12542,-0.20812,-0.29911,-0.45382,-0.64915,-0.89381,-1.1116,-1.4593,-1.8908,-2.2705,-2.8757,-3.5852,-4.3911,-5.0269,-5.8413,-6.4937,-6.7856,-6.813,-6.4871,-6.0936,-5.5045,-4.9426,-4.4731,-4.1961,-3.9407,-3.8004,-3.7743,-3.8325,-3.9709,-4.107,-4.2936,-4.4439,-4.5057,-4.4674,-4.2838,-3.9314,-3.5655,-2.9744,-2.3013,-1.5886
-0.53441,-0.24154,-0.024288,0.035578,-0.00436,-0.15141,-0.4066,-0.66779,-1.1237,-1.7155,-2.4566,-3.1087,-4.0299,-4.7989,-5.0686,-4.7669,-3.7903,-2.8269,-1.5073,-0.324,0.65188,1.2403,1.8347,2.2305,2.4068,2.4916,2.4235,2.2841,1.9962,1.6177,1.1634,0.78805,0.25622,-0.30237,-0.74606,-1.375,-2.083,-2.9127,-3.6396,-4.7986,-6.2507,-7.588,-9.7845,-12.391,-14.17,-14.459,-12.312,-9.8528,-8.2686,-6.5597,-5.2504,-4.4946,-3.7223,-3.1421,-2.7929,-2.405,-2.0652,-1.7309,-1.4479,-0.98514,-0.37781,0.18967,1.0968,2.1332,3.2447,4.11,5.2474,6.3159,7.0536,7.9409,8.7304,9.2517,9.8529,10.353,10.764,11.021,11.313,11.575,11.77,12.053,12.391,12.693,13.164,13.712,14.322,14.8,15.435,16.035,16.441,16.898,17.233,17.422,17.454,17.332,17.002,16.603,15.844,14.79,13.771,12.043,9.7751,6.7919,4.0207,0.5409,1.0511,3.2302,5.7303,7.4091,8.227,8.8642,9.0723,8.913,8.5699,7.8207,6.7179,5.6275,3.7391,1.1811,-2.422,-6.103,-9.5032,-5.4107,-2.3208,0.59909,2.5982,3.6884,4.7488,5.4624,5.894,6.0592,6.1021,5.9599,5.7428,5.3228,4.7664,4.2713,3.5302,2.7257,1.8751,1.2241,0.37614,-0.41341,-0.94012,-1.5219,-1.9269,-2.1561,-2.2258,-2.22,-2.1389,-2.0749,-1.992,-1.9426,-1.918,-1.8819,-1.8131,-1.6514,-1.4702,-1.1649,-0.79954,-0.50568,-0.11863,0.21881,0.42877,0.62242,0.70031,0.64505,0.50754,0.17516,-0.34793,-0.88476,-1.8354,-3.1039,-4.7894,-6.4165,-9.2483,-12.946,-15.359,-14.076,-10.507,-8.3041,-6.1196,-4.5619,-3.4504,-2.8377,-2.2447,-1.8702,-1.7101,-1.6416,-1.712,-1.8435,-2.1083,-2.4597,-2.8632,-3.1826,-3.6001,-3.926,-4.054,-3.9788,-3.5961,-2.9254
-1.412,-1.849,-2.5924,-3.4207,-4.0096,-4.5155,-4.5212,-4.1833,-3.4289,-2.5456,-1.6965,-1.1262,-0.46247,0.12302,0.52135,1.0231,1.4836,1.7968,2.1551,2.4217,2.5753,2.6067,2.5163,2.2614,1.9611,1.4031,0.67121,0.0057336,-1.046,-2.2483,-3.5405,-4.4756,-5.4769,-5.9695,-5.9716,-5.5892,-5.0272,-4.493,-4.1605,-3.8475,-3.676,-3.6253,-3.6045,-3.5902,-3.5426,-3.3834,-3.1203,-2.787,-2.5176,-2.181,-1.9275,-1.8352,-1.8606,-2.0525,-2.3235,-2.901,-3.7947,-5.1239,-6.5209,-9.0912,-12.112,-12.531,-8.9322,-4.9492,-1.778,0.17841,2.3609,4.1425,5.2707,6.5381,7.5931,8.2502,8.9398,9.4218,9.6941,9.7544,9.6403,9.3072,8.9252,8.3024,7.7333,7.5596,7.982,9.1956,10.85,12.141,13.755,15.165,16.071,17.074,17.85,18.406,18.684,18.873,18.863,18.731,18.397,17.899,17.431,16.709,15.923,15.142,14.601,13.986,13.51,13.238,12.946,12.671,12.43,12.02,11.469,10.752,10.096,9.0641,7.8654,6.8684,5.4526,4.018,2.6956,1.9578,1.5577,1.8504,2.3643,3.226,4.0978,4.6777,5.302,5.73,5.9443,5.958,5.7775,5.3734,4.9295,4.1574,3.1881,2.3459,1.1194,-0.12329,-1.2612,-1.9454,-2.5204,-2.7236,-2.6764,-2.4888,-2.2517,-2.0668,-2.0095,-2.0942,-2.3693,-2.735,-3.4742,-4.5683,-5.6626,-7.5794,-9.9531,-11.758,-11.395,-8.9615,-6.3159,-4.6508,-2.8616,-1.4844,-0.66593,0.19124,0.80872,1.2269,1.419,1.5296,1.4809,1.3544,1.0641,0.65146,0.15114,-0.24823,-0.76614,-1.1874,-1.4018,-1.5383,-1.5235,-1.4397,-1.2816,-1.1133,-0.95943,-0.87258,-0.80186,-0.81142,-0.87249,-1.0198,-1.2634,-1.5299,-2.0192,-2.7105,-3.6842,-4.667,-6.4705,-9.1578,-12.313,-21.265,-21.319,-11.457
-2.296,-3.2516,-4.9084,-7.2401,-9.6632,-13.937,-14.573,-10.962,-6.7408,-3.7444,-1.5455,-0.25897,1.0832,2.089,2.6633,3.2271,3.5856,3.7196,3.7377,3.5674,3.2088,2.8205,2.1346,1.2639,0.50049,-0.67448,-1.992,-3.08,-4.7058,-6.6474,-9.1545,-11.661,-16.291,-18.856,-15.299,-10.801,-7.7338,-5.6179,-4.4364,-3.2481,-2.3919,-1.9245,-1.4565,-1.1162,-0.92569,-0.73414,-0.59398,-0.4902,-0.44294,-0.43948,-0.5063,-0.60268,-0.78218,-1.0602,-1.3842,-1.9901,-2.7897,-3.7672,-4.5714,-5.5838,-6.2248,-6.2094,-5.4014,-3.898,-2.1195,-0.75288,1.0148,2.6014,3.6989,5.0496,6.2594,7.0511,7.9172,8.5598,8.96,9.0816,8.9789,8.5171,7.8792,6.5398,4.5615,2.8736,2.2259,4.9915,8.4963,10.754,13.206,15.146,16.331,17.609,18.592,19.316,19.707,20.046,20.196,20.196,20.062,19.794,19.52,19.076,18.567,18.019,17.595,17.025,16.454,16.017,15.414,14.77,14.246,13.473,12.587,11.556,10.67,9.3218,7.7818,6.5151,4.743,3.0652,1.7849,1.3113,1.4418,2.2237,2.9863,4.0043,4.8885,5.4235,5.9372,6.2145,6.2453,6.0986,5.6663,4.957,4.2366,3.0029,1.4051,-0.11004,-2.6794,-6.2169,-11.799,-19.998,-18.242,-10.534,-7.6215,-5.1674,-3.6027,-2.5907,-2.1069,-1.787,-1.7841,-1.9874,-2.52,-3.34,-4.1256,-5.4048,-6.6672,-7.4123,-7.345,-6.4675,-5.1448,-4.1158,-2.8725,-1.8285,-1.1693,-0.41006,0.2303,0.77362,1.1222,1.5304,1.8544,2.0426,2.2091,2.2846,2.2594,2.1773,1.9805,1.6972,1.4346,1.0141,0.50636,0.066062,-0.58121,-1.2638,-1.9267,-2.3875,-2.8536,-3.1143,-3.1693,-3.078,-2.9039,-2.7796,-2.6727,-2.6648,-2.7787,-2.9398,-3.2199,-3.5063,-3.6604,-3.646,-3.2811,-2.5405
-4.6823,-4.5924,-4.415,-4.2086,-4.0081,-3.5983,-2.9366,-2.2795,-1.2545,-0.15101,0.90816,1.6415,2.49,3.1616,3.5311,3.8402,3.9248,3.8348,3.5166,2.9324,2.0622,1.207,-0.24224,-2.0715,-3.7193,-6.291,-9.0554,-10.785,-11.644,-11.001,-9.9766,-9.2653,-8.3954,-7.4999,-6.7893,-5.8056,-4.8577,-3.9848,-3.4241,-2.8629,-2.4868,-2.3316,-2.2732,-2.3485,-2.4682,-2.685,-2.8895,-3.0275,-3.0583,-3.0238,-2.9216,-2.8297,-2.7405,-2.7716,-2.902,-3.2232,-3.6704,-4.2254,-4.6854,-5.3373,-5.9751,-6.3789,-6.6484,-6.4737,-5.7475,-4.8756,-3.4083,-1.7869,-0.5458,1.1177,2.7006,3.7782,5.0706,6.2018,7.1807,7.808,8.5136,9.0881,9.4505,9.8938,10.357,10.762,11.435,12.281,13.283,14.088,15.165,16.185,16.88,17.686,18.335,18.813,19.057,19.229,19.229,19.119,18.83,18.392,17.975,17.321,16.583,15.8,15.215,14.488,13.856,13.451,12.987,12.569,12.248,11.755,11.136,10.332,9.575,8.3048,6.6646,5.1287,2.5548,-0.77743,-4.5525,-5.373,-2.5227,0.43578,2.1008,3.7273,4.8331,5.3964,5.8458,5.9769,5.8232,5.5312,4.9229,4.0689,3.276,2.0537,0.68392,-0.42977,-1.9216,-3.2831,-4.3321,-4.812,-4.9952,-4.6979,-4.2502,-3.5218,-2.8091,-2.23,-1.8988,-1.6131,-1.4993,-1.5242,-1.7084,-1.9974,-2.2618,-2.6485,-3.0218,-3.3439,-3.5298,-3.7167,-3.8747,-3.9916,-4.1805,-4.3801,-4.5388,-4.6823,-4.6176,-4.206,-3.6612,-2.7153,-1.6924,-0.94757,-0.082589,0.59796,1.0648,1.2665,1.3256,1.1331,0.81973,0.15956,-0.8028,-1.7567,-3.4132,-5.6667,-8.8009,-12.048,-17.706,-17.565,-13.891,-10.437,-8.2689,-7.1631,-6.1178,-5.3806,-4.8018,-4.4236,-3.9473,-3.4783,-3.1117,-2.575,-2.0061,-1.429
-11.224,-9.4538,-7.5938,-6.0384,-4.9751,-3.6315,-2.3505,-1.4415,-0.29612,0.7608,1.7039,2.3122,2.9813,3.4819,3.7376,3.9113,3.8753,3.7069,3.2731,2.5958,1.6549,0.76202,-0.69736,-2.5041,-4.112,-6.573,-9.0624,-10.364,-10.542,-9.4212,-7.9822,-6.9947,-5.8894,-4.9883,-4.4343,-3.8217,-3.3631,-3.073,-2.967,-3.0019,-3.2719,-3.6468,-4.4265,-5.5889,-6.7499,-8.7247,-11.103,-12.968,-12.957,-11.167,-9.0578,-7.7807,-6.5651,-5.8624,-5.5782,-5.4747,-5.7217,-6.3649,-7.1394,-8.612,-10.741,-12.951,-17.509,-27.528,-23.369,-17.021,-12.385,-9.2017,-7.2174,-4.8375,-2.7164,-1.2925,0.47174,2.1234,3.6465,4.6993,5.9881,7.1492,7.9505,8.9539,9.9001,10.585,11.48,12.358,13.218,13.839,14.624,15.348,15.832,16.38,16.801,17.077,17.18,17.164,16.959,16.672,16.098,15.285,14.502,13.2,11.565,9.565,7.8535,5.573,4.2007,4.3362,5.5464,6.9249,7.7669,8.5562,8.9838,9.1053,9.0268,8.7292,8.2572,7.8232,7.2073,6.6562,6.2257,6.0206,5.9576,6.0781,6.2215,6.4049,6.5107,6.5078,6.3657,6.0287,5.4756,4.9157,3.9541,2.7332,1.6249,-0.11159,-2.1339,-3.8426,-6.2703,-8.4146,-9.3485,-8.9953,-7.7638,-6.386,-5.4661,-4.4207,-3.6223,-3.0641,-2.7858,-2.5924,-2.5848,-2.6897,-2.9522,-3.3444,-3.679,-4.1464,-4.6426,-5.1322,-5.4661,-5.9057,-6.3842,-6.8557,-7.7065,-9.003,-10.473,-13.643,-20.393,-28.207,-16.618,-10.34,-6.6635,-4.6957,-2.7222,-1.3013,-0.31207,0.18896,0.57334,0.646,0.49835,0.045518,-0.69636,-1.4491,-2.7107,-4.2422,-5.9154,-7.1215,-8.414,-9.1113,-9.2416,-9.1801,-9.1902,-9.3432,-9.7205,-10.196,-10.491,-10.339,-9.5795,-8.3478,-7.3399,-6.0608,-4.9636,-4.0985
-13.81,-13.658,-12.701,-10.768,-8.9743,-6.5561,-4.3654,-2.9283,-1.2755,0.092216,1.2217,1.919,2.6446,3.1602,3.411,3.5755,3.5492,3.4073,3.0608,2.5488,1.8795,1.286,0.39518,-0.58103,-1.3175,-2.2656,-3.0889,-3.5859,-4.0567,-4.3014,-4.3359,-4.2535,-4.0629,-3.8175,-3.6269,-3.3733,-3.1595,-3.0379,-3.0384,-3.191,-3.5401,-3.9615,-4.7859,-5.946,-7.0434,-8.8138,-10.766,-12.117,-12.13,-10.954,-9.3419,-8.2509,-7.1509,-6.4157,-6.0481,-5.8311,-5.9749,-6.4674,-7.0196,-7.9692,-9.1297,-10.133,-11.568,-12.786,-13.579,-13.914,-14.292,-14.666,-14.64,-13.285,-10.65,-8.4511,-5.6557,-3.1539,-1.0345,0.33385,1.9216,3.2933,4.2183,5.3566,6.4229,7.1926,8.205,9.2037,10.175,10.871,11.742,12.53,13.047,13.627,14.066,14.35,14.455,14.441,14.239,13.956,13.392,12.59,11.811,10.503,8.8346,6.7277,4.8346,2.1808,0.73881,1.3137,3.2152,5.0582,6.155,7.2386,7.9537,8.3734,8.5342,8.5915,8.5174,8.3958,8.1804,7.9671,7.7754,7.6322,7.4462,7.2828,7.1662,6.9953,6.7766,6.5581,6.1751,5.6617,4.9921,4.3683,3.3581,2.1138,0.98757,-0.79506,-2.9396,-4.8409,-7.7717,-10.576,-11.441,-10.42,-8.4432,-6.7056,-5.7202,-4.7898,-4.2124,-3.9318,-3.8986,-4.0706,-4.4998,-4.982,-5.826,-6.9376,-7.919,-9.3242,-10.661,-11.533,-11.687,-11.287,-10.56,-10.03,-9.4875,-9.1584,-9.0282,-8.933,-8.6875,-8.086,-7.3112,-5.9545,-4.4572,-3.3738,-2.0631,-0.97371,-0.12896,0.34069,0.76156,0.9605,0.96093,0.77323,0.37411,-0.041586,-0.72507,-1.5316,-2.4199,-3.1284,-4.1018,-5.1074,-5.8855,-7.0453,-8.4254,-9.6905,-11.875,-15.128,-20.193,-23.139,-18.167,-13.498,-11.072,-8.7593,-7.1916,-6.1618
-13.297,-15.48,-16.271,-12.799,-9.8523,-6.5605,-3.9952,-2.4435,-0.74414,0.59339,1.6229,2.2262,2.8366,3.2369,3.4071,3.4716,3.3648,3.1845,2.8121,2.3124,1.6938,1.1623,0.37927,-0.45473,-1.0952,-1.9732,-2.8518,-3.4994,-4.2814,-4.9295,-5.4198,-5.6433,-5.7122,-5.5095,-5.2125,-4.6954,-4.1255,-3.6057,-3.2878,-2.981,-2.8615,-2.893,-3.0774,-3.4139,-3.7387,-4.227,-4.7115,-5.099,-5.2753,-5.3839,-5.3791,-5.3171,-5.1518,-4.9359,-4.79,-4.7191,-4.7873,-4.9336,-5.1147,-5.4709,-5.999,-6.4933,-7.2675,-8.1478,-9.2095,-10.157,-11.728,-13.71,-15.156,-15.118,-12.17,-9.9458,-7.4202,-5.2267,-3.4734,-2.4551,-1.4244,-0.68909,-0.25336,0.27094,0.88722,1.5131,2.6174,3.9765,5.4368,6.5102,7.8447,9.0107,9.7517,10.563,11.174,11.59,11.779,11.881,11.825,11.688,11.391,10.975,10.596,10.026,9.4162,8.8108,8.3869,7.9289,7.6634,7.6068,7.6904,7.859,7.9881,8.1259,8.1916,8.1538,8.0506,7.8198,7.5194,7.2708,6.9111,6.5729,6.3191,6.1797,6.0428,5.9504,5.8931,5.8158,5.7059,5.5795,5.3382,5.0069,4.5658,4.154,3.4971,2.7367,2.0948,1.1546,0.1896,-0.5154,-1.3804,-2.0933,-2.5979,-2.8321,-2.9992,-3.0734,-3.1081,-3.1964,-3.3922,-3.6984,-4.0263,-4.6183,-5.4291,-6.1843,-7.4337,-9.1004,-10.728,-13.603,-17.867,-23.561,-22.009,-16.572,-13.076,-11.243,-9.4249,-8.0924,-7.2688,-6.3097,-5.414,-4.5301,-3.8493,-2.9211,-1.9876,-1.296,-0.43258,0.34268,0.99259,1.3796,1.7469,1.9424,1.9767,1.8684,1.5887,1.2733,0.72373,0.032078,-0.78285,-1.4638,-2.4136,-3.408,-4.1685,-5.1874,-6.1442,-6.8229,-7.6256,-8.2405,-8.5484,-8.5278,-8.146,-7.4676,-6.8636,-6.0342,-5.3518,-4.8506
-3.6149,-3.5237,-3.1973,-2.6048,-1.9879,-1.0436,-0.092073,0.57072,1.3615,2.0258,2.529,2.7965,3.0105,3.0724,3.0201,2.8261,2.4958,2.1598,1.6083,0.93502,0.14949,-0.5017,-1.4414,-2.4748,-3.2964,-4.451,-5.6962,-6.6929,-8.1717,-9.9021,-11.951,-13.545,-14.737,-13.482,-11.516,-8.8951,-6.7395,-5.0301,-4.0277,-3.0026,-2.3009,-1.9679,-1.7504,-1.7727,-1.9425,-2.3317,-2.8859,-3.5759,-4.1552,-4.9242,-5.6051,-5.9812,-6.1707,-5.966,-5.6514,-5.1618,-4.6229,-4.156,-3.922,-3.7965,-3.843,-3.9546,-4.1875,-4.5289,-4.9567,-5.2751,-5.6223,-5.83,-5.8606,-5.6599,-5.2356,-4.8875,-4.2849,-3.6448,-3.2114,-3.0748,-3.2269,-3.9091,-4.9088,-7.2765,-11.711,-15.781,-10.118,-4.2114,-0.35035,1.7873,3.9997,5.6495,6.6019,7.562,8.2174,8.6049,8.7433,8.7567,8.6218,8.4532,8.1882,7.9445,7.8056,7.6934,7.6758,7.7475,7.8367,7.9618,8.0641,8.1198,8.1542,8.1134,8.0143,7.7696,7.3813,6.8323,6.3093,5.4656,4.4732,3.6774,2.6139,1.6641,1.0845,0.98614,1.2275,1.7204,2.1275,2.6123,2.9802,3.1626,3.2713,3.2318,3.0625,2.8635,2.5154,2.1112,1.7854,1.312,0.8389,0.49471,0.053232,-0.3718,-0.77486,-1.0719,-1.4924,-1.9702,-2.3771,-2.9717,-3.635,-4.3578,-4.9378,-5.6961,-6.4146,-6.9304,-7.5724,-8.1749,-8.6192,-9.1683,-9.5505,-9.7011,-9.5897,-9.1863,-8.5751,-8.105,-7.4776,-6.9081,-6.5094,-5.969,-5.339,-4.5822,-3.9332,-2.9529,-1.9211,-1.1493,-0.1758,0.68923,1.4218,1.8741,2.317,2.5686,2.6287,2.5435,2.2653,1.922,1.2909,0.4577,-0.56906,-1.4562,-2.7848,-4.2433,-5.3697,-6.729,-7.7407,-8.1527,-8.1585,-7.6867,-6.991,-6.4205,-5.6617,-4.9224,-4.4104,-3.8203,-3.3402,-3.0057
0.40738,0.73168,1.1352,1.5255,1.8055,2.1409,2.4213,2.5911,2.7399,2.7865,2.7357,2.622,2.3747,2.0072,1.666,1.1238,0.48242,-0.062129,-0.8769,-1.8025,-2.8298,-3.6967,-4.9594,-6.3478,-7.4302,-8.8289,-10.082,-10.918,-11.975,-13.058,-14.351,-15.414,-16.108,-14.36,-12.045,-8.9565,-6.3848,-4.347,-3.1201,-1.8528,-0.95521,-0.49703,-0.17339,-0.16235,-0.36129,-0.90746,-1.8096,-3.1715,-4.5642,-7.109,-10.935,-15.338,-19.471,-13.201,-9.8531,-6.913,-4.9544,-3.711,-3.1261,-2.6503,-2.4432,-2.4397,-2.6124,-2.937,-3.2983,-3.5743,-3.8859,-4.0464,-4.0286,-3.8628,-3.6431,-3.3642,-2.8376,-2.4041,-2.1587,-2.0854,-2.1565,-2.4548,-2.8358,-3.4667,-3.9345,-3.8807,-2.9927,-1.3992,0.38921,1.653,3.1131,4.2578,4.9166,5.5314,5.8313,5.8199,5.6028,5.0309,4.1345,3.2752,2.0126,0.9823,0.71117,1.247,2.4296,3.7329,4.6284,5.6228,6.3586,6.7379,7.0178,7.0718,6.9689,6.6164,5.9897,5.0769,4.1894,2.6769,0.65578,-1.2866,-4.7689,-10.419,-19.121,-13.373,-7.4211,-4.1854,-2.5961,-1.1403,-0.22471,0.20697,0.50089,0.52084,0.32663,0.089253,-0.30754,-0.74325,-1.0137,-1.2793,-1.4317,-1.4834,-1.4912,-1.4982,-1.5762,-1.728,-2.0638,-2.6168,-3.1867,-4.195,-5.5232,-7.1914,-8.6068,-10.47,-11.578,-11.556,-10.631,-9.3646,-8.5334,-7.6385,-6.9769,-6.4903,-6.2484,-6.0968,-6.1428,-6.3122,-6.7674,-7.5236,-8.2787,-9.4477,-10.349,-9.9878,-8.716,-6.4669,-4.2619,-2.7921,-1.1277,0.22373,1.2756,1.8902,2.5009,2.8759,3.003,2.9674,2.7045,2.3469,1.6571,0.70357,-0.54609,-1.7272,-3.7041,-6.2808,-8.8261,-13.809,-24.7,-25.48,-14.985,-10.671,-8.0731,-6.6601,-5.2137,-4.1082,-3.4438,-2.7417,-2.2175,-1.8501
2.6761,3.0432,3.4093,3.6501,3.7421,3.749,3.6402,3.4876,3.1759,2.7213,2.1392,1.6307,0.85826,0.00016158,-0.68736,-1.6356,-2.591,-3.3026,-4.244,-5.2252,-6.3137,-7.2593,-8.7956,-10.839,-12.856,-16.615,-21.744,-22.524,-17.945,-14.18,-11.535,-9.9947,-8.2104,-6.4984,-5.2102,-3.5615,-2.0306,-0.65024,0.25295,1.2515,2.0027,2.4065,2.7197,2.7851,2.6701,2.287,1.6297,0.70389,-0.175,-1.5383,-2.915,-3.7556,-4.2226,-3.814,-3.1488,-2.1164,-1.2241,-0.66077,-0.4216,-0.32373,-0.50362,-0.85029,-1.5734,-2.558,-3.7874,-4.8749,-6.3396,-7.3563,-7.4581,-6.6466,-5.2878,-4.1554,-2.8441,-1.8737,-1.1161,-0.6692,-0.24426,0.036531,0.18765,0.38494,0.61169,0.85864,1.3238,1.913,2.5752,3.0948,3.7483,4.2902,4.6151,4.8672,4.868,4.5738,4.1267,3.1558,1.6344,0.010768,-3.1803,-8.3082,-11.719,-6.7467,-1.9025,1.2018,2.8237,4.3938,5.4866,6.0529,6.4978,6.631,6.5435,6.1895,5.5703,4.683,3.8395,2.4872,0.85652,-0.48207,-2.2328,-3.8404,-4.8477,-4.9107,-4.3064,-3.4147,-2.7673,-2.0402,-1.5546,-1.3813,-1.4151,-1.7921,-2.5228,-3.3288,-4.7445,-6.4784,-7.6937,-8.3365,-7.4874,-6.3311,-4.7869,-3.5479,-2.7239,-2.3727,-2.218,-2.4201,-2.831,-3.7599,-5.1856,-7.2158,-9.2993,-12.916,-15.931,-14.78,-11.172,-8.3392,-6.7629,-5.2213,-4.1841,-3.5157,-3.2271,-3.1014,-3.2664,-3.6098,-4.4134,-5.6848,-7.0469,-9.5367,-12.508,-12.933,-10.496,-6.8914,-4.0283,-2.3309,-0.53223,0.8762,1.9714,2.6057,3.2357,3.6468,3.8156,3.8555,3.6809,3.4114,2.8602,2.0829,1.084,0.18651,-1.1835,-2.7215,-3.9317,-5.4502,-6.5277,-6.861,-6.6222,-5.9365,-5.1245,-4.51,-3.7378,-3.0504,-2.5883,-2.0445,-1.5669,-1.1838
4.434,4.6724,4.8408,4.8383,4.724,4.4369,3.9903,3.5336,2.7706,1.8259,0.67471,-0.32868,-1.8394,-3.5358,-4.9025,-6.7368,-8.3427,-9.2109,-9.8418,-9.9597,-9.9433,-9.9867,-10.201,-10.692,-11.313,-12.228,-12.6,-12.202,-10.791,-8.6619,-6.5088,-5.0194,-3.1927,-1.5468,-0.42115,0.95307,2.182,3.2638,3.965,4.7599,5.3842,5.7377,6.0596,6.2141,6.2263,6.1024,5.8503,5.507,5.1991,4.7511,4.3341,4.0802,3.825,3.6656,3.6203,3.6114,3.534,3.3817,3.2066,2.8243,2.2038,1.5669,0.47208,-1.0185,-3.0804,-5.1428,-9.0396,-14.627,-15.19,-9.9432,-5.9951,-3.8375,-1.9392,-0.73178,0.19129,0.6767,1.0603,1.2346,1.2776,1.2811,1.2741,1.3218,1.4925,1.8269,2.3168,2.7513,3.3419,3.9043,4.2562,4.5767,4.7189,4.6588,4.4772,4.0725,3.5183,3.0459,2.4289,2.0374,2.0327,2.4324,3.1497,4.0711,4.7865,5.6154,6.2588,6.6084,6.8998,6.9445,6.7999,6.4066,5.7985,4.9535,4.1625,2.9526,1.6116,0.52529,-0.78427,-1.8459,-2.6803,-3.0557,-3.1673,-2.9448,-2.6625,-2.2826,-1.9766,-1.8798,-1.9797,-2.3697,-3.1814,-4.1668,-6.0349,-8.8679,-11.617,-13.557,-10.611,-7.9097,-5.1249,-3.1991,-1.8857,-1.2021,-0.65057,-0.4268,-0.43707,-0.68175,-1.108,-1.6638,-2.0986,-2.5661,-2.7339,-2.6617,-2.2954,-1.7239,-1.2516,-0.62051,-0.070106,0.33967,0.54037,0.69035,0.65834,0.5394,0.23827,-0.17856,-0.53126,-0.95048,-1.2027,-1.1632,-0.92976,-0.38769,0.32859,0.91777,1.6967,2.4248,3.0937,3.5444,4.0507,4.4305,4.6278,4.7564,4.7146,4.5725,4.2226,3.6931,3.0024,2.4006,1.5026,0.53144,-0.20518,-1.1123,-1.9023,-2.3951,-2.8996,-3.244,-3.4423,-3.5148,-3.5191,-3.4251,-3.2736,-2.9126,-2.4205,-1.8353
5.4776,5.5052,5.3948,5.1209,4.8166,4.2684,3.5325,2.8458,1.7526,0.43365,-1.1728,-2.6016,-4.8776,-7.6754,-10.272,-14.831,-22.408,-34.903,-22.457,-17,-13.956,-12.327,-10.713,-9.4261,-8.5436,-7.4379,-6.3736,-5.507,-4.2273,-2.8339,-1.4235,-0.36802,1.0184,2.34,3.2562,4.3768,5.3824,6.2559,6.8234,7.456,7.9574,8.2448,8.5239,8.68,8.7244,8.7057,8.6088,8.445,8.3,8.087,7.8508,7.6749,7.4497,7.2382,7.0762,6.8211,6.5382,6.2275,5.9362,5.4445,4.8557,4.3546,3.5693,2.6535,1.6758,0.96881,0.1392,-0.39782,-0.50636,-0.22899,0.38617,0.857,1.3796,1.8791,2.1613,2.1684,1.9505,1.4374,0.84719,-0.24045,-1.5517,-2.5484,-3.3718,-3.0021,-1.6144,-0.38228,1.1407,2.3882,3.0867,3.7582,4.1716,4.3634,4.3855,4.3023,4.1471,4.0178,3.9177,3.9279,4.0275,4.3297,4.789,5.3002,5.707,6.2583,6.7276,6.9783,7.1652,7.1703,7.0353,6.6308,5.9494,4.9907,4.0824,2.5851,0.74735,-0.93969,-3.6212,-6.4571,-8.8619,-9.4307,-8.3167,-6.5136,-5.2318,-3.8507,-2.8295,-2.253,-1.7384,-1.4962,-1.4875,-1.5965,-1.8469,-2.1081,-2.2737,-2.2453,-1.8735,-1.4103,-0.68563,0.04472,0.70249,1.1313,1.5729,1.8455,1.9611,2.0182,1.9715,1.8528,1.7574,1.6432,1.5769,1.6005,1.7176,1.9403,2.1584,2.4876,2.8414,3.1806,3.4039,3.6267,3.7493,3.7738,3.7305,3.591,3.4399,3.1886,2.9067,2.6138,2.403,2.1459,1.9387,1.8404,1.8482,2.0476,2.4393,2.8455,3.47,4.0823,4.477,4.8695,5.0784,5.0952,4.9254,4.5401,3.9312,3.3391,2.3801,1.2874,0.40558,-0.80375,-1.9733,-2.7602,-3.7136,-4.5188,-5.2741,-5.8935,-6.8478,-7.8535,-8.406,-8.3354,-7.0806,-5.2079
5.88,5.6737,5.2774,4.7503,4.2754,3.5227,2.6594,1.9443,0.82175,-0.4981,-2.0524,-3.4264,-5.5659,-8.0696,-10.149,-13.111,-15.822,-17.161,-17.647,-16.59,-14.526,-12.79,-10.572,-8.6301,-7.2692,-5.5122,-3.9408,-2.8187,-1.3049,0.13837,1.5241,2.5361,3.8206,4.9905,5.8125,6.7974,7.6548,8.3636,8.8077,9.278,9.6125,9.7814,9.9033,9.9292,9.8962,9.8048,9.6641,9.4883,9.3506,9.1734,8.9919,8.8481,8.6623,8.4739,8.3061,8.0649,7.8307,7.5369,7.2647,6.8798,6.4621,6.1101,5.5995,5.115,4.6642,4.3605,4.0729,3.9209,3.8941,3.997,4.1876,4.2843,4.4327,4.5913,4.4724,4.2269,3.6729,2.761,1.7522,-0.15908,-2.9809,-6.0441,-11.213,-9.3842,-4.4071,-1.8366,0.52151,2.0661,2.8271,3.4858,3.7596,3.7146,3.5215,3.0822,2.5288,2.1278,1.7479,1.642,1.7766,2.2522,3.0526,3.9958,4.6777,5.5433,6.3207,6.808,7.2531,7.4732,7.4997,7.2729,6.7195,5.8657,5.0005,3.4756,1.5722,-0.25812,-3.4388,-7.0544,-10.572,-11.439,-9.6252,-7.3863,-5.9982,-4.4342,-3.1108,-2.2312,-1.2106,-0.42898,0.16796,0.52208,0.81338,1.0555,1.1861,1.3015,1.4472,1.5945,1.8267,2.1182,2.4586,2.7021,3.0206,3.2945,3.432,3.5215,3.4762,3.3235,3.1439,2.8335,2.4936,2.2975,2.175,2.2846,2.549,3.0667,3.6956,4.3402,4.7939,5.2872,5.6609,5.8382,5.9345,5.8716,5.7212,5.3582,4.8136,4.0595,3.3386,2.1312,0.58059,-0.80601,-2.6954,-3.6434,-2.6249,-1.0885,1.0107,2.7616,3.7972,4.8179,5.4646,5.7103,5.7449,5.4435,4.7937,4.0602,2.7571,1.0112,-0.62787,-3.2489,-6.1677,-8.0564,-8.9237,-8.3705,-7.8775,-7.992,-9.0147,-11.379,-14.451,-17.465,-11.815,-6.9788
6.2264,5.7178,4.8751,3.9026,3.1181,2.1134,1.2955,0.8036,0.14861,-0.57572,-1.4589,-2.2952,-3.7657,-5.6629,-7.4394,-10.394,-14.439,-19.178,-34.343,-21.202,-15.082,-12.228,-9.5546,-7.3878,-6.0222,-4.3515,-2.6823,-1.4105,0.27521,1.8891,3.4457,4.5698,5.9561,7.1753,7.9873,8.9336,9.6892,10.262,10.574,10.834,10.912,10.864,10.667,10.361,10.087,9.681,9.3038,8.9952,8.805,8.6202,8.5112,8.4442,8.3572,8.2556,8.1686,8.0567,7.9195,7.6884,7.5121,7.2664,6.9265,6.6063,6.1532,5.6957,5.2165,4.9223,4.7209,4.805,5.0291,5.4773,6.0289,6.4503,7.0221,7.3333,7.4226,7.3963,7.1452,6.6437,6.1439,5.334,4.4528,3.8756,3.3511,3.2662,3.5996,3.9865,4.5361,4.941,5.1084,5.1453,4.8138,4.0935,3.2583,1.7101,-0.38687,-2.3856,-5.4578,-7.3028,-6.3447,-3.6985,-1.1863,1.1224,2.6931,4.4944,5.997,6.9748,8.0267,8.7342,9.0432,9.1987,9.0603,8.5809,8.0128,6.968,5.7,4.5897,2.7368,0.83344,-1.0094,-2.4054,-4.1618,-5.569,-6.0934,-5.4491,-3.6023,-2.0903,-0.29256,1.1467,2.1802,2.7082,3.0881,3.1812,3.1535,2.9355,2.5792,2.2977,2.0238,2.0295,2.3906,2.8017,3.4585,4.0993,4.4756,4.7629,4.7728,4.4402,3.9308,2.8989,1.3761,-0.058061,-1.9705,-2.5011,-1.3943,0.93389,3.1039,4.8063,5.8049,6.8116,7.5052,7.8484,8.0967,8.1186,7.9967,7.653,7.0803,6.2466,5.415,3.9498,1.9717,0.027088,-3.2506,-5.6147,-3.5903,-0.90581,2.0648,4.2518,5.4966,6.7413,7.579,7.9666,8.1874,8.0541,7.5644,6.9427,5.7273,3.9823,2.2784,-0.6526,-4.4051,-7.0233,-7.3264,-5.1295,-3.4776,-2.7293,-2.2277,-2.0582,-1.9369,-1.5342,-0.77298,0.31881
6.8372,5.948,4.2466,1.8408,-0.42639,-3.7194,-5.0575,-3.8924,-1.7421,-0.29504,0.381,0.48042,0.18021,-0.59105,-1.3804,-2.7113,-4.1447,-5.1267,-6.0797,-6.4393,-6.3515,-6.2965,-6.2535,-6.2162,-6.0381,-5.4971,-4.0306,-2.3915,-0.047713,2.2346,4.3729,5.8019,7.4583,8.894,9.7974,10.776,11.492,11.966,12.137,12.12,11.823,11.413,10.622,9.5582,8.6097,7.281,6.1342,5.4749,5.3583,5.5294,5.8532,6.081,6.255,6.2966,6.3129,6.2933,6.2145,6.2589,6.3387,6.3233,6.1735,5.952,5.3974,4.3685,2.9264,1.6027,0.0019313,0.14199,1.6673,4.1872,6.3532,7.7298,9.1262,9.9725,10.59,10.845,10.901,10.722,10.468,10.002,9.4488,9.0321,8.5526,8.2291,8.0628,8.0335,8.089,8.1491,8.1538,7.9139,7.391,6.4835,5.4801,3.6348,1.0594,-1.4066,-5.1053,-7.8337,-8.2999,-7.0642,-4.7215,-1.7934,0.68693,3.8464,6.4823,8.0387,9.6891,10.941,11.58,12.136,12.383,12.298,12.044,11.484,10.613,9.884,8.6384,6.994,5.0934,3.3224,0.27637,-3.8172,-7.0143,-5.7477,-1.5169,0.93502,3.1901,4.6726,5.6064,5.9594,6.111,5.7742,5.2156,4.0735,2.2813,0.385,-2.9682,-5.6026,-3.1022,-0.18497,2.8428,4.8951,5.9707,6.8997,7.2978,7.1874,6.7642,5.7027,3.9886,2.1441,-0.73331,-1.8736,-0.072584,3.0349,5.5037,7.3055,8.2802,9.2113,9.799,10.057,10.228,10.224,10.125,9.9021,9.5581,9.1044,8.6882,8.049,7.3689,6.8804,6.3698,6.1928,6.4506,6.8653,7.658,8.5757,9.2678,10.127,10.864,11.314,11.735,11.928,11.886,11.692,11.203,10.506,9.8585,8.8969,7.9715,7.3854,6.8258,6.4565,6.2272,6.0772,5.8172,5.48,5.2134,4.8751,4.6516,4.678
5.6159,4.9008,3.4393,1.4042,-0.5101,-3.1797,-3.8899,-2.9062,-1.1238,0.43718,1.4116,1.8284,2.0515,1.9606,1.7019,1.1882,0.53369,-0.027671,-0.88508,-1.8663,-3.0202,-4.1485,-6.0948,-9.2798,-13.204,-24.466,-14.682,-8.9849,-4.3405,-1.1002,1.5738,3.2617,5.153,6.7543,7.7603,8.8256,9.586,10.023,10.123,9.9442,9.3729,8.6478,7.2298,5.1263,2.9565,-1.2222,-8.8338,-15.104,-7.5478,-3.0617,-1.1347,-0.50282,-0.34759,-0.76803,-1.3784,-2.2787,-2.5908,-1.6942,-0.74994,0.48056,1.5548,2.0804,2.1973,1.64,0.45601,-1.0642,-3.5147,-3.2539,-0.73272,2.7889,5.5907,7.2262,8.7035,9.7693,10.519,10.756,10.796,10.538,10.12,9.311,8.2334,7.2629,5.9332,4.8173,4.3854,4.6461,5.4556,6.3873,6.9546,7.3643,7.458,7.1622,6.6837,5.7121,4.3766,3.1662,1.2061,-0.99946,-3.1112,-6.973,-8.9244,-4.5418,-0.65241,3.0968,5.9025,7.5801,9.2542,10.505,11.235,11.927,12.301,12.464,12.444,12.245,11.771,11.347,10.72,9.8424,8.8627,8.108,7.1004,6.2626,5.8705,5.6873,5.8734,6.135,6.5451,6.8492,6.934,6.8422,6.5499,5.9906,5.3263,4.1801,2.7067,1.3976,-0.41121,-1.2381,-0.13016,1.391,3.5495,5.3336,6.3728,7.3828,8.0006,8.283,8.308,8.0961,7.7481,7.4692,7.1823,7.0813,7.181,7.5235,7.9162,8.2399,8.3804,8.421,8.2478,8.0221,7.6397,7.2842,7.0862,6.9304,6.8899,6.9156,6.912,6.852,6.6905,6.5356,6.312,6.0886,6.0105,6.0727,6.3577,6.9505,7.5662,8.5386,9.5671,10.312,11.193,11.918,12.439,12.695,12.87,12.869,12.754,12.494,12.139,11.818,11.337,10.769,10.122,9.5405,8.6023,7.4095,6.2882,4.3528,1.7678,-1.4893
3.608,3.4185,2.9486,2.3011,1.7769,1.2164,0.80039,0.68744,0.7802,0.93789,1.1694,1.3237,1.4378,1.4555,1.3681,1.1326,0.72576,0.31534,-0.38497,-1.2885,-2.4165,-3.3438,-4.7542,-6.349,-7.3995,-8.4403,-8.7462,-8.3135,-7.2001,-5.4042,-3.2837,-1.7117,0.33626,2.1087,3.2163,4.4124,5.2873,5.8047,5.9867,5.9259,5.5055,4.9376,3.8274,2.3269,0.96118,-1.0806,-3.0311,-4.2331,-4.6583,-4.8956,-5.1672,-5.7049,-6.9362,-8.8859,-11.156,-15.709,-26.439,-15.547,-10.716,-6.6138,-3.6975,-2.1907,-0.76982,0.31258,0.93735,1.335,1.934,2.6561,3.3971,4.5031,5.6189,6.4052,7.2021,7.9418,8.333,8.4225,8.3317,7.8914,7.3139,6.1562,4.4147,2.5675,-1.164,-8.1749,-16.961,-6.2966,-0.62685,2.4076,3.8338,5.1573,5.9117,6.2314,6.2451,6.0013,5.5246,5.045,4.2741,3.5312,3.054,2.5033,2.5367,2.9988,3.5855,4.6344,5.6456,6.3468,7.2426,7.9266,8.3588,8.8044,9.0924,9.2769,9.3443,9.3356,9.2834,9.0972,8.8736,8.6207,8.2654,7.995,7.6287,7.2674,7.0295,6.758,6.5176,6.319,6.04,5.6981,5.2317,4.8281,4.1118,3.3865,2.8154,2.0745,1.4988,1.2431,1.2079,1.5307,2.1576,2.8343,3.7873,4.7092,5.3308,6.0122,6.5065,6.8122,6.9399,6.9805,6.9226,6.8589,6.7458,6.6498,6.5528,6.4097,6.1782,5.7616,5.2965,4.3807,3.0755,1.773,-0.36236,-2.5795,-3.5187,-2.9079,-1.242,0.20744,0.96891,1.5439,1.6582,1.4749,0.90688,-0.047584,-1.3811,-2.4638,-3.5055,-2.9509,-1.4017,1.2077,3.6661,5.2644,7.0655,8.5216,9.6551,10.318,10.982,11.405,11.588,11.676,11.584,11.406,11.039,10.535,9.8559,9.2283,8.2181,6.9751,5.8308,4.0107,1.8377,-0.37303
3.3882,3.3227,3.0597,2.5851,2.1677,1.5717,0.93068,0.54884,0.23192,0.092011,0.19404,0.38536,0.70456,1.0064,1.1832,1.3046,1.2469,1.0741,0.69114,0.10137,-0.69592,-1.4833,-2.7005,-4.1539,-5.5269,-7.6674,-10.613,-13.96,-19.094,-14.116,-8.6004,-5.7426,-2.8802,-0.68781,0.55061,1.8485,2.7766,3.3888,3.6773,3.8408,3.7518,3.5363,3.0353,2.3315,1.6697,0.6724,-0.45251,-1.6589,-2.5872,-4.0811,-5.7514,-7.239,-9.5737,-11.981,-13.2,-13.788,-12.945,-10.402,-8.6429,-6.2501,-3.8437,-2.3952,-0.72909,0.68091,1.7402,2.4356,3.2724,3.9974,4.4995,5.1727,5.7815,6.1672,6.7155,7.1886,7.3847,7.5255,7.5181,7.2799,6.9623,6.3054,5.4142,4.6353,3.5582,2.7263,2.4678,2.7766,3.5905,4.5941,5.2741,6.1068,6.7034,7.0779,7.2295,7.2763,7.1641,6.9994,6.7268,6.3476,6.1172,5.8069,5.5203,5.4126,5.3353,5.3052,5.3877,5.4116,5.5068,5.6341,5.6842,5.7241,5.8083,5.8606,5.8955,5.9753,6.2237,6.3681,6.4833,6.6744,6.7954,6.8245,6.8,6.6796,6.5233,6.2476,5.8968,5.5871,5.042,4.385,3.5821,2.854,1.6015,0.13205,-1.0662,-2.6909,-3.6574,-3.5134,-2.2422,-0.53553,1.0788,2.1818,3.4017,4.3466,4.8896,5.3924,5.6522,5.712,5.6321,5.4637,5.2475,5.0892,4.9471,4.9138,4.9184,4.8684,4.7027,4.3211,3.8321,2.8005,1.2837,-0.31896,-3.2516,-6.9969,-8.9465,-7.222,-4.3137,-2.3727,-1.5141,-0.97421,-1.0111,-1.3966,-2.3314,-3.7752,-5.938,-8.1306,-11.685,-11.275,-7.5531,-2.9932,0.4916,2.5944,4.9,6.7266,8.1762,9.0507,9.9589,10.587,10.917,11.159,11.201,11.124,10.866,10.464,9.918,9.4388,8.706,7.8948,7.2683,6.4364,5.6845,5.122
3.9022,3.7185,3.2145,2.4344,1.6312,0.22627,-1.4181,-2.8619,-4.6114,-5.1015,-4.1181,-2.9022,-1.2963,-0.0028882,0.73964,1.4416,1.8549,1.9927,1.9529,1.6937,1.2184,0.72332,-0.111,-1.1517,-2.1069,-3.5765,-5.2584,-6.399,-7.2298,-6.564,-4.9457,-3.6633,-2.0694,-0.88761,-0.16298,0.58238,1.1331,1.596,1.8896,2.2283,2.4866,2.6117,2.6403,2.4726,2.2122,1.6983,0.94643,-0.071877,-0.97175,-2.5281,-4.5341,-6.3877,-9.701,-14.584,-19.965,-18.274,-12.511,-8.3452,-6.3351,-3.9057,-1.968,-0.7961,0.60816,1.6609,2.5359,3.0658,3.572,3.9772,4.1935,4.4388,4.7301,4.955,5.4209,5.7988,6.2639,6.6155,6.9313,7.131,7.1853,7.1137,6.9281,6.7378,6.4777,6.2554,6.1719,6.2082,6.3901,6.6903,6.9945,7.395,7.7528,8.0544,8.2108,8.3179,8.2902,8.1834,7.9379,7.5417,7.1749,6.652,5.9666,5.2395,4.6854,3.8785,3.1713,2.7458,2.2021,1.859,1.6294,1.3111,0.98571,0.6088,0.45402,0.56115,1.0099,1.8063,2.8371,3.7384,4.4971,4.8921,5.1916,5.2625,5.1716,4.8763,4.4397,4.0598,3.4779,2.8132,2.0329,1.306,0.10638,-1.7914,-3.7485,-7.7751,-13.97,-12.18,-5.7022,-1.7108,0.99191,2.4289,3.8068,4.7222,5.1294,5.3142,5.1305,4.5583,3.8702,2.7097,1.401,0.61835,0.32397,0.95349,1.7734,2.8243,3.6098,4.047,4.1283,3.9541,3.4496,2.9406,2.1538,1.4001,0.97216,0.63159,0.45456,0.29765,0.092556,-0.41908,-1.2171,-2.0266,-3.3245,-4.6296,-5.7389,-6.1427,-5.7945,-4.5384,-3.1375,-0.95635,1.3129,2.9118,4.8423,6.4968,7.8567,8.6931,9.5677,10.201,10.519,10.74,10.765,10.662,10.378,9.9382,9.4021,8.9484,8.3046,7.6637,7.2224,6.6993,6.2771,5.9601
3.4559,3.2014,2.5968,1.6621,0.68585,-1.0572,-3.5423,-6.153,-11.058,-13.626,-8.778,-5.7465,-2.9934,-1.13,-0.15448,0.74832,1.3205,1.5804,1.7336,1.7153,1.5537,1.3823,1.0212,0.58421,0.23749,-0.28958,-0.72414,-1.0122,-1.2784,-1.345,-1.3618,-1.3434,-1.395,-1.6423,-1.9573,-2.5542,-3.1266,-3.3364,-3.0667,-2.1931,-1.0626,-0.28185,0.56499,1.1092,1.3209,1.314,1.0596,0.51549,-0.066897,-0.95908,-2.1015,-3.002,-4.1998,-5.2135,-5.5787,-5.6408,-4.9063,-3.8843,-3.0499,-1.7861,-0.73147,0.019627,0.85904,1.4559,1.8399,1.9494,1.8519,1.4707,1.0479,0.29963,-0.3909,-0.51331,-0.16316,0.89653,2.405,3.3179,4.3843,5.1686,5.545,5.8336,5.8746,5.7708,5.5025,5.1661,4.8494,4.6746,4.638,4.8353,5.1391,5.6263,6.1747,6.6689,6.9594,7.2016,7.2654,7.1818,6.871,6.4018,5.8501,4.9274,3.7886,2.2564,0.93688,-1.132,-3.5169,-5.044,-6.0712,-5.9325,-5.4556,-5.1978,-6.0185,-8.0136,-10.943,-16.201,-10.688,-6.5662,-2.6486,-0.17361,1.3189,2.0226,2.4613,2.4087,2.1001,1.3845,0.41001,-0.36903,-1.1228,-1.4222,-1.301,-1.0916,-0.82765,-0.76217,-0.83101,-0.87273,-0.65751,-0.1985,0.80087,1.9968,3.1692,3.9363,4.7192,5.1989,5.3296,5.1844,4.6093,3.5173,2.2756,-0.26754,-4.3899,-9.9708,-14.773,-5.4901,-2.0108,0.861,2.6418,3.7196,4.2107,4.543,4.577,4.4633,4.1762,3.7735,3.4264,2.8983,2.2835,1.5347,0.85416,-0.27737,-1.7624,-3.1628,-5.6861,-9.3841,-15.69,-21.307,-13.013,-7.356,-4.4702,-1.508,0.86018,2.373,4.0891,5.495,6.6463,7.3346,8.0387,8.519,8.7126,8.7843,8.6323,8.3645,7.8337,7.1122,6.2254,5.4799,4.485,3.5927,3.0707,2.6655,2.5634,2.6435
2.358,2.2,1.8573,1.325,0.82072,0.019543,-0.88557,-1.5077,-2.2295,-2.4686,-2.2624,-1.8747,-1.2601,-0.70777,-0.37817,-0.073685,0.07763,0.11653,0.12198,0.097031,0.084758,0.088436,0.086718,0.098712,0.11563,0.10213,0.096673,0.049392,-0.032592,-0.22819,-0.54284,-0.88655,-1.6543,-2.7706,-4.0477,-6.6381,-11.229,-24,-18.792,-9.4178,-5.1769,-3.1751,-1.375,-0.24198,0.28264,0.60202,0.61331,0.36878,0.022788,-0.5342,-1.1982,-1.7093,-2.3196,-2.8052,-3.0236,-3.136,-2.8852,-2.5734,-2.1291,-1.4479,-0.82992,-0.3432,0.1267,0.47158,0.56781,0.40781,-0.082993,-1.1361,-2.3537,-4.9852,-10.014,-19.353,-14.242,-6.1408,-1.8625,0.046584,1.8951,3.0842,3.6063,3.9218,3.8099,3.4589,2.633,1.3946,-0.2503,-1.5508,-2.6636,-2.1207,-0.8853,0.955,2.5935,3.7858,4.4273,4.9726,5.1963,5.1696,4.879,4.3576,3.7606,2.6874,1.3739,-0.42955,-2.0924,-5.0098,-9.3499,-13.51,-16.175,-11.32,-8.921,-7.0547,-6.4387,-6.4342,-6.7413,-6.4928,-5.5356,-3.8665,-2.0601,-0.48331,0.53932,0.95289,1.0337,0.51473,-0.28729,-2.0625,-4.9947,-8.5425,-17.035,-13.701,-7.1786,-4.4069,-2.1068,-0.46286,0.42147,1.3577,2.1475,2.7043,3.4092,4.1009,4.7105,5.1029,5.534,5.7737,5.8203,5.6922,5.3012,4.6699,4.0457,3.0413,2.0543,1.5029,1.277,1.6466,2.2024,3.008,3.731,4.2645,4.5185,4.6735,4.6715,4.5549,4.2776,3.8863,3.5132,2.9357,2.2557,1.4528,0.75446,-0.28863,-1.5044,-2.5146,-4.0386,-5.5754,-6.7126,-6.9216,-6.0007,-4.2701,-2.802,-0.9449,0.69677,1.7712,3.0097,4.0164,4.8247,5.2937,5.7541,6.0015,6.0539,5.9437,5.5864,5.149,4.3105,3.1187,1.4866,-0.069736,-2.6725,-5.7919,-7.7188,-7.5276,-5.2923,-3.2828
1.3193,1.342,1.3441,1.3065,1.2534,1.1294,0.99,0.88726,0.76248,0.66278,0.57828,0.49641,0.34566,0.069572,-0.23037,-0.74976,-1.412,-1.9464,-2.5895,-2.9638,-2.9439,-2.7044,-2.1318,-1.4906,-1.0322,-0.45152,-0.018667,0.24934,0.50854,0.60915,0.58166,0.41868,0.014288,-0.62661,-1.2767,-2.3014,-3.3295,-3.8674,-3.6937,-2.7692,-1.5249,-0.6374,0.31883,0.95998,1.211,1.3215,1.1262,0.72122,0.2923,-0.46557,-1.2895,-1.9801,-2.8744,-3.6743,-4.164,-4.433,-4.3706,-3.8971,-3.2614,-2.4579,-1.5391,-0.92896,-0.26646,0.26231,0.5467,0.62149,0.50837,0.11726,-0.35487,-1.0792,-1.7946,-1.9211,-1.5531,-0.38637,0.99523,1.9204,3.0181,3.7262,4.0548,4.1456,3.8437,3.339,2.2121,0.41512,-2.3075,-5.3045,-9.9304,-7.6706,-4.1196,-0.70699,1.5384,2.9746,3.6767,4.2104,4.3501,4.2474,3.8696,3.1973,2.6546,1.7008,0.68004,-0.36865,-1.229,-2.1971,-3.1243,-3.5395,-3.6665,-3.3134,-2.7773,-2.1259,-1.372,-0.80979,-0.37503,0.27781,0.92293,1.3788,2.1164,2.6154,2.9715,3.0529,2.9018,2.4096,1.8004,0.65469,-0.7384,-1.8371,-2.8114,-2.7233,-1.6474,-0.6175,0.68501,1.7631,2.4588,3.2306,3.8916,4.3355,4.8851,5.4034,5.8913,6.2157,6.5876,6.8616,6.9951,7.0558,6.9989,6.8208,6.631,6.3447,6.0354,5.8422,5.6643,5.5661,5.5429,5.5502,5.5217,5.4485,5.3417,5.1279,4.8244,4.5442,4.1072,3.605,3.1852,2.5781,1.9087,1.1928,0.62517,-0.13325,-0.87935,-1.3976,-1.9133,-2.2656,-2.2893,-2.1185,-1.6381,-0.92301,-0.3076,0.55048,1.3679,1.9208,2.5451,3.0717,3.4531,3.6696,3.8715,3.9534,3.9545,3.8121,3.4959,3.117,2.357,1.2481,-0.28109,-1.7798,-4.3698,-7.4743,-9.4672,-9.1673,-6.8189,-4.6688
-0.52292,-0.22837,0.17919,0.62587,0.95179,1.3851,1.7807,2.0152,2.302,2.4291,2.4163,2.2722,1.8625,1.172,0.40841,-1.0384,-3.0725,-5.1235,-8.7148,-12.146,-10.913,-8.331,-5.5444,-3.568,-2.4437,-1.2525,-0.29343,0.33858,1.0393,1.6545,2.1134,2.367,2.6234,2.7163,2.7528,2.7577,2.7788,2.8555,2.9721,3.2091,3.4722,3.6361,3.7638,3.7191,3.5552,3.1417,2.4988,1.6066,0.81102,-0.45183,-1.9174,-3.16,-5.0792,-7.3087,-9.1224,-11.19,-11.09,-8.5078,-6.5585,-4.3318,-2.4409,-1.3681,-0.14766,0.735,1.3987,1.8111,2.1878,2.5196,2.7102,2.9639,3.2714,3.5266,3.9278,4.5324,5.0088,5.4385,5.8856,6.1929,6.3206,6.3294,6.1484,5.8774,5.3425,4.6674,3.9439,3.475,3.1391,3.2527,3.5715,4.2371,4.8261,5.2595,5.4146,5.3684,5.0203,4.5539,3.6871,2.545,1.571,0.30772,-0.84275,-1.38,-1.4367,-1.1111,-0.46463,0.01011,0.79738,1.5286,2.0811,2.8007,3.4732,4.0859,4.538,4.9966,5.5433,5.8178,6.1488,6.4054,6.5291,6.5436,6.4326,6.197,5.9351,5.5195,5.0758,4.7776,4.4641,4.3214,4.3268,4.3696,4.5417,4.6745,4.7535,4.8653,4.9926,5.1292,5.4181,5.8263,6.3457,6.7831,7.3313,7.8342,8.1434,8.4446,8.6239,8.6746,8.6407,8.5301,8.3604,8.1984,7.9535,7.7003,7.4788,7.1486,6.7568,6.2783,5.8678,5.2515,4.5501,4.0189,3.3226,2.6692,2.2249,1.6419,1.0236,0.33562,-0.24315,-1.1034,-1.9441,-2.4649,-2.7867,-2.5873,-1.9757,-1.3293,-0.41938,0.43674,0.98668,1.5728,1.9582,2.1159,2.1571,2.0403,1.849,1.7211,1.6308,1.7237,1.856,2.0552,2.1925,2.1849,1.9888,1.6018,1.0117,0.45977,-0.3103,-1.0134,-1.3745,-1.5997,-1.5637,-1.4281
-5.0007,-4.2986,-3.3533,-2.3523,-1.5254,-0.32296,0.83434,1.6442,2.5243,3.1881,3.5637,3.6531,3.469,2.9148,2.2216,0.87947,-1.0221,-2.8272,-5.6131,-7.8336,-7.8335,-6.8337,-5.3593,-4.3702,-3.7323,-2.9272,-1.8829,-0.98101,0.28073,1.4954,2.5361,3.2255,3.9764,4.6095,5.0034,5.4516,5.8371,6.1601,6.3645,6.5636,6.6526,6.6276,6.4286,6.0138,5.552,4.6642,3.5135,2.0251,0.73679,-1.1799,-3.2841,-4.8469,-6.9788,-9.2438,-11.344,-14.183,-13.864,-9.6265,-7.1093,-4.3328,-2.3748,-1.2862,-0.16687,0.63059,1.3176,1.7602,2.403,3.0892,3.6666,4.4139,5.1633,5.6528,6.2963,6.7945,7.2081,7.4713,7.6712,7.8189,7.8512,7.8563,7.8158,7.7687,7.7078,7.6537,7.6027,7.6007,7.6222,7.6809,7.745,7.7924,7.7507,7.5738,7.3136,6.7596,5.9326,5.0808,3.5969,1.6071,-0.48756,-4.1235,-10.095,-12.728,-7.7553,-3.2498,-0.33596,1.2935,2.8959,4.1918,4.9463,5.8514,6.5477,7.1662,7.538,7.9798,8.2785,8.5397,8.7153,8.8755,8.9415,8.9503,8.9022,8.7895,8.6721,8.4785,8.2347,8.0455,7.7672,7.4766,7.1359,6.8506,6.3388,5.7282,5.1474,4.2308,3.2386,2.6161,2.3103,2.8929,4.1176,5.1677,6.486,7.5532,8.1638,8.7446,9.0584,9.1652,9.1278,8.9481,8.6936,8.4685,8.141,7.7906,7.5028,7.0376,6.4603,5.692,4.9599,3.7429,2.3032,1.1216,-0.32346,-1.2101,-1.3999,-1.2791,-1.1756,-1.4858,-2.1082,-3.6462,-6.2297,-9.1075,-12.813,-9.4543,-5.1176,-2.803,-0.60417,0.84521,1.561,2.0642,2.1074,1.8282,1.0394,-0.31034,-2.1171,-3.6082,-4.8364,-4.14,-2.8609,-1.1218,0.17135,0.82757,1.3664,1.5651,1.518,1.4031,1.1758,0.94119,0.8111,0.68022,0.5954,0.41542
-11.812,-11.613,-11.678,-10.649,-8.609,-5.3596,-2.5349,-0.68349,1.1901,2.6177,3.5983,4.0744,4.3944,4.3566,4.1091,3.53,2.681,1.9162,0.79832,-0.33943,-1.4742,-2.4611,-4.072,-6.4146,-8.8729,-12.004,-9.5442,-6.3592,-3.0089,-0.67804,0.9676,1.9334,2.8992,3.7385,4.2945,5.0088,5.7023,6.3396,6.7592,7.1809,7.416,7.4466,7.2559,6.7654,6.1781,5.0525,3.4842,1.3834,-0.63723,-4.0365,-8.4972,-11.932,-12.795,-10.382,-8.856,-7.1558,-5.8683,-4.3709,-3.5678,-2.4253,-1.7488,-1.4446,-1.433,-1.7777,-2.2163,-2.4234,-1.8188,-0.44498,0.87901,2.5903,4.0257,4.9204,5.8609,6.3806,6.7664,6.817,6.7318,6.517,6.3132,6.0855,6.0106,6.1094,6.4338,6.8893,7.3817,7.7241,8.0919,8.3506,8.4614,8.4282,8.2559,7.8799,7.4694,6.7455,5.8111,4.9707,3.626,2.0773,0.68148,-1.147,-2.7833,-2.9845,-2.1983,-0.37783,1.3815,2.6164,3.9567,5.0421,5.7089,6.4383,6.9975,7.4344,7.6523,7.9672,8.0685,8.1803,8.2691,8.3036,8.3235,8.3191,8.3052,8.2564,8.2064,8.1095,7.9679,7.8337,7.6048,7.2939,6.8766,6.5029,5.741,4.7397,3.6852,1.6929,-1.5046,-5.615,-24.215,-7.4586,-0.73991,2.052,4.555,6.1626,6.9457,7.5402,7.7076,7.5092,7.1682,6.5064,5.7479,5.2283,4.7375,4.4978,4.4554,4.3956,4.1498,3.5575,2.7895,1.1979,-1.3195,-4.2539,-11.262,-23.961,-11.009,-5.5413,-3.0874,-2.0562,-1.9408,-2.4747,-3.6787,-4.73,-5.4813,-4.4045,-2.3407,-0.85492,0.73355,1.8127,2.2886,2.5176,2.2671,1.7327,0.51814,-1.4319,-4.4147,-7.5324,-11.442,-8.8598,-5.9731,-3.1891,-1.504,-0.73443,-0.19995,-0.13985,-0.39782,-0.69927,-1.1287,-1.3675,-1.3552,-1.0719,-0.60481,-0.16462
-13.574,-14.717,-17.316,-17.58,-13.903,-8.8879,-5.1102,-2.941,-0.66795,1.0748,2.3627,3.0787,3.7457,4.1149,4.2149,4.1237,3.8041,3.4254,2.7528,1.8709,0.76305,-0.26232,-1.9681,-4.0725,-5.7948,-7.3447,-6.7437,-5.4011,-3.6111,-2.3669,-1.6327,-1.3896,-1.2766,-1.1435,-0.77212,0.2318,1.6095,3.0485,4.0046,5.0398,5.7417,6.041,6.1393,5.8738,5.4219,4.4996,3.1319,1.3376,-0.39931,-3.1114,-6.2672,-8.1935,-8.7438,-7.3112,-6.0392,-4.5612,-3.4579,-2.6287,-2.2324,-1.8862,-1.9876,-2.3253,-3.3937,-5.4219,-9.4185,-15.686,-18.285,-7.6987,-3.936,-0.67412,1.4493,2.5487,3.5265,3.9616,3.9903,3.6399,2.8787,1.5425,0.29233,-1.5685,-2.5955,-2.0839,-0.23439,1.7571,3.4232,4.3762,5.3219,5.9139,6.1422,6.1892,5.9759,5.4915,4.9748,4.1006,3.0698,2.2854,1.2376,0.42139,-0.057649,-0.46153,-0.45971,-0.2099,0.20278,0.82493,1.6038,2.1056,2.7815,3.3076,3.6587,3.9628,4.1928,4.2722,4.2908,4.2019,4.124,3.932,3.8005,3.6252,3.5497,3.5296,3.5686,3.6486,3.7062,3.762,3.8017,3.7825,3.7183,3.5886,3.4054,3.2254,2.9303,2.4802,2.0463,1.3067,0.48196,-0.04671,-0.23948,0.43752,1.7184,2.7775,4.0098,4.8645,5.2387,5.34,4.975,4.0626,3.004,0.95305,-1.9423,-4.5966,-6.7671,-4.8567,-2.79,-0.74172,0.44088,0.92941,0.91,0.42778,-0.49491,-1.3368,-2.383,-2.8282,-2.5858,-1.8006,-0.94366,-0.3086,-0.0094466,0.17755,0.20559,0.2333,0.32975,0.639,1.0681,1.4458,1.8943,2.2123,2.3235,2.2722,1.9636,1.5606,0.80627,-0.13799,-1.1712,-1.8733,-2.5181,-2.7431,-2.6838,-2.4444,-2.3032,-2.3247,-2.7008,-3.4928,-4.8599,-6.4362,-9.2298,-12.168,-11.893,-8.4617,-5.374,-3.098
-10.95,-10.652,-10.063,-9.0934,-8.0637,-6.4415,-4.6837,-3.3988,-1.8434,-0.47465,0.67279,1.4006,2.1736,2.7463,3.0454,3.2684,3.309,3.2225,2.9549,2.5217,1.9377,1.4313,0.67237,-0.099457,-0.64235,-1.2155,-1.5997,-1.8225,-2.1153,-2.6423,-3.6214,-4.8978,-7.6897,-13.368,-19.804,-10.765,-4.8441,-1.2625,0.59333,2.3877,3.5907,4.1759,4.5896,4.6336,4.4448,3.9197,3.1165,2.0798,1.201,-0.028893,-1.1716,-1.8769,-2.5155,-2.7783,-2.7679,-2.6385,-2.3474,-2.1512,-1.9371,-1.8893,-1.9335,-2.156,-2.5848,-3.2594,-3.8675,-4.1594,-3.8482,-2.8753,-1.871,-0.55986,0.55669,1.1613,1.6019,1.7781,1.3805,0.89334,-0.34852,-2.2445,-4.3294,-8.2657,-12.281,-10.341,-5.7305,-2.5058,-0.30885,0.87362,1.987,2.6518,2.8895,2.9312,2.5641,1.85,1.0525,-0.37831,-2.227,-3.8441,-5.8865,-7.0339,-6.6761,-5.4742,-4.0588,-2.9143,-2.2177,-1.4962,-1.0075,-0.76133,-0.61455,-0.5617,-0.62222,-0.75143,-0.9676,-1.2558,-1.5054,-2.1143,-2.6892,-3.2833,-4.1585,-4.8028,-5.1342,-5.0512,-4.6593,-4.0995,-3.7119,-3.3081,-3.0804,-2.9994,-2.9772,-2.9415,-2.8109,-2.6561,-2.1718,-1.6252,-1.1463,-0.514,0.10855,0.5763,1.2159,1.8898,2.5649,3.0264,3.5183,3.7892,3.8098,3.5532,2.9079,1.8311,0.67528,-1.3418,-4.0121,-6.2117,-7.7817,-6.4597,-4.776,-2.8667,-1.4788,-0.57927,-0.14944,0.16647,0.29004,0.30483,0.30399,0.33685,0.40786,0.55546,0.72086,0.84216,0.89647,0.90439,0.88088,0.84051,0.82699,0.82397,0.88165,0.93159,1.0031,1.0317,1.0085,0.86748,0.58723,0.28728,-0.24281,-0.87723,-1.5602,-2.0776,-2.7071,-3.2394,-3.531,-3.8824,-4.1938,-4.4874,-5.0213,-5.8219,-7.054,-8.2904,-10.37,-12.013,-11.719,-9.2713,-6.521,-4.2837
-10.059,-9.3756,-8.4794,-7.5813,-6.8609,-5.874,-4.8409,-4.0639,-2.9997,-1.9853,-1.0027,-0.31685,0.51982,1.2372,1.6901,2.1786,2.5182,2.6763,2.7577,2.7089,2.5362,2.3415,2.0061,1.6218,1.31,0.87334,0.39712,0.022664,-0.56574,-1.2716,-2.1839,-2.9895,-4.1871,-5.1214,-5.2303,-4.1886,-2.3543,-0.45819,0.80568,2.1788,3.1941,3.7358,4.1717,4.3111,4.2378,3.9082,3.3579,2.607,1.9572,0.98219,-0.012442,-0.75264,-1.6348,-2.3451,-2.7153,-2.9569,-2.9303,-2.6958,-2.4557,-2.128,-1.8322,-1.6643,-1.5083,-1.3729,-1.245,-1.0911,-0.82276,-0.42706,-0.10817,0.34458,0.70993,0.92552,1.0375,0.93789,0.63754,0.23649,-0.5033,-1.3894,-2.1031,-2.9179,-3.3399,-3.2949,-2.8141,-2.0198,-1.1707,-0.57555,0.07849,0.51941,0.6995,0.66337,0.30562,-0.45227,-1.3263,-2.9919,-5.4548,-8.1227,-13.391,-18.017,-14.183,-9.3437,-6.6855,-4.9985,-4.296,-3.7632,-3.7666,-3.9548,-4.5439,-5.3277,-5.9981,-6.7127,-7.2702,-7.5726,-7.9126,-8.4476,-9.8015,-11.026,-14.068,-18.382,-21.475,-18.654,-14.718,-12.367,-11.259,-10.456,-10.295,-10.461,-11.077,-11.948,-12.531,-12.052,-10.24,-7.6427,-5.8036,-3.6513,-1.8771,-0.75637,0.48984,1.4973,2.2821,2.7258,3.1108,3.2785,3.2386,2.968,2.4473,1.709,1.0165,0.013152,-1.0017,-1.6591,-2.2607,-2.4731,-2.3833,-2.0543,-1.5792,-1.0568,-0.67726,-0.20344,0.21079,0.46409,0.74138,0.94926,1.0499,1.108,1.0626,0.91782,0.73259,0.40185,-0.0037569,-0.33654,-0.75452,-1.0969,-1.2812,-1.3172,-1.2438,-1.1155,-1.0455,-1.0473,-1.2137,-1.4742,-2.0105,-2.7585,-3.698,-4.4842,-5.5812,-6.5167,-7.0359,-7.3507,-7.2897,-7.1254,-6.8514,-6.7195,-6.6915,-6.6963,-6.7065,-6.4988,-6.1335,-5.3587,-4.3699,-3.2586
-9.6859,-9,-8.2541,-7.6343,-7.2094,-6.7138,-6.1564,-5.7611,-5.0313,-4.1954,-3.1915,-2.3998,-1.3266,-0.31167,0.37418,1.1724,1.8049,2.178,2.5376,2.7532,2.8364,2.8057,2.6857,2.4751,2.2698,1.9409,1.5742,1.2927,0.88544,0.5015,0.15296,-0.037838,-0.18123,-0.10132,0.12877,0.66861,1.4195,2.2578,2.8963,3.6741,4.3013,4.6529,4.9461,5.0166,4.9202,4.5912,4.0409,3.2499,2.5115,1.3076,-0.13852,-1.3856,-3.226,-5.1201,-6.2809,-6.8547,-6.2688,-4.9589,-4.0469,-2.8986,-2.0325,-1.5094,-0.99739,-0.59407,-0.32388,-0.12107,0.098021,0.34577,0.51163,0.74285,0.90197,0.99364,1.0491,0.89427,0.71123,0.3652,-0.094348,-0.70338,-1.1858,-1.8095,-2.3143,-2.5823,-2.726,-2.5806,-2.2113,-1.8207,-1.2544,-0.72497,-0.40833,-0.20369,-0.17433,-0.44466,-0.82268,-1.5512,-2.4804,-3.2496,-4.1082,-4.5933,-4.5403,-4.2228,-3.7717,-3.4734,-3.4581,-3.7831,-4.6036,-5.5687,-7.4899,-10.298,-13.157,-17.344,-17.123,-14.233,-12.949,-11.733,-12.242,-12.694,-14.505,-16.472,-17.596,-17.226,-16.08,-15.13,-14.813,-14.775,-15.115,-15.557,-16.612,-18.846,-22.954,-24.485,-16.683,-11.157,-8.0661,-4.9164,-2.4991,-1.0486,0.50041,1.6943,2.5565,3.0242,3.4116,3.5578,3.5096,3.2499,2.7903,2.1452,1.5547,0.65844,-0.29124,-1.0076,-1.8952,-2.6196,-2.9815,-3.1506,-2.9426,-2.4244,-1.8902,-1.1026,-0.35137,0.15316,0.70774,1.1039,1.2834,1.3416,1.2005,0.82952,0.38973,-0.43513,-1.5558,-2.585,-4.1296,-5.5314,-6.1963,-5.935,-4.9641,-3.8608,-3.1852,-2.5993,-2.399,-2.5257,-3.0482,-4.0431,-5.5736,-7.1369,-9.9534,-13.758,-16.525,-15.696,-12.353,-10.393,-8.5479,-7.3273,-6.5411,-6.1289,-5.7055,-5.2999,-4.9714,-4.4261,-3.7615,-2.9683
-8.5726,-8.2031,-7.8883,-7.8032,-7.9321,-8.3278,-8.9188,-9.3096,-9.4477,-8.579,-6.8614,-5.3559,-3.4212,-1.7196,-0.63243,0.56132,1.5044,2.063,2.6228,2.9949,3.2027,3.2511,3.2096,3.0323,2.8363,2.4921,2.1135,1.8042,1.4339,1.1424,1.0195,1.0491,1.2805,1.7109,2.1571,2.8454,3.6022,4.3628,4.9041,5.5366,6.0472,6.3285,6.5534,6.5902,6.4825,6.1598,5.6049,4.7964,4.0087,2.6665,0.90803,-0.78184,-3.7826,-8.3367,-14.107,-20.495,-10.647,-6.1611,-4.2325,-2.4023,-1.298,-0.70655,-0.24073,-0.0048028,0.077458,0.096194,0.1223,0.19509,0.32447,0.54355,0.83173,1.0064,1.2014,1.2397,1.095,0.85614,0.35673,-0.39032,-1.113,-2.2875,-3.6607,-4.7188,-5.8576,-6.1646,-5.3905,-4.3705,-2.9326,-1.6268,-0.83107,-0.0052482,0.56264,0.89265,1.006,1.0107,0.90596,0.78322,0.61773,0.43747,0.38792,0.24862,0.13957,-0.16916,-0.47737,-1.2008,-2.1954,-3.2873,-5.1146,-7.5616,-9.6894,-12.025,-12.335,-10.854,-9.7649,-9.0244,-8.6707,-8.8181,-9.2035,-9.8693,-10.689,-11.323,-12.436,-13.846,-15.323,-17.92,-19.91,-19.843,-17.54,-15.179,-13.024,-11.252,-8.8849,-6.3025,-4.461,-2.2032,-0.27792,0.94356,2.283,3.3125,4.0549,4.4346,4.7264,4.7639,4.65,4.3042,3.739,2.9494,2.2319,1.0479,-0.35836,-1.5892,-3.5087,-5.6815,-7.3585,-8.7277,-8.0516,-5.9725,-4.3187,-2.3992,-0.83874,0.11477,1.1008,1.7838,2.1156,2.323,2.2348,1.8278,1.2891,0.19341,-1.4602,-3.1966,-6.6605,-12.854,-25.157,-13.88,-7.6891,-4.5591,-3.0991,-1.9165,-1.3661,-1.303,-1.6328,-2.454,-3.7637,-5.1153,-7.4066,-10.091,-11.576,-11.377,-9.5242,-8.1038,-6.7112,-5.8437,-5.3893,-5.317,-5.3638,-5.58,-5.6924,-5.6289,-5.0741,-4.1346
-7.0764,-6.822,-6.6903,-6.9295,-7.4389,-8.6953,-11.088,-14.209,-24.74,-19.374,-10.868,-7.3641,-4.1517,-1.8589,-0.52653,0.85276,1.9035,2.5045,3.1068,3.5005,3.7014,3.7576,3.6563,3.3931,3.0803,2.5319,1.8122,1.1943,0.34895,-0.39837,-0.78511,-0.69258,0.026959,1.1982,2.2088,3.5623,4.8119,5.9104,6.6131,7.3883,7.9801,8.3036,8.57,8.6593,8.6114,8.3878,7.9717,7.3719,6.7772,5.8068,4.609,3.5798,2.0724,0.5952,-0.30415,-0.85779,-0.68606,-0.059319,0.4589,1.0233,1.3558,1.3915,1.1985,0.68724,-0.027096,-0.70612,-1.5066,-1.9405,-1.7951,-1.0736,-0.050728,0.68913,1.4324,2.005,2.1177,2.1009,1.6181,0.79266,-0.12339,-1.8652,-4.4386,-7.3151,-14.123,-26.38,-10.993,-6.8928,-3.5008,-1.2843,-0.062349,1.2109,2.0802,2.7359,3.0963,3.4468,3.6832,3.8217,3.9312,4.0281,4.0136,4.0151,3.8879,3.6712,3.4097,2.9332,2.2918,1.685,0.80682,-0.17386,-0.83419,-1.5964,-2.0475,-2.3356,-2.3697,-2.5371,-2.5803,-2.9147,-3.3039,-3.9579,-4.7877,-5.5928,-6.9367,-8.7702,-10.483,-13.474,-16.22,-15.812,-12.465,-9.1768,-6.4275,-4.7186,-2.5553,-0.6506,0.64858,2.2072,3.5557,4.4147,5.356,6.0431,6.5171,6.7152,6.7945,6.6636,6.4303,5.9431,5.2447,4.3315,3.5015,2.1776,0.53065,-0.93057,-3.3898,-6.6065,-9.917,-14.533,-11.791,-7.0421,-4.4235,-1.7799,0.18887,1.3603,2.5787,3.4719,3.9495,4.3541,4.4863,4.355,4.0743,3.459,2.5676,1.7448,0.5298,-0.5273,-1.0169,-0.83871,-0.11401,0.78091,1.3724,1.9554,2.2516,2.2954,2.1017,1.6839,1.0544,0.4947,-0.30347,-1.0185,-1.4491,-1.7631,-1.8479,-1.8381,-1.8974,-2.1495,-2.7037,-3.3799,-4.7993,-6.9839,-9.2885,-12.743,-12.012,-7.8104
-6.2091,-5.4534,-4.8219,-4.5958,-4.6534,-4.9972,-5.6139,-6.0393,-6.2754,-5.627,-4.2634,-3.0357,-1.4599,-0.13419,0.68763,1.5876,2.2672,2.6681,3.0931,3.3991,3.575,3.6015,3.4638,3.1203,2.6835,1.8607,0.66506,-0.50136,-2.654,-5.8278,-10.575,-11.927,-6.4813,-1.7578,0.80527,3.4315,5.4129,6.9286,7.8101,8.7254,9.3689,9.707,9.9958,10.126,10.137,10.043,9.8421,9.536,9.2287,8.7378,8.1472,7.6699,7.0117,6.3922,5.9861,5.5549,5.2808,5.0493,4.9507,4.6834,4.3236,3.8649,2.9885,1.6803,-0.33235,-2.4864,-7.2002,-16.271,-12.848,-5.2677,-1.413,0.50313,2.1835,3.235,3.8188,3.9121,3.7721,3.2362,2.6287,1.5269,0.18568,-0.90345,-2.1115,-2.5855,-2.087,-1.3113,-0.066117,1.0774,1.8553,2.7399,3.4427,4.0067,4.3517,4.7441,5.0837,5.3162,5.6275,5.9448,6.1447,6.4028,6.5497,6.6488,6.6109,6.4949,6.209,5.9542,5.4928,5.006,4.6348,4.1353,3.7348,3.3845,3.1219,2.9295,2.5919,2.407,1.9949,1.5106,0.92932,0.38564,-0.3988,-1.2719,-1.899,-2.5436,-2.7565,-2.5949,-1.867,-0.75373,0.59428,1.6807,3.0529,4.3826,5.2962,6.3663,7.2491,7.7789,8.3015,8.6222,8.73,8.6923,8.4795,8.1234,7.7516,7.1321,6.3779,5.4766,4.6728,3.4728,2.0945,0.96413,-0.51751,-1.8908,-2.6498,-3.0556,-2.657,-1.5448,-0.48373,1.0025,2.4234,3.3635,4.4439,5.3213,5.8472,6.3721,6.7351,6.9427,7.0019,6.96,6.803,6.6273,6.378,6.1498,6.0087,5.9687,5.9866,6.057,6.1031,6.1221,6.0692,5.9741,5.775,5.5057,5.1725,4.8986,4.5171,4.1429,3.8851,3.5509,3.2265,2.9407,2.5053,1.9235,1.0954,0.28915,-1.1695,-3.0839,-4.7674,-6.7179,-6.3741,-4.1206
-4.6544,-3.6065,-2.7209,-2.1829,-1.9269,-1.6906,-1.4643,-1.2446,-0.92159,-0.44948,0.047943,0.43243,0.8578,1.1278,1.1945,1.1483,1.026,0.99542,1.1194,1.466,1.9086,2.1347,2.2827,2.0758,1.7044,0.86073,-0.22438,-1.2332,-2.6921,-4.1933,-5.1365,-4.8333,-2.5948,0.35779,2.4054,4.7263,6.5277,7.8715,8.612,9.2884,9.673,9.8068,9.8589,9.8339,9.8052,9.7993,9.8301,9.8373,9.8296,9.7296,9.5524,9.3516,9.0342,8.6722,8.3987,8.0315,7.7015,7.4015,7.1401,6.7886,6.301,5.8828,5.1099,4.1179,2.8105,1.6707,0.11216,-0.8005,-0.62284,0.58183,2.1895,3.2284,4.4496,5.1522,5.6983,5.7909,5.8026,5.5368,5.1731,4.5681,3.8319,3.29,2.6101,2.0905,1.8056,1.7611,1.8774,2.1992,2.4923,2.8508,3.2391,3.4828,3.6148,3.7483,3.9302,4.1454,4.6325,5.2598,5.886,6.6217,7.3483,7.8709,8.1678,8.3589,8.365,8.2556,7.9468,7.5401,7.1565,6.6799,6.1979,5.8825,5.6926,5.5909,5.4803,5.5102,5.4086,5.2531,4.941,4.6393,4.1351,3.5856,3.1643,2.7255,2.4883,2.543,2.9257,3.7079,4.7018,5.5809,6.712,7.7836,8.4827,9.2505,9.7926,10.043,10.157,10.039,9.6784,9.2865,8.6396,7.9074,7.3606,6.6531,5.96,5.2197,4.5566,3.4865,2.1571,0.95262,-0.77294,-2.4213,-3.1693,-3.1531,-2.0034,-0.40742,0.80593,2.286,3.5641,4.351,5.2365,5.9559,6.4166,6.9691,7.4808,7.9598,8.298,8.6957,9.0153,9.1916,9.3399,9.3827,9.3389,9.2421,9.0551,8.7941,8.5648,8.2231,7.8778,7.6264,7.3443,7.0925,6.8956,6.7568,6.584,6.4003,6.2613,6.0482,5.8015,5.5997,5.2934,4.9265,4.479,4.0705,3.4707,2.8481,2.4368,2.0596,1.9569,2.1887
-0.31789,-0.3289,-0.45767,-0.61447,-0.66726,-0.50403,-0.013381,0.47014,1.2156,1.8474,2.3366,2.5075,2.4295,1.9189,1.1694,-0.49782,-2.9565,-5.0377,-5.73,-3.205,-0.69301,0.64122,1.5928,1.7102,1.3178,0.15161,-1.6419,-3.0953,-4.2209,-3.3008,-1.2536,0.52932,2.7161,4.7608,6.1197,7.657,8.8279,9.5758,9.8794,9.8961,9.5091,8.9795,8.0565,7.1852,6.833,7.0014,7.679,8.4712,8.9587,9.3707,9.5104,9.4482,9.1987,8.8232,8.509,8.1276,7.779,7.5693,7.4176,7.3208,7.2024,7.1015,6.9327,6.6459,6.3579,6.1049,5.8685,5.772,5.805,6.0485,6.3773,6.6708,7.0416,7.3375,7.4703,7.584,7.4737,7.2456,6.941,6.3661,5.5941,4.8855,3.7818,2.5913,1.4254,0.75219,0.31305,0.5368,0.93168,1.4767,1.7931,1.7219,1.3607,0.4585,-0.68756,-1.16,-0.44359,1.7151,3.4448,5.5707,7.2236,8.4171,9.0679,9.5728,9.7607,9.6395,9.2441,8.502,7.7738,6.6579,5.5734,4.9037,4.9545,5.3949,6.3329,6.853,7.5075,7.8378,7.8572,7.682,7.1516,6.318,5.4936,4.1604,2.7902,2.1577,2.4405,3.9695,5.9621,7.3262,8.9896,10.252,10.985,11.657,11.989,12.008,11.717,11.033,9.9714,8.9074,7.203,5.3739,4.2557,3.5669,3.6699,3.9346,3.9759,3.5332,2.4389,1.0833,-1.8233,-7.1595,-16.199,-11.936,-4.0495,-0.26695,1.5739,3.2676,4.2991,4.7864,5.1173,5.2248,5.2797,5.5318,6.1226,7.0472,7.8519,8.9132,9.8306,10.383,10.888,11.143,11.131,10.959,10.513,9.831,9.1945,8.2434,7.3024,6.7257,6.2536,6.1577,6.2996,6.4563,6.6188,6.6799,6.6417,6.5568,6.4544,6.4242,6.4069,6.4315,6.4721,6.4721,6.4149,6.2615,6.0667,5.7501,5.3113,4.8104
1.6912,0.48794,-1.5693,-4.2352,-6.2071,-6.5988,-4.18,-2.1457,0.063743,1.594,2.5963,2.9998,3.0971,2.6361,1.8927,0.27416,-2.1525,-4.1834,-4.8641,-2.382,0.15665,1.463,2.4159,2.563,2.0963,0.71333,-1.9054,-4.9851,-8.931,-4.6828,0.054427,2.6429,5.2244,7.1405,8.2623,9.3598,10.049,10.31,10.192,9.5735,8.2891,6.7488,3.4864,-2.6025,-12.619,-3.4966,2.3988,5.2552,6.4426,7.2453,7.3371,7.0672,6.3075,5.259,4.4119,3.4559,2.9862,2.9727,3.3238,3.7944,4.4012,4.7614,5.2578,5.6785,6.0185,6.2303,6.4118,6.491,6.5111,6.4763,6.3811,6.336,6.1895,6.2875,6.2686,6.3739,6.3876,6.2875,6.123,5.6239,4.802,3.8758,2.1568,-0.41918,-4.3317,-9.033,-13.471,-7.1809,-4.0324,-1.5415,-0.52538,-0.39656,-0.94823,-2.685,-6.2055,-10.077,-8.5241,-2.4644,0.9779,4.0237,6.2179,7.8077,8.5997,9.3178,9.5468,9.4301,8.8475,7.6655,6.3286,3.5051,-1.2768,-11.188,-6.8583,0.79113,4.4752,6.2617,7.788,8.651,9.0098,8.9459,8.4491,7.4025,6.1748,3.6426,-0.66689,-6.7684,-6.9581,1.252,5.5615,7.7442,9.7872,11.198,11.92,12.497,12.662,12.517,11.954,10.91,9.3006,7.596,4.3261,-1.1082,-9.575,-9.0871,-0.9805,2.2454,3.476,4.1961,4.1508,3.7467,2.8497,1.8697,1.3984,1.425,2.1622,3.0811,3.6833,4.1539,4.1843,3.8869,2.915,1.1254,-0.90107,-4.0112,-3.011,1.207,3.8746,6.549,8.4303,9.4274,10.319,10.752,10.756,10.483,9.7083,8.4295,7.0631,4.6061,1.2494,-1.5527,-2.8934,-0.48013,1.7983,2.9132,3.6817,3.8235,3.6131,3.0849,2.6155,2.5107,2.9447,3.8433,4.8341,5.4997,6.1281,6.4333,6.4326,6.0887,5.3454,4.0458
-0.3678,-1.8031,-4.2762,-7.4785,-10.102,-10.877,-7.9233,-5.7695,-3.3825,-1.7084,-0.55557,0.053547,0.56704,0.76007,0.73397,0.56441,0.32136,0.23422,0.34577,0.71663,1.2458,1.5962,1.923,2.0469,1.935,1.6334,1.2429,1.0066,1.0918,1.7091,2.7305,3.635,4.8194,5.8417,6.4833,7.0947,7.4198,7.4594,7.2593,6.695,5.7315,4.7608,3.2031,1.6672,0.93533,0.98572,1.7943,2.5238,2.8375,2.7775,2.086,1.1344,-0.85852,-3.8784,-7.1182,-13.351,-14.481,-10.32,-7.9081,-6.295,-4.8919,-4.0148,-2.743,-1.4428,-0.38605,0.27258,0.80266,0.97458,0.89252,0.41348,-0.34421,-1.0405,-1.9748,-2.3362,-2.0594,-1.5613,-0.62905,0.043209,0.39547,0.48726,0.1861,-0.32931,-1.3907,-2.9622,-4.8558,-6.1951,-7.0109,-6.291,-5.3689,-4.1734,-3.5445,-3.296,-3.3729,-3.6265,-3.8998,-3.7629,-3.1156,-1.8853,-0.60516,0.96969,2.5155,3.7824,4.5198,5.2735,5.6206,5.684,5.3968,4.7181,3.96,2.6335,1.1903,0.34015,0.63852,1.8192,3.2803,4.3816,5.4074,6.1112,6.489,6.5475,6.3825,5.9291,5.4389,4.629,3.8756,3.5592,3.7555,4.6509,5.8671,6.803,7.8387,8.6378,9.033,9.3103,9.2845,9.0764,8.5351,7.6992,6.5559,5.5008,3.9366,2.3674,1.489,1.0525,1.4117,2.1073,2.5261,2.932,3.067,3.0214,2.8073,2.559,2.351,2.127,1.9861,1.8436,1.6968,1.3631,0.85232,0.26411,-0.85446,-2.4407,-3.9193,-5.5996,-4.8353,-2.0796,0.049827,2.4057,4.1796,5.138,6.0334,6.4852,6.5149,6.264,5.5271,4.2896,2.9741,0.61699,-2.4407,-4.7878,-5.9456,-4.3594,-2.6661,-1.9152,-1.6771,-2.3242,-3.4398,-6.2133,-11.55,-18.51,-10.947,-5.0142,-1.703,-0.028441,1.4366,2.2779,2.5639,2.4869,1.9619,0.90745
-1.1479,-2.0373,-3.2671,-4.3831,-5.0326,-5.4541,-5.3665,-5.0489,-4.3847,-3.586,-2.8135,-2.2512,-1.5871,-1.0154,-0.65923,-0.2735,0.0519,0.2794,0.59391,0.89223,1.1887,1.4011,1.6474,1.8301,1.9404,2.0355,2.1337,2.2431,2.4608,2.7943,3.2084,3.5588,4.0309,4.4544,4.7267,5.0044,5.1549,5.1626,5.0762,4.8304,4.4563,4.1139,3.621,3.1466,2.8489,2.5262,2.2282,1.8856,1.5137,0.7506,-0.36018,-1.5054,-3.4895,-6.0528,-8.3459,-11.263,-12.88,-13.417,-13.755,-15.438,-17.981,-16.847,-12.415,-8.6454,-6.1858,-4.8864,-3.9165,-3.6138,-3.8355,-4.8035,-6.6048,-8.9342,-13.954,-26.662,-15.057,-10.98,-7.3282,-5.3012,-4.3375,-3.5289,-3.172,-3.0921,-3.2399,-3.5233,-3.9134,-4.1599,-4.3799,-4.5278,-4.5808,-4.6725,-4.8178,-5.1738,-5.4851,-5.9387,-6.1903,-6.183,-5.7133,-4.6485,-3.8119,-2.3511,-1.0198,0.19468,1.0237,1.8489,2.4714,2.787,2.9854,3.0155,2.926,2.7466,2.5898,2.5022,2.6139,2.8062,3.2152,3.4801,3.8548,4.1658,4.3822,4.5035,4.5949,4.6259,4.6219,4.6222,4.6538,4.7332,4.9552,5.2674,5.6489,5.906,6.2224,6.4223,6.4738,6.412,6.1932,5.9357,5.4676,4.9064,4.2704,3.7686,3.1439,2.6144,2.3041,2.0436,1.9451,1.9387,1.9642,1.9491,1.878,1.7524,1.5032,1.1615,0.83731,0.36787,-0.18476,-0.75626,-1.2072,-1.7649,-2.2718,-2.6163,-2.9295,-3.1159,-3.1001,-2.8169,-2.1773,-1.2145,-0.39903,0.71361,1.6921,2.3179,2.9424,3.3157,3.4232,3.3258,2.967,2.3561,1.7557,0.80063,-0.19293,-0.85666,-1.5525,-1.9827,-2.3233,-2.6092,-3.1578,-4.0209,-4.8835,-6.2012,-7.4719,-7.8268,-6.9809,-5.1895,-3.3422,-2.1822,-0.92686,-0.11312,0.25422,0.43693,0.2709,-0.16122
-0.88157,-1.5551,-2.5098,-3.5148,-4.2247,-5.1075,-5.8031,-6.0227,-6.0238,-5.5152,-4.6526,-3.9225,-2.9403,-2.0403,-1.4424,-0.76463,-0.18396,0.17881,0.59332,0.96767,1.2937,1.5227,1.7973,2.0199,2.1824,2.3673,2.5381,2.6765,2.8413,3.0163,3.2081,3.3292,3.481,3.6108,3.6727,3.7401,3.7953,3.8254,3.8538,3.8737,3.8879,3.8749,3.8208,3.7163,3.5987,3.3661,3.0237,2.574,2.1186,1.3509,0.39357,-0.45776,-1.7482,-3.1971,-4.3286,-5.8654,-7.3374,-8.7976,-10.264,-12.173,-13.618,-13.272,-10.874,-8.1329,-6.0589,-5.0179,-4.0834,-3.7621,-3.9052,-4.5153,-5.6373,-6.7711,-8.3696,-9.2694,-8.838,-8.3168,-7.0482,-6.0534,-5.476,-4.8656,-4.4015,-4.1215,-3.8159,-3.5619,-3.3823,-3.3205,-3.3248,-3.4547,-3.6496,-4.1554,-4.9017,-6.0145,-7.1495,-9.1397,-11.519,-13.102,-12.618,-9.972,-7.7718,-5.3344,-3.4042,-1.8181,-0.88668,0.14307,0.98391,1.4476,1.98,2.3583,2.5633,2.7576,2.888,2.9691,2.9382,2.9684,2.918,2.8272,2.7772,2.7466,2.8022,2.931,3.1935,3.5508,3.8417,4.2418,4.6109,4.8577,5.1292,5.3321,5.4449,5.466,5.4048,5.2098,4.9955,4.5965,4.106,3.6872,3.1157,2.5721,2.1186,1.8761,1.6438,1.5507,1.5364,1.5696,1.6183,1.6328,1.641,1.5635,1.3912,1.1882,0.81681,0.27215,-0.21838,-1.032,-2.0361,-3.2199,-4.1696,-5.3721,-6.282,-6.4879,-6.1408,-5.2635,-4.4664,-3.351,-2.3326,-1.3899,-0.73243,0.033918,0.68932,1.1206,1.5728,1.922,2.1539,2.2392,2.2363,2.0881,1.8884,1.5124,1.0312,0.6186,0.026549,-0.60836,-1.2709,-1.7903,-2.4955,-3.1736,-3.6451,-4.0796,-4.2463,-4.1513,-3.672,-2.9101,-2.0046,-1.331,-0.52191,0.10723,0.43124,0.66388,0.62079,0.33281
0.030732,-0.60701,-1.6611,-2.997,-4.2364,-6.3074,-8.9159,-11.05,-12.253,-10.2,-7.3218,-5.5077,-3.6167,-2.2303,-1.4397,-0.62542,-0.028599,0.32611,0.71469,1.0723,1.4114,1.645,1.9409,2.2129,2.3751,2.5763,2.7332,2.8194,2.9228,2.9858,3.0175,3.0102,2.9402,2.8002,2.6513,2.4183,2.2382,2.2343,2.3742,2.766,3.2847,3.6881,4.159,4.4948,4.6293,4.6519,4.502,4.1522,3.7752,3.1655,2.4081,1.7812,0.90054,0.013752,-0.62795,-1.4281,-2.1871,-2.8618,-3.2117,-3.6134,-3.6532,-3.4251,-2.8854,-2.1749,-1.4553,-1.0326,-0.61386,-0.46741,-0.52671,-0.81822,-1.3623,-1.8335,-2.4578,-3.2266,-3.7698,-4.0684,-4.6414,-5.088,-5.3895,-5.5934,-5.3907,-4.9989,-4.1805,-3.3243,-2.5242,-2.0615,-1.6563,-1.4872,-1.5665,-1.9395,-2.7523,-3.9773,-5.2752,-7.6658,-10.99,-13.727,-13.533,-9.7501,-7.5295,-5.1178,-3.275,-1.9772,-1.1907,-0.26577,0.47553,1.0151,1.6664,2.2389,2.6346,3.0532,3.3243,3.4529,3.3923,3.1555,2.6034,2.1139,1.2356,0.37163,-0.088608,0.019218,0.82106,1.9884,2.8871,3.9228,4.7416,5.191,5.5693,5.7395,5.7,5.5712,5.211,4.6864,4.1765,3.3375,2.3193,1.4622,0.295,-0.73475,-1.3313,-1.3751,-0.99763,-0.36849,0.14468,0.74538,1.1997,1.5062,1.6078,1.6393,1.5036,1.3061,0.88624,0.28819,-0.30295,-1.3573,-2.7578,-4.6913,-6.6658,-10.546,-17.131,-19.844,-12.575,-7.9392,-5.6923,-3.5868,-2.0892,-1.0639,-0.52735,-0.047105,0.28206,0.45085,0.72204,1.071,1.5211,1.886,2.323,2.6333,2.7449,2.7285,2.5011,2.1856,1.5962,0.80335,-0.15687,-0.9675,-2.1197,-3.1983,-3.8224,-4.3347,-4.1998,-3.7498,-2.8554,-1.7831,-0.6755,0.11591,1.0189,1.7645,2.1693,2.4817,2.5479,2.3118
1.2514,0.80469,0.015494,-1.0746,-2.1945,-4.2317,-6.9874,-9.4832,-11.254,-8.679,-5.4798,-3.6696,-1.9606,-0.8494,-0.33296,0.034236,0.12624,0.12192,0.1393,0.26608,0.58671,0.92463,1.3976,1.8262,2.0478,2.2102,2.2495,2.2188,2.2035,2.2331,2.2677,2.2878,2.1591,1.7258,1.164,0.0091167,-1.4784,-2.4772,-2.1268,-0.27654,1.8713,3.2587,4.6849,5.6443,6.0931,6.3757,6.3383,6.0087,5.6183,4.9282,4.1182,3.4872,2.6973,2.0677,1.7311,1.4882,1.433,1.4892,1.6474,1.8793,2.1552,2.4282,2.8162,3.1757,3.5074,3.7283,3.8612,3.8749,3.7929,3.5184,3.0932,2.6818,1.9578,1.1118,-0.074693,-1.0193,-2.7318,-5.0349,-7.272,-10.822,-11.712,-9.1906,-5.622,-2.9686,-1.0711,-0.0048888,1.0079,1.6101,1.8232,1.8386,1.5498,0.93715,0.33659,-0.58885,-1.4815,-1.9961,-2.3136,-2.2901,-2.0942,-1.7406,-1.4907,-1.307,-1.1265,-0.92198,-0.54625,-0.057694,0.7419,1.7538,2.5035,3.404,4.0706,4.4111,4.5086,4.128,3.2757,2.2417,-0.1072,-4.1807,-12.915,-12.652,-3.7243,0.65161,2.7146,4.5768,5.7326,6.2549,6.6018,6.5974,6.3255,5.9629,5.3046,4.4803,3.7121,2.475,0.84768,-0.74605,-3.6665,-8.1191,-12.664,-10.447,-5.6997,-2.6706,-1.1508,0.2068,1.0516,1.5437,1.7126,1.78,1.7063,1.5725,1.277,0.88184,0.4564,-0.27523,-1.2535,-2.4908,-3.6195,-5.3213,-6.6847,-6.7839,-5.5536,-3.6247,-2.2658,-0.8512,0.12642,0.61332,0.64504,0.28009,-0.546,-1.3419,-2.1091,-1.7801,-0.33253,0.97337,2.517,3.6506,4.2096,4.5788,4.5545,4.2922,3.6172,2.5721,1.1219,-0.2651,-2.5742,-5.5286,-8.1933,-10.979,-9.508,-6.9344,-3.892,-1.4749,0.47751,1.6962,3.0482,4.1009,4.7068,5.2604,5.5409,5.5325
0.98663,1.247,1.4718,1.4571,1.2848,0.89346,0.41735,0.13063,0.039411,0.25651,0.68922,1.0112,1.3012,1.2832,1.014,0.23142,-1.0562,-2.3594,-4.1915,-4.9671,-3.7956,-2.3655,-0.72512,0.30093,0.67189,0.57796,-0.061063,-0.74117,-1.574,-1.5383,-0.58013,0.27334,1.1159,1.3017,0.86306,-0.64925,-3.8007,-8.8373,-7.8686,-1.7835,2.2325,4.2467,6.0878,7.2226,7.7199,7.9581,7.7599,7.1932,6.5318,5.3056,3.7868,2.5191,0.89315,-0.10381,-0.12789,0.62214,1.7881,2.944,3.6397,4.5236,5.2157,5.6376,6.1224,6.513,6.7947,6.9464,7.0442,7.0248,6.9194,6.661,6.2815,5.8763,5.1488,4.2919,3.2113,2.0359,0.33284,-1.8503,-3.9008,-6.5296,-7.0712,-5.4914,-2.7232,-0.31637,1.5704,2.7199,3.9065,4.7404,5.1752,5.4778,5.5421,5.3474,5.049,4.5111,3.828,3.2886,2.4801,1.5457,0.94395,-0.070575,-1.2244,-2.4073,-3.4844,-5.1566,-6.3183,-6.1724,-3.7996,-0.873,1.0392,3.1265,4.6273,5.6066,6.0149,6.1643,5.9129,5.355,4.3034,3.041,2.1595,2.2561,3.4429,5.0185,6.0616,7.0879,7.6364,7.7657,7.5804,7.0051,6.1199,5.2763,4.1475,3.0724,2.3873,1.5433,0.60105,-0.32377,-1.9778,-3.8974,-5.0326,-4.5595,-2.8271,-1.1468,-0.2152,0.58349,0.92159,0.89257,0.77865,0.48868,0.26091,0.16031,0.16169,0.18422,0.19266,0.15953,0.03103,-0.17157,-0.29052,-0.35003,-0.1749,0.14527,0.7904,1.5966,2.2107,2.9301,3.3233,3.3154,2.9687,1.873,-0.30636,-3.0914,-10.426,-10.369,-2.295,0.99869,3.7756,5.4707,6.2562,6.7807,6.7995,6.5225,5.7686,4.5909,2.9762,1.446,-1.0589,-4.1863,-6.8192,-9.4905,-8.3812,-6.0896,-3.1508,-0.57233,1.6131,3.0483,4.6761,5.9796,6.7778,7.6097,8.1503,8.4466
-2.7652,-0.98198,0.64872,1.6841,2.2056,2.661,2.9011,2.9968,3.0901,3.1244,3.051,2.9242,2.5921,1.9769,1.2709,-0.11086,-2.2112,-4.5197,-9.1069,-12.68,-7.9865,-4.9166,-2.2523,-0.95003,-0.65165,-1.1351,-2.8507,-5.427,-12.84,-15.425,-5.4994,-2.1083,0.64191,2.1853,2.7969,3.1487,3.2561,3.4961,3.9273,4.8688,5.9759,6.7548,7.5707,8.0645,8.1956,8.0534,7.5395,6.6341,5.6447,3.8694,1.3493,-1.3194,-7.0135,-26.738,-12.286,-4.5024,-0.80804,1.5094,2.6801,3.8897,4.7956,5.2907,5.8163,6.2207,6.4996,6.6194,6.7479,6.7604,6.6973,6.5392,6.2518,5.9464,5.4795,4.7839,3.9992,3.3737,2.3302,1.2999,0.61125,-0.0796,-0.30688,-0.097807,0.57493,1.5955,2.763,3.6357,4.7297,5.6624,6.2174,6.7306,6.9645,6.954,6.7575,6.2419,5.431,4.6199,3.2427,1.5672,0.060935,-2.1952,-4.3459,-6.2203,-7.6369,-9.776,-12.877,-13.156,-7.7588,-2.9179,-0.21356,2.419,4.3426,5.7111,6.3877,7.0743,7.4141,7.4971,7.5518,7.5447,7.6156,7.7485,8.0268,8.3299,8.5141,8.5761,8.3646,7.963,7.0177,5.5413,3.397,1.2297,-2.303,-5.1931,-4.8345,-2.7059,-1.0339,-0.28232,0.20562,0.41612,0.47834,0.50429,0.58261,0.55496,0.38107,-0.12553,-1.0462,-2.4274,-3.711,-5.5474,-6.7768,-6.7428,-5.65,-4.3897,-3.5812,-2.8701,-2.4462,-2.179,-1.9392,-1.3683,-0.49664,0.29857,1.5109,2.6864,3.488,4.3851,5.0185,5.3387,5.3605,5.0841,4.5489,4.1004,3.7184,3.9682,4.8343,5.6689,6.7053,7.4742,7.8207,7.9712,7.7506,7.3436,6.4931,5.2988,3.7629,2.4155,0.38244,-1.8173,-3.3979,-5.0712,-5.8222,-5.4542,-3.8387,-1.5734,0.71279,2.2708,4.0982,5.6002,6.5215,7.5073,8.2421,8.7457
-3.8739,-2.4987,-1.0461,0.05496,0.67653,1.292,1.7284,1.9444,2.0682,2.0724,1.9462,1.759,1.3689,0.8333,0.33098,-0.43984,-1.3083,-1.9271,-2.5526,-2.6928,-2.2635,-1.6736,-0.87631,-0.28936,-0.071951,-0.088221,-0.45849,-0.84802,-1.202,-0.87474,0.19404,1.2274,2.5431,3.6505,4.323,5.0028,5.527,5.9538,6.2574,6.6173,6.925,7.0909,7.1826,7.0847,6.859,6.3598,5.6309,4.6437,3.7278,2.3225,0.69675,-0.60769,-2.2005,-3.1588,-3.1535,-2.3927,-1.3232,-0.32874,0.34191,0.95502,1.4516,1.7575,2.0702,2.3192,2.5391,2.6737,2.7928,2.8656,2.8956,2.8758,2.7728,2.6686,2.4614,2.1415,1.6218,1.2462,0.57861,-0.26108,-0.90664,-1.8025,-2.5472,-2.8342,-2.6276,-1.6495,-0.16629,1.0323,2.5709,3.9015,4.7057,5.5327,6.0206,6.1808,6.0886,5.6424,4.8208,3.8957,2.2042,-0.10777,-2.5006,-7.0905,-15.246,-21.273,-13.361,-8.8417,-6.3723,-4.8825,-2.8329,-0.86218,0.49714,2.0669,3.3665,4.3504,4.9756,5.5875,6.0624,6.4226,6.8,7.1523,7.477,7.7023,7.9308,8.0521,8.0354,7.8356,7.3784,6.8136,5.7092,4.1172,1.8948,-0.2248,-3.7338,-6.4972,-5.9753,-3.5477,-1.5389,-0.50678,0.37022,0.78051,0.87145,0.76297,0.37177,-0.28491,-0.98519,-2.2826,-4.067,-6.4885,-9.0737,-14.283,-22.611,-19.199,-12.96,-9.7814,-8.5291,-7.833,-8.0498,-8.9893,-9.8819,-9.7925,-7.2089,-4.7726,-1.837,0.52408,1.9605,3.4789,4.6436,5.4878,5.9354,6.3494,6.6159,6.7563,6.9294,7.1413,7.3817,7.5529,7.73,7.7814,7.7003,7.4024,6.8703,6.3001,5.3174,4.0634,2.5234,1.1707,-0.94009,-3.5479,-6.064,-10.784,-21.393,-22.272,-10.6,-5.5377,-2.2425,-0.39321,1.567,3.0761,3.9599,4.8699,5.5647,6.0746
-3.4962,-3.0165,-2.3645,-1.7313,-1.3091,-0.82399,-0.43832,-0.22914,-0.085141,-0.10554,-0.26519,-0.49334,-0.90402,-1.3718,-1.7129,-2.0841,-2.2545,-2.2239,-1.9614,-1.4689,-0.84161,-0.32555,0.32161,0.93573,1.3243,1.7236,2.0275,2.2547,2.577,2.9785,3.4849,3.9176,4.501,5.0524,5.4283,5.8568,6.1881,6.4207,6.5345,6.5949,6.538,6.3993,6.0746,5.5717,5.0817,4.2692,3.2988,2.2269,1.431,0.40419,-0.49979,-1.0567,-1.6274,-1.9855,-2.1383,-2.2248,-2.2977,-2.457,-2.5741,-2.8537,-3.1943,-3.3465,-3.4349,-3.3649,-3.1648,-2.9605,-2.8081,-2.6803,-2.6006,-2.5059,-2.3182,-2.1364,-1.9753,-1.7512,-1.6878,-1.928,-2.3346,-3.1397,-4.1037,-5.9932,-9.0345,-12.656,-16.506,-10.301,-5.2153,-2.5336,0.13853,2.1294,3.283,4.4417,5.2254,5.6341,5.7156,5.5334,5.0004,4.3618,3.1905,1.6337,0.17761,-1.8812,-3.664,-4.4427,-4.1736,-3.1306,-1.9062,-1.0083,0.02196,0.87494,1.4147,1.9817,2.339,2.5731,2.6959,2.8424,3.169,3.5145,4.1014,4.8017,5.4848,5.9436,6.4413,6.7679,6.8759,6.8348,6.5453,6.1724,5.4753,4.565,3.4804,2.6658,1.6405,0.92447,0.66715,0.64573,0.83313,1.0047,1.154,1.1183,0.88586,0.56458,-0.11335,-1.0688,-1.9725,-3.4236,-5.1177,-6.9609,-8.3573,-9.8239,-10.665,-10.706,-10.158,-9.3981,-8.9933,-8.8751,-9.5821,-11.421,-13.602,-14.761,-10.167,-6.668,-3.0484,-0.32563,1.2811,3.0046,4.3372,5.3652,5.9798,6.6272,7.102,7.3668,7.6248,7.7714,7.822,7.7875,7.6337,7.3364,7.0116,6.4212,5.6493,4.9541,3.866,2.5953,1.1737,0.0058935,-1.6702,-3.4447,-4.7637,-6.3964,-7.3898,-7.3218,-6.1335,-4.3739,-2.6221,-1.4507,-0.1917,0.76723,1.2876,1.744,1.977,2.1232
-4.7151,-4.5821,-4.3516,-4.0182,-3.7076,-3.2583,-2.7976,-2.4985,-2.232,-2.1981,-2.4442,-2.8319,-3.6247,-4.6854,-5.5449,-6.3834,-6.2873,-5.5189,-3.9971,-2.3913,-0.92955,0.01546,1.094,2.0013,2.5698,3.1831,3.6984,4.0373,4.4351,4.7957,5.1299,5.3751,5.6788,5.9425,6.105,6.2833,6.3926,6.4332,6.4026,6.2742,6.0109,5.7054,5.1264,4.3141,3.5362,2.2478,0.66052,-1.1193,-2.3794,-3.6669,-4.1496,-4.0323,-3.6229,-3.2602,-3.1416,-3.2576,-3.7452,-4.6839,-5.6941,-7.3945,-9.5555,-11.004,-11.708,-10.892,-9.7878,-9.1565,-8.8404,-8.9781,-9.2631,-9.527,-9.117,-8.371,-7.0803,-5.6874,-4.5655,-4.2027,-3.8767,-3.952,-4.3705,-5.3175,-6.6513,-7.5515,-7.7543,-6.0067,-3.4172,-1.5442,0.64623,2.4561,3.5805,4.776,5.6787,6.2751,6.5379,6.6632,6.5254,6.2737,5.7736,5.1143,4.5194,3.7914,3.1799,2.7645,2.5882,2.5519,2.6519,2.7529,2.8095,2.752,2.5908,2.1625,1.4096,0.3538,-0.65815,-1.9865,-2.4811,-2.0153,-0.38869,1.4802,3.115,4.0976,5.1157,5.8159,6.1502,6.3594,6.3212,6.151,5.7722,5.2447,4.6339,4.1775,3.5705,3.0729,2.7803,2.5164,2.3468,2.2472,2.0888,1.8561,1.4627,1.0192,0.2078,-0.91656,-1.9898,-3.746,-5.8568,-8.2221,-9.9639,-11.309,-11.079,-10.167,-8.7124,-7.4122,-6.6277,-5.8476,-5.3458,-4.9731,-4.6145,-3.8582,-2.6364,-1.5276,0.049081,1.5803,2.616,3.839,4.8868,5.7608,6.3179,6.926,7.3879,7.6497,7.8795,7.9624,7.8979,7.7505,7.4133,6.9046,6.4143,5.6018,4.6211,3.7821,2.5323,1.1574,-0.26903,-1.3319,-2.6574,-3.7171,-4.2694,-4.6615,-4.6287,-4.3395,-3.628,-2.7721,-1.8993,-1.3072,-0.73618,-0.44627,-0.47877,-0.87118,-1.7732,-3.1075
-7.2798,-7.8291,-8.4455,-8.5616,-8.1372,-7.0511,-5.8311,-5.0115,-4.1669,-3.7179,-3.7559,-4.1292,-5.2506,-7.4147,-10.178,-18.057,-21.373,-11.935,-6.3455,-3.0161,-0.73047,0.55627,1.8943,2.8938,3.4685,4.0807,4.5464,4.8199,5.1213,5.3658,5.5595,5.6656,5.7778,5.8358,5.8432,5.8148,5.7627,5.689,5.6112,5.471,5.2416,4.9779,4.434,3.5938,2.7066,1.0641,-1.3138,-4.8748,-9.0452,-20.713,-13.932,-8.9169,-5.5632,-3.8765,-3.2776,-3.1407,-3.6685,-4.8736,-6.3999,-9.2989,-13.795,-18.62,-21.22,-15.92,-13.309,-12.575,-12.553,-13.946,-16.295,-22.833,-26.472,-17.765,-11.915,-8.5166,-6.0998,-4.8318,-3.7147,-2.9861,-2.6528,-2.4328,-2.2743,-2.0781,-1.6093,-0.83341,0.25181,1.1935,2.5156,3.8178,4.7344,5.8185,6.7352,7.4492,7.8458,8.1877,8.332,8.3312,8.1929,7.9199,7.6748,7.3134,6.9377,6.5968,6.3596,6.0788,5.8012,5.5529,5.1523,4.6191,4.0746,3.0633,1.621,-0.4757,-2.9101,-7.9932,-17.876,-11.259,-4.2318,-0.43773,2.0278,3.3562,4.6382,5.4909,5.9073,6.1944,6.2337,6.1055,5.7561,5.2303,4.6018,4.0678,3.3889,2.813,2.5011,2.2686,2.2362,2.2822,2.361,2.3747,2.207,1.9195,1.2943,0.303,-0.72415,-2.5699,-5.1634,-9.0015,-13.602,-22.87,-14.315,-10.123,-6.6828,-4.4364,-3.2077,-1.9945,-1.0721,-0.32459,0.18142,0.85082,1.5179,2.0418,2.7338,3.4303,3.9408,4.61,5.2551,5.8755,6.3091,6.8294,7.2726,7.5305,7.7441,7.8046,7.6785,7.464,7.0026,6.3316,5.6949,4.6655,3.4232,2.3586,0.75457,-1.0415,-3.0385,-4.6011,-6.5829,-7.9968,-8.2981,-7.5693,-6.178,-5.0576,-3.6557,-2.4501,-1.4909,-0.94023,-0.47246,-0.40133,-0.64422,-1.4511,-2.9969,-5.7206
-9.7898,-12.166,-17.693,-27.214,-19.2,-12.656,-8.9883,-7.1278,-5.3473,-4.163,-3.4791,-3.2882,-3.4273,-3.9437,-4.4568,-4.9228,-4.5375,-3.6,-1.9286,-0.28878,1.1062,1.9527,2.8157,3.3922,3.6877,3.9432,4.0763,4.1342,4.2013,4.2694,4.3315,4.344,4.2825,4.1157,3.9244,3.5894,3.2643,3.0575,3.0518,3.2157,3.4847,3.6549,3.7185,3.4902,3.0892,2.1846,0.85921,-0.80875,-2.1061,-3.3628,-3.4043,-2.8036,-1.8048,-1.0771,-0.80764,-0.84087,-1.3275,-2.2436,-3.1127,-4.6502,-6.3206,-7.4419,-8.587,-9.2176,-9.6837,-10.14,-10.994,-12.089,-12.936,-13.628,-13.129,-11.845,-9.4674,-7.2124,-5.1855,-3.7997,-2.5764,-1.7249,-1.2526,-0.85713,-0.62411,-0.52393,-0.2999,0.082155,0.74756,1.477,2.6624,3.9746,4.9643,6.1972,7.2579,8.1274,8.6365,9.1224,9.4108,9.4981,9.4645,9.3013,9.1365,8.8221,8.4715,8.1151,7.8666,7.5315,7.1837,6.902,6.4908,5.9648,5.4738,4.6595,3.6565,2.4785,1.532,0.46024,-0.056263,0.075213,0.93454,2.0978,3.2469,4.0076,4.8148,5.3854,5.6513,5.8045,5.7169,5.4919,4.9582,4.1601,3.0762,2.0555,0.56685,-0.88085,-1.5828,-1.5915,-0.68008,0.22607,1.3497,2.1706,2.6694,2.8313,2.7511,2.3493,1.85,0.93496,-0.22646,-1.4945,-2.3083,-2.8436,-2.5461,-1.8798,-0.7881,0.27943,0.98332,1.7641,2.3798,2.8385,3.0922,3.3301,3.4563,3.508,3.5202,3.4877,3.4883,3.5741,3.8149,4.2571,4.6941,5.3534,5.9892,6.3817,6.7537,6.909,6.8216,6.5813,6.0287,5.2148,4.4227,3.1572,1.6398,0.34137,-1.6017,-3.8238,-6.4685,-8.9319,-13.688,-24.544,-25.979,-14.006,-9.1118,-6.6732,-4.2916,-2.5086,-1.201,-0.47638,0.18896,0.51504,0.56189,0.34407,-0.067893,-0.55096
-7.6663,-9.214,-11.176,-12.216,-11.935,-10.42,-8.4656,-7.0168,-5.1921,-3.6309,-2.3722,-1.6433,-0.89315,-0.33082,0.013129,0.45429,0.94939,1.3622,1.9504,2.499,2.9413,3.1493,3.2275,3.071,2.8066,2.2632,1.6294,1.2077,0.86335,0.86629,1.1128,1.3219,1.3956,1.0931,0.53959,-0.68557,-2.4391,-3.9703,-3.9311,-2.1384,0.075379,1.4481,2.7866,3.6091,3.9336,4.053,3.9003,3.5761,3.2957,2.9829,2.7985,2.7414,2.7011,2.6176,2.4869,2.1615,1.6404,0.92763,0.26572,-0.71725,-1.8119,-2.7133,-3.9198,-5.2196,-6.6004,-7.6801,-9.3816,-10.947,-11.657,-11.617,-10.399,-9.0216,-6.8983,-4.9861,-3.3752,-2.2949,-1.225,-0.5592,-0.33274,-0.346,-0.78215,-1.3837,-2.5034,-3.5995,-3.7256,-2.6709,-0.32378,2.1094,3.7233,5.5372,6.9548,8.0326,8.6313,9.1798,9.4611,9.509,9.39,9.1006,8.7694,8.2573,7.7251,7.2311,6.9303,6.6319,6.4461,6.3613,6.2298,6.029,5.8117,5.4376,4.9461,4.3702,4.0089,3.5486,3.2043,3.0856,3.1449,3.3791,3.7055,3.9656,4.3014,4.5653,4.6867,4.7218,4.5559,4.2918,3.6989,2.7657,1.3349,-0.17759,-3.1597,-8.4592,-18.037,-13.369,-5.3375,-2.2794,0.3413,2.0175,3.1115,3.6433,4.0459,4.1923,4.163,3.9932,3.7384,3.4818,3.3404,3.2439,3.3145,3.4762,3.7607,4.0611,4.266,4.4828,4.5851,4.5631,4.4509,4.149,3.6808,3.1817,2.3233,1.2112,0.23752,-1.0438,-1.6592,-0.98911,0.16887,1.8882,3.367,4.2359,5.047,5.4438,5.4638,5.2249,4.5834,3.5827,2.5975,0.98092,-0.92045,-2.4987,-4.6645,-6.7386,-8.5524,-9.6689,-10.764,-11.205,-10.806,-9.2611,-7.1755,-5.5978,-3.6872,-2.0632,-0.75196,0.014124,0.76667,1.2723,1.4981,1.649,1.6779,1.7094
-4.7356,-5.9655,-7.7674,-9.6216,-10.745,-11.13,-9.7389,-7.921,-5.4423,-3.2523,-1.467,-0.36743,0.80995,1.7117,2.2498,2.8222,3.2559,3.5057,3.7326,3.836,3.752,3.5422,3.0166,2.1484,1.1821,-0.66095,-3.322,-5.9484,-8.806,-7.0593,-3.997,-2.3425,-1.0624,-0.74622,-1.1454,-2.5878,-5.4574,-9.8591,-10.143,-5.0148,-1.0368,1.032,2.9724,4.2601,4.9136,5.4777,5.7688,5.8618,5.8393,5.7432,5.5874,5.443,5.2026,4.9097,4.6394,4.1989,3.6669,3.0295,2.4491,1.609,0.66097,-0.12911,-1.3073,-2.7349,-4.5134,-6.2022,-9.1948,-14.06,-21.565,-22.474,-12.43,-8.7263,-5.4405,-3.0885,-1.4196,-0.54485,0.38579,0.86656,0.91667,0.56769,-0.36243,-1.5345,-4.1336,-8.8772,-14.703,-9.0242,-2.8474,0.97926,3.0275,5.1019,6.6074,7.6625,8.2141,8.6561,8.7727,8.6668,8.2644,7.5526,6.8026,5.6196,4.3047,3.1361,2.5713,2.4955,3.0129,3.5306,4.1329,4.5489,4.6997,4.6848,4.4531,4.0433,3.6504,3.0424,2.4652,2.1355,1.7795,1.6316,1.6727,1.7898,2.0148,2.2386,2.3828,2.4938,2.5187,2.454,2.2545,1.8621,1.2218,0.61594,-0.44408,-1.4826,-1.9159,-1.625,-0.46562,0.60579,1.9287,3.0193,3.8268,4.2735,4.7227,5.0251,5.1823,5.3286,5.4362,5.5277,5.5881,5.6672,5.7441,5.7832,5.8197,5.81,5.754,5.5925,5.3107,4.8974,4.4947,3.8175,2.9494,2.1263,0.69204,-1.3197,-3.5247,-8.3574,-20.595,-10.687,-5.2928,-1.2012,1.3072,2.5836,3.6663,4.1981,4.2368,3.975,3.2302,2.0167,0.7972,-1.3332,-4.0872,-6.635,-10.693,-14.661,-15.559,-14.373,-12.448,-10.749,-9.5459,-7.8646,-6.1188,-4.8158,-3.1973,-1.7547,-0.53419,0.18798,0.90873,1.3361,1.4657,1.4439,1.201,0.84713
-2.7257,-4.0041,-6.3157,-9.7395,-13.763,-21.387,-13.804,-9.2518,-5.3457,-2.7011,-0.77753,0.34202,1.4858,2.3146,2.7769,3.2149,3.4831,3.5924,3.6175,3.5074,3.2437,2.9347,2.3341,1.4271,0.48386,-1.197,-3.5179,-5.6211,-7.5679,-6.2881,-3.705,-2.0724,-0.57893,0.24512,0.51459,0.5042,0.34558,0.32925,0.60276,1.3878,2.4484,3.2588,4.2389,5.0205,5.4622,5.8685,6.092,6.1701,6.1509,6.0276,5.8195,5.6162,5.3016,4.933,4.6175,4.1501,3.624,3.0359,2.594,1.9283,1.2103,0.633,-0.19747,-1.1217,-2.2071,-3.1678,-4.5036,-5.7975,-6.3917,-6.2114,-4.945,-3.6941,-2.0218,-0.52258,0.67262,1.3039,1.9348,2.2745,2.3487,2.1671,1.7254,1.2414,0.51921,-0.028248,-0.032631,0.44647,1.6062,3.0019,4.0231,5.2129,6.1768,6.868,7.2114,7.4223,7.3398,7.0679,6.379,5.2318,4.0414,1.7865,-1.6381,-7.4132,-14.082,-8.5005,-3.144,-0.85416,1.061,2.134,2.542,2.6502,2.368,1.7568,1.0047,-0.21615,-1.606,-2.6879,-3.9369,-4.4696,-4.142,-3.5898,-2.8737,-2.349,-2.1029,-1.884,-1.6146,-1.3253,-0.79314,-0.18381,0.40777,0.76849,1.1321,1.4288,1.6408,1.963,2.3208,2.5932,2.9084,3.1461,3.2982,3.3937,3.5339,3.7185,3.9043,4.2017,4.521,4.8241,5.0248,5.2608,5.4166,5.4685,5.4493,5.3121,5.1161,4.7092,4.146,3.4251,2.7991,1.9064,0.97696,0.30786,-0.55955,-1.4313,-2.0693,-2.7761,-2.9151,-2.2157,-1.2414,0.22194,1.5149,2.2592,2.9298,3.2329,3.1452,2.8348,2.0734,0.87699,-0.3389,-2.4413,-5.2169,-7.8336,-12.161,-16.733,-17.792,-16.44,-14.785,-13.355,-12.06,-10.063,-7.8184,-6.1694,-4.1521,-2.4916,-1.1996,-0.45374,0.217,0.4948,0.44589,-0.026759,-0.99946,-2.6539
-0.65822,-1.3278,-2.3564,-3.4461,-4.129,-4.4732,-4.0116,-3.2431,-2.0262,-0.84786,0.13881,0.72649,1.3118,1.6927,1.8517,1.9238,1.87,1.7634,1.5693,1.3273,1.091,0.91633,0.66682,0.37947,0.13806,-0.21222,-0.55608,-0.70815,-0.69079,-0.33235,0.29708,0.81453,1.4795,2.0132,2.3193,2.6013,2.8,2.9904,3.1519,3.4218,3.7389,3.9856,4.2887,4.5358,4.6587,4.7286,4.6858,4.5343,4.3598,4.0531,3.6951,3.4038,3.0006,2.5702,2.2289,1.7399,1.1926,0.62006,0.20045,-0.30107,-0.69832,-0.91166,-1.124,-1.2466,-1.3361,-1.3859,-1.4493,-1.4281,-1.3257,-1.008,-0.48548,0.0063163,0.69267,1.366,1.9755,2.3775,2.7126,2.905,2.9557,2.9064,2.7524,2.5975,2.4036,2.2995,2.3563,2.51,2.8707,3.3538,3.7555,4.2672,4.7264,5.0946,5.2705,5.3531,5.24,4.989,4.4082,3.521,2.6343,1.0863,-0.83891,-2.7515,-3.6505,-3.4037,-2.1388,-1.1218,-0.091903,0.47763,0.61749,0.4473,-0.14766,-1.1751,-2.2741,-4.2278,-7.0903,-10.403,-18.261,-23.044,-13.554,-10.525,-8.4786,-7.83,-8.0778,-9.1266,-10.261,-9.8215,-7.2935,-4.3909,-2.0699,-0.76286,0.59001,1.5116,1.9697,2.3198,2.3857,2.2473,1.8332,1.151,0.31349,-0.30777,-0.9101,-0.94776,-0.59755,0.15704,0.97019,1.6828,2.1302,2.5898,2.9167,3.0854,3.1615,3.0431,2.804,2.2541,1.3904,0.17314,-0.97494,-2.6947,-4.2414,-4.8664,-4.6433,-3.7033,-2.8869,-1.8948,-1.0158,-0.2095,0.34875,0.99414,1.5097,1.7776,1.9822,1.9759,1.7796,1.4832,0.89393,0.052567,-0.7693,-2.1213,-3.7868,-5.2065,-7.268,-9.3987,-11.56,-13.392,-16.881,-23.637,-24.853,-15.896,-10.713,-8.0738,-5.4457,-3.547,-2.1963,-1.4556,-0.83202,-0.57378,-0.61954,-1.0548,-1.9444,-3.3986
1.1982,1.022,0.72984,0.44754,0.28497,0.16687,0.20523,0.31674,0.5197,0.72649,0.86164,0.87638,0.76862,0.50451,0.20234,-0.31972,-0.94948,-1.4659,-2.1412,-2.6914,-2.9897,-2.9877,-2.6693,-2.0573,-1.5043,-0.77242,-0.064674,0.43184,1.0519,1.6327,2.1738,2.5244,2.9192,3.2079,3.345,3.4525,3.4557,3.3973,3.3273,3.2203,3.1197,3.0591,2.975,2.8709,2.7659,2.5537,2.2225,1.7418,1.2849,0.60956,-0.075825,-0.53165,-1.0283,-1.3961,-1.6499,-2.0749,-2.686,-3.5233,-4.323,-5.2528,-5.6038,-5.2924,-4.3206,-3.1616,-2.0867,-1.3886,-0.65644,-0.06151,0.31355,0.76318,1.1731,1.4691,1.8429,2.1615,2.4296,2.6214,2.7669,2.7974,2.7354,2.5819,2.3383,2.1306,1.847,1.5964,1.439,1.409,1.4625,1.6076,1.7541,1.9928,2.2229,2.4512,2.6048,2.7696,2.8518,2.8425,2.716,2.4588,2.1492,1.6296,1.0606,0.55657,0.28545,0.094887,0.058679,0.055101,0.018588,-0.16184,-0.43185,-0.98198,-1.7835,-2.8681,-3.7858,-5.2354,-6.9724,-8.4201,-9.9341,-10.458,-9.8085,-9.0745,-8.4489,-8.5636,-9.2892,-11.468,-14.665,-14.445,-9.5224,-5.3303,-2.3721,-0.71345,0.86387,1.9042,2.3762,2.6112,2.4033,1.9303,0.81311,-0.99435,-3.7912,-6.9028,-12.882,-12.77,-8.8087,-5.353,-3.3555,-2.1683,-1.5851,-1.0253,-0.52712,-0.17156,0.23467,0.45905,0.4408,0.086458,-0.76393,-2.2729,-3.9949,-7.6452,-15.091,-31.31,-12.054,-6.5082,-4.1256,-2.0128,-0.6502,0.2316,0.6409,0.91826,0.93571,0.82186,0.53892,0.19815,-0.094935,-0.26853,-0.46081,-0.67949,-0.92168,-1.4088,-2.128,-2.8142,-3.9165,-5.2331,-6.7472,-8.0284,-9.7422,-11.008,-10.935,-9.5591,-7.5621,-6.1139,-4.4901,-3.2156,-2.2651,-1.7609,-1.2978,-1.0493,-0.99326,-1.0274,-1.1948,-1.397
2.4341,2.4497,2.3883,2.2918,2.2129,2.0997,1.9888,1.8869,1.7176,1.452,1.0523,0.64191,-0.087937,-1.0505,-1.9152,-3.2465,-4.761,-5.9994,-7.8252,-9.8014,-11.462,-11.495,-9.3552,-6.4455,-4.4916,-2.3095,-0.57804,0.45045,1.5651,2.414,3.0291,3.3731,3.649,3.741,3.6889,3.4696,3.0983,2.5842,2.1387,1.5074,0.91849,0.56156,0.2539,0.089208,-0.0023662,-0.21173,-0.66008,-1.4702,-2.3786,-4.0097,-5.9882,-7.2918,-7.8544,-7.049,-6.2851,-5.7241,-5.9526,-7.264,-9.1266,-14.157,-25.877,-15.732,-8.7595,-5.0432,-2.7025,-1.4918,-0.30551,0.47653,0.88538,1.249,1.4763,1.5908,1.7399,1.883,2.0018,2.0327,2.0781,1.9929,1.8235,1.4268,0.85033,0.31448,-0.46904,-1.2128,-1.7743,-1.9941,-2.049,-1.9455,-1.8459,-1.7196,-1.6188,-1.4846,-1.2674,-0.81449,-0.25193,0.19348,0.70933,1.0469,1.1822,1.2467,1.2121,1.0793,0.96532,0.76288,0.51229,0.25827,-0.18364,-0.77515,-1.3426,-2.2848,-3.3528,-4.4591,-5.1447,-5.9187,-6.3696,-6.4702,-6.341,-6.0073,-5.5651,-5.2126,-4.8051,-4.5293,-4.3874,-4.2043,-3.8126,-3.215,-2.0006,-0.52736,0.95145,1.9224,2.9957,3.7513,4.0943,4.228,3.9716,3.5043,2.4543,0.8803,-1.2631,-3.1568,-5.4767,-6.1618,-5.6452,-4.8104,-4.5407,-4.9555,-5.5945,-6.2159,-5.7369,-4.6578,-2.9785,-1.6114,-0.91859,-0.46679,-0.51436,-1.002,-1.6063,-2.6238,-3.4553,-3.611,-2.9617,-1.715,-0.74706,0.35181,1.1141,1.4832,1.4955,1.1522,0.36275,-0.51668,-2.028,-3.5688,-4.4016,-4.1382,-3.0447,-1.8647,-1.1717,-0.59092,-0.36751,-0.41352,-0.69953,-1.1854,-1.8057,-2.2989,-2.8891,-3.2872,-3.4115,-3.3462,-3.0843,-2.8229,-2.4669,-2.1659,-1.9486,-1.8608,-1.7942,-1.772,-1.7519,-1.6549,-1.4419,-1.0807
2.8888,2.853,2.7335,2.5755,2.4651,2.3592,2.2528,2.1504,1.9262,1.5284,0.8852,0.20656,-1.0242,-2.6796,-4.2253,-6.6669,-9.3353,-11.191,-13.256,-15.447,-18.687,-19.174,-13.376,-8.2151,-5.3603,-2.4717,-0.34414,0.89185,2.152,3.0444,3.6166,3.8681,3.9794,3.8439,3.5875,2.997,2.1322,0.94466,-0.18666,-1.9973,-3.9643,-5.1468,-5.4975,-4.5618,-3.688,-2.8484,-2.618,-3.1074,-4.0272,-6.2755,-10.342,-15.504,-16.935,-10.385,-7.6351,-5.5949,-4.7843,-4.8477,-5.3136,-6.0598,-6.2144,-5.4864,-3.8032,-2.0556,-0.64063,0.13589,0.83642,1.1572,1.1807,0.97419,0.59095,0.26943,-0.066419,-0.11534,0.11557,0.34484,0.63043,0.72706,0.60008,0.045238,-1.0021,-2.1729,-4.3317,-7.0292,-9.2832,-9.4861,-8.1288,-6.8405,-6.3799,-6.5679,-7.4384,-8.4577,-8.4986,-6.9714,-4.7277,-3.2579,-1.7585,-0.76862,-0.26267,0.11699,0.25933,0.26334,0.20145,0.074702,-0.12372,-0.33547,-0.80266,-1.5599,-2.368,-3.8749,-5.965,-8.5678,-10.55,-11.38,-9.4464,-7.6123,-5.6826,-4.165,-3.0086,-2.324,-1.5448,-0.87354,-0.41412,0.23031,0.92362,1.5172,2.3959,3.3353,4.2636,4.9153,5.6886,6.2783,6.5791,6.7746,6.7097,6.4866,5.964,5.1946,4.2515,3.4793,2.4681,1.5153,0.79674,-0.32876,-1.9515,-4.5655,-7.752,-15.751,-14.12,-8.247,-3.9686,-1.5184,-0.34243,0.6542,1.2111,1.4817,1.5679,1.6597,1.8208,2.0196,2.4117,2.8919,3.2566,3.6566,3.8648,3.7851,3.4882,2.6877,1.3045,-0.27308,-3.4721,-9.2674,-20.788,-11.308,-4.9208,-1.6756,-0.16488,1.1414,1.886,2.1728,2.2781,2.1518,1.8587,1.5708,1.118,0.6553,0.29056,-0.15507,-0.58893,-0.92527,-1.399,-1.9275,-2.5234,-2.9812,-3.6338,-4.2445,-4.5732,-4.7383,-4.3313,-3.3862
