-0.63866,-0.81631,-0.95803,-0.98569,-0.93999,-0.79133,-0.57702,-0.39135,-0.14635,0.07208,0.26922,0.38648,0.50491,0.5613,0.56648,0.50622,0.39076,0.25519,0.062909,-0.13785,-0.34499,-0.49029,-0.63663,-0.69428,-0.65805,-0.48996,-0.1735,0.16936,0.74053,1.3993,2.1108,2.6476,3.3399,3.9734,4.4059,4.9113,5.3311,5.657,5.8371,5.9898,6.0401,6.0081,5.8739,5.6385,5.3919,4.9611,4.4222,3.7556,3.1707,2.2807,1.2553,0.39136,-0.89973,-2.3553,-3.5794,-5.3828,-7.3653,-9.4724,-10.933,-12.229,-12.287,-11.642,-10.37,-9.0687,-7.8951,-7.1092,-6.2064,-5.4162,-4.8895,-4.2718,-3.748,-3.4146,-3.0315,-2.7275,-2.4944,-2.3673,-2.2577,-2.2236,-2.2428,-2.3103,-2.4428,-2.5848,-2.8266,-3.1069,-3.4081,-3.6311,-3.8949,-4.1101,-4.2244,-4.3193,-4.3031,-4.1961,-4.057,-3.8407,-3.5689,-3.3501,-3.0418,-2.7307,-2.5015,-2.2054,-1.9326,-1.7129,-1.5868,-1.4549,-1.3973,-1.4001,-1.4667,-1.6075,-1.7743,-2.0889,-2.5184,-3.0609,-3.5361,-4.2786,-5.1107,-5.7659,-6.5895,-7.1917,-7.3925,-7.2031,-6.556,-5.6428,-4.8792,-3.887,-2.9439,-2.2922,-1.503,-0.80263,-0.17896,0.2453,0.73958,1.1875,1.4842,1.8395,2.1596,2.3729,2.629,2.8548,3.0561,3.1914,3.3516,3.4828,3.5617,3.6362,3.6738,3.6744,3.6449,3.5703,3.446,3.3179,3.0989,2.824,2.5824,2.2103,1.783,1.2991,0.90429,0.35929,-0.16814,-0.51123,-0.83201,-0.91498,-0.79223,-0.39422,0.21749,0.96255,1.5526,2.3415,3.0958,3.6246,4.2643,4.8297,5.3224,5.6453,6.0069,6.3,6.4734,6.6453,6.748,6.784,6.7831,6.723,6.6108,6.4983,6.3153,6.0954,5.9134,5.649,5.3751,5.1683,4.8917,4.6383,4.4138,4.269,4.1151,4.0108,3.9666,3.9491,3.9769,4.0388
-4.3979,-4.1486,-3.3957,-2.4383,-1.7109,-0.82462,-0.071374,0.40166,0.90505,1.2564,1.4552,1.5018,1.4274,1.175,0.8716,0.30754,-0.44039,-1.1243,-2.1744,-3.3049,-4.3176,-4.777,-4.7023,-3.8021,-2.7788,-1.252,0.25959,1.3307,2.6511,3.8434,4.9136,5.6417,6.5163,7.2825,7.787,8.3687,8.8438,9.2141,9.4234,9.6112,9.6953,9.6901,9.5947,9.3993,9.187,8.8175,8.3531,7.7979,7.3238,6.6219,5.8472,5.2278,4.3635,3.4767,2.8164,1.9773,1.2241,0.60008,0.23229,-0.12476,-0.33865,-0.42381,-0.47741,-0.49595,-0.51044,-0.53891,-0.60802,-0.72249,-0.84176,-1.046,-1.2964,-1.5075,-1.8095,-2.1257,-2.4476,-2.6769,-2.97,-3.2684,-3.51,-3.8836,-4.3604,-4.8131,-5.5769,-6.6019,-7.9763,-9.3249,-11.738,-15.261,-19.011,-22.044,-17.032,-12.784,-10.524,-8.2609,-6.5608,-5.5415,-4.4309,-3.5291,-2.9568,-2.3062,-1.7525,-1.2732,-0.95667,-0.57563,-0.23853,-0.013469,0.2504,0.47147,0.60486,0.73962,0.8239,0.85335,0.84059,0.78383,0.68135,0.58322,0.42607,0.24665,0.052554,-0.10441,-0.32885,-0.57102,-0.76941,-1.0604,-1.3778,-1.6296,-1.9642,-2.257,-2.456,-2.5077,-2.4073,-2.1126,-1.7832,-1.2478,-0.66949,-0.23706,0.29344,0.74875,1.1084,1.3106,1.4848,1.5479,1.5266,1.4138,1.2187,0.96244,0.75563,0.49427,0.30331,0.23793,0.28377,0.49013,0.73737,1.155,1.6307,2.1246,2.488,2.9501,3.3822,3.6854,4.0631,4.4167,4.6668,4.9826,5.2766,5.5465,5.7309,5.9476,6.125,6.2291,6.3245,6.3666,6.3556,6.3113,6.2061,6.0507,5.9055,5.6801,5.4259,5.2275,4.9615,4.7078,4.477,4.3232,4.1415,3.9851,3.873,3.7191,3.5457,3.3883,3.1319,2.803,2.3874,2.0075,1.4007,0.66987,0.036005,-0.91187,-1.9373,-2.9152
-4.413,-4.0336,-3.2525,-2.3556,-1.6943,-0.88765,-0.20187,0.22155,0.66514,0.96234,1.1303,1.1717,1.1142,0.92987,0.71062,0.30707,-0.2231,-0.69569,-1.3868,-2.0914,-2.6923,-2.9625,-2.954,-2.4612,-1.8244,-0.75507,0.41564,1.2894,2.4059,3.4352,4.3678,5.0017,5.7602,6.4207,6.8502,7.3385,7.7294,8.023,8.1805,8.3053,8.3323,8.2897,8.1521,7.9243,7.6979,7.3278,6.8858,6.3879,5.9877,5.4322,4.8707,4.459,3.9378,3.4648,3.143,2.7713,2.4614,2.2004,2.0254,1.8079,1.5888,1.4042,1.1284,0.78129,0.3384,-0.072139,-0.74842,-1.6051,-2.3926,-3.6861,-5.3457,-6.9266,-9.7219,-13.929,-21.931,-31.697,-18.039,-12.98,-10.735,-8.747,-7.4353,-6.7673,-6.179,-5.8602,-5.745,-5.7524,-5.8466,-5.9743,-6.0583,-6.1281,-6.1402,-6.1031,-6.0595,-6.0109,-6.0339,-6.1265,-6.3698,-6.7772,-7.1995,-7.897,-8.7075,-9.4795,-9.8535,-9.8238,-9.0989,-8.2183,-6.8806,-5.5702,-4.6731,-3.6303,-2.7744,-2.0803,-1.667,-1.2472,-0.96565,-0.83969,-0.77537,-0.8294,-1.0072,-1.2216,-1.6189,-2.1623,-2.6778,-3.5322,-4.6221,-5.6291,-7.2915,-9.4444,-12.173,-14.374,-15.587,-13.352,-11.099,-8.5467,-6.5769,-5.4176,-4.2065,-3.3181,-2.7023,-2.4024,-2.2163,-2.2709,-2.4743,-2.9768,-3.7805,-4.9491,-6.1362,-8.2748,-11.337,-14.389,-16.965,-13.283,-10.137,-6.9452,-4.5998,-2.815,-1.7403,-0.56747,0.36198,0.92742,1.537,2.0048,2.273,2.5312,2.6826,2.7393,2.7239,2.6286,2.4513,2.2656,1.9472,1.5464,1.0615,0.63891,-0.015577,-0.79394,-1.4756,-2.5479,-3.8577,-5.0236,-6.8514,-8.9001,-10.651,-10.968,-9.7267,-7.7186,-6.2838,-4.67,-3.4227,-2.7087,-2.0209,-1.6057,-1.4431,-1.485,-1.7495,-2.2526,-2.7827,-3.6851,-4.7648,-5.8994
-1.2447,-1.1076,-0.91451,-0.72909,-0.60117,-0.45133,-0.33703,-0.27432,-0.24549,-0.27013,-0.3363,-0.40539,-0.50495,-0.5983,-0.65879,-0.72369,-0.76754,-0.77818,-0.75463,-0.6842,-0.56673,-0.43954,-0.21878,0.055366,0.29538,0.64899,1.0403,1.3489,1.7756,2.2125,2.6586,2.9959,3.446,3.8875,4.2057,4.5998,4.9456,5.2248,5.3813,5.5027,5.5109,5.4344,5.2113,4.8409,4.4583,3.7987,2.9526,1.9047,0.97881,-0.44424,-2.0555,-3.3128,-4.7998,-5.5974,-5.521,-4.7129,-3.5702,-2.4611,-1.7364,-0.93671,-0.33001,0.0064062,0.30743,0.45071,0.43929,0.33743,0.081456,-0.30351,-0.66818,-1.2321,-1.8725,-2.3835,-3.061,-3.6621,-4.1099,-4.3158,-4.4166,-4.3561,-4.2467,-4.0646,-3.903,-3.8094,-3.7349,-3.7319,-3.7874,-3.8654,-4.0022,-4.1657,-4.2969,-4.4876,-4.6956,-4.9302,-5.1234,-5.4219,-5.786,-6.1258,-6.6822,-7.3842,-8.0233,-9.0308,-10.221,-11.466,-12.246,-12.62,-11.938,-10.916,-9.3221,-7.795,-6.7788,-5.6288,-4.7046,-3.9864,-3.5651,-3.1395,-2.8596,-2.7286,-2.653,-2.6771,-2.7925,-2.9322,-3.1785,-3.494,-3.7676,-4.1699,-4.604,-4.9411,-5.3846,-5.793,-6.1171,-6.2807,-6.3668,-6.2933,-6.1481,-5.8637,-5.5187,-5.2455,-4.8901,-4.57,-4.3009,-4.1372,-3.9956,-3.9354,-3.9446,-4.0272,-4.1756,-4.376,-4.5427,-4.7586,-4.916,-4.9647,-4.8966,-4.6455,-4.3507,-3.8491,-3.2793,-2.6937,-2.275,-1.7635,-1.3296,-1.0711,-0.81623,-0.67711,-0.65411,-0.74332,-0.97419,-1.3528,-1.7343,-2.3758,-3.1616,-3.8385,-4.8344,-5.88,-6.8863,-7.5323,-8.1798,-8.5878,-8.7763,-8.9702,-9.219,-9.4791,-9.9347,-10.409,-10.668,-10.519,-9.734,-8.4678,-7.4046,-6.0396,-4.8495,-4.0975,-3.2858,-2.6709,-2.2292,-2.0066,-1.8323,-1.7755,-1.7986,-1.883,-2.0241,-2.1883
0.72409,0.94435,1.1523,1.2447,1.2356,1.1162,0.86989,0.59151,0.088248,-0.56133,-1.3416,-1.9856,-2.84,-3.5296,-3.8268,-3.7899,-3.3102,-2.7422,-1.8727,-1.0162,-0.25915,0.22594,0.75009,1.1232,1.3036,1.4115,1.3701,1.254,0.99632,0.68322,0.41772,0.3429,0.5252,1.0841,1.7105,2.6899,3.6897,4.6044,5.1938,5.8226,6.2527,6.4413,6.507,6.3614,6.1103,5.5792,4.8181,3.8095,2.8827,1.4076,-0.31426,-1.6896,-3.3191,-4.0363,-3.717,-2.5205,-1.091,0.21437,1.0585,1.9884,2.7185,3.1501,3.5916,3.8989,4.0874,4.1592,4.1715,4.09,3.9785,3.7791,3.5298,3.3142,3.0002,2.6702,2.335,2.0822,1.7457,1.4113,1.1571,0.80352,0.41892,0.11571,-0.32547,-0.81258,-1.3402,-1.7577,-2.3168,-2.8624,-3.2358,-3.66,-3.9742,-4.1456,-4.1909,-4.1545,-4.0453,-3.943,-3.8114,-3.692,-3.6176,-3.5399,-3.4743,-3.4072,-3.3349,-3.1958,-3.0061,-2.8299,-2.5589,-2.2716,-2.0586,-1.8187,-1.6427,-1.558,-1.5502,-1.618,-1.7764,-1.9511,-2.2501,-2.6078,-2.9943,-3.2765,-3.6275,-3.9214,-4.1003,-4.2721,-4.3771,-4.4352,-4.4919,-4.5511,-4.6183,-4.6804,-4.78,-4.8829,-4.96,-5.0546,-5.1206,-5.123,-5.0629,-4.9116,-4.6809,-4.4685,-4.1654,-3.8626,-3.6549,-3.4322,-3.2724,-3.1784,-3.1429,-3.1258,-3.1214,-3.1012,-3.0258,-2.8639,-2.6853,-2.3693,-1.9798,-1.5448,-1.2066,-0.78184,-0.40241,-0.17439,0.035042,0.11761,0.074738,-0.13142,-0.52351,-1.1206,-1.7216,-2.7589,-4.1232,-5.4161,-7.6189,-10.644,-15.109,-19.892,-20.795,-15.119,-12.227,-9.603,-7.7812,-6.7396,-5.6333,-4.7251,-3.9385,-3.389,-2.6768,-1.9998,-1.5168,-0.92118,-0.40083,-0.066989,0.29176,0.55367,0.72614,0.79343,0.81817,0.76642,0.69575,0.57175,0.43218,0.29185
0.89103,1.3353,1.7626,2.0029,2.0474,1.9321,1.6089,1.2135,0.45154,-0.62917,-2.1214,-3.6101,-6.2978,-10.104,-13.293,-12.625,-8.327,-5.7387,-3.1297,-1.2183,0.1918,0.99142,1.7686,2.2494,2.4227,2.4006,2.0584,1.5598,0.4875,-1.227,-3.9747,-7.1886,-12.864,-8.483,-4.0582,-0.061615,2.6655,4.6395,5.7734,6.9257,7.7453,8.1722,8.5179,8.6419,8.5988,8.3805,8.004,7.4973,7.0564,6.4195,5.7774,5.3218,4.7926,4.3924,4.1931,4.0691,4.0934,4.2319,4.3893,4.6382,4.9081,5.1076,5.3512,5.5584,5.7161,5.7967,5.8518,5.8341,5.7728,5.6277,5.4196,5.2251,4.9141,4.5434,4.1272,3.7846,3.2939,2.7723,2.357,1.7799,1.1581,0.65547,-0.085501,-0.94745,-1.966,-2.8754,-4.3459,-6.2044,-7.8931,-10.521,-12.833,-12.651,-10.969,-8.4781,-6.4028,-5.1473,-3.8346,-2.8339,-2.2446,-1.6275,-1.164,-0.82294,-0.63188,-0.43371,-0.29769,-0.23743,-0.20569,-0.2466,-0.32316,-0.49756,-0.74229,-1.0914,-1.4223,-1.9717,-2.6803,-3.3307,-4.3794,-5.6745,-7.2095,-8.5032,-10.206,-11.237,-11.17,-10.108,-8.673,-7.6851,-6.6082,-5.8947,-5.5177,-5.4593,-5.682,-6.2702,-6.9625,-8.267,-10.008,-11.489,-13.088,-12.857,-10.977,-9.3609,-7.4891,-6.0592,-5.262,-4.5396,-4.1547,-4.0898,-4.2327,-4.6672,-5.3729,-6.0444,-7.0418,-7.8664,-8.0674,-7.5048,-6.2102,-4.6779,-3.5874,-2.2961,-1.2554,-0.6411,-0.035326,0.34682,0.49231,0.49816,0.31393,-0.05597,-0.45144,-1.1111,-1.8991,-2.5421,-3.4305,-4.2825,-4.9841,-5.331,-5.4861,-5.2979,-4.9602,-4.3403,-3.5916,-2.9952,-2.1962,-1.409,-0.66419,-0.13881,0.50231,1.0482,1.3908,1.7519,2.0031,2.1145,2.1476,2.0464,1.8001,1.5097,0.97581,0.29329,-0.3005,-1.1455,-1.946,-2.5239
-1.7874,-1.2093,-0.63692,-0.22945,-0.04635,0.029086,-0.061595,-0.22157,-0.54793,-0.98676,-1.4941,-1.9001,-2.4021,-2.7824,-2.9212,-2.8775,-2.579,-2.2054,-1.5606,-0.852,-0.15921,0.3242,0.90654,1.3955,1.688,1.9846,2.1673,2.232,2.2416,2.1935,2.1557,2.198,2.4234,2.9038,3.4137,4.235,5.1099,5.942,6.4963,7.1076,7.5567,7.7847,7.9413,7.9303,7.8097,7.5103,7.059,6.465,5.9323,5.1187,4.2147,3.4919,2.5013,1.5326,0.87839,0.17653,-0.2535,-0.37621,-0.28505,0.0164,0.42581,0.75351,1.1671,1.5378,1.8397,2.0176,2.1986,2.2905,2.2996,2.2156,2.021,1.7965,1.3826,0.82543,0.12979,-0.46907,-1.3451,-2.2479,-2.8835,-3.5967,-4.1022,-4.3546,-4.5903,-4.8291,-5.1843,-5.5851,-6.3581,-7.3972,-8.2925,-9.4961,-10.288,-10.182,-9.5116,-8.2517,-6.9853,-6.1352,-5.1915,-4.4624,-4.0504,-3.653,-3.3903,-3.2393,-3.1828,-3.1526,-3.2007,-3.2807,-3.4544,-3.7016,-3.9438,-4.3279,-4.7857,-5.3203,-5.7556,-6.3792,-7.0743,-7.659,-8.5445,-9.6618,-11.069,-12.36,-14.196,-15.332,-14.925,-13.041,-10.894,-9.5183,-8.0849,-7.0689,-6.4588,-6.2624,-6.3272,-6.7624,-7.3299,-8.3941,-9.7125,-10.747,-11.785,-11.759,-10.671,-9.6011,-8.222,-7.108,-6.4628,-5.893,-5.6416,-5.6974,-5.9479,-6.5941,-7.6512,-8.7737,-10.781,-13.143,-14.318,-13.298,-10.635,-8.1146,-6.5552,-4.9098,-3.6762,-2.9675,-2.3066,-1.9037,-1.7522,-1.7476,-1.9266,-2.2967,-2.6944,-3.3552,-4.1558,-4.8191,-5.7598,-6.7304,-7.658,-8.267,-8.8415,-9.0097,-8.8181,-8.1649,-7.1914,-6.344,-5.1629,-4.0133,-2.9484,-2.2306,-1.3942,-0.71687,-0.3144,0.082488,0.31807,0.38477,0.30303,0.0062444,-0.53482,-1.1057,-2.1378,-3.5288,-4.8746,-7.2704,-10.779,-16.803
-2.3753,-2.0382,-1.6686,-1.4073,-1.2506,-1.124,-1.0863,-1.107,-1.1999,-1.3539,-1.538,-1.6922,-1.9133,-2.1267,-2.2632,-2.4,-2.4298,-2.3669,-2.1699,-1.8551,-1.4104,-1.0011,-0.3647,0.33935,0.89621,1.6383,2.3516,2.8589,3.4974,4.1083,4.687,5.1107,5.6674,6.212,6.6067,7.1028,7.5588,7.9598,8.2092,8.4557,8.5894,8.6088,8.5185,8.2921,8.0294,7.55,6.9103,6.0885,5.3384,4.1319,2.6409,1.2862,-0.93597,-3.8531,-6.7601,-12.19,-16.056,-11.409,-8.5052,-6.0281,-4.5035,-3.7735,-3.1451,-2.7503,-2.4521,-2.2295,-1.8617,-1.4193,-1.0821,-0.72064,-0.53611,-0.55789,-0.84092,-1.4787,-2.5231,-3.6468,-5.7523,-8.907,-12.482,-20.048,-17.341,-12.638,-8.954,-6.7718,-5.4186,-4.7587,-4.2109,-3.9499,-3.8752,-3.8751,-3.9225,-3.9745,-3.9928,-4.0004,-4.0443,-4.1276,-4.3157,-4.5964,-4.8586,-5.258,-5.6648,-6.0385,-6.269,-6.5039,-6.6668,-6.7558,-6.9123,-7.1889,-7.5232,-8.1772,-9.0612,-10.182,-11.096,-12.156,-12.645,-12.459,-11.706,-10.715,-9.7576,-9.1106,-8.3004,-7.504,-6.8881,-6.0517,-5.2109,-4.6185,-3.9256,-3.3888,-3.0124,-2.8471,-2.7799,-2.8802,-3.05,-3.3836,-3.7916,-4.0913,-4.4299,-4.6562,-4.7648,-4.7678,-4.687,-4.539,-4.4116,-4.2449,-4.0861,-4.0097,-4.0108,-4.0977,-4.2682,-4.4177,-4.5828,-4.6546,-4.6286,-4.4547,-4.1369,-3.7023,-3.3416,-2.8808,-2.5036,-2.2909,-2.1151,-2.0769,-2.1501,-2.3808,-2.7766,-3.3436,-3.8886,-4.774,-5.8744,-6.8541,-8.4085,-10.329,-12.835,-15.334,-20.442,-31.252,-25.725,-17.668,-13.269,-10.89,-8.359,-6.3041,-4.6104,-3.5346,-2.3255,-1.3557,-0.76921,-0.17185,0.18761,0.30658,0.26008,-0.0096962,-0.48419,-0.96202,-1.7334,-2.645,-3.406,-4.4591,-5.3945,-6.0108
-2.1889,-1.8322,-1.5652,-1.5281,-1.5944,-1.6895,-1.7296,-1.6945,-1.6031,-1.513,-1.5001,-1.5692,-1.7956,-2.2232,-2.6758,-3.4501,-4.3224,-5.0055,-5.7614,-6.0231,-5.5022,-4.6611,-3.1987,-1.6173,-0.45286,1.0508,2.4566,3.4373,4.6531,5.7593,6.7633,7.4505,8.2714,8.9892,9.4548,9.9803,10.391,10.682,10.819,10.901,10.863,10.756,10.511,10.156,9.8232,9.3004,8.6877,7.9809,7.3804,6.4566,5.3656,4.4255,3.0177,1.4527,0.26723,-1.0979,-1.8943,-2.0667,-1.952,-1.8267,-2.0683,-2.6265,-4.0187,-6.3796,-9.8291,-11.83,-9.2967,-5.3603,-3.1123,-0.96193,0.4593,1.1413,1.6423,1.7401,1.4695,1.0575,0.28492,-0.63231,-1.267,-1.8109,-1.7897,-1.4267,-0.70343,0.036284,0.64688,0.98005,1.2831,1.4097,1.4046,1.278,1.0485,0.72938,0.42436,-0.08264,-0.70213,-1.2771,-2.2308,-3.4585,-4.6212,-6.5836,-9.1608,-12.233,-14.015,-13.426,-11.004,-9.4521,-7.9947,-7.2476,-7.0867,-7.4339,-8.4537,-10.234,-12.228,-15.829,-18.088,-15.722,-11.627,-8.5258,-6.1944,-4.7745,-3.1791,-1.8593,-1.0048,-0.019762,0.82629,1.3754,1.9864,2.4461,2.7357,2.8364,2.8306,2.6544,2.4102,1.9365,1.2879,0.71039,-0.1763,-1.1599,-2.1626,-2.8423,-3.4629,-3.6362,-3.4567,-2.9494,-2.3097,-1.6955,-1.3066,-0.90804,-0.62339,-0.47222,-0.33738,-0.26708,-0.24547,-0.2081,-0.1664,-0.11376,-0.08415,-0.065728,-0.11048,-0.17382,-0.34619,-0.61867,-0.88087,-1.3362,-1.8856,-2.5128,-3.0336,-3.8191,-4.7667,-5.6126,-6.8808,-8.3013,-9.8425,-10.99,-12.361,-13.238,-13.327,-12.539,-10.854,-9.2716,-7.0558,-4.9064,-2.9575,-1.6631,-0.18225,1.0185,1.7437,2.4593,2.8901,3.0304,3.0007,2.7364,2.2185,1.6811,0.73327,-0.47498,-1.5128,-3.0343,-4.5778,-5.7463
1.0037,0.84858,0.083231,-1.5183,-3.3037,-6.2898,-8.1947,-7.1424,-4.4354,-2.3158,-1.0381,-0.56733,-0.48236,-1.0094,-1.7932,-3.4579,-5.9958,-8.779,-14.381,-23.637,-16.291,-11.648,-7.6328,-4.6176,-2.6732,-0.35399,1.7691,3.2345,5.0371,6.6544,8.0738,9.0171,10.117,11.037,11.622,12.258,12.714,12.975,13.033,12.942,12.657,12.325,11.735,11.027,10.464,9.7546,9.1864,8.841,8.7184,8.666,8.644,8.5988,8.4755,8.2729,8.0873,7.812,7.4974,7.131,6.8167,6.2997,5.6191,4.963,3.9003,2.7071,1.6964,1.3115,1.6859,2.857,3.8623,5.0895,6.0906,6.6861,7.2808,7.6666,7.8686,7.9206,7.9021,7.8241,7.7538,7.659,7.583,7.5297,7.4703,7.3994,7.2746,7.1181,6.8274,6.4261,6.0563,5.4936,4.8812,4.2173,3.692,2.9918,2.3071,1.7867,1.0212,0.081239,-0.77332,-2.1739,-3.7802,-5.2391,-5.8618,-5.6418,-4.4649,-3.4148,-2.2417,-1.4456,-1.118,-0.98403,-1.1094,-1.3574,-1.6059,-1.8777,-1.9501,-1.7744,-1.2373,-0.43085,0.55605,1.3827,2.5259,3.6683,4.4935,5.524,6.4387,7.0332,7.6983,8.2015,8.5353,8.6593,8.6468,8.4126,8.0915,7.4499,6.5121,5.5753,3.9224,1.6553,-1.5914,-5.2444,-15.234,-14.755,-7.4175,-2.941,-0.46834,0.98521,1.6891,2.246,2.4713,2.4673,2.2781,1.9899,1.7427,1.4796,1.3401,1.2891,1.2734,1.2355,1.1309,0.9589,0.60134,0.060943,-0.44858,-1.2197,-2.0437,-2.7573,-3.179,-3.5659,-3.8269,-4.0133,-4.3856,-4.985,-5.8984,-6.8498,-8.6255,-11.613,-15.486,-31.933,-15.981,-10.06,-5.2173,-1.8215,0.72479,2.2791,3.9646,5.2554,5.9905,6.6731,7.0483,7.1612,7.0974,6.7837,6.2021,5.5712,4.4585,3.0629,1.7907,-0.3934,-3.434,-7.4004
5.3466,4.6547,3.5386,2.0873,0.80524,-0.91864,-1.7765,-1.5188,-0.57434,0.42288,1.0772,1.274,1.1481,0.55949,-0.15685,-1.5204,-3.2617,-4.729,-6.9881,-9.6112,-12.347,-14.649,-17.358,-14.724,-10.866,-6.5989,-3.4032,-1.4178,0.85613,2.7921,4.5102,5.6689,7.0606,8.2658,9.0335,9.877,10.489,10.837,10.91,10.718,10.153,9.4559,8.0992,6.1142,4.0607,0.33249,-3.3289,-1.5347,1.325,4.249,6.2488,7.3206,8.3363,9.0125,9.3421,9.6103,9.7342,9.7159,9.6147,9.3884,9.0947,8.8465,8.4954,8.1262,7.8242,7.6489,7.5098,7.5047,7.576,7.7333,7.9298,8.0989,8.3346,8.5631,8.7678,8.8997,9.0388,9.1186,9.1468,9.1317,9.0476,8.9334,8.6951,8.3463,7.8782,7.4297,6.6694,5.7129,4.8591,3.5005,1.9039,0.20691,-0.93457,-1.9339,-2.0243,-1.659,-0.95935,-0.31788,0.048819,0.38587,0.60682,0.80247,0.96216,1.2324,1.5189,1.7778,2.0534,2.2071,2.2501,2.1751,1.9311,1.5147,1.078,0.36531,-0.47534,-1.1179,-1.8952,-2.2277,-1.7266,-0.78892,0.89008,2.642,3.9,5.4234,6.7286,7.5542,8.452,9.1448,9.6405,9.8827,10.043,10.006,9.844,9.4629,8.8759,8.2962,7.3509,6.257,5.0846,4.2399,3.3634,2.9253,2.876,3.0333,3.2298,3.2555,3.1117,2.6456,1.8011,0.87609,-0.76637,-2.8621,-4.5953,-6.5033,-6.661,-5.3273,-4.2122,-3.0577,-2.4107,-2.2596,-2.5572,-3.4591,-4.5113,-6.6606,-10.089,-15.24,-17.847,-13.394,-9.2767,-7.1862,-5.3034,-4.2126,-3.6214,-3.3993,-3.2674,-3.2158,-3.1424,-2.7601,-1.8147,-0.76625,0.82497,2.4237,3.8891,4.8524,5.9273,6.7513,7.189,7.5338,7.6614,7.6103,7.3458,6.8518,6.1723,5.6023,4.8148,4.0429,3.5087,2.9224,2.552,2.428
5.0717,4.6756,4.1517,3.6537,3.2996,2.8708,2.519,2.3223,2.1082,1.893,1.6194,1.321,0.77114,0.011105,-0.69538,-1.8274,-3.1796,-4.3401,-6.0634,-7.7891,-9.6436,-11.089,-12.35,-12.267,-11.668,-10.612,-9.5644,-8.7987,-7.7284,-6.4902,-4.9374,-3.5687,-1.6534,0.22633,1.4945,2.9062,3.9798,4.7265,5.0803,5.255,5.0595,4.6702,3.8197,2.609,1.5292,0.082503,-0.8199,-0.52393,0.31732,1.6496,2.8705,3.6329,4.4387,5.0296,5.3573,5.6575,5.8432,5.9451,5.9617,5.9072,5.7768,5.6288,5.3566,4.9975,4.5763,4.2295,3.6947,3.0859,2.623,2.079,1.7064,1.5954,1.6763,1.971,2.4255,2.794,3.2304,3.5748,3.7475,3.8633,3.8655,3.7947,3.5973,3.2739,2.8078,2.3574,1.5582,0.4938,-0.549,-2.3786,-4.8736,-8.3553,-12.077,-17.045,-12.918,-9.627,-6.7574,-4.895,-3.8842,-2.875,-2.1551,-1.6206,-1.2827,-0.86745,-0.48597,-0.2676,-0.05774,0.074694,0.083619,-0.029676,-0.3589,-0.94501,-1.565,-2.7033,-4.3386,-6.0874,-9.5366,-14.937,-15.331,-10.521,-5.8593,-2.7255,-0.94667,0.91275,2.3526,3.226,4.1744,4.9116,5.4835,5.8177,6.154,6.3706,6.4503,6.4442,6.3204,6.1589,5.8582,5.4669,5.0088,4.6464,4.164,3.6783,3.306,2.7859,2.206,1.5128,0.88886,-0.13923,-1.4563,-2.6489,-4.6046,-7.0577,-9.2015,-11.546,-11.539,-9.9605,-8.7389,-7.4791,-6.7576,-6.5788,-6.7113,-7.2475,-7.9045,-8.9937,-10.202,-11.187,-11.376,-10.735,-9.4513,-8.3953,-7.0359,-5.8024,-4.7376,-4.0514,-3.2071,-2.413,-1.821,-1.0357,-0.22604,0.39783,1.2167,2.0027,2.727,3.2074,3.6993,4.0059,4.1087,4.0595,3.7781,3.3803,2.5824,1.4645,0.089559,-1.1047,-2.8279,-4.2832,-4.7203,-4.1171,-2.7082,-1.1863
3.4187,3.4317,3.4143,3.3894,3.3615,3.2999,3.1782,3.0458,2.8405,2.5614,2.1799,1.827,1.2461,0.53249,-0.088485,-1.0303,-2.089,-2.9466,-4.1221,-5.4041,-6.7141,-7.5998,-8.6827,-9.7545,-10.553,-11.716,-13.205,-14.836,-18.754,-29.21,-21.434,-14.75,-9.488,-5.9538,-3.9068,-1.7333,-0.078586,1.142,1.8116,2.4154,2.7467,2.8242,2.7377,2.495,2.2639,1.946,1.6756,1.497,1.4221,1.4017,1.4041,1.4048,1.393,1.3834,1.3781,1.3894,1.4227,1.5007,1.5886,1.723,1.7947,1.778,1.6501,1.3659,0.84144,0.27132,-0.78606,-2.2953,-3.8151,-6.5329,-10.105,-12.233,-10.702,-7.3596,-4.8515,-3.5322,-2.3575,-1.6902,-1.4514,-1.3905,-1.5397,-1.6963,-1.8847,-1.99,-2.019,-2.0204,-2.0874,-2.2956,-2.585,-3.121,-3.8223,-4.5892,-5.1068,-5.5859,-5.779,-5.7649,-5.6356,-5.487,-5.4194,-5.3373,-5.2005,-4.9655,-4.6876,-4.1822,-3.5878,-3.1382,-2.5683,-2.092,-1.8317,-1.6349,-1.6073,-1.7501,-1.9539,-2.3721,-2.9091,-3.3356,-3.8165,-4.079,-3.9587,-3.609,-2.916,-2.101,-1.4837,-0.7495,-0.1778,0.16306,0.54219,0.88449,1.2294,1.5189,1.9558,2.4448,2.8112,3.2494,3.5944,3.7724,3.8809,3.836,3.6644,3.455,3.058,2.5556,2.1166,1.4527,0.72119,-0.050745,-0.67317,-1.5171,-2.3708,-3.0267,-3.9411,-4.8023,-5.3624,-5.9571,-6.4137,-6.7387,-6.8814,-7.0523,-7.3238,-7.5768,-7.9957,-8.4774,-8.8583,-9.2978,-9.6463,-9.844,-9.9161,-9.7218,-9.1771,-8.6749,-7.9319,-7.072,-6.0875,-5.3069,-4.3149,-3.3539,-2.6501,-1.7357,-0.89137,-0.3169,0.37232,0.98343,1.4832,1.7743,2.0422,2.1583,2.1312,1.929,1.4767,0.95113,0.015337,-1.2578,-3.0359,-4.8173,-7.9321,-11.664,-12.745,-9.5229,-5.9411,-3.2532
0.58375,1.1742,1.8598,2.4021,2.727,3.0628,3.2736,3.3508,3.3475,3.2143,2.9522,2.674,2.187,1.5668,1.0058,0.14228,-0.85438,-1.6811,-2.899,-4.2358,-5.5729,-6.6092,-8.0559,-9.473,-10.386,-11.401,-12.201,-12.647,-12.845,-12.35,-11.113,-9.7496,-7.5702,-5.3347,-3.8373,-2.1122,-0.65881,0.51771,1.1958,1.8504,2.267,2.4371,2.4953,2.3846,2.2069,1.875,1.4555,0.93063,0.48221,-0.1747,-0.90492,-1.5056,-2.3809,-3.3184,-3.9853,-4.6562,-4.8867,-4.5394,-3.9878,-3.0495,-2.1244,-1.5368,-0.96993,-0.66972,-0.71913,-0.98659,-1.608,-2.595,-3.6135,-5.2573,-6.857,-7.5241,-7.2031,-5.9424,-4.627,-3.9252,-3.4465,-3.5077,-3.932,-5.0677,-6.9278,-8.7666,-11.046,-10.717,-8.2525,-6.4501,-4.5887,-3.3394,-2.7191,-2.2315,-2.0777,-2.1728,-2.3353,-2.6919,-3.2472,-3.7808,-4.6695,-5.8411,-6.9696,-8.8959,-11.102,-12.595,-12.143,-10.033,-7.6998,-6.2143,-4.6136,-3.4393,-2.793,-2.1864,-1.7976,-1.5752,-1.5166,-1.5296,-1.5684,-1.5902,-1.5991,-1.5656,-1.4768,-1.3905,-1.2686,-1.2012,-1.231,-1.4332,-1.8721,-2.3961,-3.3717,-4.5351,-5.4128,-5.3998,-4.247,-2.4705,-1.1455,0.36716,1.5173,2.143,2.6853,2.9331,2.9025,2.7006,2.2109,1.4988,0.8306,-0.19847,-1.33,-2.4306,-3.1285,-3.7978,-4.1707,-4.3062,-4.3582,-4.3943,-4.4699,-4.7014,-5.0715,-5.5373,-5.9936,-6.7583,-7.6995,-8.4683,-9.5209,-10.532,-11.206,-11.867,-12.225,-12.402,-12.494,-12.565,-12.509,-12.278,-11.545,-10.339,-8.8795,-7.7164,-6.1711,-4.7676,-3.8338,-2.7335,-1.794,-1.1812,-0.47912,0.10996,0.57212,0.83204,1.0899,1.2365,1.254,1.1557,0.91231,0.66274,0.22963,-0.34256,-0.9912,-1.429,-1.8676,-2.099,-2.0654,-1.6094,-0.79475,0.12183
-2.5031,-1.2127,0.17317,1.2548,1.894,2.5618,3.0744,3.3615,3.5841,3.6459,3.557,3.3868,3.0199,2.4961,1.9871,1.1602,0.15849,-0.72381,-2.0799,-3.6027,-5.4284,-7.0728,-9.4992,-12.313,-14.639,-16.976,-16.435,-14.657,-12.072,-9.7471,-7.6885,-6.2413,-4.496,-2.9021,-1.8028,-0.50661,0.56335,1.4058,1.8903,2.3544,2.5842,2.6194,2.5052,2.1978,1.8351,1.1991,0.42044,-0.50397,-1.2886,-2.4464,-3.7317,-4.8073,-6.4999,-8.7257,-11.059,-16.127,-29.666,-17.052,-11.729,-7.6146,-4.9364,-3.4351,-1.9705,-0.97601,-0.30317,-0.0050484,0.17771,0.188,0.12251,-0.0078686,-0.12721,-0.16966,-0.1362,-0.04457,0.017502,-0.017971,-0.23815,-0.75763,-1.3979,-2.624,-4.3251,-5.8383,-7.458,-7.2154,-5.3922,-3.874,-2.168,-0.91928,-0.25496,0.31308,0.5834,0.59286,0.43451,0.024463,-0.60242,-1.2291,-2.3151,-3.7222,-5.0282,-7.212,-9.7714,-11.628,-11.316,-9.1343,-6.789,-5.3302,-3.8073,-2.767,-2.2347,-1.7864,-1.5933,-1.6135,-1.7163,-1.8748,-2.003,-2.0265,-1.9161,-1.6555,-1.289,-1.0036,-0.6841,-0.50371,-0.53935,-0.84023,-1.5056,-2.3349,-4.0737,-6.8106,-10.504,-11.664,-7.9521,-3.9746,-1.7851,0.35219,1.825,2.5928,3.2433,3.5216,3.4303,3.1284,2.4177,1.3098,0.1784,-1.8202,-4.5825,-8.4752,-12.174,-14.002,-10.196,-7.7764,-5.5857,-4.2663,-3.7161,-3.4262,-3.5212,-4.0267,-4.7184,-6.0138,-7.809,-9.5933,-12.787,-17.038,-20.238,-20.304,-17.692,-16.049,-15.667,-16.453,-19.345,-23.668,-27.737,-18.098,-12.75,-10.109,-7.5515,-5.6657,-4.5744,-3.4737,-2.6634,-2.1823,-1.6459,-1.2066,-0.79676,-0.51009,-0.16325,0.1149,0.25603,0.34371,0.34017,0.27249,0.054945,-0.20863,-0.41283,-0.50737,-0.52048,-0.32898,-0.032552,0.52203,1.1999,1.9721
-2.7309,-1.9097,-0.89975,0.081763,0.79396,1.6536,2.376,2.8074,3.2483,3.5239,3.6198,3.5755,3.3671,2.9803,2.5804,1.8838,0.98909,0.18039,-1.0905,-2.6591,-4.5007,-5.9929,-8.3024,-11.067,-13.206,-15.058,-14.306,-12.426,-9.6492,-7.1911,-5.0677,-3.6607,-1.9867,-0.59617,0.28303,1.2739,2.0498,2.5774,2.829,2.9863,2.9386,2.7617,2.3386,1.7121,1.1051,0.080539,-1.2112,-2.7229,-4.0131,-5.8945,-7.6952,-8.7538,-9.5771,-9.8192,-9.8901,-9.7926,-9.1959,-7.9567,-6.7178,-4.9041,-3.2058,-2.1194,-0.92779,-0.012278,0.72046,1.1799,1.6635,2.0499,2.3186,2.6508,2.9582,3.1751,3.4461,3.667,3.8054,3.86,3.8392,3.6965,3.5153,3.2039,2.8743,2.6544,2.4672,2.4746,2.6568,2.8737,3.1901,3.4685,3.6197,3.7083,3.6664,3.4789,3.2269,2.7773,2.2157,1.7132,0.96525,0.17044,-0.4108,-1.1286,-1.6946,-1.983,-1.9933,-1.7992,-1.4185,-1.0966,-0.7619,-0.57295,-0.57188,-0.80868,-1.3832,-2.3241,-3.2711,-4.8376,-6.5222,-7.3322,-6.9359,-5.1995,-3.2606,-1.9801,-0.61455,0.38905,0.93213,1.3957,1.5814,1.5831,1.47,1.326,1.3174,1.4954,2.001,2.7279,3.3396,4.1168,4.7552,5.1129,5.4033,5.4545,5.2684,4.9719,4.3455,3.4247,2.5327,1.0626,-0.70355,-2.5857,-3.7377,-4.2432,-3.5477,-2.6448,-1.4983,-0.67487,-0.28808,-0.048684,-0.16916,-0.65548,-1.2247,-2.3002,-3.7906,-5.1785,-7.2953,-9.4628,-10.716,-11.197,-10.599,-9.9466,-9.6946,-9.6524,-9.8271,-9.9768,-9.6479,-8.5107,-7.0699,-5.9842,-4.7692,-3.9506,-3.6003,-3.4559,-3.6365,-3.9343,-4.3872,-4.6233,-4.3601,-3.8316,-2.9222,-2.056,-1.5339,-1.0803,-0.95356,-1.102,-1.5638,-2.239,-3.0639,-3.6524,-4.0001,-3.4625,-2.5503,-1.0776,0.364,1.671
-4.7735,-4.9684,-4.2138,-2.6643,-1.3957,0.15037,1.3643,2.0424,2.7138,3.1382,3.3635,3.4228,3.38,3.1941,2.9638,2.5179,1.889,1.2815,0.26091,-0.99586,-2.4189,-3.6755,-5.4721,-7.0361,-7.8985,-8.3595,-7.7975,-6.7916,-5.114,-3.3453,-1.612,-0.44266,0.89941,2.0186,2.6927,3.3508,3.7568,3.9366,3.9183,3.6902,3.2733,2.8521,2.1376,1.2872,0.56753,-0.55428,-1.9895,-3.8897,-5.7606,-9.3118,-15.618,-26.185,-16.836,-10.662,-8.0338,-5.6852,-4.0231,-2.6709,-1.8356,-0.91467,-0.14176,0.30517,0.72438,1.0355,1.2219,1.3713,1.6775,2.1401,2.5841,3.2797,4.041,4.6117,5.3157,5.9351,6.4522,6.7675,7.0793,7.292,7.3894,7.4429,7.4379,7.4163,7.3588,7.2832,7.2067,7.1391,7.0335,6.8899,6.7457,6.4952,6.1496,5.7157,5.3369,4.7409,4.0466,3.4916,2.7477,2.0387,1.5877,1.1744,0.98499,1.0048,1.1459,1.4387,1.7497,1.9405,2.0815,2.0597,1.8834,1.3883,0.54537,-0.73365,-2.0715,-4.5499,-7.8876,-10.256,-9.3268,-5.5801,-2.5045,-0.71889,1.1298,2.5158,3.3521,4.2403,4.9042,5.2965,5.7244,6.0758,6.3761,6.5937,6.8857,7.1585,7.3446,7.5538,7.7005,7.7608,7.7607,7.6635,7.4849,7.2893,6.946,6.5353,6.1832,5.6775,5.1878,4.7646,4.5243,4.3352,4.3166,4.3904,4.5174,4.6147,4.6585,4.6146,4.4127,4.0831,3.7627,3.194,2.534,2.0153,1.3146,0.68903,0.32615,-0.035398,-0.21859,-0.26882,-0.29037,-0.26424,-0.17033,-0.12112,0.0072185,0.19981,0.3535,0.41064,0.34366,0.015466,-0.47861,-1.5571,-3.2994,-5.3019,-9.6431,-19.992,-16.737,-9.9917,-5.6086,-3.1394,-1.9668,-1.0577,-0.81168,-1.0071,-1.7424,-3.3052,-6.1044,-9.6015,-20.078,-12.936,-7.1598,-2.8538,-0.049202,1.8793
-8.6931,-12.665,-8.9965,-4.1716,-1.8491,0.15146,1.3861,1.934,2.2978,2.3508,2.2471,2.1713,2.1794,2.3143,2.461,2.6188,2.6208,2.4561,1.9597,1.1083,-0.27711,-1.729,-4.2605,-8.2727,-13.788,-25.906,-10.67,-6.3097,-2.6214,-0.098363,1.8102,2.9473,4.0968,4.9086,5.3342,5.6227,5.5907,5.2915,4.8714,4.0157,2.9044,1.9456,0.66009,-0.4407,-0.9966,-1.3417,-1.4915,-1.7163,-1.9386,-2.3669,-2.7136,-2.7205,-2.2432,-1.3391,-0.5413,0.53971,1.4175,2.0835,2.4445,2.6865,2.6343,2.396,1.7624,0.797,-0.58488,-1.7948,-2.9562,-2.4934,-1.1442,1.0567,3.0868,4.4052,5.8515,7.0025,7.9266,8.4834,9.0608,9.4837,9.7105,9.9053,9.9793,9.9675,9.8782,9.696,9.4449,9.2168,8.8689,8.485,8.169,7.7219,7.2112,6.6275,6.1295,5.3129,4.2781,3.3556,1.9055,0.25411,-0.9433,-1.8876,-1.5501,-0.26875,0.84309,2.208,3.2891,3.8905,4.4429,4.7249,4.7468,4.5441,4.133,3.5309,2.979,2.265,1.689,1.4457,1.4852,1.9523,2.7021,3.3599,4.2891,5.2095,5.8538,6.6369,7.337,7.7955,8.3106,8.7328,9.0557,9.229,9.3777,9.4358,9.4137,9.3002,9.1095,8.9231,8.6501,8.3839,8.1641,8.0405,7.9446,7.9371,7.9661,8.0309,8.1036,8.1827,8.2445,8.3138,8.374,8.3988,8.4093,8.3962,8.3541,8.2337,8.0662,7.8599,7.6721,7.3939,7.1323,6.9405,6.7109,6.5287,6.4324,6.3512,6.3116,6.3274,6.3576,6.3841,6.4017,6.4164,6.4105,6.3326,6.1868,5.9987,5.6143,5.0708,4.5254,3.5985,2.4455,1.4862,0.24549,-0.66218,-0.83877,-0.48791,0.25969,1.0594,1.5415,1.9675,2.1492,2.1384,1.894,1.4046,0.9006,0.61103,0.45331,0.92456,1.6626,2.7345,3.815,4.7456
1.0696,0.67522,0.52,0.64069,0.80985,0.92118,0.69091,0.27104,-0.78685,-2.5112,-4.9896,-7.0233,-7.7821,-5.3382,-3.2415,-1.0572,0.38774,1.0803,1.5644,1.583,1.2173,0.78108,-0.097644,-1.0154,-1.4995,-1.6334,-0.96463,-0.093828,1.1802,2.4017,3.4175,4.0108,4.6214,4.9758,5.0619,4.966,4.5888,3.8621,3.0693,1.6038,-0.55168,-2.818,-7.4257,-16.829,-17.377,-8.5849,-4.5508,-2.2139,-1.0742,0.0096327,0.79356,1.2608,1.8187,2.3261,2.6475,3.0047,3.2849,3.396,3.3678,3.1557,2.6542,2.0757,0.96228,-0.71474,-3.0385,-5.4746,-9.1239,-8.6218,-5.7162,-2.2469,0.3229,1.7913,3.3391,4.5605,5.5317,6.1173,6.7617,7.2416,7.5008,7.7157,7.7698,7.6942,7.4586,7.0617,6.512,6.0158,5.2853,4.5487,4.057,3.5314,3.1881,2.9011,2.6417,2.1546,1.3666,0.45023,-1.371,-4.1735,-7.4078,-12.801,-9.4287,-4.367,-1.7939,0.60275,2.2118,3.054,3.8113,4.2016,4.3077,4.2329,3.9322,3.4691,3.0614,2.4648,1.8732,1.5007,1.1614,1.0344,1.1891,1.4817,2.0606,2.8053,3.4143,4.2151,4.9885,5.5181,6.1242,6.5988,6.9361,7.085,7.114,6.9627,6.7187,6.2068,5.4799,4.8037,3.7905,2.8056,2.1096,1.9708,2.3446,3.1079,3.7705,4.6302,5.3585,5.9349,6.2745,6.6183,6.8346,6.9208,6.96,6.9129,6.8147,6.6386,6.4337,6.1964,6.0195,5.8467,5.7391,5.7141,5.7775,5.9329,6.0884,6.3406,6.6019,6.8458,7.0247,7.2223,7.3516,7.4227,7.4488,7.3884,7.2505,7.0882,6.7812,6.371,6.0034,5.43,4.7915,4.3009,3.6484,3.0756,2.6021,2.3188,2.0462,1.8635,1.7733,1.7087,1.7305,1.7789,1.8611,2.0623,2.3051,2.5076,2.8956,3.3307,3.6467,4.1256,4.5501,4.8099
1.5415,1.2939,1.0086,0.68933,0.39898,-0.08263,-0.78853,-1.5274,-2.8583,-4.6342,-6.8596,-8.4412,-8.9189,-7.0981,-5.3127,-3.2261,-1.631,-0.7264,0.1519,0.71829,1.094,1.2422,1.2929,1.3457,1.3853,1.4732,1.6496,1.8194,2.0447,2.2676,2.4286,2.471,2.4474,2.3317,2.1575,1.8433,1.437,0.85645,0.31088,-0.56921,-1.6983,-2.6636,-3.922,-4.7558,-4.8167,-4.0866,-2.9596,-1.8068,-1.0597,-0.25276,0.37347,0.73216,1.078,1.316,1.4424,1.504,1.4921,1.3967,1.2456,0.95031,0.55176,0.15446,-0.50557,-1.2849,-2.0492,-2.5929,-3.1314,-3.2873,-3.1857,-2.8119,-2.2996,-1.901,-1.3544,-0.77463,-0.18719,0.26888,0.8853,1.4458,1.7865,2.0901,2.2039,2.1267,1.7623,1.0889,0.031377,-1.0514,-2.9317,-5.2894,-7.0836,-8.2091,-7.021,-5.1249,-3.9609,-2.8647,-2.2762,-2.1343,-2.2157,-2.4591,-2.6488,-2.6818,-2.2976,-1.5805,-0.92628,-0.080787,0.61475,1.0146,1.3368,1.4017,1.3016,0.96943,0.39676,-0.40503,-1.1466,-2.3682,-3.796,-4.9722,-6.5772,-7.8577,-8.2334,-7.7778,-6.5122,-5.0339,-3.9378,-2.5748,-1.3936,-0.62754,0.24818,0.92976,1.4061,1.6257,1.7152,1.5155,1.1623,0.37138,-0.88527,-2.2226,-4.7999,-8.9696,-17.324,-21.251,-10.778,-6.1419,-4.0001,-2.0385,-0.69941,0.2083,0.68015,1.111,1.3479,1.4315,1.4135,1.2383,1.022,0.6312,0.099988,-0.51711,-0.97357,-1.4641,-1.6959,-1.5843,-1.0731,-0.27954,0.39227,1.2788,2.0895,2.7617,3.1665,3.6145,3.9434,4.1051,4.2259,4.2733,4.2288,4.1443,3.9683,3.6993,3.4398,3.0203,2.5075,2.055,1.37,0.60749,-0.2599,-0.9671,-1.9509,-2.9459,-3.6106,-4.2412,-4.4403,-4.2691,-3.6559,-2.7936,-1.9294,-1.313,-0.49458,0.21035,0.6333,1.1381,1.519,1.7015
0.039161,-0.00021253,-0.090241,-0.22936,-0.39922,-0.71712,-1.1158,-1.4972,-2.044,-2.6207,-3.096,-3.3165,-3.3537,-3.0642,-2.6718,-2.0111,-1.2846,-0.7502,-0.087356,0.49965,0.98856,1.2652,1.5963,1.8179,1.9189,1.9957,1.9761,1.8915,1.6901,1.349,0.87004,0.43741,-0.24507,-0.95251,-1.4178,-1.9062,-2.1415,-2.1207,-2.0308,-1.9,-1.7663,-1.7006,-1.6176,-1.4982,-1.3751,-1.1351,-0.83882,-0.56328,-0.3807,-0.1975,-0.1127,-0.1101,-0.18937,-0.35776,-0.51195,-0.74171,-1.0046,-1.2365,-1.4001,-1.6115,-1.7961,-1.9501,-2.1739,-2.4576,-2.8355,-3.1217,-3.5718,-4.1181,-4.5819,-5.295,-6.1556,-6.8486,-7.7108,-8.2009,-7.9066,-7.1655,-5.9037,-4.6622,-3.8598,-3.0445,-2.5518,-2.3927,-2.4931,-2.9777,-3.9047,-4.9289,-6.8621,-9.5666,-11.941,-13.421,-10.987,-8.0817,-6.3391,-4.6236,-3.4667,-2.8394,-2.244,-1.8523,-1.6108,-1.3417,-1.0898,-0.82462,-0.64753,-0.4565,-0.33354,-0.31772,-0.42968,-0.69019,-1.0196,-1.6523,-2.509,-3.6462,-4.7329,-6.5066,-8.8179,-11.081,-15.251,-22.471,-29.277,-21.06,-15.778,-12.702,-11.048,-9.2149,-7.6714,-6.6606,-5.4576,-4.4275,-3.6212,-3.1733,-2.7732,-2.6463,-2.7436,-3.1411,-3.859,-4.6124,-5.8612,-7.2081,-8.2675,-8.5023,-7.9911,-7.0421,-6.2873,-5.4768,-4.9055,-4.5466,-4.3877,-4.2834,-4.26,-4.2783,-4.3844,-4.6089,-4.8892,-5.5236,-6.5373,-8.0378,-9.6514,-12.755,-16.334,-16.103,-11.897,-8.2368,-6.1602,-4.0655,-2.5476,-1.4367,-0.84222,-0.2927,0.062744,0.21011,0.32374,0.38387,0.40574,0.40882,0.39907,0.34342,0.24455,0.015569,-0.36264,-0.76233,-1.4734,-2.446,-3.6975,-4.8833,-6.9026,-9.6084,-12.296,-17.091,-19.274,-16.005,-11.814,-8.9778,-6.9389,-5.6825,-4.3962,-3.3903,-2.7326,-2.0756,-1.6309,-1.3048
-2.034,-1.6693,-1.3158,-1.0951,-1.0218,-1.0646,-1.2154,-1.3752,-1.647,-1.951,-2.2077,-2.356,-2.4519,-2.3887,-2.2293,-1.8716,-1.3682,-0.91836,-0.26744,0.40113,1.0089,1.425,1.9256,2.2711,2.4419,2.5407,2.4482,2.2459,1.7821,1.0339,-0.046077,-1.1054,-2.9807,-5.4691,-7.6554,-10.016,-9.3359,-6.7712,-5.0054,-3.1938,-1.8725,-1.1393,-0.43009,0.048313,0.29806,0.47952,0.54415,0.47515,0.3411,0.053872,-0.37743,-0.78917,-1.4429,-2.2138,-2.8575,-3.7022,-4.4672,-5.0058,-5.1597,-5.0648,-4.7595,-4.4567,-4.0628,-3.7847,-3.7465,-3.8403,-4.1849,-4.8388,-5.5456,-6.8952,-8.8832,-10.994,-15.452,-26.019,-23.073,-16.022,-11.429,-8.7416,-7.3369,-5.9966,-5.1251,-4.6833,-4.3218,-4.2072,-4.2873,-4.4535,-4.7556,-5.0506,-5.1683,-5.0946,-4.6841,-4.0713,-3.5373,-2.8399,-2.2529,-1.8803,-1.4945,-1.2273,-1.0757,-0.92762,-0.8464,-0.80431,-0.80435,-0.85327,-0.97506,-1.1352,-1.4375,-1.8521,-2.2639,-2.9488,-3.8104,-4.8815,-5.8239,-7.2641,-8.9739,-10.381,-12.324,-14.125,-15.392,-15.953,-16.355,-16.371,-16.058,-15.065,-13.501,-12.098,-10.246,-8.6323,-7.2693,-6.4421,-5.6072,-4.9955,-4.6897,-4.4832,-4.4715,-4.5738,-4.8071,-5.1187,-5.4501,-5.6593,-5.9405,-6.2629,-6.5473,-7.0569,-7.7664,-8.6412,-9.3117,-10.039,-10.313,-10.228,-9.8728,-9.4734,-9.308,-9.383,-9.7536,-10.594,-11.506,-12.865,-13.845,-13.459,-11.443,-9.018,-7.3984,-5.6264,-4.3485,-3.5236,-3.1456,-2.9934,-3.1719,-3.4368,-3.8606,-4.2154,-4.2456,-4.0291,-3.542,-2.9863,-2.6384,-2.3619,-2.3317,-2.4879,-2.9526,-3.7364,-4.8219,-5.8632,-7.5633,-9.6093,-11.335,-13.359,-14.161,-13.663,-12.051,-10.43,-8.9889,-7.9799,-6.8467,-5.9021,-5.235,-4.5096,-3.9797,-3.5465
-4.0331,-3.0786,-2.2054,-1.7106,-1.5111,-1.4383,-1.5722,-1.7657,-2.1534,-2.6295,-3.1908,-3.63,-4.1592,-4.5324,-4.6072,-4.3231,-3.595,-2.8366,-1.6747,-0.48848,0.61092,1.3732,2.1976,2.8427,3.2078,3.4913,3.5514,3.4376,3.0418,2.3616,1.3254,0.27978,-1.5214,-3.9265,-6.0075,-8.1715,-7.4645,-4.9689,-3.2254,-1.3431,0.010259,0.75756,1.4631,1.884,2.0451,2.0611,1.8665,1.4885,1.0767,0.34716,-0.56831,-1.3959,-2.7164,-4.3164,-5.7802,-8.1707,-11.156,-14.273,-14.694,-12.014,-9.0544,-7.3057,-5.6018,-4.4578,-3.7241,-3.4799,-3.4608,-3.7737,-4.2349,-5.1262,-6.2973,-7.3282,-8.6681,-9.6606,-9.8995,-9.5566,-8.8159,-7.9753,-7.4157,-6.7827,-6.2188,-5.8474,-5.3625,-4.8568,-4.3391,-3.9621,-3.4754,-3.012,-2.6794,-2.2593,-1.8869,-1.5235,-1.3011,-1.089,-0.94787,-0.91309,-0.94495,-1.029,-1.135,-1.2781,-1.4069,-1.5345,-1.6225,-1.7587,-1.9564,-2.1487,-2.4684,-2.9163,-3.2967,-3.8831,-4.5681,-5.3258,-5.9618,-6.9162,-7.9603,-8.8458,-10.15,-11.594,-13.32,-14.878,-17.685,-22.377,-29.61,-30.235,-20.4,-16.776,-13.526,-11.266,-9.5622,-8.5103,-7.3559,-6.4261,-5.8335,-5.1901,-4.7096,-4.4535,-4.2463,-4.2097,-4.3103,-4.5177,-4.9745,-5.6479,-6.3869,-7.7202,-9.63,-12.439,-15.515,-22.407,-25.397,-19.617,-15.288,-12.942,-11.922,-11.059,-10.554,-10.23,-9.9372,-9.4394,-8.7584,-8.0573,-6.9775,-5.8064,-4.9828,-4.0713,-3.415,-3.165,-3.2587,-3.8197,-5.0495,-6.4991,-9.5029,-14.063,-15.669,-12.235,-8.2767,-5.7583,-4.5046,-3.4405,-2.9026,-2.7834,-2.9332,-3.3741,-4.1036,-4.7827,-5.8292,-6.9975,-7.876,-8.949,-9.829,-10.269,-10.656,-10.786,-10.447,-10.062,-9.2961,-8.2793,-7.5934,-6.732,-5.91,-5.4006
-3.5497,-2.9782,-2.5102,-2.3129,-2.3285,-2.4893,-2.8157,-3.1942,-3.8392,-4.7125,-5.8931,-7.0291,-9.004,-11.649,-13.794,-14.226,-10.87,-8.1108,-5.024,-2.5837,-0.60483,0.61694,1.9299,2.9799,3.5827,4.1624,4.5113,4.62,4.5695,4.3091,3.858,3.4106,2.7409,2.0677,1.6404,1.3059,1.2864,1.5757,1.9166,2.4288,2.9043,3.1866,3.4316,3.5058,3.421,3.1449,2.6402,1.911,1.2128,0.088733,-1.2472,-2.3706,-4.0188,-5.7757,-7.1841,-9.2933,-11.58,-13.561,-13.562,-11.316,-8.5581,-6.7618,-4.8832,-3.5569,-2.6624,-2.2499,-2.02,-2.0971,-2.3349,-2.8377,-3.5163,-4.0921,-4.8704,-5.6256,-6.2776,-6.7308,-7.287,-7.8239,-8.2396,-8.8123,-9.2521,-9.3319,-8.9159,-7.8685,-6.4922,-5.4094,-4.0688,-2.9222,-2.2131,-1.4553,-0.921,-0.61228,-0.52581,-0.6047,-0.9051,-1.2781,-1.9377,-2.722,-3.3195,-4.0112,-4.4125,-4.508,-4.4558,-4.3614,-4.3576,-4.4614,-4.7974,-5.2874,-5.7259,-6.3274,-6.8321,-7.2027,-7.4172,-7.6781,-7.9952,-8.3165,-8.8809,-9.6854,-10.727,-11.646,-12.961,-14.312,-15.02,-15.216,-14.702,-13.971,-13.082,-12.242,-11.47,-10.871,-9.8579,-8.7272,-7.8536,-6.7249,-5.7432,-5.1318,-4.5233,-4.1225,-3.955,-3.9886,-4.218,-4.7102,-5.2623,-6.2768,-7.6264,-9.3089,-10.689,-12.31,-12.999,-12.892,-12.29,-11.918,-11.912,-12.223,-12.816,-12.861,-12.234,-10.63,-8.5762,-7.0979,-5.345,-3.8781,-2.9645,-2.0326,-1.4576,-1.2106,-1.3131,-1.8079,-2.7546,-3.8158,-5.5078,-7.1648,-7.6113,-6.8992,-5.3896,-3.9964,-3.2347,-2.5717,-2.2909,-2.292,-2.5287,-2.992,-3.6505,-4.2622,-5.2327,-6.3447,-7.2884,-8.7363,-10.371,-11.807,-14.08,-16.341,-17.773,-17.314,-15.121,-12.705,-11.163,-9.4979,-8.2532,-7.4195
-2.297,-2.6631,-3.2454,-3.8543,-4.3341,-4.9305,-5.4606,-5.8557,-6.4278,-7.1991,-8.1827,-9.1654,-10.821,-12.846,-14.223,-14.228,-11.586,-9.1455,-6.1545,-3.6201,-1.4628,-0.12622,1.3968,2.6643,3.409,4.2053,4.7717,5.053,5.2653,5.2892,5.1848,5.0259,4.7513,4.4717,4.2686,4.0753,3.9842,3.9854,4.0547,4.1682,4.2834,4.3436,4.3315,4.1816,3.944,3.4451,2.7028,1.6604,0.67529,-0.92662,-2.9216,-4.6498,-7.1411,-9.3061,-10.2,-10.229,-9.3909,-8.2415,-7.3168,-5.9431,-4.5895,-3.616,-2.5116,-1.5831,-1.0017,-0.72374,-0.60926,-0.78032,-1.0676,-1.6659,-2.4548,-3.1482,-4.2002,-5.2883,-6.3935,-7.239,-8.3402,-9.6351,-10.818,-13.059,-16.957,-22.304,-24.352,-15.186,-10.286,-7.78,-5.2894,-3.4713,-2.4363,-1.4209,-0.74802,-0.45201,-0.45369,-0.7604,-1.5042,-2.3604,-4.0204,-6.4352,-8.8447,-12.803,-14.443,-11.76,-9.761,-8.0776,-7.3371,-7.3097,-7.9422,-9.185,-10.542,-12.48,-13.528,-12.891,-11.773,-10.302,-9.306,-8.8009,-8.457,-8.4358,-8.597,-8.865,-9.281,-9.7813,-10.156,-10.7,-11.336,-11.926,-13.057,-14.729,-16.919,-18.348,-17.346,-14.024,-11.728,-9.2821,-7.4854,-6.4649,-5.4765,-4.7922,-4.3803,-4.1764,-4.0548,-4.1052,-4.2028,-4.4638,-4.8429,-5.3072,-5.6888,-6.2003,-6.6942,-7.0971,-7.7298,-8.711,-9.7386,-11.992,-15.995,-23.951,-21.054,-13.152,-8.5699,-6.1753,-3.7783,-1.9699,-0.92339,0.16775,0.90555,1.3678,1.5298,1.5107,1.2901,1.0146,0.60072,0.17507,-0.13932,-0.30413,-0.48326,-0.66374,-0.8607,-1.2448,-1.7756,-2.252,-2.9596,-3.7221,-4.4644,-5.0575,-5.9239,-6.9095,-7.8239,-9.3304,-11.242,-13.082,-15.931,-19.924,-22.877,-22.248,-18.466,-15.306,-13.494,-11.375,-10.073,-9.0381
-1.8572,-3.1504,-5.1856,-7.4333,-8.9325,-10.198,-10.229,-9.8395,-9.4128,-9.2991,-9.5255,-9.8157,-10.249,-10.438,-10.273,-9.537,-8.2433,-6.9776,-5.1253,-3.2277,-1.417,-0.20629,1.2952,2.5623,3.3696,4.2692,4.9269,5.2781,5.5591,5.6364,5.5344,5.3641,5.0188,4.6121,4.3031,3.9426,3.7299,3.6898,3.7758,3.9898,4.2426,4.4095,4.5381,4.5008,4.3536,3.92,3.225,2.1961,1.1814,-0.59357,-2.9554,-5.2788,-9.5769,-16.426,-19.536,-13.007,-8.7312,-5.9844,-4.4359,-2.8218,-1.484,-0.66255,0.2131,0.85787,1.2333,1.3367,1.2337,0.83093,0.32246,-0.64229,-1.9332,-3.1168,-4.9712,-7.0228,-8.9812,-10.046,-10.766,-10.963,-11.077,-11.341,-11.796,-11.866,-11.139,-9.4178,-7.2557,-5.6806,-3.8237,-2.2817,-1.344,-0.36974,0.28077,0.6206,0.65505,0.3909,-0.25646,-1.0199,-2.4746,-4.4946,-6.3271,-8.7915,-9.7205,-8.6598,-7.5438,-6.4917,-6.1387,-6.3703,-7.3226,-9.215,-11.394,-15.562,-18.99,-15.718,-12.928,-10.354,-8.8379,-8.0989,-7.5032,-7.1788,-7.0342,-7.0139,-7.1036,-7.2413,-7.458,-7.8535,-8.4567,-9.1682,-10.404,-12.277,-14.575,-16.085,-15.436,-12.674,-10.697,-8.6372,-7.2126,-6.4954,-5.8401,-5.4666,-5.2093,-5.0107,-4.7144,-4.3146,-3.9743,-3.5268,-3.1279,-2.814,-2.6555,-2.5575,-2.5914,-2.702,-3.0025,-3.4253,-3.8497,-4.4634,-4.9751,-5.1019,-4.7293,-3.7392,-2.3356,-1.2585,0.12495,1.3538,2.1578,3.0549,3.7881,4.3025,4.5876,4.8102,4.8645,4.8225,4.6151,4.3129,3.8609,3.4367,2.7362,1.8243,0.98966,-0.37772,-2.0249,-3.4049,-5.2524,-6.6612,-7.2456,-7.2616,-7.1425,-7.3158,-7.6835,-8.564,-9.9125,-11.117,-12.983,-14.754,-15.95,-16.316,-15.661,-14.22,-13.002,-11.337,-10.004,-9.0117
-0.36969,-2.205,-5.4236,-10.187,-15.496,-20.663,-14.394,-11.867,-10.345,-9.9668,-10.566,-11.458,-13.087,-14.462,-14.419,-12.571,-9.9177,-7.9599,-5.6193,-3.5272,-1.6865,-0.41092,1.1755,2.4943,3.3904,4.3673,5.1051,5.4958,5.7684,5.7762,5.4642,5.0369,4.2018,3.0508,2.066,0.72844,-0.1567,-0.062121,0.55959,1.7489,2.9058,3.613,4.3284,4.7611,4.9026,4.8579,4.5262,3.9378,3.305,2.237,0.93386,-0.13089,-1.5146,-2.6013,-2.9887,-2.9068,-2.2117,-1.2475,-0.43255,0.64566,1.6417,2.301,3.076,3.5845,3.8982,3.9364,3.7249,3.1957,2.5565,1.3668,-0.32452,-1.9734,-4.875,-9.1262,-16.538,-37.073,-17.307,-11.859,-9.7752,-8.0669,-6.8902,-6.2034,-5.2884,-4.3063,-3.2324,-2.389,-1.2591,-0.1788,0.55853,1.4137,2.0639,2.5206,2.7177,2.7671,2.6156,2.3464,1.8639,1.2437,0.76368,0.20223,-0.20482,-0.41701,-0.52696,-0.67818,-0.97483,-1.3397,-2.0384,-2.9392,-3.6718,-4.6243,-5.294,-5.6451,-5.7026,-5.7509,-5.8025,-5.9326,-6.1771,-6.3933,-6.5184,-6.4233,-6.1303,-5.7264,-5.4218,-5.0988,-4.939,-4.9142,-5.0419,-5.2519,-5.4615,-5.5132,-5.4308,-5.1657,-4.9407,-4.7535,-4.8122,-5.084,-5.7872,-6.8703,-8.0671,-8.7271,-8.4741,-6.9457,-5.5697,-3.8049,-2.3175,-1.1379,-0.42948,0.30428,0.82528,1.1001,1.332,1.4461,1.4596,1.4774,1.4913,1.6141,1.7693,2.1188,2.6044,3.0424,3.7132,4.42,4.9745,5.6909,6.354,6.936,7.2878,7.6519,7.8595,7.9054,7.8206,7.5554,7.0942,6.6035,5.7349,4.5557,3.4172,1.4506,-1.2482,-4.0621,-9.8408,-25.767,-14.19,-9.5548,-6.6688,-5.4711,-5.2448,-5.648,-6.7556,-8.1054,-10.61,-14.365,-21.175,-30.713,-20.666,-15.226,-12.446,-10.209,-8.6087,-7.4972
2.6731,1.5276,-0.1532,-1.9277,-3.0976,-4.3678,-5.1201,-5.5601,-6.1902,-7.2138,-8.7429,-10.447,-13.61,-17.787,-18.568,-14.789,-11.2,-9.1658,-6.995,-5.1357,-3.4251,-2.0776,-0.40706,1.1922,2.28,3.4899,4.4494,4.9594,5.3562,5.3856,5.0287,4.443,3.2057,1.2277,-0.97309,-5.6365,-17.072,-11.657,-5.5175,-1.3334,1.1168,2.3752,3.5461,4.3434,4.7266,5.0527,5.1407,5.0146,4.7789,4.2853,3.6004,2.9833,2.084,1.1403,0.50896,-0.099799,-0.30176,0.083656,0.68108,1.8094,2.9966,3.8372,4.766,5.4715,5.8768,5.9972,5.8878,5.4686,4.9595,3.9908,2.7094,1.5364,-0.26142,-2.1795,-3.9204,-4.7871,-5.1948,-4.9313,-4.5887,-4.1775,-3.8704,-3.7043,-3.521,-3.2113,-2.6718,-2.091,-1.1186,-0.031357,0.78964,1.777,2.6436,3.32,3.7137,4.1048,4.3334,4.4302,4.4613,4.4295,4.3608,4.2497,4.11,3.958,3.8248,3.5936,3.2854,2.9959,2.5016,1.9226,1.4249,0.71691,-0.058547,-0.90869,-1.6319,-2.7662,-4.1669,-5.4763,-7.632,-10.176,-11.833,-11.336,-9.0116,-6.7058,-5.2567,-3.7561,-2.6653,-2.0255,-1.4351,-1.0098,-0.76179,-0.63808,-0.59965,-0.71913,-0.92179,-1.4103,-2.2218,-3.0984,-4.8342,-7.4407,-11.731,-16.693,-16.867,-10.208,-7.0009,-4.0017,-1.8357,-0.17326,0.83075,1.9325,2.7974,3.2922,3.7971,4.1048,4.2521,4.3103,4.2731,4.1499,4.013,3.8424,3.6944,3.6971,3.8942,4.3982,4.941,5.8316,6.7569,7.6473,8.223,8.8332,9.2642,9.4465,9.5412,9.4167,9.1217,8.7695,8.1246,7.2774,6.4925,5.2488,3.7748,2.5852,1.0704,0.011433,-0.33629,-0.21393,0.071619,0.22149,0.1027,-0.40091,-1.3194,-2.2756,-3.8732,-5.7585,-7.5238,-8.3768,-8.5902,-8.0788,-7.6388,-7.1467,-6.7456,-6.4476
4.4404,3.8469,2.9689,1.9913,1.2584,0.27353,-0.70792,-1.4456,-2.4145,-3.5304,-4.7064,-5.667,-6.8687,-7.8739,-8.4339,-8.8953,-9.262,-9.6324,-10.231,-10.552,-9.5451,-7.5683,-4.8024,-2.1405,-0.47071,1.3138,2.686,3.4295,4.1064,4.3881,4.3594,4.0813,3.4177,2.4364,1.5326,0.34922,-0.5448,-0.70088,-0.43047,0.24986,0.87762,1.314,1.7939,2.2818,2.6873,3.2617,3.8236,4.2308,4.398,4.3537,3.9921,3.4608,2.371,0.72084,-1.0099,-4.2349,-8.4611,-7.9371,-4.4511,-0.65445,2.0492,3.558,4.995,6.0029,6.5878,6.8161,6.852,6.6007,6.2473,5.5616,4.7021,3.9503,2.8975,1.8283,0.84633,0.17216,-0.5847,-1.2458,-1.7356,-2.4642,-3.4535,-4.3864,-6.0341,-7.9427,-8.8729,-7.9778,-5.5274,-3.1256,-1.6298,-0.069334,1.1016,1.9603,2.4438,2.9808,3.3917,3.6851,4.0103,4.3204,4.5159,4.7221,4.8755,4.9419,4.9441,4.865,4.7033,4.523,4.21,3.7777,3.3755,2.7457,1.9571,1.0124,0.14975,-1.2141,-3.0107,-4.6473,-7.4131,-10.878,-13.755,-12.817,-9.5597,-6.6268,-4.9314,-3.1066,-1.69,-0.82917,0.079732,0.75018,1.2097,1.4112,1.5116,1.4114,1.1959,0.71207,-0.016996,-0.71779,-1.8367,-3.1009,-4.2636,-4.9014,-5.2078,-4.7858,-4.1665,-3.0086,-1.7042,-0.37021,0.59492,1.762,2.7583,3.373,3.9946,4.3684,4.5107,4.4531,4.1477,3.5345,2.891,1.686,0.098326,-1.2275,-2.5828,-2.003,-0.39807,2.0861,4.2742,5.977,6.987,7.9807,8.6448,8.9535,9.1515,9.143,8.9833,8.7906,8.4747,8.1266,7.8508,7.4765,7.095,6.8178,6.4755,6.1991,5.9787,5.8486,5.661,5.3951,5.1032,4.5757,3.8681,3.2459,2.2378,1.2109,0.053995,-0.71818,-1.8684,-2.9736,-4.0222,-5.6431,-7.7485,-10.177
4.6515,4.3578,3.816,3.155,2.5592,1.7373,0.81812,0.11567,-0.84895,-1.774,-2.7066,-3.3749,-4.2115,-5.0432,-5.698,-6.7151,-8.0521,-9.4602,-12.329,-16.686,-16.934,-12.177,-7.5309,-4.1077,-2.2634,-0.30331,1.1463,1.9703,2.7765,3.2917,3.5505,3.6233,3.5274,3.3075,3.051,2.6613,2.2195,1.7348,1.3073,0.5538,-0.50161,-1.5534,-3.119,-4.0407,-3.382,-1.2909,0.90403,2.6184,3.5286,4.2621,4.4934,4.3483,3.7128,2.609,1.4095,-0.45768,-2.0408,-1.8446,-0.55098,1.6139,3.4725,4.5902,5.7418,6.515,6.9911,7.1575,7.1506,6.8954,6.5392,5.8869,5.0409,4.3125,3.2569,2.2031,1.2399,0.61782,-0.053467,-0.62922,-1.0816,-1.8096,-2.9153,-4.0762,-6.368,-9.7264,-12.38,-10.77,-7.0041,-4.222,-2.8101,-1.5403,-0.8891,-0.61364,-0.53511,-0.4416,-0.14388,0.25368,0.95904,1.713,2.2586,2.8727,3.351,3.6752,3.8345,3.951,3.9762,3.9341,3.808,3.5879,3.3717,2.959,2.4161,1.7105,1.0692,0.03619,-1.1391,-2.1142,-3.4218,-4.5687,-5.3195,-5.5299,-5.2553,-4.5409,-3.7506,-2.6043,-1.3627,-0.53766,0.47896,1.2749,1.8687,2.1477,2.3484,2.3402,2.2002,1.8365,1.2827,0.74284,-0.098506,-1.0858,-2.1809,-3.0684,-4.2554,-5.3913,-5.9654,-5.962,-4.807,-2.9653,-1.5241,0.20842,1.5972,2.4296,3.221,3.6967,3.8212,3.7283,3.2977,2.526,1.6873,0.10606,-2.1729,-4.6313,-8.4857,-7.4752,-3.9096,0.025017,2.8109,4.7951,5.8644,6.8694,7.4161,7.5934,7.5014,7.1863,6.7039,6.371,6.0996,6.1577,6.4188,6.932,7.5176,7.9218,8.3789,8.7163,8.9339,9.0084,8.9953,8.8345,8.628,8.2186,7.6655,7.1531,6.3609,5.432,4.3808,3.4931,2.1683,0.60964,-0.74023,-2.959,-5.7769,-9.2652
4.3474,4.2448,3.8847,3.3029,2.7059,1.7436,0.63858,-0.2512,-1.4141,-2.4043,-3.102,-3.4275,-3.7142,-3.9108,-4.0687,-4.3663,-4.774,-5.1216,-5.5395,-5.721,-5.376,-4.677,-3.6205,-2.3058,-1.4454,-0.35672,0.50184,1.0607,1.6459,2.1349,2.4828,2.7069,2.9545,3.1261,3.2158,3.2179,3.1107,2.7858,2.3797,1.4594,-0.0045449,-1.6959,-4.9668,-8.4503,-6.9065,-2.296,1.2023,3.5977,4.8634,6.0402,6.7151,6.9637,7.0043,6.7956,6.5418,6.1712,5.8969,5.8357,5.9453,6.2368,6.6158,6.8924,7.2219,7.466,7.5964,7.5957,7.4375,7.0743,6.645,5.8293,4.6865,3.6088,1.8479,-0.16586,-2.0534,-2.834,-2.7405,-1.8298,-1.1222,-0.46229,-0.15953,-0.18341,-0.38645,-0.66061,-0.80204,-0.74379,-0.52054,-0.3088,-0.30959,-0.69912,-1.6419,-3.3438,-5.1804,-8.165,-9.0138,-7.1589,-4.1624,-1.9013,-0.71459,0.39694,1.0641,1.4791,1.665,1.8386,1.9663,2.0615,2.1722,2.2883,2.3309,2.3111,2.1714,1.8675,1.5262,0.88837,0.0671,-0.70317,-1.9092,-3.3324,-4.8426,-5.9826,-7.013,-6.8338,-5.8222,-3.8979,-2.0022,-0.74808,0.60691,1.6336,2.3337,2.6942,2.9349,2.9454,2.8242,2.513,2.0517,1.6034,0.8471,-0.11058,-1.3851,-2.5859,-4.8401,-8.3184,-12.931,-27.006,-11.52,-5.6239,-2.9079,-0.35724,1.4122,2.3343,3.144,3.552,3.6098,3.4387,3.0131,2.4335,1.9121,1.2822,0.76468,0.60307,0.73997,1.4412,2.2662,3.5898,4.9007,6.0083,6.6318,7.1385,7.2371,6.9939,6.2259,4.8116,2.6305,0.42579,-2.2894,-1.149,1.4314,4.4957,6.7674,8.0563,9.3629,10.291,10.927,11.235,11.453,11.479,11.378,11.093,10.647,10.206,9.5122,8.6586,7.7133,6.8972,5.7744,4.511,3.5882,2.2903,1.2092,0.31024
4.4336,4.5328,4.3466,3.7403,3.0363,1.6499,-0.21932,-1.994,-4.78,-7.4138,-7.9496,-6.897,-5.1293,-3.7247,-2.985,-2.3317,-1.9735,-1.8379,-1.7265,-1.647,-1.4767,-1.3987,-1.1095,-0.87885,-0.64548,-0.39796,-0.1903,-0.080844,0.046852,0.17485,0.43418,0.69793,1.2556,1.9464,2.5268,3.2845,3.9239,4.3946,4.6068,4.7277,4.6543,4.5572,4.4944,4.6971,5.1536,6.0874,7.2255,8.3229,9.0531,9.8381,10.388,10.645,10.811,10.775,10.661,10.388,10.042,9.633,9.317,8.8684,8.456,8.1924,7.9244,7.8076,7.7941,7.8228,7.8201,7.666,7.398,6.7353,5.643,4.4475,2.1782,-1.3895,-7.5311,-13.246,-6.3787,-1.3774,0.85203,2.7989,4.01,4.5892,5.0605,5.2901,5.3293,5.255,5.013,4.5597,4.046,3.0163,1.5436,-0.55156,-2.5497,-5.4394,-6.5067,-5.3841,-3.2411,-1.687,-0.96522,-0.53549,-0.56448,-0.9251,-1.2839,-1.6893,-1.7668,-1.5205,-0.87003,-0.064201,0.51246,1.2078,1.7061,1.9935,2.0438,1.9053,1.4293,0.87081,-0.26,-1.9268,-4.4985,-7.4132,-14.252,-15.828,-9.2478,-4.2132,-1.1691,0.44862,1.9628,2.9422,3.5016,3.6929,3.6989,3.4879,3.2347,2.8396,2.43,2.1364,1.7422,1.3041,0.77913,0.2751,-0.49393,-1.3054,-1.7267,-1.7609,-0.97669,0.34956,1.4249,2.7134,3.7172,4.2404,4.625,4.6143,4.3794,3.7021,2.7048,1.4372,0.54927,-0.17322,0.13626,0.98091,2.4768,4.0331,5.1411,6.4484,7.5552,8.3811,8.8253,9.1085,9.0432,8.7206,7.9229,6.5754,4.6546,2.8758,1.0433,1.9062,3.9224,6.6356,8.8333,10.149,11.516,12.534,13.249,13.621,13.914,14,13.932,13.688,13.271,12.86,12.164,11.351,10.398,9.6364,8.5265,7.4144,6.5651,5.5528,4.6542,4.066
4.6307,5.0069,5.0811,4.6344,4.0048,2.6422,0.66629,-1.3246,-4.947,-9.0879,-9.4702,-7.1728,-4.3838,-2.5366,-1.6318,-0.88681,-0.52765,-0.45617,-0.5403,-0.76108,-1.0666,-1.4153,-1.6754,-2.1047,-2.2767,-2.6357,-2.9644,-3.3713,-4.0608,-5.0775,-5.8822,-5.9964,-4.8156,-2.4553,-0.64044,1.6335,3.4667,4.9787,5.8779,6.8981,7.708,8.2472,8.8869,9.5221,10.005,10.675,11.343,11.972,12.39,12.844,13.165,13.304,13.345,13.208,12.983,12.512,11.841,10.929,10.084,8.7208,7.1171,5.8786,4.4881,4.0836,4.7676,5.6223,6.7392,7.5568,7.9316,8.0946,7.9079,7.5505,6.8427,6.0221,5.3618,5.2096,5.5387,6.3574,7.0601,7.9703,8.6993,9.125,9.4965,9.6752,9.6739,9.561,9.2581,8.7695,8.2837,7.4752,6.5127,5.4163,4.5956,3.5613,2.7594,2.271,1.7808,1.1625,0.58233,-0.55679,-2.1704,-4.5514,-6.9929,-11.316,-13.885,-11.371,-7.366,-4.4389,-2.7961,-1.0334,0.29655,1.3199,1.8839,2.3799,2.5876,2.5717,2.309,1.7995,1.1123,0.60897,0.17732,0.34323,0.89821,1.944,3.0101,3.6884,4.3323,4.6264,4.5459,4.2105,3.4549,2.3781,1.4524,0.29032,-0.37635,-0.36871,0.16094,0.88651,1.567,1.9441,2.3862,2.7222,3.0223,3.457,3.9958,4.6081,5.0808,5.6598,6.0839,6.2588,6.2685,5.9337,5.4249,4.2697,2.4041,-0.63329,-4.4241,-17.839,-8.1825,-2.1538,2.2626,5.1279,6.7032,8.3175,9.4928,10.324,10.747,11.058,11.108,10.998,10.675,10.239,9.7826,9.5277,9.4381,9.7297,10.191,11.028,11.969,12.67,13.511,14.215,14.741,15.022,15.233,15.255,15.151,14.859,14.394,13.937,13.174,12.266,11.182,10.289,8.939,7.5033,6.3328,4.8352,3.4081,2.4774
4.4701,4.8611,4.9934,4.7567,4.3495,3.5581,2.5225,1.6493,0.52928,-0.42358,-0.94538,-1.0838,-1.0527,-0.9677,-0.94754,-1.0945,-1.4568,-1.8932,-2.6832,-3.7279,-4.9804,-5.8854,-7.1781,-8.0389,-8.5075,-8.7802,-8.9609,-9.197,-10.014,-11.766,-15.556,-19.899,-15.042,-8.2747,-4.7327,-1.2884,1.3551,3.4131,4.6896,6.0951,7.2589,7.9995,8.8646,9.6358,10.146,10.781,11.343,11.847,12.171,12.519,12.755,12.845,12.821,12.632,12.348,11.782,10.931,9.7522,8.5835,6.5365,3.5899,0.35756,-7.2774,-11.487,-2.0388,1.3949,4.2199,6.0282,6.9577,7.8203,8.356,8.607,8.8057,8.9386,9.0674,9.1966,9.4435,9.7647,10.029,10.375,10.672,10.84,10.974,10.988,10.887,10.725,10.404,9.9664,9.5583,8.9331,8.196,7.3887,6.7385,5.8349,4.8684,4.1076,2.9782,1.6854,0.55359,-1.2375,-3.4146,-6.0899,-8.3831,-11.458,-13.133,-12.659,-10.819,-8.7707,-7.1373,-5.1279,-3.2515,-1.6304,-0.57522,0.571,1.4988,2.0205,2.559,2.9286,3.226,3.4182,3.6811,4.0176,4.283,4.6654,4.9678,5.1144,5.1094,4.8199,4.1575,3.3463,1.7472,-0.72173,-3.4691,-9.6807,-23.954,-11.762,-5.4385,-2.3265,-0.47081,0.46966,1.3868,2.0848,2.5454,3.1475,3.7589,4.3696,4.8096,5.3236,5.7156,5.9023,5.969,5.8205,5.5302,4.9412,4.0854,3.144,2.4923,2.126,2.6545,3.5662,5.0866,6.5815,7.5796,8.6971,9.5364,10.134,10.403,10.588,10.564,10.45,10.175,9.8759,9.5982,9.4751,9.462,9.6739,9.9734,10.523,11.169,11.668,12.3,12.835,13.242,13.438,13.553,13.487,13.326,12.947,12.393,11.86,11.009,9.9585,8.7292,7.6522,6.0055,4.0191,2.236,-0.71639,-4.6764,-9.9373
5.018,5.0776,4.9645,4.6638,4.3017,3.732,3.0478,2.5036,1.7824,1.101,0.46599,0.059556,-0.45691,-0.99455,-1.4583,-2.2047,-3.1802,-4.101,-5.6729,-7.7263,-10.369,-12.939,-17.455,-21.904,-21.759,-18.224,-15.874,-14.469,-13.132,-11.865,-10.856,-9.7229,-7.9592,-5.6762,-3.9311,-1.6845,0.30844,2.0048,3.119,4.3608,5.4143,6.0773,6.8636,7.5374,8.0065,8.5736,9.1038,9.5869,9.9212,10.314,10.622,10.781,10.88,10.82,10.661,10.268,9.6462,8.792,7.9805,6.7001,5.242,4.1411,2.9939,2.5669,2.9604,3.6223,4.625,5.6047,6.2683,7.0498,7.6984,8.1159,8.5955,8.9973,9.3528,9.5884,9.885,10.141,10.315,10.493,10.613,10.647,10.625,10.513,10.306,10.093,9.7346,9.3041,8.9339,8.3813,7.7558,7.0701,6.4938,5.6546,4.6978,3.8976,2.6758,1.2948,0.1094,-1.6591,-3.6647,-5.8765,-7.6483,-10.118,-12.599,-14.435,-16.306,-16.007,-13.873,-10.632,-7.6627,-5.2364,-3.6911,-1.9692,-0.55585,0.31831,1.3009,2.124,2.8271,3.2906,3.8629,4.3599,4.6928,5.051,5.3031,5.3832,5.3186,5.0088,4.4104,3.7654,2.5711,1.0425,-0.26477,-1.9345,-2.9434,-2.9946,-2.4434,-1.7631,-1.2995,-1.1036,-1.0238,-0.91604,-0.74228,-0.20596,0.62508,1.6112,2.3397,3.2083,3.9147,4.3242,4.6896,4.8805,4.9301,4.9094,4.8612,4.8184,4.8814,5.0929,5.5251,5.943,6.6266,7.3245,7.8325,8.3969,8.8273,9.0519,9.0907,8.9407,8.5743,8.1497,7.4365,6.5672,5.7011,5.1647,4.8266,5.0682,5.5956,6.5597,7.6103,8.3429,9.1896,9.8368,10.277,10.46,10.517,10.372,10.129,9.643,8.9779,8.3747,7.4317,6.3506,5.115,4.0953,2.5517,0.80619,-0.71693,-2.993,-5.6683,-7.853
6.0115,5.7271,5.2637,4.6851,4.2011,3.4777,2.7251,2.1585,1.404,0.71928,0.078296,-0.38367,-0.97352,-1.5843,-2.1026,-2.9133,-3.9343,-4.8899,-6.4781,-8.5464,-11.231,-13.625,-17.39,-20.181,-21.351,-20.655,-19.35,-17.837,-15.167,-12.446,-9.7491,-8.03,-5.8255,-3.8772,-2.5446,-0.96361,0.39813,1.5426,2.2419,3.0159,3.6051,3.9761,4.3788,4.7413,5.0246,5.4456,5.941,6.4982,6.9456,7.548,8.1163,8.4968,8.9155,9.182,9.2819,9.241,9.023,8.6064,8.1836,7.4953,6.7364,6.1537,5.4554,4.9091,4.6232,4.5578,4.7101,5.0755,5.4619,6.0512,6.6828,7.1437,7.7217,8.2351,8.6881,8.9919,9.3367,9.6169,9.7757,9.9189,9.9639,9.9338,9.7938,9.5509,9.2084,8.9051,8.4529,7.9702,7.6098,7.1263,6.658,6.1519,5.741,5.097,4.3345,3.6476,2.5825,1.3125,0.21111,-1.4494,-3.3636,-5.4915,-7.2573,-9.8668,-12.977,-15.677,-19.533,-19.985,-16.634,-12.564,-9.3027,-6.7253,-5.1446,-3.3775,-1.9696,-1.0523,0.0085291,0.95648,1.8061,2.4283,3.2278,3.9772,4.5074,5.1213,5.6227,5.8925,6.1071,6.1281,5.9429,5.6775,5.1598,4.505,3.953,3.1955,2.4669,1.9411,1.2167,0.35195,-0.80768,-1.9938,-4.1491,-7.0348,-8.8541,-7.9079,-4.6048,-1.7896,-0.18129,1.4267,2.5304,3.1034,3.6122,3.8836,4.0041,4.0885,4.2085,4.4045,4.6463,5.0954,5.6634,6.1416,6.7786,7.3847,7.7695,8.1665,8.3868,8.3933,8.2534,7.8126,7.0684,6.2673,4.8157,2.7617,-0.17425,-3.2212,-7.6679,-5.4342,-1.9229,1.5413,3.917,5.2227,6.4798,7.3151,7.7796,7.9302,7.8751,7.5608,7.1619,6.4595,5.5744,4.8179,3.7132,2.5723,1.4405,0.60377,-0.43107,-1.4605,-2.1407,-3.0947,-3.8509,-4.5857
7.1204,6.5371,5.6605,4.6659,3.8816,2.7563,1.6477,0.84993,-0.091563,-0.88153,-1.434,-1.7609,-2.0624,-2.3064,-2.4915,-2.8292,-3.3301,-3.8437,-4.7549,-5.9566,-7.4755,-8.7293,-10.765,-13.194,-15.233,-19.784,-30.35,-25.84,-15.959,-10.79,-7.3148,-5.2894,-3.1105,-1.4216,-0.36627,0.70793,1.5033,2.0038,2.2,2.2541,2.0727,1.8396,1.4335,1.0764,0.89945,0.96943,1.4379,2.2986,3.1091,4.2954,5.4833,6.3204,7.2931,8.0938,8.5415,8.9484,9.1133,9.0295,8.8147,8.3112,7.5882,6.9099,5.836,4.6377,3.4486,2.7186,2.2788,2.5845,3.1896,4.1927,5.1967,5.8618,6.6131,7.2404,7.7623,8.1124,8.5261,8.8929,9.1106,9.3156,9.3769,9.3168,9.0626,8.6073,7.9739,7.401,6.5851,5.8277,5.3904,5.0476,4.9499,4.9523,4.9419,4.8051,4.4611,4.0529,3.2757,2.2208,1.2533,-0.27304,-2.0799,-4.1081,-5.7462,-7.9946,-9.9844,-11.166,-11.898,-11.559,-10.672,-9.0597,-7.2832,-5.6108,-4.5224,-3.2852,-2.3556,-1.7854,-1.1609,-0.55081,0.19871,0.91613,2.0312,3.2853,4.2103,5.3783,6.3622,6.9828,7.6161,8.0411,8.2619,8.2881,8.1846,7.9105,7.6111,7.0992,6.4622,5.8873,4.9734,3.8236,2.3515,0.94017,-1.4175,-4.2811,-6.0007,-5.4195,-2.7651,-0.36058,1.0084,2.3015,3.0923,3.386,3.4647,3.2319,2.8951,2.369,1.9374,1.9843,2.3741,3.3512,4.5336,5.4501,6.5425,7.4564,7.9871,8.5038,8.7548,8.7697,8.5939,8.1338,7.3725,6.5966,5.2397,3.4941,1.3675,-0.36683,-1.9152,-1.3521,0.10335,2.2106,3.9529,4.974,5.9596,6.5554,6.7884,6.743,6.4016,5.7374,5.0574,3.888,2.4849,1.2836,-0.38949,-2.0843,-3.461,-4.22,-4.6278,-4.6484,-4.4598,-4.221,-3.9574,-3.8935
7.8163,6.9415,5.5801,4.0092,2.6907,0.82467,-1.1474,-2.5962,-4.3104,-5.4736,-5.8915,-5.6393,-4.9383,-4.0672,-3.4436,-2.7673,-2.3301,-2.1691,-2.1877,-2.4142,-2.8489,-3.4134,-4.124,-5.029,-5.7191,-6.4114,-6.6015,-6.0868,-4.6711,-2.9612,-1.2005,-0.038476,1.2674,2.2789,2.7921,3.2494,3.3464,3.1052,2.7043,1.8194,0.56983,-0.68492,-2.7015,-5.1317,-7.0248,-8.6118,-7.6227,-4.9758,-2.7976,-0.086966,2.3529,3.9466,5.7891,7.2881,8.1862,9.1,9.6611,9.9003,9.8484,9.4698,8.6846,7.8148,6.1378,3.7284,-0.0055636,-4.3474,-12.14,-4.9885,-1.0954,1.9761,3.7463,4.5767,5.2327,5.5983,5.8843,6.153,6.6808,7.3429,7.8601,8.4294,8.773,8.8154,8.558,7.8664,6.6807,5.4118,3.1679,0.49405,-1.0716,-0.78521,1.1874,3.0429,4.0198,4.8353,5.1334,5.0716,4.6425,3.8328,3.0068,1.5748,-0.21312,-2.46,-4.5019,-7.838,-12.231,-15.954,-16.361,-12.095,-9.5682,-6.9321,-5.0311,-3.6176,-2.8738,-2.3027,-2.1685,-2.4445,-3.2985,-4.5638,-5.1469,-4.2077,-1.4088,1.5464,3.4855,5.623,7.3103,8.3297,9.3881,10.153,10.661,10.894,11.021,10.967,10.821,10.497,10.036,9.6085,8.9327,8.1458,7.2579,6.5753,5.6589,4.9078,4.54,4.3747,4.537,4.8704,5.1143,5.3033,5.2597,5.0291,4.3619,3.1994,1.8717,-0.76967,-5.0355,-9.2398,-5.9277,-0.6906,2.7925,4.6768,6.5552,7.8873,8.6243,9.2831,9.6456,9.7194,9.5938,9.2237,8.6265,8.0523,7.1752,6.2375,5.3756,4.8601,4.4899,4.5333,4.8102,5.3846,6.032,6.4571,6.8698,7.0209,6.8916,6.5647,5.8332,4.7456,3.6866,1.9067,-0.31346,-2.2746,-5.4942,-9.3778,-14.557,-16.662,-14.013,-10.117,-8.0948,-5.8562,-4.4316,-3.2287
6.4611,5.3656,3.5717,1.3965,-0.58017,-3.6491,-7.3816,-10.622,-15.56,-20.998,-21.076,-16.692,-11.83,-8.3214,-6.374,-4.3674,-2.9214,-2.1175,-1.3302,-0.8039,-0.45712,-0.25468,-0.098501,0.11399,0.22155,0.51072,0.9264,1.3424,2.0196,2.7537,3.4916,3.9723,4.4873,4.7839,4.8394,4.6574,4.1408,3.2668,2.3462,0.72172,-1.4214,-3.4348,-6.7632,-11.239,-15.277,-20.61,-18.803,-13.706,-10.129,-5.7222,-1.9312,0.49259,3.2298,5.4082,6.7576,8.1362,9.1224,9.7158,9.9075,9.8421,9.3842,8.7719,7.5935,5.9881,4.0476,2.6015,1.4183,1.6267,2.2871,3.1297,3.4965,3.3682,2.5924,1.0601,-0.89156,-1.6935,-0.29173,2.3921,4.1822,5.9645,7.0766,7.5122,7.5937,7.1043,5.973,4.6504,2.0838,-1.5367,-4.1515,-3.2576,0.1111,2.6,3.84,4.8594,5.3254,5.3625,5.076,4.4432,3.747,2.5427,1.0383,-0.81264,-2.4281,-4.9176,-7.5658,-9.2137,-9.4842,-7.7051,-6.1956,-4.3337,-2.9212,-1.9521,-1.5024,-1.3393,-1.6831,-2.373,-4.0454,-6.9023,-10.197,-8.559,-3.4028,0.71452,3.0613,5.5097,7.4168,8.5342,9.7269,10.594,11.186,11.478,11.666,11.675,11.578,11.333,10.986,10.68,10.223,9.7398,9.2466,8.8822,8.4267,8.0148,7.7551,7.468,7.2432,7.0409,6.8784,6.6136,6.224,5.8275,5.0868,4.0239,3.0038,1.2971,-0.47453,-1.2182,-0.51905,1.5116,3.6439,5.0019,6.4789,7.584,8.1998,8.7499,9.035,9.0372,8.8924,8.46,7.8039,7.1837,6.2103,5.1987,4.2586,3.7795,3.5068,3.7365,4.1519,4.847,5.5189,5.9147,6.2252,6.2335,5.8868,5.3883,4.3709,2.9575,1.5954,-0.56961,-3.2482,-5.5849,-9.0467,-12.975,-16.311,-17.413,-15.834,-12.712,-10.329,-7.5649,-5.3084,-3.5245
3.6525,2.6108,0.82716,-1.4313,-3.6209,-7.1909,-12.003,-16.836,-27.667,-33.402,-23.656,-18.804,-13.9,-10.214,-8.0899,-5.9312,-4.3223,-3.3904,-2.3662,-1.5345,-0.7902,-0.1744,0.52939,1.3179,1.8625,2.6027,3.3324,3.8187,4.4224,4.9666,5.3635,5.5768,5.6942,5.5803,5.3511,4.7608,3.8641,2.631,1.4252,-0.49794,-2.8587,-4.9343,-8.0751,-11.633,-14.675,-19.549,-30.336,-23.661,-16.129,-9.849,-5.1452,-2.3219,0.73148,3.2311,4.7654,6.4097,7.672,8.5503,8.9856,9.2935,9.3071,9.1218,8.7041,8.0964,7.4058,6.901,6.2898,5.7942,5.459,4.9529,4.2341,3.4317,1.8649,-0.53311,-3.8494,-5.7132,-3.5458,0.22269,2.421,4.5172,5.8669,6.5019,6.9016,6.8785,6.5024,6.0298,5.262,4.528,4.1401,3.9972,4.1898,4.5308,4.7752,4.9483,4.9265,4.7542,4.3109,3.6641,3.0331,2.0438,0.94087,-0.21703,-1.0766,-2.1034,-2.8765,-3.2286,-3.329,-3.0109,-2.6541,-2.0247,-1.4269,-0.9813,-0.74341,-0.59184,-0.66995,-0.80234,-1.0153,-1.1091,-0.78696,-0.20342,1.0564,2.6317,3.8437,5.4054,6.7874,7.6604,8.6283,9.3341,9.7923,9.9764,10.028,9.878,9.654,9.2542,8.8005,8.4684,8.07,7.7627,7.532,7.3677,7.1733,6.9371,6.7251,6.4036,6.0504,5.6799,5.4238,5.1188,4.846,4.6313,4.3445,4.007,3.7324,3.3697,3.1134,3.0826,3.2202,3.6471,4.2536,4.7221,5.3526,5.907,6.2272,6.5385,6.6453,6.5338,6.3162,5.7631,4.9078,4.0348,2.4343,0.28691,-2.6151,-4.9919,-6.0743,-3.3933,-1.1154,1.2518,2.8633,3.6687,4.2587,4.3587,3.9655,3.3962,2.2036,0.56652,-0.96793,-3.3874,-6.2738,-8.7802,-12.618,-17.364,-24.878,-27.387,-20.481,-14.765,-12.028,-8.8431,-6.3917,-4.5404
1.4361,0.72939,-0.4646,-2.0088,-3.4402,-5.5664,-7.9731,-9.774,-11.68,-12.466,-11.818,-10.764,-9.1038,-7.5853,-6.612,-5.6693,-5.0589,-4.7816,-4.4691,-4.0103,-3.2243,-2.2907,-0.90878,0.5307,1.6211,2.8637,3.9572,4.6399,5.386,5.9493,6.2937,6.4342,6.4138,6.1532,5.797,5.0586,4.0216,2.66,1.3769,-0.6662,-3.1283,-5.2923,-8.4708,-11.958,-14.048,-15.769,-15.421,-13.309,-11.067,-7.7653,-4.5629,-2.3865,0.2318,2.4335,3.846,5.4481,6.7238,7.7045,8.2769,8.7996,9.0925,9.1732,9.1275,8.9038,8.5705,8.2703,7.799,7.272,6.8515,6.2345,5.5706,5.0284,4.2882,3.6318,3.1809,3.1203,3.485,4.2093,4.89,5.7482,6.4556,6.8406,7.154,7.234,7.1287,6.9569,6.6361,6.2791,6.021,5.7102,5.4441,5.1914,4.9952,4.6659,4.2335,3.8272,3.1421,2.3003,1.5603,0.48407,-0.67032,-1.7478,-2.4107,-2.988,-3.1811,-3.0525,-2.6829,-2.1688,-1.7426,-1.2451,-0.83346,-0.56235,-0.44667,-0.37582,-0.40056,-0.40372,-0.36857,-0.18568,0.26971,0.75649,1.6644,2.7353,3.6125,4.7637,5.8413,6.5595,7.3159,7.8429,8.1032,8.0985,7.8412,7.267,6.6392,5.5863,4.4321,3.6612,3.0727,3.0982,3.5334,3.8985,4.2341,4.3023,4.1293,3.6489,2.9137,2.0997,1.5714,1.1982,1.2814,1.5674,2.0468,2.4801,2.6897,2.8522,2.8579,2.7591,2.6917,2.5934,2.5833,2.6505,2.8422,3.1209,3.3404,3.607,3.7331,3.7264,3.557,3.1607,2.5055,1.7742,0.49931,-1.3823,-3.8613,-5.8,-6.5164,-3.953,-1.7008,0.67776,2.322,3.1185,3.6883,3.7204,3.2527,2.559,1.2081,-0.67404,-2.4067,-5.1447,-8.2756,-10.687,-13.781,-16.002,-17.06,-16.939,-14.763,-12.109,-10.217,-7.8684,-6.0767,-4.6697
-0.29019,-0.69653,-1.3586,-2.1237,-2.6739,-3.442,-4.1197,-4.5371,-4.8865,-5.0332,-4.9511,-4.7259,-4.4553,-4.2721,-4.2845,-4.6086,-5.4832,-6.6299,-9.1643,-12.674,-12.084,-8.53,-4.1862,-1.1395,0.70391,2.5879,4.0154,4.8767,5.7528,6.3446,6.7263,6.8419,6.8131,6.5704,6.2171,5.558,4.6247,3.3725,2.2331,0.35131,-2.0205,-4.1401,-7.7752,-12.95,-19.076,-24.062,-15.013,-10.477,-8.0098,-5.2994,-2.9568,-1.3643,0.51688,2.2045,3.357,4.7048,5.8595,6.8299,7.4135,8.0225,8.427,8.6235,8.6939,8.617,8.3822,8.1025,7.6494,7.0966,6.6379,6.0222,5.4341,5.0723,4.7298,4.5825,4.6537,4.8314,5.2088,5.6846,6.0362,6.4845,6.8386,7.0076,7.1092,7.0556,6.8531,6.6311,6.265,5.8412,5.5098,5.0392,4.573,4.1085,3.7297,3.2094,2.5971,2.057,1.2298,0.15985,-0.79919,-2.3678,-4.3929,-6.7844,-8.5267,-9.5118,-8.1625,-6.5875,-4.6623,-3.2116,-2.3647,-1.6147,-1.1996,-1.0514,-1.1303,-1.4507,-1.8947,-2.324,-2.8515,-3.1126,-2.9336,-2.3408,-1.1663,0.30561,1.4593,2.9069,4.167,4.9669,5.7918,6.3296,6.5287,6.4459,5.9573,4.98,3.8436,1.5695,-2.0864,-6.5253,-12.965,-5.9508,-1.5573,0.3436,1.7063,2.151,1.9731,1.0154,-0.85099,-3.9478,-7.3706,-10.701,-6.7123,-3.7148,-1.1053,0.43825,1.0914,1.4423,1.3024,0.73989,0.089597,-0.98044,-2.042,-2.4804,-2.4297,-1.7578,-1.094,-0.37202,0.15779,0.40356,0.42214,0.35504,0.21818,0.10891,0.025294,-0.0082158,0.044343,0.24241,0.76635,1.5994,2.343,3.3185,4.1115,4.528,4.7721,4.6206,4.0567,3.3131,1.9203,-0.051284,-1.9822,-5.3052,-9.8683,-15.027,-28.965,-19.958,-14.242,-11.924,-9.8728,-8.0748,-7.0476,-5.9754,-4.989,-4.325
-2.9327,-3.5711,-4.3616,-4.7363,-4.6332,-4.2315,-3.6516,-3.2294,-2.7466,-2.2978,-1.9588,-1.791,-1.6917,-1.7764,-2.0167,-2.5995,-3.5785,-4.6276,-6.389,-8.0131,-7.5776,-5.7942,-2.9564,-0.52533,0.97758,2.6225,3.8715,4.6075,5.3428,5.8423,6.1385,6.2328,6.2213,6.0507,5.8143,5.3601,4.7184,3.8637,3.0818,1.8332,0.34293,-0.9099,-2.7095,-4.4769,-5.442,-6.1047,-5.9252,-5.097,-4.3399,-3.2792,-2.247,-1.4521,-0.3823,0.7541,1.5994,2.7599,3.8548,4.83,5.4535,6.1299,6.6133,6.8283,6.9439,6.8735,6.5944,6.2533,5.6323,4.8307,4.1108,3.0646,2.0308,1.4183,1.0566,1.3114,2.0751,2.78,3.706,4.531,5.0162,5.4986,5.7535,5.8092,5.6839,5.3692,4.8789,4.4099,3.7152,2.9856,2.4464,1.7823,1.1847,0.63717,0.2391,-0.28607,-0.81178,-1.2419,-1.8699,-2.6438,-3.3955,-4.781,-6.7944,-9.8935,-13.119,-15.537,-11.381,-8.3662,-5.5762,-3.7667,-2.9066,-2.2402,-2.0617,-2.3092,-2.7517,-3.7128,-5.1272,-6.5386,-9.061,-12.46,-14.868,-12.621,-8.1121,-4.4932,-2.369,-0.061577,1.6973,2.7411,3.8194,4.5351,4.9218,4.9993,4.7804,4.1831,3.4591,2.1209,0.45687,-0.76158,-1.5202,-0.83079,0.53208,1.4551,2.2598,2.4912,2.2946,1.4958,0.084703,-1.8998,-3.457,-4.462,-3.4377,-2.0545,-0.48502,0.50624,0.86816,0.80908,0.15942,-1.1528,-2.7432,-5.9734,-11.673,-21.256,-14.965,-8.5519,-6.1939,-4.4775,-3.8061,-3.9014,-4.1972,-4.7768,-4.9522,-4.4464,-3.2323,-1.6064,-0.056444,0.98165,2.274,3.402,4.1377,4.9741,5.5947,5.9037,6.0685,5.9423,5.4814,4.9256,3.8479,2.3933,1.0691,-1.0531,-3.3761,-5.0598,-6.7046,-7.1149,-6.511,-5.8829,-5.1806,-4.6652,-4.4585,-4.4347,-4.6601,-5.1201
-6.801,-9.3291,-14.052,-15.267,-11.886,-7.8468,-5.1952,-3.7718,-2.4105,-1.4461,-0.77858,-0.47553,-0.21568,-0.14672,-0.20103,-0.41472,-0.72513,-0.9775,-1.2407,-1.2966,-0.98447,-0.59604,0.24478,1.191,1.8347,2.6515,3.3125,3.6804,4.0226,4.2152,4.2479,4.2426,4.1736,4.0711,4.0085,3.872,3.6806,3.4083,3.1123,2.5874,1.9333,1.3617,0.54985,-0.26103,-0.82911,-1.5139,-2.0849,-2.6089,-2.9722,-3.4715,-4.005,-4.3313,-4.3116,-3.6684,-2.7593,-1.2699,0.21295,1.5033,2.3183,3.1447,3.7049,3.9398,4.0847,3.9678,3.6414,3.2687,2.493,1.3821,0.25795,-1.88,-5.0623,-8.5461,-12.519,-7.9377,-3.5547,-1.2809,0.83106,2.2322,2.9671,3.5281,3.7082,3.6165,3.1946,2.446,1.398,0.42509,-1.0677,-2.6021,-3.6472,-4.6218,-5.1569,-5.5179,-5.741,-6.1775,-6.5815,-6.6982,-6.6437,-6.2415,-5.9392,-5.6858,-5.5709,-5.6188,-5.595,-5.3185,-4.6506,-4.0161,-3.1595,-2.5108,-2.2541,-2.1999,-2.5414,-3.3236,-4.1721,-5.6311,-7.5275,-9.1205,-11.466,-13.773,-14.74,-13.195,-9.8898,-6.6365,-4.5578,-2.3232,-0.53571,0.52745,1.6466,2.4711,3.0771,3.3862,3.6649,3.7699,3.7523,3.6486,3.5109,3.4455,3.4717,3.6494,3.9162,4.1045,4.2873,4.2985,4.1623,3.8308,3.3314,2.7862,2.4203,2.0897,2.0122,2.0691,2.168,2.1582,2.0223,1.6035,0.84766,-0.31317,-1.3973,-3.1738,-4.9994,-5.9253,-6.1832,-5.6951,-5.264,-5.0521,-5.5627,-6.8888,-8.6969,-13.318,-29.142,-17.713,-8.9453,-4.4535,-1.4043,0.35531,2.232,3.7169,4.6243,5.5851,6.2996,6.6641,6.9464,6.9879,6.7895,6.4931,5.8902,5.1016,4.398,3.3684,2.3111,1.5576,0.70637,0.043681,-0.50294,-0.81699,-1.2401,-1.8576,-2.4022,-3.3658,-4.8527,-6.9361
-5.4847,-7.0218,-8.9501,-9.2537,-7.9977,-5.7973,-3.8153,-2.6269,-1.3588,-0.49196,0.11133,0.43486,0.68973,0.79604,0.81027,0.7573,0.65494,0.57841,0.49647,0.51552,0.6166,0.78395,1.0688,1.4457,1.7184,2.0174,2.2036,2.22,2.0647,1.6831,1.1432,0.69918,0.23447,0.14475,0.36251,0.9275,1.5793,2.1263,2.4058,2.5836,2.5407,2.3758,2.0039,1.4999,0.98491,0.21632,-0.69221,-1.8733,-2.9787,-4.9226,-7.7199,-10.887,-17.649,-15.674,-10.46,-6.2159,-3.4486,-1.5999,-0.65462,0.21116,0.65954,0.83376,0.82373,0.64379,0.37415,0.10635,-0.32615,-0.96312,-1.6206,-2.8258,-4.428,-5.6585,-6.3212,-4.9865,-2.7601,-1.2394,0.35934,1.4404,1.9459,2.2447,2.163,1.8372,1.0787,-0.12416,-1.851,-3.5494,-6.6308,-11.152,-15.765,-18.111,-14.311,-12.248,-11.967,-13.031,-15.986,-18.587,-16.011,-11.273,-8.6647,-6.1875,-4.5372,-3.329,-2.6365,-1.8933,-1.3124,-0.9873,-0.70007,-0.63781,-0.75042,-1.1918,-2.0033,-3.2377,-4.4989,-6.6469,-9.336,-11.716,-14.314,-14.532,-12.554,-10.688,-8.2412,-6.043,-4.6516,-3.0911,-1.8863,-1.2185,-0.51155,0.086713,0.65051,1.1174,1.8085,2.5377,3.0742,3.7203,4.2684,4.6259,5.0219,5.3511,5.6007,5.7291,5.8147,5.8051,5.7278,5.5429,5.291,5.0009,4.7781,4.496,4.245,4.048,3.7966,3.5174,3.2564,2.8385,2.3095,1.6621,1.1045,0.34541,-0.40231,-0.92376,-1.5067,-2.0135,-2.4121,-3.0557,-3.8455,-4.8162,-5.6802,-6.7077,-6.9882,-6.3228,-4.6235,-2.4692,-0.35203,1.0758,2.7586,4.1812,5.0803,6.0616,6.8133,7.2389,7.6326,7.8291,7.8574,7.7614,7.5187,7.1419,6.7779,6.2293,5.607,5.1203,4.4525,3.7719,3.0546,2.4686,1.6176,0.63623,-0.23591,-1.6221,-3.3204,-5.4295
-1.6533,-1.8612,-1.9738,-1.8487,-1.6062,-1.085,-0.50326,-0.090973,0.38964,0.73773,0.93527,1.0326,1.0418,0.97341,0.87348,0.71193,0.50855,0.33439,0.098772,-0.11469,-0.258,-0.20957,-0.085188,0.18011,0.48092,0.78193,0.90504,0.8136,0.3085,-0.78702,-2.6192,-4.7337,-8.6331,-10.259,-7.4473,-3.4907,-0.80447,0.94263,1.8415,2.6059,2.9762,3.0506,2.9172,2.5445,2.1441,1.442,0.5228,-0.59741,-1.6083,-3.2044,-5.0813,-6.5479,-7.9941,-7.8937,-6.8368,-5.0743,-3.5569,-2.4857,-1.9638,-1.6614,-1.7674,-2.0986,-2.8648,-3.6572,-4.1859,-4.217,-3.6378,-2.8137,-2.2582,-1.6198,-1.1397,-0.83619,-0.36504,0.24241,0.90452,1.3811,1.9136,2.2216,2.2513,2.0825,1.6274,1.1105,0.19157,-0.99856,-2.4903,-3.8664,-6.0962,-8.7186,-10.553,-11.529,-10.864,-10.086,-9.9904,-10.522,-11.555,-11.952,-10.635,-7.9011,-5.8949,-3.6798,-1.9663,-0.66979,0.076337,0.83544,1.3503,1.6048,1.7348,1.6348,1.3947,0.80293,-0.12018,-1.4196,-2.6985,-4.9256,-7.9907,-10.976,-15.577,-15.025,-10.927,-8.4428,-5.9994,-4.3095,-3.4194,-2.6807,-2.4626,-2.6088,-3.2102,-3.9867,-4.2566,-3.6125,-1.8854,0.12122,1.4868,2.9975,4.169,4.848,5.5368,6.0155,6.3291,6.4772,6.5533,6.5194,6.4421,6.2493,5.9997,5.692,5.4412,5.0935,4.7238,4.4629,4.1365,3.8442,3.6433,3.3713,3.0949,2.8177,2.5579,2.1898,1.776,1.4139,0.86519,0.26463,-0.25283,-1.0367,-1.8587,-2.706,-3.2488,-3.6234,-3.4906,-3.0314,-1.9314,-0.52699,1.0384,2.2008,3.6231,4.8627,5.6578,6.5524,7.2493,7.6673,8.079,8.3578,8.5125,8.5559,8.5286,8.3951,8.2424,7.956,7.5825,7.2495,6.7232,6.1012,5.4082,4.8122,3.8862,2.8632,2.0108,0.72865,-0.62734,-1.9549
0.62669,0.88019,1.1609,1.3907,1.5287,1.6812,1.7562,1.7569,1.6108,1.3866,1.0555,0.7292,0.31328,-0.062556,-0.31026,-0.61638,-0.95149,-1.2953,-1.9308,-2.8422,-3.8065,-4.3928,-4.237,-3.1622,-2.0637,-0.70461,0.22712,0.59438,0.58113,-0.014143,-1.2838,-2.6815,-4.668,-5.1923,-3.9045,-1.484,0.59143,2.0988,2.8783,3.5551,3.8742,3.915,3.7498,3.3603,2.9927,2.3511,1.5843,0.78517,0.14477,-0.71836,-1.4948,-1.9776,-2.4557,-2.6145,-2.5309,-2.3036,-2.0547,-1.8781,-1.8491,-2.1466,-2.8796,-3.9576,-6.2224,-10.328,-19.371,-17.336,-8.911,-4.5867,-2.4676,-0.49484,0.896,1.6848,2.4898,3.0746,3.444,3.5879,3.5707,3.3059,2.9476,2.2334,1.2888,0.5014,-0.56791,-1.483,-2.1831,-2.5897,-3.0024,-3.3191,-3.4763,-3.5532,-3.4983,-3.32,-3.1733,-3.0021,-2.7433,-2.4262,-1.7763,-0.93401,-0.2132,0.75856,1.6859,2.4829,2.9881,3.5258,3.9028,4.0805,4.1642,4.064,3.845,3.3927,2.7346,1.8741,1.1137,-0.035287,-1.1905,-1.9974,-2.7116,-2.8378,-2.4072,-1.9023,-1.2014,-0.64261,-0.39535,-0.45336,-1.0469,-1.9557,-4.1437,-8.4188,-18.164,-13.247,-5.167,-0.94483,1.1465,3.1208,4.4757,5.1905,5.8473,6.232,6.4219,6.4697,6.4423,6.3159,6.1629,5.893,5.519,5.0554,4.6484,4.0574,3.4625,3.0755,2.6573,2.4076,2.3525,2.4078,2.5457,2.6906,2.7979,2.8279,2.74,2.6005,2.2559,1.6947,1.1248,0.14264,-1.182,-2.8763,-4.3515,-6.2415,-6.8031,-5.6962,-3.1215,-0.61949,1.4958,2.8442,4.2983,5.4303,6.0996,6.7827,7.286,7.565,7.8607,8.1117,8.3238,8.4747,8.6202,8.7137,8.7376,8.6814,8.5349,8.3471,7.999,7.5285,6.9129,6.3615,5.5009,4.4745,3.6,2.3443,1.0141,-0.34946
1.2733,1.8063,2.2948,2.5871,2.706,2.6714,2.456,2.1552,1.5476,0.64501,-0.53382,-1.5935,-3.0358,-4.1105,-4.3403,-4.0217,-3.5501,-3.4312,-3.9363,-5.5209,-8.9947,-14.682,-20.006,-8.1245,-4.2776,-1.0248,0.96003,1.9074,2.6666,2.9939,2.9982,2.8896,2.789,2.8726,3.0738,3.5166,3.9967,4.4019,4.5868,4.6616,4.5159,4.2591,3.7432,3.0838,2.4881,1.6594,0.89288,0.1923,-0.24676,-0.7226,-1.1089,-1.3507,-1.6345,-1.8523,-1.9948,-2.0824,-2.043,-1.9163,-1.8678,-1.8849,-2.1735,-2.611,-3.4556,-4.4901,-5.0662,-4.7112,-3.1055,-1.1352,0.25083,1.7953,3.0191,3.7458,4.4636,4.9103,5.1146,5.0813,4.7534,4.0729,3.3233,1.8762,-0.13599,-2.0452,-4.9067,-6.6382,-5.644,-4.0921,-2.2558,-0.90201,-0.14687,0.58159,1.1237,1.5303,1.7885,2.0682,2.3059,2.4929,2.7588,3.0572,3.3044,3.6657,4.0223,4.393,4.6719,5.0189,5.3151,5.469,5.5881,5.5687,5.4645,5.1999,4.7964,4.2806,3.8482,3.2656,2.7502,2.4446,2.1853,2.1205,2.2607,2.4206,2.6849,2.9025,2.9781,2.9178,2.6248,2.2314,1.537,0.85785,0.6089,0.92049,1.8765,3.076,3.9046,4.7779,5.3356,5.5529,5.6049,5.4541,5.1757,4.9315,4.6445,4.411,4.2243,3.9398,3.4906,2.8178,2.1313,0.96366,-0.3817,-1.459,-2.5687,-2.8381,-2.4329,-1.3771,-0.21796,0.78202,1.4271,2.0793,2.4994,2.6651,2.6887,2.4242,2.0256,1.195,-0.12853,-2.1431,-4.2998,-8.5772,-11.38,-7.9402,-3.1003,0.23533,2.5232,3.7526,4.9417,5.6729,5.9687,6.0768,5.964,5.8063,5.666,5.7153,6.0276,6.3748,6.8917,7.3663,7.6336,7.8812,7.987,7.9794,7.8597,7.6095,7.1827,6.7352,5.9778,4.9532,3.9733,2.4136,0.5268,-1.7046
-0.11304,0.55534,1.1214,1.3881,1.4457,1.2725,0.89988,0.46287,-0.33764,-1.6108,-3.4948,-5.5967,-10.283,-22.392,-19.925,-9.9617,-6.074,-4.4618,-3.3272,-2.9936,-3.1084,-3.0882,-2.5536,-1.2874,-0.12239,1.439,2.6976,3.3951,4.0883,4.4953,4.699,4.769,4.8012,4.7847,4.7428,4.6809,4.5778,4.3704,4.1368,3.6649,2.9942,2.34,1.233,-0.083638,-1.2808,-2.9196,-4.3246,-5.1385,-5.2169,-4.922,-4.6003,-4.5413,-4.7594,-5.2897,-5.8664,-6.5179,-6.4923,-5.6496,-4.7919,-3.5448,-2.5582,-1.9469,-1.3387,-0.92434,-0.4862,-0.098916,0.5594,1.3453,1.9414,2.7237,3.4458,3.9256,4.4443,4.7717,4.922,4.8788,4.5727,3.9083,3.1301,1.6488,-0.52155,-2.7234,-6.6671,-9.5108,-6.8209,-4.1117,-1.4361,0.36347,1.3467,2.2809,2.9247,3.3136,3.488,3.608,3.5957,3.5316,3.3631,3.1411,2.9612,2.7657,2.6332,2.6823,2.8406,3.1853,3.6273,3.9371,4.2779,4.4607,4.4732,4.3205,3.9869,3.4951,3.0698,2.5113,2.0406,1.8466,1.776,1.9771,2.3644,2.7341,3.2653,3.7664,4.0655,4.3834,4.5873,4.6677,4.7138,4.7426,4.8234,4.9252,5.089,5.2149,5.2428,5.1216,4.7246,4.2178,3.2169,1.886,0.35108,-0.7123,-1.4999,-1.3964,-1.0144,-0.59802,-0.53422,-1.0505,-1.8613,-3.6536,-6.519,-9.8588,-18.328,-21.522,-13.321,-8.2012,-5.2795,-3.2594,-2.0719,-0.81875,0.095635,0.63471,1.1386,1.4283,1.5219,1.4672,1.1886,0.75642,0.46567,0.21808,0.40222,0.88208,1.9173,3.0471,4.0046,4.5131,4.8961,4.8312,4.4513,3.4572,1.8215,0.17388,-2.1714,-2.9399,-1.2537,0.34932,2.1441,3.3342,3.8976,4.3841,4.6415,4.7759,4.9279,5.047,5.0398,4.9024,4.5017,3.7353,2.8628,1.2504,-1.0615,-4.4027
-2.192,-1.7893,-1.5672,-1.6643,-1.9089,-2.3074,-2.7265,-3.0008,-3.3071,-3.7063,-4.2661,-4.9022,-5.7829,-6.2519,-5.9524,-4.7805,-3.31,-2.2913,-1.1699,-0.29287,0.36764,0.79394,1.3966,2.0038,2.4139,2.9493,3.3927,3.6311,3.8104,3.8295,3.7534,3.6579,3.4443,3.1853,2.9781,2.6587,2.2614,1.7521,1.2898,0.51558,-0.46714,-1.38,-2.8826,-4.9033,-6.9325,-10.825,-17.827,-24.01,-16.248,-11.361,-9.1343,-8.4575,-8.5237,-9.7875,-11.884,-17.777,-28.852,-14.202,-9.7765,-6.3014,-4.0598,-2.8798,-1.8299,-1.1365,-0.65228,-0.36293,-0.1145,0.12697,0.332,0.67503,1.0888,1.4522,1.9818,2.4783,2.8417,3.0139,3.0932,2.9306,2.6337,2.0323,1.2819,0.67504,-0.0029769,-0.31177,-0.14371,0.23296,0.90114,1.5583,1.9654,2.3837,2.6302,2.703,2.6359,2.4135,2.0296,1.6083,0.87544,-0.077044,-0.94893,-2.2977,-3.5682,-4.2049,-3.9204,-2.7255,-1.2788,-0.30212,0.66453,1.241,1.4206,1.2757,0.76526,-0.10025,-0.96904,-2.3451,-3.7187,-4.3434,-4.2479,-3.1689,-1.7136,-0.59221,0.71578,1.806,2.4866,3.2286,3.8103,4.1505,4.5009,4.7394,4.8903,4.9232,4.8714,4.671,4.4015,3.8151,2.8956,1.9099,0.078959,-2.6507,-7.0073,-12.75,-27.42,-11.097,-7.5385,-5.1509,-4.1613,-4.1187,-4.6321,-5.8779,-7.7387,-9.3157,-11.256,-12.149,-11.971,-10.912,-9.4862,-7.9398,-6.8394,-5.4161,-4.1648,-3.4136,-2.4683,-1.6295,-1.0438,-0.35223,0.25865,0.85099,1.2707,1.8199,2.3795,2.8297,3.4191,3.9289,4.2755,4.3881,4.2754,3.7725,3.0741,1.6225,-0.64335,-3.0494,-7.2875,-9.2539,-5.912,-3.6766,-1.8422,-1.0609,-0.99581,-1.3793,-1.8856,-2.0074,-1.4946,-0.41139,0.75707,1.4253,1.8756,1.8715,1.6076,0.81374,-0.48732,-2.1771
-3.2845,-3.4085,-4.0296,-5.1946,-6.468,-8.3367,-9.5802,-9.3137,-7.8431,-6.1148,-4.7892,-3.9895,-3.1311,-2.4153,-1.8603,-1.0803,-0.27629,0.30828,1.0374,1.6656,2.2168,2.537,2.8844,3.1347,3.249,3.2568,3.1153,2.9197,2.493,1.9524,1.3225,0.82288,0.20738,-0.29583,-0.59323,-0.98505,-1.4311,-1.9821,-2.505,-3.3306,-4.2949,-5.0799,-6.1782,-7.4121,-8.4673,-9.9124,-11.145,-11.477,-10.837,-9.4436,-8.3324,-7.7303,-7.4528,-7.7463,-8.2589,-8.8654,-8.7188,-7.5302,-6.294,-4.6983,-3.3579,-2.6774,-2.0836,-1.8131,-1.8891,-2.1406,-2.6862,-3.4115,-3.9095,-4.2768,-4.0152,-3.423,-2.3267,-1.1295,-0.092586,0.53766,1.1604,1.5792,1.7707,1.8702,1.8481,1.7798,1.689,1.6225,1.6313,1.665,1.7138,1.7552,1.745,1.6452,1.4275,1.1148,0.80606,0.26555,-0.4124,-1.0435,-2.0954,-3.524,-4.9816,-7.8716,-12.873,-28.368,-17.862,-9.6003,-5.6445,-3.7828,-2.187,-1.3292,-1.0852,-1.2393,-1.965,-3.295,-4.8165,-7.8328,-13.031,-22.116,-19.125,-10.574,-6.4528,-4.4032,-2.3566,-0.81804,0.12716,1.1337,1.9147,2.3959,2.8959,3.259,3.4765,3.556,3.538,3.3697,3.113,2.5762,1.8014,1.0252,-0.27237,-1.8733,-3.6308,-4.8092,-5.675,-5.5649,-5.0792,-4.4862,-4.2581,-4.4634,-4.9243,-5.9133,-7.3311,-8.7425,-10.918,-13.464,-15.533,-17.737,-16.653,-14.001,-12.377,-10.6,-9.2836,-8.5139,-7.4561,-6.2468,-5.2263,-3.7481,-2.2703,-0.9013,-0.0047912,1.0857,2.0311,2.6408,3.293,3.7861,4.1037,4.2104,4.1233,3.791,3.3735,2.5941,1.6125,0.82631,-0.11518,-0.7487,-1.049,-1.1966,-1.567,-2.4246,-3.5909,-6.3868,-12.06,-25.375,-12.817,-6.0079,-2.5364,-0.89258,0.496,1.2458,1.4694,1.4098,1.0364,0.42851
-3.06,-3.4461,-4.4798,-6.2632,-8.3095,-12.487,-18.111,-15.912,-10.274,-6.7089,-4.376,-3.0848,-1.7685,-0.74092,-0.11443,0.61387,1.2622,1.701,2.2249,2.6637,3.0143,3.2154,3.3524,3.3376,3.2312,2.8892,2.2886,1.6423,0.51304,-0.9467,-2.7297,-4.1824,-5.7504,-6.4019,-6.3301,-5.9689,-5.8139,-6.1216,-6.7112,-7.9294,-9.4183,-10.322,-10.845,-10.39,-9.7077,-8.8017,-8.0042,-7.189,-6.6057,-5.8534,-5.1324,-4.6917,-4.2274,-3.9093,-3.7047,-3.4465,-3.1218,-2.7152,-2.3772,-1.914,-1.6198,-1.5126,-1.5795,-1.9874,-2.8019,-3.7622,-5.5277,-8.223,-11.217,-17.322,-16.833,-12.072,-7.8018,-5.0523,-3.0882,-1.9891,-0.89458,-0.092336,0.36426,0.81447,1.0913,1.2257,1.3106,1.3166,1.2514,1.1596,0.96248,0.67015,0.39205,-0.088778,-0.68251,-1.388,-1.9513,-2.7324,-3.5026,-4.031,-4.67,-5.3264,-5.886,-6.6953,-7.3994,-7.5461,-7.0681,-5.814,-4.3384,-3.3632,-2.3894,-1.8614,-1.7616,-1.9711,-2.6359,-3.7169,-4.772,-6.4304,-8.0436,-8.8831,-9.0323,-8.1031,-6.7499,-5.6782,-4.3131,-3.0813,-2.279,-1.3263,-0.54826,-0.065848,0.45878,0.86895,1.173,1.3534,1.5023,1.5377,1.4781,1.2846,0.93492,0.59055,0.01857,-0.61758,-1.2553,-1.656,-2.0835,-2.3556,-2.4682,-2.6226,-2.8651,-3.3043,-3.7794,-4.7089,-6.072,-7.3675,-9.6693,-12.845,-15.847,-19.636,-18.521,-15.65,-14.325,-13.666,-14.31,-15.239,-16.585,-14.819,-11.975,-8.4502,-5.5735,-3.3116,-1.8996,-0.35133,0.92233,1.7039,2.5535,3.1924,3.6386,3.8429,3.9609,3.9113,3.7782,3.4844,3.1046,2.7805,2.323,1.8764,1.4001,1.0069,0.36512,-0.46857,-1.2585,-2.4776,-3.5596,-3.9126,-3.4251,-2.1349,-0.69884,0.27067,1.3004,1.9897,2.2873,2.4822,2.4823,2.2977
-1.8528,-2.0438,-2.5369,-3.284,-3.8914,-4.6641,-5.0132,-4.8602,-4.1641,-3.1577,-2.1292,-1.4315,-0.66566,-0.014727,0.39103,0.85459,1.2604,1.5477,1.9047,2.2489,2.527,2.703,2.8294,2.7871,2.6042,2.1619,1.4023,0.56378,-0.98411,-3.2516,-6.6124,-10.427,-20.972,-20.211,-13.448,-9.8347,-8.4042,-8.3544,-9.1111,-11.282,-15.552,-22.502,-25.579,-15.045,-11.613,-8.7284,-6.8026,-5.3901,-4.5504,-3.6477,-2.8656,-2.3968,-1.8657,-1.4123,-1.1169,-0.79805,-0.54744,-0.35514,-0.25126,-0.21763,-0.34188,-0.52379,-0.97418,-1.7111,-2.7371,-3.7183,-5.4054,-7.4623,-9.2027,-11.047,-11.168,-10.103,-8.2022,-6.44,-4.9902,-4.0758,-3.0423,-2.2355,-1.7676,-1.2656,-0.89403,-0.69688,-0.55212,-0.52481,-0.64254,-0.81304,-1.1467,-1.6458,-2.1329,-2.9491,-3.9778,-5.2722,-6.4147,-7.9906,-9.2731,-9.6837,-9.3424,-8.355,-7.515,-6.4459,-5.5425,-4.6856,-4.0466,-3.2043,-2.4733,-2.0175,-1.5907,-1.4132,-1.4706,-1.8295,-2.4565,-3.3613,-4.1501,-5.319,-6.4844,-7.3158,-8.1172,-8.5365,-8.4349,-8.0338,-7.2077,-6.2226,-5.5021,-4.6521,-3.9427,-3.5623,-3.1568,-2.8315,-2.4878,-2.218,-1.8229,-1.4452,-1.1892,-0.94849,-0.86563,-0.89519,-1.0515,-1.2956,-1.5635,-1.7547,-1.9388,-2.0196,-2.0637,-2.0793,-2.1072,-2.2492,-2.4699,-2.9656,-3.6659,-4.3418,-5.4496,-6.6876,-7.6222,-8.6767,-9.3623,-9.9465,-10.372,-11.445,-13.247,-15.235,-17.659,-16.168,-13.384,-9.9374,-7.1341,-4.9409,-3.5416,-1.9414,-0.60564,0.24833,1.2004,1.9314,2.4505,2.7205,2.9638,3.0694,3.0772,3.0242,2.9187,2.8137,2.6517,2.4598,2.2386,2.042,1.749,1.4065,1.1456,0.8379,0.61991,0.58545,0.72657,1.0522,1.4875,1.8293,2.2716,2.6428,2.869,3.0738,3.1573,3.1347
-0.35455,-0.37865,-0.51037,-0.71243,-0.8711,-1.0625,-1.1304,-1.0884,-0.93561,-0.72356,-0.5068,-0.372,-0.259,-0.25367,-0.28241,-0.34797,-0.37856,-0.3218,-0.090637,0.30855,0.81309,1.1767,1.5999,1.8621,1.9013,1.7308,1.2816,0.75131,-0.26508,-1.6209,-3.2652,-4.5587,-5.944,-6.4713,-6.3233,-5.8471,-5.5667,-5.6992,-6.0926,-6.9604,-8.015,-8.6294,-8.7093,-7.8764,-6.8988,-5.6251,-4.4845,-3.5428,-2.9227,-2.1864,-1.5678,-1.1269,-0.61379,-0.16559,0.11029,0.41622,0.63513,0.75737,0.76859,0.65121,0.42254,0.12508,-0.43645,-1.1638,-2.0731,-2.8501,-4.0306,-5.2368,-6.1051,-7.0699,-7.6525,-7.8085,-7.73,-7.3601,-6.8168,-6.3449,-5.6892,-5.0634,-4.6295,-4.1389,-3.7291,-3.5195,-3.3425,-3.3207,-3.439,-3.6357,-4.0242,-4.5551,-5.0985,-6.0005,-7.2538,-9.004,-10.868,-14.628,-22.38,-39.168,-17.798,-12.121,-9.4896,-6.9958,-5.1259,-3.7118,-2.8566,-1.9457,-1.2745,-0.93807,-0.70765,-0.72995,-0.91977,-1.4341,-2.212,-3.2756,-4.2693,-5.8262,-7.7059,-9.3188,-11.85,-14.509,-15.766,-14.964,-12.688,-10.575,-9.339,-8.2796,-7.7761,-7.7053,-7.9685,-8.3696,-8.4321,-8.021,-6.9079,-5.5869,-4.7043,-3.8351,-3.3157,-3.176,-3.2424,-3.5399,-3.9242,-4.189,-4.3012,-4.0676,-3.6909,-3.0283,-2.3601,-1.7945,-1.5055,-1.2928,-1.2723,-1.4159,-1.7365,-2.1968,-2.612,-3.2228,-3.9017,-4.6491,-5.2848,-6.1963,-7.1408,-7.8154,-8.5196,-8.7796,-8.6665,-8.1206,-7.2618,-6.1189,-5.1108,-3.6759,-2.3467,-1.4744,-0.51078,0.21356,0.69804,0.9331,1.0948,1.1483,1.1512,1.1572,1.1873,1.2449,1.3639,1.4907,1.6159,1.686,1.7362,1.7384,1.7204,1.6804,1.6328,1.609,1.6271,1.7025,1.8257,1.9304,2.0893,2.2762,2.4318,2.6073,2.7452,2.859
0.88357,0.81089,0.66285,0.51955,0.40952,0.34088,0.31535,0.32268,0.34716,0.31794,0.1847,-0.027346,-0.46956,-1.1957,-1.9349,-3.1444,-4.3994,-5.0493,-4.9235,-3.7244,-2.1199,-1.0268,0.18644,1.0634,1.525,1.8469,1.8994,1.7877,1.48,1.043,0.54338,0.19223,-0.2093,-0.48036,-0.61612,-0.70079,-0.8132,-0.98854,-1.1709,-1.5083,-1.8733,-2.1092,-2.3295,-2.4268,-2.4212,-2.3737,-2.2718,-2.1126,-1.9474,-1.6205,-1.21,-0.84142,-0.31155,0.18306,0.51281,0.87467,1.1245,1.2396,1.2295,1.1106,0.85075,0.53949,0.0089286,-0.66003,-1.5191,-2.299,-3.457,-4.7823,-5.8424,-7.3209,-8.7582,-9.6849,-10.469,-10.683,-10.402,-10.035,-9.486,-8.8596,-8.3247,-7.6463,-7.0723,-6.7358,-6.4694,-6.4549,-6.6417,-6.8996,-7.3543,-7.8008,-8.1045,-8.5199,-9.0229,-9.7168,-10.362,-11.325,-12.004,-11.881,-10.703,-8.8003,-7.2657,-5.3632,-3.6907,-2.2908,-1.4267,-0.52954,0.10481,0.40033,0.54256,0.38663,0.077742,-0.5657,-1.5349,-2.7816,-3.937,-5.7659,-8.0218,-9.9991,-13.348,-17.812,-21.154,-18.752,-14.623,-11.839,-10.535,-9.5365,-9.4971,-10.053,-11.974,-16.138,-27.828,-21.293,-12.855,-8.81,-6.9554,-5.4455,-4.7285,-4.6418,-5.0938,-6.2077,-8.0383,-9.7219,-11.352,-10.098,-7.8776,-5.1361,-2.9867,-1.3694,-0.43433,0.49585,1.0894,1.3672,1.5392,1.5117,1.3799,1.0685,0.59134,-0.009959,-0.58046,-1.4512,-2.4672,-3.3368,-4.6904,-6.3123,-7.7061,-9.7938,-11.355,-10.435,-8.5287,-5.9947,-3.9761,-2.8463,-1.8016,-1.2212,-1.0144,-1.0767,-1.3974,-1.8362,-2.1411,-2.3829,-2.3017,-2.0218,-1.4493,-0.76633,-0.12302,0.29662,0.72572,1.0134,1.1228,1.1447,1.0793,0.97055,0.78683,0.61158,0.49504,0.47679,0.51509,0.61936,0.71592,0.89864,1.1473,1.4409
1.1763,0.82999,0.3454,-0.066209,-0.24693,-0.26213,-0.082351,0.12137,0.38518,0.54384,0.48613,0.24806,-0.41735,-1.5406,-2.8356,-5.4543,-10.031,-17.177,-18.57,-8.7049,-4.3576,-2.2569,-0.32823,0.94987,1.6227,2.2086,2.5244,2.6278,2.6778,2.6765,2.6863,2.7165,2.7846,2.8926,2.9881,3.0784,3.1258,3.0831,2.9721,2.7288,2.3744,2.0305,1.4714,0.78749,0.15478,-0.77929,-1.8156,-2.7783,-3.2983,-3.4753,-2.9467,-2.3098,-1.3357,-0.44824,0.1065,0.65226,0.98073,1.1115,1.1078,0.99214,0.71524,0.4643,0.033454,-0.56161,-1.3228,-2.0428,-3.2581,-4.8812,-6.4107,-9.0531,-12.699,-16.225,-20.398,-18.934,-16.407,-15.371,-14.756,-14.347,-13.778,-12.397,-10.912,-9.9744,-9.3039,-9.2773,-9.9871,-10.889,-12.362,-13.36,-13.106,-11.992,-10.738,-9.8408,-9.3869,-8.9854,-8.5507,-8.108,-7.2231,-5.9924,-4.8986,-3.3505,-1.8907,-0.5578,0.29258,1.2016,1.811,2.0768,2.1609,1.9283,1.5444,0.74664,-0.37276,-1.7917,-3.0333,-4.9009,-6.8788,-8.3316,-9.8984,-10.841,-10.96,-10.547,-9.5506,-8.4596,-7.7399,-7.0975,-6.8962,-7.1095,-7.7828,-8.6682,-9.0685,-8.6269,-7.2159,-5.6216,-4.6747,-3.7993,-3.4757,-3.5825,-4.2632,-5.643,-7.9229,-10.318,-13.255,-11.07,-7.8326,-4.2809,-1.6669,0.32973,1.5106,2.738,3.6417,4.1551,4.6088,4.8432,4.8876,4.779,4.4956,4.0258,3.5665,2.7617,1.7267,0.75591,-0.82009,-2.9239,-5.0219,-8.8804,-13.266,-11.666,-8.4118,-5.195,-3.1639,-2.1915,-1.5356,-1.4988,-2.0273,-2.8048,-4.3103,-6.4029,-8.2565,-10.361,-10.138,-8.5527,-6.1457,-4.074,-2.4864,-1.5687,-0.69469,-0.18729,-0.033683,-0.10634,-0.46839,-0.8906,-1.6103,-2.3697,-2.9599,-3.1655,-3.1219,-2.899,-2.722,-2.4781,-2.2191,-1.8473
0.26486,-0.70169,-2.3187,-4.0686,-4.879,-4.6212,-3.1291,-1.8949,-0.55576,0.35236,0.81701,0.89575,0.63639,0.019801,-0.65917,-1.7903,-2.947,-3.5387,-3.4793,-2.5439,-1.1922,-0.1803,0.89162,1.6744,2.0416,2.3069,2.3507,2.2981,2.2071,2.2465,2.5313,2.9019,3.564,4.2766,4.7846,5.336,5.7342,5.9402,5.9577,5.8097,5.4342,4.9924,4.1581,3,1.867,-0.11507,-2.8697,-6.9559,-11.402,-14.385,-8.7917,-5.7298,-3.1453,-1.514,-0.72771,-0.093786,0.17095,0.16267,0.025321,-0.3029,-0.65239,-0.86702,-1.114,-1.3387,-1.6026,-1.9119,-2.6166,-3.7532,-4.9478,-7.1371,-10.102,-12.714,-15.474,-15.83,-15.358,-15.842,-18.431,-27.073,-30.84,-17.452,-12.724,-10.822,-9.5205,-9.4067,-10.516,-12.354,-16.947,-25.482,-20.472,-14.105,-10.906,-9.284,-8.7477,-8.5913,-8.8194,-8.9337,-8.4207,-6.8057,-5.1592,-2.8845,-0.81498,0.873,1.8851,2.9118,3.5801,3.8431,3.8972,3.6187,3.1823,2.2686,0.99678,-0.72653,-2.3279,-4.9414,-8.0972,-10.652,-12.98,-12.046,-9.7794,-8.1731,-6.4084,-5.0136,-4.1652,-3.3441,-2.7657,-2.5082,-2.2866,-2.1429,-1.9495,-1.7191,-1.3445,-0.96243,-0.73425,-0.55954,-0.61186,-0.81414,-1.2753,-1.8932,-2.5124,-2.8496,-2.8872,-2.3093,-1.4687,-0.063463,1.4567,2.9164,3.9081,5.0645,6.0116,6.577,7.1489,7.5203,7.671,7.715,7.5967,7.3057,6.9875,6.4234,5.6832,5.0314,4.0136,2.8655,1.9614,0.88007,0.1166,-0.082919,0.063183,0.42178,0.72696,0.76765,0.4946,-0.21791,-1.4704,-2.7983,-5.1678,-8.4301,-11.624,-16.605,-16.208,-12.761,-8.9594,-6.1618,-4.0296,-2.8306,-1.7101,-1.1238,-1.0106,-1.3062,-2.2129,-3.3058,-5.4277,-8.4079,-11.532,-12.159,-10.14,-8.1103,-7.2466,-7.1441,-8.1514,-9.5246
-0.12958,-1.4182,-4.1779,-9.0944,-15.2,-11.78,-5.6636,-3.028,-0.71867,0.63935,1.3961,1.6656,1.7515,1.5499,1.3021,0.92359,0.60824,0.48094,0.50363,0.77269,1.1737,1.5095,1.906,2.1182,2.0662,1.6787,0.84486,-0.089112,-1.6558,-2.8427,-2.1969,-0.58731,1.8168,3.863,5.0738,6.3345,7.1926,7.717,7.9157,7.9164,7.6291,7.2276,6.428,5.2918,4.2114,2.405,0.15158,-2.4715,-4.2806,-5.3934,-4.5076,-3.4649,-2.2419,-1.424,-1.0781,-0.96007,-1.1882,-1.7764,-2.4783,-3.7312,-4.9751,-5.6079,-5.3658,-4.1226,-2.8394,-2.1203,-1.5731,-1.4929,-1.7569,-2.406,-3.314,-4.0863,-5.0439,-5.9799,-6.8465,-7.5352,-8.5287,-9.0896,-9.0058,-8.0564,-6.7838,-5.9959,-5.3024,-5.1543,-5.4271,-5.9097,-6.5855,-6.9953,-6.8447,-6.3487,-5.8597,-5.7031,-6.0088,-7.2147,-9.9846,-14.3,-33.933,-11.481,-6.4858,-2.3128,0.47043,2.4487,3.5467,4.5809,5.2085,5.4369,5.4442,5.1274,4.6782,3.8174,2.5964,0.96747,-0.55163,-3.1131,-6.4642,-9.6962,-12.938,-10.709,-7.2241,-5.2409,-3.2621,-1.792,-0.97096,-0.10889,0.49971,0.87255,1.241,1.5218,1.7336,1.8586,1.9838,2.0257,2.0128,1.8502,1.5455,1.2031,0.63742,0.011362,-0.55877,-0.8445,-0.88513,-0.39228,0.28248,1.4979,2.916,4.3016,5.277,6.4337,7.399,7.9754,8.5857,9.0109,9.218,9.36,9.3558,9.2367,9.0625,8.7525,8.3548,8.013,7.4892,6.9449,6.5446,6.0385,5.6093,5.2541,5.0285,4.7129,4.3007,3.8623,3.0706,1.9585,0.46374,-0.92222,-3.2235,-5.9397,-8.1426,-10.806,-12.049,-11.43,-9.1104,-6.4926,-4.2805,-3.0328,-1.8233,-1.1875,-1.0722,-1.4043,-2.3068,-3.4132,-5.5609,-8.6132,-11.909,-12.431,-10.11,-8.0231,-7.2062,-7.2953,-8.7795,-11.331
